NAME	TITLE	SCORE	
S100A4	S100 calcium binding protein A4 [Source:HGNC Symbol;Acc:HGNC:10494]	3.641636	
IL17A	interleukin 17A [Source:HGNC Symbol;Acc:HGNC:5981]	3.62064	
ST6GALNAC3	ST6 N-acetylgalactosaminide alpha-2,6-sialyltransferase 3 [Source:HGNC Symbol;Acc:HGNC:19343]	3.445006	
IL18R1	interleukin 18 receptor 1 [Source:HGNC Symbol;Acc:HGNC:5988]	3.340357	
FURIN	furin, paired basic amino acid cleaving enzyme [Source:HGNC Symbol;Acc:HGNC:8568]	3.1349976	
RABGAP1L	RAB GTPase activating protein 1 like [Source:HGNC Symbol;Acc:HGNC:24663]	3.0270636	
RORA	RAR related orphan receptor A [Source:HGNC Symbol;Acc:HGNC:10258]	3.0218081	
NT5E	5'-nucleotidase ecto [Source:HGNC Symbol;Acc:HGNC:8021]	2.974811	
CTLA4	cytotoxic T-lymphocyte associated protein 4 [Source:HGNC Symbol;Acc:HGNC:2505]	2.9043787	
MAF	MAF bZIP transcription factor [Source:HGNC Symbol;Acc:HGNC:6776]	2.8664944	
IGFBP7	insulin like growth factor binding protein 7 [Source:HGNC Symbol;Acc:HGNC:5476]	2.8383093	
RGS1	regulator of G protein signaling 1 [Source:HGNC Symbol;Acc:HGNC:9991]	2.821152	
BHLHE40	basic helix-loop-helix family member e40 [Source:HGNC Symbol;Acc:HGNC:1046]	2.7565107	
RBPJ	recombination signal binding protein for immunoglobulin kappa J region [Source:HGNC Symbol;Acc:HGNC:5724]	2.744968	
NRGN	neurogranin [Source:HGNC Symbol;Acc:HGNC:8000]	2.6459887	
LGALS7	galectin 7 [Source:HGNC Symbol;Acc:HGNC:6568]	2.631326	
ATXN1	ataxin 1 [Source:HGNC Symbol;Acc:HGNC:10548]	2.6204102	
LGALS1	galectin 1 [Source:HGNC Symbol;Acc:HGNC:6561]	2.5503957	
ARHGAP31	Rho GTPase activating protein 31 [Source:HGNC Symbol;Acc:HGNC:29216]	2.4740775	
DENND4A	DENN domain containing 4A [Source:HGNC Symbol;Acc:HGNC:24321]	2.4234173	
NR4A3	nuclear receptor subfamily 4 group A member 3 [Source:HGNC Symbol;Acc:HGNC:7982]	2.4119608	
S100A11	S100 calcium binding protein A11 [Source:HGNC Symbol;Acc:HGNC:10488]	2.3028622	
CXCR6	C-X-C motif chemokine receptor 6 [Source:HGNC Symbol;Acc:HGNC:16647]	2.2863445	
CREM	cAMP responsive element modulator [Source:HGNC Symbol;Acc:HGNC:2352]	2.2729156	
TMEM163	transmembrane protein 163 [Source:HGNC Symbol;Acc:HGNC:25380]	2.2659311	
KDM2B	lysine demethylase 2B [Source:HGNC Symbol;Acc:HGNC:13610]	2.2635567	
GADD45B	growth arrest and DNA damage inducible beta [Source:HGNC Symbol;Acc:HGNC:4096]	2.2325406	
LGALS3	galectin 3 [Source:HGNC Symbol;Acc:HGNC:6563]	2.2295322	
UBASH3B	ubiquitin associated and SH3 domain containing B [Source:HGNC Symbol;Acc:HGNC:29884]	2.2266376	
TRPS1	transcriptional repressor GATA binding 1 [Source:HGNC Symbol;Acc:HGNC:12340]	2.2095318	
ELL2	elongation factor for RNA polymerase II 2 [Source:HGNC Symbol;Acc:HGNC:17064]	2.1941738	
TNFSF11	TNF superfamily member 11 [Source:HGNC Symbol;Acc:HGNC:11926]	2.1906593	
JUNB	JunB proto-oncogene, AP-1 transcription factor subunit [Source:HGNC Symbol;Acc:HGNC:6205]	2.173069	
ICOS	inducible T cell costimulator [Source:HGNC Symbol;Acc:HGNC:5351]	2.1537566	
CAPG	capping actin protein, gelsolin like [Source:HGNC Symbol;Acc:HGNC:1474]	2.13939	
IL2RB	interleukin 2 receptor subunit beta [Source:HGNC Symbol;Acc:HGNC:6009]	2.1354938	
SLC22A15	solute carrier family 22 member 15 [Source:HGNC Symbol;Acc:HGNC:20301]	2.1312418	
PLAC8	placenta associated 8 [Source:HGNC Symbol;Acc:HGNC:19254]	2.1165946	
RGS2	regulator of G protein signaling 2 [Source:HGNC Symbol;Acc:HGNC:9998]	2.1042204	
ITGAV	integrin subunit alpha V [Source:HGNC Symbol;Acc:HGNC:6150]	2.100325	
NFKB1	nuclear factor kappa B subunit 1 [Source:HGNC Symbol;Acc:HGNC:7794]	2.0949779	
S100A10	S100 calcium binding protein A10 [Source:HGNC Symbol;Acc:HGNC:10487]	2.094358	
LITAF	lipopolysaccharide induced TNF factor [Source:HGNC Symbol;Acc:HGNC:16841]	2.0917733	
EMB	embigin [Source:HGNC Symbol;Acc:HGNC:30465]	2.063015	
NR4A2	nuclear receptor subfamily 4 group A member 2 [Source:HGNC Symbol;Acc:HGNC:7981]	2.0622325	
ATP2B4	ATPase plasma membrane Ca2+ transporting 4 [Source:HGNC Symbol;Acc:HGNC:817]	2.0609798	
AHNAK	AHNAK nucleoprotein [Source:HGNC Symbol;Acc:HGNC:347]	2.0534363	
BCL2A1	BCL2 related protein A1 [Source:HGNC Symbol;Acc:HGNC:991]	2.045159	
NKG7	natural killer cell granule protein 7 [Source:HGNC Symbol;Acc:HGNC:7830]	1.9415362	
SRGN	serglycin [Source:HGNC Symbol;Acc:HGNC:9361]	1.9385678	
RAMP1	receptor activity modifying protein 1 [Source:HGNC Symbol;Acc:HGNC:9843]	1.9166971	
IFNGR1	interferon gamma receptor 1 [Source:HGNC Symbol;Acc:HGNC:5439]	1.900663	
SLA	Src like adaptor [Source:HGNC Symbol;Acc:HGNC:10902]	1.8787255	
CCL5	C-C motif chemokine ligand 5 [Source:HGNC Symbol;Acc:HGNC:10632]	1.8560406	
MAPKAPK3	MAPK activated protein kinase 3 [Source:HGNC Symbol;Acc:HGNC:6888]	1.8447081	
DUSP5	dual specificity phosphatase 5 [Source:HGNC Symbol;Acc:HGNC:3071]	1.8431344	
C21orf91	chromosome 21 open reading frame 91 [Source:HGNC Symbol;Acc:HGNC:16459]	1.8407983	
PDCD1	programmed cell death 1 [Source:HGNC Symbol;Acc:HGNC:8760]	1.8216593	
MALT1	MALT1 paracaspase [Source:HGNC Symbol;Acc:HGNC:6819]	1.8198931	
UHRF2	ubiquitin like with PHD and ring finger domains 2 [Source:HGNC Symbol;Acc:HGNC:12557]	1.8135911	
IFRD1	interferon related developmental regulator 1 [Source:HGNC Symbol;Acc:HGNC:5456]	1.8067122	
STX11	syntaxin 11 [Source:HGNC Symbol;Acc:HGNC:11429]	1.8043282	
HIF1A	hypoxia inducible factor 1 subunit alpha [Source:HGNC Symbol;Acc:HGNC:4910]	1.801066	
SERPINB1	serpin family B member 1 [Source:HGNC Symbol;Acc:HGNC:3311]	1.7984669	
MXI1	MAX interactor 1, dimerization protein [Source:HGNC Symbol;Acc:HGNC:7534]	1.770825	
GDI2	GDP dissociation inhibitor 2 [Source:HGNC Symbol;Acc:HGNC:4227]	1.7603502	
OSBPL3	oxysterol binding protein like 3 [Source:HGNC Symbol;Acc:HGNC:16370]	1.7600057	
PTPN22	protein tyrosine phosphatase non-receptor type 22 [Source:HGNC Symbol;Acc:HGNC:9652]	1.7559576	
DGAT1	diacylglycerol O-acyltransferase 1 [Source:HGNC Symbol;Acc:HGNC:2843]	1.7520851	
FARP1	FERM, ARH/RhoGEF and pleckstrin domain protein 1 [Source:HGNC Symbol;Acc:HGNC:3591]	1.7306134	
NDFIP1	Nedd4 family interacting protein 1 [Source:HGNC Symbol;Acc:HGNC:17592]	1.7261543	
TNFAIP3	TNF alpha induced protein 3 [Source:HGNC Symbol;Acc:HGNC:11896]	1.7184962	
ECE1	endothelin converting enzyme 1 [Source:HGNC Symbol;Acc:HGNC:3146]	1.7137424	
NEURL3	neuralized E3 ubiquitin protein ligase 3 [Source:HGNC Symbol;Acc:HGNC:25162]	1.705188	
TNFRSF1B	TNF receptor superfamily member 1B [Source:HGNC Symbol;Acc:HGNC:11917]	1.6977823	
CTSW	cathepsin W [Source:HGNC Symbol;Acc:HGNC:2546]	1.6963077	
PRR13	proline rich 13 [Source:HGNC Symbol;Acc:HGNC:24528]	1.6750602	
IL7R	interleukin 7 receptor [Source:HGNC Symbol;Acc:HGNC:6024]	1.6724968	
FOSL2	FOS like 2, AP-1 transcription factor subunit [Source:HGNC Symbol;Acc:HGNC:3798]	1.6548625	
IL1R1	interleukin 1 receptor type 1 [Source:HGNC Symbol;Acc:HGNC:5993]	1.6532326	
LAMC1	laminin subunit gamma 1 [Source:HGNC Symbol;Acc:HGNC:6492]	1.6270444	
ADAM12	ADAM metallopeptidase domain 12 [Source:HGNC Symbol;Acc:HGNC:190]	1.6188169	
HIP1	huntingtin interacting protein 1 [Source:HGNC Symbol;Acc:HGNC:4913]	1.6141821	
ODC1	ornithine decarboxylase 1 [Source:HGNC Symbol;Acc:HGNC:8109]	1.613854	
GEM	GTP binding protein overexpressed in skeletal muscle [Source:HGNC Symbol;Acc:HGNC:4234]	1.6122755	
RAB8B	RAB8B, member RAS oncogene family [Source:HGNC Symbol;Acc:HGNC:30273]	1.6092879	
IRAK2	interleukin 1 receptor associated kinase 2 [Source:HGNC Symbol;Acc:HGNC:6113]	1.5893711	
LAG3	lymphocyte activating 3 [Source:HGNC Symbol;Acc:HGNC:6476]	1.5871909	
PTPRJ	protein tyrosine phosphatase receptor type J [Source:HGNC Symbol;Acc:HGNC:9673]	1.5767051	
OSTF1	osteoclast stimulating factor 1 [Source:HGNC Symbol;Acc:HGNC:8510]	1.570092	
LPXN	leupaxin [Source:HGNC Symbol;Acc:HGNC:14061]	1.5627043	
VIM	vimentin [Source:HGNC Symbol;Acc:HGNC:12692]	1.5539697	
GNG2	G protein subunit gamma 2 [Source:HGNC Symbol;Acc:HGNC:4404]	1.5494351	
TRGC1	T cell receptor gamma constant 1 [Source:HGNC Symbol;Acc:HGNC:12275]	1.5321379	
NIBAN1	niban apoptosis regulator 1 [Source:HGNC Symbol;Acc:HGNC:16784]	1.5188221	
CKB	creatine kinase B [Source:HGNC Symbol;Acc:HGNC:1991]	1.5176164	
PTMS	parathymosin [Source:HGNC Symbol;Acc:HGNC:9629]	1.5120419	
PHACTR2	phosphatase and actin regulator 2 [Source:HGNC Symbol;Acc:HGNC:20956]	1.5087625	
CPD	carboxypeptidase D [Source:HGNC Symbol;Acc:HGNC:2301]	1.4956739	
IFITM3	interferon induced transmembrane protein 3 [Source:HGNC Symbol;Acc:HGNC:5414]	1.4908192	
RAB43	RAB43, member RAS oncogene family [Source:HGNC Symbol;Acc:HGNC:19983]	1.4888895	
NFKBIA	NFKB inhibitor alpha [Source:HGNC Symbol;Acc:HGNC:7797]	1.4823512	
CBLB	Cbl proto-oncogene B [Source:HGNC Symbol;Acc:HGNC:1542]	1.4768801	
TFF1	trefoil factor 1 [Source:HGNC Symbol;Acc:HGNC:11755]	1.4746716	
ABLIM3	actin binding LIM protein family member 3 [Source:HGNC Symbol;Acc:HGNC:29132]	1.4569287	
IL18RAP	interleukin 18 receptor accessory protein [Source:HGNC Symbol;Acc:HGNC:5989]	1.4516138	
MYO1E	myosin IE [Source:HGNC Symbol;Acc:HGNC:7599]	1.4247283	
ACTG1	actin gamma 1 [Source:HGNC Symbol;Acc:HGNC:144]	1.4241377	
TGFB1	transforming growth factor beta 1 [Source:HGNC Symbol;Acc:HGNC:11766]	1.4182816	
CCN4	cellular communication network factor 4 [Source:HGNC Symbol;Acc:HGNC:12769]	1.4151577	
TEX2	testis expressed 2 [Source:HGNC Symbol;Acc:HGNC:30884]	1.405251	
SAMSN1	SAM domain, SH3 domain and nuclear localization signals 1 [Source:HGNC Symbol;Acc:HGNC:10528]	1.403854	
EEA1	early endosome antigen 1 [Source:HGNC Symbol;Acc:HGNC:3185]	1.4028871	
UBL3	ubiquitin like 3 [Source:HGNC Symbol;Acc:HGNC:12504]	1.388726	
LMNB1	lamin B1 [Source:HGNC Symbol;Acc:HGNC:6637]	1.3883667	
RGS10	regulator of G protein signaling 10 [Source:HGNC Symbol;Acc:HGNC:9992]	1.3859273	
CD82	CD82 molecule [Source:HGNC Symbol;Acc:HGNC:6210]	1.3822407	
RUNX2	RUNX family transcription factor 2 [Source:HGNC Symbol;Acc:HGNC:10472]	1.3756078	
CD44	CD44 molecule (Indian blood group) [Source:HGNC Symbol;Acc:HGNC:1681]	1.3722419	
IKZF3	IKAROS family zinc finger 3 [Source:HGNC Symbol;Acc:HGNC:13178]	1.3676196	
CTSB	cathepsin B [Source:HGNC Symbol;Acc:HGNC:2527]	1.3637078	
UCP2	uncoupling protein 2 [Source:HGNC Symbol;Acc:HGNC:12518]	1.3635602	
CMTM7	CKLF like MARVEL transmembrane domain containing 7 [Source:HGNC Symbol;Acc:HGNC:19178]	1.3569944	
KRT83	keratin 83 [Source:HGNC Symbol;Acc:HGNC:6460]	1.3565329	
UBA52	ubiquitin A-52 residue ribosomal protein fusion product 1 [Source:HGNC Symbol;Acc:HGNC:12458]	1.3558937	
FNBP1	formin binding protein 1 [Source:HGNC Symbol;Acc:HGNC:17069]	1.3425648	
SLC35D1	solute carrier family 35 member D1 [Source:HGNC Symbol;Acc:HGNC:20800]	1.3317219	
DUSP16	dual specificity phosphatase 16 [Source:HGNC Symbol;Acc:HGNC:17909]	1.3275695	
AOPEP	aminopeptidase O (putative) [Source:HGNC Symbol;Acc:HGNC:1361]	1.3233097	
ANXA2	annexin A2 [Source:HGNC Symbol;Acc:HGNC:537]	1.3161268	
ADAMTS6	ADAM metallopeptidase with thrombospondin type 1 motif 6 [Source:HGNC Symbol;Acc:HGNC:222]	1.3156968	
MYO1F	myosin IF [Source:HGNC Symbol;Acc:HGNC:7600]	1.3120588	
CHST11	carbohydrate sulfotransferase 11 [Source:HGNC Symbol;Acc:HGNC:17422]	1.3073683	
FAM117B	family with sequence similarity 117 member B [Source:HGNC Symbol;Acc:HGNC:14440]	1.305453	
PLEK	pleckstrin [Source:HGNC Symbol;Acc:HGNC:9070]	1.2970327	
CCR6	C-C motif chemokine receptor 6 [Source:HGNC Symbol;Acc:HGNC:1607]	1.2909914	
TIMP2	TIMP metallopeptidase inhibitor 2 [Source:HGNC Symbol;Acc:HGNC:11821]	1.290376	
CYSLTR2	cysteinyl leukotriene receptor 2 [Source:HGNC Symbol;Acc:HGNC:18274]	1.2877024	
YBX3	Y-box binding protein 3 [Source:HGNC Symbol;Acc:HGNC:2428]	1.2818586	
TOX2	TOX high mobility group box family member 2 [Source:HGNC Symbol;Acc:HGNC:16095]	1.2816993	
IFITM1	interferon induced transmembrane protein 1 [Source:HGNC Symbol;Acc:HGNC:5412]	1.2805924	
PPP1R16B	protein phosphatase 1 regulatory subunit 16B [Source:HGNC Symbol;Acc:HGNC:15850]	1.2784269	
ARF4	ADP ribosylation factor 4 [Source:HGNC Symbol;Acc:HGNC:655]	1.2743264	
REEP5	receptor accessory protein 5 [Source:HGNC Symbol;Acc:HGNC:30077]	1.2593731	
SPTY2D1	SPT2 chromatin protein domain containing 1 [Source:HGNC Symbol;Acc:HGNC:26818]	1.2568367	
GALNT2	polypeptide N-acetylgalactosaminyltransferase 2 [Source:HGNC Symbol;Acc:HGNC:4124]	1.2548469	
MPP7	MAGUK p55 scaffold protein 7 [Source:HGNC Symbol;Acc:HGNC:26542]	1.247752	
RNF125	ring finger protein 125 [Source:HGNC Symbol;Acc:HGNC:21150]	1.2442194	
MDFIC	MyoD family inhibitor domain containing [Source:HGNC Symbol;Acc:HGNC:28870]	1.2433629	
C15orf48	chromosome 15 open reading frame 48 [Source:HGNC Symbol;Acc:HGNC:29898]	1.2426591	
DUSP4	dual specificity phosphatase 4 [Source:HGNC Symbol;Acc:HGNC:3070]	1.2403486	
RILPL2	Rab interacting lysosomal protein like 2 [Source:HGNC Symbol;Acc:HGNC:28787]	1.2353911	
LSP1	lymphocyte specific protein 1 [Source:HGNC Symbol;Acc:HGNC:6707]	1.2313511	
GPR183	G protein-coupled receptor 183 [Source:HGNC Symbol;Acc:HGNC:3128]	1.2296902	
SKIL	SKI like proto-oncogene [Source:HGNC Symbol;Acc:HGNC:10897]	1.229102	
GNA13	G protein subunit alpha 13 [Source:HGNC Symbol;Acc:HGNC:4381]	1.2270986	
RBM3	RNA binding motif protein 3 [Source:HGNC Symbol;Acc:HGNC:9900]	1.2216552	
PRELID2	PRELI domain containing 2 [Source:HGNC Symbol;Acc:HGNC:28306]	1.2197862	
COX7C	cytochrome c oxidase subunit 7C [Source:HGNC Symbol;Acc:HGNC:2292]	1.217968	
MED14	mediator complex subunit 14 [Source:HGNC Symbol;Acc:HGNC:2370]	1.2147236	
HCST	hematopoietic cell signal transducer [Source:HGNC Symbol;Acc:HGNC:16977]	1.2097846	
IMPA2	inositol monophosphatase 2 [Source:HGNC Symbol;Acc:HGNC:6051]	1.2079138	
CERK	ceramide kinase [Source:HGNC Symbol;Acc:HGNC:19256]	1.2064211	
REL	REL proto-oncogene, NF-kB subunit [Source:HGNC Symbol;Acc:HGNC:9954]	1.2044566	
PKP3	plakophilin 3 [Source:HGNC Symbol;Acc:HGNC:9025]	1.1948098	
LRRC8D	leucine rich repeat containing 8 VRAC subunit D [Source:HGNC Symbol;Acc:HGNC:16992]	1.1947228	
PODNL1	podocan like 1 [Source:HGNC Symbol;Acc:HGNC:26275]	1.1940984	
CHSY1	chondroitin sulfate synthase 1 [Source:HGNC Symbol;Acc:HGNC:17198]	1.1917071	
TPM4	tropomyosin 4 [Source:HGNC Symbol;Acc:HGNC:12013]	1.1810313	
PLOD2	procollagen-lysine,2-oxoglutarate 5-dioxygenase 2 [Source:HGNC Symbol;Acc:HGNC:9082]	1.1807518	
AEBP2	AE binding protein 2 [Source:HGNC Symbol;Acc:HGNC:24051]	1.1656389	
SMPDL3A	sphingomyelin phosphodiesterase acid like 3A [Source:HGNC Symbol;Acc:HGNC:17389]	1.1651157	
BAZ1A	bromodomain adjacent to zinc finger domain 1A [Source:HGNC Symbol;Acc:HGNC:960]	1.1601645	
S100A13	S100 calcium binding protein A13 [Source:HGNC Symbol;Acc:HGNC:10490]	1.159079	
FOSB	FosB proto-oncogene, AP-1 transcription factor subunit [Source:HGNC Symbol;Acc:HGNC:3797]	1.1560498	
OAZ1	ornithine decarboxylase antizyme 1 [Source:HGNC Symbol;Acc:HGNC:8095]	1.1524701	
TRGV11	T cell receptor gamma variable 11 (non-functional) [Source:HGNC Symbol;Acc:HGNC:12286]	1.1454512	
ID2	inhibitor of DNA binding 2 [Source:HGNC Symbol;Acc:HGNC:5361]	1.1413575	
IFITM2	interferon induced transmembrane protein 2 [Source:HGNC Symbol;Acc:HGNC:5413]	1.1394342	
CREB3L2	cAMP responsive element binding protein 3 like 2 [Source:HGNC Symbol;Acc:HGNC:23720]	1.1391562	
ST3GAL3	ST3 beta-galactoside alpha-2,3-sialyltransferase 3 [Source:HGNC Symbol;Acc:HGNC:10866]	1.1367507	
LIG1	DNA ligase 1 [Source:HGNC Symbol;Acc:HGNC:6598]	1.133158	
NMRK1	nicotinamide riboside kinase 1 [Source:HGNC Symbol;Acc:HGNC:26057]	1.1328733	
LTB4R	leukotriene B4 receptor [Source:HGNC Symbol;Acc:HGNC:6713]	1.1293799	
VAX2	ventral anterior homeobox 2 [Source:HGNC Symbol;Acc:HGNC:12661]	1.126876	
PHLDA1	pleckstrin homology like domain family A member 1 [Source:HGNC Symbol;Acc:HGNC:8933]	1.1245158	
COQ10B	coenzyme Q10B [Source:HGNC Symbol;Acc:HGNC:25819]	1.1203499	
MIER1	MIER1 transcriptional regulator [Source:HGNC Symbol;Acc:HGNC:29657]	1.1182785	
PMEPA1	prostate transmembrane protein, androgen induced 1 [Source:HGNC Symbol;Acc:HGNC:14107]	1.1151005	
BCL2L1	BCL2 like 1 [Source:HGNC Symbol;Acc:HGNC:992]	1.0988538	
CRIP1	cysteine rich protein 1 [Source:HGNC Symbol;Acc:HGNC:2360]	1.0985895	
NEBL	nebulette [Source:HGNC Symbol;Acc:HGNC:16932]	1.0889531	
ARL6IP1	ADP ribosylation factor like GTPase 6 interacting protein 1 [Source:HGNC Symbol;Acc:HGNC:697]	1.0879383	
THY1	Thy-1 cell surface antigen [Source:HGNC Symbol;Acc:HGNC:11801]	1.0853779	
TBC1D4	TBC1 domain family member 4 [Source:HGNC Symbol;Acc:HGNC:19165]	1.0829104	
RAF1	Raf-1 proto-oncogene, serine/threonine kinase [Source:HGNC Symbol;Acc:HGNC:9829]	1.0825142	
ARPC3	actin related protein 2/3 complex subunit 3 [Source:HGNC Symbol;Acc:HGNC:706]	1.0824729	
HILPDA	hypoxia inducible lipid droplet associated [Source:HGNC Symbol;Acc:HGNC:28859]	1.0810714	
SLC3A2	solute carrier family 3 member 2 [Source:HGNC Symbol;Acc:HGNC:11026]	1.0761273	
SLC16A6	solute carrier family 16 member 6 [Source:HGNC Symbol;Acc:HGNC:10927]	1.0741286	
CISH	cytokine inducible SH2 containing protein [Source:HGNC Symbol;Acc:HGNC:1984]	1.0681903	
TTC39C	tetratricopeptide repeat domain 39C [Source:HGNC Symbol;Acc:HGNC:26595]	1.0675117	
HIVEP1	HIVEP zinc finger 1 [Source:HGNC Symbol;Acc:HGNC:4920]	1.0651195	
RNH1	ribonuclease/angiogenin inhibitor 1 [Source:HGNC Symbol;Acc:HGNC:10074]	1.0619754	
EHD1	EH domain containing 1 [Source:HGNC Symbol;Acc:HGNC:3242]	1.0611426	
DUSP1	dual specificity phosphatase 1 [Source:HGNC Symbol;Acc:HGNC:3064]	1.0565245	
SMIM36	small integral membrane protein 36 [Source:HGNC Symbol;Acc:HGNC:53654]	1.0556469	
ORAI1	ORAI calcium release-activated calcium modulator 1 [Source:HGNC Symbol;Acc:HGNC:25896]	1.0548564	
SGIP1	SH3GL interacting endocytic adaptor 1 [Source:HGNC Symbol;Acc:HGNC:25412]	1.0504147	
VDR	vitamin D receptor [Source:HGNC Symbol;Acc:HGNC:12679]	1.0496566	
CYTH4	cytohesin 4 [Source:HGNC Symbol;Acc:HGNC:9505]	1.0481642	
MED13	mediator complex subunit 13 [Source:HGNC Symbol;Acc:HGNC:22474]	1.0421115	
RBBP8	RB binding protein 8, endonuclease [Source:HGNC Symbol;Acc:HGNC:9891]	1.0403284	
CTSD	cathepsin D [Source:HGNC Symbol;Acc:HGNC:2529]	1.0391116	
CWC25	CWC25 spliceosome associated protein homolog [Source:HGNC Symbol;Acc:HGNC:25989]	1.0356591	
TBX21	T-box transcription factor 21 [Source:HGNC Symbol;Acc:HGNC:11599]	1.0343713	
SH2D2A	SH2 domain containing 2A [Source:HGNC Symbol;Acc:HGNC:10821]	1.0302892	
ZEB2	zinc finger E-box binding homeobox 2 [Source:HGNC Symbol;Acc:HGNC:14881]	1.0283989	
SIK3	SIK family kinase 3 [Source:HGNC Symbol;Acc:HGNC:29165]	1.0253371	
LDLRAD4	low density lipoprotein receptor class A domain containing 4 [Source:HGNC Symbol;Acc:HGNC:1224]	1.025186	
P2RX7	purinergic receptor P2X 7 [Source:HGNC Symbol;Acc:HGNC:8537]	1.0210493	
GAPDH	glyceraldehyde-3-phosphate dehydrogenase [Source:HGNC Symbol;Acc:HGNC:4141]	1.0201957	
RIC1	RIC1 homolog, RAB6A GEF complex partner 1 [Source:HGNC Symbol;Acc:HGNC:17686]	1.0179375	
NUP98	nucleoporin 98 and 96 precursor [Source:HGNC Symbol;Acc:HGNC:8068]	1.0147139	
TGIF1	TGFB induced factor homeobox 1 [Source:HGNC Symbol;Acc:HGNC:11776]	1.0130818	
NR4A1	nuclear receptor subfamily 4 group A member 1 [Source:HGNC Symbol;Acc:HGNC:7980]	1.011856	
COX8A	cytochrome c oxidase subunit 8A [Source:HGNC Symbol;Acc:HGNC:2294]	1.0107538	
ZBTB1	zinc finger and BTB domain containing 1 [Source:HGNC Symbol;Acc:HGNC:20259]	1.0082686	
COX17	cytochrome c oxidase copper chaperone COX17 [Source:HGNC Symbol;Acc:HGNC:2264]	1.0061169	
CMIP	c-Maf inducing protein [Source:HGNC Symbol;Acc:HGNC:24319]	1.0059042	
CHP1	calcineurin like EF-hand protein 1 [Source:HGNC Symbol;Acc:HGNC:17433]	1.0038043	
SH3BGRL3	SH3 domain binding glutamate rich protein like 3 [Source:HGNC Symbol;Acc:HGNC:15568]	1.0020874	
IRF2BP2	interferon regulatory factor 2 binding protein 2 [Source:HGNC Symbol;Acc:HGNC:21729]	1.0014997	
TOB2	transducer of ERBB2, 2 [Source:HGNC Symbol;Acc:HGNC:11980]	0.9943401	
MMD	monocyte to macrophage differentiation associated [Source:HGNC Symbol;Acc:HGNC:7153]	0.9881977	
H2AZ1	H2A.Z variant histone 1 [Source:HGNC Symbol;Acc:HGNC:4741]	0.9841741	
STAT3	signal transducer and activator of transcription 3 [Source:HGNC Symbol;Acc:HGNC:11364]	0.9840342	
COX6C	cytochrome c oxidase subunit 6C [Source:HGNC Symbol;Acc:HGNC:2285]	0.9827883	
UBL5	ubiquitin like 5 [Source:HGNC Symbol;Acc:HGNC:13736]	0.9821059	
SMIM3	small integral membrane protein 3 [Source:HGNC Symbol;Acc:HGNC:30248]	0.9788586	
VAMP8	vesicle associated membrane protein 8 [Source:HGNC Symbol;Acc:HGNC:12647]	0.97775143	
ISY1	ISY1 splicing factor homolog [Source:HGNC Symbol;Acc:HGNC:29201]	0.9741419	
CDKN1A	cyclin dependent kinase inhibitor 1A [Source:HGNC Symbol;Acc:HGNC:1784]	0.97309583	
S100A6	S100 calcium binding protein A6 [Source:HGNC Symbol;Acc:HGNC:10496]	0.9713234	
HNRNPLL	heterogeneous nuclear ribonucleoprotein L like [Source:HGNC Symbol;Acc:HGNC:25127]	0.96771294	
TSPO	translocator protein [Source:HGNC Symbol;Acc:HGNC:1158]	0.9666803	
MAST4	microtubule associated serine/threonine kinase family member 4 [Source:HGNC Symbol;Acc:HGNC:19037]	0.9661326	
PDE4D	phosphodiesterase 4D [Source:HGNC Symbol;Acc:HGNC:8783]	0.96423537	
NRIP1	nuclear receptor interacting protein 1 [Source:HGNC Symbol;Acc:HGNC:8001]	0.9560837	
CORO2A	coronin 2A [Source:HGNC Symbol;Acc:HGNC:2255]	0.9548247	
CAPNS1	calpain small subunit 1 [Source:HGNC Symbol;Acc:HGNC:1481]	0.9533011	
UNC119	unc-119 lipid binding chaperone [Source:HGNC Symbol;Acc:HGNC:12565]	0.95088184	
PIM1	Pim-1 proto-oncogene, serine/threonine kinase [Source:HGNC Symbol;Acc:HGNC:8986]	0.9491329	
PPP1CC	protein phosphatase 1 catalytic subunit gamma [Source:HGNC Symbol;Acc:HGNC:9283]	0.94032204	
SPAG9	sperm associated antigen 9 [Source:HGNC Symbol;Acc:HGNC:14524]	0.93912345	
ADARB1	adenosine deaminase RNA specific B1 [Source:HGNC Symbol;Acc:HGNC:226]	0.93822914	
GPR132	G protein-coupled receptor 132 [Source:HGNC Symbol;Acc:HGNC:17482]	0.93416786	
CDK6	cyclin dependent kinase 6 [Source:HGNC Symbol;Acc:HGNC:1777]	0.93374836	
TXN	thioredoxin [Source:HGNC Symbol;Acc:HGNC:12435]	0.93306094	
GPR68	G protein-coupled receptor 68 [Source:HGNC Symbol;Acc:HGNC:4519]	0.92560184	
SOCS2	suppressor of cytokine signaling 2 [Source:HGNC Symbol;Acc:HGNC:19382]	0.9250373	
FLNB	filamin B [Source:HGNC Symbol;Acc:HGNC:3755]	0.9181651	
ATF6	activating transcription factor 6 [Source:HGNC Symbol;Acc:HGNC:791]	0.9164287	
ITPR1	inositol 1,4,5-trisphosphate receptor type 1 [Source:HGNC Symbol;Acc:HGNC:6180]	0.91446203	
BTG2	BTG anti-proliferation factor 2 [Source:HGNC Symbol;Acc:HGNC:1131]	0.9089996	
TNF	tumor necrosis factor [Source:HGNC Symbol;Acc:HGNC:11892]	0.9088221	
RHOQ	ras homolog family member Q [Source:HGNC Symbol;Acc:HGNC:17736]	0.9073542	
RAB11FIP1	RAB11 family interacting protein 1 [Source:HGNC Symbol;Acc:HGNC:30265]	0.9068615	
SYTL3	synaptotagmin like 3 [Source:HGNC Symbol;Acc:HGNC:15587]	0.90167356	
ZAP70	zeta chain of T cell receptor associated protein kinase 70 [Source:HGNC Symbol;Acc:HGNC:12858]	0.8971754	
SSR4	signal sequence receptor subunit 4 [Source:HGNC Symbol;Acc:HGNC:11326]	0.8971539	
NDRG1	N-myc downstream regulated 1 [Source:HGNC Symbol;Acc:HGNC:7679]	0.89702904	
FXYD5	FXYD domain containing ion transport regulator 5 [Source:HGNC Symbol;Acc:HGNC:4029]	0.89097166	
BCLAF3	BCLAF1 and THRAP3 family member 3 [Source:HGNC Symbol;Acc:HGNC:27413]	0.89001495	
FUT8	fucosyltransferase 8 [Source:HGNC Symbol;Acc:HGNC:4019]	0.8817174	
SRGAP3	SLIT-ROBO Rho GTPase activating protein 3 [Source:HGNC Symbol;Acc:HGNC:19744]	0.8795261	
CCDC50	coiled-coil domain containing 50 [Source:HGNC Symbol;Acc:HGNC:18111]	0.877076	
GNAS	GNAS complex locus [Source:HGNC Symbol;Acc:HGNC:4392]	0.8760137	
COTL1	coactosin like F-actin binding protein 1 [Source:HGNC Symbol;Acc:HGNC:18304]	0.8751934	
ARPC1B	actin related protein 2/3 complex subunit 1B [Source:HGNC Symbol;Acc:HGNC:704]	0.87488204	
RAPH1	Ras association (RalGDS/AF-6) and pleckstrin homology domains 1 [Source:HGNC Symbol;Acc:HGNC:14436]	0.87482744	
ENDOD1	endonuclease domain containing 1 [Source:HGNC Symbol;Acc:HGNC:29129]	0.8735626	
IRF4	interferon regulatory factor 4 [Source:HGNC Symbol;Acc:HGNC:6119]	0.8706598	
PRKAR1A	protein kinase cAMP-dependent type I regulatory subunit alpha [Source:HGNC Symbol;Acc:HGNC:9388]	0.8667776	
H1-0	H1.0 linker histone [Source:HGNC Symbol;Acc:HGNC:4714]	0.8645259	
DNAI4	dynein axonemal intermediate chain 4 [Source:HGNC Symbol;Acc:HGNC:26252]	0.8606893	
MACROH2A1	macroH2A.1 histone [Source:HGNC Symbol;Acc:HGNC:4740]	0.8603545	
PLSCR1	phospholipid scramblase 1 [Source:HGNC Symbol;Acc:HGNC:9092]	0.8575511	
DGKG	diacylglycerol kinase gamma [Source:HGNC Symbol;Acc:HGNC:2853]	0.85699725	
PFKP	phosphofructokinase, platelet [Source:HGNC Symbol;Acc:HGNC:8878]	0.8568372	
LTA	lymphotoxin alpha [Source:HGNC Symbol;Acc:HGNC:6709]	0.8538742	
MYB	MYB proto-oncogene, transcription factor [Source:HGNC Symbol;Acc:HGNC:7545]	0.8536882	
ERN1	endoplasmic reticulum to nucleus signaling 1 [Source:HGNC Symbol;Acc:HGNC:3449]	0.85271734	
PRDX2	peroxiredoxin 2 [Source:HGNC Symbol;Acc:HGNC:9353]	0.84823895	
EPRS1	glutamyl-prolyl-tRNA synthetase 1 [Source:HGNC Symbol;Acc:HGNC:3418]	0.8474788	
EHD4	EH domain containing 4 [Source:HGNC Symbol;Acc:HGNC:3245]	0.8459179	
SLC38A1	solute carrier family 38 member 1 [Source:HGNC Symbol;Acc:HGNC:13447]	0.84582734	
CALM3	calmodulin 3 [Source:HGNC Symbol;Acc:HGNC:1449]	0.84358746	
FAM20A	FAM20A golgi associated secretory pathway pseudokinase [Source:HGNC Symbol;Acc:HGNC:23015]	0.8424015	
LINC-PINT	long intergenic non-protein coding RNA, p53 induced transcript [Source:HGNC Symbol;Acc:HGNC:26885]	0.8407096	
TOX	thymocyte selection associated high mobility group box [Source:HGNC Symbol;Acc:HGNC:18988]	0.8395457	
MYL6	myosin light chain 6 [Source:HGNC Symbol;Acc:HGNC:7587]	0.8395308	
ATP5MK	ATP synthase membrane subunit k [Source:HGNC Symbol;Acc:HGNC:30889]	0.8384578	
ATP5MG	ATP synthase membrane subunit g [Source:HGNC Symbol;Acc:HGNC:14247]	0.83643585	
HOMER1	homer scaffold protein 1 [Source:HGNC Symbol;Acc:HGNC:17512]	0.8363359	
PRDX6	peroxiredoxin 6 [Source:HGNC Symbol;Acc:HGNC:16753]	0.83534694	
IFNG	interferon gamma [Source:HGNC Symbol;Acc:HGNC:5438]	0.8353053	
TMSB10	thymosin beta 10 [Source:HGNC Symbol;Acc:HGNC:11879]	0.83528805	
GNAI2	G protein subunit alpha i2 [Source:HGNC Symbol;Acc:HGNC:4385]	0.83063406	
CST3	cystatin C [Source:HGNC Symbol;Acc:HGNC:2475]	0.8270132	
ECH1	enoyl-CoA hydratase 1 [Source:HGNC Symbol;Acc:HGNC:3149]	0.8260728	
GSTP1	glutathione S-transferase pi 1 [Source:HGNC Symbol;Acc:HGNC:4638]	0.8258496	
CSTB	cystatin B [Source:HGNC Symbol;Acc:HGNC:2482]	0.8254546	
CDC14A	cell division cycle 14A [Source:HGNC Symbol;Acc:HGNC:1718]	0.82376015	
LAX1	lymphocyte transmembrane adaptor 1 [Source:HGNC Symbol;Acc:HGNC:26005]	0.82334024	
PLEKHO1	pleckstrin homology domain containing O1 [Source:HGNC Symbol;Acc:HGNC:24310]	0.8178237	
RORC	RAR related orphan receptor C [Source:HGNC Symbol;Acc:HGNC:10260]	0.81492823	
GNB2	G protein subunit beta 2 [Source:HGNC Symbol;Acc:HGNC:4398]	0.81228966	
PNRC1	proline rich nuclear receptor coactivator 1 [Source:HGNC Symbol;Acc:HGNC:17278]	0.8073716	
NRP1	neuropilin 1 [Source:HGNC Symbol;Acc:HGNC:8004]	0.8062127	
ZMIZ1	zinc finger MIZ-type containing 1 [Source:HGNC Symbol;Acc:HGNC:16493]	0.8055401	
ATAD2	ATPase family AAA domain containing 2 [Source:HGNC Symbol;Acc:HGNC:30123]	0.80230254	
TMSB4X	thymosin beta 4 X-linked [Source:HGNC Symbol;Acc:HGNC:11881]	0.8017995	
CLIC1	chloride intracellular channel 1 [Source:HGNC Symbol;Acc:HGNC:2062]	0.80124676	
IER2	immediate early response 2 [Source:HGNC Symbol;Acc:HGNC:28871]	0.8005781	
SDCBP2	syndecan binding protein 2 [Source:HGNC Symbol;Acc:HGNC:15756]	0.799225	
RRBP1	ribosome binding protein 1 [Source:HGNC Symbol;Acc:HGNC:10448]	0.79902756	
ANKRD12	ankyrin repeat domain 12 [Source:HGNC Symbol;Acc:HGNC:29135]	0.79844296	
FES	FES proto-oncogene, tyrosine kinase [Source:HGNC Symbol;Acc:HGNC:3657]	0.7969112	
GOT1	glutamic-oxaloacetic transaminase 1 [Source:HGNC Symbol;Acc:HGNC:4432]	0.7961391	
GOLM1	golgi membrane protein 1 [Source:HGNC Symbol;Acc:HGNC:15451]	0.795473	
MAPKAPK2	MAPK activated protein kinase 2 [Source:HGNC Symbol;Acc:HGNC:6887]	0.78783554	
APRT	adenine phosphoribosyltransferase [Source:HGNC Symbol;Acc:HGNC:626]	0.7861163	
SEC11C	SEC11 homolog C, signal peptidase complex subunit [Source:HGNC Symbol;Acc:HGNC:23400]	0.7837186	
CD38	CD38 molecule [Source:HGNC Symbol;Acc:HGNC:1667]	0.7836337	
STK39	serine/threonine kinase 39 [Source:HGNC Symbol;Acc:HGNC:17717]	0.7824239	
RGS16	regulator of G protein signaling 16 [Source:HGNC Symbol;Acc:HGNC:9997]	0.78147423	
COX6B1	cytochrome c oxidase subunit 6B1 [Source:HGNC Symbol;Acc:HGNC:2280]	0.7813638	
ITM2B	integral membrane protein 2B [Source:HGNC Symbol;Acc:HGNC:6174]	0.78086156	
ATOX1	antioxidant 1 copper chaperone [Source:HGNC Symbol;Acc:HGNC:798]	0.77970153	
SUB1	SUB1 regulator of transcription [Source:HGNC Symbol;Acc:HGNC:19985]	0.77395654	
DENND5A	DENN domain containing 5A [Source:HGNC Symbol;Acc:HGNC:19344]	0.7718172	
IRS2	insulin receptor substrate 2 [Source:HGNC Symbol;Acc:HGNC:6126]	0.7701584	
AP1S2	adaptor related protein complex 1 subunit sigma 2 [Source:HGNC Symbol;Acc:HGNC:560]	0.76478225	
KLRD1	killer cell lectin like receptor D1 [Source:HGNC Symbol;Acc:HGNC:6378]	0.76424617	
JAK2	Janus kinase 2 [Source:HGNC Symbol;Acc:HGNC:6192]	0.7638422	
BAG1	BAG cochaperone 1 [Source:HGNC Symbol;Acc:HGNC:937]	0.75921357	
STK24	serine/threonine kinase 24 [Source:HGNC Symbol;Acc:HGNC:11403]	0.7554067	
TMEM256	transmembrane protein 256 [Source:HGNC Symbol;Acc:HGNC:28618]	0.7538151	
LCP1	lymphocyte cytosolic protein 1 [Source:HGNC Symbol;Acc:HGNC:6528]	0.7521573	
NUCB1	nucleobindin 1 [Source:HGNC Symbol;Acc:HGNC:8043]	0.7511352	
CRLF2	cytokine receptor like factor 2 [Source:HGNC Symbol;Acc:HGNC:14281]	0.7503389	
COX5B	cytochrome c oxidase subunit 5B [Source:HGNC Symbol;Acc:HGNC:2269]	0.74984527	
CARD19	caspase recruitment domain family member 19 [Source:HGNC Symbol;Acc:HGNC:28148]	0.7495192	
SMAP1	small ArfGAP 1 [Source:HGNC Symbol;Acc:HGNC:19651]	0.7489212	
JARID2	jumonji and AT-rich interaction domain containing 2 [Source:HGNC Symbol;Acc:HGNC:6196]	0.7486856	
TMEM123	transmembrane protein 123 [Source:HGNC Symbol;Acc:HGNC:30138]	0.7485486	
ATP5F1E	ATP synthase F1 subunit epsilon [Source:HGNC Symbol;Acc:HGNC:838]	0.7467284	
LIN54	lin-54 DREAM MuvB core complex component [Source:HGNC Symbol;Acc:HGNC:25397]	0.7463994	
LTB	lymphotoxin beta [Source:HGNC Symbol;Acc:HGNC:6711]	0.74239635	
HK2	hexokinase 2 [Source:HGNC Symbol;Acc:HGNC:4923]	0.74201643	
TAGLN2	transgelin 2 [Source:HGNC Symbol;Acc:HGNC:11554]	0.74080855	
NABP1	nucleic acid binding protein 1 [Source:HGNC Symbol;Acc:HGNC:26232]	0.73969877	
SEC61G	SEC61 translocon subunit gamma [Source:HGNC Symbol;Acc:HGNC:18277]	0.7373538	
ZYX	zyxin [Source:HGNC Symbol;Acc:HGNC:13200]	0.7349492	
CD3G	CD3 gamma subunit of T-cell receptor complex [Source:HGNC Symbol;Acc:HGNC:1675]	0.7335962	
GLDC	glycine decarboxylase [Source:HGNC Symbol;Acc:HGNC:4313]	0.7332792	
PTPN1	protein tyrosine phosphatase non-receptor type 1 [Source:HGNC Symbol;Acc:HGNC:9642]	0.7317555	
ITGA3	integrin subunit alpha 3 [Source:HGNC Symbol;Acc:HGNC:6139]	0.73163587	
RAC2	Rac family small GTPase 2 [Source:HGNC Symbol;Acc:HGNC:9802]	0.7312671	
SIRT2	sirtuin 2 [Source:HGNC Symbol;Acc:HGNC:10886]	0.73124444	
DUT	deoxyuridine triphosphatase [Source:HGNC Symbol;Acc:HGNC:3078]	0.7303588	
CERS4	ceramide synthase 4 [Source:HGNC Symbol;Acc:HGNC:23747]	0.7293559	
TEC	tec protein tyrosine kinase [Source:HGNC Symbol;Acc:HGNC:11719]	0.72931594	
HMGB1	high mobility group box 1 [Source:HGNC Symbol;Acc:HGNC:4983]	0.7252904	
PLK3	polo like kinase 3 [Source:HGNC Symbol;Acc:HGNC:2154]	0.7235239	
RNF216	ring finger protein 216 [Source:HGNC Symbol;Acc:HGNC:21698]	0.72287124	
SERF2	small EDRK-rich factor 2 [Source:HGNC Symbol;Acc:HGNC:10757]	0.7222529	
COMT	catechol-O-methyltransferase [Source:HGNC Symbol;Acc:HGNC:2228]	0.72016877	
GCH1	GTP cyclohydrolase 1 [Source:HGNC Symbol;Acc:HGNC:4193]	0.7200219	
INPP5D	inositol polyphosphate-5-phosphatase D [Source:HGNC Symbol;Acc:HGNC:6079]	0.7189462	
GOLIM4	golgi integral membrane protein 4 [Source:HGNC Symbol;Acc:HGNC:15448]	0.71885484	
CSNK2B	casein kinase 2 beta [Source:HGNC Symbol;Acc:HGNC:2460]	0.718667	
MXD1	MAX dimerization protein 1 [Source:HGNC Symbol;Acc:HGNC:6761]	0.71859133	
GPX1	glutathione peroxidase 1 [Source:HGNC Symbol;Acc:HGNC:4553]	0.7180134	
JUND	JunD proto-oncogene, AP-1 transcription factor subunit [Source:HGNC Symbol;Acc:HGNC:6206]	0.7179869	
IL1R2	interleukin 1 receptor type 2 [Source:HGNC Symbol;Acc:HGNC:5994]	0.7179064	
GFOD1	glucose-fructose oxidoreductase domain containing 1 [Source:HGNC Symbol;Acc:HGNC:21096]	0.7166352	
NFKBID	NFKB inhibitor delta [Source:HGNC Symbol;Acc:HGNC:15671]	0.71426886	
ELK3	ETS transcription factor ELK3 [Source:HGNC Symbol;Acc:HGNC:3325]	0.7103572	
SLC15A3	solute carrier family 15 member 3 [Source:HGNC Symbol;Acc:HGNC:18068]	0.7088277	
PDE4B	phosphodiesterase 4B [Source:HGNC Symbol;Acc:HGNC:8781]	0.7073807	
PRICKLE1	prickle planar cell polarity protein 1 [Source:HGNC Symbol;Acc:HGNC:17019]	0.70616305	
TSHZ1	teashirt zinc finger homeobox 1 [Source:HGNC Symbol;Acc:HGNC:10669]	0.7055575	
CLINT1	clathrin interactor 1 [Source:HGNC Symbol;Acc:HGNC:23186]	0.70546776	
SLC4A7	solute carrier family 4 member 7 [Source:HGNC Symbol;Acc:HGNC:11033]	0.7054129	
LRRFIP2	LRR binding FLII interacting protein 2 [Source:HGNC Symbol;Acc:HGNC:6703]	0.7023009	
NSD2	nuclear receptor binding SET domain protein 2 [Source:HGNC Symbol;Acc:HGNC:12766]	0.70211375	
PICALM	phosphatidylinositol binding clathrin assembly protein [Source:HGNC Symbol;Acc:HGNC:15514]	0.70090085	
MGLL	monoglyceride lipase [Source:HGNC Symbol;Acc:HGNC:17038]	0.700576	
CD52	CD52 molecule [Source:HGNC Symbol;Acc:HGNC:1804]	0.69984955	
NDUFB7	NADH:ubiquinone oxidoreductase subunit B7 [Source:HGNC Symbol;Acc:HGNC:7702]	0.69882363	
HCLS1	hematopoietic cell-specific Lyn substrate 1 [Source:HGNC Symbol;Acc:HGNC:4844]	0.69715023	
ARL15	ADP ribosylation factor like GTPase 15 [Source:HGNC Symbol;Acc:HGNC:25945]	0.6965315	
ACSBG1	acyl-CoA synthetase bubblegum family member 1 [Source:HGNC Symbol;Acc:HGNC:29567]	0.6955174	
CLASP2	cytoplasmic linker associated protein 2 [Source:HGNC Symbol;Acc:HGNC:17078]	0.6939274	
PTPN7	protein tyrosine phosphatase non-receptor type 7 [Source:HGNC Symbol;Acc:HGNC:9659]	0.69252706	
BMPR2	bone morphogenetic protein receptor type 2 [Source:HGNC Symbol;Acc:HGNC:1078]	0.69148874	
IL17RE	interleukin 17 receptor E [Source:HGNC Symbol;Acc:HGNC:18439]	0.6908356	
HMGB2	high mobility group box 2 [Source:HGNC Symbol;Acc:HGNC:5000]	0.6890171	
NOTCH2	notch receptor 2 [Source:HGNC Symbol;Acc:HGNC:7882]	0.68852395	
CHN2	chimerin 2 [Source:HGNC Symbol;Acc:HGNC:1944]	0.6870971	
STAT4	signal transducer and activator of transcription 4 [Source:HGNC Symbol;Acc:HGNC:11365]	0.68585825	
DNAJB6	DnaJ heat shock protein family (Hsp40) member B6 [Source:HGNC Symbol;Acc:HGNC:14888]	0.68541116	
CD4	CD4 molecule [Source:HGNC Symbol;Acc:HGNC:1678]	0.68484473	
CHST12	carbohydrate sulfotransferase 12 [Source:HGNC Symbol;Acc:HGNC:17423]	0.6816477	
SUSD3	sushi domain containing 3 [Source:HGNC Symbol;Acc:HGNC:28391]	0.68098414	
UQCRH	ubiquinol-cytochrome c reductase hinge protein [Source:HGNC Symbol;Acc:HGNC:12590]	0.68073344	
SLC25A3	solute carrier family 25 member 3 [Source:HGNC Symbol;Acc:HGNC:10989]	0.68073076	
EIF3H	eukaryotic translation initiation factor 3 subunit H [Source:HGNC Symbol;Acc:HGNC:3273]	0.68005544	
PPP1CA	protein phosphatase 1 catalytic subunit alpha [Source:HGNC Symbol;Acc:HGNC:9281]	0.67939204	
SLC39A14	solute carrier family 39 member 14 [Source:HGNC Symbol;Acc:HGNC:20858]	0.67921776	
FTH1	ferritin heavy chain 1 [Source:HGNC Symbol;Acc:HGNC:3976]	0.6785401	
ELOB	elongin B [Source:HGNC Symbol;Acc:HGNC:11619]	0.67719865	
UBB	ubiquitin B [Source:HGNC Symbol;Acc:HGNC:12463]	0.6765671	
SLC1A5	solute carrier family 1 member 5 [Source:HGNC Symbol;Acc:HGNC:10943]	0.6764139	
CEP112	centrosomal protein 112 [Source:HGNC Symbol;Acc:HGNC:28514]	0.67633736	
UBE2Q2	ubiquitin conjugating enzyme E2 Q2 [Source:HGNC Symbol;Acc:HGNC:19248]	0.6760945	
OTUD7B	OTU deubiquitinase 7B [Source:HGNC Symbol;Acc:HGNC:16683]	0.67458737	
GRAMD1B	GRAM domain containing 1B [Source:HGNC Symbol;Acc:HGNC:29214]	0.67367154	
TG	thyroglobulin [Source:HGNC Symbol;Acc:HGNC:11764]	0.67254204	
FBXO11	F-box protein 11 [Source:HGNC Symbol;Acc:HGNC:13590]	0.6712988	
AQP3	aquaporin 3 (Gill blood group) [Source:HGNC Symbol;Acc:HGNC:636]	0.6707376	
TTC39B	tetratricopeptide repeat domain 39B [Source:HGNC Symbol;Acc:HGNC:23704]	0.67036265	
NFIL3	nuclear factor, interleukin 3 regulated [Source:HGNC Symbol;Acc:HGNC:7787]	0.66888005	
SS18	SS18 subunit of BAF chromatin remodeling complex [Source:HGNC Symbol;Acc:HGNC:11340]	0.66680807	
CAMK2N1	calcium/calmodulin dependent protein kinase II inhibitor 1 [Source:HGNC Symbol;Acc:HGNC:24190]	0.66674256	
COX5A	cytochrome c oxidase subunit 5A [Source:HGNC Symbol;Acc:HGNC:2267]	0.6661516	
DAP	death associated protein [Source:HGNC Symbol;Acc:HGNC:2672]	0.6648705	
ARHGAP18	Rho GTPase activating protein 18 [Source:HGNC Symbol;Acc:HGNC:21035]	0.66404134	
ATP5IF1	ATP synthase inhibitory factor subunit 1 [Source:HGNC Symbol;Acc:HGNC:871]	0.6637697	
MPC1	mitochondrial pyruvate carrier 1 [Source:HGNC Symbol;Acc:HGNC:21606]	0.6633824	
ARHGAP26	Rho GTPase activating protein 26 [Source:HGNC Symbol;Acc:HGNC:17073]	0.6628318	
C19orf53	chromosome 19 open reading frame 53 [Source:HGNC Symbol;Acc:HGNC:24991]	0.66209817	
WSB1	WD repeat and SOCS box containing 1 [Source:HGNC Symbol;Acc:HGNC:19221]	0.66199833	
CHKA	choline kinase alpha [Source:HGNC Symbol;Acc:HGNC:1937]	0.661003	
GLUD1	glutamate dehydrogenase 1 [Source:HGNC Symbol;Acc:HGNC:4335]	0.6595734	
TRAF1	TNF receptor associated factor 1 [Source:HGNC Symbol;Acc:HGNC:12031]	0.65816337	
GPR160	G protein-coupled receptor 160 [Source:HGNC Symbol;Acc:HGNC:23693]	0.6573831	
BBLN	bublin coiled coil protein [Source:HGNC Symbol;Acc:HGNC:17823]	0.65645504	
PTPRCAP	protein tyrosine phosphatase receptor type C associated protein [Source:HGNC Symbol;Acc:HGNC:9667]	0.655761	
CARNMT1	carnosine N-methyltransferase 1 [Source:HGNC Symbol;Acc:HGNC:23435]	0.65562165	
AFF1	ALF transcription elongation factor 1 [Source:HGNC Symbol;Acc:HGNC:7135]	0.6555585	
RAET1L	retinoic acid early transcript 1L [Source:HGNC Symbol;Acc:HGNC:16798]	0.6553137	
PRELID1	PRELI domain containing 1 [Source:HGNC Symbol;Acc:HGNC:30255]	0.655304	
REEP3	receptor accessory protein 3 [Source:HGNC Symbol;Acc:HGNC:23711]	0.65439796	
SMDT1	single-pass membrane protein with aspartate rich tail 1 [Source:HGNC Symbol;Acc:HGNC:25055]	0.6531434	
CCL4	C-C motif chemokine ligand 4 [Source:HGNC Symbol;Acc:HGNC:10630]	0.6501716	
AREG	amphiregulin [Source:HGNC Symbol;Acc:HGNC:651]	0.6499133	
HSPA4L	heat shock protein family A (Hsp70) member 4 like [Source:HGNC Symbol;Acc:HGNC:17041]	0.6497541	
ZFAND5	zinc finger AN1-type containing 5 [Source:HGNC Symbol;Acc:HGNC:13008]	0.6488716	
SPN	sialophorin [Source:HGNC Symbol;Acc:HGNC:11249]	0.6474377	
ARF5	ADP ribosylation factor 5 [Source:HGNC Symbol;Acc:HGNC:658]	0.64592236	
RUNX1	RUNX family transcription factor 1 [Source:HGNC Symbol;Acc:HGNC:10471]	0.6458872	
SLC25A4	solute carrier family 25 member 4 [Source:HGNC Symbol;Acc:HGNC:10990]	0.64527094	
SLC7A1	solute carrier family 7 member 1 [Source:HGNC Symbol;Acc:HGNC:11057]	0.6435849	
CEP43	centrosomal protein 43 [Source:HGNC Symbol;Acc:HGNC:17012]	0.6435827	
UBC	ubiquitin C [Source:HGNC Symbol;Acc:HGNC:12468]	0.64117575	
HNRNPL	heterogeneous nuclear ribonucleoprotein L [Source:HGNC Symbol;Acc:HGNC:5045]	0.64093894	
ATP5F1D	ATP synthase F1 subunit delta [Source:HGNC Symbol;Acc:HGNC:837]	0.64053726	
LAMTOR4	late endosomal/lysosomal adaptor, MAPK and MTOR activator 4 [Source:HGNC Symbol;Acc:HGNC:33772]	0.6402667	
PLXDC2	plexin domain containing 2 [Source:HGNC Symbol;Acc:HGNC:21013]	0.6400832	
FOS	Fos proto-oncogene, AP-1 transcription factor subunit [Source:HGNC Symbol;Acc:HGNC:3796]	0.6388679	
BIRC2	baculoviral IAP repeat containing 2 [Source:HGNC Symbol;Acc:HGNC:590]	0.6385407	
CIRBP	cold inducible RNA binding protein [Source:HGNC Symbol;Acc:HGNC:1982]	0.63731456	
ATP5ME	ATP synthase membrane subunit e [Source:HGNC Symbol;Acc:HGNC:846]	0.63599014	
TXNRD1	thioredoxin reductase 1 [Source:HGNC Symbol;Acc:HGNC:12437]	0.6359082	
VPS54	VPS54 subunit of GARP complex [Source:HGNC Symbol;Acc:HGNC:18652]	0.6356019	
NDUFB1	NADH:ubiquinone oxidoreductase subunit B1 [Source:HGNC Symbol;Acc:HGNC:7695]	0.63223755	
B4GALT1	beta-1,4-galactosyltransferase 1 [Source:HGNC Symbol;Acc:HGNC:924]	0.6321646	
PIM3	Pim-3 proto-oncogene, serine/threonine kinase [Source:HGNC Symbol;Acc:HGNC:19310]	0.6316227	
FAM110A	family with sequence similarity 110 member A [Source:HGNC Symbol;Acc:HGNC:16188]	0.6282574	
NDUFA13	NADH:ubiquinone oxidoreductase subunit A13 [Source:HGNC Symbol;Acc:HGNC:17194]	0.6273511	
SELENOS	selenoprotein S [Source:HGNC Symbol;Acc:HGNC:30396]	0.62686944	
CSRNP1	cysteine and serine rich nuclear protein 1 [Source:HGNC Symbol;Acc:HGNC:14300]	0.6265308	
CD101	CD101 molecule [Source:HGNC Symbol;Acc:HGNC:5949]	0.6263685	
IER5L	immediate early response 5 like [Source:HGNC Symbol;Acc:HGNC:23679]	0.62607783	
APLP2	amyloid beta precursor like protein 2 [Source:HGNC Symbol;Acc:HGNC:598]	0.6259511	
LDHA	lactate dehydrogenase A [Source:HGNC Symbol;Acc:HGNC:6535]	0.6255058	
RPL38	ribosomal protein L38 [Source:HGNC Symbol;Acc:HGNC:10349]	0.62486774	
PMAIP1	phorbol-12-myristate-13-acetate-induced protein 1 [Source:HGNC Symbol;Acc:HGNC:9108]	0.62428683	
ALPK2	alpha kinase 2 [Source:HGNC Symbol;Acc:HGNC:20565]	0.62422174	
TNFRSF13B	TNF receptor superfamily member 13B [Source:HGNC Symbol;Acc:HGNC:18153]	0.62413	
NFATC1	nuclear factor of activated T cells 1 [Source:HGNC Symbol;Acc:HGNC:7775]	0.6233467	
GLRX	glutaredoxin [Source:HGNC Symbol;Acc:HGNC:4330]	0.6224828	
DCTN4	dynactin subunit 4 [Source:HGNC Symbol;Acc:HGNC:15518]	0.62118423	
CDK11B	cyclin dependent kinase 11B [Source:HGNC Symbol;Acc:HGNC:1729]	0.6203174	
ZNF318	zinc finger protein 318 [Source:HGNC Symbol;Acc:HGNC:13578]	0.61974484	
CEBPB	CCAAT enhancer binding protein beta [Source:HGNC Symbol;Acc:HGNC:1834]	0.6195602	
ABHD17A	abhydrolase domain containing 17A, depalmitoylase [Source:HGNC Symbol;Acc:HGNC:28756]	0.61890185	
CTNNA1	catenin alpha 1 [Source:HGNC Symbol;Acc:HGNC:2509]	0.6162833	
ADAM19	ADAM metallopeptidase domain 19 [Source:HGNC Symbol;Acc:HGNC:197]	0.61516047	
COBLL1	cordon-bleu WH2 repeat protein like 1 [Source:HGNC Symbol;Acc:HGNC:23571]	0.6148267	
RASSF1	Ras association domain family member 1 [Source:HGNC Symbol;Acc:HGNC:9882]	0.613991	
DTL	denticleless E3 ubiquitin protein ligase homolog [Source:HGNC Symbol;Acc:HGNC:30288]	0.6139834	
MIB1	MIB E3 ubiquitin protein ligase 1 [Source:HGNC Symbol;Acc:HGNC:21086]	0.611119	
SMARCA5	SWI/SNF related, matrix associated, actin dependent regulator of chromatin, subfamily a, member 5 [Source:HGNC Symbol;Acc:HGNC:11101]	0.60902715	
PRRT1	proline rich transmembrane protein 1 [Source:HGNC Symbol;Acc:HGNC:13943]	0.60823095	
RUNX3	RUNX family transcription factor 3 [Source:HGNC Symbol;Acc:HGNC:10473]	0.6080128	
SYNPO2	synaptopodin 2 [Source:HGNC Symbol;Acc:HGNC:17732]	0.60685056	
PLAAT3	phospholipase A and acyltransferase 3 [Source:HGNC Symbol;Acc:HGNC:17825]	0.60514027	
CERT1	ceramide transporter 1 [Source:HGNC Symbol;Acc:HGNC:2205]	0.6049202	
TMEM160	transmembrane protein 160 [Source:HGNC Symbol;Acc:HGNC:26042]	0.6043419	
DST	dystonin [Source:HGNC Symbol;Acc:HGNC:1090]	0.6037465	
UBE2M	ubiquitin conjugating enzyme E2 M [Source:HGNC Symbol;Acc:HGNC:12491]	0.6026801	
MXD4	MAX dimerization protein 4 [Source:HGNC Symbol;Acc:HGNC:13906]	0.6011453	
MAP2K3	mitogen-activated protein kinase kinase 3 [Source:HGNC Symbol;Acc:HGNC:6843]	0.60016835	
CDC42	cell division cycle 42 [Source:HGNC Symbol;Acc:HGNC:1736]	0.5997766	
SYT11	synaptotagmin 11 [Source:HGNC Symbol;Acc:HGNC:19239]	0.59863895	
ATP10A	ATPase phospholipid transporting 10A (putative) [Source:HGNC Symbol;Acc:HGNC:13542]	0.59747505	
ELOVL5	ELOVL fatty acid elongase 5 [Source:HGNC Symbol;Acc:HGNC:21308]	0.5941964	
MAP1LC3B2	microtubule associated protein 1 light chain 3 beta 2 [Source:HGNC Symbol;Acc:HGNC:34390]	0.59393585	
TOR1AIP1	torsin 1A interacting protein 1 [Source:HGNC Symbol;Acc:HGNC:29456]	0.5937159	
CFL1	cofilin 1 [Source:HGNC Symbol;Acc:HGNC:1874]	0.59332573	
BCL2L15	BCL2 like 15 [Source:HGNC Symbol;Acc:HGNC:33624]	0.59325397	
CLIC4	chloride intracellular channel 4 [Source:HGNC Symbol;Acc:HGNC:13518]	0.59157735	
PAXBP1	PAX3 and PAX7 binding protein 1 [Source:HGNC Symbol;Acc:HGNC:13579]	0.59143	
NDUFV3	NADH:ubiquinone oxidoreductase subunit V3 [Source:HGNC Symbol;Acc:HGNC:7719]	0.58935064	
NFKBIL1	NFKB inhibitor like 1 [Source:HGNC Symbol;Acc:HGNC:7800]	0.58928806	
RELB	RELB proto-oncogene, NF-kB subunit [Source:HGNC Symbol;Acc:HGNC:9956]	0.58832604	
SLC16A10	solute carrier family 16 member 10 [Source:HGNC Symbol;Acc:HGNC:17027]	0.5864493	
PKM	pyruvate kinase M1/2 [Source:HGNC Symbol;Acc:HGNC:9021]	0.5854122	
VASP	vasodilator stimulated phosphoprotein [Source:HGNC Symbol;Acc:HGNC:12652]	0.58527803	
SLAMF1	signaling lymphocytic activation molecule family member 1 [Source:HGNC Symbol;Acc:HGNC:10903]	0.5851578	
PHLPP1	PH domain and leucine rich repeat protein phosphatase 1 [Source:HGNC Symbol;Acc:HGNC:20610]	0.5845416	
SIK1	salt inducible kinase 1 [Source:HGNC Symbol;Acc:HGNC:11142]	0.58448994	
CALM2	calmodulin 2 [Source:HGNC Symbol;Acc:HGNC:1445]	0.58438677	
ARIH1	ariadne RBR E3 ubiquitin protein ligase 1 [Source:HGNC Symbol;Acc:HGNC:689]	0.58321375	
HLA-B	major histocompatibility complex, class I, B [Source:HGNC Symbol;Acc:HGNC:4932]	0.5828787	
RNF11	ring finger protein 11 [Source:HGNC Symbol;Acc:HGNC:10056]	0.5823232	
IFI27L2	interferon alpha inducible protein 27 like 2 [Source:HGNC Symbol;Acc:HGNC:19753]	0.58200157	
LAPTM5	lysosomal protein transmembrane 5 [Source:HGNC Symbol;Acc:HGNC:29612]	0.58006805	
ADAM9	ADAM metallopeptidase domain 9 [Source:HGNC Symbol;Acc:HGNC:216]	0.5793057	
AKT3	AKT serine/threonine kinase 3 [Source:HGNC Symbol;Acc:HGNC:393]	0.57930046	
FIS1	fission, mitochondrial 1 [Source:HGNC Symbol;Acc:HGNC:21689]	0.57904726	
SYNGR2	synaptogyrin 2 [Source:HGNC Symbol;Acc:HGNC:11499]	0.57898635	
UQCR10	ubiquinol-cytochrome c reductase, complex III subunit X [Source:HGNC Symbol;Acc:HGNC:30863]	0.5788288	
RRAD	RRAD, Ras related glycolysis inhibitor and calcium channel regulator [Source:HGNC Symbol;Acc:HGNC:10446]	0.57866484	
TNFRSF9	TNF receptor superfamily member 9 [Source:HGNC Symbol;Acc:HGNC:11924]	0.5782888	
GNA15	G protein subunit alpha 15 [Source:HGNC Symbol;Acc:HGNC:4383]	0.578284	
CYFIP1	cytoplasmic FMR1 interacting protein 1 [Source:HGNC Symbol;Acc:HGNC:13759]	0.5782132	
TMEM258	transmembrane protein 258 [Source:HGNC Symbol;Acc:HGNC:1164]	0.5771726	
GMFG	glia maturation factor gamma [Source:HGNC Symbol;Acc:HGNC:4374]	0.5769593	
UBE2J1	ubiquitin conjugating enzyme E2 J1 [Source:HGNC Symbol;Acc:HGNC:17598]	0.5766646	
TMEM135	transmembrane protein 135 [Source:HGNC Symbol;Acc:HGNC:26167]	0.576632	
HIVEP2	HIVEP zinc finger 2 [Source:HGNC Symbol;Acc:HGNC:4921]	0.5761294	
POLR1D	RNA polymerase I and III subunit D [Source:HGNC Symbol;Acc:HGNC:20422]	0.5757862	
KLRB1	killer cell lectin like receptor B1 [Source:HGNC Symbol;Acc:HGNC:6373]	0.57577777	
AHR	aryl hydrocarbon receptor [Source:HGNC Symbol;Acc:HGNC:348]	0.5754621	
GPR65	G protein-coupled receptor 65 [Source:HGNC Symbol;Acc:HGNC:4517]	0.57421166	
HIP1R	huntingtin interacting protein 1 related [Source:HGNC Symbol;Acc:HGNC:18415]	0.57333714	
PFDN5	prefoldin subunit 5 [Source:HGNC Symbol;Acc:HGNC:8869]	0.57303125	
CST7	cystatin F [Source:HGNC Symbol;Acc:HGNC:2479]	0.57288486	
TLN1	talin 1 [Source:HGNC Symbol;Acc:HGNC:11845]	0.5724675	
RNF166	ring finger protein 166 [Source:HGNC Symbol;Acc:HGNC:28856]	0.5717649	
PGLS	6-phosphogluconolactonase [Source:HGNC Symbol;Acc:HGNC:8903]	0.5714788	
SMOX	spermine oxidase [Source:HGNC Symbol;Acc:HGNC:15862]	0.5704647	
VIPR2	vasoactive intestinal peptide receptor 2 [Source:HGNC Symbol;Acc:HGNC:12695]	0.5679884	
GABARAP	GABA type A receptor-associated protein [Source:HGNC Symbol;Acc:HGNC:4067]	0.56740874	
TAB2	TGF-beta activated kinase 1 (MAP3K7) binding protein 2 [Source:HGNC Symbol;Acc:HGNC:17075]	0.5668043	
CAPZB	capping actin protein of muscle Z-line subunit beta [Source:HGNC Symbol;Acc:HGNC:1491]	0.5662802	
PPME1	protein phosphatase methylesterase 1 [Source:HGNC Symbol;Acc:HGNC:30178]	0.5651307	
UNC119B	unc-119 lipid binding chaperone B [Source:HGNC Symbol;Acc:HGNC:16488]	0.56358045	
SFR1	SWI5 dependent homologous recombination repair protein 1 [Source:HGNC Symbol;Acc:HGNC:29574]	0.56317014	
LCLAT1	lysocardiolipin acyltransferase 1 [Source:HGNC Symbol;Acc:HGNC:26756]	0.5606987	
MAPRE2	microtubule associated protein RP/EB family member 2 [Source:HGNC Symbol;Acc:HGNC:6891]	0.560667	
SIK2	salt inducible kinase 2 [Source:HGNC Symbol;Acc:HGNC:21680]	0.560338	
ATP5MJ	ATP synthase membrane subunit j [Source:HGNC Symbol;Acc:HGNC:1188]	0.559914	
NFAT5	nuclear factor of activated T cells 5 [Source:HGNC Symbol;Acc:HGNC:7774]	0.5597987	
C4orf3	chromosome 4 open reading frame 3 [Source:HGNC Symbol;Acc:HGNC:19225]	0.55892104	
REXO2	RNA exonuclease 2 [Source:HGNC Symbol;Acc:HGNC:17851]	0.5573397	
CYTH3	cytohesin 3 [Source:HGNC Symbol;Acc:HGNC:9504]	0.5572185	
GATAD2A	GATA zinc finger domain containing 2A [Source:HGNC Symbol;Acc:HGNC:29989]	0.5571758	
PTPN3	protein tyrosine phosphatase non-receptor type 3 [Source:HGNC Symbol;Acc:HGNC:9655]	0.55683285	
TRERF1	transcriptional regulating factor 1 [Source:HGNC Symbol;Acc:HGNC:18273]	0.5556309	
UBR5	ubiquitin protein ligase E3 component n-recognin 5 [Source:HGNC Symbol;Acc:HGNC:16806]	0.5534738	
AP2S1	adaptor related protein complex 2 subunit sigma 1 [Source:HGNC Symbol;Acc:HGNC:565]	0.5532565	
B4GALNT4	beta-1,4-N-acetyl-galactosaminyltransferase 4 [Source:HGNC Symbol;Acc:HGNC:26315]	0.55319667	
DLG2	discs large MAGUK scaffold protein 2 [Source:HGNC Symbol;Acc:HGNC:2901]	0.55303234	
FASLG	Fas ligand [Source:HGNC Symbol;Acc:HGNC:11936]	0.5528673	
TECR	trans-2,3-enoyl-CoA reductase [Source:HGNC Symbol;Acc:HGNC:4551]	0.5510839	
IRAG2	inositol 1,4,5-triphosphate receptor associated 2 [Source:HGNC Symbol;Acc:HGNC:6690]	0.5506998	
NDUFS5	NADH:ubiquinone oxidoreductase subunit S5 [Source:HGNC Symbol;Acc:HGNC:7712]	0.54918224	
SPOCK2	SPARC (osteonectin), cwcv and kazal like domains proteoglycan 2 [Source:HGNC Symbol;Acc:HGNC:13564]	0.54825926	
GRINA	glutamate ionotropic receptor NMDA type subunit associated protein 1 [Source:HGNC Symbol;Acc:HGNC:4589]	0.5480538	
SNX9	sorting nexin 9 [Source:HGNC Symbol;Acc:HGNC:14973]	0.5476133	
TNFRSF4	TNF receptor superfamily member 4 [Source:HGNC Symbol;Acc:HGNC:11918]	0.54746324	
DHRS3	dehydrogenase/reductase 3 [Source:HGNC Symbol;Acc:HGNC:17693]	0.5472844	
FHL2	four and a half LIM domains 2 [Source:HGNC Symbol;Acc:HGNC:3703]	0.54679656	
RGS3	regulator of G protein signaling 3 [Source:HGNC Symbol;Acc:HGNC:9999]	0.54654586	
MYO1G	myosin IG [Source:HGNC Symbol;Acc:HGNC:13880]	0.5459137	
FRYL	FRY like transcription coactivator [Source:HGNC Symbol;Acc:HGNC:29127]	0.54531926	
CD3E	CD3 epsilon subunit of T-cell receptor complex [Source:HGNC Symbol;Acc:HGNC:1674]	0.54481745	
PKIB	cAMP-dependent protein kinase inhibitor beta [Source:HGNC Symbol;Acc:HGNC:9018]	0.54431313	
VGLL4	vestigial like family member 4 [Source:HGNC Symbol;Acc:HGNC:28966]	0.5432682	
TBCB	tubulin folding cofactor B [Source:HGNC Symbol;Acc:HGNC:1989]	0.54317987	
AIM2	absent in melanoma 2 [Source:HGNC Symbol;Acc:HGNC:357]	0.54314363	
IKZF2	IKAROS family zinc finger 2 [Source:HGNC Symbol;Acc:HGNC:13177]	0.54288465	
USP38	ubiquitin specific peptidase 38 [Source:HGNC Symbol;Acc:HGNC:20067]	0.5423192	
XYLT1	xylosyltransferase 1 [Source:HGNC Symbol;Acc:HGNC:15516]	0.5416306	
ARPC5	actin related protein 2/3 complex subunit 5 [Source:HGNC Symbol;Acc:HGNC:708]	0.5406526	
PPIB	peptidylprolyl isomerase B [Source:HGNC Symbol;Acc:HGNC:9255]	0.54024607	
PLEKHA2	pleckstrin homology domain containing A2 [Source:HGNC Symbol;Acc:HGNC:14336]	0.53989494	
DENND4C	DENN domain containing 4C [Source:HGNC Symbol;Acc:HGNC:26079]	0.5372867	
ATP6V1F	ATPase H+ transporting V1 subunit F [Source:HGNC Symbol;Acc:HGNC:16832]	0.53648496	
HINT1	histidine triad nucleotide binding protein 1 [Source:HGNC Symbol;Acc:HGNC:4912]	0.5364606	
TSC22D4	TSC22 domain family member 4 [Source:HGNC Symbol;Acc:HGNC:21696]	0.53640485	
AKR1A1	aldo-keto reductase family 1 member A1 [Source:HGNC Symbol;Acc:HGNC:380]	0.53589547	
PLEKHA5	pleckstrin homology domain containing A5 [Source:HGNC Symbol;Acc:HGNC:30036]	0.5350425	
AKIRIN1	akirin 1 [Source:HGNC Symbol;Acc:HGNC:25744]	0.5347148	
GNG10	G protein subunit gamma 10 [Source:HGNC Symbol;Acc:HGNC:4402]	0.53434145	
NR3C1	nuclear receptor subfamily 3 group C member 1 [Source:HGNC Symbol;Acc:HGNC:7978]	0.5342901	
EVI2A	ecotropic viral integration site 2A [Source:HGNC Symbol;Acc:HGNC:3499]	0.5341159	
DAD1	defender against cell death 1 [Source:HGNC Symbol;Acc:HGNC:2664]	0.5336793	
PLCB4	phospholipase C beta 4 [Source:HGNC Symbol;Acc:HGNC:9059]	0.53332704	
RHEB	Ras homolog, mTORC1 binding [Source:HGNC Symbol;Acc:HGNC:10011]	0.5314458	
COX7A2	cytochrome c oxidase subunit 7A2 [Source:HGNC Symbol;Acc:HGNC:2288]	0.5309828	
MYO10	myosin X [Source:HGNC Symbol;Acc:HGNC:7593]	0.53086483	
CCR4	C-C motif chemokine receptor 4 [Source:HGNC Symbol;Acc:HGNC:1605]	0.52943915	
TRPV2	transient receptor potential cation channel subfamily V member 2 [Source:HGNC Symbol;Acc:HGNC:18082]	0.52704054	
MIF4GD	MIF4G domain containing [Source:HGNC Symbol;Acc:HGNC:24030]	0.52687603	
SYNJ2	synaptojanin 2 [Source:HGNC Symbol;Acc:HGNC:11504]	0.52530575	
SMS	spermine synthase [Source:HGNC Symbol;Acc:HGNC:11123]	0.5239572	
BMAL1	basic helix-loop-helix ARNT like 1 [Source:HGNC Symbol;Acc:HGNC:701]	0.52343273	
P2RY10	P2Y receptor family member 10 [Source:HGNC Symbol;Acc:HGNC:19906]	0.5234221	
EIF1	eukaryotic translation initiation factor 1 [Source:HGNC Symbol;Acc:HGNC:3249]	0.52050817	
NTAQ1	N-terminal glutamine amidase 1 [Source:HGNC Symbol;Acc:HGNC:25490]	0.51965576	
SEM1	SEM1 26S proteasome subunit [Source:HGNC Symbol;Acc:HGNC:10845]	0.51948404	
GPSM3	G protein signaling modulator 3 [Source:HGNC Symbol;Acc:HGNC:13945]	0.51795363	
B3GALT1	beta-1,3-galactosyltransferase 1 [Source:HGNC Symbol;Acc:HGNC:916]	0.5167776	
GTF2IRD1	GTF2I repeat domain containing 1 [Source:HGNC Symbol;Acc:HGNC:4661]	0.5149024	
PCNX1	pecanex 1 [Source:HGNC Symbol;Acc:HGNC:19740]	0.51455265	
BTF3	basic transcription factor 3 [Source:HGNC Symbol;Acc:HGNC:1125]	0.5142502	
GTPBP1	GTP binding protein 1 [Source:HGNC Symbol;Acc:HGNC:4669]	0.51282865	
TXNDC17	thioredoxin domain containing 17 [Source:HGNC Symbol;Acc:HGNC:28218]	0.510689	
UFC1	ubiquitin-fold modifier conjugating enzyme 1 [Source:HGNC Symbol;Acc:HGNC:26941]	0.5100104	
GABPB1	GA binding protein transcription factor subunit beta 1 [Source:HGNC Symbol;Acc:HGNC:4074]	0.50901514	
ANGPTL2	angiopoietin like 2 [Source:HGNC Symbol;Acc:HGNC:490]	0.5077748	
JAZF1	JAZF zinc finger 1 [Source:HGNC Symbol;Acc:HGNC:28917]	0.5073992	
SEC24D	SEC24 homolog D, COPII coat complex component [Source:HGNC Symbol;Acc:HGNC:10706]	0.5060866	
PFN1	profilin 1 [Source:HGNC Symbol;Acc:HGNC:8881]	0.50606835	
TOMM6	translocase of outer mitochondrial membrane 6 [Source:HGNC Symbol;Acc:HGNC:34528]	0.5060197	
ZC3HAV1	zinc finger CCCH-type containing, antiviral 1 [Source:HGNC Symbol;Acc:HGNC:23721]	0.50592345	
CHST2	carbohydrate sulfotransferase 2 [Source:HGNC Symbol;Acc:HGNC:1970]	0.50584435	
COX4I1	cytochrome c oxidase subunit 4I1 [Source:HGNC Symbol;Acc:HGNC:2265]	0.50548756	
FKBP1A	FKBP prolyl isomerase 1A [Source:HGNC Symbol;Acc:HGNC:3711]	0.505356	
POMP	proteasome maturation protein [Source:HGNC Symbol;Acc:HGNC:20330]	0.50409985	
NT5DC3	5'-nucleotidase domain containing 3 [Source:HGNC Symbol;Acc:HGNC:30826]	0.5039917	
CHD7	chromodomain helicase DNA binding protein 7 [Source:HGNC Symbol;Acc:HGNC:20626]	0.5021168	
PLEKHB2	pleckstrin homology domain containing B2 [Source:HGNC Symbol;Acc:HGNC:19236]	0.50139683	
SERINC3	serine incorporator 3 [Source:HGNC Symbol;Acc:HGNC:11699]	0.50054866	
JAML	junction adhesion molecule like [Source:HGNC Symbol;Acc:HGNC:19084]	0.49980164	
IL12RB2	interleukin 12 receptor subunit beta 2 [Source:HGNC Symbol;Acc:HGNC:5972]	0.49974367	
SEC61B	SEC61 translocon subunit beta [Source:HGNC Symbol;Acc:HGNC:16993]	0.49957263	
ITGB1	integrin subunit beta 1 [Source:HGNC Symbol;Acc:HGNC:6153]	0.49854398	
CCDC28B	coiled-coil domain containing 28B [Source:HGNC Symbol;Acc:HGNC:28163]	0.4973767	
INTS7	integrator complex subunit 7 [Source:HGNC Symbol;Acc:HGNC:24484]	0.49696627	
POLD4	DNA polymerase delta 4, accessory subunit [Source:HGNC Symbol;Acc:HGNC:14106]	0.4966856	
DIAPH1	diaphanous related formin 1 [Source:HGNC Symbol;Acc:HGNC:2876]	0.49531937	
ATP5MF	ATP synthase membrane subunit f [Source:HGNC Symbol;Acc:HGNC:848]	0.4945248	
ALCAM	activated leukocyte cell adhesion molecule [Source:HGNC Symbol;Acc:HGNC:400]	0.49447274	
SESTD1	SEC14 and spectrin domain containing 1 [Source:HGNC Symbol;Acc:HGNC:18379]	0.4932443	
CD3D	CD3 delta subunit of T-cell receptor complex [Source:HGNC Symbol;Acc:HGNC:1673]	0.4929676	
UQCRQ	ubiquinol-cytochrome c reductase complex III subunit VII [Source:HGNC Symbol;Acc:HGNC:29594]	0.49279067	
KPNA1	karyopherin subunit alpha 1 [Source:HGNC Symbol;Acc:HGNC:6394]	0.49273205	
EFHD2	EF-hand domain family member D2 [Source:HGNC Symbol;Acc:HGNC:28670]	0.49216944	
GABBR1	gamma-aminobutyric acid type B receptor subunit 1 [Source:HGNC Symbol;Acc:HGNC:4070]	0.49184453	
TMEM64	transmembrane protein 64 [Source:HGNC Symbol;Acc:HGNC:25441]	0.4910973	
MAP3K5	mitogen-activated protein kinase kinase kinase 5 [Source:HGNC Symbol;Acc:HGNC:6857]	0.49109372	
BCL7C	BAF chromatin remodeling complex subunit BCL7C [Source:HGNC Symbol;Acc:HGNC:1006]	0.48981667	
ACOT7	acyl-CoA thioesterase 7 [Source:HGNC Symbol;Acc:HGNC:24157]	0.48972484	
KDM6B	lysine demethylase 6B [Source:HGNC Symbol;Acc:HGNC:29012]	0.4888978	
ADORA2A	adenosine A2a receptor [Source:HGNC Symbol;Acc:HGNC:263]	0.48882872	
NCF4	neutrophil cytosolic factor 4 [Source:HGNC Symbol;Acc:HGNC:7662]	0.48717862	
DOT1L	DOT1 like histone lysine methyltransferase [Source:HGNC Symbol;Acc:HGNC:24948]	0.48612553	
PBX3	PBX homeobox 3 [Source:HGNC Symbol;Acc:HGNC:8634]	0.48458806	
EIF5A	eukaryotic translation initiation factor 5A [Source:HGNC Symbol;Acc:HGNC:3300]	0.48399305	
TMBIM4	transmembrane BAX inhibitor motif containing 4 [Source:HGNC Symbol;Acc:HGNC:24257]	0.48384023	
ELMO1	engulfment and cell motility 1 [Source:HGNC Symbol;Acc:HGNC:16286]	0.48293108	
PTPN11	protein tyrosine phosphatase non-receptor type 11 [Source:HGNC Symbol;Acc:HGNC:9644]	0.48218608	
PTGER2	prostaglandin E receptor 2 [Source:HGNC Symbol;Acc:HGNC:9594]	0.4814406	
TSC22D2	TSC22 domain family member 2 [Source:HGNC Symbol;Acc:HGNC:29095]	0.48107076	
SLK	STE20 like kinase [Source:HGNC Symbol;Acc:HGNC:11088]	0.480683	
SRGAP2	SLIT-ROBO Rho GTPase activating protein 2 [Source:HGNC Symbol;Acc:HGNC:19751]	0.48062968	
SNRPG	small nuclear ribonucleoprotein polypeptide G [Source:HGNC Symbol;Acc:HGNC:11163]	0.48025626	
ZC3H12A	zinc finger CCCH-type containing 12A [Source:HGNC Symbol;Acc:HGNC:26259]	0.47988674	
MICAL1	microtubule associated monooxygenase, calponin and LIM domain containing 1 [Source:HGNC Symbol;Acc:HGNC:20619]	0.47985795	
SH2B1	SH2B adaptor protein 1 [Source:HGNC Symbol;Acc:HGNC:30417]	0.47946125	
MCM6	minichromosome maintenance complex component 6 [Source:HGNC Symbol;Acc:HGNC:6949]	0.47938308	
RAP1A	RAP1A, member of RAS oncogene family [Source:HGNC Symbol;Acc:HGNC:9855]	0.47884056	
DIP2B	disco interacting protein 2 homolog B [Source:HGNC Symbol;Acc:HGNC:29284]	0.47859573	
CLTC	clathrin heavy chain [Source:HGNC Symbol;Acc:HGNC:2092]	0.47793648	
GNPTAB	N-acetylglucosamine-1-phosphate transferase subunits alpha and beta [Source:HGNC Symbol;Acc:HGNC:29670]	0.4769998	
PRDM1	PR/SET domain 1 [Source:HGNC Symbol;Acc:HGNC:9346]	0.47604993	
TMEM176A	transmembrane protein 176A [Source:HGNC Symbol;Acc:HGNC:24930]	0.47586197	
NDUFA2	NADH:ubiquinone oxidoreductase subunit A2 [Source:HGNC Symbol;Acc:HGNC:7685]	0.47539285	
ARHGDIB	Rho GDP dissociation inhibitor beta [Source:HGNC Symbol;Acc:HGNC:679]	0.47506902	
TMA7	translation machinery associated 7 homolog [Source:HGNC Symbol;Acc:HGNC:26932]	0.4746932	
CIAPIN1	cytokine induced apoptosis inhibitor 1 [Source:HGNC Symbol;Acc:HGNC:28050]	0.4746922	
NDUFB8	NADH:ubiquinone oxidoreductase subunit B8 [Source:HGNC Symbol;Acc:HGNC:7703]	0.47466466	
KRAS	KRAS proto-oncogene, GTPase [Source:HGNC Symbol;Acc:HGNC:6407]	0.47431806	
TNFAIP8	TNF alpha induced protein 8 [Source:HGNC Symbol;Acc:HGNC:17260]	0.47404566	
DYNLT5	dynein light chain Tctex-type family member 5 [Source:HGNC Symbol;Acc:HGNC:26882]	0.4731138	
EML4	EMAP like 4 [Source:HGNC Symbol;Acc:HGNC:1316]	0.47161263	
BTBD9	BTB domain containing 9 [Source:HGNC Symbol;Acc:HGNC:21228]	0.47091413	
APAF1	apoptotic peptidase activating factor 1 [Source:HGNC Symbol;Acc:HGNC:576]	0.47087023	
PSMD8	proteasome 26S subunit, non-ATPase 8 [Source:HGNC Symbol;Acc:HGNC:9566]	0.47020334	
ACTB	actin beta [Source:HGNC Symbol;Acc:HGNC:132]	0.46992502	
NMB	neuromedin B [Source:HGNC Symbol;Acc:HGNC:7842]	0.46820295	
HSPA5	heat shock protein family A (Hsp70) member 5 [Source:HGNC Symbol;Acc:HGNC:5238]	0.46809173	
SLC25A24	solute carrier family 25 member 24 [Source:HGNC Symbol;Acc:HGNC:20662]	0.46772835	
TMEM59	transmembrane protein 59 [Source:HGNC Symbol;Acc:HGNC:1239]	0.46754023	
NDUFA1	NADH:ubiquinone oxidoreductase subunit A1 [Source:HGNC Symbol;Acc:HGNC:7683]	0.46420172	
GCLC	glutamate-cysteine ligase catalytic subunit [Source:HGNC Symbol;Acc:HGNC:4311]	0.4635389	
SRP14	signal recognition particle 14 [Source:HGNC Symbol;Acc:HGNC:11299]	0.46224034	
PSMB1	proteasome 20S subunit beta 1 [Source:HGNC Symbol;Acc:HGNC:9537]	0.4621069	
TMEM176B	transmembrane protein 176B [Source:HGNC Symbol;Acc:HGNC:29596]	0.46127185	
OPTN	optineurin [Source:HGNC Symbol;Acc:HGNC:17142]	0.461164	
RTF2	replication termination factor 2 [Source:HGNC Symbol;Acc:HGNC:15890]	0.46047637	
RNF19B	ring finger protein 19B [Source:HGNC Symbol;Acc:HGNC:26886]	0.46000534	
PABPN1	poly(A) binding protein nuclear 1 [Source:HGNC Symbol;Acc:HGNC:8565]	0.45982593	
EMP1	epithelial membrane protein 1 [Source:HGNC Symbol;Acc:HGNC:3333]	0.4595425	
RPL37	ribosomal protein L37 [Source:HGNC Symbol;Acc:HGNC:10347]	0.4594624	
CDK17	cyclin dependent kinase 17 [Source:HGNC Symbol;Acc:HGNC:8750]	0.45886302	
PIK3R1	phosphoinositide-3-kinase regulatory subunit 1 [Source:HGNC Symbol;Acc:HGNC:8979]	0.45755512	
SQSTM1	sequestosome 1 [Source:HGNC Symbol;Acc:HGNC:11280]	0.45734352	
SLBP	stem-loop binding protein [Source:HGNC Symbol;Acc:HGNC:10904]	0.45731735	
CRMP1	collapsin response mediator protein 1 [Source:HGNC Symbol;Acc:HGNC:2365]	0.45688292	
TCF4	transcription factor 4 [Source:HGNC Symbol;Acc:HGNC:11634]	0.4568568	
TLE5	TLE family member 5, transcriptional modulator [Source:HGNC Symbol;Acc:HGNC:307]	0.456249	
GPRIN3	GPRIN family member 3 [Source:HGNC Symbol;Acc:HGNC:27733]	0.45621216	
IL23R	interleukin 23 receptor [Source:HGNC Symbol;Acc:HGNC:19100]	0.455969	
RBL2	RB transcriptional corepressor like 2 [Source:HGNC Symbol;Acc:HGNC:9894]	0.45457846	
PPP3CC	protein phosphatase 3 catalytic subunit gamma [Source:HGNC Symbol;Acc:HGNC:9316]	0.45428818	
CSNK1A1	casein kinase 1 alpha 1 [Source:HGNC Symbol;Acc:HGNC:2451]	0.4542318	
CITED2	Cbp/p300 interacting transactivator with Glu/Asp rich carboxy-terminal domain 2 [Source:HGNC Symbol;Acc:HGNC:1987]	0.45374262	
AKAP13	A-kinase anchoring protein 13 [Source:HGNC Symbol;Acc:HGNC:371]	0.45305988	
MEX3C	mex-3 RNA binding family member C [Source:HGNC Symbol;Acc:HGNC:28040]	0.4530208	
MAN2A2	mannosidase alpha class 2A member 2 [Source:HGNC Symbol;Acc:HGNC:6825]	0.45242438	
GABARAPL1	GABA type A receptor associated protein like 1 [Source:HGNC Symbol;Acc:HGNC:4068]	0.45237216	
NSMAF	neutral sphingomyelinase activation associated factor [Source:HGNC Symbol;Acc:HGNC:8017]	0.45165548	
TNFRSF18	TNF receptor superfamily member 18 [Source:HGNC Symbol;Acc:HGNC:11914]	0.4508631	
CKS2	CDC28 protein kinase regulatory subunit 2 [Source:HGNC Symbol;Acc:HGNC:2000]	0.45057917	
UTY	ubiquitously transcribed tetratricopeptide repeat containing, Y-linked [Source:HGNC Symbol;Acc:HGNC:12638]	0.45050904	
CSNK1G3	casein kinase 1 gamma 3 [Source:HGNC Symbol;Acc:HGNC:2456]	0.44920224	
PPFIBP1	PPFIA binding protein 1 [Source:HGNC Symbol;Acc:HGNC:9249]	0.44847265	
TOMM7	translocase of outer mitochondrial membrane 7 [Source:HGNC Symbol;Acc:HGNC:21648]	0.44845244	
GABARAPL2	GABA type A receptor associated protein like 2 [Source:HGNC Symbol;Acc:HGNC:13291]	0.4477712	
RTRAF	RNA transcription, translation and transport factor [Source:HGNC Symbol;Acc:HGNC:23169]	0.44724905	
MRPL52	mitochondrial ribosomal protein L52 [Source:HGNC Symbol;Acc:HGNC:16655]	0.44716197	
CASP3	caspase 3 [Source:HGNC Symbol;Acc:HGNC:1504]	0.44647142	
EIF3F	eukaryotic translation initiation factor 3 subunit F [Source:HGNC Symbol;Acc:HGNC:3275]	0.44601837	
AP3S1	adaptor related protein complex 3 subunit sigma 1 [Source:HGNC Symbol;Acc:HGNC:2013]	0.44579157	
TIMM23	translocase of inner mitochondrial membrane 23 [Source:HGNC Symbol;Acc:HGNC:17312]	0.4453311	
LST1	leukocyte specific transcript 1 [Source:HGNC Symbol;Acc:HGNC:14189]	0.4451835	
DCTN2	dynactin subunit 2 [Source:HGNC Symbol;Acc:HGNC:2712]	0.44507372	
KRTCAP2	keratinocyte associated protein 2 [Source:HGNC Symbol;Acc:HGNC:28942]	0.44495213	
NOL10	nucleolar protein 10 [Source:HGNC Symbol;Acc:HGNC:25862]	0.44429067	
TPM3	tropomyosin 3 [Source:HGNC Symbol;Acc:HGNC:12012]	0.4435791	
CD80	CD80 molecule [Source:HGNC Symbol;Acc:HGNC:1700]	0.44225737	
EVA1B	eva-1 homolog B [Source:HGNC Symbol;Acc:HGNC:25558]	0.44214147	
UQCR11	ubiquinol-cytochrome c reductase, complex III subunit XI [Source:HGNC Symbol;Acc:HGNC:30862]	0.44196394	
WNK1	WNK lysine deficient protein kinase 1 [Source:HGNC Symbol;Acc:HGNC:14540]	0.44120935	
ENO1	enolase 1 [Source:HGNC Symbol;Acc:HGNC:3350]	0.44079593	
NEDD8	NEDD8 ubiquitin like modifier [Source:HGNC Symbol;Acc:HGNC:7732]	0.4403445	
PBXIP1	PBX homeobox interacting protein 1 [Source:HGNC Symbol;Acc:HGNC:21199]	0.44001037	
LRP10	LDL receptor related protein 10 [Source:HGNC Symbol;Acc:HGNC:14553]	0.4397672	
STAT5A	signal transducer and activator of transcription 5A [Source:HGNC Symbol;Acc:HGNC:11366]	0.4395682	
DDX3X	DEAD-box helicase 3 X-linked [Source:HGNC Symbol;Acc:HGNC:2745]	0.43925148	
GNB1	G protein subunit beta 1 [Source:HGNC Symbol;Acc:HGNC:4396]	0.43870413	
COPS9	COP9 signalosome subunit 9 [Source:HGNC Symbol;Acc:HGNC:21314]	0.43845686	
CD5	CD5 molecule [Source:HGNC Symbol;Acc:HGNC:1685]	0.4367689	
MAFG	MAF bZIP transcription factor G [Source:HGNC Symbol;Acc:HGNC:6781]	0.43647453	
FAM107B	family with sequence similarity 107 member B [Source:HGNC Symbol;Acc:HGNC:23726]	0.4358157	
CENPB	centromere protein B [Source:HGNC Symbol;Acc:HGNC:1852]	0.43525827	
NEK7	NIMA related kinase 7 [Source:HGNC Symbol;Acc:HGNC:13386]	0.43421733	
ETFB	electron transfer flavoprotein subunit beta [Source:HGNC Symbol;Acc:HGNC:3482]	0.43383428	
CLTA	clathrin light chain A [Source:HGNC Symbol;Acc:HGNC:2090]	0.43339366	
MSI2	musashi RNA binding protein 2 [Source:HGNC Symbol;Acc:HGNC:18585]	0.43322146	
CCR2	C-C motif chemokine receptor 2 [Source:HGNC Symbol;Acc:HGNC:1603]	0.43302366	
TMEM50A	transmembrane protein 50A [Source:HGNC Symbol;Acc:HGNC:30590]	0.43285748	
GLS	glutaminase [Source:HGNC Symbol;Acc:HGNC:4331]	0.4318464	
TMEM14C	transmembrane protein 14C [Source:HGNC Symbol;Acc:HGNC:20952]	0.43145046	
PLEKHO2	pleckstrin homology domain containing O2 [Source:HGNC Symbol;Acc:HGNC:30026]	0.43046114	
SSBP4	single stranded DNA binding protein 4 [Source:HGNC Symbol;Acc:HGNC:15676]	0.43032545	
KIAA1671	KIAA1671 [Source:HGNC Symbol;Acc:HGNC:29345]	0.43031648	
INF2	inverted formin 2 [Source:HGNC Symbol;Acc:HGNC:23791]	0.42996246	
PGAM1	phosphoglycerate mutase 1 [Source:HGNC Symbol;Acc:HGNC:8888]	0.4293493	
ZSWIM4	zinc finger SWIM-type containing 4 [Source:HGNC Symbol;Acc:HGNC:25704]	0.42932734	
AP2M1	adaptor related protein complex 2 subunit mu 1 [Source:HGNC Symbol;Acc:HGNC:564]	0.42734736	
SLC41A2	solute carrier family 41 member 2 [Source:HGNC Symbol;Acc:HGNC:31045]	0.42715785	
CXCR3	C-X-C motif chemokine receptor 3 [Source:HGNC Symbol;Acc:HGNC:4540]	0.4265281	
AKT1	AKT serine/threonine kinase 1 [Source:HGNC Symbol;Acc:HGNC:391]	0.42508918	
STMP1	short transmembrane mitochondrial protein 1 [Source:HGNC Symbol;Acc:HGNC:41909]	0.42414504	
NDEL1	nudE neurodevelopment protein 1 like 1 [Source:HGNC Symbol;Acc:HGNC:17620]	0.4240311	
LGALS3BP	galectin 3 binding protein [Source:HGNC Symbol;Acc:HGNC:6564]	0.42401642	
TXNL1	thioredoxin like 1 [Source:HGNC Symbol;Acc:HGNC:12436]	0.42368287	
ACADS	acyl-CoA dehydrogenase short chain [Source:HGNC Symbol;Acc:HGNC:90]	0.42362818	
VDAC2	voltage dependent anion channel 2 [Source:HGNC Symbol;Acc:HGNC:12672]	0.42293718	
ITK	IL2 inducible T cell kinase [Source:HGNC Symbol;Acc:HGNC:6171]	0.42272398	
TSPAN5	tetraspanin 5 [Source:HGNC Symbol;Acc:HGNC:17753]	0.42262352	
SCAND1	SCAN domain containing 1 [Source:HGNC Symbol;Acc:HGNC:10566]	0.42238092	
AUP1	AUP1 lipid droplet regulating VLDL assembly factor [Source:HGNC Symbol;Acc:HGNC:891]	0.42157033	
SIN3B	SIN3 transcription regulator family member B [Source:HGNC Symbol;Acc:HGNC:19354]	0.42145848	
DYNLL2	dynein light chain LC8-type 2 [Source:HGNC Symbol;Acc:HGNC:24596]	0.42085734	
BSCL2	BSCL2 lipid droplet biogenesis associated, seipin [Source:HGNC Symbol;Acc:HGNC:15832]	0.42069975	
NEAT1	nuclear paraspeckle assembly transcript 1 [Source:HGNC Symbol;Acc:HGNC:30815]	0.42011377	
ENTPD1	ectonucleoside triphosphate diphosphohydrolase 1 [Source:HGNC Symbol;Acc:HGNC:3363]	0.4197259	
PRKCH	protein kinase C eta [Source:HGNC Symbol;Acc:HGNC:9403]	0.4196775	
HIGD2A	HIG1 hypoxia inducible domain family member 2A [Source:HGNC Symbol;Acc:HGNC:28311]	0.4191503	
TPI1	triosephosphate isomerase 1 [Source:HGNC Symbol;Acc:HGNC:12009]	0.41910842	
USP9X	ubiquitin specific peptidase 9 X-linked [Source:HGNC Symbol;Acc:HGNC:12632]	0.41887665	
VPS28	VPS28 subunit of ESCRT-I [Source:HGNC Symbol;Acc:HGNC:18178]	0.41797262	
ATP5MC2	ATP synthase membrane subunit c locus 2 [Source:HGNC Symbol;Acc:HGNC:842]	0.41754252	
SDF4	stromal cell derived factor 4 [Source:HGNC Symbol;Acc:HGNC:24188]	0.41745052	
CFAP20	cilia and flagella associated protein 20 [Source:HGNC Symbol;Acc:HGNC:29523]	0.4174172	
PRR5L	proline rich 5 like [Source:HGNC Symbol;Acc:HGNC:25878]	0.4173045	
CRYBG1	crystallin beta-gamma domain containing 1 [Source:HGNC Symbol;Acc:HGNC:356]	0.41710702	
CUL2	cullin 2 [Source:HGNC Symbol;Acc:HGNC:2552]	0.4165134	
TET2	tet methylcytosine dioxygenase 2 [Source:HGNC Symbol;Acc:HGNC:25941]	0.41618976	
NFKBIE	NFKB inhibitor epsilon [Source:HGNC Symbol;Acc:HGNC:7799]	0.41616982	
IL21	interleukin 21 [Source:HGNC Symbol;Acc:HGNC:6005]	0.4158831	
VPS29	VPS29 retromer complex component [Source:HGNC Symbol;Acc:HGNC:14340]	0.41576308	
ATXN7L1	ataxin 7 like 1 [Source:HGNC Symbol;Acc:HGNC:22210]	0.41564596	
FAR1	fatty acyl-CoA reductase 1 [Source:HGNC Symbol;Acc:HGNC:26222]	0.41551828	
NFATC2	nuclear factor of activated T cells 2 [Source:HGNC Symbol;Acc:HGNC:7776]	0.4154572	
RELL1	RELT like 1 [Source:HGNC Symbol;Acc:HGNC:27379]	0.41538024	
CD160	CD160 molecule [Source:HGNC Symbol;Acc:HGNC:17013]	0.41515106	
ATL3	atlastin GTPase 3 [Source:HGNC Symbol;Acc:HGNC:24526]	0.41504386	
NINJ1	ninjurin 1 [Source:HGNC Symbol;Acc:HGNC:7824]	0.41501915	
CELF2	CUGBP Elav-like family member 2 [Source:HGNC Symbol;Acc:HGNC:2550]	0.41469806	
EMD	emerin [Source:HGNC Symbol;Acc:HGNC:3331]	0.41453475	
HECW2	HECT, C2 and WW domain containing E3 ubiquitin protein ligase 2 [Source:HGNC Symbol;Acc:HGNC:29853]	0.41416413	
MIDN	midnolin [Source:HGNC Symbol;Acc:HGNC:16298]	0.4140984	
GSAP	gamma-secretase activating protein [Source:HGNC Symbol;Acc:HGNC:28042]	0.41360524	
PLEKHM3	pleckstrin homology domain containing M3 [Source:HGNC Symbol;Acc:HGNC:34006]	0.41329446	
TMEM126A	transmembrane protein 126A [Source:HGNC Symbol;Acc:HGNC:25382]	0.41315052	
CHMP2A	charged multivesicular body protein 2A [Source:HGNC Symbol;Acc:HGNC:30216]	0.4128205	
SERPINA3	serpin family A member 3 [Source:HGNC Symbol;Acc:HGNC:16]	0.41201678	
FGL2	fibrinogen like 2 [Source:HGNC Symbol;Acc:HGNC:3696]	0.4116975	
CEMIP2	cell migration inducing hyaluronidase 2 [Source:HGNC Symbol;Acc:HGNC:11869]	0.4106766	
ARHGDIA	Rho GDP dissociation inhibitor alpha [Source:HGNC Symbol;Acc:HGNC:678]	0.41060016	
ABL1	ABL proto-oncogene 1, non-receptor tyrosine kinase [Source:HGNC Symbol;Acc:HGNC:76]	0.40893215	
GLIPR2	GLI pathogenesis related 2 [Source:HGNC Symbol;Acc:HGNC:18007]	0.40883243	
MTHFR	methylenetetrahydrofolate reductase [Source:HGNC Symbol;Acc:HGNC:7436]	0.40835717	
ITGAE	integrin subunit alpha E [Source:HGNC Symbol;Acc:HGNC:6147]	0.40791127	
GPI	glucose-6-phosphate isomerase [Source:HGNC Symbol;Acc:HGNC:4458]	0.40726224	
ATP2A2	ATPase sarcoplasmic/endoplasmic reticulum Ca2+ transporting 2 [Source:HGNC Symbol;Acc:HGNC:812]	0.4070645	
DNAJC1	DnaJ heat shock protein family (Hsp40) member C1 [Source:HGNC Symbol;Acc:HGNC:20090]	0.40680516	
RWDD1	RWD domain containing 1 [Source:HGNC Symbol;Acc:HGNC:20993]	0.40673432	
ORMDL3	ORMDL sphingolipid biosynthesis regulator 3 [Source:HGNC Symbol;Acc:HGNC:16038]	0.40596867	
BTG3	BTG anti-proliferation factor 3 [Source:HGNC Symbol;Acc:HGNC:1132]	0.40591362	
CX3CR1	C-X3-C motif chemokine receptor 1 [Source:HGNC Symbol;Acc:HGNC:2558]	0.4057372	
WDR1	WD repeat domain 1 [Source:HGNC Symbol;Acc:HGNC:12754]	0.405314	
TMED9	transmembrane p24 trafficking protein 9 [Source:HGNC Symbol;Acc:HGNC:24878]	0.40482938	
MRPS6	mitochondrial ribosomal protein S6 [Source:HGNC Symbol;Acc:HGNC:14051]	0.4047342	
RNASEK	ribonuclease K [Source:HGNC Symbol;Acc:HGNC:33911]	0.4046004	
MYO3B	myosin IIIB [Source:HGNC Symbol;Acc:HGNC:15576]	0.403952	
LEO1	LEO1 homolog, Paf1/RNA polymerase II complex component [Source:HGNC Symbol;Acc:HGNC:30401]	0.40393972	
ALDOA	aldolase, fructose-bisphosphate A [Source:HGNC Symbol;Acc:HGNC:414]	0.4039219	
DOK2	docking protein 2 [Source:HGNC Symbol;Acc:HGNC:2991]	0.4038327	
ARF1	ADP ribosylation factor 1 [Source:HGNC Symbol;Acc:HGNC:652]	0.40375862	
SENP6	SUMO specific peptidase 6 [Source:HGNC Symbol;Acc:HGNC:20944]	0.40314785	
SYTL1	synaptotagmin like 1 [Source:HGNC Symbol;Acc:HGNC:15584]	0.40261275	
ATP6V0E1	ATPase H+ transporting V0 subunit e1 [Source:HGNC Symbol;Acc:HGNC:863]	0.40223035	
SIGIRR	single Ig and TIR domain containing [Source:HGNC Symbol;Acc:HGNC:30575]	0.40174332	
MRPS21	mitochondrial ribosomal protein S21 [Source:HGNC Symbol;Acc:HGNC:14046]	0.4016709	
ITGAL	integrin subunit alpha L [Source:HGNC Symbol;Acc:HGNC:6148]	0.40138924	
RNF10	ring finger protein 10 [Source:HGNC Symbol;Acc:HGNC:10055]	0.40121502	
MAN1B1	mannosidase alpha class 1B member 1 [Source:HGNC Symbol;Acc:HGNC:6823]	0.4008962	
ABHD2	abhydrolase domain containing 2, acylglycerol lipase [Source:HGNC Symbol;Acc:HGNC:18717]	0.40063986	
ANXA11	annexin A11 [Source:HGNC Symbol;Acc:HGNC:535]	0.4002608	
NF1	neurofibromin 1 [Source:HGNC Symbol;Acc:HGNC:7765]	0.40009698	
HCCS	holocytochrome c synthase [Source:HGNC Symbol;Acc:HGNC:4837]	0.4000358	
MTCH1	mitochondrial carrier 1 [Source:HGNC Symbol;Acc:HGNC:17586]	0.39879644	
PFDN1	prefoldin subunit 1 [Source:HGNC Symbol;Acc:HGNC:8866]	0.39862832	
SHLD1	shieldin complex subunit 1 [Source:HGNC Symbol;Acc:HGNC:26318]	0.3985709	
ZSWIM6	zinc finger SWIM-type containing 6 [Source:HGNC Symbol;Acc:HGNC:29316]	0.39846203	
PSMB3	proteasome 20S subunit beta 3 [Source:HGNC Symbol;Acc:HGNC:9540]	0.39773497	
PLP2	proteolipid protein 2 [Source:HGNC Symbol;Acc:HGNC:9087]	0.39746854	
CAPZA2	capping actin protein of muscle Z-line subunit alpha 2 [Source:HGNC Symbol;Acc:HGNC:1490]	0.39692807	
CORO1A	coronin 1A [Source:HGNC Symbol;Acc:HGNC:2252]	0.3966842	
F2R	coagulation factor II thrombin receptor [Source:HGNC Symbol;Acc:HGNC:3537]	0.3961286	
SERPINB6	serpin family B member 6 [Source:HGNC Symbol;Acc:HGNC:8950]	0.39578062	
TMEM234	transmembrane protein 234 [Source:HGNC Symbol;Acc:HGNC:28837]	0.39576492	
MYO16	myosin XVI [Source:HGNC Symbol;Acc:HGNC:29822]	0.39569914	
RNF149	ring finger protein 149 [Source:HGNC Symbol;Acc:HGNC:23137]	0.39566413	
LPGAT1	lysophosphatidylglycerol acyltransferase 1 [Source:HGNC Symbol;Acc:HGNC:28985]	0.39497817	
GNG5	G protein subunit gamma 5 [Source:HGNC Symbol;Acc:HGNC:4408]	0.39497218	
ATP6V0C	ATPase H+ transporting V0 subunit c [Source:HGNC Symbol;Acc:HGNC:855]	0.39493546	
COMMD4	COMM domain containing 4 [Source:HGNC Symbol;Acc:HGNC:26027]	0.3945187	
PPP2R2D	protein phosphatase 2 regulatory subunit Bdelta [Source:HGNC Symbol;Acc:HGNC:23732]	0.39407274	
SNX25	sorting nexin 25 [Source:HGNC Symbol;Acc:HGNC:21883]	0.39380154	
ZC3H7A	zinc finger CCCH-type containing 7A [Source:HGNC Symbol;Acc:HGNC:30959]	0.39341754	
RPS15A	ribosomal protein S15a [Source:HGNC Symbol;Acc:HGNC:10389]	0.39321926	
DAZAP2	DAZ associated protein 2 [Source:HGNC Symbol;Acc:HGNC:2684]	0.39272532	
MAP3K14	mitogen-activated protein kinase kinase kinase 14 [Source:HGNC Symbol;Acc:HGNC:6853]	0.39241385	
CEP250	centrosomal protein 250 [Source:HGNC Symbol;Acc:HGNC:1859]	0.39221588	
DENR	density regulated re-initiation and release factor [Source:HGNC Symbol;Acc:HGNC:2769]	0.3915705	
TSPAN2	tetraspanin 2 [Source:HGNC Symbol;Acc:HGNC:20659]	0.39148605	
GCNT2	glucosaminyl (N-acetyl) transferase 2 (I blood group) [Source:HGNC Symbol;Acc:HGNC:4204]	0.39080867	
ZFP36L1	ZFP36 ring finger protein like 1 [Source:HGNC Symbol;Acc:HGNC:1107]	0.3905134	
IFT20	intraflagellar transport 20 [Source:HGNC Symbol;Acc:HGNC:30989]	0.38949218	
SRI	sorcin [Source:HGNC Symbol;Acc:HGNC:11292]	0.38930118	
JMY	junction mediating and regulatory protein, p53 cofactor [Source:HGNC Symbol;Acc:HGNC:28916]	0.3877094	
SLC38A2	solute carrier family 38 member 2 [Source:HGNC Symbol;Acc:HGNC:13448]	0.387554	
ATP5PF	ATP synthase peripheral stalk subunit F6 [Source:HGNC Symbol;Acc:HGNC:847]	0.38724482	
UBE2V1	ubiquitin conjugating enzyme E2 V1 [Source:HGNC Symbol;Acc:HGNC:12494]	0.3863612	
RNFT1	ring finger protein, transmembrane 1 [Source:HGNC Symbol;Acc:HGNC:30206]	0.3857839	
ESD	esterase D [Source:HGNC Symbol;Acc:HGNC:3465]	0.38549745	
MTHFS	methenyltetrahydrofolate synthetase [Source:HGNC Symbol;Acc:HGNC:7437]	0.38521275	
UNC45A	unc-45 myosin chaperone A [Source:HGNC Symbol;Acc:HGNC:30594]	0.38506153	
RCOR1	REST corepressor 1 [Source:HGNC Symbol;Acc:HGNC:17441]	0.38380298	
NDUFA3	NADH:ubiquinone oxidoreductase subunit A3 [Source:HGNC Symbol;Acc:HGNC:7686]	0.38345984	
THAP12	THAP domain containing 12 [Source:HGNC Symbol;Acc:HGNC:9440]	0.38269156	
XKR6	XK related 6 [Source:HGNC Symbol;Acc:HGNC:27806]	0.38226542	
GALM	galactose mutarotase [Source:HGNC Symbol;Acc:HGNC:24063]	0.3819214	
PTPN6	protein tyrosine phosphatase non-receptor type 6 [Source:HGNC Symbol;Acc:HGNC:9658]	0.38170287	
LXN	latexin [Source:HGNC Symbol;Acc:HGNC:13347]	0.38159254	
EHBP1L1	EH domain binding protein 1 like 1 [Source:HGNC Symbol;Acc:HGNC:30682]	0.38077325	
SLC29A1	solute carrier family 29 member 1 (Augustine blood group) [Source:HGNC Symbol;Acc:HGNC:11003]	0.38068685	
HADHA	hydroxyacyl-CoA dehydrogenase trifunctional multienzyme complex subunit alpha [Source:HGNC Symbol;Acc:HGNC:4801]	0.37986037	
KIAA1958	KIAA1958 [Source:HGNC Symbol;Acc:HGNC:23427]	0.37890756	
SAP18	Sin3A associated protein 18 [Source:HGNC Symbol;Acc:HGNC:10530]	0.37796548	
JOSD1	Josephin domain containing 1 [Source:HGNC Symbol;Acc:HGNC:28953]	0.37763155	
SDF2	stromal cell derived factor 2 [Source:HGNC Symbol;Acc:HGNC:10675]	0.37757918	
CENPA	centromere protein A [Source:HGNC Symbol;Acc:HGNC:1851]	0.37709138	
ITGB2	integrin subunit beta 2 [Source:HGNC Symbol;Acc:HGNC:6155]	0.37707692	
FUCA1	alpha-L-fucosidase 1 [Source:HGNC Symbol;Acc:HGNC:4006]	0.37699237	
ZBTB38	zinc finger and BTB domain containing 38 [Source:HGNC Symbol;Acc:HGNC:26636]	0.3766062	
ITPRIPL2	ITPRIP like 2 [Source:HGNC Symbol;Acc:HGNC:27257]	0.3760149	
TAX1BP1	Tax1 binding protein 1 [Source:HGNC Symbol;Acc:HGNC:11575]	0.37576964	
LUC7L2	LUC7 like 2, pre-mRNA splicing factor [Source:HGNC Symbol;Acc:HGNC:21608]	0.37549385	
SNX5	sorting nexin 5 [Source:HGNC Symbol;Acc:HGNC:14969]	0.37548593	
STK11	serine/threonine kinase 11 [Source:HGNC Symbol;Acc:HGNC:11389]	0.37509656	
FMNL1	formin like 1 [Source:HGNC Symbol;Acc:HGNC:1212]	0.37506562	
PTPRS	protein tyrosine phosphatase receptor type S [Source:HGNC Symbol;Acc:HGNC:9681]	0.37445834	
UBE2J2	ubiquitin conjugating enzyme E2 J2 [Source:HGNC Symbol;Acc:HGNC:19268]	0.37443408	
CETN2	centrin 2 [Source:HGNC Symbol;Acc:HGNC:1867]	0.37366104	
MKRN1	makorin ring finger protein 1 [Source:HGNC Symbol;Acc:HGNC:7112]	0.37330133	
ABR	ABR activator of RhoGEF and GTPase [Source:HGNC Symbol;Acc:HGNC:81]	0.3730953	
CDC25B	cell division cycle 25B [Source:HGNC Symbol;Acc:HGNC:1726]	0.37282535	
YWHAH	tyrosine 3-monooxygenase/tryptophan 5-monooxygenase activation protein eta [Source:HGNC Symbol;Acc:HGNC:12853]	0.37276116	
UQCRB	ubiquinol-cytochrome c reductase binding protein [Source:HGNC Symbol;Acc:HGNC:12582]	0.37242922	
COX7B	cytochrome c oxidase subunit 7B [Source:HGNC Symbol;Acc:HGNC:2291]	0.37233847	
GNPDA1	glucosamine-6-phosphate deaminase 1 [Source:HGNC Symbol;Acc:HGNC:4417]	0.37205032	
NDUFA7	NADH:ubiquinone oxidoreductase subunit A7 [Source:HGNC Symbol;Acc:HGNC:7691]	0.37202945	
MRPL33	mitochondrial ribosomal protein L33 [Source:HGNC Symbol;Acc:HGNC:14487]	0.37178266	
ICAM1	intercellular adhesion molecule 1 [Source:HGNC Symbol;Acc:HGNC:5344]	0.3713697	
AMZ2	archaelysin family metallopeptidase 2 [Source:HGNC Symbol;Acc:HGNC:28041]	0.37072578	
SORL1	sortilin related receptor 1 [Source:HGNC Symbol;Acc:HGNC:11185]	0.37039864	
IVNS1ABP	influenza virus NS1A binding protein [Source:HGNC Symbol;Acc:HGNC:16951]	0.37025842	
KXD1	KxDL motif containing 1 [Source:HGNC Symbol;Acc:HGNC:28420]	0.37009707	
PEAK1	pseudopodium enriched atypical kinase 1 [Source:HGNC Symbol;Acc:HGNC:29431]	0.36946267	
ROMO1	reactive oxygen species modulator 1 [Source:HGNC Symbol;Acc:HGNC:16185]	0.36911696	
NFKB2	nuclear factor kappa B subunit 2 [Source:HGNC Symbol;Acc:HGNC:7795]	0.36852127	
B9D2	B9 domain containing 2 [Source:HGNC Symbol;Acc:HGNC:28636]	0.36844298	
IFI27	interferon alpha inducible protein 27 [Source:HGNC Symbol;Acc:HGNC:5397]	0.3679792	
BTBD19	BTB domain containing 19 [Source:HGNC Symbol;Acc:HGNC:27145]	0.36768162	
UBE2F	ubiquitin conjugating enzyme E2 F (putative) [Source:HGNC Symbol;Acc:HGNC:12480]	0.36689338	
ARID5B	AT-rich interaction domain 5B [Source:HGNC Symbol;Acc:HGNC:17362]	0.36611724	
ARPC4	actin related protein 2/3 complex subunit 4 [Source:HGNC Symbol;Acc:HGNC:707]	0.36579305	
ARF6	ADP ribosylation factor 6 [Source:HGNC Symbol;Acc:HGNC:659]	0.3645821	
UBXN1	UBX domain protein 1 [Source:HGNC Symbol;Acc:HGNC:18402]	0.3640403	
YBX1	Y-box binding protein 1 [Source:HGNC Symbol;Acc:HGNC:8014]	0.36341617	
HMCES	5-hydroxymethylcytosine binding, ES cell specific [Source:HGNC Symbol;Acc:HGNC:24446]	0.36183745	
GPR171	G protein-coupled receptor 171 [Source:HGNC Symbol;Acc:HGNC:30057]	0.36156908	
BSG	basigin (Ok blood group) [Source:HGNC Symbol;Acc:HGNC:1116]	0.36128289	
PTPN9	protein tyrosine phosphatase non-receptor type 9 [Source:HGNC Symbol;Acc:HGNC:9661]	0.36124125	
WDFY1	WD repeat and FYVE domain containing 1 [Source:HGNC Symbol;Acc:HGNC:20451]	0.36064723	
IGFLR1	IGF like family receptor 1 [Source:HGNC Symbol;Acc:HGNC:23620]	0.3601783	
IGBP1	immunoglobulin binding protein 1 [Source:HGNC Symbol;Acc:HGNC:5461]	0.36017165	
RAB4B	RAB4B, member RAS oncogene family [Source:HGNC Symbol;Acc:HGNC:9782]	0.3600986	
ZDHHC18	zinc finger DHHC-type palmitoyltransferase 18 [Source:HGNC Symbol;Acc:HGNC:20712]	0.35892215	
MARCKSL1	MARCKS like 1 [Source:HGNC Symbol;Acc:HGNC:7142]	0.3586946	
ABCF1	ATP binding cassette subfamily F member 1 [Source:HGNC Symbol;Acc:HGNC:70]	0.35827693	
PURB	purine rich element binding protein B [Source:HGNC Symbol;Acc:HGNC:9702]	0.35786045	
NDUFA11	NADH:ubiquinone oxidoreductase subunit A11 [Source:HGNC Symbol;Acc:HGNC:20371]	0.3574643	
CCDC12	coiled-coil domain containing 12 [Source:HGNC Symbol;Acc:HGNC:28332]	0.3563344	
DIPK2A	divergent protein kinase domain 2A [Source:HGNC Symbol;Acc:HGNC:28490]	0.355702	
FAM3C	FAM3 metabolism regulating signaling molecule C [Source:HGNC Symbol;Acc:HGNC:18664]	0.35565293	
ANP32A	acidic nuclear phosphoprotein 32 family member A [Source:HGNC Symbol;Acc:HGNC:13233]	0.35559058	
ARID5A	AT-rich interaction domain 5A [Source:HGNC Symbol;Acc:HGNC:17361]	0.3554877	
HLA-A	major histocompatibility complex, class I, A [Source:HGNC Symbol;Acc:HGNC:4931]	0.35532552	
CISD1	CDGSH iron sulfur domain 1 [Source:HGNC Symbol;Acc:HGNC:30880]	0.3550363	
DGKH	diacylglycerol kinase eta [Source:HGNC Symbol;Acc:HGNC:2854]	0.3550329	
PYGB	glycogen phosphorylase B [Source:HGNC Symbol;Acc:HGNC:9723]	0.35487717	
BPNT1	3'(2'), 5'-bisphosphate nucleotidase 1 [Source:HGNC Symbol;Acc:HGNC:1096]	0.35471314	
PDE7A	phosphodiesterase 7A [Source:HGNC Symbol;Acc:HGNC:8791]	0.35463768	
PGLYRP1	peptidoglycan recognition protein 1 [Source:HGNC Symbol;Acc:HGNC:8904]	0.35443547	
TNFRSF25	TNF receptor superfamily member 25 [Source:HGNC Symbol;Acc:HGNC:11910]	0.35407078	
TIGIT	T cell immunoreceptor with Ig and ITIM domains [Source:HGNC Symbol;Acc:HGNC:26838]	0.35402483	
NIPAL1	NIPA like domain containing 1 [Source:HGNC Symbol;Acc:HGNC:27194]	0.35400677	
GRN	granulin precursor [Source:HGNC Symbol;Acc:HGNC:4601]	0.35396641	
LARP1B	La ribonucleoprotein 1B [Source:HGNC Symbol;Acc:HGNC:24704]	0.35391077	
LYPLA2	lysophospholipase 2 [Source:HGNC Symbol;Acc:HGNC:6738]	0.35350057	
RPL24	ribosomal protein L24 [Source:HGNC Symbol;Acc:HGNC:10325]	0.35348898	
WWP2	WW domain containing E3 ubiquitin protein ligase 2 [Source:HGNC Symbol;Acc:HGNC:16804]	0.35257795	
HMG20B	high mobility group 20B [Source:HGNC Symbol;Acc:HGNC:5002]	0.35252464	
PPP1R11	protein phosphatase 1 regulatory inhibitor subunit 11 [Source:HGNC Symbol;Acc:HGNC:9285]	0.3521728	
PDCD1LG2	programmed cell death 1 ligand 2 [Source:HGNC Symbol;Acc:HGNC:18731]	0.3515198	
EIF3C	eukaryotic translation initiation factor 3 subunit C [Source:HGNC Symbol;Acc:HGNC:3279]	0.3513758	
LRIG1	leucine rich repeats and immunoglobulin like domains 1 [Source:HGNC Symbol;Acc:HGNC:17360]	0.3509253	
DSTN	destrin, actin depolymerizing factor [Source:HGNC Symbol;Acc:HGNC:15750]	0.34999526	
ZC3H15	zinc finger CCCH-type containing 15 [Source:HGNC Symbol;Acc:HGNC:29528]	0.3499858	
TMEM167A	transmembrane protein 167A [Source:HGNC Symbol;Acc:HGNC:28330]	0.34983033	
SNTB1	syntrophin beta 1 [Source:HGNC Symbol;Acc:HGNC:11168]	0.34978843	
SGMS1	sphingomyelin synthase 1 [Source:HGNC Symbol;Acc:HGNC:29799]	0.34959102	
FAM124B	family with sequence similarity 124 member B [Source:HGNC Symbol;Acc:HGNC:26224]	0.34952515	
SSNA1	SS nuclear autoantigen 1 [Source:HGNC Symbol;Acc:HGNC:11321]	0.34874767	
BRAF	B-Raf proto-oncogene, serine/threonine kinase [Source:HGNC Symbol;Acc:HGNC:1097]	0.34865767	
EGLN3	egl-9 family hypoxia inducible factor 3 [Source:HGNC Symbol;Acc:HGNC:14661]	0.34859303	
PSMD4	proteasome 26S subunit ubiquitin receptor, non-ATPase 4 [Source:HGNC Symbol;Acc:HGNC:9561]	0.3476744	
BRK1	BRICK1 subunit of SCAR/WAVE actin nucleating complex [Source:HGNC Symbol;Acc:HGNC:23057]	0.34766647	
NFKBIB	NFKB inhibitor beta [Source:HGNC Symbol;Acc:HGNC:7798]	0.34744212	
RAC1	Rac family small GTPase 1 [Source:HGNC Symbol;Acc:HGNC:9801]	0.34736645	
RASSF3	Ras association domain family member 3 [Source:HGNC Symbol;Acc:HGNC:14271]	0.34697998	
BAX	BCL2 associated X, apoptosis regulator [Source:HGNC Symbol;Acc:HGNC:959]	0.34697238	
NSA2	NSA2 ribosome biogenesis factor [Source:HGNC Symbol;Acc:HGNC:30728]	0.34656745	
EIF4E	eukaryotic translation initiation factor 4E [Source:HGNC Symbol;Acc:HGNC:3287]	0.34637362	
RPL39	ribosomal protein L39 [Source:HGNC Symbol;Acc:HGNC:10350]	0.346148	
SSR2	signal sequence receptor subunit 2 [Source:HGNC Symbol;Acc:HGNC:11324]	0.346026	
NPTN	neuroplastin [Source:HGNC Symbol;Acc:HGNC:17867]	0.34594235	
CDIP1	cell death inducing p53 target 1 [Source:HGNC Symbol;Acc:HGNC:13234]	0.34593707	
STARD3NL	STARD3 N-terminal like [Source:HGNC Symbol;Acc:HGNC:19169]	0.34573904	
RPL34	ribosomal protein L34 [Source:HGNC Symbol;Acc:HGNC:10340]	0.34571478	
OGT	O-linked N-acetylglucosamine (GlcNAc) transferase [Source:HGNC Symbol;Acc:HGNC:8127]	0.34551644	
COMMD3	COMM domain containing 3 [Source:HGNC Symbol;Acc:HGNC:23332]	0.34550992	
CASS4	Cas scaffold protein family member 4 [Source:HGNC Symbol;Acc:HGNC:15878]	0.3452642	
ZCRB1	zinc finger CCHC-type and RNA binding motif containing 1 [Source:HGNC Symbol;Acc:HGNC:29620]	0.34520906	
WDR26	WD repeat domain 26 [Source:HGNC Symbol;Acc:HGNC:21208]	0.34511018	
PRDX5	peroxiredoxin 5 [Source:HGNC Symbol;Acc:HGNC:9355]	0.34483024	
POFUT2	protein O-fucosyltransferase 2 [Source:HGNC Symbol;Acc:HGNC:14683]	0.3426589	
ZBTB7A	zinc finger and BTB domain containing 7A [Source:HGNC Symbol;Acc:HGNC:18078]	0.3425452	
GLMP	glycosylated lysosomal membrane protein [Source:HGNC Symbol;Acc:HGNC:29436]	0.34232596	
FAU	FAU ubiquitin like and ribosomal protein S30 fusion [Source:HGNC Symbol;Acc:HGNC:3597]	0.3420983	
IDH3B	isocitrate dehydrogenase (NAD(+)) 3 non-catalytic subunit beta [Source:HGNC Symbol;Acc:HGNC:5385]	0.341689	
CNN2	calponin 2 [Source:HGNC Symbol;Acc:HGNC:2156]	0.34104884	
PIK3AP1	phosphoinositide-3-kinase adaptor protein 1 [Source:HGNC Symbol;Acc:HGNC:30034]	0.3403033	
SUMO2	small ubiquitin like modifier 2 [Source:HGNC Symbol;Acc:HGNC:11125]	0.33934608	
FBXO34	F-box protein 34 [Source:HGNC Symbol;Acc:HGNC:20201]	0.33919388	
DNAJC8	DnaJ heat shock protein family (Hsp40) member C8 [Source:HGNC Symbol;Acc:HGNC:15470]	0.3390916	
PI4K2A	phosphatidylinositol 4-kinase type 2 alpha [Source:HGNC Symbol;Acc:HGNC:30031]	0.33870733	
PPT2	palmitoyl-protein thioesterase 2 [Source:HGNC Symbol;Acc:HGNC:9326]	0.33841267	
MIR155HG	MIR155 host gene [Source:HGNC Symbol;Acc:HGNC:35460]	0.33703682	
SOAT1	sterol O-acyltransferase 1 [Source:HGNC Symbol;Acc:HGNC:11177]	0.33642474	
COX20	cytochrome c oxidase assembly factor COX20 [Source:HGNC Symbol;Acc:HGNC:26970]	0.33618402	
GTF2H5	general transcription factor IIH subunit 5 [Source:HGNC Symbol;Acc:HGNC:21157]	0.3357572	
SYAP1	synapse associated protein 1 [Source:HGNC Symbol;Acc:HGNC:16273]	0.33573177	
PTPA	protein phosphatase 2 phosphatase activator [Source:HGNC Symbol;Acc:HGNC:9308]	0.33460316	
ARPC2	actin related protein 2/3 complex subunit 2 [Source:HGNC Symbol;Acc:HGNC:705]	0.33446676	
TCEA1	transcription elongation factor A1 [Source:HGNC Symbol;Acc:HGNC:11612]	0.33408406	
HRAS	HRas proto-oncogene, GTPase [Source:HGNC Symbol;Acc:HGNC:5173]	0.33380055	
ABHD12	abhydrolase domain containing 12, lysophospholipase [Source:HGNC Symbol;Acc:HGNC:15868]	0.33370125	
UBALD2	UBA like domain containing 2 [Source:HGNC Symbol;Acc:HGNC:28438]	0.3335767	
FBXW8	F-box and WD repeat domain containing 8 [Source:HGNC Symbol;Acc:HGNC:13597]	0.33350855	
PET100	PET100 cytochrome c oxidase chaperone [Source:HGNC Symbol;Acc:HGNC:40038]	0.33324927	
MIEN1	migration and invasion enhancer 1 [Source:HGNC Symbol;Acc:HGNC:28230]	0.33274338	
IQGAP1	IQ motif containing GTPase activating protein 1 [Source:HGNC Symbol;Acc:HGNC:6110]	0.33261257	
FUNDC2	FUN14 domain containing 2 [Source:HGNC Symbol;Acc:HGNC:24925]	0.33229586	
DYNLRB1	dynein light chain roadblock-type 1 [Source:HGNC Symbol;Acc:HGNC:15468]	0.33222768	
ATP5MC3	ATP synthase membrane subunit c locus 3 [Source:HGNC Symbol;Acc:HGNC:843]	0.3320471	
AZIN1	antizyme inhibitor 1 [Source:HGNC Symbol;Acc:HGNC:16432]	0.33194503	
GXYLT1	glucoside xylosyltransferase 1 [Source:HGNC Symbol;Acc:HGNC:27482]	0.33178765	
HIPK2	homeodomain interacting protein kinase 2 [Source:HGNC Symbol;Acc:HGNC:14402]	0.33177963	
CYCS	cytochrome c, somatic [Source:HGNC Symbol;Acc:HGNC:19986]	0.3315844	
ADIPOR1	adiponectin receptor 1 [Source:HGNC Symbol;Acc:HGNC:24040]	0.33144817	
FAM185A	family with sequence similarity 185 member A [Source:HGNC Symbol;Acc:HGNC:22412]	0.33137408	
CTSA	cathepsin A [Source:HGNC Symbol;Acc:HGNC:9251]	0.33124405	
SRRM1	serine and arginine repetitive matrix 1 [Source:HGNC Symbol;Acc:HGNC:16638]	0.33096153	
YPEL3	yippee like 3 [Source:HGNC Symbol;Acc:HGNC:18327]	0.3306817	
UQCRFS1	ubiquinol-cytochrome c reductase, Rieske iron-sulfur polypeptide 1 [Source:HGNC Symbol;Acc:HGNC:12587]	0.33052927	
ARL5B	ADP ribosylation factor like GTPase 5B [Source:HGNC Symbol;Acc:HGNC:23052]	0.3299099	
DEXI	Dexi homolog [Source:HGNC Symbol;Acc:HGNC:13267]	0.32975465	
AFF4	ALF transcription elongation factor 4 [Source:HGNC Symbol;Acc:HGNC:17869]	0.3295616	
MAP3K8	mitogen-activated protein kinase kinase kinase 8 [Source:HGNC Symbol;Acc:HGNC:6860]	0.32927626	
RABGEF1	RAB guanine nucleotide exchange factor 1 [Source:HGNC Symbol;Acc:HGNC:17676]	0.328913	
MFSD14A	major facilitator superfamily domain containing 14A [Source:HGNC Symbol;Acc:HGNC:23363]	0.3286002	
ACP3	acid phosphatase 3 [Source:HGNC Symbol;Acc:HGNC:125]	0.32850045	
VDAC1	voltage dependent anion channel 1 [Source:HGNC Symbol;Acc:HGNC:12669]	0.32732162	
ZNF410	zinc finger protein 410 [Source:HGNC Symbol;Acc:HGNC:20144]	0.3259959	
NAB1	NGFI-A binding protein 1 [Source:HGNC Symbol;Acc:HGNC:7626]	0.32594225	
HNRNPD	heterogeneous nuclear ribonucleoprotein D [Source:HGNC Symbol;Acc:HGNC:5036]	0.32552993	
CCNC	cyclin C [Source:HGNC Symbol;Acc:HGNC:1581]	0.32536533	
UBE2A	ubiquitin conjugating enzyme E2 A [Source:HGNC Symbol;Acc:HGNC:12472]	0.32502645	
RPS21	ribosomal protein S21 [Source:HGNC Symbol;Acc:HGNC:10409]	0.324408	
HPCAL1	hippocalcin like 1 [Source:HGNC Symbol;Acc:HGNC:5145]	0.32350174	
TRABD	TraB domain containing [Source:HGNC Symbol;Acc:HGNC:28805]	0.32292244	
CCR8	C-C motif chemokine receptor 8 [Source:HGNC Symbol;Acc:HGNC:1609]	0.32220888	
DBI	diazepam binding inhibitor, acyl-CoA binding protein [Source:HGNC Symbol;Acc:HGNC:2690]	0.32204786	
INTS6	integrator complex subunit 6 [Source:HGNC Symbol;Acc:HGNC:14879]	0.32155442	
HOPX	HOP homeobox [Source:HGNC Symbol;Acc:HGNC:24961]	0.32141197	
CNTLN	centlein [Source:HGNC Symbol;Acc:HGNC:23432]	0.32095134	
MATK	megakaryocyte-associated tyrosine kinase [Source:HGNC Symbol;Acc:HGNC:6906]	0.32033098	
NOP53	NOP53 ribosome biogenesis factor [Source:HGNC Symbol;Acc:HGNC:4333]	0.32007432	
TPRG1L	tumor protein p63 regulated 1 like [Source:HGNC Symbol;Acc:HGNC:27007]	0.3196614	
ACTN4	actinin alpha 4 [Source:HGNC Symbol;Acc:HGNC:166]	0.3193574	
TCF25	transcription factor 25 [Source:HGNC Symbol;Acc:HGNC:29181]	0.31930184	
CYP51A1	cytochrome P450 family 51 subfamily A member 1 [Source:HGNC Symbol;Acc:HGNC:2649]	0.31831956	
HERPUD1	homocysteine inducible ER protein with ubiquitin like domain 1 [Source:HGNC Symbol;Acc:HGNC:13744]	0.31823742	
CPLANE1	ciliogenesis and planar polarity effector complex subunit 1 [Source:HGNC Symbol;Acc:HGNC:25801]	0.31771705	
MRPL57	mitochondrial ribosomal protein L57 [Source:HGNC Symbol;Acc:HGNC:14514]	0.31720442	
ZDHHC2	zinc finger DHHC-type palmitoyltransferase 2 [Source:HGNC Symbol;Acc:HGNC:18469]	0.31705773	
SEC62	SEC62 homolog, preprotein translocation factor [Source:HGNC Symbol;Acc:HGNC:11846]	0.31676382	
NDUFB6	NADH:ubiquinone oxidoreductase subunit B6 [Source:HGNC Symbol;Acc:HGNC:7701]	0.3166103	
AURKAIP1	aurora kinase A interacting protein 1 [Source:HGNC Symbol;Acc:HGNC:24114]	0.31653517	
PPP1R18	protein phosphatase 1 regulatory subunit 18 [Source:HGNC Symbol;Acc:HGNC:29413]	0.31641072	
EBP	EBP cholestenol delta-isomerase [Source:HGNC Symbol;Acc:HGNC:3133]	0.31614578	
RTN4	reticulon 4 [Source:HGNC Symbol;Acc:HGNC:14085]	0.31605572	
PPP1R12A	protein phosphatase 1 regulatory subunit 12A [Source:HGNC Symbol;Acc:HGNC:7618]	0.31537548	
RAB1B	RAB1B, member RAS oncogene family [Source:HGNC Symbol;Acc:HGNC:18370]	0.31537336	
GOLPH3	golgi phosphoprotein 3 [Source:HGNC Symbol;Acc:HGNC:15452]	0.31530342	
YIPF3	Yip1 domain family member 3 [Source:HGNC Symbol;Acc:HGNC:21023]	0.31519902	
SIVA1	SIVA1 apoptosis inducing factor [Source:HGNC Symbol;Acc:HGNC:17712]	0.31490842	
IDH3A	isocitrate dehydrogenase (NAD(+)) 3 catalytic subunit alpha [Source:HGNC Symbol;Acc:HGNC:5384]	0.31451747	
EPB41L2	erythrocyte membrane protein band 4.1 like 2 [Source:HGNC Symbol;Acc:HGNC:3379]	0.31451407	
MLF2	myeloid leukemia factor 2 [Source:HGNC Symbol;Acc:HGNC:7126]	0.3144838	
CDC42EP3	CDC42 effector protein 3 [Source:HGNC Symbol;Acc:HGNC:16943]	0.31441063	
RNF157	ring finger protein 157 [Source:HGNC Symbol;Acc:HGNC:29402]	0.31407082	
H2AJ	H2A.J histone [Source:HGNC Symbol;Acc:HGNC:14456]	0.31367716	
NCOR1	nuclear receptor corepressor 1 [Source:HGNC Symbol;Acc:HGNC:7672]	0.31359008	
EIF3I	eukaryotic translation initiation factor 3 subunit I [Source:HGNC Symbol;Acc:HGNC:3272]	0.3135104	
VAMP5	vesicle associated membrane protein 5 [Source:HGNC Symbol;Acc:HGNC:12646]	0.31323823	
CD6	CD6 molecule [Source:HGNC Symbol;Acc:HGNC:1691]	0.31319988	
TNFRSF8	TNF receptor superfamily member 8 [Source:HGNC Symbol;Acc:HGNC:11923]	0.31314588	
TMEM134	transmembrane protein 134 [Source:HGNC Symbol;Acc:HGNC:26142]	0.31290296	
RNF138	ring finger protein 138 [Source:HGNC Symbol;Acc:HGNC:17765]	0.31148311	
GHITM	growth hormone inducible transmembrane protein [Source:HGNC Symbol;Acc:HGNC:17281]	0.31116307	
MICOS10	mitochondrial contact site and cristae organizing system subunit 10 [Source:HGNC Symbol;Acc:HGNC:32068]	0.31107545	
PTBP1	polypyrimidine tract binding protein 1 [Source:HGNC Symbol;Acc:HGNC:9583]	0.31089616	
LY6G5B	lymphocyte antigen 6 family member G5B [Source:HGNC Symbol;Acc:HGNC:13931]	0.3108138	
BATF	basic leucine zipper ATF-like transcription factor [Source:HGNC Symbol;Acc:HGNC:958]	0.31040016	
NDUFB11	NADH:ubiquinone oxidoreductase subunit B11 [Source:HGNC Symbol;Acc:HGNC:20372]	0.31021693	
TACC1	transforming acidic coiled-coil containing protein 1 [Source:HGNC Symbol;Acc:HGNC:11522]	0.31003347	
CEP57	centrosomal protein 57 [Source:HGNC Symbol;Acc:HGNC:30794]	0.30992365	
BIN1	bridging integrator 1 [Source:HGNC Symbol;Acc:HGNC:1052]	0.30942348	
BARD1	BRCA1 associated RING domain 1 [Source:HGNC Symbol;Acc:HGNC:952]	0.30891594	
ACOT9	acyl-CoA thioesterase 9 [Source:HGNC Symbol;Acc:HGNC:17152]	0.30857643	
SDC4	syndecan 4 [Source:HGNC Symbol;Acc:HGNC:10661]	0.30835393	
MRPS16	mitochondrial ribosomal protein S16 [Source:HGNC Symbol;Acc:HGNC:14048]	0.30826616	
GIMAP5	GTPase, IMAP family member 5 [Source:HGNC Symbol;Acc:HGNC:18005]	0.30810678	
GOT2	glutamic-oxaloacetic transaminase 2 [Source:HGNC Symbol;Acc:HGNC:4433]	0.30782676	
ELOC	elongin C [Source:HGNC Symbol;Acc:HGNC:11617]	0.3077852	
OGA	O-GlcNAcase [Source:HGNC Symbol;Acc:HGNC:7056]	0.30761814	
GPR107	G protein-coupled receptor 107 [Source:HGNC Symbol;Acc:HGNC:17830]	0.30694902	
SUMO1	small ubiquitin like modifier 1 [Source:HGNC Symbol;Acc:HGNC:12502]	0.30685228	
ARPP19	cAMP regulated phosphoprotein 19 [Source:HGNC Symbol;Acc:HGNC:16967]	0.3067106	
COX14	cytochrome c oxidase assembly factor COX14 [Source:HGNC Symbol;Acc:HGNC:28216]	0.30616063	
CD164	CD164 molecule [Source:HGNC Symbol;Acc:HGNC:1632]	0.30439037	
KLF10	KLF transcription factor 10 [Source:HGNC Symbol;Acc:HGNC:11810]	0.3043395	
TMF1	TATA element modulatory factor 1 [Source:HGNC Symbol;Acc:HGNC:11870]	0.30416346	
SRP9	signal recognition particle 9 [Source:HGNC Symbol;Acc:HGNC:11304]	0.30411994	
VPS37A	VPS37A subunit of ESCRT-I [Source:HGNC Symbol;Acc:HGNC:24928]	0.3039505	
DTX3	deltex E3 ubiquitin ligase 3 [Source:HGNC Symbol;Acc:HGNC:24457]	0.303802	
CHPT1	choline phosphotransferase 1 [Source:HGNC Symbol;Acc:HGNC:17852]	0.30376378	
STK38L	serine/threonine kinase 38 like [Source:HGNC Symbol;Acc:HGNC:17848]	0.30368617	
ENPP1	ectonucleotide pyrophosphatase/phosphodiesterase 1 [Source:HGNC Symbol;Acc:HGNC:3356]	0.30314094	
ATP5PD	ATP synthase peripheral stalk subunit d [Source:HGNC Symbol;Acc:HGNC:845]	0.30301046	
SOD1	superoxide dismutase 1 [Source:HGNC Symbol;Acc:HGNC:11179]	0.30272672	
GALNT3	polypeptide N-acetylgalactosaminyltransferase 3 [Source:HGNC Symbol;Acc:HGNC:4125]	0.30256796	
ZGRF1	zinc finger GRF-type containing 1 [Source:HGNC Symbol;Acc:HGNC:25654]	0.3023541	
HIGD1A	HIG1 hypoxia inducible domain family member 1A [Source:HGNC Symbol;Acc:HGNC:29527]	0.30217153	
GGH	gamma-glutamyl hydrolase [Source:HGNC Symbol;Acc:HGNC:4248]	0.30169982	
TSTD3	thiosulfate sulfurtransferase like domain containing 3 [Source:HGNC Symbol;Acc:HGNC:40910]	0.3011332	
SLC27A6	solute carrier family 27 member 6 [Source:HGNC Symbol;Acc:HGNC:11000]	0.30089924	
EIF4H	eukaryotic translation initiation factor 4H [Source:HGNC Symbol;Acc:HGNC:12741]	0.30069825	
PER1	period circadian regulator 1 [Source:HGNC Symbol;Acc:HGNC:8845]	0.30041853	
ATP1A1	ATPase Na+/K+ transporting subunit alpha 1 [Source:HGNC Symbol;Acc:HGNC:799]	0.30040017	
MED10	mediator complex subunit 10 [Source:HGNC Symbol;Acc:HGNC:28760]	0.30036885	
ARHGAP21	Rho GTPase activating protein 21 [Source:HGNC Symbol;Acc:HGNC:23725]	0.30018222	
ZC3H13	zinc finger CCCH-type containing 13 [Source:HGNC Symbol;Acc:HGNC:20368]	0.30007115	
ADAM8	ADAM metallopeptidase domain 8 [Source:HGNC Symbol;Acc:HGNC:215]	0.30006018	
ARL2BP	ADP ribosylation factor like GTPase 2 binding protein [Source:HGNC Symbol;Acc:HGNC:17146]	0.29974243	
TIMM17B	translocase of inner mitochondrial membrane 17B [Source:HGNC Symbol;Acc:HGNC:17310]	0.2995711	
SKAP2	src kinase associated phosphoprotein 2 [Source:HGNC Symbol;Acc:HGNC:15687]	0.29936206	
P4HB	prolyl 4-hydroxylase subunit beta [Source:HGNC Symbol;Acc:HGNC:8548]	0.29887202	
SNRPE	small nuclear ribonucleoprotein polypeptide E [Source:HGNC Symbol;Acc:HGNC:11161]	0.2984314	
TMED2	transmembrane p24 trafficking protein 2 [Source:HGNC Symbol;Acc:HGNC:16996]	0.29831007	
NDE1	nudE neurodevelopment protein 1 [Source:HGNC Symbol;Acc:HGNC:17619]	0.2981824	
CIAO2A	cytosolic iron-sulfur assembly component 2A [Source:HGNC Symbol;Acc:HGNC:26235]	0.2973836	
SAT1	spermidine/spermine N1-acetyltransferase 1 [Source:HGNC Symbol;Acc:HGNC:10540]	0.2971207	
MPHOSPH6	M-phase phosphoprotein 6 [Source:HGNC Symbol;Acc:HGNC:7214]	0.29692832	
ARL1	ADP ribosylation factor like GTPase 1 [Source:HGNC Symbol;Acc:HGNC:692]	0.29674715	
WDFY2	WD repeat and FYVE domain containing 2 [Source:HGNC Symbol;Acc:HGNC:20482]	0.2965629	
RALBP1	ralA binding protein 1 [Source:HGNC Symbol;Acc:HGNC:9841]	0.2964277	
RPL37A	ribosomal protein L37a [Source:HGNC Symbol;Acc:HGNC:10348]	0.29632115	
CORO1C	coronin 1C [Source:HGNC Symbol;Acc:HGNC:2254]	0.29597345	
PEBP1	phosphatidylethanolamine binding protein 1 [Source:HGNC Symbol;Acc:HGNC:8630]	0.2959042	
CCR5	C-C motif chemokine receptor 5 [Source:HGNC Symbol;Acc:HGNC:1606]	0.2956684	
ATP6V1G2	ATPase H+ transporting V1 subunit G2 [Source:HGNC Symbol;Acc:HGNC:862]	0.2956233	
WDR83OS	WD repeat domain 83 opposite strand [Source:HGNC Symbol;Acc:HGNC:30203]	0.29557842	
TACC2	transforming acidic coiled-coil containing protein 2 [Source:HGNC Symbol;Acc:HGNC:11523]	0.29544964	
EDF1	endothelial differentiation related factor 1 [Source:HGNC Symbol;Acc:HGNC:3164]	0.29500228	
SH3BGRL	SH3 domain binding glutamate rich protein like [Source:HGNC Symbol;Acc:HGNC:10823]	0.2949112	
ANP32E	acidic nuclear phosphoprotein 32 family member E [Source:HGNC Symbol;Acc:HGNC:16673]	0.2948645	
SLC66A2	solute carrier family 66 member 2 [Source:HGNC Symbol;Acc:HGNC:26188]	0.2945594	
OST4	oligosaccharyltransferase complex subunit 4, non-catalytic [Source:HGNC Symbol;Acc:HGNC:32483]	0.2944468	
MAFF	MAF bZIP transcription factor F [Source:HGNC Symbol;Acc:HGNC:6780]	0.29432052	
RAMAC	RNA guanine-7 methyltransferase activating subunit [Source:HGNC Symbol;Acc:HGNC:31022]	0.29425272	
GNPDA2	glucosamine-6-phosphate deaminase 2 [Source:HGNC Symbol;Acc:HGNC:21526]	0.29380214	
COPS4	COP9 signalosome subunit 4 [Source:HGNC Symbol;Acc:HGNC:16702]	0.29380134	
MAPK14	mitogen-activated protein kinase 14 [Source:HGNC Symbol;Acc:HGNC:6876]	0.29364374	
OS9	OS9 endoplasmic reticulum lectin [Source:HGNC Symbol;Acc:HGNC:16994]	0.2931313	
FAM89B	family with sequence similarity 89 member B [Source:HGNC Symbol;Acc:HGNC:16708]	0.2927378	
HK1	hexokinase 1 [Source:HGNC Symbol;Acc:HGNC:4922]	0.29263672	
ZFPM1	zinc finger protein, FOG family member 1 [Source:HGNC Symbol;Acc:HGNC:19762]	0.29260254	
SURF4	surfeit 4 [Source:HGNC Symbol;Acc:HGNC:11476]	0.29252025	
CCDC124	coiled-coil domain containing 124 [Source:HGNC Symbol;Acc:HGNC:25171]	0.2922675	
DYNLT3	dynein light chain Tctex-type 3 [Source:HGNC Symbol;Acc:HGNC:11694]	0.2920765	
PPM1D	protein phosphatase, Mg2+/Mn2+ dependent 1D [Source:HGNC Symbol;Acc:HGNC:9277]	0.2918645	
SLC38A10	solute carrier family 38 member 10 [Source:HGNC Symbol;Acc:HGNC:28237]	0.29059288	
ANTKMT	adenine nucleotide translocase lysine methyltransferase [Source:HGNC Symbol;Acc:HGNC:14152]	0.29059088	
BORCS8	BLOC-1 related complex subunit 8 [Source:HGNC Symbol;Acc:HGNC:37247]	0.29058638	
HMOX2	heme oxygenase 2 [Source:HGNC Symbol;Acc:HGNC:5014]	0.2905521	
SNX2	sorting nexin 2 [Source:HGNC Symbol;Acc:HGNC:11173]	0.2904896	
BLMH	bleomycin hydrolase [Source:HGNC Symbol;Acc:HGNC:1059]	0.29043114	
POLR2K	RNA polymerase II, I and III subunit K [Source:HGNC Symbol;Acc:HGNC:9198]	0.29035452	
PIK3CA	phosphatidylinositol-4,5-bisphosphate 3-kinase catalytic subunit alpha [Source:HGNC Symbol;Acc:HGNC:8975]	0.29018876	
DEGS1	delta 4-desaturase, sphingolipid 1 [Source:HGNC Symbol;Acc:HGNC:13709]	0.29014233	
DPM3	dolichyl-phosphate mannosyltransferase subunit 3, regulatory [Source:HGNC Symbol;Acc:HGNC:3007]	0.2895458	
CENPX	centromere protein X [Source:HGNC Symbol;Acc:HGNC:11422]	0.2892051	
TM2D2	TM2 domain containing 2 [Source:HGNC Symbol;Acc:HGNC:24127]	0.28866792	
GNAQ	G protein subunit alpha q [Source:HGNC Symbol;Acc:HGNC:4390]	0.2885337	
MRPL20	mitochondrial ribosomal protein L20 [Source:HGNC Symbol;Acc:HGNC:14478]	0.2880176	
CPEB2	cytoplasmic polyadenylation element binding protein 2 [Source:HGNC Symbol;Acc:HGNC:21745]	0.28801346	
EIF4EBP1	eukaryotic translation initiation factor 4E binding protein 1 [Source:HGNC Symbol;Acc:HGNC:3288]	0.2879078	
WBP1	WW domain binding protein 1 [Source:HGNC Symbol;Acc:HGNC:12737]	0.2878835	
EI24	EI24 autophagy associated transmembrane protein [Source:HGNC Symbol;Acc:HGNC:13276]	0.28730682	
KIAA0232	KIAA0232 [Source:HGNC Symbol;Acc:HGNC:28992]	0.2868456	
SLC25A39	solute carrier family 25 member 39 [Source:HGNC Symbol;Acc:HGNC:24279]	0.28683752	
DIAPH3	diaphanous related formin 3 [Source:HGNC Symbol;Acc:HGNC:15480]	0.28668573	
DKKL1	dickkopf like acrosomal protein 1 [Source:HGNC Symbol;Acc:HGNC:16528]	0.2866084	
FBXO30	F-box protein 30 [Source:HGNC Symbol;Acc:HGNC:15600]	0.2864641	
EMC3	ER membrane protein complex subunit 3 [Source:HGNC Symbol;Acc:HGNC:23999]	0.2864502	
SUPT4H1	SPT4 homolog, DSIF elongation factor subunit [Source:HGNC Symbol;Acc:HGNC:11467]	0.28636837	
RAD51B	RAD51 paralog B [Source:HGNC Symbol;Acc:HGNC:9822]	0.2863353	
PDZD2	PDZ domain containing 2 [Source:HGNC Symbol;Acc:HGNC:18486]	0.28608444	
KCNMB4	potassium calcium-activated channel subfamily M regulatory beta subunit 4 [Source:HGNC Symbol;Acc:HGNC:6289]	0.28577232	
INCENP	inner centromere protein [Source:HGNC Symbol;Acc:HGNC:6058]	0.28572735	
HSPA4	heat shock protein family A (Hsp70) member 4 [Source:HGNC Symbol;Acc:HGNC:5237]	0.28572124	
HCFC1R1	host cell factor C1 regulator 1 [Source:HGNC Symbol;Acc:HGNC:21198]	0.28567785	
CDC37	cell division cycle 37, HSP90 cochaperone [Source:HGNC Symbol;Acc:HGNC:1735]	0.28556848	
APPL1	adaptor protein, phosphotyrosine interacting with PH domain and leucine zipper 1 [Source:HGNC Symbol;Acc:HGNC:24035]	0.2852976	
SACS	sacsin molecular chaperone [Source:HGNC Symbol;Acc:HGNC:10519]	0.2852433	
TRAPPC1	trafficking protein particle complex subunit 1 [Source:HGNC Symbol;Acc:HGNC:19894]	0.28520107	
HVCN1	hydrogen voltage gated channel 1 [Source:HGNC Symbol;Acc:HGNC:28240]	0.28502122	
PTPMT1	protein tyrosine phosphatase mitochondrial 1 [Source:HGNC Symbol;Acc:HGNC:26965]	0.28476086	
DCTN3	dynactin subunit 3 [Source:HGNC Symbol;Acc:HGNC:2713]	0.28471503	
FGF2	fibroblast growth factor 2 [Source:HGNC Symbol;Acc:HGNC:3676]	0.28408572	
CD200	CD200 molecule [Source:HGNC Symbol;Acc:HGNC:7203]	0.2840459	
RPS27L	ribosomal protein S27 like [Source:HGNC Symbol;Acc:HGNC:18476]	0.2836654	
UAP1	UDP-N-acetylglucosamine pyrophosphorylase 1 [Source:HGNC Symbol;Acc:HGNC:12457]	0.2834638	
PCMT1	protein-L-isoaspartate (D-aspartate) O-methyltransferase [Source:HGNC Symbol;Acc:HGNC:8728]	0.28308904	
PPP2CA	protein phosphatase 2 catalytic subunit alpha [Source:HGNC Symbol;Acc:HGNC:9299]	0.28298202	
PRNP	prion protein [Source:HGNC Symbol;Acc:HGNC:9449]	0.2825296	
LEPROT	leptin receptor overlapping transcript [Source:HGNC Symbol;Acc:HGNC:29477]	0.28240186	
LARP4B	La ribonucleoprotein 4B [Source:HGNC Symbol;Acc:HGNC:28987]	0.282401	
PSMA1	proteasome 20S subunit alpha 1 [Source:HGNC Symbol;Acc:HGNC:9530]	0.2822967	
SPEF2	sperm flagellar 2 [Source:HGNC Symbol;Acc:HGNC:26293]	0.28185478	
SPTAN1	spectrin alpha, non-erythrocytic 1 [Source:HGNC Symbol;Acc:HGNC:11273]	0.2817759	
ITM2C	integral membrane protein 2C [Source:HGNC Symbol;Acc:HGNC:6175]	0.28116927	
ATG7	autophagy related 7 [Source:HGNC Symbol;Acc:HGNC:16935]	0.2810767	
PON2	paraoxonase 2 [Source:HGNC Symbol;Acc:HGNC:9205]	0.28099197	
VWA8	von Willebrand factor A domain containing 8 [Source:HGNC Symbol;Acc:HGNC:29071]	0.28095952	
NDUFC2	NADH:ubiquinone oxidoreductase subunit C2 [Source:HGNC Symbol;Acc:HGNC:7706]	0.280821	
CYSTM1	cysteine rich transmembrane module containing 1 [Source:HGNC Symbol;Acc:HGNC:30239]	0.28076923	
NCALD	neurocalcin delta [Source:HGNC Symbol;Acc:HGNC:7655]	0.2806417	
CROT	carnitine O-octanoyltransferase [Source:HGNC Symbol;Acc:HGNC:2366]	0.28029326	
DHRS7	dehydrogenase/reductase 7 [Source:HGNC Symbol;Acc:HGNC:21524]	0.28014714	
VDAC3	voltage dependent anion channel 3 [Source:HGNC Symbol;Acc:HGNC:12674]	0.27979586	
SERF1A	small EDRK-rich factor 1A [Source:HGNC Symbol;Acc:HGNC:10755]	0.27967036	
AGPAT4	1-acylglycerol-3-phosphate O-acyltransferase 4 [Source:HGNC Symbol;Acc:HGNC:20885]	0.27960244	
ATF1	activating transcription factor 1 [Source:HGNC Symbol;Acc:HGNC:783]	0.27930787	
MIR22HG	MIR22 host gene [Source:HGNC Symbol;Acc:HGNC:28219]	0.27926204	
SSB	small RNA binding exonuclease protection factor La [Source:HGNC Symbol;Acc:HGNC:11316]	0.27898008	
METAP2	methionyl aminopeptidase 2 [Source:HGNC Symbol;Acc:HGNC:16672]	0.2786223	
PSENEN	presenilin enhancer, gamma-secretase subunit [Source:HGNC Symbol;Acc:HGNC:30100]	0.27836013	
ANXA5	annexin A5 [Source:HGNC Symbol;Acc:HGNC:543]	0.2775487	
KLRC1	killer cell lectin like receptor C1 [Source:HGNC Symbol;Acc:HGNC:6374]	0.27751958	
AP1S1	adaptor related protein complex 1 subunit sigma 1 [Source:HGNC Symbol;Acc:HGNC:559]	0.27749166	
ABCB1	ATP binding cassette subfamily B member 1 [Source:HGNC Symbol;Acc:HGNC:40]	0.27723145	
DPP4	dipeptidyl peptidase 4 [Source:HGNC Symbol;Acc:HGNC:3009]	0.27711406	
BECN1	beclin 1 [Source:HGNC Symbol;Acc:HGNC:1034]	0.27697736	
RPL36	ribosomal protein L36 [Source:HGNC Symbol;Acc:HGNC:13631]	0.27690846	
EXOC2	exocyst complex component 2 [Source:HGNC Symbol;Acc:HGNC:24968]	0.27644637	
NTNG2	netrin G2 [Source:HGNC Symbol;Acc:HGNC:14288]	0.27570578	
TOMM22	translocase of outer mitochondrial membrane 22 [Source:HGNC Symbol;Acc:HGNC:18002]	0.27533847	
C18orf54	chromosome 18 open reading frame 54 [Source:HGNC Symbol;Acc:HGNC:13796]	0.27510282	
ANAPC13	anaphase promoting complex subunit 13 [Source:HGNC Symbol;Acc:HGNC:24540]	0.27499005	
NUBP1	NUBP iron-sulfur cluster assembly factor 1, cytosolic [Source:HGNC Symbol;Acc:HGNC:8041]	0.27481502	
TOP2B	DNA topoisomerase II beta [Source:HGNC Symbol;Acc:HGNC:11990]	0.27451923	
HTATIP2	HIV-1 Tat interactive protein 2 [Source:HGNC Symbol;Acc:HGNC:16637]	0.27447417	
REX1BD	required for excision 1-B domain containing [Source:HGNC Symbol;Acc:HGNC:26098]	0.27444118	
XBP1	X-box binding protein 1 [Source:HGNC Symbol;Acc:HGNC:12801]	0.27443093	
MAP4	microtubule associated protein 4 [Source:HGNC Symbol;Acc:HGNC:6862]	0.27432126	
SNAPC5	small nuclear RNA activating complex polypeptide 5 [Source:HGNC Symbol;Acc:HGNC:15484]	0.27418384	
TSG101	tumor susceptibility 101 [Source:HGNC Symbol;Acc:HGNC:15971]	0.27403817	
CCNI	cyclin I [Source:HGNC Symbol;Acc:HGNC:1595]	0.2740299	
PSMA4	proteasome 20S subunit alpha 4 [Source:HGNC Symbol;Acc:HGNC:9533]	0.27350777	
SMCO4	single-pass membrane protein with coiled-coil domains 4 [Source:HGNC Symbol;Acc:HGNC:24810]	0.2728882	
PTPN18	protein tyrosine phosphatase non-receptor type 18 [Source:HGNC Symbol;Acc:HGNC:9649]	0.2726252	
CISD2	CDGSH iron sulfur domain 2 [Source:HGNC Symbol;Acc:HGNC:24212]	0.27260718	
METTL26	methyltransferase like 26 [Source:HGNC Symbol;Acc:HGNC:14141]	0.272494	
TJP2	tight junction protein 2 [Source:HGNC Symbol;Acc:HGNC:11828]	0.27225637	
TNFSF10	TNF superfamily member 10 [Source:HGNC Symbol;Acc:HGNC:11925]	0.27201417	
ACADL	acyl-CoA dehydrogenase long chain [Source:HGNC Symbol;Acc:HGNC:88]	0.2716746	
KLRC2	killer cell lectin like receptor C2 [Source:HGNC Symbol;Acc:HGNC:6375]	0.27128178	
ELOA	elongin A [Source:HGNC Symbol;Acc:HGNC:11620]	0.27118912	
DLAT	dihydrolipoamide S-acetyltransferase [Source:HGNC Symbol;Acc:HGNC:2896]	0.2708735	
TM9SF3	transmembrane 9 superfamily member 3 [Source:HGNC Symbol;Acc:HGNC:21529]	0.2708087	
ADPRH	ADP-ribosylarginine hydrolase [Source:HGNC Symbol;Acc:HGNC:269]	0.27070504	
SNRPD2	small nuclear ribonucleoprotein D2 polypeptide [Source:HGNC Symbol;Acc:HGNC:11159]	0.27056274	
ADAP1	ArfGAP with dual PH domains 1 [Source:HGNC Symbol;Acc:HGNC:16486]	0.26952085	
COMMD7	COMM domain containing 7 [Source:HGNC Symbol;Acc:HGNC:16223]	0.26951766	
NDUFA6	NADH:ubiquinone oxidoreductase subunit A6 [Source:HGNC Symbol;Acc:HGNC:7690]	0.2694697	
SYNE1	spectrin repeat containing nuclear envelope protein 1 [Source:HGNC Symbol;Acc:HGNC:17089]	0.26942813	
RFTN1	raftlin, lipid raft linker 1 [Source:HGNC Symbol;Acc:HGNC:30278]	0.26940757	
ABRACL	ABRA C-terminal like [Source:HGNC Symbol;Acc:HGNC:21230]	0.26893386	
C18orf32	chromosome 18 open reading frame 32 [Source:HGNC Symbol;Acc:HGNC:31690]	0.26812753	
ATP5MC1	ATP synthase membrane subunit c locus 1 [Source:HGNC Symbol;Acc:HGNC:841]	0.26811188	
NMNAT2	nicotinamide nucleotide adenylyltransferase 2 [Source:HGNC Symbol;Acc:HGNC:16789]	0.26746374	
STK19	serine/threonine kinase 19 [Source:HGNC Symbol;Acc:HGNC:11398]	0.26741114	
PSMD13	proteasome 26S subunit, non-ATPase 13 [Source:HGNC Symbol;Acc:HGNC:9558]	0.26726383	
POP4	POP4 homolog, ribonuclease P/MRP subunit [Source:HGNC Symbol;Acc:HGNC:30081]	0.2669774	
MAPK3	mitogen-activated protein kinase 3 [Source:HGNC Symbol;Acc:HGNC:6877]	0.26645195	
LACTB	lactamase beta [Source:HGNC Symbol;Acc:HGNC:16468]	0.2663344	
SPCS2	signal peptidase complex subunit 2 [Source:HGNC Symbol;Acc:HGNC:28962]	0.26618764	
TXNDC11	thioredoxin domain containing 11 [Source:HGNC Symbol;Acc:HGNC:28030]	0.2661626	
DTX4	deltex E3 ubiquitin ligase 4 [Source:HGNC Symbol;Acc:HGNC:29151]	0.2660476	
ATP2B1	ATPase plasma membrane Ca2+ transporting 1 [Source:HGNC Symbol;Acc:HGNC:814]	0.2659466	
NUDT4	nudix hydrolase 4 [Source:HGNC Symbol;Acc:HGNC:8051]	0.2658699	
TEX261	testis expressed 261 [Source:HGNC Symbol;Acc:HGNC:30712]	0.26581916	
DOK1	docking protein 1 [Source:HGNC Symbol;Acc:HGNC:2990]	0.26579317	
PSMC5	proteasome 26S subunit, ATPase 5 [Source:HGNC Symbol;Acc:HGNC:9552]	0.2654582	
JCAD	junctional cadherin 5 associated [Source:HGNC Symbol;Acc:HGNC:29283]	0.2654061	
SLC25A19	solute carrier family 25 member 19 [Source:HGNC Symbol;Acc:HGNC:14409]	0.26504454	
ERGIC1	endoplasmic reticulum-golgi intermediate compartment 1 [Source:HGNC Symbol;Acc:HGNC:29205]	0.2649067	
CD47	CD47 molecule [Source:HGNC Symbol;Acc:HGNC:1682]	0.26457313	
BNIP2	BCL2 interacting protein 2 [Source:HGNC Symbol;Acc:HGNC:1083]	0.26444572	
NENF	neudesin neurotrophic factor [Source:HGNC Symbol;Acc:HGNC:30384]	0.2643744	
SREK1IP1	SREK1 interacting protein 1 [Source:HGNC Symbol;Acc:HGNC:26716]	0.26430875	
KLF4	KLF transcription factor 4 [Source:HGNC Symbol;Acc:HGNC:6348]	0.26421288	
RAB11A	RAB11A, member RAS oncogene family [Source:HGNC Symbol;Acc:HGNC:9760]	0.26378897	
BIK	BCL2 interacting killer [Source:HGNC Symbol;Acc:HGNC:1051]	0.2635894	
RAB2A	RAB2A, member RAS oncogene family [Source:HGNC Symbol;Acc:HGNC:9763]	0.26341262	
TRIB1	tribbles pseudokinase 1 [Source:HGNC Symbol;Acc:HGNC:16891]	0.2633164	
CAMK2G	calcium/calmodulin dependent protein kinase II gamma [Source:HGNC Symbol;Acc:HGNC:1463]	0.26326433	
MANF	mesencephalic astrocyte derived neurotrophic factor [Source:HGNC Symbol;Acc:HGNC:15461]	0.26320446	
TCEAL9	transcription elongation factor A like 9 [Source:HGNC Symbol;Acc:HGNC:30084]	0.26313868	
CCDC174	coiled-coil domain containing 174 [Source:HGNC Symbol;Acc:HGNC:28033]	0.26307276	
CIB2	calcium and integrin binding family member 2 [Source:HGNC Symbol;Acc:HGNC:24579]	0.26251355	
N4BP1	NEDD4 binding protein 1 [Source:HGNC Symbol;Acc:HGNC:29850]	0.26248378	
ARIH2	ariadne RBR E3 ubiquitin protein ligase 2 [Source:HGNC Symbol;Acc:HGNC:690]	0.26207587	
CHCHD2	coiled-coil-helix-coiled-coil-helix domain containing 2 [Source:HGNC Symbol;Acc:HGNC:21645]	0.26194522	
NAA10	N-alpha-acetyltransferase 10, NatA catalytic subunit [Source:HGNC Symbol;Acc:HGNC:18704]	0.26191702	
TMED3	transmembrane p24 trafficking protein 3 [Source:HGNC Symbol;Acc:HGNC:28889]	0.26179907	
DTNBP1	dystrobrevin binding protein 1 [Source:HGNC Symbol;Acc:HGNC:17328]	0.26137787	
H3-3A	H3.3 histone A [Source:HGNC Symbol;Acc:HGNC:4764]	0.26123768	
SNRNP27	small nuclear ribonucleoprotein U4/U6.U5 subunit 27 [Source:HGNC Symbol;Acc:HGNC:30240]	0.26075256	
PRKCSH	protein kinase C substrate 80K-H [Source:HGNC Symbol;Acc:HGNC:9411]	0.26066345	
SF3B6	splicing factor 3b subunit 6 [Source:HGNC Symbol;Acc:HGNC:30096]	0.2602756	
ITGA4	integrin subunit alpha 4 [Source:HGNC Symbol;Acc:HGNC:6140]	0.25999048	
EDEM1	ER degradation enhancing alpha-mannosidase like protein 1 [Source:HGNC Symbol;Acc:HGNC:18967]	0.25995907	
NAGA	alpha-N-acetylgalactosaminidase [Source:HGNC Symbol;Acc:HGNC:7631]	0.2596964	
NAP1L1	nucleosome assembly protein 1 like 1 [Source:HGNC Symbol;Acc:HGNC:7637]	0.25945643	
NDUFB9	NADH:ubiquinone oxidoreductase subunit B9 [Source:HGNC Symbol;Acc:HGNC:7704]	0.25943574	
APOBEC3B	apolipoprotein B mRNA editing enzyme catalytic subunit 3B [Source:HGNC Symbol;Acc:HGNC:17352]	0.2590006	
FKBP8	FKBP prolyl isomerase 8 [Source:HGNC Symbol;Acc:HGNC:3724]	0.25890088	
DUSP14	dual specificity phosphatase 14 [Source:HGNC Symbol;Acc:HGNC:17007]	0.2586344	
SPCS1	signal peptidase complex subunit 1 [Source:HGNC Symbol;Acc:HGNC:23401]	0.25858876	
MRI1	methylthioribose-1-phosphate isomerase 1 [Source:HGNC Symbol;Acc:HGNC:28469]	0.2585377	
ATP6V1E1	ATPase H+ transporting V1 subunit E1 [Source:HGNC Symbol;Acc:HGNC:857]	0.25852254	
TMEM128	transmembrane protein 128 [Source:HGNC Symbol;Acc:HGNC:28201]	0.25850937	
NRBP1	nuclear receptor binding protein 1 [Source:HGNC Symbol;Acc:HGNC:7993]	0.25842637	
FRG1	FSHD region gene 1 [Source:HGNC Symbol;Acc:HGNC:3954]	0.25836465	
LNX2	ligand of numb-protein X 2 [Source:HGNC Symbol;Acc:HGNC:20421]	0.2582843	
ERH	ERH mRNA splicing and mitosis factor [Source:HGNC Symbol;Acc:HGNC:3447]	0.25783908	
PTP4A2	protein tyrosine phosphatase 4A2 [Source:HGNC Symbol;Acc:HGNC:9635]	0.25778916	
DR1	down-regulator of transcription 1 [Source:HGNC Symbol;Acc:HGNC:3017]	0.25766993	
BLK	BLK proto-oncogene, Src family tyrosine kinase [Source:HGNC Symbol;Acc:HGNC:1057]	0.25743505	
ZNF131	zinc finger protein 131 [Source:HGNC Symbol;Acc:HGNC:12915]	0.25697836	
UBE2B	ubiquitin conjugating enzyme E2 B [Source:HGNC Symbol;Acc:HGNC:12473]	0.2569548	
RPS2	ribosomal protein S2 [Source:HGNC Symbol;Acc:HGNC:10404]	0.2569317	
ABI2	abl interactor 2 [Source:HGNC Symbol;Acc:HGNC:24011]	0.2563796	
CSNK1G2	casein kinase 1 gamma 2 [Source:HGNC Symbol;Acc:HGNC:2455]	0.25630358	
STARD4	StAR related lipid transfer domain containing 4 [Source:HGNC Symbol;Acc:HGNC:18058]	0.2559402	
NOL7	nucleolar protein 7 [Source:HGNC Symbol;Acc:HGNC:21040]	0.25501782	
RAB7A	RAB7A, member RAS oncogene family [Source:HGNC Symbol;Acc:HGNC:9788]	0.25486162	
PDGFB	platelet derived growth factor subunit B [Source:HGNC Symbol;Acc:HGNC:8800]	0.25391632	
PPP1R15A	protein phosphatase 1 regulatory subunit 15A [Source:HGNC Symbol;Acc:HGNC:14375]	0.2538881	
SUMO3	small ubiquitin like modifier 3 [Source:HGNC Symbol;Acc:HGNC:11124]	0.25362238	
RHOG	ras homolog family member G [Source:HGNC Symbol;Acc:HGNC:672]	0.25351942	
TMX4	thioredoxin related transmembrane protein 4 [Source:HGNC Symbol;Acc:HGNC:25237]	0.2534666	
CHMP4B	charged multivesicular body protein 4B [Source:HGNC Symbol;Acc:HGNC:16171]	0.25338575	
CEP83	centrosomal protein 83 [Source:HGNC Symbol;Acc:HGNC:17966]	0.25305307	
FAM204A	family with sequence similarity 204 member A [Source:HGNC Symbol;Acc:HGNC:25794]	0.25297925	
IPMK	inositol polyphosphate multikinase [Source:HGNC Symbol;Acc:HGNC:20739]	0.25286132	
RNPEP	arginyl aminopeptidase [Source:HGNC Symbol;Acc:HGNC:10078]	0.2527331	
ST13	ST13 Hsp70 interacting protein [Source:HGNC Symbol;Acc:HGNC:11343]	0.252576	
SPECC1L	sperm antigen with calponin homology and coiled-coil domains 1 like [Source:HGNC Symbol;Acc:HGNC:29022]	0.2525571	
NDUFS8	NADH:ubiquinone oxidoreductase core subunit S8 [Source:HGNC Symbol;Acc:HGNC:7715]	0.25241593	
PLEKHF1	pleckstrin homology and FYVE domain containing 1 [Source:HGNC Symbol;Acc:HGNC:20764]	0.2523768	
SENP1	SUMO specific peptidase 1 [Source:HGNC Symbol;Acc:HGNC:17927]	0.2519391	
TOR2A	torsin family 2 member A [Source:HGNC Symbol;Acc:HGNC:11996]	0.2515724	
PGK1	phosphoglycerate kinase 1 [Source:HGNC Symbol;Acc:HGNC:8896]	0.25152665	
XDH	xanthine dehydrogenase [Source:HGNC Symbol;Acc:HGNC:12805]	0.25152254	
LRRFIP1	LRR binding FLII interacting protein 1 [Source:HGNC Symbol;Acc:HGNC:6702]	0.25141665	
FAM216A	family with sequence similarity 216 member A [Source:HGNC Symbol;Acc:HGNC:30180]	0.2513139	
ULK1	unc-51 like autophagy activating kinase 1 [Source:HGNC Symbol;Acc:HGNC:12558]	0.25130665	
UTP11	UTP11 small subunit processome component [Source:HGNC Symbol;Acc:HGNC:24329]	0.25121748	
LUZP1	leucine zipper protein 1 [Source:HGNC Symbol;Acc:HGNC:14985]	0.25108925	
ABCA2	ATP binding cassette subfamily A member 2 [Source:HGNC Symbol;Acc:HGNC:32]	0.2507899	
RIN3	Ras and Rab interactor 3 [Source:HGNC Symbol;Acc:HGNC:18751]	0.25074822	
HPS4	HPS4 biogenesis of lysosomal organelles complex 3 subunit 2 [Source:HGNC Symbol;Acc:HGNC:15844]	0.25067946	
ACAT1	acetyl-CoA acetyltransferase 1 [Source:HGNC Symbol;Acc:HGNC:93]	0.2506585	
JTB	jumping translocation breakpoint [Source:HGNC Symbol;Acc:HGNC:6201]	0.25044262	
SETD2	SET domain containing 2, histone lysine methyltransferase [Source:HGNC Symbol;Acc:HGNC:18420]	-0.2503068	
TPR	translocated promoter region, nuclear basket protein [Source:HGNC Symbol;Acc:HGNC:12017]	-0.2504738	
PURA	purine rich element binding protein A [Source:HGNC Symbol;Acc:HGNC:9701]	-0.25073084	
RPL15	ribosomal protein L15 [Source:HGNC Symbol;Acc:HGNC:10306]	-0.2508176	
CEP68	centrosomal protein 68 [Source:HGNC Symbol;Acc:HGNC:29076]	-0.25101724	
GPHN	gephyrin [Source:HGNC Symbol;Acc:HGNC:15465]	-0.25140235	
UTP20	UTP20 small subunit processome component [Source:HGNC Symbol;Acc:HGNC:17897]	-0.25141943	
SLC23A2	solute carrier family 23 member 2 [Source:HGNC Symbol;Acc:HGNC:10973]	-0.25153404	
SMG9	SMG9 nonsense mediated mRNA decay factor [Source:HGNC Symbol;Acc:HGNC:25763]	-0.25186864	
SPIN1	spindlin 1 [Source:HGNC Symbol;Acc:HGNC:11243]	-0.25271615	
ORC3	origin recognition complex subunit 3 [Source:HGNC Symbol;Acc:HGNC:8489]	-0.25307527	
USP7	ubiquitin specific peptidase 7 [Source:HGNC Symbol;Acc:HGNC:12630]	-0.25334623	
FRAT2	FRAT regulator of WNT signaling pathway 2 [Source:HGNC Symbol;Acc:HGNC:16048]	-0.25335166	
CDK7	cyclin dependent kinase 7 [Source:HGNC Symbol;Acc:HGNC:1778]	-0.25393027	
DMTF1	cyclin D binding myb like transcription factor 1 [Source:HGNC Symbol;Acc:HGNC:14603]	-0.25425658	
USP6NL	USP6 N-terminal like [Source:HGNC Symbol;Acc:HGNC:16858]	-0.2548154	
SPPL3	signal peptide peptidase like 3 [Source:HGNC Symbol;Acc:HGNC:30424]	-0.25570226	
WDR20	WD repeat domain 20 [Source:HGNC Symbol;Acc:HGNC:19667]	-0.25582048	
PIBF1	progesterone immunomodulatory binding factor 1 [Source:HGNC Symbol;Acc:HGNC:23352]	-0.25613013	
TBC1D15	TBC1 domain family member 15 [Source:HGNC Symbol;Acc:HGNC:25694]	-0.25657827	
TULP4	TUB like protein 4 [Source:HGNC Symbol;Acc:HGNC:15530]	-0.25668558	
YLPM1	YLP motif containing 1 [Source:HGNC Symbol;Acc:HGNC:17798]	-0.25712958	
PHF3	PHD finger protein 3 [Source:HGNC Symbol;Acc:HGNC:8921]	-0.25718224	
TAOK1	TAO kinase 1 [Source:HGNC Symbol;Acc:HGNC:29259]	-0.25745314	
MAT2A	methionine adenosyltransferase 2A [Source:HGNC Symbol;Acc:HGNC:6904]	-0.25775504	
DYNC1H1	dynein cytoplasmic 1 heavy chain 1 [Source:HGNC Symbol;Acc:HGNC:2961]	-0.25789478	
ZKSCAN4	zinc finger with KRAB and SCAN domains 4 [Source:HGNC Symbol;Acc:HGNC:13854]	-0.25810787	
GLG1	golgi glycoprotein 1 [Source:HGNC Symbol;Acc:HGNC:4316]	-0.25827754	
SETD4	SET domain containing 4 [Source:HGNC Symbol;Acc:HGNC:1258]	-0.25846127	
BCKDHB	branched chain keto acid dehydrogenase E1 subunit beta [Source:HGNC Symbol;Acc:HGNC:987]	-0.25858468	
TAGAP	T cell activation RhoGTPase activating protein [Source:HGNC Symbol;Acc:HGNC:15669]	-0.25859898	
CAPRIN1	cell cycle associated protein 1 [Source:HGNC Symbol;Acc:HGNC:6743]	-0.25945088	
CDC42SE1	CDC42 small effector 1 [Source:HGNC Symbol;Acc:HGNC:17719]	-0.25957352	
DENND1B	DENN domain containing 1B [Source:HGNC Symbol;Acc:HGNC:28404]	-0.25999832	
ITCH	itchy E3 ubiquitin protein ligase [Source:HGNC Symbol;Acc:HGNC:13890]	-0.260108	
ZFAND3	zinc finger AN1-type containing 3 [Source:HGNC Symbol;Acc:HGNC:18019]	-0.26042083	
ZNF91	zinc finger protein 91 [Source:HGNC Symbol;Acc:HGNC:13166]	-0.26070482	
PTBP3	polypyrimidine tract binding protein 3 [Source:HGNC Symbol;Acc:HGNC:10253]	-0.26077726	
WDR37	WD repeat domain 37 [Source:HGNC Symbol;Acc:HGNC:31406]	-0.26097602	
RFC1	replication factor C subunit 1 [Source:HGNC Symbol;Acc:HGNC:9969]	-0.26112458	
HNRNPM	heterogeneous nuclear ribonucleoprotein M [Source:HGNC Symbol;Acc:HGNC:5046]	-0.26125002	
CNP	2',3'-cyclic nucleotide 3' phosphodiesterase [Source:HGNC Symbol;Acc:HGNC:2158]	-0.2614551	
DCP1B	decapping mRNA 1B [Source:HGNC Symbol;Acc:HGNC:24451]	-0.2616344	
CHMP1B2P	charged multivesicular body protein 1B2, pseudogene [Source:HGNC Symbol;Acc:HGNC:49380]	-0.26197064	
PDPK1	3-phosphoinositide dependent protein kinase 1 [Source:HGNC Symbol;Acc:HGNC:8816]	-0.26241237	
KDM5C	lysine demethylase 5C [Source:HGNC Symbol;Acc:HGNC:11114]	-0.26256442	
SNRK	SNF related kinase [Source:HGNC Symbol;Acc:HGNC:30598]	-0.26269197	
NUP160	nucleoporin 160 [Source:HGNC Symbol;Acc:HGNC:18017]	-0.2629907	
GAPVD1	GTPase activating protein and VPS9 domains 1 [Source:HGNC Symbol;Acc:HGNC:23375]	-0.2630034	
NUP214	nucleoporin 214 [Source:HGNC Symbol;Acc:HGNC:8064]	-0.2630541	
NAA16	N-alpha-acetyltransferase 16, NatA auxiliary subunit [Source:HGNC Symbol;Acc:HGNC:26164]	-0.26305813	
BIRC6	baculoviral IAP repeat containing 6 [Source:HGNC Symbol;Acc:HGNC:13516]	-0.26314768	
DDX18	DEAD-box helicase 18 [Source:HGNC Symbol;Acc:HGNC:2741]	-0.2634923	
CD96	CD96 molecule [Source:HGNC Symbol;Acc:HGNC:16892]	-0.26364827	
RPL4	ribosomal protein L4 [Source:HGNC Symbol;Acc:HGNC:10353]	-0.2636566	
PISD	phosphatidylserine decarboxylase [Source:HGNC Symbol;Acc:HGNC:8999]	-0.26382482	
CPSF3	cleavage and polyadenylation specific factor 3 [Source:HGNC Symbol;Acc:HGNC:2326]	-0.26413703	
NOPCHAP1	NOP protein chaperone 1 [Source:HGNC Symbol;Acc:HGNC:28628]	-0.2642502	
SLC2A3	solute carrier family 2 member 3 [Source:HGNC Symbol;Acc:HGNC:11007]	-0.26430467	
LCOR	ligand dependent nuclear receptor corepressor [Source:HGNC Symbol;Acc:HGNC:29503]	-0.26434013	
ZNF512	zinc finger protein 512 [Source:HGNC Symbol;Acc:HGNC:29380]	-0.26455635	
CCT8	chaperonin containing TCP1 subunit 8 [Source:HGNC Symbol;Acc:HGNC:1623]	-0.26472726	
CEP164	centrosomal protein 164 [Source:HGNC Symbol;Acc:HGNC:29182]	-0.26525396	
SRSF6	serine and arginine rich splicing factor 6 [Source:HGNC Symbol;Acc:HGNC:10788]	-0.26538345	
ZNF395	zinc finger protein 395 [Source:HGNC Symbol;Acc:HGNC:18737]	-0.26548502	
TFAM	transcription factor A, mitochondrial [Source:HGNC Symbol;Acc:HGNC:11741]	-0.26551926	
RBM5	RNA binding motif protein 5 [Source:HGNC Symbol;Acc:HGNC:9902]	-0.2658705	
ME2	malic enzyme 2 [Source:HGNC Symbol;Acc:HGNC:6984]	-0.2659774	
INO80	INO80 complex ATPase subunit [Source:HGNC Symbol;Acc:HGNC:26956]	-0.26629478	
WAPL	WAPL cohesin release factor [Source:HGNC Symbol;Acc:HGNC:23293]	-0.26647988	
NDUFS4	NADH:ubiquinone oxidoreductase subunit S4 [Source:HGNC Symbol;Acc:HGNC:7711]	-0.2664988	
MIPOL1	mirror-image polydactyly 1 [Source:HGNC Symbol;Acc:HGNC:21460]	-0.267139	
ICAM2	intercellular adhesion molecule 2 [Source:HGNC Symbol;Acc:HGNC:5345]	-0.26741093	
HYCC2	hyccin PI4KA lipid kinase complex subunit 2 [Source:HGNC Symbol;Acc:HGNC:28593]	-0.2675834	
GABPB2	GA binding protein transcription factor subunit beta 2 [Source:HGNC Symbol;Acc:HGNC:28441]	-0.26788992	
ZNF438	zinc finger protein 438 [Source:HGNC Symbol;Acc:HGNC:21029]	-0.26803592	
WDR46	WD repeat domain 46 [Source:HGNC Symbol;Acc:HGNC:13923]	-0.26809797	
C2CD3	C2 domain containing 3 centriole elongation regulator [Source:HGNC Symbol;Acc:HGNC:24564]	-0.26816085	
PITPNM2	phosphatidylinositol transfer protein membrane associated 2 [Source:HGNC Symbol;Acc:HGNC:21044]	-0.268199	
SPIDR	scaffold protein involved in DNA repair [Source:HGNC Symbol;Acc:HGNC:28971]	-0.26849562	
BCOR	BCL6 corepressor [Source:HGNC Symbol;Acc:HGNC:20893]	-0.26868972	
PRKCZ	protein kinase C zeta [Source:HGNC Symbol;Acc:HGNC:9412]	-0.2690121	
ZNF518A	zinc finger protein 518A [Source:HGNC Symbol;Acc:HGNC:29009]	-0.26904964	
SEC16A	SEC16 homolog A, endoplasmic reticulum export factor [Source:HGNC Symbol;Acc:HGNC:29006]	-0.2694082	
CCDC82	coiled-coil domain containing 82 [Source:HGNC Symbol;Acc:HGNC:26282]	-0.26965705	
LETM2	leucine zipper and EF-hand containing transmembrane protein 2 [Source:HGNC Symbol;Acc:HGNC:14648]	-0.2697534	
B3GALNT2	beta-1,3-N-acetylgalactosaminyltransferase 2 [Source:HGNC Symbol;Acc:HGNC:28596]	-0.26984885	
WWP1	WW domain containing E3 ubiquitin protein ligase 1 [Source:HGNC Symbol;Acc:HGNC:17004]	-0.27000415	
PRIM2	DNA primase subunit 2 [Source:HGNC Symbol;Acc:HGNC:9370]	-0.27016956	
TRAF3IP2	TRAF3 interacting protein 2 [Source:HGNC Symbol;Acc:HGNC:1343]	-0.27024734	
RFFL	ring finger and FYVE like domain containing E3 ubiquitin protein ligase [Source:HGNC Symbol;Acc:HGNC:24821]	-0.2702792	
PDE6H	phosphodiesterase 6H [Source:HGNC Symbol;Acc:HGNC:8790]	-0.27041382	
CBFB	core-binding factor subunit beta [Source:HGNC Symbol;Acc:HGNC:1539]	-0.2709975	
UBR1	ubiquitin protein ligase E3 component n-recognin 1 [Source:HGNC Symbol;Acc:HGNC:16808]	-0.27141428	
SPOP	speckle type BTB/POZ protein [Source:HGNC Symbol;Acc:HGNC:11254]	-0.27165592	
GOLGA1	golgin A1 [Source:HGNC Symbol;Acc:HGNC:4424]	-0.27196017	
EXOSC1	exosome component 1 [Source:HGNC Symbol;Acc:HGNC:17286]	-0.27219114	
PPM1K	protein phosphatase, Mg2+/Mn2+ dependent 1K [Source:HGNC Symbol;Acc:HGNC:25415]	-0.27228913	
CACYBP	calcyclin binding protein [Source:HGNC Symbol;Acc:HGNC:30423]	-0.2725315	
RMDN1	regulator of microtubule dynamics 1 [Source:HGNC Symbol;Acc:HGNC:24285]	-0.27280843	
MYO9A	myosin IXA [Source:HGNC Symbol;Acc:HGNC:7608]	-0.27304354	
TAPBP	TAP binding protein [Source:HGNC Symbol;Acc:HGNC:11566]	-0.2731143	
WARS2	tryptophanyl tRNA synthetase 2, mitochondrial [Source:HGNC Symbol;Acc:HGNC:12730]	-0.27318117	
USP12	ubiquitin specific peptidase 12 [Source:HGNC Symbol;Acc:HGNC:20485]	-0.2732172	
BMP2K	BMP2 inducible kinase [Source:HGNC Symbol;Acc:HGNC:18041]	-0.2732678	
MRPL23	mitochondrial ribosomal protein L23 [Source:HGNC Symbol;Acc:HGNC:10322]	-0.2743769	
FARS2	phenylalanyl-tRNA synthetase 2, mitochondrial [Source:HGNC Symbol;Acc:HGNC:21062]	-0.27492356	
USP45	ubiquitin specific peptidase 45 [Source:HGNC Symbol;Acc:HGNC:20080]	-0.27517283	
UQCC1	ubiquinol-cytochrome c reductase complex assembly factor 1 [Source:HGNC Symbol;Acc:HGNC:15891]	-0.27543044	
ATPAF1	ATP synthase mitochondrial F1 complex assembly factor 1 [Source:HGNC Symbol;Acc:HGNC:18803]	-0.27547136	
SLF2	SMC5-SMC6 complex localization factor 2 [Source:HGNC Symbol;Acc:HGNC:17814]	-0.2755902	
MICAL3	microtubule associated monooxygenase, calponin and LIM domain containing 3 [Source:HGNC Symbol;Acc:HGNC:24694]	-0.2756392	
FBXO38	F-box protein 38 [Source:HGNC Symbol;Acc:HGNC:28844]	-0.27583084	
IDNK	IDNK gluconokinase [Source:HGNC Symbol;Acc:HGNC:31367]	-0.2765229	
MDC1	mediator of DNA damage checkpoint 1 [Source:HGNC Symbol;Acc:HGNC:21163]	-0.2766776	
CLPB	caseinolytic mitochondrial matrix peptidase chaperone subunit B [Source:HGNC Symbol;Acc:HGNC:30664]	-0.2767849	
LYSMD4	LysM domain containing 4 [Source:HGNC Symbol;Acc:HGNC:26571]	-0.27702838	
AMY2A	amylase alpha 2A [Source:HGNC Symbol;Acc:HGNC:477]	-0.27705604	
SP1	Sp1 transcription factor [Source:HGNC Symbol;Acc:HGNC:11205]	-0.27727297	
SERPINI1	serpin family I member 1 [Source:HGNC Symbol;Acc:HGNC:8943]	-0.27739137	
IRF9	interferon regulatory factor 9 [Source:HGNC Symbol;Acc:HGNC:6131]	-0.27762637	
TEX10	testis expressed 10 [Source:HGNC Symbol;Acc:HGNC:25988]	-0.27778757	
CR1L	complement C3b/C4b receptor 1 like [Source:HGNC Symbol;Acc:HGNC:2335]	-0.27820572	
ADCY3	adenylate cyclase 3 [Source:HGNC Symbol;Acc:HGNC:234]	-0.27826312	
TMEM241	transmembrane protein 241 [Source:HGNC Symbol;Acc:HGNC:31723]	-0.27833623	
IMMP1L	inner mitochondrial membrane peptidase subunit 1 [Source:HGNC Symbol;Acc:HGNC:26317]	-0.2791178	
DAP3	death associated protein 3 [Source:HGNC Symbol;Acc:HGNC:2673]	-0.27923152	
MAP2K4	mitogen-activated protein kinase kinase 4 [Source:HGNC Symbol;Acc:HGNC:6844]	-0.2793895	
DCAF6	DDB1 and CUL4 associated factor 6 [Source:HGNC Symbol;Acc:HGNC:30002]	-0.27947444	
SYNRG	synergin gamma [Source:HGNC Symbol;Acc:HGNC:557]	-0.2806641	
SSH2	slingshot protein phosphatase 2 [Source:HGNC Symbol;Acc:HGNC:30580]	-0.28081587	
DAPK1	death associated protein kinase 1 [Source:HGNC Symbol;Acc:HGNC:2674]	-0.28094715	
IFI35	interferon induced protein 35 [Source:HGNC Symbol;Acc:HGNC:5399]	-0.28095222	
TAF15	TATA-box binding protein associated factor 15 [Source:HGNC Symbol;Acc:HGNC:11547]	-0.2811594	
CTPS2	CTP synthase 2 [Source:HGNC Symbol;Acc:HGNC:2520]	-0.28122994	
UBE2V2	ubiquitin conjugating enzyme E2 V2 [Source:HGNC Symbol;Acc:HGNC:12495]	-0.28168273	
GALNT11	polypeptide N-acetylgalactosaminyltransferase 11 [Source:HGNC Symbol;Acc:HGNC:19875]	-0.2821929	
AFG1L	AFG1 like ATPase [Source:HGNC Symbol;Acc:HGNC:16411]	-0.28219625	
LDHB	lactate dehydrogenase B [Source:HGNC Symbol;Acc:HGNC:6541]	-0.2823995	
ELP4	elongator acetyltransferase complex subunit 4 [Source:HGNC Symbol;Acc:HGNC:1171]	-0.2828447	
JADE2	jade family PHD finger 2 [Source:HGNC Symbol;Acc:HGNC:22984]	-0.2831384	
LNPEP	leucyl and cystinyl aminopeptidase [Source:HGNC Symbol;Acc:HGNC:6656]	-0.28337377	
TTF1	transcription termination factor 1 [Source:HGNC Symbol;Acc:HGNC:12397]	-0.28337675	
LY75	lymphocyte antigen 75 [Source:HGNC Symbol;Acc:HGNC:6729]	-0.28339285	
GON4L	gon-4 like [Source:HGNC Symbol;Acc:HGNC:25973]	-0.28420842	
KIDINS220	kinase D interacting substrate 220 [Source:HGNC Symbol;Acc:HGNC:29508]	-0.28441077	
ZHX3	zinc fingers and homeoboxes 3 [Source:HGNC Symbol;Acc:HGNC:15935]	-0.28443414	
ITPR3	inositol 1,4,5-trisphosphate receptor type 3 [Source:HGNC Symbol;Acc:HGNC:6182]	-0.28477538	
DHX30	DExH-box helicase 30 [Source:HGNC Symbol;Acc:HGNC:16716]	-0.28492358	
BAZ2B	bromodomain adjacent to zinc finger domain 2B [Source:HGNC Symbol;Acc:HGNC:963]	-0.2850708	
TNFAIP8L2	TNF alpha induced protein 8 like 2 [Source:HGNC Symbol;Acc:HGNC:26277]	-0.2850829	
BCL9L	BCL9 like [Source:HGNC Symbol;Acc:HGNC:23688]	-0.28525516	
NHLRC2	NHL repeat containing 2 [Source:HGNC Symbol;Acc:HGNC:24731]	-0.28527778	
FANCI	FA complementation group I [Source:HGNC Symbol;Acc:HGNC:25568]	-0.28544357	
AP2A2	adaptor related protein complex 2 subunit alpha 2 [Source:HGNC Symbol;Acc:HGNC:562]	-0.28548586	
CCT5	chaperonin containing TCP1 subunit 5 [Source:HGNC Symbol;Acc:HGNC:1618]	-0.2857289	
LMO4	LIM domain only 4 [Source:HGNC Symbol;Acc:HGNC:6644]	-0.28577468	
MT-ND3	mitochondrially encoded NADH:ubiquinone oxidoreductase core subunit 3 [Source:HGNC Symbol;Acc:HGNC:7458]	-0.28578982	
LDB1	LIM domain binding 1 [Source:HGNC Symbol;Acc:HGNC:6532]	-0.28587174	
USP40	ubiquitin specific peptidase 40 [Source:HGNC Symbol;Acc:HGNC:20069]	-0.28610024	
SETD1B	SET domain containing 1B, histone lysine methyltransferase [Source:HGNC Symbol;Acc:HGNC:29187]	-0.28625232	
POC1B	POC1 centriolar protein B [Source:HGNC Symbol;Acc:HGNC:30836]	-0.28664705	
NAA15	N-alpha-acetyltransferase 15, NatA auxiliary subunit [Source:HGNC Symbol;Acc:HGNC:30782]	-0.28673244	
FARSB	phenylalanyl-tRNA synthetase subunit beta [Source:HGNC Symbol;Acc:HGNC:17800]	-0.28676784	
ANAPC5	anaphase promoting complex subunit 5 [Source:HGNC Symbol;Acc:HGNC:15713]	-0.28678697	
KDM5B	lysine demethylase 5B [Source:HGNC Symbol;Acc:HGNC:18039]	-0.28681353	
BTBD7	BTB domain containing 7 [Source:HGNC Symbol;Acc:HGNC:18269]	-0.2872773	
UBE2R2	ubiquitin conjugating enzyme E2 R2 [Source:HGNC Symbol;Acc:HGNC:19907]	-0.2873283	
P4HA1	prolyl 4-hydroxylase subunit alpha 1 [Source:HGNC Symbol;Acc:HGNC:8546]	-0.28750396	
IZUMO1R	IZUMO1 receptor, JUNO [Source:HGNC Symbol;Acc:HGNC:32565]	-0.28758645	
PCNA	proliferating cell nuclear antigen [Source:HGNC Symbol;Acc:HGNC:8729]	-0.28769583	
RPL26	ribosomal protein L26 [Source:HGNC Symbol;Acc:HGNC:10327]	-0.28774303	
ENOX2	ecto-NOX disulfide-thiol exchanger 2 [Source:HGNC Symbol;Acc:HGNC:2259]	-0.28793487	
TET3	tet methylcytosine dioxygenase 3 [Source:HGNC Symbol;Acc:HGNC:28313]	-0.28794277	
NT5DC1	5'-nucleotidase domain containing 1 [Source:HGNC Symbol;Acc:HGNC:21556]	-0.28855786	
CCDC6	coiled-coil domain containing 6 [Source:HGNC Symbol;Acc:HGNC:18782]	-0.28874433	
HLA-E	major histocompatibility complex, class I, E [Source:HGNC Symbol;Acc:HGNC:4962]	-0.2889526	
PPP4R2	protein phosphatase 4 regulatory subunit 2 [Source:HGNC Symbol;Acc:HGNC:18296]	-0.28943023	
STAG1	stromal antigen 1 [Source:HGNC Symbol;Acc:HGNC:11354]	-0.28989878	
H4C1	H4 clustered histone 1 [Source:HGNC Symbol;Acc:HGNC:4781]	-0.28996953	
SCAPER	S-phase cyclin A associated protein in the ER [Source:HGNC Symbol;Acc:HGNC:13081]	-0.29008636	
GNL3	G protein nucleolar 3 [Source:HGNC Symbol;Acc:HGNC:29931]	-0.29016873	
FDPS	farnesyl diphosphate synthase [Source:HGNC Symbol;Acc:HGNC:3631]	-0.29024136	
RPL14	ribosomal protein L14 [Source:HGNC Symbol;Acc:HGNC:10305]	-0.29054838	
SLC35B3	solute carrier family 35 member B3 [Source:HGNC Symbol;Acc:HGNC:21601]	-0.29098934	
SLC37A1	solute carrier family 37 member 1 [Source:HGNC Symbol;Acc:HGNC:11024]	-0.29100603	
PHGDH	phosphoglycerate dehydrogenase [Source:HGNC Symbol;Acc:HGNC:8923]	-0.2911018	
AKAP9	A-kinase anchoring protein 9 [Source:HGNC Symbol;Acc:HGNC:379]	-0.29120645	
COX10	cytochrome c oxidase assembly factor heme A:farnesyltransferase COX10 [Source:HGNC Symbol;Acc:HGNC:2260]	-0.2914991	
AMMECR1	AMMECR nuclear protein 1 [Source:HGNC Symbol;Acc:HGNC:467]	-0.29177603	
ATG3	autophagy related 3 [Source:HGNC Symbol;Acc:HGNC:20962]	-0.29206476	
MINDY2	MINDY lysine 48 deubiquitinase 2 [Source:HGNC Symbol;Acc:HGNC:26954]	-0.29221138	
SRSF5	serine and arginine rich splicing factor 5 [Source:HGNC Symbol;Acc:HGNC:10787]	-0.29235876	
SIN3A	SIN3 transcription regulator family member A [Source:HGNC Symbol;Acc:HGNC:19353]	-0.29259858	
C18orf25	chromosome 18 open reading frame 25 [Source:HGNC Symbol;Acc:HGNC:28172]	-0.29273298	
DOCK2	dedicator of cytokinesis 2 [Source:HGNC Symbol;Acc:HGNC:2988]	-0.29284304	
IRF2BPL	interferon regulatory factor 2 binding protein like [Source:HGNC Symbol;Acc:HGNC:14282]	-0.29334292	
TMTC2	transmembrane O-mannosyltransferase targeting cadherins 2 [Source:HGNC Symbol;Acc:HGNC:25440]	-0.29342413	
GPR146	G protein-coupled receptor 146 [Source:HGNC Symbol;Acc:HGNC:21718]	-0.29361075	
GBP5	guanylate binding protein 5 [Source:HGNC Symbol;Acc:HGNC:19895]	-0.29421592	
CD55	CD55 molecule (Cromer blood group) [Source:HGNC Symbol;Acc:HGNC:2665]	-0.29440832	
PCMTD2	protein-L-isoaspartate (D-aspartate) O-methyltransferase domain containing 2 [Source:HGNC Symbol;Acc:HGNC:15882]	-0.2944955	
METTL8	methyltransferase 8, methylcytidine [Source:HGNC Symbol;Acc:HGNC:25856]	-0.29477257	
ARHGAP12	Rho GTPase activating protein 12 [Source:HGNC Symbol;Acc:HGNC:16348]	-0.2948561	
RAPGEF1	Rap guanine nucleotide exchange factor 1 [Source:HGNC Symbol;Acc:HGNC:4568]	-0.29529285	
HACE1	HECT domain and ankyrin repeat containing E3 ubiquitin protein ligase 1 [Source:HGNC Symbol;Acc:HGNC:21033]	-0.2959465	
SIPA1L3	signal induced proliferation associated 1 like 3 [Source:HGNC Symbol;Acc:HGNC:23801]	-0.29608992	
MECP2	methyl-CpG binding protein 2 [Source:HGNC Symbol;Acc:HGNC:6990]	-0.2961856	
PPARGC1B	PPARG coactivator 1 beta [Source:HGNC Symbol;Acc:HGNC:30022]	-0.29714268	
TRBC1	T cell receptor beta constant 1 [Source:HGNC Symbol;Acc:HGNC:12156]	-0.29723465	
LGALS8	galectin 8 [Source:HGNC Symbol;Acc:HGNC:6569]	-0.29725426	
MAPKAP1	MAPK associated protein 1 [Source:HGNC Symbol;Acc:HGNC:18752]	-0.29737884	
USP28	ubiquitin specific peptidase 28 [Source:HGNC Symbol;Acc:HGNC:12625]	-0.29773504	
DOCK8	dedicator of cytokinesis 8 [Source:HGNC Symbol;Acc:HGNC:19191]	-0.29781896	
LBR	lamin B receptor [Source:HGNC Symbol;Acc:HGNC:6518]	-0.2983021	
CDH23	cadherin related 23 [Source:HGNC Symbol;Acc:HGNC:13733]	-0.298423	
PIKFYVE	phosphoinositide kinase, FYVE-type zinc finger containing [Source:HGNC Symbol;Acc:HGNC:23785]	-0.2989419	
ZZZ3	zinc finger ZZ-type containing 3 [Source:HGNC Symbol;Acc:HGNC:24523]	-0.29938287	
FAM149B1	family with sequence similarity 149 member B1 [Source:HGNC Symbol;Acc:HGNC:29162]	-0.29993302	
ICE1	interactor of little elongation complex ELL subunit 1 [Source:HGNC Symbol;Acc:HGNC:29154]	-0.3003913	
SOS1	SOS Ras/Rac guanine nucleotide exchange factor 1 [Source:HGNC Symbol;Acc:HGNC:11187]	-0.30117404	
LATS2	large tumor suppressor kinase 2 [Source:HGNC Symbol;Acc:HGNC:6515]	-0.30132478	
IPO11	importin 11 [Source:HGNC Symbol;Acc:HGNC:20628]	-0.30176708	
CD9	CD9 molecule [Source:HGNC Symbol;Acc:HGNC:1709]	-0.30178326	
ZMYND11	zinc finger MYND-type containing 11 [Source:HGNC Symbol;Acc:HGNC:16966]	-0.30206162	
BRDT	bromodomain testis associated [Source:HGNC Symbol;Acc:HGNC:1105]	-0.30229062	
KCNAB2	potassium voltage-gated channel subfamily A regulatory beta subunit 2 [Source:HGNC Symbol;Acc:HGNC:6229]	-0.30238762	
SMAD5	SMAD family member 5 [Source:HGNC Symbol;Acc:HGNC:6771]	-0.30251715	
RNF167	ring finger protein 167 [Source:HGNC Symbol;Acc:HGNC:24544]	-0.30261484	
NCOA6	nuclear receptor coactivator 6 [Source:HGNC Symbol;Acc:HGNC:15936]	-0.30261979	
NARS2	asparaginyl-tRNA synthetase 2, mitochondrial [Source:HGNC Symbol;Acc:HGNC:26274]	-0.30268586	
PRF1	perforin 1 [Source:HGNC Symbol;Acc:HGNC:9360]	-0.30287218	
RPA1	replication protein A1 [Source:HGNC Symbol;Acc:HGNC:10289]	-0.3031876	
MACIR	macrophage immunometabolism regulator [Source:HGNC Symbol;Acc:HGNC:25052]	-0.30347818	
NIN	ninein [Source:HGNC Symbol;Acc:HGNC:14906]	-0.3035105	
CERS6	ceramide synthase 6 [Source:HGNC Symbol;Acc:HGNC:23826]	-0.30356422	
RTN4RL1	reticulon 4 receptor like 1 [Source:HGNC Symbol;Acc:HGNC:21329]	-0.3042076	
SASH3	SAM and SH3 domain containing 3 [Source:HGNC Symbol;Acc:HGNC:15975]	-0.30421647	
ETV3	ETS variant transcription factor 3 [Source:HGNC Symbol;Acc:HGNC:3492]	-0.3045887	
RALGPS2	Ral GEF with PH domain and SH3 binding motif 2 [Source:HGNC Symbol;Acc:HGNC:30279]	-0.30463907	
MAP7	microtubule associated protein 7 [Source:HGNC Symbol;Acc:HGNC:6869]	-0.30488345	
ATP6V0A2	ATPase H+ transporting V0 subunit a2 [Source:HGNC Symbol;Acc:HGNC:18481]	-0.305361	
TRAC	T cell receptor alpha constant [Source:HGNC Symbol;Acc:HGNC:12029]	-0.30548593	
ILRUN	inflammation and lipid regulator with UBA-like and NBR1-like domains [Source:HGNC Symbol;Acc:HGNC:21215]	-0.3058244	
TECPR1	tectonin beta-propeller repeat containing 1 [Source:HGNC Symbol;Acc:HGNC:22214]	-0.30590126	
DDX6	DEAD-box helicase 6 [Source:HGNC Symbol;Acc:HGNC:2747]	-0.30623224	
MT-ATP8	mitochondrially encoded ATP synthase membrane subunit 8 [Source:HGNC Symbol;Acc:HGNC:7415]	-0.3064878	
CNOT2	CCR4-NOT transcription complex subunit 2 [Source:HGNC Symbol;Acc:HGNC:7878]	-0.3069451	
SPOPL	speckle type BTB/POZ protein like [Source:HGNC Symbol;Acc:HGNC:27934]	-0.3070581	
EIF4EBP2	eukaryotic translation initiation factor 4E binding protein 2 [Source:HGNC Symbol;Acc:HGNC:3289]	-0.3070885	
DRG1	developmentally regulated GTP binding protein 1 [Source:HGNC Symbol;Acc:HGNC:3029]	-0.30723184	
SLC17A9	solute carrier family 17 member 9 [Source:HGNC Symbol;Acc:HGNC:16192]	-0.30730107	
NOL8	nucleolar protein 8 [Source:HGNC Symbol;Acc:HGNC:23387]	-0.30746043	
ABI3	ABI family member 3 [Source:HGNC Symbol;Acc:HGNC:29859]	-0.30753502	
ASXL1	ASXL transcriptional regulator 1 [Source:HGNC Symbol;Acc:HGNC:18318]	-0.30755037	
ABCE1	ATP binding cassette subfamily E member 1 [Source:HGNC Symbol;Acc:HGNC:69]	-0.30780515	
PIAS2	protein inhibitor of activated STAT 2 [Source:HGNC Symbol;Acc:HGNC:17311]	-0.30828467	
THOC2	THO complex subunit 2 [Source:HGNC Symbol;Acc:HGNC:19073]	-0.30901018	
ORC5	origin recognition complex subunit 5 [Source:HGNC Symbol;Acc:HGNC:8491]	-0.30978438	
UNC5CL	unc-5 family C-terminal like [Source:HGNC Symbol;Acc:HGNC:21203]	-0.30994207	
NPM1	nucleophosmin 1 [Source:HGNC Symbol;Acc:HGNC:7910]	-0.31041583	
ZNF398	zinc finger protein 398 [Source:HGNC Symbol;Acc:HGNC:18373]	-0.31057504	
ABCC5	ATP binding cassette subfamily C member 5 [Source:HGNC Symbol;Acc:HGNC:56]	-0.3108122	
CEPT1	choline/ethanolamine phosphotransferase 1 [Source:HGNC Symbol;Acc:HGNC:24289]	-0.31176212	
PRKDC	protein kinase, DNA-activated, catalytic subunit [Source:HGNC Symbol;Acc:HGNC:9413]	-0.31221816	
ACAP2	ArfGAP with coiled-coil, ankyrin repeat and PH domains 2 [Source:HGNC Symbol;Acc:HGNC:16469]	-0.31245378	
GUCD1	guanylyl cyclase domain containing 1 [Source:HGNC Symbol;Acc:HGNC:14237]	-0.31247815	
LIN52	lin-52 DREAM MuvB core complex component [Source:HGNC Symbol;Acc:HGNC:19856]	-0.31290567	
TSPAN13	tetraspanin 13 [Source:HGNC Symbol;Acc:HGNC:21643]	-0.31394443	
BAZ1B	bromodomain adjacent to zinc finger domain 1B [Source:HGNC Symbol;Acc:HGNC:961]	-0.31423607	
XPNPEP3	X-prolyl aminopeptidase 3 [Source:HGNC Symbol;Acc:HGNC:28052]	-0.31426406	
EXOC6	exocyst complex component 6 [Source:HGNC Symbol;Acc:HGNC:23196]	-0.31429303	
PHF20	PHD finger protein 20 [Source:HGNC Symbol;Acc:HGNC:16098]	-0.3143733	
ZMYM2	zinc finger MYM-type containing 2 [Source:HGNC Symbol;Acc:HGNC:12989]	-0.31467775	
SMARCA2	SWI/SNF related, matrix associated, actin dependent regulator of chromatin, subfamily a, member 2 [Source:HGNC Symbol;Acc:HGNC:11098]	-0.31498826	
IRF3	interferon regulatory factor 3 [Source:HGNC Symbol;Acc:HGNC:6118]	-0.3150232	
RALGAPB	Ral GTPase activating protein non-catalytic subunit beta [Source:HGNC Symbol;Acc:HGNC:29221]	-0.31543282	
AKAP8L	A-kinase anchoring protein 8 like [Source:HGNC Symbol;Acc:HGNC:29857]	-0.31544334	
NOP10	NOP10 ribonucleoprotein [Source:HGNC Symbol;Acc:HGNC:14378]	-0.31552458	
SDHA	succinate dehydrogenase complex flavoprotein subunit A [Source:HGNC Symbol;Acc:HGNC:10680]	-0.3167332	
SNX29	sorting nexin 29 [Source:HGNC Symbol;Acc:HGNC:30542]	-0.31679606	
LIMS1	LIM zinc finger domain containing 1 [Source:HGNC Symbol;Acc:HGNC:6616]	-0.31744644	
NAMPT	nicotinamide phosphoribosyltransferase [Source:HGNC Symbol;Acc:HGNC:30092]	-0.3175522	
RPS8	ribosomal protein S8 [Source:HGNC Symbol;Acc:HGNC:10441]	-0.31757978	
MPHOSPH9	M-phase phosphoprotein 9 [Source:HGNC Symbol;Acc:HGNC:7215]	-0.3180655	
PTGES3	prostaglandin E synthase 3 [Source:HGNC Symbol;Acc:HGNC:16049]	-0.3181933	
PPP3CB	protein phosphatase 3 catalytic subunit beta [Source:HGNC Symbol;Acc:HGNC:9315]	-0.3189534	
CYLD	CYLD lysine 63 deubiquitinase [Source:HGNC Symbol;Acc:HGNC:2584]	-0.31920618	
STAT2	signal transducer and activator of transcription 2 [Source:HGNC Symbol;Acc:HGNC:11363]	-0.31925312	
RPL21	ribosomal protein L21 [Source:HGNC Symbol;Acc:HGNC:10313]	-0.31936985	
PRRC2C	proline rich coiled-coil 2C [Source:HGNC Symbol;Acc:HGNC:24903]	-0.3201185	
DIDO1	death inducer-obliterator 1 [Source:HGNC Symbol;Acc:HGNC:2680]	-0.32043162	
TAOK3	TAO kinase 3 [Source:HGNC Symbol;Acc:HGNC:18133]	-0.32046866	
DICER1	dicer 1, ribonuclease III [Source:HGNC Symbol;Acc:HGNC:17098]	-0.32050315	
TTYH3	tweety family member 3 [Source:HGNC Symbol;Acc:HGNC:22222]	-0.32102647	
HECTD4	HECT domain E3 ubiquitin protein ligase 4 [Source:HGNC Symbol;Acc:HGNC:26611]	-0.32148913	
INVS	inversin [Source:HGNC Symbol;Acc:HGNC:17870]	-0.32197	
SLC10A7	solute carrier family 10 member 7 [Source:HGNC Symbol;Acc:HGNC:23088]	-0.3222805	
POT1	protection of telomeres 1 [Source:HGNC Symbol;Acc:HGNC:17284]	-0.32290822	
RGS14	regulator of G protein signaling 14 [Source:HGNC Symbol;Acc:HGNC:9996]	-0.32297727	
SMAD3	SMAD family member 3 [Source:HGNC Symbol;Acc:HGNC:6769]	-0.32330027	
GNGT2	G protein subunit gamma transducin 2 [Source:HGNC Symbol;Acc:HGNC:4412]	-0.3233127	
C1GALT1	core 1 synthase, glycoprotein-N-acetylgalactosamine 3-beta-galactosyltransferase 1 [Source:HGNC Symbol;Acc:HGNC:24337]	-0.32349974	
CELSR1	cadherin EGF LAG seven-pass G-type receptor 1 [Source:HGNC Symbol;Acc:HGNC:1850]	-0.32351342	
ANKRD17	ankyrin repeat domain 17 [Source:HGNC Symbol;Acc:HGNC:23575]	-0.3237548	
CREB1	cAMP responsive element binding protein 1 [Source:HGNC Symbol;Acc:HGNC:2345]	-0.3241606	
CBR1	carbonyl reductase 1 [Source:HGNC Symbol;Acc:HGNC:1548]	-0.324596	
SETD5	SET domain containing 5 [Source:HGNC Symbol;Acc:HGNC:25566]	-0.32471848	
ALKBH8	alkB homolog 8, tRNA methyltransferase [Source:HGNC Symbol;Acc:HGNC:25189]	-0.32498813	
IDH2	isocitrate dehydrogenase (NADP(+)) 2 [Source:HGNC Symbol;Acc:HGNC:5383]	-0.32511652	
METTL16	methyltransferase 16, N6-methyladenosine [Source:HGNC Symbol;Acc:HGNC:28484]	-0.32561097	
MTMR3	myotubularin related protein 3 [Source:HGNC Symbol;Acc:HGNC:7451]	-0.32582745	
UBE3C	ubiquitin protein ligase E3C [Source:HGNC Symbol;Acc:HGNC:16803]	-0.32611927	
ST3GAL4	ST3 beta-galactoside alpha-2,3-sialyltransferase 4 [Source:HGNC Symbol;Acc:HGNC:10864]	-0.32655415	
SNAPC3	small nuclear RNA activating complex polypeptide 3 [Source:HGNC Symbol;Acc:HGNC:11136]	-0.32812878	
CEP128	centrosomal protein 128 [Source:HGNC Symbol;Acc:HGNC:20359]	-0.3282748	
FRS2	fibroblast growth factor receptor substrate 2 [Source:HGNC Symbol;Acc:HGNC:16971]	-0.32843137	
RPS25	ribosomal protein S25 [Source:HGNC Symbol;Acc:HGNC:10413]	-0.32850465	
DPH6	diphthamine biosynthesis 6 [Source:HGNC Symbol;Acc:HGNC:30543]	-0.32859358	
TOM1L2	target of myb1 like 2 membrane trafficking protein [Source:HGNC Symbol;Acc:HGNC:11984]	-0.32910797	
POLR1A	RNA polymerase I subunit A [Source:HGNC Symbol;Acc:HGNC:17264]	-0.32946578	
ATXN2	ataxin 2 [Source:HGNC Symbol;Acc:HGNC:10555]	-0.3294735	
SLC25A27	solute carrier family 25 member 27 [Source:HGNC Symbol;Acc:HGNC:21065]	-0.3298729	
TNPO3	transportin 3 [Source:HGNC Symbol;Acc:HGNC:17103]	-0.32996923	
AVEN	apoptosis and caspase activation inhibitor [Source:HGNC Symbol;Acc:HGNC:13509]	-0.33002657	
NXN	nucleoredoxin [Source:HGNC Symbol;Acc:HGNC:18008]	-0.33119532	
ZNF260	zinc finger protein 260 [Source:HGNC Symbol;Acc:HGNC:13499]	-0.3319923	
PLEKHA1	pleckstrin homology domain containing A1 [Source:HGNC Symbol;Acc:HGNC:14335]	-0.33235562	
DCAF17	DDB1 and CUL4 associated factor 17 [Source:HGNC Symbol;Acc:HGNC:25784]	-0.33240157	
TARDBP	TAR DNA binding protein [Source:HGNC Symbol;Acc:HGNC:11571]	-0.33277014	
RPL18A	ribosomal protein L18a [Source:HGNC Symbol;Acc:HGNC:10311]	-0.33335075	
RALA	RAS like proto-oncogene A [Source:HGNC Symbol;Acc:HGNC:9839]	-0.3335852	
SCFD1	sec1 family domain containing 1 [Source:HGNC Symbol;Acc:HGNC:20726]	-0.33376816	
PALS2	protein associated with LIN7 2, MAGUK p55 family member [Source:HGNC Symbol;Acc:HGNC:18167]	-0.33542022	
CHORDC1	cysteine and histidine rich domain containing 1 [Source:HGNC Symbol;Acc:HGNC:14525]	-0.3357017	
SLC38A9	solute carrier family 38 member 9 [Source:HGNC Symbol;Acc:HGNC:26907]	-0.3357128	
GGT5	gamma-glutamyltransferase 5 [Source:HGNC Symbol;Acc:HGNC:4260]	-0.3361285	
LTA4H	leukotriene A4 hydrolase [Source:HGNC Symbol;Acc:HGNC:6710]	-0.33622146	
GNG12	G protein subunit gamma 12 [Source:HGNC Symbol;Acc:HGNC:19663]	-0.336737	
XPO7	exportin 7 [Source:HGNC Symbol;Acc:HGNC:14108]	-0.3369683	
TAPT1	transmembrane anterior posterior transformation 1 [Source:HGNC Symbol;Acc:HGNC:26887]	-0.3374811	
SEC24B	SEC24 homolog B, COPII coat complex component [Source:HGNC Symbol;Acc:HGNC:10704]	-0.33752754	
N4BP2L1	NEDD4 binding protein 2 like 1 [Source:HGNC Symbol;Acc:HGNC:25037]	-0.33762786	
NGLY1	N-glycanase 1 [Source:HGNC Symbol;Acc:HGNC:17646]	-0.33868563	
TASOR2	transcription activation suppressor family member 2 [Source:HGNC Symbol;Acc:HGNC:23484]	-0.33883476	
RNF130	ring finger protein 130 [Source:HGNC Symbol;Acc:HGNC:18280]	-0.33892396	
RELCH	RAB11 binding and LisH domain, coiled-coil and HEAT repeat containing [Source:HGNC Symbol;Acc:HGNC:29289]	-0.3389629	
GPRASP1	G protein-coupled receptor associated sorting protein 1 [Source:HGNC Symbol;Acc:HGNC:24834]	-0.33943012	
LMAN2L	lectin, mannose binding 2 like [Source:HGNC Symbol;Acc:HGNC:19263]	-0.3396659	
ZDHHC20	zinc finger DHHC-type palmitoyltransferase 20 [Source:HGNC Symbol;Acc:HGNC:20749]	-0.34109926	
FAS	Fas cell surface death receptor [Source:HGNC Symbol;Acc:HGNC:11920]	-0.34221697	
MICALL1	MICAL like 1 [Source:HGNC Symbol;Acc:HGNC:29804]	-0.34268612	
SNX27	sorting nexin 27 [Source:HGNC Symbol;Acc:HGNC:20073]	-0.34280828	
ASXL2	ASXL transcriptional regulator 2 [Source:HGNC Symbol;Acc:HGNC:23805]	-0.34282774	
FOXN2	forkhead box N2 [Source:HGNC Symbol;Acc:HGNC:5281]	-0.34368142	
ZC3H12D	zinc finger CCCH-type containing 12D [Source:HGNC Symbol;Acc:HGNC:21175]	-0.3437431	
LFNG	LFNG O-fucosylpeptide 3-beta-N-acetylglucosaminyltransferase [Source:HGNC Symbol;Acc:HGNC:6560]	-0.34416652	
TMPO	thymopoietin [Source:HGNC Symbol;Acc:HGNC:11875]	-0.34422076	
GPATCH4	G-patch domain containing 4 (gene/pseudogene) [Source:HGNC Symbol;Acc:HGNC:25982]	-0.34431633	
CHASERR	CHD2 adjacent suppressive regulatory RNA [Source:HGNC Symbol;Acc:HGNC:48626]	-0.34443823	
ELF4	E74 like ETS transcription factor 4 [Source:HGNC Symbol;Acc:HGNC:3319]	-0.34449533	
UBE2D1	ubiquitin conjugating enzyme E2 D1 [Source:HGNC Symbol;Acc:HGNC:12474]	-0.34513673	
SORCS2	sortilin related VPS10 domain containing receptor 2 [Source:HGNC Symbol;Acc:HGNC:16698]	-0.34536153	
RBM33	RNA binding motif protein 33 [Source:HGNC Symbol;Acc:HGNC:27223]	-0.34571692	
CHD8	chromodomain helicase DNA binding protein 8 [Source:HGNC Symbol;Acc:HGNC:20153]	-0.34602404	
FAM117A	family with sequence similarity 117 member A [Source:HGNC Symbol;Acc:HGNC:24179]	-0.34602576	
CSPP1	centrosome and spindle pole associated protein 1 [Source:HGNC Symbol;Acc:HGNC:26193]	-0.3461845	
ARHGAP5	Rho GTPase activating protein 5 [Source:HGNC Symbol;Acc:HGNC:675]	-0.34669226	
DENND6A	DENN domain containing 6A [Source:HGNC Symbol;Acc:HGNC:26635]	-0.3470263	
DGKD	diacylglycerol kinase delta [Source:HGNC Symbol;Acc:HGNC:2851]	-0.34738415	
TPT1	tumor protein, translationally-controlled 1 [Source:HGNC Symbol;Acc:HGNC:12022]	-0.34782657	
DARS1	aspartyl-tRNA synthetase 1 [Source:HGNC Symbol;Acc:HGNC:2678]	-0.34813532	
HS2ST1	heparan sulfate 2-O-sulfotransferase 1 [Source:HGNC Symbol;Acc:HGNC:5193]	-0.3487593	
TTC7B	tetratricopeptide repeat domain 7B [Source:HGNC Symbol;Acc:HGNC:19858]	-0.3490102	
CTNNBL1	catenin beta like 1 [Source:HGNC Symbol;Acc:HGNC:15879]	-0.34915602	
PSIP1	PC4 and SFRS1 interacting protein 1 [Source:HGNC Symbol;Acc:HGNC:9527]	-0.34963208	
DDX10	DEAD-box helicase 10 [Source:HGNC Symbol;Acc:HGNC:2735]	-0.3498073	
ZNF236	zinc finger protein 236 [Source:HGNC Symbol;Acc:HGNC:13028]	-0.3499421	
FBL	fibrillarin [Source:HGNC Symbol;Acc:HGNC:3599]	-0.3502815	
KLHDC10	kelch domain containing 10 [Source:HGNC Symbol;Acc:HGNC:22194]	-0.35142717	
PIK3C2A	phosphatidylinositol-4-phosphate 3-kinase catalytic subunit type 2 alpha [Source:HGNC Symbol;Acc:HGNC:8971]	-0.35148525	
NCOA1	nuclear receptor coactivator 1 [Source:HGNC Symbol;Acc:HGNC:7668]	-0.35186967	
FKBP5	FKBP prolyl isomerase 5 [Source:HGNC Symbol;Acc:HGNC:3721]	-0.35212773	
RPL10A	ribosomal protein L10a [Source:HGNC Symbol;Acc:HGNC:10299]	-0.3524313	
TXK	TXK tyrosine kinase [Source:HGNC Symbol;Acc:HGNC:12434]	-0.35259268	
TAPBPL	TAP binding protein like [Source:HGNC Symbol;Acc:HGNC:30683]	-0.35261622	
PPP1R21	protein phosphatase 1 regulatory subunit 21 [Source:HGNC Symbol;Acc:HGNC:30595]	-0.35268807	
RPL22L1	ribosomal protein L22 like 1 [Source:HGNC Symbol;Acc:HGNC:27610]	-0.35270768	
KMT2D	lysine methyltransferase 2D [Source:HGNC Symbol;Acc:HGNC:7133]	-0.3527641	
RAI1	retinoic acid induced 1 [Source:HGNC Symbol;Acc:HGNC:9834]	-0.3534955	
PMEL	premelanosome protein [Source:HGNC Symbol;Acc:HGNC:10880]	-0.3541553	
PGAP1	post-GPI attachment to proteins inositol deacylase 1 [Source:HGNC Symbol;Acc:HGNC:25712]	-0.35420775	
LRIF1	ligand dependent nuclear receptor interacting factor 1 [Source:HGNC Symbol;Acc:HGNC:30299]	-0.35442996	
PNPLA7	patatin like phospholipase domain containing 7 [Source:HGNC Symbol;Acc:HGNC:24768]	-0.35527718	
KIAA1328	KIAA1328 [Source:HGNC Symbol;Acc:HGNC:29248]	-0.35633928	
POU2F1	POU class 2 homeobox 1 [Source:HGNC Symbol;Acc:HGNC:9212]	-0.35659125	
EXOC4	exocyst complex component 4 [Source:HGNC Symbol;Acc:HGNC:30389]	-0.35681507	
DCAF5	DDB1 and CUL4 associated factor 5 [Source:HGNC Symbol;Acc:HGNC:20224]	-0.35728505	
TNKS	tankyrase [Source:HGNC Symbol;Acc:HGNC:11941]	-0.35770753	
CREBBP	CREB binding protein [Source:HGNC Symbol;Acc:HGNC:2348]	-0.35807058	
ELOVL6	ELOVL fatty acid elongase 6 [Source:HGNC Symbol;Acc:HGNC:15829]	-0.35807112	
LRPPRC	leucine rich pentatricopeptide repeat containing [Source:HGNC Symbol;Acc:HGNC:15714]	-0.35867706	
FGFR2	fibroblast growth factor receptor 2 [Source:HGNC Symbol;Acc:HGNC:3689]	-0.35915074	
TMEM229B	transmembrane protein 229B [Source:HGNC Symbol;Acc:HGNC:20130]	-0.3597179	
SMAD1	SMAD family member 1 [Source:HGNC Symbol;Acc:HGNC:6767]	-0.3600405	
MSRA	methionine sulfoxide reductase A [Source:HGNC Symbol;Acc:HGNC:7377]	-0.36107618	
ZNFX1	zinc finger NFX1-type containing 1 [Source:HGNC Symbol;Acc:HGNC:29271]	-0.36120367	
ZNF148	zinc finger protein 148 [Source:HGNC Symbol;Acc:HGNC:12933]	-0.3624462	
MSH3	mutS homolog 3 [Source:HGNC Symbol;Acc:HGNC:7326]	-0.3634424	
HSP90AB1	heat shock protein 90 alpha family class B member 1 [Source:HGNC Symbol;Acc:HGNC:5258]	-0.36376247	
TMEM260	transmembrane protein 260 [Source:HGNC Symbol;Acc:HGNC:20185]	-0.36433446	
DMXL1	Dmx like 1 [Source:HGNC Symbol;Acc:HGNC:2937]	-0.36473244	
MRPS28	mitochondrial ribosomal protein S28 [Source:HGNC Symbol;Acc:HGNC:14513]	-0.36512703	
USP32	ubiquitin specific peptidase 32 [Source:HGNC Symbol;Acc:HGNC:19143]	-0.36581346	
PRKACB	protein kinase cAMP-activated catalytic subunit beta [Source:HGNC Symbol;Acc:HGNC:9381]	-0.36605212	
MARK2	microtubule affinity regulating kinase 2 [Source:HGNC Symbol;Acc:HGNC:3332]	-0.36622018	
MLLT10	MLLT10 histone lysine methyltransferase DOT1L cofactor [Source:HGNC Symbol;Acc:HGNC:16063]	-0.3667298	
DNAJB9	DnaJ heat shock protein family (Hsp40) member B9 [Source:HGNC Symbol;Acc:HGNC:6968]	-0.3667848	
INPP5F	inositol polyphosphate-5-phosphatase F [Source:HGNC Symbol;Acc:HGNC:17054]	-0.36684534	
ARHGAP4	Rho GTPase activating protein 4 [Source:HGNC Symbol;Acc:HGNC:674]	-0.36693385	
LDAH	lipid droplet associated hydrolase [Source:HGNC Symbol;Acc:HGNC:26145]	-0.36820558	
WASHC3	WASH complex subunit 3 [Source:HGNC Symbol;Acc:HGNC:24256]	-0.36832428	
KLHL2	kelch like family member 2 [Source:HGNC Symbol;Acc:HGNC:6353]	-0.36955437	
PAN3	poly(A) specific ribonuclease subunit PAN3 [Source:HGNC Symbol;Acc:HGNC:29991]	-0.3695964	
PATZ1	POZ/BTB and AT hook containing zinc finger 1 [Source:HGNC Symbol;Acc:HGNC:13071]	-0.3700178	
UBE4A	ubiquitination factor E4A [Source:HGNC Symbol;Acc:HGNC:12499]	-0.37011206	
PCM1	pericentriolar material 1 [Source:HGNC Symbol;Acc:HGNC:8727]	-0.3703009	
ARHGAP35	Rho GTPase activating protein 35 [Source:HGNC Symbol;Acc:HGNC:4591]	-0.37084776	
CUL3	cullin 3 [Source:HGNC Symbol;Acc:HGNC:2553]	-0.37178242	
SMYD3	SET and MYND domain containing 3 [Source:HGNC Symbol;Acc:HGNC:15513]	-0.37227398	
EHMT1	euchromatic histone lysine methyltransferase 1 [Source:HGNC Symbol;Acc:HGNC:24650]	-0.3723462	
PGS1	phosphatidylglycerophosphate synthase 1 [Source:HGNC Symbol;Acc:HGNC:30029]	-0.3728346	
MBNL1	muscleblind like splicing regulator 1 [Source:HGNC Symbol;Acc:HGNC:6923]	-0.37303028	
PRDM2	PR/SET domain 2 [Source:HGNC Symbol;Acc:HGNC:9347]	-0.37303334	
PABPC1	poly(A) binding protein cytoplasmic 1 [Source:HGNC Symbol;Acc:HGNC:8554]	-0.3731031	
GPCPD1	glycerophosphocholine phosphodiesterase 1 [Source:HGNC Symbol;Acc:HGNC:26957]	-0.37337744	
RBM38	RNA binding motif protein 38 [Source:HGNC Symbol;Acc:HGNC:15818]	-0.37382412	
SETD7	SET domain containing 7, histone lysine methyltransferase [Source:HGNC Symbol;Acc:HGNC:30412]	-0.3739295	
RPH3AL	rabphilin 3A like (without C2 domains) [Source:HGNC Symbol;Acc:HGNC:10296]	-0.37404966	
TANGO6	transport and golgi organization 6 homolog [Source:HGNC Symbol;Acc:HGNC:25749]	-0.3744718	
PPP3CA	protein phosphatase 3 catalytic subunit alpha [Source:HGNC Symbol;Acc:HGNC:9314]	-0.374894	
IFIH1	interferon induced with helicase C domain 1 [Source:HGNC Symbol;Acc:HGNC:18873]	-0.37498495	
TP53INP1	tumor protein p53 inducible nuclear protein 1 [Source:HGNC Symbol;Acc:HGNC:18022]	-0.37498674	
RPS29	ribosomal protein S29 [Source:HGNC Symbol;Acc:HGNC:10419]	-0.37506914	
HSDL1	hydroxysteroid dehydrogenase like 1 [Source:HGNC Symbol;Acc:HGNC:16475]	-0.37539482	
SFMBT1	Scm like with four mbt domains 1 [Source:HGNC Symbol;Acc:HGNC:20255]	-0.3755486	
MOV10	Mov10 RISC complex RNA helicase [Source:HGNC Symbol;Acc:HGNC:7200]	-0.37563375	
VTI1A	vesicle transport through interaction with t-SNAREs 1A [Source:HGNC Symbol;Acc:HGNC:17792]	-0.3771255	
SRPK1	SRSF protein kinase 1 [Source:HGNC Symbol;Acc:HGNC:11305]	-0.37747866	
AQR	aquarius intron-binding spliceosomal factor [Source:HGNC Symbol;Acc:HGNC:29513]	-0.37833855	
NOP56	NOP56 ribonucleoprotein [Source:HGNC Symbol;Acc:HGNC:15911]	-0.37850213	
RPS18	ribosomal protein S18 [Source:HGNC Symbol;Acc:HGNC:10401]	-0.37893105	
SH2D3C	SH2 domain containing 3C [Source:HGNC Symbol;Acc:HGNC:16884]	-0.37907666	
ZNF654	zinc finger protein 654 [Source:HGNC Symbol;Acc:HGNC:25612]	-0.37931672	
VPS13C	vacuolar protein sorting 13 homolog C [Source:HGNC Symbol;Acc:HGNC:23594]	-0.3793761	
HSPA8	heat shock protein family A (Hsp70) member 8 [Source:HGNC Symbol;Acc:HGNC:5241]	-0.38110852	
MAPK8	mitogen-activated protein kinase 8 [Source:HGNC Symbol;Acc:HGNC:6881]	-0.38135722	
GGACT	gamma-glutamylamine cyclotransferase [Source:HGNC Symbol;Acc:HGNC:25100]	-0.38153648	
MAX	MYC associated factor X [Source:HGNC Symbol;Acc:HGNC:6913]	-0.38193643	
TTC17	tetratricopeptide repeat domain 17 [Source:HGNC Symbol;Acc:HGNC:25596]	-0.38210773	
TRAF5	TNF receptor associated factor 5 [Source:HGNC Symbol;Acc:HGNC:12035]	-0.38250577	
CD84	CD84 molecule [Source:HGNC Symbol;Acc:HGNC:1704]	-0.3826436	
CNN3	calponin 3 [Source:HGNC Symbol;Acc:HGNC:2157]	-0.38330433	
VPS13A	vacuolar protein sorting 13 homolog A [Source:HGNC Symbol;Acc:HGNC:1908]	-0.38364798	
TRAPPC12	trafficking protein particle complex subunit 12 [Source:HGNC Symbol;Acc:HGNC:24284]	-0.38447714	
DYM	dymeclin [Source:HGNC Symbol;Acc:HGNC:21317]	-0.38485467	
PECAM1	platelet and endothelial cell adhesion molecule 1 [Source:HGNC Symbol;Acc:HGNC:8823]	-0.38547465	
SND1	staphylococcal nuclease and tudor domain containing 1 [Source:HGNC Symbol;Acc:HGNC:30646]	-0.38552532	
SKP1	S-phase kinase associated protein 1 [Source:HGNC Symbol;Acc:HGNC:10899]	-0.3855426	
RANBP10	RAN binding protein 10 [Source:HGNC Symbol;Acc:HGNC:29285]	-0.38615367	
TWF2	twinfilin actin binding protein 2 [Source:HGNC Symbol;Acc:HGNC:9621]	-0.3862591	
STIP1	stress induced phosphoprotein 1 [Source:HGNC Symbol;Acc:HGNC:11387]	-0.3863051	
PKN2	protein kinase N2 [Source:HGNC Symbol;Acc:HGNC:9406]	-0.38643688	
BBIP1	BBSome interacting protein 1 [Source:HGNC Symbol;Acc:HGNC:28093]	-0.38657844	
NMI	N-myc and STAT interactor [Source:HGNC Symbol;Acc:HGNC:7854]	-0.38692826	
NR2C2	nuclear receptor subfamily 2 group C member 2 [Source:HGNC Symbol;Acc:HGNC:7972]	-0.38742706	
REV1	REV1 DNA directed polymerase [Source:HGNC Symbol;Acc:HGNC:14060]	-0.3877641	
GATAD2B	GATA zinc finger domain containing 2B [Source:HGNC Symbol;Acc:HGNC:30778]	-0.3883979	
ASB3	ankyrin repeat and SOCS box containing 3 [Source:HGNC Symbol;Acc:HGNC:16013]	-0.38850152	
CCR9	C-C motif chemokine receptor 9 [Source:HGNC Symbol;Acc:HGNC:1610]	-0.38908464	
CCNY	cyclin Y [Source:HGNC Symbol;Acc:HGNC:23354]	-0.38949016	
DKC1	dyskerin pseudouridine synthase 1 [Source:HGNC Symbol;Acc:HGNC:2890]	-0.38997537	
NT5C3A	5'-nucleotidase, cytosolic IIIA [Source:HGNC Symbol;Acc:HGNC:17820]	-0.39043027	
MAGT1	magnesium transporter 1 [Source:HGNC Symbol;Acc:HGNC:28880]	-0.3905103	
AATF	apoptosis antagonizing transcription factor [Source:HGNC Symbol;Acc:HGNC:19235]	-0.3906765	
NME2	NME/NM23 nucleoside diphosphate kinase 2 [Source:HGNC Symbol;Acc:HGNC:7850]	-0.39106542	
ZFP1	ZFP1 zinc finger protein [Source:HGNC Symbol;Acc:HGNC:23328]	-0.39157352	
ATP6V1H	ATPase H+ transporting V1 subunit H [Source:HGNC Symbol;Acc:HGNC:18303]	-0.3930667	
TAF3	TATA-box binding protein associated factor 3 [Source:HGNC Symbol;Acc:HGNC:17303]	-0.39331475	
PAPOLA	poly(A) polymerase alpha [Source:HGNC Symbol;Acc:HGNC:14981]	-0.3935387	
RPL7	ribosomal protein L7 [Source:HGNC Symbol;Acc:HGNC:10363]	-0.3935707	
PCCA	propionyl-CoA carboxylase subunit alpha [Source:HGNC Symbol;Acc:HGNC:8653]	-0.3943288	
MCL1	MCL1 apoptosis regulator, BCL2 family member [Source:HGNC Symbol;Acc:HGNC:6943]	-0.39441532	
PHF14	PHD finger protein 14 [Source:HGNC Symbol;Acc:HGNC:22203]	-0.39455923	
OAS3	2'-5'-oligoadenylate synthetase 3 [Source:HGNC Symbol;Acc:HGNC:8088]	-0.39582422	
CCDC171	coiled-coil domain containing 171 [Source:HGNC Symbol;Acc:HGNC:29828]	-0.39626047	
PGPEP1L	pyroglutamyl-peptidase I like [Source:HGNC Symbol;Acc:HGNC:27080]	-0.3974654	
PPP1R12B	protein phosphatase 1 regulatory subunit 12B [Source:HGNC Symbol;Acc:HGNC:7619]	-0.39775336	
EML5	EMAP like 5 [Source:HGNC Symbol;Acc:HGNC:18197]	-0.39800045	
SYNJ2BP	synaptojanin 2 binding protein [Source:HGNC Symbol;Acc:HGNC:18955]	-0.398302	
GSE1	Gse1 coiled-coil protein [Source:HGNC Symbol;Acc:HGNC:28979]	-0.40181592	
HDHD5	haloacid dehalogenase like hydrolase domain containing 5 [Source:HGNC Symbol;Acc:HGNC:1843]	-0.40248343	
VAMP1	vesicle associated membrane protein 1 [Source:HGNC Symbol;Acc:HGNC:12642]	-0.40266907	
SNRPD3	small nuclear ribonucleoprotein D3 polypeptide [Source:HGNC Symbol;Acc:HGNC:11160]	-0.40331754	
ARHGAP1	Rho GTPase activating protein 1 [Source:HGNC Symbol;Acc:HGNC:673]	-0.40402165	
FHIT	fragile histidine triad diadenosine triphosphatase [Source:HGNC Symbol;Acc:HGNC:3701]	-0.4040857	
BRWD1	bromodomain and WD repeat domain containing 1 [Source:HGNC Symbol;Acc:HGNC:12760]	-0.40442833	
MITD1	microtubule interacting and trafficking domain containing 1 [Source:HGNC Symbol;Acc:HGNC:25207]	-0.4056769	
TRIP12	thyroid hormone receptor interactor 12 [Source:HGNC Symbol;Acc:HGNC:12306]	-0.4057245	
ARHGAP10	Rho GTPase activating protein 10 [Source:HGNC Symbol;Acc:HGNC:26099]	-0.40599248	
FBXW4	F-box and WD repeat domain containing 4 [Source:HGNC Symbol;Acc:HGNC:10847]	-0.40675557	
ANKFY1	ankyrin repeat and FYVE domain containing 1 [Source:HGNC Symbol;Acc:HGNC:20763]	-0.4073932	
H1-2	H1.2 linker histone, cluster member [Source:HGNC Symbol;Acc:HGNC:4716]	-0.40778548	
TBCEL	tubulin folding cofactor E like [Source:HGNC Symbol;Acc:HGNC:28115]	-0.4081474	
TMEM164	transmembrane protein 164 [Source:HGNC Symbol;Acc:HGNC:26217]	-0.408585	
BMT2	base methyltransferase of 25S rRNA 2 homolog [Source:HGNC Symbol;Acc:HGNC:26475]	-0.40882158	
ARHGAP25	Rho GTPase activating protein 25 [Source:HGNC Symbol;Acc:HGNC:28951]	-0.40971437	
ARMC7	armadillo repeat containing 7 [Source:HGNC Symbol;Acc:HGNC:26168]	-0.4100017	
CARD6	caspase recruitment domain family member 6 [Source:HGNC Symbol;Acc:HGNC:16394]	-0.4101659	
FAF1	Fas associated factor 1 [Source:HGNC Symbol;Acc:HGNC:3578]	-0.41038015	
RNF38	ring finger protein 38 [Source:HGNC Symbol;Acc:HGNC:18052]	-0.4113602	
MFHAS1	multifunctional ROCO family signaling regulator 1 [Source:HGNC Symbol;Acc:HGNC:16982]	-0.4114323	
ACSS2	acyl-CoA synthetase short chain family member 2 [Source:HGNC Symbol;Acc:HGNC:15814]	-0.411456	
TGFBR2	transforming growth factor beta receptor 2 [Source:HGNC Symbol;Acc:HGNC:11773]	-0.41210306	
COX16	cytochrome c oxidase assembly factor COX16 [Source:HGNC Symbol;Acc:HGNC:20213]	-0.4130742	
HUWE1	HECT, UBA and WWE domain containing E3 ubiquitin protein ligase 1 [Source:HGNC Symbol;Acc:HGNC:30892]	-0.41421142	
CNOT4	CCR4-NOT transcription complex subunit 4 [Source:HGNC Symbol;Acc:HGNC:7880]	-0.4147639	
PVR	PVR cell adhesion molecule [Source:HGNC Symbol;Acc:HGNC:9705]	-0.41524827	
PLEKHA7	pleckstrin homology domain containing A7 [Source:HGNC Symbol;Acc:HGNC:27049]	-0.41539228	
DDB2	damage specific DNA binding protein 2 [Source:HGNC Symbol;Acc:HGNC:2718]	-0.41546705	
RALGAPA2	Ral GTPase activating protein catalytic subunit alpha 2 [Source:HGNC Symbol;Acc:HGNC:16207]	-0.4156374	
SHPRH	SNF2 histone linker PHD RING helicase [Source:HGNC Symbol;Acc:HGNC:19336]	-0.41635415	
EPSTI1	epithelial stromal interaction 1 [Source:HGNC Symbol;Acc:HGNC:16465]	-0.4164399	
HSPE1	heat shock protein family E (Hsp10) member 1 [Source:HGNC Symbol;Acc:HGNC:5269]	-0.41760772	
ATRN	attractin [Source:HGNC Symbol;Acc:HGNC:885]	-0.41963995	
RBL1	RB transcriptional corepressor like 1 [Source:HGNC Symbol;Acc:HGNC:9893]	-0.4200605	
SLC30A7	solute carrier family 30 member 7 [Source:HGNC Symbol;Acc:HGNC:19306]	-0.42015705	
TUBA1B	tubulin alpha 1b [Source:HGNC Symbol;Acc:HGNC:18809]	-0.42136165	
RPL13	ribosomal protein L13 [Source:HGNC Symbol;Acc:HGNC:10303]	-0.4222888	
ARMC8	armadillo repeat containing 8 [Source:HGNC Symbol;Acc:HGNC:24999]	-0.42234617	
OSBPL9	oxysterol binding protein like 9 [Source:HGNC Symbol;Acc:HGNC:16386]	-0.42394012	
HMBOX1	homeobox containing 1 [Source:HGNC Symbol;Acc:HGNC:26137]	-0.4245897	
STRBP	spermatid perinuclear RNA binding protein [Source:HGNC Symbol;Acc:HGNC:16462]	-0.4264009	
AKAP10	A-kinase anchoring protein 10 [Source:HGNC Symbol;Acc:HGNC:368]	-0.42746127	
OASL	2'-5'-oligoadenylate synthetase like [Source:HGNC Symbol;Acc:HGNC:8090]	-0.4274913	
KIF1B	kinesin family member 1B [Source:HGNC Symbol;Acc:HGNC:16636]	-0.4279424	
KLF13	KLF transcription factor 13 [Source:HGNC Symbol;Acc:HGNC:13672]	-0.42807922	
ZNF277	zinc finger protein 277 [Source:HGNC Symbol;Acc:HGNC:13070]	-0.42840952	
RNF145	ring finger protein 145 [Source:HGNC Symbol;Acc:HGNC:20853]	-0.4287037	
ITSN2	intersectin 2 [Source:HGNC Symbol;Acc:HGNC:6184]	-0.42981985	
VIPR1	vasoactive intestinal peptide receptor 1 [Source:HGNC Symbol;Acc:HGNC:12694]	-0.43069124	
FKBP4	FKBP prolyl isomerase 4 [Source:HGNC Symbol;Acc:HGNC:3720]	-0.4314715	
PDS5A	PDS5 cohesin associated factor A [Source:HGNC Symbol;Acc:HGNC:29088]	-0.4323225	
FAM168A	family with sequence similarity 168 member A [Source:HGNC Symbol;Acc:HGNC:28999]	-0.43270898	
SLC26A10P	solute carrier family 26 member 10, pseudogene [Source:HGNC Symbol;Acc:HGNC:14470]	-0.4328587	
IRF1	interferon regulatory factor 1 [Source:HGNC Symbol;Acc:HGNC:6116]	-0.43296966	
NFYC	nuclear transcription factor Y subunit gamma [Source:HGNC Symbol;Acc:HGNC:7806]	-0.43375027	
HERC1	HECT and RLD domain containing E3 ubiquitin protein ligase family member 1 [Source:HGNC Symbol;Acc:HGNC:4867]	-0.4341559	
TMCO4	transmembrane and coiled-coil domains 4 [Source:HGNC Symbol;Acc:HGNC:27393]	-0.43491995	
SLC16A5	solute carrier family 16 member 5 [Source:HGNC Symbol;Acc:HGNC:10926]	-0.43589014	
SOX4	SRY-box transcription factor 4 [Source:HGNC Symbol;Acc:HGNC:11200]	-0.43603474	
TBL1XR1	TBL1X/Y related 1 [Source:HGNC Symbol;Acc:HGNC:29529]	-0.43617862	
DIAPH2	diaphanous related formin 2 [Source:HGNC Symbol;Acc:HGNC:2877]	-0.436706	
ABL2	ABL proto-oncogene 2, non-receptor tyrosine kinase [Source:HGNC Symbol;Acc:HGNC:77]	-0.43829155	
TRIM34	tripartite motif containing 34 [Source:HGNC Symbol;Acc:HGNC:10063]	-0.44008458	
RPS9	ribosomal protein S9 [Source:HGNC Symbol;Acc:HGNC:10442]	-0.44073692	
TTC13	tetratricopeptide repeat domain 13 [Source:HGNC Symbol;Acc:HGNC:26204]	-0.44084203	
PDS5B	PDS5 cohesin associated factor B [Source:HGNC Symbol;Acc:HGNC:20418]	-0.4409797	
MDM4	MDM4 regulator of p53 [Source:HGNC Symbol;Acc:HGNC:6974]	-0.44152603	
ITGB7	integrin subunit beta 7 [Source:HGNC Symbol;Acc:HGNC:6162]	-0.44183204	
RPS14	ribosomal protein S14 [Source:HGNC Symbol;Acc:HGNC:10387]	-0.441914	
SMURF1	SMAD specific E3 ubiquitin protein ligase 1 [Source:HGNC Symbol;Acc:HGNC:16807]	-0.4421064	
DENND1A	DENN domain containing 1A [Source:HGNC Symbol;Acc:HGNC:29324]	-0.4438117	
C1orf21	chromosome 1 open reading frame 21 [Source:HGNC Symbol;Acc:HGNC:15494]	-0.44382432	
ETNK1	ethanolamine kinase 1 [Source:HGNC Symbol;Acc:HGNC:24649]	-0.44412768	
EFR3A	EFR3 homolog A [Source:HGNC Symbol;Acc:HGNC:28970]	-0.44477597	
KCNQ1OT1	KCNQ1 opposite strand/antisense transcript 1 [Source:HGNC Symbol;Acc:HGNC:6295]	-0.44511223	
RETREG1	reticulophagy regulator 1 [Source:HGNC Symbol;Acc:HGNC:25964]	-0.44601253	
PYM1	PYM homolog 1, exon junction complex associated factor [Source:HGNC Symbol;Acc:HGNC:30258]	-0.44682622	
CD247	CD247 molecule [Source:HGNC Symbol;Acc:HGNC:1677]	-0.4470705	
STARD5	StAR related lipid transfer domain containing 5 [Source:HGNC Symbol;Acc:HGNC:18065]	-0.44743857	
GIMAP4	GTPase, IMAP family member 4 [Source:HGNC Symbol;Acc:HGNC:21872]	-0.44769606	
LRP6	LDL receptor related protein 6 [Source:HGNC Symbol;Acc:HGNC:6698]	-0.44896996	
ARL5C	ADP ribosylation factor like GTPase 5C [Source:HGNC Symbol;Acc:HGNC:31111]	-0.44955334	
TBXA2R	thromboxane A2 receptor [Source:HGNC Symbol;Acc:HGNC:11608]	-0.45005652	
GSK3B	glycogen synthase kinase 3 beta [Source:HGNC Symbol;Acc:HGNC:4617]	-0.45058447	
DYRK1A	dual specificity tyrosine phosphorylation regulated kinase 1A [Source:HGNC Symbol;Acc:HGNC:3091]	-0.4511368	
NFE2L2	NFE2 like bZIP transcription factor 2 [Source:HGNC Symbol;Acc:HGNC:7782]	-0.45346537	
RICTOR	RPTOR independent companion of MTOR complex 2 [Source:HGNC Symbol;Acc:HGNC:28611]	-0.45367402	
MT-ATP6	mitochondrially encoded ATP synthase membrane subunit 6 [Source:HGNC Symbol;Acc:HGNC:7414]	-0.45381486	
USP33	ubiquitin specific peptidase 33 [Source:HGNC Symbol;Acc:HGNC:20059]	-0.45468518	
MBD5	methyl-CpG binding domain protein 5 [Source:HGNC Symbol;Acc:HGNC:20444]	-0.4550208	
LIMK2	LIM domain kinase 2 [Source:HGNC Symbol;Acc:HGNC:6614]	-0.45533648	
SCARB2	scavenger receptor class B member 2 [Source:HGNC Symbol;Acc:HGNC:1665]	-0.4554127	
RPS3A	ribosomal protein S3A [Source:HGNC Symbol;Acc:HGNC:10421]	-0.4555503	
PSMB10	proteasome 20S subunit beta 10 [Source:HGNC Symbol;Acc:HGNC:9538]	-0.45574564	
CEP350	centrosomal protein 350 [Source:HGNC Symbol;Acc:HGNC:24238]	-0.45609817	
ZNF644	zinc finger protein 644 [Source:HGNC Symbol;Acc:HGNC:29222]	-0.45624927	
SFMBT2	Scm like with four mbt domains 2 [Source:HGNC Symbol;Acc:HGNC:20256]	-0.4564544	
PPM1B	protein phosphatase, Mg2+/Mn2+ dependent 1B [Source:HGNC Symbol;Acc:HGNC:9276]	-0.45695856	
PDSS2	decaprenyl diphosphate synthase subunit 2 [Source:HGNC Symbol;Acc:HGNC:23041]	-0.4569623	
DNAJC3	DnaJ heat shock protein family (Hsp40) member C3 [Source:HGNC Symbol;Acc:HGNC:9439]	-0.4594174	
SLC25A12	solute carrier family 25 member 12 [Source:HGNC Symbol;Acc:HGNC:10982]	-0.46049705	
ZNF281	zinc finger protein 281 [Source:HGNC Symbol;Acc:HGNC:13075]	-0.4607033	
TXNDC16	thioredoxin domain containing 16 [Source:HGNC Symbol;Acc:HGNC:19965]	-0.4611706	
CHD6	chromodomain helicase DNA binding protein 6 [Source:HGNC Symbol;Acc:HGNC:19057]	-0.46162412	
VAV1	vav guanine nucleotide exchange factor 1 [Source:HGNC Symbol;Acc:HGNC:12657]	-0.46183684	
WDR12	WD repeat domain 12 [Source:HGNC Symbol;Acc:HGNC:14098]	-0.46311575	
ZDHHC17	zinc finger DHHC-type palmitoyltransferase 17 [Source:HGNC Symbol;Acc:HGNC:18412]	-0.46386385	
DDX39B	DExD-box helicase 39B [Source:HGNC Symbol;Acc:HGNC:13917]	-0.46424457	
ATP13A3	ATPase 13A3 [Source:HGNC Symbol;Acc:HGNC:24113]	-0.4663552	
PRKD3	protein kinase D3 [Source:HGNC Symbol;Acc:HGNC:9408]	-0.46673906	
FOXO1	forkhead box O1 [Source:HGNC Symbol;Acc:HGNC:3819]	-0.4668653	
GIMAP7	GTPase, IMAP family member 7 [Source:HGNC Symbol;Acc:HGNC:22404]	-0.46741384	
TMIE	transmembrane inner ear [Source:HGNC Symbol;Acc:HGNC:30800]	-0.46758848	
ZNF638	zinc finger protein 638 [Source:HGNC Symbol;Acc:HGNC:17894]	-0.46760306	
DNMT3A	DNA methyltransferase 3 alpha [Source:HGNC Symbol;Acc:HGNC:2978]	-0.4679262	
KLK8	kallikrein related peptidase 8 [Source:HGNC Symbol;Acc:HGNC:6369]	-0.46834555	
USP25	ubiquitin specific peptidase 25 [Source:HGNC Symbol;Acc:HGNC:12624]	-0.46855757	
KLHL3	kelch like family member 3 [Source:HGNC Symbol;Acc:HGNC:6354]	-0.46855864	
NUP153	nucleoporin 153 [Source:HGNC Symbol;Acc:HGNC:8062]	-0.46914643	
ARID2	AT-rich interaction domain 2 [Source:HGNC Symbol;Acc:HGNC:18037]	-0.46952045	
LY9	lymphocyte antigen 9 [Source:HGNC Symbol;Acc:HGNC:6730]	-0.4698446	
SCAF8	SR-related CTD associated factor 8 [Source:HGNC Symbol;Acc:HGNC:20959]	-0.4712333	
ANKRD28	ankyrin repeat domain 28 [Source:HGNC Symbol;Acc:HGNC:29024]	-0.4713091	
ZCCHC7	zinc finger CCHC-type containing 7 [Source:HGNC Symbol;Acc:HGNC:26209]	-0.47191954	
RBM6	RNA binding motif protein 6 [Source:HGNC Symbol;Acc:HGNC:9903]	-0.47201467	
ZNF407	zinc finger protein 407 [Source:HGNC Symbol;Acc:HGNC:19904]	-0.47214356	
CDKAL1	CDK5 regulatory subunit associated protein 1 like 1 [Source:HGNC Symbol;Acc:HGNC:21050]	-0.47220436	
TRIM14	tripartite motif containing 14 [Source:HGNC Symbol;Acc:HGNC:16283]	-0.47339097	
AGK	acylglycerol kinase [Source:HGNC Symbol;Acc:HGNC:21869]	-0.47364822	
BANP	BTG3 associated nuclear protein [Source:HGNC Symbol;Acc:HGNC:13450]	-0.47414392	
EYA2	EYA transcriptional coactivator and phosphatase 2 [Source:HGNC Symbol;Acc:HGNC:3520]	-0.47565693	
INPP4B	inositol polyphosphate-4-phosphatase type II B [Source:HGNC Symbol;Acc:HGNC:6075]	-0.4776072	
ZHX2	zinc fingers and homeoboxes 2 [Source:HGNC Symbol;Acc:HGNC:18513]	-0.4787042	
MAP4K3	mitogen-activated protein kinase kinase kinase kinase 3 [Source:HGNC Symbol;Acc:HGNC:6865]	-0.47872624	
KLF7	KLF transcription factor 7 [Source:HGNC Symbol;Acc:HGNC:6350]	-0.47895375	
CD53	CD53 molecule [Source:HGNC Symbol;Acc:HGNC:1686]	-0.4792019	
ANKIB1	ankyrin repeat and IBR domain containing 1 [Source:HGNC Symbol;Acc:HGNC:22215]	-0.4793068	
RABGAP1	RAB GTPase activating protein 1 [Source:HGNC Symbol;Acc:HGNC:17155]	-0.48052436	
RPL9	ribosomal protein L9 [Source:HGNC Symbol;Acc:HGNC:10369]	-0.48074117	
RPS7	ribosomal protein S7 [Source:HGNC Symbol;Acc:HGNC:10440]	-0.48289466	
TNRC6B	trinucleotide repeat containing adaptor 6B [Source:HGNC Symbol;Acc:HGNC:29190]	-0.48372707	
SIPA1L1	signal induced proliferation associated 1 like 1 [Source:HGNC Symbol;Acc:HGNC:20284]	-0.48392507	
SEC11A	SEC11 homolog A, signal peptidase complex subunit [Source:HGNC Symbol;Acc:HGNC:17718]	-0.4847519	
PRMT3	protein arginine methyltransferase 3 [Source:HGNC Symbol;Acc:HGNC:30163]	-0.48579934	
RPS3	ribosomal protein S3 [Source:HGNC Symbol;Acc:HGNC:10420]	-0.48627347	
ADD1	adducin 1 [Source:HGNC Symbol;Acc:HGNC:243]	-0.4863198	
ADAR	adenosine deaminase RNA specific [Source:HGNC Symbol;Acc:HGNC:225]	-0.48696336	
TSC22D3	TSC22 domain family member 3 [Source:HGNC Symbol;Acc:HGNC:3051]	-0.48729518	
XAF1	XIAP associated factor 1 [Source:HGNC Symbol;Acc:HGNC:30932]	-0.48777044	
KAT6A	lysine acetyltransferase 6A [Source:HGNC Symbol;Acc:HGNC:13013]	-0.48865777	
IL17RA	interleukin 17 receptor A [Source:HGNC Symbol;Acc:HGNC:5985]	-0.48873636	
CELF1	CUGBP Elav-like family member 1 [Source:HGNC Symbol;Acc:HGNC:2549]	-0.489115	
SOCS3	suppressor of cytokine signaling 3 [Source:HGNC Symbol;Acc:HGNC:19391]	-0.49082342	
ASCC3	activating signal cointegrator 1 complex subunit 3 [Source:HGNC Symbol;Acc:HGNC:18697]	-0.49093416	
AGFG1	ArfGAP with FG repeats 1 [Source:HGNC Symbol;Acc:HGNC:5175]	-0.49105787	
KLHDC1	kelch domain containing 1 [Source:HGNC Symbol;Acc:HGNC:19836]	-0.4912571	
CAB39L	calcium binding protein 39 like [Source:HGNC Symbol;Acc:HGNC:20290]	-0.49207476	
UVRAG	UV radiation resistance associated [Source:HGNC Symbol;Acc:HGNC:12640]	-0.49231106	
NCOA2	nuclear receptor coactivator 2 [Source:HGNC Symbol;Acc:HGNC:7669]	-0.49252298	
ZNF592	zinc finger protein 592 [Source:HGNC Symbol;Acc:HGNC:28986]	-0.49306348	
RIF1	replication timing regulatory factor 1 [Source:HGNC Symbol;Acc:HGNC:23207]	-0.49306408	
RPL19	ribosomal protein L19 [Source:HGNC Symbol;Acc:HGNC:10312]	-0.49320307	
NUMA1	nuclear mitotic apparatus protein 1 [Source:HGNC Symbol;Acc:HGNC:8059]	-0.4939242	
ATF7	activating transcription factor 7 [Source:HGNC Symbol;Acc:HGNC:792]	-0.49397475	
TNFSF8	TNF superfamily member 8 [Source:HGNC Symbol;Acc:HGNC:11938]	-0.49534205	
RPS27A	ribosomal protein S27a [Source:HGNC Symbol;Acc:HGNC:10417]	-0.4965414	
ITM2A	integral membrane protein 2A [Source:HGNC Symbol;Acc:HGNC:6173]	-0.49686587	
WIPF1	WAS/WASL interacting protein family member 1 [Source:HGNC Symbol;Acc:HGNC:12736]	-0.49711055	
RESF1	retroelement silencing factor 1 [Source:HGNC Symbol;Acc:HGNC:25559]	-0.4972599	
AAK1	AP2 associated kinase 1 [Source:HGNC Symbol;Acc:HGNC:19679]	-0.49766058	
R3HDM1	R3H domain containing 1 [Source:HGNC Symbol;Acc:HGNC:9757]	-0.4981342	
LONP2	lon peptidase 2, peroxisomal [Source:HGNC Symbol;Acc:HGNC:20598]	-0.4986055	
TTC3	tetratricopeptide repeat domain 3 [Source:HGNC Symbol;Acc:HGNC:12393]	-0.4998379	
GIGYF2	GRB10 interacting GYF protein 2 [Source:HGNC Symbol;Acc:HGNC:11960]	-0.49986443	
KIF21B	kinesin family member 21B [Source:HGNC Symbol;Acc:HGNC:29442]	-0.5000702	
DEGS2	delta 4-desaturase, sphingolipid 2 [Source:HGNC Symbol;Acc:HGNC:20113]	-0.5003687	
TRIM33	tripartite motif containing 33 [Source:HGNC Symbol;Acc:HGNC:16290]	-0.50147724	
TTC27	tetratricopeptide repeat domain 27 [Source:HGNC Symbol;Acc:HGNC:25986]	-0.50241876	
MAGI3	membrane associated guanylate kinase, WW and PDZ domain containing 3 [Source:HGNC Symbol;Acc:HGNC:29647]	-0.5039413	
MSL2	MSL complex subunit 2 [Source:HGNC Symbol;Acc:HGNC:25544]	-0.5045284	
IGSF23	immunoglobulin superfamily member 23 [Source:HGNC Symbol;Acc:HGNC:40040]	-0.50598437	
MAN1A2	mannosidase alpha class 1A member 2 [Source:HGNC Symbol;Acc:HGNC:6822]	-0.5073919	
CYB5B	cytochrome b5 type B [Source:HGNC Symbol;Acc:HGNC:24374]	-0.5078799	
DAXX	death domain associated protein [Source:HGNC Symbol;Acc:HGNC:2681]	-0.509065	
ATM	ATM serine/threonine kinase [Source:HGNC Symbol;Acc:HGNC:795]	-0.5098383	
CYRIB	CYFIP related Rac1 interactor B [Source:HGNC Symbol;Acc:HGNC:25216]	-0.51068527	
ARID3B	AT-rich interaction domain 3B [Source:HGNC Symbol;Acc:HGNC:14350]	-0.51090497	
LIPA	lipase A, lysosomal acid type [Source:HGNC Symbol;Acc:HGNC:6617]	-0.5112507	
KMT2C	lysine methyltransferase 2C [Source:HGNC Symbol;Acc:HGNC:13726]	-0.51374805	
FOXN3	forkhead box N3 [Source:HGNC Symbol;Acc:HGNC:1928]	-0.51392347	
RAP1GDS1	Rap1 GTPase-GDP dissociation stimulator 1 [Source:HGNC Symbol;Acc:HGNC:9859]	-0.51517123	
XRN1	5'-3' exoribonuclease 1 [Source:HGNC Symbol;Acc:HGNC:30654]	-0.5158453	
IKBKB	inhibitor of nuclear factor kappa B kinase subunit beta [Source:HGNC Symbol;Acc:HGNC:5960]	-0.5159016	
SH3BP5	SH3 domain binding protein 5 [Source:HGNC Symbol;Acc:HGNC:10827]	-0.5161794	
PML	PML nuclear body scaffold [Source:HGNC Symbol;Acc:HGNC:9113]	-0.5169047	
ACSS1	acyl-CoA synthetase short chain family member 1 [Source:HGNC Symbol;Acc:HGNC:16091]	-0.51721036	
ZUP1	zinc finger containing ubiquitin peptidase 1 [Source:HGNC Symbol;Acc:HGNC:21224]	-0.5179397	
PUM2	pumilio RNA binding family member 2 [Source:HGNC Symbol;Acc:HGNC:14958]	-0.51825273	
FOXO3	forkhead box O3 [Source:HGNC Symbol;Acc:HGNC:3821]	-0.51838505	
ZNF831	zinc finger protein 831 [Source:HGNC Symbol;Acc:HGNC:16167]	-0.5217866	
RUNDC3B	RUN domain containing 3B [Source:HGNC Symbol;Acc:HGNC:30286]	-0.52188385	
MBP	myelin basic protein [Source:HGNC Symbol;Acc:HGNC:6925]	-0.5220177	
HSPH1	heat shock protein family H (Hsp110) member 1 [Source:HGNC Symbol;Acc:HGNC:16969]	-0.5246021	
CDK19	cyclin dependent kinase 19 [Source:HGNC Symbol;Acc:HGNC:19338]	-0.52469486	
IRF7	interferon regulatory factor 7 [Source:HGNC Symbol;Acc:HGNC:6122]	-0.52537185	
CDKN2D	cyclin dependent kinase inhibitor 2D [Source:HGNC Symbol;Acc:HGNC:1790]	-0.5261972	
TBC1D22B	TBC1 domain family member 22B [Source:HGNC Symbol;Acc:HGNC:21602]	-0.5264074	
RASA2	RAS p21 protein activator 2 [Source:HGNC Symbol;Acc:HGNC:9872]	-0.5272436	
SP110	SP110 nuclear body protein [Source:HGNC Symbol;Acc:HGNC:5401]	-0.52793336	
CUX1	cut like homeobox 1 [Source:HGNC Symbol;Acc:HGNC:2557]	-0.5284486	
TNRC6A	trinucleotide repeat containing adaptor 6A [Source:HGNC Symbol;Acc:HGNC:11969]	-0.52884024	
MCU	mitochondrial calcium uniporter [Source:HGNC Symbol;Acc:HGNC:23526]	-0.52918553	
HSPBAP1	HSPB1 associated protein 1 [Source:HGNC Symbol;Acc:HGNC:16389]	-0.5295636	
CLIP1	CAP-Gly domain containing linker protein 1 [Source:HGNC Symbol;Acc:HGNC:10461]	-0.5311187	
ABCB7	ATP binding cassette subfamily B member 7 [Source:HGNC Symbol;Acc:HGNC:48]	-0.53397393	
SMURF2	SMAD specific E3 ubiquitin protein ligase 2 [Source:HGNC Symbol;Acc:HGNC:16809]	-0.5341481	
RPLP1	ribosomal protein lateral stalk subunit P1 [Source:HGNC Symbol;Acc:HGNC:10372]	-0.53486013	
SUCLG2	succinate-CoA ligase GDP-forming subunit beta [Source:HGNC Symbol;Acc:HGNC:11450]	-0.5360763	
SCMH1	Scm polycomb group protein homolog 1 [Source:HGNC Symbol;Acc:HGNC:19003]	-0.53730935	
PIP4K2A	phosphatidylinositol-5-phosphate 4-kinase type 2 alpha [Source:HGNC Symbol;Acc:HGNC:8997]	-0.53734076	
SESN3	sestrin 3 [Source:HGNC Symbol;Acc:HGNC:23060]	-0.53775495	
SUPT3H	SPT3 homolog, SAGA and STAGA complex component [Source:HGNC Symbol;Acc:HGNC:11466]	-0.5381263	
OAS2	2'-5'-oligoadenylate synthetase 2 [Source:HGNC Symbol;Acc:HGNC:8087]	-0.53922373	
GALNT6	polypeptide N-acetylgalactosaminyltransferase 6 [Source:HGNC Symbol;Acc:HGNC:4128]	-0.5407777	
ENTREP3	endosomal transmembrane epsin interactor 3 [Source:HGNC Symbol;Acc:HGNC:1233]	-0.5435949	
RPS23	ribosomal protein S23 [Source:HGNC Symbol;Acc:HGNC:10410]	-0.54377675	
PLCL1	phospholipase C like 1 (inactive) [Source:HGNC Symbol;Acc:HGNC:9063]	-0.54391503	
C5orf58	chromosome 5 open reading frame 58 [Source:HGNC Symbol;Acc:HGNC:37272]	-0.5446036	
ARID1B	AT-rich interaction domain 1B [Source:HGNC Symbol;Acc:HGNC:18040]	-0.5455592	
ST3GAL1	ST3 beta-galactoside alpha-2,3-sialyltransferase 1 [Source:HGNC Symbol;Acc:HGNC:10862]	-0.5467925	
NSMCE1	NSE1 homolog, SMC5-SMC6 complex component [Source:HGNC Symbol;Acc:HGNC:29897]	-0.5480143	
FAM172A	family with sequence similarity 172 member A [Source:HGNC Symbol;Acc:HGNC:25365]	-0.5485223	
RPS24	ribosomal protein S24 [Source:HGNC Symbol;Acc:HGNC:10411]	-0.5490096	
MAD1L1	mitotic arrest deficient 1 like 1 [Source:HGNC Symbol;Acc:HGNC:6762]	-0.5491228	
RAPGEF2	Rap guanine nucleotide exchange factor 2 [Source:HGNC Symbol;Acc:HGNC:16854]	-0.5491794	
KIAA0040	KIAA0040 [Source:HGNC Symbol;Acc:HGNC:28950]	-0.54958975	
FUBP1	far upstream element binding protein 1 [Source:HGNC Symbol;Acc:HGNC:4004]	-0.55115855	
DESI2	desumoylating isopeptidase 2 [Source:HGNC Symbol;Acc:HGNC:24264]	-0.551584	
KANSL1L	KAT8 regulatory NSL complex subunit 1 like [Source:HGNC Symbol;Acc:HGNC:26310]	-0.55247	
SP4	Sp4 transcription factor [Source:HGNC Symbol;Acc:HGNC:11209]	-0.55269635	
ABCG2	ATP binding cassette subfamily G member 2 (Junior blood group) [Source:HGNC Symbol;Acc:HGNC:74]	-0.55280596	
SMAD4	SMAD family member 4 [Source:HGNC Symbol;Acc:HGNC:6770]	-0.55342907	
NRROS	negative regulator of reactive oxygen species [Source:HGNC Symbol;Acc:HGNC:24613]	-0.55405354	
BBX	BBX high mobility group box domain containing [Source:HGNC Symbol;Acc:HGNC:14422]	-0.55506754	
TDRP	testis development related protein [Source:HGNC Symbol;Acc:HGNC:26951]	-0.5554528	
DOP1A	DOP1 leucine zipper like protein A [Source:HGNC Symbol;Acc:HGNC:21194]	-0.55551565	
ZMYND8	zinc finger MYND-type containing 8 [Source:HGNC Symbol;Acc:HGNC:9397]	-0.55579734	
C16orf54	chromosome 16 open reading frame 54 [Source:HGNC Symbol;Acc:HGNC:26649]	-0.55679786	
CDC42SE2	CDC42 small effector 2 [Source:HGNC Symbol;Acc:HGNC:18547]	-0.5580154	
DNAH8	dynein axonemal heavy chain 8 [Source:HGNC Symbol;Acc:HGNC:2952]	-0.558171	
NSD1	nuclear receptor binding SET domain protein 1 [Source:HGNC Symbol;Acc:HGNC:14234]	-0.5586721	
LRRC4	leucine rich repeat containing 4 [Source:HGNC Symbol;Acc:HGNC:15586]	-0.55928564	
CDYL2	chromodomain Y like 2 [Source:HGNC Symbol;Acc:HGNC:23030]	-0.5597084	
MGA	MAX dimerization protein MGA [Source:HGNC Symbol;Acc:HGNC:14010]	-0.5609336	
ARID4A	AT-rich interaction domain 4A [Source:HGNC Symbol;Acc:HGNC:9885]	-0.56208414	
BPTF	bromodomain PHD finger transcription factor [Source:HGNC Symbol;Acc:HGNC:3581]	-0.563942	
HIBADH	3-hydroxyisobutyrate dehydrogenase [Source:HGNC Symbol;Acc:HGNC:4907]	-0.5639628	
SEC63	SEC63 homolog, protein translocation regulator [Source:HGNC Symbol;Acc:HGNC:21082]	-0.56602013	
CHCHD3	coiled-coil-helix-coiled-coil-helix domain containing 3 [Source:HGNC Symbol;Acc:HGNC:21906]	-0.56822294	
ERAP1	endoplasmic reticulum aminopeptidase 1 [Source:HGNC Symbol;Acc:HGNC:18173]	-0.56854963	
CYTH1	cytohesin 1 [Source:HGNC Symbol;Acc:HGNC:9501]	-0.56926304	
IRF2	interferon regulatory factor 2 [Source:HGNC Symbol;Acc:HGNC:6117]	-0.5700108	
TRIM44	tripartite motif containing 44 [Source:HGNC Symbol;Acc:HGNC:19016]	-0.5701027	
DYRK2	dual specificity tyrosine phosphorylation regulated kinase 2 [Source:HGNC Symbol;Acc:HGNC:3093]	-0.5709993	
GRAMD2B	GRAM domain containing 2B [Source:HGNC Symbol;Acc:HGNC:24911]	-0.5714188	
SLC14A1	solute carrier family 14 member 1 (Kidd blood group) [Source:HGNC Symbol;Acc:HGNC:10918]	-0.57350564	
LARP1	La ribonucleoprotein 1, translational regulator [Source:HGNC Symbol;Acc:HGNC:29531]	-0.577294	
KMT2A	lysine methyltransferase 2A [Source:HGNC Symbol;Acc:HGNC:7132]	-0.57751817	
TASOR	transcription activation suppressor [Source:HGNC Symbol;Acc:HGNC:30314]	-0.5785737	
PGLYRP2	peptidoglycan recognition protein 2 [Source:HGNC Symbol;Acc:HGNC:30013]	-0.5786163	
IL16	interleukin 16 [Source:HGNC Symbol;Acc:HGNC:5980]	-0.5786484	
TESC	tescalcin [Source:HGNC Symbol;Acc:HGNC:26065]	-0.579602	
FOXK1	forkhead box K1 [Source:HGNC Symbol;Acc:HGNC:23480]	-0.57972246	
PHF20L1	PHD finger protein 20 like 1 [Source:HGNC Symbol;Acc:HGNC:24280]	-0.5814282	
N4BP2	NEDD4 binding protein 2 [Source:HGNC Symbol;Acc:HGNC:29851]	-0.58154476	
BOLL	boule homolog, RNA binding protein [Source:HGNC Symbol;Acc:HGNC:14273]	-0.5815569	
OTULINL	OTU deubiquitinase with linear linkage specificity like [Source:HGNC Symbol;Acc:HGNC:25629]	-0.5819771	
NIPBL	NIPBL cohesin loading factor [Source:HGNC Symbol;Acc:HGNC:28862]	-0.5839436	
PHF11	PHD finger protein 11 [Source:HGNC Symbol;Acc:HGNC:17024]	-0.58479995	
WNT5B	Wnt family member 5B [Source:HGNC Symbol;Acc:HGNC:16265]	-0.58523226	
UBE2H	ubiquitin conjugating enzyme E2 H [Source:HGNC Symbol;Acc:HGNC:12484]	-0.58618903	
MAP2K6	mitogen-activated protein kinase kinase 6 [Source:HGNC Symbol;Acc:HGNC:6846]	-0.58635855	
FAM169BP	family with sequence similarity 169 member B, pseudogene [Source:HGNC Symbol;Acc:HGNC:26835]	-0.5880383	
NEDD9	neural precursor cell expressed, developmentally down-regulated 9 [Source:HGNC Symbol;Acc:HGNC:7733]	-0.5896521	
TLK1	tousled like kinase 1 [Source:HGNC Symbol;Acc:HGNC:11841]	-0.59040624	
SESN1	sestrin 1 [Source:HGNC Symbol;Acc:HGNC:21595]	-0.5909101	
DOCK11	dedicator of cytokinesis 11 [Source:HGNC Symbol;Acc:HGNC:23483]	-0.59163857	
HNRNPF	heterogeneous nuclear ribonucleoprotein F [Source:HGNC Symbol;Acc:HGNC:5039]	-0.5930466	
SPATA6	spermatogenesis associated 6 [Source:HGNC Symbol;Acc:HGNC:18309]	-0.59691656	
RCBTB1	RCC1 and BTB domain containing protein 1 [Source:HGNC Symbol;Acc:HGNC:18243]	-0.5982504	
SMG1	SMG1 nonsense mediated mRNA decay associated PI3K related kinase [Source:HGNC Symbol;Acc:HGNC:30045]	-0.5987957	
HERC3	HECT and RLD domain containing E3 ubiquitin protein ligase 3 [Source:HGNC Symbol;Acc:HGNC:4876]	-0.5990486	
GALNT7	polypeptide N-acetylgalactosaminyltransferase 7 [Source:HGNC Symbol;Acc:HGNC:4129]	-0.6002544	
RAB6B	RAB6B, member RAS oncogene family [Source:HGNC Symbol;Acc:HGNC:14902]	-0.60289836	
TMEM245	transmembrane protein 245 [Source:HGNC Symbol;Acc:HGNC:1363]	-0.60444146	
RPS4X	ribosomal protein S4 X-linked [Source:HGNC Symbol;Acc:HGNC:10424]	-0.60513335	
SPATA13	spermatogenesis associated 13 [Source:HGNC Symbol;Acc:HGNC:23222]	-0.6070545	
NXPE3	neurexophilin and PC-esterase domain family member 3 [Source:HGNC Symbol;Acc:HGNC:28238]	-0.6086433	
PHIP	pleckstrin homology domain interacting protein [Source:HGNC Symbol;Acc:HGNC:15673]	-0.60884225	
IL27RA	interleukin 27 receptor subunit alpha [Source:HGNC Symbol;Acc:HGNC:17290]	-0.6105348	
ANO6	anoctamin 6 [Source:HGNC Symbol;Acc:HGNC:25240]	-0.61071885	
HSP90AA1	heat shock protein 90 alpha family class A member 1 [Source:HGNC Symbol;Acc:HGNC:5253]	-0.61112547	
MYLIP	myosin regulatory light chain interacting protein [Source:HGNC Symbol;Acc:HGNC:21155]	-0.61501527	
XRCC4	X-ray repair cross complementing 4 [Source:HGNC Symbol;Acc:HGNC:12831]	-0.61550456	
SIAH1	siah E3 ubiquitin protein ligase 1 [Source:HGNC Symbol;Acc:HGNC:10857]	-0.61657894	
ELK4	ETS transcription factor ELK4 [Source:HGNC Symbol;Acc:HGNC:3326]	-0.61740893	
INSR	insulin receptor [Source:HGNC Symbol;Acc:HGNC:6091]	-0.6180116	
RPL8	ribosomal protein L8 [Source:HGNC Symbol;Acc:HGNC:10368]	-0.6184609	
BBS9	Bardet-Biedl syndrome 9 [Source:HGNC Symbol;Acc:HGNC:30000]	-0.6187053	
RFX7	regulatory factor X7 [Source:HGNC Symbol;Acc:HGNC:25777]	-0.61871827	
ARHGAP45	Rho GTPase activating protein 45 [Source:HGNC Symbol;Acc:HGNC:17102]	-0.61982435	
IFNGR2	interferon gamma receptor 2 [Source:HGNC Symbol;Acc:HGNC:5440]	-0.6199184	
DNAJA1	DnaJ heat shock protein family (Hsp40) member A1 [Source:HGNC Symbol;Acc:HGNC:5229]	-0.6213513	
BICRA	BRD4 interacting chromatin remodeling complex associated protein [Source:HGNC Symbol;Acc:HGNC:4332]	-0.62145853	
ID3	inhibitor of DNA binding 3 [Source:HGNC Symbol;Acc:HGNC:5362]	-0.62295085	
HMG20A	high mobility group 20A [Source:HGNC Symbol;Acc:HGNC:5001]	-0.62359506	
PPP2R5A	protein phosphatase 2 regulatory subunit B'alpha [Source:HGNC Symbol;Acc:HGNC:9309]	-0.62443924	
ASH1L	ASH1 like histone lysine methyltransferase [Source:HGNC Symbol;Acc:HGNC:19088]	-0.62550277	
IKBKE	inhibitor of nuclear factor kappa B kinase subunit epsilon [Source:HGNC Symbol;Acc:HGNC:14552]	-0.6270841	
EIF4A2	eukaryotic translation initiation factor 4A2 [Source:HGNC Symbol;Acc:HGNC:3284]	-0.62834394	
TRIM56	tripartite motif containing 56 [Source:HGNC Symbol;Acc:HGNC:19028]	-0.62936246	
ADK	adenosine kinase [Source:HGNC Symbol;Acc:HGNC:257]	-0.6308526	
LYST	lysosomal trafficking regulator [Source:HGNC Symbol;Acc:HGNC:1968]	-0.63099724	
ZNF292	zinc finger protein 292 [Source:HGNC Symbol;Acc:HGNC:18410]	-0.63125855	
ATP11C	ATPase phospholipid transporting 11C [Source:HGNC Symbol;Acc:HGNC:13554]	-0.6323897	
DPH5	diphthamide biosynthesis 5 [Source:HGNC Symbol;Acc:HGNC:24270]	-0.63287586	
MORC3	MORC family CW-type zinc finger 3 [Source:HGNC Symbol;Acc:HGNC:23572]	-0.6337675	
RPL31	ribosomal protein L31 [Source:HGNC Symbol;Acc:HGNC:10334]	-0.6340241	
RPS16	ribosomal protein S16 [Source:HGNC Symbol;Acc:HGNC:10396]	-0.6344038	
MIA2	MIA SH3 domain ER export factor 2 [Source:HGNC Symbol;Acc:HGNC:18432]	-0.6351425	
DTX3L	deltex E3 ubiquitin ligase 3L [Source:HGNC Symbol;Acc:HGNC:30323]	-0.6370694	
TNIK	TRAF2 and NCK interacting kinase [Source:HGNC Symbol;Acc:HGNC:30765]	-0.6372261	
ATP8B4	ATPase phospholipid transporting 8B4 (putative) [Source:HGNC Symbol;Acc:HGNC:13536]	-0.6374466	
TANC1	tetratricopeptide repeat, ankyrin repeat and coiled-coil containing 1 [Source:HGNC Symbol;Acc:HGNC:29364]	-0.6376453	
ARHGEF11	Rho guanine nucleotide exchange factor 11 [Source:HGNC Symbol;Acc:HGNC:14580]	-0.6406875	
SELENOP	selenoprotein P [Source:HGNC Symbol;Acc:HGNC:10751]	-0.6410525	
RBMS1	RNA binding motif single stranded interacting protein 1 [Source:HGNC Symbol;Acc:HGNC:9907]	-0.6416056	
OASL2P	2'-5' oligoadenylate synthetase like 2, pseudogene [Source:HGNC Symbol;Acc:HGNC:53738]	-0.6422157	
METTL9	methyltransferase like 9 [Source:HGNC Symbol;Acc:HGNC:24586]	-0.6437605	
PLCL2	phospholipase C like 2 [Source:HGNC Symbol;Acc:HGNC:9064]	-0.643855	
ART2BP	ADP-ribosyltransferase 2B, pseudogene [Source:HGNC Symbol;Acc:HGNC:51489]	-0.64400893	
SAMHD1	SAM and HD domain containing deoxynucleoside triphosphate triphosphohydrolase 1 [Source:HGNC Symbol;Acc:HGNC:15925]	-0.6463677	
REV3L	REV3 like, DNA directed polymerase zeta catalytic subunit [Source:HGNC Symbol;Acc:HGNC:9968]	-0.64725244	
ABCG1	ATP binding cassette subfamily G member 1 [Source:HGNC Symbol;Acc:HGNC:73]	-0.64996	
KLHL6	kelch like family member 6 [Source:HGNC Symbol;Acc:HGNC:18653]	-0.65081096	
JAK1	Janus kinase 1 [Source:HGNC Symbol;Acc:HGNC:6190]	-0.65096045	
NUP210	nucleoporin 210 [Source:HGNC Symbol;Acc:HGNC:30052]	-0.6517705	
ANKRD44	ankyrin repeat domain 44 [Source:HGNC Symbol;Acc:HGNC:25259]	-0.6521405	
RPS15	ribosomal protein S15 [Source:HGNC Symbol;Acc:HGNC:10388]	-0.6527562	
MFSD4A	major facilitator superfamily domain containing 4A [Source:HGNC Symbol;Acc:HGNC:25433]	-0.6529616	
SMCHD1	structural maintenance of chromosomes flexible hinge domain containing 1 [Source:HGNC Symbol;Acc:HGNC:29090]	-0.6538873	
ZFP36	ZFP36 ring finger protein [Source:HGNC Symbol;Acc:HGNC:12862]	-0.6576382	
HECA	hdc homolog, cell cycle regulator [Source:HGNC Symbol;Acc:HGNC:21041]	-0.66087365	
FNTB	farnesyltransferase, CAAX box, beta [Source:HGNC Symbol;Acc:HGNC:3785]	-0.6611907	
XPO1	exportin 1 [Source:HGNC Symbol;Acc:HGNC:12825]	-0.6613747	
LRRC1	leucine rich repeat containing 1 [Source:HGNC Symbol;Acc:HGNC:14307]	-0.66203374	
GBP2	guanylate binding protein 2 [Source:HGNC Symbol;Acc:HGNC:4183]	-0.6646627	
TUBB	tubulin beta class I [Source:HGNC Symbol;Acc:HGNC:20778]	-0.6658791	
IRGM	immunity related GTPase M [Source:HGNC Symbol;Acc:HGNC:29597]	-0.6677761	
RANBP9	RAN binding protein 9 [Source:HGNC Symbol;Acc:HGNC:13727]	-0.6687703	
ZNF710	zinc finger protein 710 [Source:HGNC Symbol;Acc:HGNC:25352]	-0.67047906	
CEP97	centrosomal protein 97 [Source:HGNC Symbol;Acc:HGNC:26244]	-0.6760839	
EEF1G	eukaryotic translation elongation factor 1 gamma [Source:HGNC Symbol;Acc:HGNC:3213]	-0.67610836	
MYCBP2	MYC binding protein 2 [Source:HGNC Symbol;Acc:HGNC:23386]	-0.68033314	
UBAC2	UBA domain containing 2 [Source:HGNC Symbol;Acc:HGNC:20486]	-0.6814415	
GPR174	G protein-coupled receptor 174 [Source:HGNC Symbol;Acc:HGNC:30245]	-0.68209004	
MBNL2	muscleblind like splicing regulator 2 [Source:HGNC Symbol;Acc:HGNC:16746]	-0.68555766	
CASP8	caspase 8 [Source:HGNC Symbol;Acc:HGNC:1509]	-0.68685806	
FOCAD	focadhesin [Source:HGNC Symbol;Acc:HGNC:23377]	-0.6869615	
TMLHE	trimethyllysine hydroxylase, epsilon [Source:HGNC Symbol;Acc:HGNC:18308]	-0.6909039	
SGK3	serum/glucocorticoid regulated kinase family member 3 [Source:HGNC Symbol;Acc:HGNC:10812]	-0.691683	
HERC4	HECT and RLD domain containing E3 ubiquitin protein ligase 4 [Source:HGNC Symbol;Acc:HGNC:24521]	-0.6923358	
RPL23A	ribosomal protein L23a [Source:HGNC Symbol;Acc:HGNC:10317]	-0.69337666	
MCMBP	minichromosome maintenance complex binding protein [Source:HGNC Symbol;Acc:HGNC:25782]	-0.69393784	
ZNF280D	zinc finger protein 280D [Source:HGNC Symbol;Acc:HGNC:25953]	-0.69503325	
ZBP1	Z-DNA binding protein 1 [Source:HGNC Symbol;Acc:HGNC:16176]	-0.69784033	
FCHSD2	FCH and double SH3 domains 2 [Source:HGNC Symbol;Acc:HGNC:29114]	-0.6994666	
TRAF3IP3	TRAF3 interacting protein 3 [Source:HGNC Symbol;Acc:HGNC:30766]	-0.7015442	
WASHC4	WASH complex subunit 4 [Source:HGNC Symbol;Acc:HGNC:29174]	-0.7017965	
TBC1D1	TBC1 domain family member 1 [Source:HGNC Symbol;Acc:HGNC:11578]	-0.70291936	
SLC44A2	solute carrier family 44 member 2 [Source:HGNC Symbol;Acc:HGNC:17292]	-0.7069401	
PARP9	poly(ADP-ribose) polymerase family member 9 [Source:HGNC Symbol;Acc:HGNC:24118]	-0.709091	
PTEN	phosphatase and tensin homolog [Source:HGNC Symbol;Acc:HGNC:9588]	-0.7144555	
L3MBTL3	L3MBTL histone methyl-lysine binding protein 3 [Source:HGNC Symbol;Acc:HGNC:23035]	-0.7159518	
ESYT2	extended synaptotagmin 2 [Source:HGNC Symbol;Acc:HGNC:22211]	-0.7173799	
STK38	serine/threonine kinase 38 [Source:HGNC Symbol;Acc:HGNC:17847]	-0.7183847	
MBOAT1	membrane bound O-acyltransferase domain containing 1 [Source:HGNC Symbol;Acc:HGNC:21579]	-0.72620785	
DZIP1	DAZ interacting zinc finger protein 1 [Source:HGNC Symbol;Acc:HGNC:20908]	-0.72716916	
ARHGEF1	Rho guanine nucleotide exchange factor 1 [Source:HGNC Symbol;Acc:HGNC:681]	-0.7285724	
STIM1	stromal interaction molecule 1 [Source:HGNC Symbol;Acc:HGNC:11386]	-0.72939646	
TMEM131L	transmembrane 131 like [Source:HGNC Symbol;Acc:HGNC:29146]	-0.73381346	
SLC12A6	solute carrier family 12 member 6 [Source:HGNC Symbol;Acc:HGNC:10914]	-0.73385215	
ACP5	acid phosphatase 5, tartrate resistant [Source:HGNC Symbol;Acc:HGNC:124]	-0.7372899	
FTO	FTO alpha-ketoglutarate dependent dioxygenase [Source:HGNC Symbol;Acc:HGNC:24678]	-0.73771524	
GIMAP8	GTPase, IMAP family member 8 [Source:HGNC Symbol;Acc:HGNC:21792]	-0.74306464	
RSU1	Ras suppressor protein 1 [Source:HGNC Symbol;Acc:HGNC:10464]	-0.7438966	
TCF12	transcription factor 12 [Source:HGNC Symbol;Acc:HGNC:11623]	-0.7458353	
PRKCE	protein kinase C epsilon [Source:HGNC Symbol;Acc:HGNC:9401]	-0.746044	
CAMK2D	calcium/calmodulin dependent protein kinase II delta [Source:HGNC Symbol;Acc:HGNC:1462]	-0.7467746	
MACF1	microtubule actin crosslinking factor 1 [Source:HGNC Symbol;Acc:HGNC:13664]	-0.74791396	
NLK	nemo like kinase [Source:HGNC Symbol;Acc:HGNC:29858]	-0.7479332	
SLC49A4	solute carrier family 49 member 4 [Source:HGNC Symbol;Acc:HGNC:16628]	-0.75063264	
LPP	LIM domain containing preferred translocation partner in lipoma [Source:HGNC Symbol;Acc:HGNC:6679]	-0.7515293	
GRAMD4	GRAM domain containing 4 [Source:HGNC Symbol;Acc:HGNC:29113]	-0.7522037	
RTP4	receptor transporter protein 4 [Source:HGNC Symbol;Acc:HGNC:23992]	-0.75438386	
PARP8	poly(ADP-ribose) polymerase family member 8 [Source:HGNC Symbol;Acc:HGNC:26124]	-0.75588316	
DAPL1	death associated protein like 1 [Source:HGNC Symbol;Acc:HGNC:21490]	-0.7574249	
BCL9	BCL9 transcription coactivator [Source:HGNC Symbol;Acc:HGNC:1008]	-0.7587923	
CTSE	cathepsin E [Source:HGNC Symbol;Acc:HGNC:2530]	-0.7645014	
TNRC6C	trinucleotide repeat containing adaptor 6C [Source:HGNC Symbol;Acc:HGNC:29318]	-0.7652326	
EEFSEC	eukaryotic elongation factor, selenocysteine-tRNA specific [Source:HGNC Symbol;Acc:HGNC:24614]	-0.76555175	
FAM102A	family with sequence similarity 102 member A [Source:HGNC Symbol;Acc:HGNC:31419]	-0.7685259	
ZNF652	zinc finger protein 652 [Source:HGNC Symbol;Acc:HGNC:29147]	-0.77632475	
TREML2	triggering receptor expressed on myeloid cells like 2 [Source:HGNC Symbol;Acc:HGNC:21092]	-0.77979255	
RASSF2	Ras association domain family member 2 [Source:HGNC Symbol;Acc:HGNC:9883]	-0.78751504	
CBL	Cbl proto-oncogene [Source:HGNC Symbol;Acc:HGNC:1541]	-0.7876642	
STAMBPL1	STAM binding protein like 1 [Source:HGNC Symbol;Acc:HGNC:24105]	-0.7879272	
RPS6	ribosomal protein S6 [Source:HGNC Symbol;Acc:HGNC:10429]	-0.7896324	
TSPAN32	tetraspanin 32 [Source:HGNC Symbol;Acc:HGNC:13410]	-0.7898808	
AHCYL2	adenosylhomocysteinase like 2 [Source:HGNC Symbol;Acc:HGNC:22204]	-0.7923502	
ZBTB20	zinc finger and BTB domain containing 20 [Source:HGNC Symbol;Acc:HGNC:13503]	-0.7960821	
RASGRP1	RAS guanyl releasing protein 1 [Source:HGNC Symbol;Acc:HGNC:9878]	-0.79803526	
TSIX	TSIX transcript, XIST antisense RNA [Source:HGNC Symbol;Acc:HGNC:12377]	-0.79878736	
STT3B	STT3 oligosaccharyltransferase complex catalytic subunit B [Source:HGNC Symbol;Acc:HGNC:30611]	-0.79917866	
SENP7	SUMO specific peptidase 7 [Source:HGNC Symbol;Acc:HGNC:30402]	-0.800971	
IMMP2L	inner mitochondrial membrane peptidase subunit 2 [Source:HGNC Symbol;Acc:HGNC:14598]	-0.80512345	
MAML2	mastermind like transcriptional coactivator 2 [Source:HGNC Symbol;Acc:HGNC:16259]	-0.8053155	
LARS2	leucyl-tRNA synthetase 2, mitochondrial [Source:HGNC Symbol;Acc:HGNC:17095]	-0.80579543	
USP3	ubiquitin specific peptidase 3 [Source:HGNC Symbol;Acc:HGNC:12626]	-0.8085227	
DENND2D	DENN domain containing 2D [Source:HGNC Symbol;Acc:HGNC:26192]	-0.81157345	
RRAS2	RAS related 2 [Source:HGNC Symbol;Acc:HGNC:17271]	-0.8174945	
CALCRL	calcitonin receptor like receptor [Source:HGNC Symbol;Acc:HGNC:16709]	-0.8183023	
SPTBN1	spectrin beta, non-erythrocytic 1 [Source:HGNC Symbol;Acc:HGNC:11275]	-0.8187875	
BST2	bone marrow stromal cell antigen 2 [Source:HGNC Symbol;Acc:HGNC:1119]	-0.8192944	
KAT2B	lysine acetyltransferase 2B [Source:HGNC Symbol;Acc:HGNC:8638]	-0.81960326	
NUMB	NUMB endocytic adaptor protein [Source:HGNC Symbol;Acc:HGNC:8060]	-0.82191545	
LYPD6B	LY6/PLAUR domain containing 6B [Source:HGNC Symbol;Acc:HGNC:27018]	-0.8268592	
STK4	serine/threonine kinase 4 [Source:HGNC Symbol;Acc:HGNC:11408]	-0.83116144	
GBP6	guanylate binding protein family member 6 [Source:HGNC Symbol;Acc:HGNC:25395]	-0.83118105	
FRY	FRY microtubule binding protein [Source:HGNC Symbol;Acc:HGNC:20367]	-0.83578724	
CD2AP	CD2 associated protein [Source:HGNC Symbol;Acc:HGNC:14258]	-0.8363884	
PDLIM1	PDZ and LIM domain 1 [Source:HGNC Symbol;Acc:HGNC:2067]	-0.8369443	
RPL5	ribosomal protein L5 [Source:HGNC Symbol;Acc:HGNC:10360]	-0.84031165	
ALS2CL	ALS2 C-terminal like [Source:HGNC Symbol;Acc:HGNC:20605]	-0.8404859	
PRKD2	protein kinase D2 [Source:HGNC Symbol;Acc:HGNC:17293]	-0.84472215	
PCGF5	polycomb group ring finger 5 [Source:HGNC Symbol;Acc:HGNC:28264]	-0.84738225	
PACS1	phosphofurin acidic cluster sorting protein 1 [Source:HGNC Symbol;Acc:HGNC:30032]	-0.8475265	
RIGI	RNA sensor RIG-I [Source:HGNC Symbol;Acc:HGNC:19102]	-0.8490157	
NCK2	NCK adaptor protein 2 [Source:HGNC Symbol;Acc:HGNC:7665]	-0.85072905	
PACSIN1	protein kinase C and casein kinase substrate in neurons 1 [Source:HGNC Symbol;Acc:HGNC:8570]	-0.85202724	
CCM2	CCM2 scaffold protein [Source:HGNC Symbol;Acc:HGNC:21708]	-0.85222894	
IPCEF1	interaction protein for cytohesin exchange factors 1 [Source:HGNC Symbol;Acc:HGNC:21204]	-0.85312116	
PHF21A	PHD finger protein 21A [Source:HGNC Symbol;Acc:HGNC:24156]	-0.85339385	
IQGAP2	IQ motif containing GTPase activating protein 2 [Source:HGNC Symbol;Acc:HGNC:6111]	-0.85941404	
RPL13A	ribosomal protein L13a [Source:HGNC Symbol;Acc:HGNC:10304]	-0.86187184	
IFIT2	interferon induced protein with tetratricopeptide repeats 2 [Source:HGNC Symbol;Acc:HGNC:5409]	-0.86352646	
SETX	senataxin [Source:HGNC Symbol;Acc:HGNC:445]	-0.8673426	
RPS20	ribosomal protein S20 [Source:HGNC Symbol;Acc:HGNC:10405]	-0.86748624	
DUSP10	dual specificity phosphatase 10 [Source:HGNC Symbol;Acc:HGNC:3065]	-0.8711144	
PARP14	poly(ADP-ribose) polymerase family member 14 [Source:HGNC Symbol;Acc:HGNC:29232]	-0.8718113	
ATF7IP	activating transcription factor 7 interacting protein [Source:HGNC Symbol;Acc:HGNC:20092]	-0.87244374	
KCNN4	potassium calcium-activated channel subfamily N member 4 [Source:HGNC Symbol;Acc:HGNC:6293]	-0.8727772	
MRTFA	myocardin related transcription factor A [Source:HGNC Symbol;Acc:HGNC:14334]	-0.87513226	
NPC2	NPC intracellular cholesterol transporter 2 [Source:HGNC Symbol;Acc:HGNC:14537]	-0.8764857	
PDE3B	phosphodiesterase 3B [Source:HGNC Symbol;Acc:HGNC:8779]	-0.88106936	
HEXB	hexosaminidase subunit beta [Source:HGNC Symbol;Acc:HGNC:4879]	-0.88208514	
UGCG	UDP-glucose ceramide glucosyltransferase [Source:HGNC Symbol;Acc:HGNC:12524]	-0.88260514	
PPP1R13B	protein phosphatase 1 regulatory subunit 13B [Source:HGNC Symbol;Acc:HGNC:14950]	-0.88319874	
PRRG1	proline rich and Gla domain 1 [Source:HGNC Symbol;Acc:HGNC:9469]	-0.8841231	
RAB3IP	RAB3A interacting protein [Source:HGNC Symbol;Acc:HGNC:16508]	-0.88474846	
RHOH	ras homolog family member H [Source:HGNC Symbol;Acc:HGNC:686]	-0.88577616	
FYB1	FYN binding protein 1 [Source:HGNC Symbol;Acc:HGNC:4036]	-0.88788784	
USP24	ubiquitin specific peptidase 24 [Source:HGNC Symbol;Acc:HGNC:12623]	-0.8880222	
RPS19	ribosomal protein S19 [Source:HGNC Symbol;Acc:HGNC:10402]	-0.89319146	
CFLAR	CASP8 and FADD like apoptosis regulator [Source:HGNC Symbol;Acc:HGNC:1876]	-0.8938503	
ZDHHC15	zinc finger DHHC-type palmitoyltransferase 15 [Source:HGNC Symbol;Acc:HGNC:20342]	-0.89637333	
INSYN2B	inhibitory synaptic factor family member 2B [Source:HGNC Symbol;Acc:HGNC:37271]	-0.8970359	
ARID1A	AT-rich interaction domain 1A [Source:HGNC Symbol;Acc:HGNC:11110]	-0.8990097	
BTLA	B and T lymphocyte associated [Source:HGNC Symbol;Acc:HGNC:21087]	-0.90092444	
IGHM	immunoglobulin heavy constant mu [Source:HGNC Symbol;Acc:HGNC:5541]	-0.9018523	
RPS17	ribosomal protein S17 [Source:HGNC Symbol;Acc:HGNC:10397]	-0.91243964	
ARL4C	ADP ribosylation factor like GTPase 4C [Source:HGNC Symbol;Acc:HGNC:698]	-0.91354215	
MT-ND2	mitochondrially encoded NADH:ubiquinone oxidoreductase core subunit 2 [Source:HGNC Symbol;Acc:HGNC:7456]	-0.9265978	
SLC12A7	solute carrier family 12 member 7 [Source:HGNC Symbol;Acc:HGNC:10915]	-0.9321827	
MAP3K3	mitogen-activated protein kinase kinase kinase 3 [Source:HGNC Symbol;Acc:HGNC:6855]	-0.9389598	
ITGA6	integrin subunit alpha 6 [Source:HGNC Symbol;Acc:HGNC:6142]	-0.9445528	
BCL2	BCL2 apoptosis regulator [Source:HGNC Symbol;Acc:HGNC:990]	-0.9491853	
GBP7	guanylate binding protein 7 [Source:HGNC Symbol;Acc:HGNC:29606]	-0.94942635	
IFIT3	interferon induced protein with tetratricopeptide repeats 3 [Source:HGNC Symbol;Acc:HGNC:5411]	-0.95250976	
TCF20	transcription factor 20 [Source:HGNC Symbol;Acc:HGNC:11631]	-0.9556805	
CRIM1	cysteine rich transmembrane BMP regulator 1 [Source:HGNC Symbol;Acc:HGNC:2359]	-0.96044296	
CARD11	caspase recruitment domain family member 11 [Source:HGNC Symbol;Acc:HGNC:16393]	-0.9611662	
CYRIA	CYFIP related Rac1 interactor A [Source:HGNC Symbol;Acc:HGNC:25373]	-0.9622483	
SKAP1	src kinase associated phosphoprotein 1 [Source:HGNC Symbol;Acc:HGNC:15605]	-0.96540844	
ATP11B	ATPase phospholipid transporting 11B (putative) [Source:HGNC Symbol;Acc:HGNC:13553]	-0.9663466	
CCND2	cyclin D2 [Source:HGNC Symbol;Acc:HGNC:1583]	-0.96787477	
HMGN1	high mobility group nucleosome binding domain 1 [Source:HGNC Symbol;Acc:HGNC:4984]	-0.9729226	
PIK3IP1	phosphoinositide-3-kinase interacting protein 1 [Source:HGNC Symbol;Acc:HGNC:24942]	-0.9744913	
SH3PXD2A	SH3 and PX domains 2A [Source:HGNC Symbol;Acc:HGNC:23664]	-0.9750593	
SMC6	structural maintenance of chromosomes 6 [Source:HGNC Symbol;Acc:HGNC:20466]	-0.9779704	
ST8SIA6	ST8 alpha-N-acetyl-neuraminide alpha-2,8-sialyltransferase 6 [Source:HGNC Symbol;Acc:HGNC:23317]	-0.98214364	
SLFN13	schlafen family member 13 [Source:HGNC Symbol;Acc:HGNC:26481]	-0.9851646	
DIPK1A	divergent protein kinase domain 1A [Source:HGNC Symbol;Acc:HGNC:32213]	-0.99230224	
TMEM71	transmembrane protein 71 [Source:HGNC Symbol;Acc:HGNC:26572]	-0.99969715	
GPR18	G protein-coupled receptor 18 [Source:HGNC Symbol;Acc:HGNC:4472]	-1.0028967	
FAM78A	family with sequence similarity 78 member A [Source:HGNC Symbol;Acc:HGNC:25465]	-1.0059526	
FILIP1L	filamin A interacting protein 1 like [Source:HGNC Symbol;Acc:HGNC:24589]	-1.0086583	
SAMD9L	sterile alpha motif domain containing 9 like [Source:HGNC Symbol;Acc:HGNC:1349]	-1.0123043	
TRIB2	tribbles pseudokinase 2 [Source:HGNC Symbol;Acc:HGNC:30809]	-1.0147787	
MOB3B	MOB kinase activator 3B [Source:HGNC Symbol;Acc:HGNC:23825]	-1.0167878	
MCTP2	multiple C2 and transmembrane domain containing 2 [Source:HGNC Symbol;Acc:HGNC:25636]	-1.0182331	
PIK3CD	phosphatidylinositol-4,5-bisphosphate 3-kinase catalytic subunit delta [Source:HGNC Symbol;Acc:HGNC:8977]	-1.0235081	
RCSD1	RCSD domain containing 1 [Source:HGNC Symbol;Acc:HGNC:28310]	-1.0260657	
ATP8A1	ATPase phospholipid transporting 8A1 [Source:HGNC Symbol;Acc:HGNC:13531]	-1.0278889	
CLEC2D	C-type lectin domain family 2 member D [Source:HGNC Symbol;Acc:HGNC:14351]	-1.030671	
THEMIS	thymocyte selection associated [Source:HGNC Symbol;Acc:HGNC:21569]	-1.0346214	
BICDL1	BICD family like cargo adaptor 1 [Source:HGNC Symbol;Acc:HGNC:28095]	-1.035822	
STAT1	signal transducer and activator of transcription 1 [Source:HGNC Symbol;Acc:HGNC:11362]	-1.0360068	
TASP1	taspase 1 [Source:HGNC Symbol;Acc:HGNC:15859]	-1.0379529	
RFX3	regulatory factor X3 [Source:HGNC Symbol;Acc:HGNC:9984]	-1.054487	
SSBP2	single stranded DNA binding protein 2 [Source:HGNC Symbol;Acc:HGNC:15831]	-1.0664603	
RPL12	ribosomal protein L12 [Source:HGNC Symbol;Acc:HGNC:10302]	-1.0751275	
ATP1B1	ATPase Na+/K+ transporting subunit beta 1 [Source:HGNC Symbol;Acc:HGNC:804]	-1.0760499	
CHD3	chromodomain helicase DNA binding protein 3 [Source:HGNC Symbol;Acc:HGNC:1918]	-1.0901428	
ST8SIA1	ST8 alpha-N-acetyl-neuraminide alpha-2,8-sialyltransferase 1 [Source:HGNC Symbol;Acc:HGNC:10869]	-1.0933356	
RREB1	ras responsive element binding protein 1 [Source:HGNC Symbol;Acc:HGNC:10449]	-1.1028047	
BZW2	basic leucine zipper and W2 domains 2 [Source:HGNC Symbol;Acc:HGNC:18808]	-1.1076709	
DTX1	deltex E3 ubiquitin ligase 1 [Source:HGNC Symbol;Acc:HGNC:3060]	-1.1096815	
RASGRP2	RAS guanyl releasing protein 2 [Source:HGNC Symbol;Acc:HGNC:9879]	-1.1102803	
TRAT1	T cell receptor associated transmembrane adaptor 1 [Source:HGNC Symbol;Acc:HGNC:30698]	-1.1126119	
IGFBP4	insulin like growth factor binding protein 4 [Source:HGNC Symbol;Acc:HGNC:5473]	-1.1145239	
TRIM5	tripartite motif containing 5 [Source:HGNC Symbol;Acc:HGNC:16276]	-1.1227849	
CRLF3	cytokine receptor like factor 3 [Source:HGNC Symbol;Acc:HGNC:17177]	-1.1452149	
RAPGEF6	Rap guanine nucleotide exchange factor 6 [Source:HGNC Symbol;Acc:HGNC:20655]	-1.1478689	
GRAP2	GRB2 related adaptor protein 2 [Source:HGNC Symbol;Acc:HGNC:4563]	-1.1513606	
TXNIP	thioredoxin interacting protein [Source:HGNC Symbol;Acc:HGNC:16952]	-1.1534686	
UTRN	utrophin [Source:HGNC Symbol;Acc:HGNC:12635]	-1.1585956	
USP18	ubiquitin specific peptidase 18 [Source:HGNC Symbol;Acc:HGNC:12616]	-1.167536	
PELI1	pellino E3 ubiquitin protein ligase 1 [Source:HGNC Symbol;Acc:HGNC:8827]	-1.1733673	
ASAP1	ArfGAP with SH3 domain, ankyrin repeat and PH domain 1 [Source:HGNC Symbol;Acc:HGNC:2720]	-1.1810771	
PPM1H	protein phosphatase, Mg2+/Mn2+ dependent 1H [Source:HGNC Symbol;Acc:HGNC:18583]	-1.1825687	
IFIT1B	interferon induced protein with tetratricopeptide repeats 1B [Source:HGNC Symbol;Acc:HGNC:23442]	-1.1857688	
PARP11	poly(ADP-ribose) polymerase family member 11 [Source:HGNC Symbol;Acc:HGNC:1186]	-1.1875374	
HERC6	HECT and RLD domain containing E3 ubiquitin protein ligase family member 6 [Source:HGNC Symbol;Acc:HGNC:26072]	-1.1891458	
ABTB2	ankyrin repeat and BTB domain containing 2 [Source:HGNC Symbol;Acc:HGNC:23842]	-1.1898605	
IL6R	interleukin 6 receptor [Source:HGNC Symbol;Acc:HGNC:6019]	-1.1917485	
CAMK1D	calcium/calmodulin dependent protein kinase ID [Source:HGNC Symbol;Acc:HGNC:19341]	-1.2032448	
RASA3	RAS p21 protein activator 3 [Source:HGNC Symbol;Acc:HGNC:20331]	-1.2101238	
EVL	Enah/Vasp-like [Source:HGNC Symbol;Acc:HGNC:20234]	-1.2142736	
HSD11B1	hydroxysteroid 11-beta dehydrogenase 1 [Source:HGNC Symbol;Acc:HGNC:5208]	-1.2352382	
ATP1B3	ATPase Na+/K+ transporting subunit beta 3 [Source:HGNC Symbol;Acc:HGNC:806]	-1.2452359	
ITPR2	inositol 1,4,5-trisphosphate receptor type 2 [Source:HGNC Symbol;Acc:HGNC:6181]	-1.2515738	
PCED1B	PC-esterase domain containing 1B [Source:HGNC Symbol;Acc:HGNC:28255]	-1.2573546	
PTPRC	protein tyrosine phosphatase receptor type C [Source:HGNC Symbol;Acc:HGNC:9666]	-1.2579176	
NDRG3	NDRG family member 3 [Source:HGNC Symbol;Acc:HGNC:14462]	-1.2617811	
ZNRF3	zinc and ring finger 3 [Source:HGNC Symbol;Acc:HGNC:18126]	-1.2685308	
SLAMF6	SLAM family member 6 [Source:HGNC Symbol;Acc:HGNC:21392]	-1.2742375	
PIK3R5	phosphoinositide-3-kinase regulatory subunit 5 [Source:HGNC Symbol;Acc:HGNC:30035]	-1.2870638	
BCL11B	BAF chromatin remodeling complex subunit BCL11B [Source:HGNC Symbol;Acc:HGNC:13222]	-1.291512	
SP100	SP100 nuclear antigen [Source:HGNC Symbol;Acc:HGNC:11206]	-1.2922313	
SIDT1	SID1 transmembrane family member 1 [Source:HGNC Symbol;Acc:HGNC:25967]	-1.2953877	
SLC28A2	solute carrier family 28 member 2 [Source:HGNC Symbol;Acc:HGNC:11002]	-1.298515	
DDX60	DExD/H-box helicase 60 [Source:HGNC Symbol;Acc:HGNC:25942]	-1.3111732	
ARHGEF3	Rho guanine nucleotide exchange factor 3 [Source:HGNC Symbol;Acc:HGNC:683]	-1.3171686	
ADD3	adducin 3 [Source:HGNC Symbol;Acc:HGNC:245]	-1.3381004	
MAN1A1	mannosidase alpha class 1A member 1 [Source:HGNC Symbol;Acc:HGNC:6821]	-1.3409021	
ISG15	ISG15 ubiquitin like modifier [Source:HGNC Symbol;Acc:HGNC:4053]	-1.3615273	
RFLNB	refilin B [Source:HGNC Symbol;Acc:HGNC:28705]	-1.3631687	
RERE	arginine-glutamic acid dipeptide repeats [Source:HGNC Symbol;Acc:HGNC:9965]	-1.3828167	
KBTBD11	kelch repeat and BTB domain containing 11 [Source:HGNC Symbol;Acc:HGNC:29104]	-1.393637	
OPRM1	opioid receptor mu 1 [Source:HGNC Symbol;Acc:HGNC:8156]	-1.3961468	
IFT80	intraflagellar transport 80 [Source:HGNC Symbol;Acc:HGNC:29262]	-1.410853	
IKZF1	IKAROS family zinc finger 1 [Source:HGNC Symbol;Acc:HGNC:13176]	-1.4123994	
CCR7	C-C motif chemokine receptor 7 [Source:HGNC Symbol;Acc:HGNC:1608]	-1.4152862	
MLLT3	MLLT3 super elongation complex subunit [Source:HGNC Symbol;Acc:HGNC:7136]	-1.4292665	
KLF3	KLF transcription factor 3 [Source:HGNC Symbol;Acc:HGNC:16516]	-1.4517089	
NEDD4L	NEDD4 like E3 ubiquitin protein ligase [Source:HGNC Symbol;Acc:HGNC:7728]	-1.4683697	
TESPA1	thymocyte expressed, positive selection associated 1 [Source:HGNC Symbol;Acc:HGNC:29109]	-1.4926431	
PRKCB	protein kinase C beta [Source:HGNC Symbol;Acc:HGNC:9395]	-1.498756	
APBB1IP	amyloid beta precursor protein binding family B member 1 interacting protein [Source:HGNC Symbol;Acc:HGNC:17379]	-1.5028327	
CD27	CD27 molecule [Source:HGNC Symbol;Acc:HGNC:11922]	-1.5051464	
PATJ	PATJ crumbs cell polarity complex component [Source:HGNC Symbol;Acc:HGNC:28881]	-1.5302099	
IL6ST	interleukin 6 cytokine family signal transducer [Source:HGNC Symbol;Acc:HGNC:6021]	-1.537232	
RNF213	ring finger protein 213 [Source:HGNC Symbol;Acc:HGNC:14539]	-1.5537605	
RAPGEF4	Rap guanine nucleotide exchange factor 4 [Source:HGNC Symbol;Acc:HGNC:16626]	-1.5540428	
PDK1	pyruvate dehydrogenase kinase 1 [Source:HGNC Symbol;Acc:HGNC:8809]	-1.5594124	
AFF3	ALF transcription elongation factor 3 [Source:HGNC Symbol;Acc:HGNC:6473]	-1.5686009	
S1PR1	sphingosine-1-phosphate receptor 1 [Source:HGNC Symbol;Acc:HGNC:3165]	-1.6140037	
NSG2	neuronal vesicle trafficking associated 2 [Source:HGNC Symbol;Acc:HGNC:24955]	-1.6204904	
BACH2	BTB domain and CNC homolog 2 [Source:HGNC Symbol;Acc:HGNC:14078]	-1.6539589	
CMAHP	cytidine monophospho-N-acetylneuraminic acid hydroxylase, pseudogene [Source:HGNC Symbol;Acc:HGNC:2098]	-1.6616536	
THADA	THADA armadillo repeat containing [Source:HGNC Symbol;Acc:HGNC:19217]	-1.6670625	
SMC4	structural maintenance of chromosomes 4 [Source:HGNC Symbol;Acc:HGNC:14013]	-1.6911647	
IFI16	interferon gamma inducible protein 16 [Source:HGNC Symbol;Acc:HGNC:5395]	-1.6983833	
CDK8	cyclin dependent kinase 8 [Source:HGNC Symbol;Acc:HGNC:1779]	-1.7106112	
XIST	X inactive specific transcript [Source:HGNC Symbol;Acc:HGNC:12810]	-1.7200238	
SLFN5	schlafen family member 5 [Source:HGNC Symbol;Acc:HGNC:28286]	-1.7201515	
ARHGAP15	Rho GTPase activating protein 15 [Source:HGNC Symbol;Acc:HGNC:21030]	-1.7469989	
GALNT10	polypeptide N-acetylgalactosaminyltransferase 10 [Source:HGNC Symbol;Acc:HGNC:19873]	-1.8015128	
MS4A6A	membrane spanning 4-domains A6A [Source:HGNC Symbol;Acc:HGNC:13375]	-1.819201	
ABLIM1	actin binding LIM protein 1 [Source:HGNC Symbol;Acc:HGNC:78]	-1.8357948	
ARHGEF18	Rho/Rac guanine nucleotide exchange factor 18 [Source:HGNC Symbol;Acc:HGNC:17090]	-1.8876302	
ACTN1	actinin alpha 1 [Source:HGNC Symbol;Acc:HGNC:163]	-1.8941823	
KLF2	KLF transcription factor 2 [Source:HGNC Symbol;Acc:HGNC:6347]	-1.9060897	
FGF13	fibroblast growth factor 13 [Source:HGNC Symbol;Acc:HGNC:3670]	-1.9226747	
RIPOR2	RHO family interacting cell polarization regulator 2 [Source:HGNC Symbol;Acc:HGNC:13872]	-1.9742081	
SELL	selectin L [Source:HGNC Symbol;Acc:HGNC:10720]	-1.9834127	
PAG1	phosphoprotein membrane anchor with glycosphingolipid microdomains 1 [Source:HGNC Symbol;Acc:HGNC:30043]	-1.9912254	
DGKA	diacylglycerol kinase alpha [Source:HGNC Symbol;Acc:HGNC:2849]	-2.037605	
TCF7	transcription factor 7 [Source:HGNC Symbol;Acc:HGNC:11639]	-2.0471313	
PRKCQ	protein kinase C theta [Source:HGNC Symbol;Acc:HGNC:9410]	-2.054164	
CMSS1	cms1 ribosomal small subunit homolog [Source:HGNC Symbol;Acc:HGNC:28666]	-2.0681708	
CCND3	cyclin D3 [Source:HGNC Symbol;Acc:HGNC:1585]	-2.177403	
GIMAP6	GTPase, IMAP family member 6 [Source:HGNC Symbol;Acc:HGNC:21918]	-2.2614102	
ST6GAL1	ST6 beta-galactoside alpha-2,6-sialyltransferase 1 [Source:HGNC Symbol;Acc:HGNC:10860]	-2.3040216	
SATB1	SATB homeobox 1 [Source:HGNC Symbol;Acc:HGNC:10541]	-2.3999417	
LEF1	lymphoid enhancer binding factor 1 [Source:HGNC Symbol;Acc:HGNC:6551]	-2.4628985	
SCML4	Scm polycomb group protein like 4 [Source:HGNC Symbol;Acc:HGNC:21397]	-2.757383	
FOXP1	forkhead box P1 [Source:HGNC Symbol;Acc:HGNC:3823]	-3.1128614	
