NAME	TITLE	SCORE	
S100A4	S100 calcium binding protein A4 [Source:HGNC Symbol;Acc:HGNC:10494]	3.7469513	
LGALS1	galectin 1 [Source:HGNC Symbol;Acc:HGNC:6561]	3.6433332	
H1-5	H1.5 linker histone, cluster member [Source:HGNC Symbol;Acc:HGNC:4719]	3.6247873	
HMGB2	high mobility group box 2 [Source:HGNC Symbol;Acc:HGNC:5000]	3.3044653	
MKI67	marker of proliferation Ki-67 [Source:HGNC Symbol;Acc:HGNC:7107]	2.995937	
TOP2A	DNA topoisomerase II alpha [Source:HGNC Symbol;Acc:HGNC:11989]	2.8929603	
CTLA4	cytotoxic T-lymphocyte associated protein 4 [Source:HGNC Symbol;Acc:HGNC:2505]	2.821166	
STMN1	stathmin 1 [Source:HGNC Symbol;Acc:HGNC:6510]	2.7962701	
S100A10	S100 calcium binding protein A10 [Source:HGNC Symbol;Acc:HGNC:10487]	2.736542	
VIM	vimentin [Source:HGNC Symbol;Acc:HGNC:12692]	2.6474884	
IL17A	interleukin 17A [Source:HGNC Symbol;Acc:HGNC:5981]	2.6329436	
H2AZ1	H2A.Z variant histone 1 [Source:HGNC Symbol;Acc:HGNC:4741]	2.5539808	
MAF	MAF bZIP transcription factor [Source:HGNC Symbol;Acc:HGNC:6776]	2.5438097	
CRIP1	cysteine rich protein 1 [Source:HGNC Symbol;Acc:HGNC:2360]	2.542626	
S100A6	S100 calcium binding protein A6 [Source:HGNC Symbol;Acc:HGNC:10496]	2.5314076	
PCLAF	PCNA clamp associated factor [Source:HGNC Symbol;Acc:HGNC:28961]	2.5304103	
LMNB1	lamin B1 [Source:HGNC Symbol;Acc:HGNC:6637]	2.3550277	
CMTM7	CKLF like MARVEL transmembrane domain containing 7 [Source:HGNC Symbol;Acc:HGNC:19178]	2.3322315	
UBE2C	ubiquitin conjugating enzyme E2 C [Source:HGNC Symbol;Acc:HGNC:15937]	2.2955852	
TMEM163	transmembrane protein 163 [Source:HGNC Symbol;Acc:HGNC:25380]	2.2687147	
NT5E	5'-nucleotidase ecto [Source:HGNC Symbol;Acc:HGNC:8021]	2.2422469	
LGALS3	galectin 3 [Source:HGNC Symbol;Acc:HGNC:6563]	2.2105937	
IGFBP7	insulin like growth factor binding protein 7 [Source:HGNC Symbol;Acc:HGNC:5476]	2.1929502	
BIRC5	baculoviral IAP repeat containing 5 [Source:HGNC Symbol;Acc:HGNC:593]	2.1870704	
NKG7	natural killer cell granule protein 7 [Source:HGNC Symbol;Acc:HGNC:7830]	2.1867087	
CAPG	capping actin protein, gelsolin like [Source:HGNC Symbol;Acc:HGNC:1474]	2.18189	
ARL6IP1	ADP ribosylation factor like GTPase 6 interacting protein 1 [Source:HGNC Symbol;Acc:HGNC:697]	2.1641138	
RORA	RAR related orphan receptor A [Source:HGNC Symbol;Acc:HGNC:10258]	2.1555014	
LGALS7	galectin 7 [Source:HGNC Symbol;Acc:HGNC:6568]	2.1387188	
SRGN	serglycin [Source:HGNC Symbol;Acc:HGNC:9361]	2.1219513	
DIAPH3	diaphanous related formin 3 [Source:HGNC Symbol;Acc:HGNC:15480]	2.111371	
BHLHE40	basic helix-loop-helix family member e40 [Source:HGNC Symbol;Acc:HGNC:1046]	2.0509229	
H4C1	H4 clustered histone 1 [Source:HGNC Symbol;Acc:HGNC:4781]	2.0401926	
S100A11	S100 calcium binding protein A11 [Source:HGNC Symbol;Acc:HGNC:10488]	2.0379171	
RBPJ	recombination signal binding protein for immunoglobulin kappa J region [Source:HGNC Symbol;Acc:HGNC:5724]	2.026595	
PIM1	Pim-1 proto-oncogene, serine/threonine kinase [Source:HGNC Symbol;Acc:HGNC:8986]	2.0223382	
PTMS	parathymosin [Source:HGNC Symbol;Acc:HGNC:9629]	2.0120711	
IL18R1	interleukin 18 receptor 1 [Source:HGNC Symbol;Acc:HGNC:5988]	2.0096066	
DENND4A	DENN domain containing 4A [Source:HGNC Symbol;Acc:HGNC:24321]	2.0013235	
UBASH3B	ubiquitin associated and SH3 domain containing B [Source:HGNC Symbol;Acc:HGNC:29884]	2.0011582	
ITGAV	integrin subunit alpha V [Source:HGNC Symbol;Acc:HGNC:6150]	1.9648123	
CENPA	centromere protein A [Source:HGNC Symbol;Acc:HGNC:1851]	1.961355	
RBM3	RNA binding motif protein 3 [Source:HGNC Symbol;Acc:HGNC:9900]	1.9303637	
CDCA8	cell division cycle associated 8 [Source:HGNC Symbol;Acc:HGNC:14629]	1.9297668	
ATXN1	ataxin 1 [Source:HGNC Symbol;Acc:HGNC:10548]	1.9290134	
AHNAK	AHNAK nucleoprotein [Source:HGNC Symbol;Acc:HGNC:347]	1.9232804	
DUT	deoxyuridine triphosphatase [Source:HGNC Symbol;Acc:HGNC:3078]	1.9149184	
CENPF	centromere protein F [Source:HGNC Symbol;Acc:HGNC:1857]	1.9037638	
ACTG1	actin gamma 1 [Source:HGNC Symbol;Acc:HGNC:144]	1.9037153	
IFNGR1	interferon gamma receptor 1 [Source:HGNC Symbol;Acc:HGNC:5439]	1.8932949	
H1-4	H1.4 linker histone, cluster member [Source:HGNC Symbol;Acc:HGNC:4718]	1.8922848	
NUSAP1	nucleolar and spindle associated protein 1 [Source:HGNC Symbol;Acc:HGNC:18538]	1.891618	
LAG3	lymphocyte activating 3 [Source:HGNC Symbol;Acc:HGNC:6476]	1.8801012	
PTMA	prothymosin alpha [Source:HGNC Symbol;Acc:HGNC:9623]	1.8748156	
KDM2B	lysine demethylase 2B [Source:HGNC Symbol;Acc:HGNC:13610]	1.8641142	
IL2RB	interleukin 2 receptor subunit beta [Source:HGNC Symbol;Acc:HGNC:6009]	1.8609217	
HMGB1	high mobility group box 1 [Source:HGNC Symbol;Acc:HGNC:4983]	1.846898	
ANXA2	annexin A2 [Source:HGNC Symbol;Acc:HGNC:537]	1.8462272	
MXI1	MAX interactor 1, dimerization protein [Source:HGNC Symbol;Acc:HGNC:7534]	1.8213367	
OSBPL3	oxysterol binding protein like 3 [Source:HGNC Symbol;Acc:HGNC:16370]	1.7962296	
TUBB	tubulin beta class I [Source:HGNC Symbol;Acc:HGNC:20778]	1.7844676	
PRC1	protein regulator of cytokinesis 1 [Source:HGNC Symbol;Acc:HGNC:9341]	1.7740949	
RUNX2	RUNX family transcription factor 2 [Source:HGNC Symbol;Acc:HGNC:10472]	1.7699213	
ATP2B4	ATPase plasma membrane Ca2+ transporting 4 [Source:HGNC Symbol;Acc:HGNC:817]	1.7679521	
ICOS	inducible T cell costimulator [Source:HGNC Symbol;Acc:HGNC:5351]	1.7665697	
RABGAP1L	RAB GTPase activating protein 1 like [Source:HGNC Symbol;Acc:HGNC:24663]	1.7621408	
ODC1	ornithine decarboxylase 1 [Source:HGNC Symbol;Acc:HGNC:8109]	1.754522	
IL2RA	interleukin 2 receptor subunit alpha [Source:HGNC Symbol;Acc:HGNC:6008]	1.7493267	
CKS2	CDC28 protein kinase regulatory subunit 2 [Source:HGNC Symbol;Acc:HGNC:2000]	1.7460327	
RGS1	regulator of G protein signaling 1 [Source:HGNC Symbol;Acc:HGNC:9991]	1.7404387	
ANP32E	acidic nuclear phosphoprotein 32 family member E [Source:HGNC Symbol;Acc:HGNC:16673]	1.7389458	
NRGN	neurogranin [Source:HGNC Symbol;Acc:HGNC:8000]	1.73533	
SMC2	structural maintenance of chromosomes 2 [Source:HGNC Symbol;Acc:HGNC:14011]	1.732982	
STX11	syntaxin 11 [Source:HGNC Symbol;Acc:HGNC:11429]	1.7295473	
TXN	thioredoxin [Source:HGNC Symbol;Acc:HGNC:12435]	1.7183013	
KIF11	kinesin family member 11 [Source:HGNC Symbol;Acc:HGNC:6388]	1.7114836	
CENPE	centromere protein E [Source:HGNC Symbol;Acc:HGNC:1856]	1.7045203	
GADD45B	growth arrest and DNA damage inducible beta [Source:HGNC Symbol;Acc:HGNC:4096]	1.6988066	
EEA1	early endosome antigen 1 [Source:HGNC Symbol;Acc:HGNC:3185]	1.6881173	
H2AX	H2A.X variant histone [Source:HGNC Symbol;Acc:HGNC:4739]	1.6857471	
HIF1A	hypoxia inducible factor 1 subunit alpha [Source:HGNC Symbol;Acc:HGNC:4910]	1.6610107	
GAPDH	glyceraldehyde-3-phosphate dehydrogenase [Source:HGNC Symbol;Acc:HGNC:4141]	1.6590253	
FURIN	furin, paired basic amino acid cleaving enzyme [Source:HGNC Symbol;Acc:HGNC:8568]	1.653184	
LIG1	DNA ligase 1 [Source:HGNC Symbol;Acc:HGNC:6598]	1.652893	
TPX2	TPX2 microtubule nucleation factor [Source:HGNC Symbol;Acc:HGNC:1249]	1.6351794	
ARHGAP31	Rho GTPase activating protein 31 [Source:HGNC Symbol;Acc:HGNC:29216]	1.6336384	
TAGLN2	transgelin 2 [Source:HGNC Symbol;Acc:HGNC:11554]	1.6298125	
LAMC1	laminin subunit gamma 1 [Source:HGNC Symbol;Acc:HGNC:6492]	1.6284823	
TNFRSF9	TNF receptor superfamily member 9 [Source:HGNC Symbol;Acc:HGNC:11924]	1.6093993	
PTPRJ	protein tyrosine phosphatase receptor type J [Source:HGNC Symbol;Acc:HGNC:9673]	1.606878	
H2AZ2	H2A.Z variant histone 2 [Source:HGNC Symbol;Acc:HGNC:20664]	1.5929002	
ALCAM	activated leukocyte cell adhesion molecule [Source:HGNC Symbol;Acc:HGNC:400]	1.5907298	
TRPS1	transcriptional repressor GATA binding 1 [Source:HGNC Symbol;Acc:HGNC:12340]	1.5810946	
TUBA1B	tubulin alpha 1b [Source:HGNC Symbol;Acc:HGNC:18809]	1.5554975	
NFKBIA	NFKB inhibitor alpha [Source:HGNC Symbol;Acc:HGNC:7797]	1.5520446	
CKS1B	CDC28 protein kinase regulatory subunit 1B [Source:HGNC Symbol;Acc:HGNC:19083]	1.5462841	
PLAC8	placenta associated 8 [Source:HGNC Symbol;Acc:HGNC:19254]	1.5456471	
TNFRSF4	TNF receptor superfamily member 4 [Source:HGNC Symbol;Acc:HGNC:11918]	1.5430952	
TNFSF11	TNF superfamily member 11 [Source:HGNC Symbol;Acc:HGNC:11926]	1.5314089	
CDK6	cyclin dependent kinase 6 [Source:HGNC Symbol;Acc:HGNC:1777]	1.5108507	
NSD2	nuclear receptor binding SET domain protein 2 [Source:HGNC Symbol;Acc:HGNC:12766]	1.510841	
KNL1	kinetochore scaffold 1 [Source:HGNC Symbol;Acc:HGNC:24054]	1.5106941	
DEK	DEK proto-oncogene [Source:HGNC Symbol;Acc:HGNC:2768]	1.5002842	
HIP1	huntingtin interacting protein 1 [Source:HGNC Symbol;Acc:HGNC:4913]	1.4909393	
NIBAN1	niban apoptosis regulator 1 [Source:HGNC Symbol;Acc:HGNC:16784]	1.4816638	
NFKB1	nuclear factor kappa B subunit 1 [Source:HGNC Symbol;Acc:HGNC:7794]	1.4811509	
CREM	cAMP responsive element modulator [Source:HGNC Symbol;Acc:HGNC:2352]	1.4803023	
HMGN2	high mobility group nucleosomal binding domain 2 [Source:HGNC Symbol;Acc:HGNC:4986]	1.4778765	
CALM3	calmodulin 3 [Source:HGNC Symbol;Acc:HGNC:1449]	1.464587	
POLA1	DNA polymerase alpha 1, catalytic subunit [Source:HGNC Symbol;Acc:HGNC:9173]	1.4513817	
JUNB	JunB proto-oncogene, AP-1 transcription factor subunit [Source:HGNC Symbol;Acc:HGNC:6205]	1.4506141	
RAD51B	RAD51 paralog B [Source:HGNC Symbol;Acc:HGNC:9822]	1.4470328	
REEP5	receptor accessory protein 5 [Source:HGNC Symbol;Acc:HGNC:30077]	1.4439398	
INCENP	inner centromere protein [Source:HGNC Symbol;Acc:HGNC:6058]	1.4292111	
NR4A2	nuclear receptor subfamily 4 group A member 2 [Source:HGNC Symbol;Acc:HGNC:7981]	1.4243137	
SELENOH	selenoprotein H [Source:HGNC Symbol;Acc:HGNC:18251]	1.4232764	
NR4A3	nuclear receptor subfamily 4 group A member 3 [Source:HGNC Symbol;Acc:HGNC:7982]	1.420719	
IFITM3	interferon induced transmembrane protein 3 [Source:HGNC Symbol;Acc:HGNC:5414]	1.414891	
DUSP16	dual specificity phosphatase 16 [Source:HGNC Symbol;Acc:HGNC:17909]	1.4128735	
NUCKS1	nuclear casein kinase and cyclin dependent kinase substrate 1 [Source:HGNC Symbol;Acc:HGNC:29923]	1.4125781	
COX17	cytochrome c oxidase copper chaperone COX17 [Source:HGNC Symbol;Acc:HGNC:2264]	1.4114299	
MCM6	minichromosome maintenance complex component 6 [Source:HGNC Symbol;Acc:HGNC:6949]	1.4097096	
RRM2	ribonucleotide reductase regulatory subunit M2 [Source:HGNC Symbol;Acc:HGNC:10452]	1.402979	
ELL2	elongation factor for RNA polymerase II 2 [Source:HGNC Symbol;Acc:HGNC:17064]	1.4014673	
LITAF	lipopolysaccharide induced TNF factor [Source:HGNC Symbol;Acc:HGNC:16841]	1.398452	
NDFIP1	Nedd4 family interacting protein 1 [Source:HGNC Symbol;Acc:HGNC:17592]	1.3976079	
HMMR	hyaluronan mediated motility receptor [Source:HGNC Symbol;Acc:HGNC:5012]	1.3832684	
RAPH1	Ras association (RalGDS/AF-6) and pleckstrin homology domains 1 [Source:HGNC Symbol;Acc:HGNC:14436]	1.374374	
TPM4	tropomyosin 4 [Source:HGNC Symbol;Acc:HGNC:12013]	1.3733432	
COX8A	cytochrome c oxidase subunit 8A [Source:HGNC Symbol;Acc:HGNC:2294]	1.3722506	
ANP32B	acidic nuclear phosphoprotein 32 family member B [Source:HGNC Symbol;Acc:HGNC:16677]	1.3660465	
ATAD2	ATPase family AAA domain containing 2 [Source:HGNC Symbol;Acc:HGNC:30123]	1.3652537	
YBX3	Y-box binding protein 3 [Source:HGNC Symbol;Acc:HGNC:2428]	1.3606333	
TUBB4B	tubulin beta 4B class IVb [Source:HGNC Symbol;Acc:HGNC:20771]	1.3566651	
HINT1	histidine triad nucleotide binding protein 1 [Source:HGNC Symbol;Acc:HGNC:4912]	1.3531988	
RILPL2	Rab interacting lysosomal protein like 2 [Source:HGNC Symbol;Acc:HGNC:28787]	1.3468349	
GMNN	geminin DNA replication inhibitor [Source:HGNC Symbol;Acc:HGNC:17493]	1.3440881	
TIMP2	TIMP metallopeptidase inhibitor 2 [Source:HGNC Symbol;Acc:HGNC:11821]	1.340373	
CCNB2	cyclin B2 [Source:HGNC Symbol;Acc:HGNC:1580]	1.3329681	
CLSPN	claspin [Source:HGNC Symbol;Acc:HGNC:19715]	1.3293949	
CDK1	cyclin dependent kinase 1 [Source:HGNC Symbol;Acc:HGNC:1722]	1.3293808	
BCL2A1	BCL2 related protein A1 [Source:HGNC Symbol;Acc:HGNC:991]	1.325784	
CD44	CD44 molecule (Indian blood group) [Source:HGNC Symbol;Acc:HGNC:1681]	1.3153583	
RBBP8	RB binding protein 8, endonuclease [Source:HGNC Symbol;Acc:HGNC:9891]	1.3126262	
SLA	Src like adaptor [Source:HGNC Symbol;Acc:HGNC:10902]	1.3099774	
CDCA3	cell division cycle associated 3 [Source:HGNC Symbol;Acc:HGNC:14624]	1.3079389	
SLC22A15	solute carrier family 22 member 15 [Source:HGNC Symbol;Acc:HGNC:20301]	1.3040638	
SEC11C	SEC11 homolog C, signal peptidase complex subunit [Source:HGNC Symbol;Acc:HGNC:23400]	1.3004249	
UBA52	ubiquitin A-52 residue ribosomal protein fusion product 1 [Source:HGNC Symbol;Acc:HGNC:12458]	1.2986964	
EZH2	enhancer of zeste 2 polycomb repressive complex 2 subunit [Source:HGNC Symbol;Acc:HGNC:3527]	1.2980549	
NEIL3	nei like DNA glycosylase 3 [Source:HGNC Symbol;Acc:HGNC:24573]	1.2874274	
IKZF2	IKAROS family zinc finger 2 [Source:HGNC Symbol;Acc:HGNC:13177]	1.2861586	
KIF15	kinesin family member 15 [Source:HGNC Symbol;Acc:HGNC:17273]	1.2853742	
CENPP	centromere protein P [Source:HGNC Symbol;Acc:HGNC:32933]	1.2739064	
SLBP	stem-loop binding protein [Source:HGNC Symbol;Acc:HGNC:10904]	1.2721492	
RAN	RAN, member RAS oncogene family [Source:HGNC Symbol;Acc:HGNC:9846]	1.2697936	
DUSP4	dual specificity phosphatase 4 [Source:HGNC Symbol;Acc:HGNC:3070]	1.2648975	
DGAT1	diacylglycerol O-acyltransferase 1 [Source:HGNC Symbol;Acc:HGNC:2843]	1.262307	
SDF4	stromal cell derived factor 4 [Source:HGNC Symbol;Acc:HGNC:24188]	1.2589117	
UBE2S	ubiquitin conjugating enzyme E2 S [Source:HGNC Symbol;Acc:HGNC:17895]	1.2580104	
TNFRSF1B	TNF receptor superfamily member 1B [Source:HGNC Symbol;Acc:HGNC:11917]	1.2565262	
NDRG1	N-myc downstream regulated 1 [Source:HGNC Symbol;Acc:HGNC:7679]	1.2523144	
LY6E	lymphocyte antigen 6 family member E [Source:HGNC Symbol;Acc:HGNC:6727]	1.2517474	
ST6GALNAC3	ST6 N-acetylgalactosaminide alpha-2,6-sialyltransferase 3 [Source:HGNC Symbol;Acc:HGNC:19343]	1.2493838	
H3C13	H3 clustered histone 13 [Source:HGNC Symbol;Acc:HGNC:25311]	1.2483431	
SPC24	SPC24 component of NDC80 kinetochore complex [Source:HGNC Symbol;Acc:HGNC:26913]	1.2436986	
CTSB	cathepsin B [Source:HGNC Symbol;Acc:HGNC:2527]	1.2413936	
OAZ1	ornithine decarboxylase antizyme 1 [Source:HGNC Symbol;Acc:HGNC:8095]	1.2352654	
HIVEP1	HIVEP zinc finger 1 [Source:HGNC Symbol;Acc:HGNC:4920]	1.2340604	
MAPKAPK3	MAPK activated protein kinase 3 [Source:HGNC Symbol;Acc:HGNC:6888]	1.2328633	
PRR13	proline rich 13 [Source:HGNC Symbol;Acc:HGNC:24528]	1.2297783	
FARP1	FERM, ARH/RhoGEF and pleckstrin domain protein 1 [Source:HGNC Symbol;Acc:HGNC:3591]	1.2288877	
COX5B	cytochrome c oxidase subunit 5B [Source:HGNC Symbol;Acc:HGNC:2269]	1.2288538	
TMPO	thymopoietin [Source:HGNC Symbol;Acc:HGNC:11875]	1.2269624	
CCNA2	cyclin A2 [Source:HGNC Symbol;Acc:HGNC:1578]	1.2266004	
C21orf91	chromosome 21 open reading frame 91 [Source:HGNC Symbol;Acc:HGNC:16459]	1.2250229	
CDC25B	cell division cycle 25B [Source:HGNC Symbol;Acc:HGNC:1726]	1.2211813	
COX6C	cytochrome c oxidase subunit 6C [Source:HGNC Symbol;Acc:HGNC:2285]	1.2140521	
MCM3	minichromosome maintenance complex component 3 [Source:HGNC Symbol;Acc:HGNC:6945]	1.2137909	
IFRD1	interferon related developmental regulator 1 [Source:HGNC Symbol;Acc:HGNC:5456]	1.2082165	
CREB3L2	cAMP responsive element binding protein 3 like 2 [Source:HGNC Symbol;Acc:HGNC:23720]	1.2042392	
S100A13	S100 calcium binding protein A13 [Source:HGNC Symbol;Acc:HGNC:10490]	1.1988726	
CLIC1	chloride intracellular channel 1 [Source:HGNC Symbol;Acc:HGNC:2062]	1.1970086	
C15orf48	chromosome 15 open reading frame 48 [Source:HGNC Symbol;Acc:HGNC:29898]	1.1962866	
RRM1	ribonucleotide reductase catalytic subunit M1 [Source:HGNC Symbol;Acc:HGNC:10451]	1.1959488	
FLNB	filamin B [Source:HGNC Symbol;Acc:HGNC:3755]	1.1935012	
CIT	citron rho-interacting serine/threonine kinase [Source:HGNC Symbol;Acc:HGNC:1985]	1.1927606	
KIF4A	kinesin family member 4A [Source:HGNC Symbol;Acc:HGNC:13339]	1.1912788	
CPD	carboxypeptidase D [Source:HGNC Symbol;Acc:HGNC:2301]	1.1886696	
RACGAP1	Rac GTPase activating protein 1 [Source:HGNC Symbol;Acc:HGNC:9804]	1.1882292	
LDHA	lactate dehydrogenase A [Source:HGNC Symbol;Acc:HGNC:6535]	1.1878179	
COX7C	cytochrome c oxidase subunit 7C [Source:HGNC Symbol;Acc:HGNC:2292]	1.1809757	
UHRF2	ubiquitin like with PHD and ring finger domains 2 [Source:HGNC Symbol;Acc:HGNC:12557]	1.1790305	
GDI2	GDP dissociation inhibitor 2 [Source:HGNC Symbol;Acc:HGNC:4227]	1.1753848	
CCL5	C-C motif chemokine ligand 5 [Source:HGNC Symbol;Acc:HGNC:10632]	1.1737776	
C4orf3	chromosome 4 open reading frame 3 [Source:HGNC Symbol;Acc:HGNC:19225]	1.1717998	
DUSP5	dual specificity phosphatase 5 [Source:HGNC Symbol;Acc:HGNC:3071]	1.1712145	
GLRX	glutaredoxin [Source:HGNC Symbol;Acc:HGNC:4330]	1.1687777	
NAP1L1	nucleosome assembly protein 1 like 1 [Source:HGNC Symbol;Acc:HGNC:7637]	1.1593399	
IFI27L2	interferon alpha inducible protein 27 like 2 [Source:HGNC Symbol;Acc:HGNC:19753]	1.1589555	
ADAM12	ADAM metallopeptidase domain 12 [Source:HGNC Symbol;Acc:HGNC:190]	1.1504583	
RGS2	regulator of G protein signaling 2 [Source:HGNC Symbol;Acc:HGNC:9998]	1.1465161	
CYSLTR2	cysteinyl leukotriene receptor 2 [Source:HGNC Symbol;Acc:HGNC:18274]	1.1439677	
CASP3	caspase 3 [Source:HGNC Symbol;Acc:HGNC:1504]	1.142751	
TPI1	triosephosphate isomerase 1 [Source:HGNC Symbol;Acc:HGNC:12009]	1.1413639	
HNRNPAB	heterogeneous nuclear ribonucleoprotein A/B [Source:HGNC Symbol;Acc:HGNC:5034]	1.1336153	
PDCD1	programmed cell death 1 [Source:HGNC Symbol;Acc:HGNC:8760]	1.1320003	
TMSB10	thymosin beta 10 [Source:HGNC Symbol;Acc:HGNC:11879]	1.1291305	
COX7A2	cytochrome c oxidase subunit 7A2 [Source:HGNC Symbol;Acc:HGNC:2288]	1.1289115	
LTB4R	leukotriene B4 receptor [Source:HGNC Symbol;Acc:HGNC:6713]	1.1267945	
TMEM256	transmembrane protein 256 [Source:HGNC Symbol;Acc:HGNC:28618]	1.1223	
ATP5IF1	ATP synthase inhibitory factor subunit 1 [Source:HGNC Symbol;Acc:HGNC:871]	1.1215724	
PKM	pyruvate kinase M1/2 [Source:HGNC Symbol;Acc:HGNC:9021]	1.1169887	
DTL	denticleless E3 ubiquitin protein ligase homolog [Source:HGNC Symbol;Acc:HGNC:30288]	1.1140771	
FAM117B	family with sequence similarity 117 member B [Source:HGNC Symbol;Acc:HGNC:14440]	1.1140128	
RAB8B	RAB8B, member RAS oncogene family [Source:HGNC Symbol;Acc:HGNC:30273]	1.1128703	
UBB	ubiquitin B [Source:HGNC Symbol;Acc:HGNC:12463]	1.1108166	
IRAK2	interleukin 1 receptor associated kinase 2 [Source:HGNC Symbol;Acc:HGNC:6113]	1.1067564	
GNB2	G protein subunit beta 2 [Source:HGNC Symbol;Acc:HGNC:4398]	1.1055802	
MYB	MYB proto-oncogene, transcription factor [Source:HGNC Symbol;Acc:HGNC:7545]	1.1040393	
CCN4	cellular communication network factor 4 [Source:HGNC Symbol;Acc:HGNC:12769]	1.0993199	
TYMS	thymidylate synthetase [Source:HGNC Symbol;Acc:HGNC:12441]	1.0990797	
SERINC3	serine incorporator 3 [Source:HGNC Symbol;Acc:HGNC:11699]	1.0987571	
COX5A	cytochrome c oxidase subunit 5A [Source:HGNC Symbol;Acc:HGNC:2267]	1.097638	
GNAI2	G protein subunit alpha i2 [Source:HGNC Symbol;Acc:HGNC:4385]	1.0959352	
NDUFB7	NADH:ubiquinone oxidoreductase subunit B7 [Source:HGNC Symbol;Acc:HGNC:7702]	1.0925574	
SH3BGRL3	SH3 domain binding glutamate rich protein like 3 [Source:HGNC Symbol;Acc:HGNC:15568]	1.0915645	
IFITM2	interferon induced transmembrane protein 2 [Source:HGNC Symbol;Acc:HGNC:5413]	1.0901666	
AOPEP	aminopeptidase O (putative) [Source:HGNC Symbol;Acc:HGNC:1361]	1.0880972	
SKIL	SKI like proto-oncogene [Source:HGNC Symbol;Acc:HGNC:10897]	1.0874175	
H2AC20	H2A clustered histone 20 [Source:HGNC Symbol;Acc:HGNC:4738]	1.0837966	
ELOB	elongin B [Source:HGNC Symbol;Acc:HGNC:11619]	1.0829315	
SAMSN1	SAM domain, SH3 domain and nuclear localization signals 1 [Source:HGNC Symbol;Acc:HGNC:10528]	1.0827304	
PPIA	peptidylprolyl isomerase A [Source:HGNC Symbol;Acc:HGNC:9253]	1.0777888	
ASF1B	anti-silencing function 1B histone chaperone [Source:HGNC Symbol;Acc:HGNC:20996]	1.07766	
TNFAIP3	TNF alpha induced protein 3 [Source:HGNC Symbol;Acc:HGNC:11896]	1.0748212	
SMIM36	small integral membrane protein 36 [Source:HGNC Symbol;Acc:HGNC:53654]	1.0741373	
NCAPG2	non-SMC condensin II complex subunit G2 [Source:HGNC Symbol;Acc:HGNC:21904]	1.0731547	
LCP1	lymphocyte cytosolic protein 1 [Source:HGNC Symbol;Acc:HGNC:6528]	1.071178	
HELLS	helicase, lymphoid specific [Source:HGNC Symbol;Acc:HGNC:4861]	1.0692965	
SNX9	sorting nexin 9 [Source:HGNC Symbol;Acc:HGNC:14973]	1.0683573	
DBI	diazepam binding inhibitor, acyl-CoA binding protein [Source:HGNC Symbol;Acc:HGNC:2690]	1.0664289	
PRKAR1A	protein kinase cAMP-dependent type I regulatory subunit alpha [Source:HGNC Symbol;Acc:HGNC:9388]	1.0641367	
GNA13	G protein subunit alpha 13 [Source:HGNC Symbol;Acc:HGNC:4381]	1.0620884	
MYO1F	myosin IF [Source:HGNC Symbol;Acc:HGNC:7600]	1.0591604	
PRELID1	PRELI domain containing 1 [Source:HGNC Symbol;Acc:HGNC:30255]	1.0576702	
CDKN2C	cyclin dependent kinase inhibitor 2C [Source:HGNC Symbol;Acc:HGNC:1789]	1.0412779	
TACC3	transforming acidic coiled-coil containing protein 3 [Source:HGNC Symbol;Acc:HGNC:11524]	1.0406154	
CCR2	C-C motif chemokine receptor 2 [Source:HGNC Symbol;Acc:HGNC:1603]	1.0391525	
H1-0	H1.0 linker histone [Source:HGNC Symbol;Acc:HGNC:4714]	1.036462	
ATP5F1E	ATP synthase F1 subunit epsilon [Source:HGNC Symbol;Acc:HGNC:838]	1.036255	
ASPM	assembly factor for spindle microtubules [Source:HGNC Symbol;Acc:HGNC:19048]	1.03478	
C12orf75	chromosome 12 open reading frame 75 [Source:HGNC Symbol;Acc:HGNC:35164]	1.0346618	
CHST11	carbohydrate sulfotransferase 11 [Source:HGNC Symbol;Acc:HGNC:17422]	1.0286628	
TGFB1	transforming growth factor beta 1 [Source:HGNC Symbol;Acc:HGNC:11766]	1.0224949	
PHLDA1	pleckstrin homology like domain family A member 1 [Source:HGNC Symbol;Acc:HGNC:8933]	1.0223852	
SOCS2	suppressor of cytokine signaling 2 [Source:HGNC Symbol;Acc:HGNC:19382]	1.0216873	
TPM3	tropomyosin 3 [Source:HGNC Symbol;Acc:HGNC:12012]	1.0157378	
SEC61G	SEC61 translocon subunit gamma [Source:HGNC Symbol;Acc:HGNC:18277]	1.0121144	
PODNL1	podocan like 1 [Source:HGNC Symbol;Acc:HGNC:26275]	1.0094336	
MXD1	MAX dimerization protein 1 [Source:HGNC Symbol;Acc:HGNC:6761]	1.0067345	
E2F2	E2F transcription factor 2 [Source:HGNC Symbol;Acc:HGNC:3114]	1.0056802	
PPP1CA	protein phosphatase 1 catalytic subunit alpha [Source:HGNC Symbol;Acc:HGNC:9281]	1.0055921	
ALYREF	Aly/REF export factor [Source:HGNC Symbol;Acc:HGNC:19071]	1.0053005	
IMPA2	inositol monophosphatase 2 [Source:HGNC Symbol;Acc:HGNC:6051]	1.0051937	
EIF5A	eukaryotic translation initiation factor 5A [Source:HGNC Symbol;Acc:HGNC:3300]	1.0040072	
MDFIC	MyoD family inhibitor domain containing [Source:HGNC Symbol;Acc:HGNC:28870]	1.0036066	
IFITM1	interferon induced transmembrane protein 1 [Source:HGNC Symbol;Acc:HGNC:5412]	0.99964577	
HMGB3	high mobility group box 3 [Source:HGNC Symbol;Acc:HGNC:5004]	0.99458337	
KIF20B	kinesin family member 20B [Source:HGNC Symbol;Acc:HGNC:7212]	0.9938605	
ATP5MF	ATP synthase membrane subunit f [Source:HGNC Symbol;Acc:HGNC:848]	0.992498	
SGIP1	SH3GL interacting endocytic adaptor 1 [Source:HGNC Symbol;Acc:HGNC:25412]	0.991907	
COX6B1	cytochrome c oxidase subunit 6B1 [Source:HGNC Symbol;Acc:HGNC:2280]	0.99171466	
ZNF367	zinc finger protein 367 [Source:HGNC Symbol;Acc:HGNC:18320]	0.9874408	
TFF1	trefoil factor 1 [Source:HGNC Symbol;Acc:HGNC:11755]	0.9830353	
SSR4	signal sequence receptor subunit 4 [Source:HGNC Symbol;Acc:HGNC:11326]	0.9796133	
SNRPD1	small nuclear ribonucleoprotein D1 polypeptide [Source:HGNC Symbol;Acc:HGNC:11158]	0.9793152	
HNRNPA3	heterogeneous nuclear ribonucleoprotein A3 [Source:HGNC Symbol;Acc:HGNC:24941]	0.9782494	
ARPC3	actin related protein 2/3 complex subunit 3 [Source:HGNC Symbol;Acc:HGNC:706]	0.97812927	
ARF4	ADP ribosylation factor 4 [Source:HGNC Symbol;Acc:HGNC:655]	0.97745717	
YWHAH	tyrosine 3-monooxygenase/tryptophan 5-monooxygenase activation protein eta [Source:HGNC Symbol;Acc:HGNC:12853]	0.97705555	
GNAS	GNAS complex locus [Source:HGNC Symbol;Acc:HGNC:4392]	0.9713794	
FKBP2	FKBP prolyl isomerase 2 [Source:HGNC Symbol;Acc:HGNC:3718]	0.97104925	
YBX1	Y-box binding protein 1 [Source:HGNC Symbol;Acc:HGNC:8014]	0.96983385	
CENPW	centromere protein W [Source:HGNC Symbol;Acc:HGNC:21488]	0.9696496	
CXCR6	C-X-C motif chemokine receptor 6 [Source:HGNC Symbol;Acc:HGNC:16647]	0.9684547	
ACTB	actin beta [Source:HGNC Symbol;Acc:HGNC:132]	0.968201	
MIER1	MIER1 transcriptional regulator [Source:HGNC Symbol;Acc:HGNC:29657]	0.9675567	
SNRPE	small nuclear ribonucleoprotein polypeptide E [Source:HGNC Symbol;Acc:HGNC:11161]	0.96695083	
ATP5ME	ATP synthase membrane subunit e [Source:HGNC Symbol;Acc:HGNC:846]	0.9668808	
CHP1	calcineurin like EF-hand protein 1 [Source:HGNC Symbol;Acc:HGNC:17433]	0.9667758	
MACROH2A1	macroH2A.1 histone [Source:HGNC Symbol;Acc:HGNC:4740]	0.9657398	
BCL2L1	BCL2 like 1 [Source:HGNC Symbol;Acc:HGNC:992]	0.96572727	
JAK2	Janus kinase 2 [Source:HGNC Symbol;Acc:HGNC:6192]	0.9650516	
GNG2	G protein subunit gamma 2 [Source:HGNC Symbol;Acc:HGNC:4404]	0.96320605	
TTC39C	tetratricopeptide repeat domain 39C [Source:HGNC Symbol;Acc:HGNC:26595]	0.9623916	
GEM	GTP binding protein overexpressed in skeletal muscle [Source:HGNC Symbol;Acc:HGNC:4234]	0.96223515	
FOSB	FosB proto-oncogene, AP-1 transcription factor subunit [Source:HGNC Symbol;Acc:HGNC:3797]	0.9596402	
CKAP5	cytoskeleton associated protein 5 [Source:HGNC Symbol;Acc:HGNC:28959]	0.9579727	
UBL5	ubiquitin like 5 [Source:HGNC Symbol;Acc:HGNC:13736]	0.9562003	
TK1	thymidine kinase 1 [Source:HGNC Symbol;Acc:HGNC:11830]	0.9517544	
FBXO5	F-box protein 5 [Source:HGNC Symbol;Acc:HGNC:13584]	0.9505549	
RANBP1	RAN binding protein 1 [Source:HGNC Symbol;Acc:HGNC:9847]	0.949312	
PMEPA1	prostate transmembrane protein, androgen induced 1 [Source:HGNC Symbol;Acc:HGNC:14107]	0.9478284	
UCP2	uncoupling protein 2 [Source:HGNC Symbol;Acc:HGNC:12518]	0.94565356	
CDC20	cell division cycle 20 [Source:HGNC Symbol;Acc:HGNC:1723]	0.9435717	
H3C14	H3 clustered histone 14 [Source:HGNC Symbol;Acc:HGNC:20503]	0.94109166	
NEB	nebulin [Source:HGNC Symbol;Acc:HGNC:7720]	0.9397363	
UQCR10	ubiquinol-cytochrome c reductase, complex III subunit X [Source:HGNC Symbol;Acc:HGNC:30863]	0.93892705	
EMP3	epithelial membrane protein 3 [Source:HGNC Symbol;Acc:HGNC:3335]	0.93847597	
SNRPG	small nuclear ribonucleoprotein polypeptide G [Source:HGNC Symbol;Acc:HGNC:11163]	0.9374794	
TMSB4X	thymosin beta 4 X-linked [Source:HGNC Symbol;Acc:HGNC:11881]	0.9368206	
DLGAP5	DLG associated protein 5 [Source:HGNC Symbol;Acc:HGNC:16864]	0.9347943	
PTPN22	protein tyrosine phosphatase non-receptor type 22 [Source:HGNC Symbol;Acc:HGNC:9652]	0.93339074	
PHACTR2	phosphatase and actin regulator 2 [Source:HGNC Symbol;Acc:HGNC:20956]	0.93319607	
ECE1	endothelin converting enzyme 1 [Source:HGNC Symbol;Acc:HGNC:3146]	0.93255144	
CST3	cystatin C [Source:HGNC Symbol;Acc:HGNC:2475]	0.9293575	
TIPIN	TIMELESS interacting protein [Source:HGNC Symbol;Acc:HGNC:30750]	0.9287313	
MMD	monocyte to macrophage differentiation associated [Source:HGNC Symbol;Acc:HGNC:7153]	0.9282966	
PPP1CC	protein phosphatase 1 catalytic subunit gamma [Source:HGNC Symbol;Acc:HGNC:9283]	0.92757905	
VAMP8	vesicle associated membrane protein 8 [Source:HGNC Symbol;Acc:HGNC:12647]	0.9267607	
CEP55	centrosomal protein 55 [Source:HGNC Symbol;Acc:HGNC:1161]	0.92214537	
NDUFB1	NADH:ubiquinone oxidoreductase subunit B1 [Source:HGNC Symbol;Acc:HGNC:7695]	0.92200476	
CTSW	cathepsin W [Source:HGNC Symbol;Acc:HGNC:2546]	0.91613287	
FOSL2	FOS like 2, AP-1 transcription factor subunit [Source:HGNC Symbol;Acc:HGNC:3798]	0.9148788	
LRRC8D	leucine rich repeat containing 8 VRAC subunit D [Source:HGNC Symbol;Acc:HGNC:16992]	0.91238105	
ATP5PF	ATP synthase peripheral stalk subunit F6 [Source:HGNC Symbol;Acc:HGNC:847]	0.91162205	
EHD1	EH domain containing 1 [Source:HGNC Symbol;Acc:HGNC:3242]	0.91019905	
PLP2	proteolipid protein 2 [Source:HGNC Symbol;Acc:HGNC:9087]	0.9091571	
PLEK	pleckstrin [Source:HGNC Symbol;Acc:HGNC:9070]	0.9086826	
UQCRQ	ubiquinol-cytochrome c reductase complex III subunit VII [Source:HGNC Symbol;Acc:HGNC:29594]	0.9084802	
ARL5A	ADP ribosylation factor like GTPase 5A [Source:HGNC Symbol;Acc:HGNC:696]	0.90734845	
KIF23	kinesin family member 23 [Source:HGNC Symbol;Acc:HGNC:6392]	0.90709585	
NCAPD2	non-SMC condensin I complex subunit D2 [Source:HGNC Symbol;Acc:HGNC:24305]	0.90531546	
FNBP1	formin binding protein 1 [Source:HGNC Symbol;Acc:HGNC:17069]	0.9040021	
RAB43	RAB43, member RAS oncogene family [Source:HGNC Symbol;Acc:HGNC:19983]	0.9037456	
JPT1	Jupiter microtubule associated homolog 1 [Source:HGNC Symbol;Acc:HGNC:14569]	0.9036804	
CCNB1	cyclin B1 [Source:HGNC Symbol;Acc:HGNC:1579]	0.9036076	
UBL3	ubiquitin like 3 [Source:HGNC Symbol;Acc:HGNC:12504]	0.90118474	
MYO1E	myosin IE [Source:HGNC Symbol;Acc:HGNC:7599]	0.9010234	
UHRF1	ubiquitin like with PHD and ring finger domains 1 [Source:HGNC Symbol;Acc:HGNC:12556]	0.90037453	
BUB1B	BUB1 mitotic checkpoint serine/threonine kinase B [Source:HGNC Symbol;Acc:HGNC:1149]	0.899528	
ESCO2	establishment of sister chromatid cohesion N-acetyltransferase 2 [Source:HGNC Symbol;Acc:HGNC:27230]	0.8969549	
ITGB1	integrin subunit beta 1 [Source:HGNC Symbol;Acc:HGNC:6153]	0.89543027	
PKP3	plakophilin 3 [Source:HGNC Symbol;Acc:HGNC:9025]	0.8943917	
PGAM1	phosphoglycerate mutase 1 [Source:HGNC Symbol;Acc:HGNC:8888]	0.89320326	
CRLF2	cytokine receptor like factor 2 [Source:HGNC Symbol;Acc:HGNC:14281]	0.8927527	
RAMP1	receptor activity modifying protein 1 [Source:HGNC Symbol;Acc:HGNC:9843]	0.8908746	
CALM2	calmodulin 2 [Source:HGNC Symbol;Acc:HGNC:1445]	0.8872194	
HSP90B1	heat shock protein 90 beta family member 1 [Source:HGNC Symbol;Acc:HGNC:12028]	0.88556314	
LSM5	LSM5 homolog, U6 small nuclear RNA and mRNA degradation associated [Source:HGNC Symbol;Acc:HGNC:17162]	0.8849377	
MIR4435-2HG	MIR4435-2 host gene [Source:HGNC Symbol;Acc:HGNC:35163]	0.88492197	
BRIP1	BRCA1 interacting helicase 1 [Source:HGNC Symbol;Acc:HGNC:20473]	0.884237	
PPP1R16B	protein phosphatase 1 regulatory subunit 16B [Source:HGNC Symbol;Acc:HGNC:15850]	0.87977654	
NCAPG	non-SMC condensin I complex subunit G [Source:HGNC Symbol;Acc:HGNC:24304]	0.8778447	
SUMO2	small ubiquitin like modifier 2 [Source:HGNC Symbol;Acc:HGNC:11125]	0.87614757	
HNRNPD	heterogeneous nuclear ribonucleoprotein D [Source:HGNC Symbol;Acc:HGNC:5036]	0.87552816	
SPC25	SPC25 component of NDC80 kinetochore complex [Source:HGNC Symbol;Acc:HGNC:24031]	0.8742321	
PRELID2	PRELI domain containing 2 [Source:HGNC Symbol;Acc:HGNC:28306]	0.8739347	
RAD21	RAD21 cohesin complex component [Source:HGNC Symbol;Acc:HGNC:9811]	0.8733586	
H1-3	H1.3 linker histone, cluster member [Source:HGNC Symbol;Acc:HGNC:4717]	0.8726437	
H4C9	H4 clustered histone 9 [Source:HGNC Symbol;Acc:HGNC:4793]	0.87221223	
IER2	immediate early response 2 [Source:HGNC Symbol;Acc:HGNC:28871]	0.8715234	
LIN54	lin-54 DREAM MuvB core complex component [Source:HGNC Symbol;Acc:HGNC:25397]	0.8701663	
MYL6	myosin light chain 6 [Source:HGNC Symbol;Acc:HGNC:7587]	0.8667725	
CD80	CD80 molecule [Source:HGNC Symbol;Acc:HGNC:1700]	0.8662725	
CCDC34	coiled-coil domain containing 34 [Source:HGNC Symbol;Acc:HGNC:25079]	0.8654041	
IL10	interleukin 10 [Source:HGNC Symbol;Acc:HGNC:5962]	0.8644159	
FOS	Fos proto-oncogene, AP-1 transcription factor subunit [Source:HGNC Symbol;Acc:HGNC:3796]	0.8636495	
MCM5	minichromosome maintenance complex component 5 [Source:HGNC Symbol;Acc:HGNC:6948]	0.8614692	
CYCS	cytochrome c, somatic [Source:HGNC Symbol;Acc:HGNC:19986]	0.8604942	
DNMT1	DNA methyltransferase 1 [Source:HGNC Symbol;Acc:HGNC:2976]	0.8599672	
NR4A1	nuclear receptor subfamily 4 group A member 1 [Source:HGNC Symbol;Acc:HGNC:7980]	0.8574508	
FABP5	fatty acid binding protein 5 [Source:HGNC Symbol;Acc:HGNC:3560]	0.857425	
OSTF1	osteoclast stimulating factor 1 [Source:HGNC Symbol;Acc:HGNC:8510]	0.85721	
BAG1	BAG cochaperone 1 [Source:HGNC Symbol;Acc:HGNC:937]	0.8563199	
NDC80	NDC80 kinetochore complex component [Source:HGNC Symbol;Acc:HGNC:16909]	0.8558808	
TUBA1C	tubulin alpha 1c [Source:HGNC Symbol;Acc:HGNC:20768]	0.8542799	
CLIC4	chloride intracellular channel 4 [Source:HGNC Symbol;Acc:HGNC:13518]	0.8538918	
UBE2M	ubiquitin conjugating enzyme E2 M [Source:HGNC Symbol;Acc:HGNC:12491]	0.85253215	
HNRNPLL	heterogeneous nuclear ribonucleoprotein L like [Source:HGNC Symbol;Acc:HGNC:25127]	0.8476638	
ITPR1	inositol 1,4,5-trisphosphate receptor type 1 [Source:HGNC Symbol;Acc:HGNC:6180]	0.8452926	
TNFRSF18	TNF receptor superfamily member 18 [Source:HGNC Symbol;Acc:HGNC:11914]	0.84518003	
MCM7	minichromosome maintenance complex component 7 [Source:HGNC Symbol;Acc:HGNC:6950]	0.8440637	
NDUFB8	NADH:ubiquinone oxidoreductase subunit B8 [Source:HGNC Symbol;Acc:HGNC:7703]	0.84321654	
CISH	cytokine inducible SH2 containing protein [Source:HGNC Symbol;Acc:HGNC:1984]	0.84303546	
FAM20A	FAM20A golgi associated secretory pathway pseudokinase [Source:HGNC Symbol;Acc:HGNC:23015]	0.8414682	
CKAP2	cytoskeleton associated protein 2 [Source:HGNC Symbol;Acc:HGNC:1990]	0.8384827	
TBX21	T-box transcription factor 21 [Source:HGNC Symbol;Acc:HGNC:11599]	0.83814204	
AURKB	aurora kinase B [Source:HGNC Symbol;Acc:HGNC:11390]	0.8376491	
ATAD5	ATPase family AAA domain containing 5 [Source:HGNC Symbol;Acc:HGNC:25752]	0.8374144	
DNAJC9	DnaJ heat shock protein family (Hsp40) member C9 [Source:HGNC Symbol;Acc:HGNC:19123]	0.83609927	
BAZ1A	bromodomain adjacent to zinc finger domain 1A [Source:HGNC Symbol;Acc:HGNC:960]	0.8354199	
SIVA1	SIVA1 apoptosis inducing factor [Source:HGNC Symbol;Acc:HGNC:17712]	0.8346037	
PLK4	polo like kinase 4 [Source:HGNC Symbol;Acc:HGNC:11397]	0.8345089	
PCNA	proliferating cell nuclear antigen [Source:HGNC Symbol;Acc:HGNC:8729]	0.83348536	
CD82	CD82 molecule [Source:HGNC Symbol;Acc:HGNC:6210]	0.83193856	
ENO1	enolase 1 [Source:HGNC Symbol;Acc:HGNC:3350]	0.8306602	
EHD4	EH domain containing 4 [Source:HGNC Symbol;Acc:HGNC:3245]	0.8302166	
CAPNS1	calpain small subunit 1 [Source:HGNC Symbol;Acc:HGNC:1481]	0.8277635	
PGK1	phosphoglycerate kinase 1 [Source:HGNC Symbol;Acc:HGNC:8896]	0.8259593	
AEBP2	AE binding protein 2 [Source:HGNC Symbol;Acc:HGNC:24051]	0.82375824	
NDUFA2	NADH:ubiquinone oxidoreductase subunit A2 [Source:HGNC Symbol;Acc:HGNC:7685]	0.82365716	
KNSTRN	kinetochore localized astrin (SPAG5) binding protein [Source:HGNC Symbol;Acc:HGNC:30767]	0.82345486	
GPR68	G protein-coupled receptor 68 [Source:HGNC Symbol;Acc:HGNC:4519]	0.82250214	
LPXN	leupaxin [Source:HGNC Symbol;Acc:HGNC:14061]	0.82097423	
ADAM19	ADAM metallopeptidase domain 19 [Source:HGNC Symbol;Acc:HGNC:197]	0.81871665	
PHLPP1	PH domain and leucine rich repeat protein phosphatase 1 [Source:HGNC Symbol;Acc:HGNC:20610]	0.81838	
FXYD5	FXYD domain containing ion transport regulator 5 [Source:HGNC Symbol;Acc:HGNC:4029]	0.8173923	
CCL4	C-C motif chemokine ligand 4 [Source:HGNC Symbol;Acc:HGNC:10630]	0.8165542	
GALNT2	polypeptide N-acetylgalactosaminyltransferase 2 [Source:HGNC Symbol;Acc:HGNC:4124]	0.8156678	
ENDOD1	endonuclease domain containing 1 [Source:HGNC Symbol;Acc:HGNC:29129]	0.8151441	
CBLB	Cbl proto-oncogene B [Source:HGNC Symbol;Acc:HGNC:1542]	0.8141331	
MED14	mediator complex subunit 14 [Source:HGNC Symbol;Acc:HGNC:2370]	0.8140637	
CBX3	chromobox 3 [Source:HGNC Symbol;Acc:HGNC:1553]	0.8108751	
ATP5F1D	ATP synthase F1 subunit delta [Source:HGNC Symbol;Acc:HGNC:837]	0.81011623	
RRBP1	ribosome binding protein 1 [Source:HGNC Symbol;Acc:HGNC:10448]	0.8093926	
RGS16	regulator of G protein signaling 16 [Source:HGNC Symbol;Acc:HGNC:9997]	0.8084352	
REL	REL proto-oncogene, NF-kB subunit [Source:HGNC Symbol;Acc:HGNC:9954]	0.8064074	
MIS18BP1	MIS18 binding protein 1 [Source:HGNC Symbol;Acc:HGNC:20190]	0.80633104	
RPS2	ribosomal protein S2 [Source:HGNC Symbol;Acc:HGNC:10404]	0.8056658	
RPS27L	ribosomal protein S27 like [Source:HGNC Symbol;Acc:HGNC:18476]	0.8030195	
SRSF2	serine and arginine rich splicing factor 2 [Source:HGNC Symbol;Acc:HGNC:10783]	0.8028023	
ERN1	endoplasmic reticulum to nucleus signaling 1 [Source:HGNC Symbol;Acc:HGNC:3449]	0.80208004	
SRGAP3	SLIT-ROBO Rho GTPase activating protein 3 [Source:HGNC Symbol;Acc:HGNC:19744]	0.8019188	
SYTL3	synaptotagmin like 3 [Source:HGNC Symbol;Acc:HGNC:15587]	0.8003297	
CBX5	chromobox 5 [Source:HGNC Symbol;Acc:HGNC:1555]	0.7977816	
ANP32A	acidic nuclear phosphoprotein 32 family member A [Source:HGNC Symbol;Acc:HGNC:13233]	0.7971478	
SFR1	SWI5 dependent homologous recombination repair protein 1 [Source:HGNC Symbol;Acc:HGNC:29574]	0.79698527	
ID2	inhibitor of DNA binding 2 [Source:HGNC Symbol;Acc:HGNC:5361]	0.79646677	
UBALD2	UBA like domain containing 2 [Source:HGNC Symbol;Acc:HGNC:28438]	0.7956195	
CHSY1	chondroitin sulfate synthase 1 [Source:HGNC Symbol;Acc:HGNC:17198]	0.79560137	
ATP5MG	ATP synthase membrane subunit g [Source:HGNC Symbol;Acc:HGNC:14247]	0.79487556	
ARPC1B	actin related protein 2/3 complex subunit 1B [Source:HGNC Symbol;Acc:HGNC:704]	0.79318833	
LAMTOR4	late endosomal/lysosomal adaptor, MAPK and MTOR activator 4 [Source:HGNC Symbol;Acc:HGNC:33772]	0.79272217	
CFL1	cofilin 1 [Source:HGNC Symbol;Acc:HGNC:1874]	0.7925238	
NCAPH	non-SMC condensin I complex subunit H [Source:HGNC Symbol;Acc:HGNC:1112]	0.7916648	
DNAI4	dynein axonemal intermediate chain 4 [Source:HGNC Symbol;Acc:HGNC:26252]	0.79150105	
TEX2	testis expressed 2 [Source:HGNC Symbol;Acc:HGNC:30884]	0.79132235	
MRPL18	mitochondrial ribosomal protein L18 [Source:HGNC Symbol;Acc:HGNC:14477]	0.7909028	
CKAP2L	cytoskeleton associated protein 2 like [Source:HGNC Symbol;Acc:HGNC:26877]	0.78929687	
FBXO11	F-box protein 11 [Source:HGNC Symbol;Acc:HGNC:13590]	0.78814894	
SLC35D1	solute carrier family 35 member D1 [Source:HGNC Symbol;Acc:HGNC:20800]	0.7867484	
SEC61B	SEC61 translocon subunit beta [Source:HGNC Symbol;Acc:HGNC:16993]	0.7866863	
ADAMTS6	ADAM metallopeptidase with thrombospondin type 1 motif 6 [Source:HGNC Symbol;Acc:HGNC:222]	0.78657436	
DAP	death associated protein [Source:HGNC Symbol;Acc:HGNC:2672]	0.7850286	
SERPINA3	serpin family A member 3 [Source:HGNC Symbol;Acc:HGNC:16]	0.7848459	
DCTPP1	dCTP pyrophosphatase 1 [Source:HGNC Symbol;Acc:HGNC:28777]	0.7845338	
PRDM1	PR/SET domain 1 [Source:HGNC Symbol;Acc:HGNC:9346]	0.7814535	
RNF125	ring finger protein 125 [Source:HGNC Symbol;Acc:HGNC:21150]	0.78084785	
RAD51	RAD51 recombinase [Source:HGNC Symbol;Acc:HGNC:9817]	0.78082883	
TOX2	TOX high mobility group box family member 2 [Source:HGNC Symbol;Acc:HGNC:16095]	0.77996504	
HPF1	histone PARylation factor 1 [Source:HGNC Symbol;Acc:HGNC:26051]	0.77840745	
SMC1A	structural maintenance of chromosomes 1A [Source:HGNC Symbol;Acc:HGNC:11111]	0.7776439	
CDKN1A	cyclin dependent kinase inhibitor 1A [Source:HGNC Symbol;Acc:HGNC:1784]	0.7751405	
PRIM1	DNA primase subunit 1 [Source:HGNC Symbol;Acc:HGNC:9369]	0.77501756	
PSMD8	proteasome 26S subunit, non-ATPase 8 [Source:HGNC Symbol;Acc:HGNC:9566]	0.77496636	
COTL1	coactosin like F-actin binding protein 1 [Source:HGNC Symbol;Acc:HGNC:18304]	0.77494746	
VPS54	VPS54 subunit of GARP complex [Source:HGNC Symbol;Acc:HGNC:18652]	0.7726963	
SMDT1	single-pass membrane protein with aspartate rich tail 1 [Source:HGNC Symbol;Acc:HGNC:25055]	0.77230626	
TGIF1	TGFB induced factor homeobox 1 [Source:HGNC Symbol;Acc:HGNC:11776]	0.7717835	
BRCA1	BRCA1 DNA repair associated [Source:HGNC Symbol;Acc:HGNC:1100]	0.7702127	
CDC42	cell division cycle 42 [Source:HGNC Symbol;Acc:HGNC:1736]	0.7635419	
LSP1	lymphocyte specific protein 1 [Source:HGNC Symbol;Acc:HGNC:6707]	0.7613145	
ATF6	activating transcription factor 6 [Source:HGNC Symbol;Acc:HGNC:791]	0.7605341	
UQCR11	ubiquinol-cytochrome c reductase, complex III subunit XI [Source:HGNC Symbol;Acc:HGNC:30862]	0.75934756	
SEM1	SEM1 26S proteasome subunit [Source:HGNC Symbol;Acc:HGNC:10845]	0.75915945	
KRTCAP2	keratinocyte associated protein 2 [Source:HGNC Symbol;Acc:HGNC:28942]	0.758863	
CISD1	CDGSH iron sulfur domain 1 [Source:HGNC Symbol;Acc:HGNC:30880]	0.75848866	
ATP5MJ	ATP synthase membrane subunit j [Source:HGNC Symbol;Acc:HGNC:1188]	0.7545275	
ATP5MK	ATP synthase membrane subunit k [Source:HGNC Symbol;Acc:HGNC:30889]	0.75410104	
DUSP1	dual specificity phosphatase 1 [Source:HGNC Symbol;Acc:HGNC:3064]	0.75284237	
LSM6	LSM6 homolog, U6 small nuclear RNA and mRNA degradation associated [Source:HGNC Symbol;Acc:HGNC:17017]	0.75071615	
ARHGAP11A	Rho GTPase activating protein 11A [Source:HGNC Symbol;Acc:HGNC:15783]	0.749959	
CSRP1	cysteine and glycine rich protein 1 [Source:HGNC Symbol;Acc:HGNC:2469]	0.7498324	
EMP1	epithelial membrane protein 1 [Source:HGNC Symbol;Acc:HGNC:3333]	0.7476476	
APRT	adenine phosphoribosyltransferase [Source:HGNC Symbol;Acc:HGNC:626]	0.7470769	
ATOX1	antioxidant 1 copper chaperone [Source:HGNC Symbol;Acc:HGNC:798]	0.74564105	
PRDX2	peroxiredoxin 2 [Source:HGNC Symbol;Acc:HGNC:9353]	0.7446466	
DENND5A	DENN domain containing 5A [Source:HGNC Symbol;Acc:HGNC:19344]	0.74425894	
CALM1	calmodulin 1 [Source:HGNC Symbol;Acc:HGNC:1442]	0.74392635	
ECT2	epithelial cell transforming 2 [Source:HGNC Symbol;Acc:HGNC:3155]	0.74288696	
KMT5A	lysine methyltransferase 5A [Source:HGNC Symbol;Acc:HGNC:29489]	0.74196064	
POMP	proteasome maturation protein [Source:HGNC Symbol;Acc:HGNC:20330]	0.7409212	
BARD1	BRCA1 associated RING domain 1 [Source:HGNC Symbol;Acc:HGNC:952]	0.7393254	
CDKN3	cyclin dependent kinase inhibitor 3 [Source:HGNC Symbol;Acc:HGNC:1791]	0.7385763	
MANF	mesencephalic astrocyte derived neurotrophic factor [Source:HGNC Symbol;Acc:HGNC:15461]	0.73757803	
THY1	Thy-1 cell surface antigen [Source:HGNC Symbol;Acc:HGNC:11801]	0.7359911	
PFN1	profilin 1 [Source:HGNC Symbol;Acc:HGNC:8881]	0.73597383	
TRAF1	TNF receptor associated factor 1 [Source:HGNC Symbol;Acc:HGNC:12031]	0.7353091	
SPAG9	sperm associated antigen 9 [Source:HGNC Symbol;Acc:HGNC:14524]	0.7342222	
AP2S1	adaptor related protein complex 2 subunit sigma 1 [Source:HGNC Symbol;Acc:HGNC:565]	0.7341936	
PFKP	phosphofructokinase, platelet [Source:HGNC Symbol;Acc:HGNC:8878]	0.73380435	
CYTH4	cytohesin 4 [Source:HGNC Symbol;Acc:HGNC:9505]	0.7329805	
SLC4A7	solute carrier family 4 member 7 [Source:HGNC Symbol;Acc:HGNC:11033]	0.7316481	
RNH1	ribonuclease/angiogenin inhibitor 1 [Source:HGNC Symbol;Acc:HGNC:10074]	0.73147804	
ETFB	electron transfer flavoprotein subunit beta [Source:HGNC Symbol;Acc:HGNC:3482]	0.7311869	
H1-2	H1.2 linker histone, cluster member [Source:HGNC Symbol;Acc:HGNC:4716]	0.729394	
E2F3	E2F transcription factor 3 [Source:HGNC Symbol;Acc:HGNC:3115]	0.7287887	
TMEM14C	transmembrane protein 14C [Source:HGNC Symbol;Acc:HGNC:20952]	0.7287014	
MAPKAPK2	MAPK activated protein kinase 2 [Source:HGNC Symbol;Acc:HGNC:6887]	0.7266959	
TMA7	translation machinery associated 7 homolog [Source:HGNC Symbol;Acc:HGNC:26932]	0.72521853	
ECH1	enoyl-CoA hydratase 1 [Source:HGNC Symbol;Acc:HGNC:3149]	0.72490215	
CCR5	C-C motif chemokine receptor 5 [Source:HGNC Symbol;Acc:HGNC:1606]	0.72458804	
BCLAF3	BCLAF1 and THRAP3 family member 3 [Source:HGNC Symbol;Acc:HGNC:27413]	0.7237636	
H3C15	H3 clustered histone 15 [Source:HGNC Symbol;Acc:HGNC:20505]	0.72367805	
NCAPD3	non-SMC condensin II complex subunit D3 [Source:HGNC Symbol;Acc:HGNC:28952]	0.7236076	
SHCBP1	SHC binding and spindle associated 1 [Source:HGNC Symbol;Acc:HGNC:29547]	0.7213954	
RPSA	ribosomal protein SA [Source:HGNC Symbol;Acc:HGNC:6502]	0.7209891	
PRDX1	peroxiredoxin 1 [Source:HGNC Symbol;Acc:HGNC:9352]	0.7207465	
HDGF	heparin binding growth factor [Source:HGNC Symbol;Acc:HGNC:4856]	0.71919054	
RNF157	ring finger protein 157 [Source:HGNC Symbol;Acc:HGNC:29402]	0.7191479	
PTPN7	protein tyrosine phosphatase non-receptor type 7 [Source:HGNC Symbol;Acc:HGNC:9659]	0.7173309	
FTH1	ferritin heavy chain 1 [Source:HGNC Symbol;Acc:HGNC:3976]	0.7166964	
PRDX4	peroxiredoxin 4 [Source:HGNC Symbol;Acc:HGNC:17169]	0.7152805	
MAP2K3	mitogen-activated protein kinase kinase 3 [Source:HGNC Symbol;Acc:HGNC:6843]	0.7143032	
ARF5	ADP ribosylation factor 5 [Source:HGNC Symbol;Acc:HGNC:658]	0.71423167	
MYO10	myosin X [Source:HGNC Symbol;Acc:HGNC:7593]	0.71383923	
ISY1	ISY1 splicing factor homolog [Source:HGNC Symbol;Acc:HGNC:29201]	0.71332264	
NUCB1	nucleobindin 1 [Source:HGNC Symbol;Acc:HGNC:8043]	0.71246177	
HMGN5	high mobility group nucleosome binding domain 5 [Source:HGNC Symbol;Acc:HGNC:8013]	0.7097625	
PDE4B	phosphodiesterase 4B [Source:HGNC Symbol;Acc:HGNC:8781]	0.7077216	
NASP	nuclear autoantigenic sperm protein [Source:HGNC Symbol;Acc:HGNC:7644]	0.70766747	
TNFRSF13B	TNF receptor superfamily member 13B [Source:HGNC Symbol;Acc:HGNC:18153]	0.7064748	
IL1R1	interleukin 1 receptor type 1 [Source:HGNC Symbol;Acc:HGNC:5993]	0.7058834	
RAF1	Raf-1 proto-oncogene, serine/threonine kinase [Source:HGNC Symbol;Acc:HGNC:9829]	0.703118	
ATP5MC2	ATP synthase membrane subunit c locus 2 [Source:HGNC Symbol;Acc:HGNC:842]	0.7031026	
SMPDL3A	sphingomyelin phosphodiesterase acid like 3A [Source:HGNC Symbol;Acc:HGNC:17389]	0.7030509	
TOMM6	translocase of outer mitochondrial membrane 6 [Source:HGNC Symbol;Acc:HGNC:34528]	0.7009949	
SLC25A4	solute carrier family 25 member 4 [Source:HGNC Symbol;Acc:HGNC:10990]	0.6995836	
GLUD1	glutamate dehydrogenase 1 [Source:HGNC Symbol;Acc:HGNC:4335]	0.6995639	
FOXP3	forkhead box P3 [Source:HGNC Symbol;Acc:HGNC:6106]	0.6990127	
NDUFA13	NADH:ubiquinone oxidoreductase subunit A13 [Source:HGNC Symbol;Acc:HGNC:17194]	0.6982045	
PDAP1	PDGFA associated protein 1 [Source:HGNC Symbol;Acc:HGNC:14634]	0.69756454	
TSPO	translocator protein [Source:HGNC Symbol;Acc:HGNC:1158]	0.69727844	
ZBTB1	zinc finger and BTB domain containing 1 [Source:HGNC Symbol;Acc:HGNC:20259]	0.69637287	
SGO2	shugoshin 2 [Source:HGNC Symbol;Acc:HGNC:30812]	0.6950282	
BANF1	BAF nuclear assembly factor 1 [Source:HGNC Symbol;Acc:HGNC:17397]	0.69448376	
MALT1	MALT1 paracaspase [Source:HGNC Symbol;Acc:HGNC:6819]	0.694296	
MMS22L	MMS22 like, DNA repair protein [Source:HGNC Symbol;Acc:HGNC:21475]	0.6927704	
SUB1	SUB1 regulator of transcription [Source:HGNC Symbol;Acc:HGNC:19985]	0.6917879	
CMIP	c-Maf inducing protein [Source:HGNC Symbol;Acc:HGNC:24319]	0.69071674	
MCM4	minichromosome maintenance complex component 4 [Source:HGNC Symbol;Acc:HGNC:6947]	0.68991274	
ARHGDIA	Rho GDP dissociation inhibitor alpha [Source:HGNC Symbol;Acc:HGNC:678]	0.68985695	
HJURP	Holliday junction recognition protein [Source:HGNC Symbol;Acc:HGNC:25444]	0.68963504	
CDCA2	cell division cycle associated 2 [Source:HGNC Symbol;Acc:HGNC:14623]	0.688497	
NEBL	nebulette [Source:HGNC Symbol;Acc:HGNC:16932]	0.6863452	
HILPDA	hypoxia inducible lipid droplet associated [Source:HGNC Symbol;Acc:HGNC:28859]	0.6861625	
H2BC13	H2B clustered histone 13 [Source:HGNC Symbol;Acc:HGNC:4748]	0.68529135	
SLC3A2	solute carrier family 3 member 2 [Source:HGNC Symbol;Acc:HGNC:11026]	0.6851315	
PLSCR1	phospholipid scramblase 1 [Source:HGNC Symbol;Acc:HGNC:9092]	0.68262845	
RANGAP1	Ran GTPase activating protein 1 [Source:HGNC Symbol;Acc:HGNC:9854]	0.6801666	
ARHGDIB	Rho GDP dissociation inhibitor beta [Source:HGNC Symbol;Acc:HGNC:679]	0.6795712	
SLC25A3	solute carrier family 25 member 3 [Source:HGNC Symbol;Acc:HGNC:10989]	0.6791319	
VMP1	vacuole membrane protein 1 [Source:HGNC Symbol;Acc:HGNC:29559]	0.6790869	
SH2D2A	SH2 domain containing 2A [Source:HGNC Symbol;Acc:HGNC:10821]	0.67906564	
MAST4	microtubule associated serine/threonine kinase family member 4 [Source:HGNC Symbol;Acc:HGNC:19037]	0.6773163	
DEPDC1	DEP domain containing 1 [Source:HGNC Symbol;Acc:HGNC:22949]	0.67703164	
MRPL33	mitochondrial ribosomal protein L33 [Source:HGNC Symbol;Acc:HGNC:14487]	0.67586267	
RAD51AP1	RAD51 associated protein 1 [Source:HGNC Symbol;Acc:HGNC:16956]	0.67457104	
CENPM	centromere protein M [Source:HGNC Symbol;Acc:HGNC:18352]	0.67361057	
ERH	ERH mRNA splicing and mitosis factor [Source:HGNC Symbol;Acc:HGNC:3447]	0.6731955	
CORO2A	coronin 2A [Source:HGNC Symbol;Acc:HGNC:2255]	0.6712708	
ORC6	origin recognition complex subunit 6 [Source:HGNC Symbol;Acc:HGNC:17151]	0.6712092	
SRSF3	serine and arginine rich splicing factor 3 [Source:HGNC Symbol;Acc:HGNC:10785]	0.67065	
CXCR3	C-X-C motif chemokine receptor 3 [Source:HGNC Symbol;Acc:HGNC:4540]	0.669869	
CENPK	centromere protein K [Source:HGNC Symbol;Acc:HGNC:29479]	0.66921717	
TCEAL9	transcription elongation factor A like 9 [Source:HGNC Symbol;Acc:HGNC:30084]	0.6690375	
GM2A	ganglioside GM2 activator [Source:HGNC Symbol;Acc:HGNC:4367]	0.66788435	
ADARB1	adenosine deaminase RNA specific B1 [Source:HGNC Symbol;Acc:HGNC:226]	0.66741955	
ADAP1	ArfGAP with dual PH domains 1 [Source:HGNC Symbol;Acc:HGNC:16486]	0.6667428	
CHAF1A	chromatin assembly factor 1 subunit A [Source:HGNC Symbol;Acc:HGNC:1910]	0.66631186	
GFOD1	glucose-fructose oxidoreductase domain containing 1 [Source:HGNC Symbol;Acc:HGNC:21096]	0.666214	
KIF22	kinesin family member 22 [Source:HGNC Symbol;Acc:HGNC:6391]	0.6658392	
MPC1	mitochondrial pyruvate carrier 1 [Source:HGNC Symbol;Acc:HGNC:21606]	0.6647208	
CKB	creatine kinase B [Source:HGNC Symbol;Acc:HGNC:1991]	0.6624622	
HNRNPL	heterogeneous nuclear ribonucleoprotein L [Source:HGNC Symbol;Acc:HGNC:5045]	0.6619612	
APOBEC3B	apolipoprotein B mRNA editing enzyme catalytic subunit 3B [Source:HGNC Symbol;Acc:HGNC:17352]	0.661313	
CTNNA1	catenin alpha 1 [Source:HGNC Symbol;Acc:HGNC:2509]	0.6574726	
CSNK2B	casein kinase 2 beta [Source:HGNC Symbol;Acc:HGNC:2460]	0.6563989	
JAZF1	JAZF zinc finger 1 [Source:HGNC Symbol;Acc:HGNC:28917]	0.6562448	
UQCRB	ubiquinol-cytochrome c reductase binding protein [Source:HGNC Symbol;Acc:HGNC:12582]	0.6562427	
TMEM258	transmembrane protein 258 [Source:HGNC Symbol;Acc:HGNC:1164]	0.6557135	
SDF2L1	stromal cell derived factor 2 like 1 [Source:HGNC Symbol;Acc:HGNC:10676]	0.6556807	
ARPP19	cAMP regulated phosphoprotein 19 [Source:HGNC Symbol;Acc:HGNC:16967]	0.6551426	
YWHAE	tyrosine 3-monooxygenase/tryptophan 5-monooxygenase activation protein epsilon [Source:HGNC Symbol;Acc:HGNC:12851]	0.65457433	
PMF1	polyamine modulated factor 1 [Source:HGNC Symbol;Acc:HGNC:9112]	0.65455645	
EXOSC8	exosome component 8 [Source:HGNC Symbol;Acc:HGNC:17035]	0.6540617	
NUP98	nucleoporin 98 and 96 precursor [Source:HGNC Symbol;Acc:HGNC:8068]	0.6529568	
SET	SET nuclear proto-oncogene [Source:HGNC Symbol;Acc:HGNC:10760]	0.65240616	
NDUFA11	NADH:ubiquinone oxidoreductase subunit A11 [Source:HGNC Symbol;Acc:HGNC:20371]	0.65209305	
CEP128	centrosomal protein 128 [Source:HGNC Symbol;Acc:HGNC:20359]	0.6516979	
CENPH	centromere protein H [Source:HGNC Symbol;Acc:HGNC:17268]	0.650157	
SLC29A1	solute carrier family 29 member 1 (Augustine blood group) [Source:HGNC Symbol;Acc:HGNC:11003]	0.6498132	
SNRPD2	small nuclear ribonucleoprotein D2 polypeptide [Source:HGNC Symbol;Acc:HGNC:11159]	0.64876205	
NDUFS5	NADH:ubiquinone oxidoreductase subunit S5 [Source:HGNC Symbol;Acc:HGNC:7712]	0.64787954	
CST7	cystatin F [Source:HGNC Symbol;Acc:HGNC:2479]	0.64694136	
H2BC3	H2B clustered histone 3 [Source:HGNC Symbol;Acc:HGNC:4751]	0.64682645	
SSNA1	SS nuclear autoantigen 1 [Source:HGNC Symbol;Acc:HGNC:11321]	0.6465415	
USP1	ubiquitin specific peptidase 1 [Source:HGNC Symbol;Acc:HGNC:12607]	0.64498496	
RALY	RALY heterogeneous nuclear ribonucleoprotein [Source:HGNC Symbol;Acc:HGNC:15921]	0.6448447	
VDAC2	voltage dependent anion channel 2 [Source:HGNC Symbol;Acc:HGNC:12672]	0.6446627	
PLOD2	procollagen-lysine,2-oxoglutarate 5-dioxygenase 2 [Source:HGNC Symbol;Acc:HGNC:9082]	0.6442446	
SNX2	sorting nexin 2 [Source:HGNC Symbol;Acc:HGNC:11173]	0.64356416	
C19orf53	chromosome 19 open reading frame 53 [Source:HGNC Symbol;Acc:HGNC:24991]	0.6433364	
ELK3	ETS transcription factor ELK3 [Source:HGNC Symbol;Acc:HGNC:3325]	0.64326465	
ITGA4	integrin subunit alpha 4 [Source:HGNC Symbol;Acc:HGNC:6140]	0.63988143	
BSG	basigin (Ok blood group) [Source:HGNC Symbol;Acc:HGNC:1116]	0.63808674	
TOPBP1	DNA topoisomerase II binding protein 1 [Source:HGNC Symbol;Acc:HGNC:17008]	0.6369876	
ACOT7	acyl-CoA thioesterase 7 [Source:HGNC Symbol;Acc:HGNC:24157]	0.6368033	
SERF2	small EDRK-rich factor 2 [Source:HGNC Symbol;Acc:HGNC:10757]	0.6366083	
TRGC1	T cell receptor gamma constant 1 [Source:HGNC Symbol;Acc:HGNC:12275]	0.63551444	
SNRPB	small nuclear ribonucleoprotein polypeptides B and B1 [Source:HGNC Symbol;Acc:HGNC:11153]	0.6345011	
MAD2L1	mitotic arrest deficient 2 like 1 [Source:HGNC Symbol;Acc:HGNC:6763]	0.63444656	
BUB3	BUB3 mitotic checkpoint protein [Source:HGNC Symbol;Acc:HGNC:1151]	0.6328314	
KLHDC2	kelch domain containing 2 [Source:HGNC Symbol;Acc:HGNC:20231]	0.6319907	
DYNLT5	dynein light chain Tctex-type family member 5 [Source:HGNC Symbol;Acc:HGNC:26882]	0.6315317	
NDUFC1	NADH:ubiquinone oxidoreductase subunit C1 [Source:HGNC Symbol;Acc:HGNC:7705]	0.6307195	
ANLN	anillin, actin binding protein [Source:HGNC Symbol;Acc:HGNC:14082]	0.63057536	
H2BC5	H2B clustered histone 5 [Source:HGNC Symbol;Acc:HGNC:4747]	0.6304465	
ZGRF1	zinc finger GRF-type containing 1 [Source:HGNC Symbol;Acc:HGNC:25654]	0.6303119	
PBK	PDZ binding kinase [Source:HGNC Symbol;Acc:HGNC:18282]	0.62860584	
CENPX	centromere protein X [Source:HGNC Symbol;Acc:HGNC:11422]	0.6281365	
ATP2B1	ATPase plasma membrane Ca2+ transporting 1 [Source:HGNC Symbol;Acc:HGNC:814]	0.62721443	
GSTP1	glutathione S-transferase pi 1 [Source:HGNC Symbol;Acc:HGNC:4638]	0.62684923	
NRP1	neuropilin 1 [Source:HGNC Symbol;Acc:HGNC:8004]	0.62671536	
GNA15	G protein subunit alpha 15 [Source:HGNC Symbol;Acc:HGNC:4383]	0.62631214	
WNK1	WNK lysine deficient protein kinase 1 [Source:HGNC Symbol;Acc:HGNC:14540]	0.6261979	
BUB1	BUB1 mitotic checkpoint serine/threonine kinase [Source:HGNC Symbol;Acc:HGNC:1148]	0.626035	
TXNL1	thioredoxin like 1 [Source:HGNC Symbol;Acc:HGNC:12436]	0.6246774	
TTC39B	tetratricopeptide repeat domain 39B [Source:HGNC Symbol;Acc:HGNC:23704]	0.62430453	
ACSBG1	acyl-CoA synthetase bubblegum family member 1 [Source:HGNC Symbol;Acc:HGNC:29567]	0.6226672	
IRF4	interferon regulatory factor 4 [Source:HGNC Symbol;Acc:HGNC:6119]	0.6216102	
LBR	lamin B receptor [Source:HGNC Symbol;Acc:HGNC:6518]	0.6215665	
HCLS1	hematopoietic cell-specific Lyn substrate 1 [Source:HGNC Symbol;Acc:HGNC:4844]	0.62116605	
RPA2	replication protein A2 [Source:HGNC Symbol;Acc:HGNC:10290]	0.6208971	
MYO1G	myosin IG [Source:HGNC Symbol;Acc:HGNC:13880]	0.6208946	
NDUFV3	NADH:ubiquinone oxidoreductase subunit V3 [Source:HGNC Symbol;Acc:HGNC:7719]	0.62082505	
SERPINB1	serpin family B member 1 [Source:HGNC Symbol;Acc:HGNC:3311]	0.6206174	
GLIPR1	GLI pathogenesis related 1 [Source:HGNC Symbol;Acc:HGNC:17001]	0.62026685	
HK2	hexokinase 2 [Source:HGNC Symbol;Acc:HGNC:4923]	0.6201852	
RNASEH2C	ribonuclease H2 subunit C [Source:HGNC Symbol;Acc:HGNC:24116]	0.61994743	
SUPT16H	SPT16 homolog, facilitates chromatin remodeling subunit [Source:HGNC Symbol;Acc:HGNC:11465]	0.61932015	
DYNLL2	dynein light chain LC8-type 2 [Source:HGNC Symbol;Acc:HGNC:24596]	0.61910737	
NDUFC2	NADH:ubiquinone oxidoreductase subunit C2 [Source:HGNC Symbol;Acc:HGNC:7706]	0.6185325	
PPIB	peptidylprolyl isomerase B [Source:HGNC Symbol;Acc:HGNC:9255]	0.6176928	
CHMP2A	charged multivesicular body protein 2A [Source:HGNC Symbol;Acc:HGNC:30216]	0.6165918	
SLC25A5	solute carrier family 25 member 5 [Source:HGNC Symbol;Acc:HGNC:10991]	0.6156564	
PSMD13	proteasome 26S subunit, non-ATPase 13 [Source:HGNC Symbol;Acc:HGNC:9558]	0.6148933	
STAT3	signal transducer and activator of transcription 3 [Source:HGNC Symbol;Acc:HGNC:11364]	0.6131098	
SLC16A6	solute carrier family 16 member 6 [Source:HGNC Symbol;Acc:HGNC:10927]	0.61233693	
NDE1	nudE neurodevelopment protein 1 [Source:HGNC Symbol;Acc:HGNC:17619]	0.61208266	
LCLAT1	lysocardiolipin acyltransferase 1 [Source:HGNC Symbol;Acc:HGNC:26756]	0.61201787	
LSM4	LSM4 homolog, U6 small nuclear RNA and mRNA degradation associated [Source:HGNC Symbol;Acc:HGNC:17259]	0.6113336	
HSPA4L	heat shock protein family A (Hsp70) member 4 like [Source:HGNC Symbol;Acc:HGNC:17041]	0.6106691	
SLC7A1	solute carrier family 7 member 1 [Source:HGNC Symbol;Acc:HGNC:11057]	0.61062634	
NDUFA1	NADH:ubiquinone oxidoreductase subunit A1 [Source:HGNC Symbol;Acc:HGNC:7683]	0.6096789	
RFWD3	ring finger and WD repeat domain 3 [Source:HGNC Symbol;Acc:HGNC:25539]	0.6093757	
FUNDC2	FUN14 domain containing 2 [Source:HGNC Symbol;Acc:HGNC:24925]	0.60850996	
MTCH1	mitochondrial carrier 1 [Source:HGNC Symbol;Acc:HGNC:17586]	0.6084884	
ALDOA	aldolase, fructose-bisphosphate A [Source:HGNC Symbol;Acc:HGNC:414]	0.60820204	
RFC4	replication factor C subunit 4 [Source:HGNC Symbol;Acc:HGNC:9972]	0.6078789	
SPTY2D1	SPT2 chromatin protein domain containing 1 [Source:HGNC Symbol;Acc:HGNC:26818]	0.60786337	
NEURL3	neuralized E3 ubiquitin protein ligase 3 [Source:HGNC Symbol;Acc:HGNC:25162]	0.6076765	
COBLL1	cordon-bleu WH2 repeat protein like 1 [Source:HGNC Symbol;Acc:HGNC:23571]	0.6071028	
MIF4GD	MIF4G domain containing [Source:HGNC Symbol;Acc:HGNC:24030]	0.6049965	
SMS	spermine synthase [Source:HGNC Symbol;Acc:HGNC:11123]	0.6049208	
MAST2	microtubule associated serine/threonine kinase 2 [Source:HGNC Symbol;Acc:HGNC:19035]	0.60416114	
CYFIP1	cytoplasmic FMR1 interacting protein 1 [Source:HGNC Symbol;Acc:HGNC:13759]	0.60386264	
ELOF1	elongation factor 1 [Source:HGNC Symbol;Acc:HGNC:28691]	0.6036533	
ZMIZ1	zinc finger MIZ-type containing 1 [Source:HGNC Symbol;Acc:HGNC:16493]	0.60326004	
TBCB	tubulin folding cofactor B [Source:HGNC Symbol;Acc:HGNC:1989]	0.60298246	
YWHAQ	tyrosine 3-monooxygenase/tryptophan 5-monooxygenase activation protein theta [Source:HGNC Symbol;Acc:HGNC:12854]	0.6027752	
ZEB2	zinc finger E-box binding homeobox 2 [Source:HGNC Symbol;Acc:HGNC:14881]	0.6013305	
SPN	sialophorin [Source:HGNC Symbol;Acc:HGNC:11249]	0.60119295	
PSMC3	proteasome 26S subunit, ATPase 3 [Source:HGNC Symbol;Acc:HGNC:9549]	0.6007792	
PSMA4	proteasome 20S subunit alpha 4 [Source:HGNC Symbol;Acc:HGNC:9533]	0.59853035	
SGO1	shugoshin 1 [Source:HGNC Symbol;Acc:HGNC:25088]	0.5981723	
VDAC1	voltage dependent anion channel 1 [Source:HGNC Symbol;Acc:HGNC:12669]	0.5968968	
NUDT4	nudix hydrolase 4 [Source:HGNC Symbol;Acc:HGNC:8051]	0.596867	
AHR	aryl hydrocarbon receptor [Source:HGNC Symbol;Acc:HGNC:348]	0.5967351	
CIRBP	cold inducible RNA binding protein [Source:HGNC Symbol;Acc:HGNC:1982]	0.59671503	
NCAPH2	non-SMC condensin II complex subunit H2 [Source:HGNC Symbol;Acc:HGNC:25071]	0.5963994	
GPX1	glutathione peroxidase 1 [Source:HGNC Symbol;Acc:HGNC:4553]	0.59590113	
SSRP1	structure specific recognition protein 1 [Source:HGNC Symbol;Acc:HGNC:11327]	0.59564394	
WDR76	WD repeat domain 76 [Source:HGNC Symbol;Acc:HGNC:25773]	0.5955695	
TOMM7	translocase of outer mitochondrial membrane 7 [Source:HGNC Symbol;Acc:HGNC:21648]	0.59547037	
STIL	STIL centriolar assembly protein [Source:HGNC Symbol;Acc:HGNC:10879]	0.5942034	
PLK1	polo like kinase 1 [Source:HGNC Symbol;Acc:HGNC:9077]	0.5940714	
RBBP7	RB binding protein 7, chromatin remodeling factor [Source:HGNC Symbol;Acc:HGNC:9890]	0.5939852	
DBF4	DBF4 zinc finger [Source:HGNC Symbol;Acc:HGNC:17364]	0.5928759	
KIF18A	kinesin family member 18A [Source:HGNC Symbol;Acc:HGNC:29441]	0.5916078	
DDX39A	DExD-box helicase 39A [Source:HGNC Symbol;Acc:HGNC:17821]	0.59094447	
POLE	DNA polymerase epsilon, catalytic subunit [Source:HGNC Symbol;Acc:HGNC:9177]	0.5898264	
TMEM160	transmembrane protein 160 [Source:HGNC Symbol;Acc:HGNC:26042]	0.5892989	
PICALM	phosphatidylinositol binding clathrin assembly protein [Source:HGNC Symbol;Acc:HGNC:15514]	0.58924043	
ELOC	elongin C [Source:HGNC Symbol;Acc:HGNC:11617]	0.5882306	
SMIM3	small integral membrane protein 3 [Source:HGNC Symbol;Acc:HGNC:30248]	0.5872487	
CTSD	cathepsin D [Source:HGNC Symbol;Acc:HGNC:2529]	0.58649826	
E2F8	E2F transcription factor 8 [Source:HGNC Symbol;Acc:HGNC:24727]	0.5863137	
NUF2	NUF2 component of NDC80 kinetochore complex [Source:HGNC Symbol;Acc:HGNC:14621]	0.58548814	
GLIPR2	GLI pathogenesis related 2 [Source:HGNC Symbol;Acc:HGNC:18007]	0.58493775	
GOT1	glutamic-oxaloacetic transaminase 1 [Source:HGNC Symbol;Acc:HGNC:4432]	0.5849034	
PSMB3	proteasome 20S subunit beta 3 [Source:HGNC Symbol;Acc:HGNC:9540]	0.58472973	
CASP8AP2	caspase 8 associated protein 2 [Source:HGNC Symbol;Acc:HGNC:1510]	0.58461297	
SIRT2	sirtuin 2 [Source:HGNC Symbol;Acc:HGNC:10886]	0.58453375	
ANGPTL2	angiopoietin like 2 [Source:HGNC Symbol;Acc:HGNC:490]	0.58302194	
PTPRCAP	protein tyrosine phosphatase receptor type C associated protein [Source:HGNC Symbol;Acc:HGNC:9667]	0.58245605	
TXNDC17	thioredoxin domain containing 17 [Source:HGNC Symbol;Acc:HGNC:28218]	0.58213645	
RAB11FIP1	RAB11 family interacting protein 1 [Source:HGNC Symbol;Acc:HGNC:30265]	0.58154595	
BCL7C	BAF chromatin remodeling complex subunit BCL7C [Source:HGNC Symbol;Acc:HGNC:1006]	0.58153147	
MRPL57	mitochondrial ribosomal protein L57 [Source:HGNC Symbol;Acc:HGNC:14514]	0.5814455	
ORAI1	ORAI calcium release-activated calcium modulator 1 [Source:HGNC Symbol;Acc:HGNC:25896]	0.58118576	
PRICKLE1	prickle planar cell polarity protein 1 [Source:HGNC Symbol;Acc:HGNC:17019]	0.580508	
HNRNPA1L2	heterogeneous nuclear ribonucleoprotein A1 like 2 [Source:HGNC Symbol;Acc:HGNC:27067]	0.58030003	
PMAIP1	phorbol-12-myristate-13-acetate-induced protein 1 [Source:HGNC Symbol;Acc:HGNC:9108]	0.5802113	
HLA-B	major histocompatibility complex, class I, B [Source:HGNC Symbol;Acc:HGNC:4932]	0.5793181	
MRPL20	mitochondrial ribosomal protein L20 [Source:HGNC Symbol;Acc:HGNC:14478]	0.5779373	
ACTN4	actinin alpha 4 [Source:HGNC Symbol;Acc:HGNC:166]	0.577937	
TEC	tec protein tyrosine kinase [Source:HGNC Symbol;Acc:HGNC:11719]	0.57745546	
GTF2H5	general transcription factor IIH subunit 5 [Source:HGNC Symbol;Acc:HGNC:21157]	0.5774038	
VDAC3	voltage dependent anion channel 3 [Source:HGNC Symbol;Acc:HGNC:12674]	0.5766482	
SPDL1	spindle apparatus coiled-coil protein 1 [Source:HGNC Symbol;Acc:HGNC:26010]	0.5765728	
TJP2	tight junction protein 2 [Source:HGNC Symbol;Acc:HGNC:11828]	0.5759852	
SUSD3	sushi domain containing 3 [Source:HGNC Symbol;Acc:HGNC:28391]	0.57353675	
NEDD8	NEDD8 ubiquitin like modifier [Source:HGNC Symbol;Acc:HGNC:7732]	0.57281303	
PFDN1	prefoldin subunit 1 [Source:HGNC Symbol;Acc:HGNC:8866]	0.57235646	
CNTLN	centlein [Source:HGNC Symbol;Acc:HGNC:23432]	0.5711763	
CENPC	centromere protein C [Source:HGNC Symbol;Acc:HGNC:1854]	0.57057536	
LARP1B	La ribonucleoprotein 1B [Source:HGNC Symbol;Acc:HGNC:24704]	0.5690276	
KLRD1	killer cell lectin like receptor D1 [Source:HGNC Symbol;Acc:HGNC:6378]	0.5689718	
RELB	RELB proto-oncogene, NF-kB subunit [Source:HGNC Symbol;Acc:HGNC:9956]	0.56754833	
LRBA	LPS responsive beige-like anchor protein [Source:HGNC Symbol;Acc:HGNC:1742]	0.56731546	
H2BC7	H2B clustered histone 7 [Source:HGNC Symbol;Acc:HGNC:4752]	0.5655863	
RNF216	ring finger protein 216 [Source:HGNC Symbol;Acc:HGNC:21698]	0.5650083	
NMRK1	nicotinamide riboside kinase 1 [Source:HGNC Symbol;Acc:HGNC:26057]	0.5640362	
FEN1	flap structure-specific endonuclease 1 [Source:HGNC Symbol;Acc:HGNC:3650]	0.5639484	
TMEM167A	transmembrane protein 167A [Source:HGNC Symbol;Acc:HGNC:28330]	0.5634935	
ATP5MC3	ATP synthase membrane subunit c locus 3 [Source:HGNC Symbol;Acc:HGNC:843]	0.5623364	
NDUFB9	NADH:ubiquinone oxidoreductase subunit B9 [Source:HGNC Symbol;Acc:HGNC:7704]	0.5622664	
AKT1	AKT serine/threonine kinase 1 [Source:HGNC Symbol;Acc:HGNC:391]	0.5618584	
RFC3	replication factor C subunit 3 [Source:HGNC Symbol;Acc:HGNC:9971]	0.5612185	
UBL4A	ubiquitin like 4A [Source:HGNC Symbol;Acc:HGNC:12505]	0.560614	
LRRFIP2	LRR binding FLII interacting protein 2 [Source:HGNC Symbol;Acc:HGNC:6703]	0.56038344	
MRPL52	mitochondrial ribosomal protein L52 [Source:HGNC Symbol;Acc:HGNC:16655]	0.56031895	
NUBP1	NUBP iron-sulfur cluster assembly factor 1, cytosolic [Source:HGNC Symbol;Acc:HGNC:8041]	0.5602917	
RAC2	Rac family small GTPase 2 [Source:HGNC Symbol;Acc:HGNC:9802]	0.5592266	
SNRPF	small nuclear ribonucleoprotein polypeptide F [Source:HGNC Symbol;Acc:HGNC:11162]	0.5584346	
UBE2L3	ubiquitin conjugating enzyme E2 L3 [Source:HGNC Symbol;Acc:HGNC:12488]	0.5583921	
SWI5	SWI5 homologous recombination repair protein [Source:HGNC Symbol;Acc:HGNC:31412]	0.5583634	
NDUFB11	NADH:ubiquinone oxidoreductase subunit B11 [Source:HGNC Symbol;Acc:HGNC:20372]	0.5575115	
P4HB	prolyl 4-hydroxylase subunit beta [Source:HGNC Symbol;Acc:HGNC:8548]	0.5561088	
AZIN1	antizyme inhibitor 1 [Source:HGNC Symbol;Acc:HGNC:16432]	0.5553863	
SDCBP2	syndecan binding protein 2 [Source:HGNC Symbol;Acc:HGNC:15756]	0.5547079	
SMARCA5	SWI/SNF related, matrix associated, actin dependent regulator of chromatin, subfamily a, member 5 [Source:HGNC Symbol;Acc:HGNC:11101]	0.5530322	
PPIL1	peptidylprolyl isomerase like 1 [Source:HGNC Symbol;Acc:HGNC:9260]	0.55293334	
PSMA1	proteasome 20S subunit alpha 1 [Source:HGNC Symbol;Acc:HGNC:9530]	0.5506471	
MICOS10	mitochondrial contact site and cristae organizing system subunit 10 [Source:HGNC Symbol;Acc:HGNC:32068]	0.5503152	
E2F7	E2F transcription factor 7 [Source:HGNC Symbol;Acc:HGNC:23820]	0.5500764	
SSR2	signal sequence receptor subunit 2 [Source:HGNC Symbol;Acc:HGNC:11324]	0.54989195	
H2BC18	H2B clustered histone 18 [Source:HGNC Symbol;Acc:HGNC:24700]	0.54741603	
PGLS	6-phosphogluconolactonase [Source:HGNC Symbol;Acc:HGNC:8903]	0.54738307	
CARD19	caspase recruitment domain family member 19 [Source:HGNC Symbol;Acc:HGNC:28148]	0.5468242	
VPS29	VPS29 retromer complex component [Source:HGNC Symbol;Acc:HGNC:14340]	0.5467922	
KCNQ5	potassium voltage-gated channel subfamily Q member 5 [Source:HGNC Symbol;Acc:HGNC:6299]	0.54669636	
H1-1	H1.1 linker histone, cluster member [Source:HGNC Symbol;Acc:HGNC:4715]	0.5444929	
VAX2	ventral anterior homeobox 2 [Source:HGNC Symbol;Acc:HGNC:12661]	0.54400355	
CCDC50	coiled-coil domain containing 50 [Source:HGNC Symbol;Acc:HGNC:18111]	0.5438283	
KRT83	keratin 83 [Source:HGNC Symbol;Acc:HGNC:6460]	0.54239607	
NFIL3	nuclear factor, interleukin 3 regulated [Source:HGNC Symbol;Acc:HGNC:7787]	0.54207504	
EIF4H	eukaryotic translation initiation factor 4H [Source:HGNC Symbol;Acc:HGNC:12741]	0.5413547	
HIP1R	huntingtin interacting protein 1 related [Source:HGNC Symbol;Acc:HGNC:18415]	0.5410613	
TNF	tumor necrosis factor [Source:HGNC Symbol;Acc:HGNC:11892]	0.54101855	
H3-3A	H3.3 histone A [Source:HGNC Symbol;Acc:HGNC:4764]	0.54050195	
MRPS6	mitochondrial ribosomal protein S6 [Source:HGNC Symbol;Acc:HGNC:14051]	0.54036844	
ICAM1	intercellular adhesion molecule 1 [Source:HGNC Symbol;Acc:HGNC:5344]	0.53877723	
COX20	cytochrome c oxidase assembly factor COX20 [Source:HGNC Symbol;Acc:HGNC:26970]	0.537929	
RELL1	RELT like 1 [Source:HGNC Symbol;Acc:HGNC:27379]	0.5368785	
ARPC5	actin related protein 2/3 complex subunit 5 [Source:HGNC Symbol;Acc:HGNC:708]	0.53677154	
ABRACL	ABRA C-terminal like [Source:HGNC Symbol;Acc:HGNC:21230]	0.53636694	
DHFR	dihydrofolate reductase [Source:HGNC Symbol;Acc:HGNC:2861]	0.53628445	
CAPZA2	capping actin protein of muscle Z-line subunit alpha 2 [Source:HGNC Symbol;Acc:HGNC:1490]	0.5359212	
EIF3C	eukaryotic translation initiation factor 3 subunit C [Source:HGNC Symbol;Acc:HGNC:3279]	0.53586483	
RTRAF	RNA transcription, translation and transport factor [Source:HGNC Symbol;Acc:HGNC:23169]	0.5353399	
MT1X	metallothionein 1X [Source:HGNC Symbol;Acc:HGNC:7405]	0.5350639	
PTPN1	protein tyrosine phosphatase non-receptor type 1 [Source:HGNC Symbol;Acc:HGNC:9642]	0.5350496	
COX7B	cytochrome c oxidase subunit 7B [Source:HGNC Symbol;Acc:HGNC:2291]	0.5348422	
MAPRE2	microtubule associated protein RP/EB family member 2 [Source:HGNC Symbol;Acc:HGNC:6891]	0.53460777	
THAP12	THAP domain containing 12 [Source:HGNC Symbol;Acc:HGNC:9440]	0.5344792	
COX4I1	cytochrome c oxidase subunit 4I1 [Source:HGNC Symbol;Acc:HGNC:2265]	0.53381807	
SF3B5	splicing factor 3b subunit 5 [Source:HGNC Symbol;Acc:HGNC:21083]	0.5336831	
RNPS1	RNA binding protein with serine rich domain 1 [Source:HGNC Symbol;Acc:HGNC:10080]	0.5317664	
SRRM1	serine and arginine repetitive matrix 1 [Source:HGNC Symbol;Acc:HGNC:16638]	0.53075516	
GRK2	G protein-coupled receptor kinase 2 [Source:HGNC Symbol;Acc:HGNC:289]	0.52963364	
PARPBP	PARP1 binding protein [Source:HGNC Symbol;Acc:HGNC:26074]	0.5294088	
PLAAT3	phospholipase A and acyltransferase 3 [Source:HGNC Symbol;Acc:HGNC:17825]	0.5287368	
AURKA	aurora kinase A [Source:HGNC Symbol;Acc:HGNC:11393]	0.528539	
PHGDH	phosphoglycerate dehydrogenase [Source:HGNC Symbol;Acc:HGNC:8923]	0.5278809	
EIF1	eukaryotic translation initiation factor 1 [Source:HGNC Symbol;Acc:HGNC:3249]	0.5273241	
EDF1	endothelial differentiation related factor 1 [Source:HGNC Symbol;Acc:HGNC:3164]	0.5266292	
SKA1	spindle and kinetochore associated complex subunit 1 [Source:HGNC Symbol;Acc:HGNC:28109]	0.5246006	
HRAS	HRas proto-oncogene, GTPase [Source:HGNC Symbol;Acc:HGNC:5173]	0.52447754	
NDUFB6	NADH:ubiquinone oxidoreductase subunit B6 [Source:HGNC Symbol;Acc:HGNC:7701]	0.52397805	
MRPL51	mitochondrial ribosomal protein L51 [Source:HGNC Symbol;Acc:HGNC:14044]	0.5234822	
PSMB5	proteasome 20S subunit beta 5 [Source:HGNC Symbol;Acc:HGNC:9542]	0.5234005	
CDC14A	cell division cycle 14A [Source:HGNC Symbol;Acc:HGNC:1718]	0.5233645	
CMC2	C-X9-C motif containing 2 [Source:HGNC Symbol;Acc:HGNC:24447]	0.52328336	
PDE4D	phosphodiesterase 4D [Source:HGNC Symbol;Acc:HGNC:8783]	0.5232072	
PLEKHO1	pleckstrin homology domain containing O1 [Source:HGNC Symbol;Acc:HGNC:24310]	0.5225734	
IL18RAP	interleukin 18 receptor accessory protein [Source:HGNC Symbol;Acc:HGNC:5989]	0.5215127	
CD47	CD47 molecule [Source:HGNC Symbol;Acc:HGNC:1682]	0.520839	
CHCHD2	coiled-coil-helix-coiled-coil-helix domain containing 2 [Source:HGNC Symbol;Acc:HGNC:21645]	0.52068025	
ADAM9	ADAM metallopeptidase domain 9 [Source:HGNC Symbol;Acc:HGNC:216]	0.52063185	
ABLIM3	actin binding LIM protein family member 3 [Source:HGNC Symbol;Acc:HGNC:29132]	0.52033603	
RIC1	RIC1 homolog, RAB6A GEF complex partner 1 [Source:HGNC Symbol;Acc:HGNC:17686]	0.51979315	
PBX3	PBX homeobox 3 [Source:HGNC Symbol;Acc:HGNC:8634]	0.5194824	
IDH3A	isocitrate dehydrogenase (NAD(+)) 3 catalytic subunit alpha [Source:HGNC Symbol;Acc:HGNC:5384]	0.51945996	
RAP1A	RAP1A, member of RAS oncogene family [Source:HGNC Symbol;Acc:HGNC:9855]	0.51902616	
H2AC8	H2A clustered histone 8 [Source:HGNC Symbol;Acc:HGNC:4724]	0.5189891	
MRPL54	mitochondrial ribosomal protein L54 [Source:HGNC Symbol;Acc:HGNC:16685]	0.5180842	
H2AC19	H2A clustered histone 19 [Source:HGNC Symbol;Acc:HGNC:29668]	0.5178204	
CALR	calreticulin [Source:HGNC Symbol;Acc:HGNC:1455]	0.51769507	
UBE2A	ubiquitin conjugating enzyme E2 A [Source:HGNC Symbol;Acc:HGNC:12472]	0.5175261	
AURKAIP1	aurora kinase A interacting protein 1 [Source:HGNC Symbol;Acc:HGNC:24114]	0.5171215	
CRYBG3	crystallin beta-gamma domain containing 3 [Source:HGNC Symbol;Acc:HGNC:34427]	0.51680976	
CENPB	centromere protein B [Source:HGNC Symbol;Acc:HGNC:1852]	0.5160751	
HSPA5	heat shock protein family A (Hsp70) member 5 [Source:HGNC Symbol;Acc:HGNC:5238]	0.51565003	
SAE1	SUMO1 activating enzyme subunit 1 [Source:HGNC Symbol;Acc:HGNC:30660]	0.51525044	
MTBP	MDM2 binding protein [Source:HGNC Symbol;Acc:HGNC:7417]	0.51414084	
EBP	EBP cholestenol delta-isomerase [Source:HGNC Symbol;Acc:HGNC:3133]	0.5135975	
DGKH	diacylglycerol kinase eta [Source:HGNC Symbol;Acc:HGNC:2854]	0.5135965	
IFI30	IFI30 lysosomal thiol reductase [Source:HGNC Symbol;Acc:HGNC:5398]	0.512845	
RBBP4	RB binding protein 4, chromatin remodeling factor [Source:HGNC Symbol;Acc:HGNC:9887]	0.51233643	
SERF1A	small EDRK-rich factor 1A [Source:HGNC Symbol;Acc:HGNC:10755]	0.51161784	
PRELID3B	PRELI domain containing 3B [Source:HGNC Symbol;Acc:HGNC:15892]	0.5111229	
ANXA11	annexin A11 [Source:HGNC Symbol;Acc:HGNC:535]	0.51063883	
RFC2	replication factor C subunit 2 [Source:HGNC Symbol;Acc:HGNC:9970]	0.51060104	
AK2	adenylate kinase 2 [Source:HGNC Symbol;Acc:HGNC:362]	0.5105717	
UFC1	ubiquitin-fold modifier conjugating enzyme 1 [Source:HGNC Symbol;Acc:HGNC:26941]	0.5104331	
CCR4	C-C motif chemokine receptor 4 [Source:HGNC Symbol;Acc:HGNC:1605]	0.50952786	
RWDD1	RWD domain containing 1 [Source:HGNC Symbol;Acc:HGNC:20993]	0.50934094	
NOL7	nucleolar protein 7 [Source:HGNC Symbol;Acc:HGNC:21040]	0.5092582	
CAPZB	capping actin protein of muscle Z-line subunit beta [Source:HGNC Symbol;Acc:HGNC:1491]	0.50803375	
PSMB4	proteasome 20S subunit beta 4 [Source:HGNC Symbol;Acc:HGNC:9541]	0.5075523	
UAP1	UDP-N-acetylglucosamine pyrophosphorylase 1 [Source:HGNC Symbol;Acc:HGNC:12457]	0.5072344	
CERS4	ceramide synthase 4 [Source:HGNC Symbol;Acc:HGNC:23747]	0.5071744	
FAM110A	family with sequence similarity 110 member A [Source:HGNC Symbol;Acc:HGNC:16188]	0.50585926	
MAPRE1	microtubule associated protein RP/EB family member 1 [Source:HGNC Symbol;Acc:HGNC:6890]	0.5054639	
RNASEH2B	ribonuclease H2 subunit B [Source:HGNC Symbol;Acc:HGNC:25671]	0.505112	
IQGAP1	IQ motif containing GTPase activating protein 1 [Source:HGNC Symbol;Acc:HGNC:6110]	0.505087	
ANAPC5	anaphase promoting complex subunit 5 [Source:HGNC Symbol;Acc:HGNC:15713]	0.5050508	
CCNF	cyclin F [Source:HGNC Symbol;Acc:HGNC:1591]	0.5047619	
ATP5PB	ATP synthase peripheral stalk-membrane subunit b [Source:HGNC Symbol;Acc:HGNC:840]	0.5045966	
E2F1	E2F transcription factor 1 [Source:HGNC Symbol;Acc:HGNC:3113]	0.5045921	
VDR	vitamin D receptor [Source:HGNC Symbol;Acc:HGNC:12679]	0.5044579	
ACADL	acyl-CoA dehydrogenase long chain [Source:HGNC Symbol;Acc:HGNC:88]	0.5042999	
UNC119	unc-119 lipid binding chaperone [Source:HGNC Symbol;Acc:HGNC:12565]	0.5032363	
FGL2	fibrinogen like 2 [Source:HGNC Symbol;Acc:HGNC:3696]	0.5027554	
KIF14	kinesin family member 14 [Source:HGNC Symbol;Acc:HGNC:19181]	0.50158316	
NCL	nucleolin [Source:HGNC Symbol;Acc:HGNC:7667]	0.50129277	
MELK	maternal embryonic leucine zipper kinase [Source:HGNC Symbol;Acc:HGNC:16870]	0.5011317	
PTTG1	PTTG1 regulator of sister chromatid separation, securin [Source:HGNC Symbol;Acc:HGNC:9690]	0.5006206	
SPAG5	sperm associated antigen 5 [Source:HGNC Symbol;Acc:HGNC:13452]	0.5000814	
EMD	emerin [Source:HGNC Symbol;Acc:HGNC:3331]	0.49980754	
RAC1	Rac family small GTPase 1 [Source:HGNC Symbol;Acc:HGNC:9801]	0.49979162	
MAFG	MAF bZIP transcription factor G [Source:HGNC Symbol;Acc:HGNC:6781]	0.4995753	
DNAJC8	DnaJ heat shock protein family (Hsp40) member C8 [Source:HGNC Symbol;Acc:HGNC:15470]	0.49955633	
PGLYRP1	peptidoglycan recognition protein 1 [Source:HGNC Symbol;Acc:HGNC:8904]	0.4993801	
KNTC1	kinetochore associated 1 [Source:HGNC Symbol;Acc:HGNC:17255]	0.4991686	
ZFAND5	zinc finger AN1-type containing 5 [Source:HGNC Symbol;Acc:HGNC:13008]	0.49864164	
MCM2	minichromosome maintenance complex component 2 [Source:HGNC Symbol;Acc:HGNC:6944]	0.4981733	
CIAPIN1	cytokine induced apoptosis inhibitor 1 [Source:HGNC Symbol;Acc:HGNC:28050]	0.49783176	
CTSZ	cathepsin Z [Source:HGNC Symbol;Acc:HGNC:2547]	0.49652958	
PABPN1	poly(A) binding protein nuclear 1 [Source:HGNC Symbol;Acc:HGNC:8565]	0.49652752	
UBE2I	ubiquitin conjugating enzyme E2 I [Source:HGNC Symbol;Acc:HGNC:12485]	0.4960962	
EIF3H	eukaryotic translation initiation factor 3 subunit H [Source:HGNC Symbol;Acc:HGNC:3273]	0.49540067	
PSMB1	proteasome 20S subunit beta 1 [Source:HGNC Symbol;Acc:HGNC:9537]	0.49520442	
CDC6	cell division cycle 6 [Source:HGNC Symbol;Acc:HGNC:1744]	0.49495846	
FAM83D	family with sequence similarity 83 member D [Source:HGNC Symbol;Acc:HGNC:16122]	0.4942246	
PRIM2	DNA primase subunit 2 [Source:HGNC Symbol;Acc:HGNC:9370]	0.49394724	
CERK	ceramide kinase [Source:HGNC Symbol;Acc:HGNC:19256]	0.49384394	
CCDC124	coiled-coil domain containing 124 [Source:HGNC Symbol;Acc:HGNC:25171]	0.49384195	
TWSG1	twisted gastrulation BMP signaling modulator 1 [Source:HGNC Symbol;Acc:HGNC:12429]	0.49375167	
ARHGAP18	Rho GTPase activating protein 18 [Source:HGNC Symbol;Acc:HGNC:21035]	0.49349344	
MXD3	MAX dimerization protein 3 [Source:HGNC Symbol;Acc:HGNC:14008]	0.4930009	
REX1BD	required for excision 1-B domain containing [Source:HGNC Symbol;Acc:HGNC:26098]	0.49275407	
POLR2K	RNA polymerase II, I and III subunit K [Source:HGNC Symbol;Acc:HGNC:9198]	0.49254516	
OPTN	optineurin [Source:HGNC Symbol;Acc:HGNC:17142]	0.49208346	
ORC1	origin recognition complex subunit 1 [Source:HGNC Symbol;Acc:HGNC:8487]	0.49192607	
ITM2B	integral membrane protein 2B [Source:HGNC Symbol;Acc:HGNC:6174]	0.49094507	
FRMD5	FERM domain containing 5 [Source:HGNC Symbol;Acc:HGNC:28214]	0.490251	
FAM107B	family with sequence similarity 107 member B [Source:HGNC Symbol;Acc:HGNC:23726]	0.48979744	
CLTA	clathrin light chain A [Source:HGNC Symbol;Acc:HGNC:2090]	0.48938304	
CORO1C	coronin 1C [Source:HGNC Symbol;Acc:HGNC:2254]	0.4892665	
CDC45	cell division cycle 45 [Source:HGNC Symbol;Acc:HGNC:1739]	0.4883139	
LSM2	LSM2 homolog, U6 small nuclear RNA and mRNA degradation associated [Source:HGNC Symbol;Acc:HGNC:13940]	0.48771435	
SMG6	SMG6 nonsense mediated mRNA decay factor [Source:HGNC Symbol;Acc:HGNC:17809]	0.48728862	
UQCRFS1	ubiquinol-cytochrome c reductase, Rieske iron-sulfur polypeptide 1 [Source:HGNC Symbol;Acc:HGNC:12587]	0.48699608	
KIF2C	kinesin family member 2C [Source:HGNC Symbol;Acc:HGNC:6393]	0.48675177	
CEP83	centrosomal protein 83 [Source:HGNC Symbol;Acc:HGNC:17966]	0.4867006	
NUDT21	nudix hydrolase 21 [Source:HGNC Symbol;Acc:HGNC:13870]	0.48669398	
SNRPA1	small nuclear ribonucleoprotein polypeptide A' [Source:HGNC Symbol;Acc:HGNC:11152]	0.4865968	
H4C6	H4 clustered histone 6 [Source:HGNC Symbol;Acc:HGNC:4783]	0.48648533	
IL1R2	interleukin 1 receptor type 2 [Source:HGNC Symbol;Acc:HGNC:5994]	0.4854017	
ZAP70	zeta chain of T cell receptor associated protein kinase 70 [Source:HGNC Symbol;Acc:HGNC:12858]	0.48522022	
CSRNP1	cysteine and serine rich nuclear protein 1 [Source:HGNC Symbol;Acc:HGNC:14300]	0.48499176	
TCP1	t-complex 1 [Source:HGNC Symbol;Acc:HGNC:11655]	0.48478243	
PCMT1	protein-L-isoaspartate (D-aspartate) O-methyltransferase [Source:HGNC Symbol;Acc:HGNC:8728]	0.48460206	
GTF2F1	general transcription factor IIF subunit 1 [Source:HGNC Symbol;Acc:HGNC:4652]	0.48453528	
CSTB	cystatin B [Source:HGNC Symbol;Acc:HGNC:2482]	0.48389333	
TKT	transketolase [Source:HGNC Symbol;Acc:HGNC:11834]	0.48384163	
ENTPD1	ectonucleoside triphosphate diphosphohydrolase 1 [Source:HGNC Symbol;Acc:HGNC:3363]	0.48303923	
MLF2	myeloid leukemia factor 2 [Source:HGNC Symbol;Acc:HGNC:7126]	0.48251352	
LPGAT1	lysophosphatidylglycerol acyltransferase 1 [Source:HGNC Symbol;Acc:HGNC:28985]	0.48179877	
BBLN	bublin coiled coil protein [Source:HGNC Symbol;Acc:HGNC:17823]	0.48108056	
BLM	BLM RecQ like helicase [Source:HGNC Symbol;Acc:HGNC:1058]	0.48104662	
BMPR2	bone morphogenetic protein receptor type 2 [Source:HGNC Symbol;Acc:HGNC:1078]	0.48101997	
TMED2	transmembrane p24 trafficking protein 2 [Source:HGNC Symbol;Acc:HGNC:16996]	0.4801394	
ABCF1	ATP binding cassette subfamily F member 1 [Source:HGNC Symbol;Acc:HGNC:70]	0.48010415	
TRAPPC1	trafficking protein particle complex subunit 1 [Source:HGNC Symbol;Acc:HGNC:19894]	0.47976804	
PDIA3	protein disulfide isomerase family A member 3 [Source:HGNC Symbol;Acc:HGNC:4606]	0.47956073	
CBX1	chromobox 1 [Source:HGNC Symbol;Acc:HGNC:1551]	0.47953326	
DDOST	dolichyl-diphosphooligosaccharide--protein glycosyltransferase non-catalytic subunit [Source:HGNC Symbol;Acc:HGNC:2728]	0.47924262	
UBE2N	ubiquitin conjugating enzyme E2 N [Source:HGNC Symbol;Acc:HGNC:12492]	0.479098	
ARF1	ADP ribosylation factor 1 [Source:HGNC Symbol;Acc:HGNC:652]	0.47795674	
ZCRB1	zinc finger CCHC-type and RNA binding motif containing 1 [Source:HGNC Symbol;Acc:HGNC:29620]	0.47719893	
TFDP1	transcription factor Dp-1 [Source:HGNC Symbol;Acc:HGNC:11749]	0.47716665	
POLR1D	RNA polymerase I and III subunit D [Source:HGNC Symbol;Acc:HGNC:20422]	0.47712457	
NDUFA3	NADH:ubiquinone oxidoreductase subunit A3 [Source:HGNC Symbol;Acc:HGNC:7686]	0.47633123	
IKZF3	IKAROS family zinc finger 3 [Source:HGNC Symbol;Acc:HGNC:13178]	0.47615528	
REXO2	RNA exonuclease 2 [Source:HGNC Symbol;Acc:HGNC:17851]	0.4760232	
HAT1	histone acetyltransferase 1 [Source:HGNC Symbol;Acc:HGNC:4821]	0.4759996	
NDUFA4	NDUFA4 mitochondrial complex associated [Source:HGNC Symbol;Acc:HGNC:7687]	0.47582772	
FKBP1A	FKBP prolyl isomerase 1A [Source:HGNC Symbol;Acc:HGNC:3711]	0.47579488	
COMMD3	COMM domain containing 3 [Source:HGNC Symbol;Acc:HGNC:23332]	0.4746885	
NAB1	NGFI-A binding protein 1 [Source:HGNC Symbol;Acc:HGNC:7626]	0.47424075	
CIP2A	cellular inhibitor of PP2A [Source:HGNC Symbol;Acc:HGNC:29302]	0.47419336	
TLE5	TLE family member 5, transcriptional modulator [Source:HGNC Symbol;Acc:HGNC:307]	0.4740275	
FIS1	fission, mitochondrial 1 [Source:HGNC Symbol;Acc:HGNC:21689]	0.4739392	
XYLT1	xylosyltransferase 1 [Source:HGNC Symbol;Acc:HGNC:15516]	0.47311017	
TXNRD1	thioredoxin reductase 1 [Source:HGNC Symbol;Acc:HGNC:12437]	0.4729961	
AP2M1	adaptor related protein complex 2 subunit mu 1 [Source:HGNC Symbol;Acc:HGNC:564]	0.4726978	
GPR160	G protein-coupled receptor 160 [Source:HGNC Symbol;Acc:HGNC:23693]	0.47228795	
KDELR2	KDEL endoplasmic reticulum protein retention receptor 2 [Source:HGNC Symbol;Acc:HGNC:6305]	0.4718927	
DTYMK	deoxythymidylate kinase [Source:HGNC Symbol;Acc:HGNC:3061]	0.4709945	
TRGV11	T cell receptor gamma variable 11 (non-functional) [Source:HGNC Symbol;Acc:HGNC:12286]	0.4702529	
SH3BGRL	SH3 domain binding glutamate rich protein like [Source:HGNC Symbol;Acc:HGNC:10823]	0.470118	
NDUFS6	NADH:ubiquinone oxidoreductase subunit S6 [Source:HGNC Symbol;Acc:HGNC:7713]	0.46921036	
NDUFS8	NADH:ubiquinone oxidoreductase core subunit S8 [Source:HGNC Symbol;Acc:HGNC:7715]	0.46910074	
RHOQ	ras homolog family member Q [Source:HGNC Symbol;Acc:HGNC:17736]	0.46878102	
TAF10	TATA-box binding protein associated factor 10 [Source:HGNC Symbol;Acc:HGNC:11543]	0.46860018	
POLD3	DNA polymerase delta 3, accessory subunit [Source:HGNC Symbol;Acc:HGNC:20932]	0.467679	
H2AC1	H2A clustered histone 1 [Source:HGNC Symbol;Acc:HGNC:18729]	0.4673825	
SIK3	SIK family kinase 3 [Source:HGNC Symbol;Acc:HGNC:29165]	0.46699932	
CD3E	CD3 epsilon subunit of T-cell receptor complex [Source:HGNC Symbol;Acc:HGNC:1674]	0.46628913	
SLC15A3	solute carrier family 15 member 3 [Source:HGNC Symbol;Acc:HGNC:18068]	0.46608996	
RFC5	replication factor C subunit 5 [Source:HGNC Symbol;Acc:HGNC:9973]	0.46606863	
CEP57	centrosomal protein 57 [Source:HGNC Symbol;Acc:HGNC:30794]	0.46592847	
ARPC4	actin related protein 2/3 complex subunit 4 [Source:HGNC Symbol;Acc:HGNC:707]	0.4658266	
PA2G4	proliferation-associated 2G4 [Source:HGNC Symbol;Acc:HGNC:8550]	0.46574667	
SMCO4	single-pass membrane protein with coiled-coil domains 4 [Source:HGNC Symbol;Acc:HGNC:24810]	0.4653408	
SSB	small RNA binding exonuclease protection factor La [Source:HGNC Symbol;Acc:HGNC:11316]	0.46486375	
GNB1	G protein subunit beta 1 [Source:HGNC Symbol;Acc:HGNC:4396]	0.46437556	
MTHFD2	methylenetetrahydrofolate dehydrogenase (NADP+ dependent) 2, methenyltetrahydrofolate cyclohydrolase [Source:HGNC Symbol;Acc:HGNC:7434]	0.4638735	
SYNGR2	synaptogyrin 2 [Source:HGNC Symbol;Acc:HGNC:11499]	0.4638295	
REEP4	receptor accessory protein 4 [Source:HGNC Symbol;Acc:HGNC:26176]	0.46332583	
BATF	basic leucine zipper ATF-like transcription factor [Source:HGNC Symbol;Acc:HGNC:958]	0.4632275	
CARHSP1	calcium regulated heat stable protein 1 [Source:HGNC Symbol;Acc:HGNC:17150]	0.4631704	
NEK2	NIMA related kinase 2 [Source:HGNC Symbol;Acc:HGNC:7745]	0.46274042	
PPFIBP1	PPFIA binding protein 1 [Source:HGNC Symbol;Acc:HGNC:9249]	0.46223116	
FLNA	filamin A [Source:HGNC Symbol;Acc:HGNC:3754]	0.4621517	
IRF8	interferon regulatory factor 8 [Source:HGNC Symbol;Acc:HGNC:5358]	0.46191195	
POLQ	DNA polymerase theta [Source:HGNC Symbol;Acc:HGNC:9186]	0.4601895	
ABHD17A	abhydrolase domain containing 17A, depalmitoylase [Source:HGNC Symbol;Acc:HGNC:28756]	0.46004355	
HIGD1A	HIG1 hypoxia inducible domain family member 1A [Source:HGNC Symbol;Acc:HGNC:29527]	0.45993707	
RUNX3	RUNX family transcription factor 3 [Source:HGNC Symbol;Acc:HGNC:10473]	0.45963538	
EFHD2	EF-hand domain family member D2 [Source:HGNC Symbol;Acc:HGNC:28670]	0.4592866	
SH3RF1	SH3 domain containing ring finger 1 [Source:HGNC Symbol;Acc:HGNC:17650]	0.4592685	
ZDHHC2	zinc finger DHHC-type palmitoyltransferase 2 [Source:HGNC Symbol;Acc:HGNC:18469]	0.45919624	
SF3B2	splicing factor 3b subunit 2 [Source:HGNC Symbol;Acc:HGNC:10769]	0.45916274	
MYO3B	myosin IIIB [Source:HGNC Symbol;Acc:HGNC:15576]	0.45808125	
COPS9	COP9 signalosome subunit 9 [Source:HGNC Symbol;Acc:HGNC:21314]	0.45802552	
EMB	embigin [Source:HGNC Symbol;Acc:HGNC:30465]	0.45794657	
HIRIP3	HIRA interacting protein 3 [Source:HGNC Symbol;Acc:HGNC:4917]	0.45758426	
VGLL4	vestigial like family member 4 [Source:HGNC Symbol;Acc:HGNC:28966]	0.4573425	
BTF3	basic transcription factor 3 [Source:HGNC Symbol;Acc:HGNC:1125]	0.45689443	
FOXM1	forkhead box M1 [Source:HGNC Symbol;Acc:HGNC:3818]	0.45608878	
INF2	inverted formin 2 [Source:HGNC Symbol;Acc:HGNC:23791]	0.45598447	
ALMS1	ALMS1 centrosome and basal body associated protein [Source:HGNC Symbol;Acc:HGNC:428]	0.45559737	
ELOVL5	ELOVL fatty acid elongase 5 [Source:HGNC Symbol;Acc:HGNC:21308]	0.45495555	
MRPS21	mitochondrial ribosomal protein S21 [Source:HGNC Symbol;Acc:HGNC:14046]	0.4547023	
GNG10	G protein subunit gamma 10 [Source:HGNC Symbol;Acc:HGNC:4402]	0.45306808	
TUBG1	tubulin gamma 1 [Source:HGNC Symbol;Acc:HGNC:12417]	0.45273307	
GATAD2A	GATA zinc finger domain containing 2A [Source:HGNC Symbol;Acc:HGNC:29989]	0.45249268	
SNRPC	small nuclear ribonucleoprotein polypeptide C [Source:HGNC Symbol;Acc:HGNC:11157]	0.45172092	
SDHB	succinate dehydrogenase complex iron sulfur subunit B [Source:HGNC Symbol;Acc:HGNC:10681]	0.451624	
PLEKHA2	pleckstrin homology domain containing A2 [Source:HGNC Symbol;Acc:HGNC:14336]	0.45143622	
MPHOSPH6	M-phase phosphoprotein 6 [Source:HGNC Symbol;Acc:HGNC:7214]	0.45109648	
NME1	NME/NM23 nucleoside diphosphate kinase 1 [Source:HGNC Symbol;Acc:HGNC:7849]	0.45066714	
GOLM1	golgi membrane protein 1 [Source:HGNC Symbol;Acc:HGNC:15451]	0.45031944	
PHF5A	PHD finger protein 5A [Source:HGNC Symbol;Acc:HGNC:18000]	0.4502273	
SAPCD2	suppressor APC domain containing 2 [Source:HGNC Symbol;Acc:HGNC:28055]	0.44993252	
LRRC59	leucine rich repeat containing 59 [Source:HGNC Symbol;Acc:HGNC:28817]	0.44984412	
VRK1	VRK serine/threonine kinase 1 [Source:HGNC Symbol;Acc:HGNC:12718]	0.44946945	
SNRNP25	small nuclear ribonucleoprotein U11/U12 subunit 25 [Source:HGNC Symbol;Acc:HGNC:14161]	0.44917393	
PTPA	protein phosphatase 2 phosphatase activator [Source:HGNC Symbol;Acc:HGNC:9308]	0.4474078	
ESD	esterase D [Source:HGNC Symbol;Acc:HGNC:3465]	0.44706446	
CHST12	carbohydrate sulfotransferase 12 [Source:HGNC Symbol;Acc:HGNC:17423]	0.44676855	
CYP51A1	cytochrome P450 family 51 subfamily A member 1 [Source:HGNC Symbol;Acc:HGNC:2649]	0.44655108	
CCR6	C-C motif chemokine receptor 6 [Source:HGNC Symbol;Acc:HGNC:1607]	0.4462393	
SUZ12	SUZ12 polycomb repressive complex 2 subunit [Source:HGNC Symbol;Acc:HGNC:17101]	0.4460337	
KPNA2	karyopherin subunit alpha 2 [Source:HGNC Symbol;Acc:HGNC:6395]	0.4454463	
SMC3	structural maintenance of chromosomes 3 [Source:HGNC Symbol;Acc:HGNC:2468]	0.4451731	
SNU13	small nuclear ribonucleoprotein 13 [Source:HGNC Symbol;Acc:HGNC:7819]	0.44463405	
CEP112	centrosomal protein 112 [Source:HGNC Symbol;Acc:HGNC:28514]	0.4446311	
CNIH4	cornichon family AMPA receptor auxiliary protein 4 [Source:HGNC Symbol;Acc:HGNC:25013]	0.44343135	
NXT1	nuclear transport factor 2 like export factor 1 [Source:HGNC Symbol;Acc:HGNC:15913]	0.4434182	
MASTL	microtubule associated serine/threonine kinase like [Source:HGNC Symbol;Acc:HGNC:19042]	0.4432764	
IRS2	insulin receptor substrate 2 [Source:HGNC Symbol;Acc:HGNC:6126]	0.44217467	
AP1S2	adaptor related protein complex 1 subunit sigma 2 [Source:HGNC Symbol;Acc:HGNC:560]	0.44190726	
DAZAP1	DAZ associated protein 1 [Source:HGNC Symbol;Acc:HGNC:2683]	0.44155812	
GPR65	G protein-coupled receptor 65 [Source:HGNC Symbol;Acc:HGNC:4517]	0.44094637	
RRAD	RRAD, Ras related glycolysis inhibitor and calcium channel regulator [Source:HGNC Symbol;Acc:HGNC:10446]	0.44041848	
GZMB	granzyme B [Source:HGNC Symbol;Acc:HGNC:4709]	0.44026732	
CIAO2A	cytosolic iron-sulfur assembly component 2A [Source:HGNC Symbol;Acc:HGNC:26235]	0.43853948	
GINS2	GINS complex subunit 2 [Source:HGNC Symbol;Acc:HGNC:24575]	0.43833187	
ZMAT2	zinc finger matrin-type 2 [Source:HGNC Symbol;Acc:HGNC:26433]	0.4383244	
SPCS1	signal peptidase complex subunit 1 [Source:HGNC Symbol;Acc:HGNC:23401]	0.4381569	
SLC39A14	solute carrier family 39 member 14 [Source:HGNC Symbol;Acc:HGNC:20858]	0.43713295	
CFAP20	cilia and flagella associated protein 20 [Source:HGNC Symbol;Acc:HGNC:29523]	0.43650058	
EIF2S2	eukaryotic translation initiation factor 2 subunit beta [Source:HGNC Symbol;Acc:HGNC:3266]	0.4364726	
CHST2	carbohydrate sulfotransferase 2 [Source:HGNC Symbol;Acc:HGNC:1970]	0.43639278	
SRGAP2	SLIT-ROBO Rho GTPase activating protein 2 [Source:HGNC Symbol;Acc:HGNC:19751]	0.4363196	
FAM3C	FAM3 metabolism regulating signaling molecule C [Source:HGNC Symbol;Acc:HGNC:18664]	0.43573803	
PRDX6	peroxiredoxin 6 [Source:HGNC Symbol;Acc:HGNC:16753]	0.43568635	
CCNE1	cyclin E1 [Source:HGNC Symbol;Acc:HGNC:1589]	0.43515402	
GPR132	G protein-coupled receptor 132 [Source:HGNC Symbol;Acc:HGNC:17482]	0.43387914	
GOT2	glutamic-oxaloacetic transaminase 2 [Source:HGNC Symbol;Acc:HGNC:4433]	0.43380138	
EIF6	eukaryotic translation initiation factor 6 [Source:HGNC Symbol;Acc:HGNC:6159]	0.43293226	
FAM111A	FAM111 trypsin like peptidase A [Source:HGNC Symbol;Acc:HGNC:24725]	0.43241805	
DNAJB11	DnaJ heat shock protein family (Hsp40) member B11 [Source:HGNC Symbol;Acc:HGNC:14889]	0.43222237	
ERI1	exoribonuclease 1 [Source:HGNC Symbol;Acc:HGNC:23994]	0.4313102	
MIEN1	migration and invasion enhancer 1 [Source:HGNC Symbol;Acc:HGNC:28230]	0.4312953	
TIGIT	T cell immunoreceptor with Ig and ITIM domains [Source:HGNC Symbol;Acc:HGNC:26838]	0.4308072	
SELENOS	selenoprotein S [Source:HGNC Symbol;Acc:HGNC:30396]	0.4305673	
PTBP1	polypyrimidine tract binding protein 1 [Source:HGNC Symbol;Acc:HGNC:9583]	0.43056583	
IFNG	interferon gamma [Source:HGNC Symbol;Acc:HGNC:5438]	0.4304989	
RPL39	ribosomal protein L39 [Source:HGNC Symbol;Acc:HGNC:10350]	0.42974147	
RASSF1	Ras association domain family member 1 [Source:HGNC Symbol;Acc:HGNC:9882]	0.42946	
CARNMT1	carnosine N-methyltransferase 1 [Source:HGNC Symbol;Acc:HGNC:23435]	0.42921802	
SAP18	Sin3A associated protein 18 [Source:HGNC Symbol;Acc:HGNC:10530]	0.4289557	
CEP43	centrosomal protein 43 [Source:HGNC Symbol;Acc:HGNC:17012]	0.42886832	
JUND	JunD proto-oncogene, AP-1 transcription factor subunit [Source:HGNC Symbol;Acc:HGNC:6206]	0.42883134	
ANAPC15	anaphase promoting complex subunit 15 [Source:HGNC Symbol;Acc:HGNC:24531]	0.42868572	
SASS6	SAS-6 centriolar assembly protein [Source:HGNC Symbol;Acc:HGNC:25403]	0.42822856	
UQCRH	ubiquinol-cytochrome c reductase hinge protein [Source:HGNC Symbol;Acc:HGNC:12590]	0.4281742	
SCAND1	SCAN domain containing 1 [Source:HGNC Symbol;Acc:HGNC:10566]	0.42691427	
BEX3	brain expressed X-linked 3 [Source:HGNC Symbol;Acc:HGNC:13388]	0.426572	
PSMB6	proteasome 20S subunit beta 6 [Source:HGNC Symbol;Acc:HGNC:9543]	0.42574003	
H2BC10	H2B clustered histone 10 [Source:HGNC Symbol;Acc:HGNC:4756]	0.42553622	
RAB11A	RAB11A, member RAS oncogene family [Source:HGNC Symbol;Acc:HGNC:9760]	0.42545024	
ARHGAP21	Rho GTPase activating protein 21 [Source:HGNC Symbol;Acc:HGNC:23725]	0.4249422	
PGP	phosphoglycolate phosphatase [Source:HGNC Symbol;Acc:HGNC:8909]	0.42481905	
ATP6V1F	ATPase H+ transporting V1 subunit F [Source:HGNC Symbol;Acc:HGNC:16832]	0.4247539	
PFDN6	prefoldin subunit 6 [Source:HGNC Symbol;Acc:HGNC:4926]	0.42413852	
IL12RB2	interleukin 12 receptor subunit beta 2 [Source:HGNC Symbol;Acc:HGNC:5972]	0.42389593	
SLC38A1	solute carrier family 38 member 1 [Source:HGNC Symbol;Acc:HGNC:13447]	0.4237785	
OTUD7B	OTU deubiquitinase 7B [Source:HGNC Symbol;Acc:HGNC:16683]	0.42369553	
UQCC2	ubiquinol-cytochrome c reductase complex assembly factor 2 [Source:HGNC Symbol;Acc:HGNC:21237]	0.4230631	
TMEM123	transmembrane protein 123 [Source:HGNC Symbol;Acc:HGNC:30138]	0.42270988	
CDCA5	cell division cycle associated 5 [Source:HGNC Symbol;Acc:HGNC:14626]	0.42243075	
CLTC	clathrin heavy chain [Source:HGNC Symbol;Acc:HGNC:2092]	0.42225125	
ADPRH	ADP-ribosylarginine hydrolase [Source:HGNC Symbol;Acc:HGNC:269]	0.4217395	
GRAMD1B	GRAM domain containing 1B [Source:HGNC Symbol;Acc:HGNC:29214]	0.42122185	
ZYX	zyxin [Source:HGNC Symbol;Acc:HGNC:13200]	0.4212173	
SF3B6	splicing factor 3b subunit 6 [Source:HGNC Symbol;Acc:HGNC:30096]	0.42099625	
NUDC	nuclear distribution C, dynein complex regulator [Source:HGNC Symbol;Acc:HGNC:8045]	0.4206543	
SLC1A5	solute carrier family 1 member 5 [Source:HGNC Symbol;Acc:HGNC:10943]	0.42045584	
ANTKMT	adenine nucleotide translocase lysine methyltransferase [Source:HGNC Symbol;Acc:HGNC:14152]	0.4200847	
CYC1	cytochrome c1 [Source:HGNC Symbol;Acc:HGNC:2579]	0.42006132	
HMGCR	3-hydroxy-3-methylglutaryl-CoA reductase [Source:HGNC Symbol;Acc:HGNC:5006]	0.41979867	
SYT11	synaptotagmin 11 [Source:HGNC Symbol;Acc:HGNC:19239]	0.41900194	
DSTN	destrin, actin depolymerizing factor [Source:HGNC Symbol;Acc:HGNC:15750]	0.41842365	
CCDC28B	coiled-coil domain containing 28B [Source:HGNC Symbol;Acc:HGNC:28163]	0.41833997	
SIN3B	SIN3 transcription regulator family member B [Source:HGNC Symbol;Acc:HGNC:19354]	0.41812858	
COQ10B	coenzyme Q10B [Source:HGNC Symbol;Acc:HGNC:25819]	0.41797632	
AP1S1	adaptor related protein complex 1 subunit sigma 1 [Source:HGNC Symbol;Acc:HGNC:559]	0.41796798	
AKR1A1	aldo-keto reductase family 1 member A1 [Source:HGNC Symbol;Acc:HGNC:380]	0.41688296	
SNF8	SNF8 subunit of ESCRT-II [Source:HGNC Symbol;Acc:HGNC:17028]	0.41611907	
KIAA1958	KIAA1958 [Source:HGNC Symbol;Acc:HGNC:23427]	0.41556922	
RAD18	RAD18 E3 ubiquitin protein ligase [Source:HGNC Symbol;Acc:HGNC:18278]	0.41548193	
METAP2	methionyl aminopeptidase 2 [Source:HGNC Symbol;Acc:HGNC:16672]	0.41543272	
HECW2	HECT, C2 and WW domain containing E3 ubiquitin protein ligase 2 [Source:HGNC Symbol;Acc:HGNC:29853]	0.41527745	
N4BP1	NEDD4 binding protein 1 [Source:HGNC Symbol;Acc:HGNC:29850]	0.4152374	
ST3GAL3	ST3 beta-galactoside alpha-2,3-sialyltransferase 3 [Source:HGNC Symbol;Acc:HGNC:10866]	0.41495177	
GABARAP	GABA type A receptor-associated protein [Source:HGNC Symbol;Acc:HGNC:4067]	0.41481078	
PPP2R2D	protein phosphatase 2 regulatory subunit Bdelta [Source:HGNC Symbol;Acc:HGNC:23732]	0.4146183	
TG	thyroglobulin [Source:HGNC Symbol;Acc:HGNC:11764]	0.41453308	
TICRR	TOPBP1 interacting checkpoint and replication regulator [Source:HGNC Symbol;Acc:HGNC:28704]	0.4144678	
TMED10	transmembrane p24 trafficking protein 10 [Source:HGNC Symbol;Acc:HGNC:16998]	0.41413724	
BIRC2	baculoviral IAP repeat containing 2 [Source:HGNC Symbol;Acc:HGNC:590]	0.41392988	
CENPL	centromere protein L [Source:HGNC Symbol;Acc:HGNC:17879]	0.41306064	
KLF10	KLF transcription factor 10 [Source:HGNC Symbol;Acc:HGNC:11810]	0.41298625	
CD2BP2	CD2 cytoplasmic tail binding protein 2 [Source:HGNC Symbol;Acc:HGNC:1656]	0.41296604	
SLC25A24	solute carrier family 25 member 24 [Source:HGNC Symbol;Acc:HGNC:20662]	0.4126639	
PAXBP1	PAX3 and PAX7 binding protein 1 [Source:HGNC Symbol;Acc:HGNC:13579]	0.41257223	
PDIA6	protein disulfide isomerase family A member 6 [Source:HGNC Symbol;Acc:HGNC:30168]	0.4123659	
CD52	CD52 molecule [Source:HGNC Symbol;Acc:HGNC:1804]	0.41234377	
ATP5PO	ATP synthase peripheral stalk subunit OSCP [Source:HGNC Symbol;Acc:HGNC:850]	0.41195965	
CWC15	CWC15 spliceosome associated protein homolog [Source:HGNC Symbol;Acc:HGNC:26939]	0.41183734	
CENPI	centromere protein I [Source:HGNC Symbol;Acc:HGNC:3968]	0.41150314	
MIF	macrophage migration inhibitory factor [Source:HGNC Symbol;Acc:HGNC:7097]	0.4107702	
PIMREG	PICALM interacting mitotic regulator [Source:HGNC Symbol;Acc:HGNC:25483]	0.41061527	
WSB1	WD repeat and SOCS box containing 1 [Source:HGNC Symbol;Acc:HGNC:19221]	0.41051587	
PPP1R2	protein phosphatase 1 regulatory inhibitor subunit 2 [Source:HGNC Symbol;Acc:HGNC:9288]	0.41037068	
C11orf58	chromosome 11 open reading frame 58 [Source:HGNC Symbol;Acc:HGNC:16990]	0.4103046	
NCF4	neutrophil cytosolic factor 4 [Source:HGNC Symbol;Acc:HGNC:7662]	0.41017246	
SLK	STE20 like kinase [Source:HGNC Symbol;Acc:HGNC:11088]	0.40953314	
CNTRL	centriolin [Source:HGNC Symbol;Acc:HGNC:1858]	0.40935495	
GMFG	glia maturation factor gamma [Source:HGNC Symbol;Acc:HGNC:4374]	0.4091111	
EIF1AX	eukaryotic translation initiation factor 1A X-linked [Source:HGNC Symbol;Acc:HGNC:3250]	0.4091033	
GIMAP5	GTPase, IMAP family member 5 [Source:HGNC Symbol;Acc:HGNC:18005]	0.40862137	
FZR1	fizzy and cell division cycle 20 related 1 [Source:HGNC Symbol;Acc:HGNC:24824]	0.4084729	
TIMM23	translocase of inner mitochondrial membrane 23 [Source:HGNC Symbol;Acc:HGNC:17312]	0.40822774	
SUMO3	small ubiquitin like modifier 3 [Source:HGNC Symbol;Acc:HGNC:11124]	0.40820876	
POLR2C	RNA polymerase II subunit C [Source:HGNC Symbol;Acc:HGNC:9189]	0.40803596	
CERT1	ceramide transporter 1 [Source:HGNC Symbol;Acc:HGNC:2205]	0.4080186	
LSM3	LSM3 homolog, U6 small nuclear RNA and mRNA degradation associated [Source:HGNC Symbol;Acc:HGNC:17874]	0.40780202	
SNX5	sorting nexin 5 [Source:HGNC Symbol;Acc:HGNC:14969]	0.40730897	
U2AF1	U2 small nuclear RNA auxiliary factor 1 [Source:HGNC Symbol;Acc:HGNC:12453]	0.40716568	
UBE2T	ubiquitin conjugating enzyme E2 T [Source:HGNC Symbol;Acc:HGNC:25009]	0.40695602	
SRP9	signal recognition particle 9 [Source:HGNC Symbol;Acc:HGNC:11304]	0.40695563	
SOD1	superoxide dismutase 1 [Source:HGNC Symbol;Acc:HGNC:11179]	0.40677655	
FIGNL1	fidgetin like 1 [Source:HGNC Symbol;Acc:HGNC:13286]	0.40669787	
UBE2E3	ubiquitin conjugating enzyme E2 E3 [Source:HGNC Symbol;Acc:HGNC:12479]	0.40648103	
RTN3	reticulon 3 [Source:HGNC Symbol;Acc:HGNC:10469]	0.40648055	
CYBA	cytochrome b-245 alpha chain [Source:HGNC Symbol;Acc:HGNC:2577]	0.40610924	
PSMC4	proteasome 26S subunit, ATPase 4 [Source:HGNC Symbol;Acc:HGNC:9551]	0.40602332	
APAF1	apoptotic peptidase activating factor 1 [Source:HGNC Symbol;Acc:HGNC:576]	0.40575883	
ATP5MC1	ATP synthase membrane subunit c locus 1 [Source:HGNC Symbol;Acc:HGNC:841]	0.40520126	
DYNLRB1	dynein light chain roadblock-type 1 [Source:HGNC Symbol;Acc:HGNC:15468]	0.40507445	
COMT	catechol-O-methyltransferase [Source:HGNC Symbol;Acc:HGNC:2228]	0.40482202	
KLF6	KLF transcription factor 6 [Source:HGNC Symbol;Acc:HGNC:2235]	0.40472883	
TCF19	transcription factor 19 [Source:HGNC Symbol;Acc:HGNC:11629]	0.40392786	
ATP6V0C	ATPase H+ transporting V0 subunit c [Source:HGNC Symbol;Acc:HGNC:855]	0.4036454	
SRP14	signal recognition particle 14 [Source:HGNC Symbol;Acc:HGNC:11299]	0.40351135	
NFKBIL1	NFKB inhibitor like 1 [Source:HGNC Symbol;Acc:HGNC:7800]	0.40328193	
TBC1D31	TBC1 domain family member 31 [Source:HGNC Symbol;Acc:HGNC:30888]	0.4030498	
XBP1	X-box binding protein 1 [Source:HGNC Symbol;Acc:HGNC:12801]	0.40276393	
NELFE	negative elongation factor complex member E [Source:HGNC Symbol;Acc:HGNC:13974]	0.40272483	
CD48	CD48 molecule [Source:HGNC Symbol;Acc:HGNC:1683]	0.40206033	
SSBP4	single stranded DNA binding protein 4 [Source:HGNC Symbol;Acc:HGNC:15676]	0.40201613	
COX6A1	cytochrome c oxidase subunit 6A1 [Source:HGNC Symbol;Acc:HGNC:2277]	0.40196723	
TIMM17B	translocase of inner mitochondrial membrane 17B [Source:HGNC Symbol;Acc:HGNC:17310]	0.40193978	
RHEB	Ras homolog, mTORC1 binding [Source:HGNC Symbol;Acc:HGNC:10011]	0.401835	
TMBIM4	transmembrane BAX inhibitor motif containing 4 [Source:HGNC Symbol;Acc:HGNC:24257]	0.40170136	
PSMA3	proteasome 20S subunit alpha 3 [Source:HGNC Symbol;Acc:HGNC:9532]	0.40097198	
RPL38	ribosomal protein L38 [Source:HGNC Symbol;Acc:HGNC:10349]	0.40034088	
HBS1L	HBS1 like translational GTPase [Source:HGNC Symbol;Acc:HGNC:4834]	0.39965618	
SGMS1	sphingomyelin synthase 1 [Source:HGNC Symbol;Acc:HGNC:29799]	0.39858094	
NDUFA8	NADH:ubiquinone oxidoreductase subunit A8 [Source:HGNC Symbol;Acc:HGNC:7692]	0.3980853	
ZWILCH	zwilch kinetochore protein [Source:HGNC Symbol;Acc:HGNC:25468]	0.39734495	
TRIP13	thyroid hormone receptor interactor 13 [Source:HGNC Symbol;Acc:HGNC:12307]	0.39728877	
BRCA2	BRCA2 DNA repair associated [Source:HGNC Symbol;Acc:HGNC:1101]	0.39703313	
WDR1	WD repeat domain 1 [Source:HGNC Symbol;Acc:HGNC:12754]	0.39668965	
DAD1	defender against cell death 1 [Source:HGNC Symbol;Acc:HGNC:2664]	0.39664567	
PPM1G	protein phosphatase, Mg2+/Mn2+ dependent 1G [Source:HGNC Symbol;Acc:HGNC:9278]	0.39655238	
HPRT1	hypoxanthine phosphoribosyltransferase 1 [Source:HGNC Symbol;Acc:HGNC:5157]	0.39649132	
DKKL1	dickkopf like acrosomal protein 1 [Source:HGNC Symbol;Acc:HGNC:16528]	0.3963757	
H2AJ	H2A.J histone [Source:HGNC Symbol;Acc:HGNC:14456]	0.39621353	
TECR	trans-2,3-enoyl-CoA reductase [Source:HGNC Symbol;Acc:HGNC:4551]	0.3958134	
NAA38	N-alpha-acetyltransferase 38, NatC auxiliary subunit [Source:HGNC Symbol;Acc:HGNC:28212]	0.39556357	
SIK2	salt inducible kinase 2 [Source:HGNC Symbol;Acc:HGNC:21680]	0.39533746	
SAMD1	sterile alpha motif domain containing 1 [Source:HGNC Symbol;Acc:HGNC:17958]	0.39526823	
MDH2	malate dehydrogenase 2 [Source:HGNC Symbol;Acc:HGNC:6971]	0.39520407	
LEO1	LEO1 homolog, Paf1/RNA polymerase II complex component [Source:HGNC Symbol;Acc:HGNC:30401]	0.39506558	
EIF4A1	eukaryotic translation initiation factor 4A1 [Source:HGNC Symbol;Acc:HGNC:3282]	0.39486653	
PRKCH	protein kinase C eta [Source:HGNC Symbol;Acc:HGNC:9403]	0.39453351	
TMEM134	transmembrane protein 134 [Source:HGNC Symbol;Acc:HGNC:26142]	0.3942037	
RORC	RAR related orphan receptor C [Source:HGNC Symbol;Acc:HGNC:10260]	0.39323983	
PDCD5	programmed cell death 5 [Source:HGNC Symbol;Acc:HGNC:8764]	0.3930947	
HMG20B	high mobility group 20B [Source:HGNC Symbol;Acc:HGNC:5002]	0.39307427	
ATP5F1A	ATP synthase F1 subunit alpha [Source:HGNC Symbol;Acc:HGNC:823]	0.39291766	
GNG5	G protein subunit gamma 5 [Source:HGNC Symbol;Acc:HGNC:4408]	0.39287174	
CEBPB	CCAAT enhancer binding protein beta [Source:HGNC Symbol;Acc:HGNC:1834]	0.39225823	
TALDO1	transaldolase 1 [Source:HGNC Symbol;Acc:HGNC:11559]	0.3922479	
CWC25	CWC25 spliceosome associated protein homolog [Source:HGNC Symbol;Acc:HGNC:25989]	0.39219862	
EIF4E	eukaryotic translation initiation factor 4E [Source:HGNC Symbol;Acc:HGNC:3287]	0.39181334	
EIF3I	eukaryotic translation initiation factor 3 subunit I [Source:HGNC Symbol;Acc:HGNC:3272]	0.39117128	
MICAL1	microtubule associated monooxygenase, calponin and LIM domain containing 1 [Source:HGNC Symbol;Acc:HGNC:20619]	0.39102316	
CX3CR1	C-X3-C motif chemokine receptor 1 [Source:HGNC Symbol;Acc:HGNC:2558]	0.39082226	
LSM8	LSM8 homolog, U6 small nuclear RNA associated [Source:HGNC Symbol;Acc:HGNC:20471]	0.39071706	
SESTD1	SEC14 and spectrin domain containing 1 [Source:HGNC Symbol;Acc:HGNC:18379]	0.3904265	
G2E3	G2/M-phase specific E3 ubiquitin protein ligase [Source:HGNC Symbol;Acc:HGNC:20338]	0.39038604	
STON2	stonin 2 [Source:HGNC Symbol;Acc:HGNC:30652]	0.39029357	
EHBP1L1	EH domain binding protein 1 like 1 [Source:HGNC Symbol;Acc:HGNC:30682]	0.39024383	
ARL1	ADP ribosylation factor like GTPase 1 [Source:HGNC Symbol;Acc:HGNC:692]	0.38991135	
RAP1GAP2	RAP1 GTPase activating protein 2 [Source:HGNC Symbol;Acc:HGNC:29176]	0.38926047	
SUN1	Sad1 and UNC84 domain containing 1 [Source:HGNC Symbol;Acc:HGNC:18587]	0.38919055	
TACC1	transforming acidic coiled-coil containing protein 1 [Source:HGNC Symbol;Acc:HGNC:11522]	0.38900566	
DCTN3	dynactin subunit 3 [Source:HGNC Symbol;Acc:HGNC:2713]	0.38818637	
HOPX	HOP homeobox [Source:HGNC Symbol;Acc:HGNC:24961]	0.38747826	
TAF1	TATA-box binding protein associated factor 1 [Source:HGNC Symbol;Acc:HGNC:11535]	0.3864494	
DUSP14	dual specificity phosphatase 14 [Source:HGNC Symbol;Acc:HGNC:17007]	0.38636047	
TNFRSF8	TNF receptor superfamily member 8 [Source:HGNC Symbol;Acc:HGNC:11923]	0.38614225	
PSMC5	proteasome 26S subunit, ATPase 5 [Source:HGNC Symbol;Acc:HGNC:9552]	0.38573447	
TLN1	talin 1 [Source:HGNC Symbol;Acc:HGNC:11845]	0.3856075	
PRR11	proline rich 11 [Source:HGNC Symbol;Acc:HGNC:25619]	0.38494676	
TUBA1A	tubulin alpha 1a [Source:HGNC Symbol;Acc:HGNC:20766]	0.38478154	
CDK4	cyclin dependent kinase 4 [Source:HGNC Symbol;Acc:HGNC:1773]	0.38460016	
MIS18A	MIS18 kinetochore protein A [Source:HGNC Symbol;Acc:HGNC:1286]	0.3845406	
ATL3	atlastin GTPase 3 [Source:HGNC Symbol;Acc:HGNC:24526]	0.38429448	
MAP4	microtubule associated protein 4 [Source:HGNC Symbol;Acc:HGNC:6862]	0.3840014	
GLDC	glycine decarboxylase [Source:HGNC Symbol;Acc:HGNC:4313]	0.3837274	
BNIP2	BCL2 interacting protein 2 [Source:HGNC Symbol;Acc:HGNC:1083]	0.38365352	
KIF18B	kinesin family member 18B [Source:HGNC Symbol;Acc:HGNC:27102]	0.38282782	
PRMT1	protein arginine methyltransferase 1 [Source:HGNC Symbol;Acc:HGNC:5187]	0.38270614	
MYBL2	MYB proto-oncogene like 2 [Source:HGNC Symbol;Acc:HGNC:7548]	0.38218924	
ACP1	acid phosphatase 1 [Source:HGNC Symbol;Acc:HGNC:122]	0.38218868	
VASP	vasodilator stimulated phosphoprotein [Source:HGNC Symbol;Acc:HGNC:12652]	0.38206306	
ADORA2A	adenosine A2a receptor [Source:HGNC Symbol;Acc:HGNC:263]	0.3819053	
ASS1	argininosuccinate synthase 1 [Source:HGNC Symbol;Acc:HGNC:758]	0.38078472	
TMED9	transmembrane p24 trafficking protein 9 [Source:HGNC Symbol;Acc:HGNC:24878]	0.3800773	
PET100	PET100 cytochrome c oxidase chaperone [Source:HGNC Symbol;Acc:HGNC:40038]	0.37983754	
CEP250	centrosomal protein 250 [Source:HGNC Symbol;Acc:HGNC:1859]	0.37980008	
MED30	mediator complex subunit 30 [Source:HGNC Symbol;Acc:HGNC:23032]	0.37960932	
TSPAN2	tetraspanin 2 [Source:HGNC Symbol;Acc:HGNC:20659]	0.37946495	
SKA2	spindle and kinetochore associated complex subunit 2 [Source:HGNC Symbol;Acc:HGNC:28006]	0.37946278	
GAS2	growth arrest specific 2 [Source:HGNC Symbol;Acc:HGNC:4167]	0.37911242	
WEE1	WEE1 G2 checkpoint kinase [Source:HGNC Symbol;Acc:HGNC:12761]	0.37910166	
SRSF7	serine and arginine rich splicing factor 7 [Source:HGNC Symbol;Acc:HGNC:10789]	0.37851813	
SNRNP27	small nuclear ribonucleoprotein U4/U6.U5 subunit 27 [Source:HGNC Symbol;Acc:HGNC:30240]	0.3784655	
ATP2A2	ATPase sarcoplasmic/endoplasmic reticulum Ca2+ transporting 2 [Source:HGNC Symbol;Acc:HGNC:812]	0.37802467	
RDM1	RAD52 motif containing 1 [Source:HGNC Symbol;Acc:HGNC:19950]	0.3778689	
FAR1	fatty acyl-CoA reductase 1 [Source:HGNC Symbol;Acc:HGNC:26222]	0.37748486	
HMCES	5-hydroxymethylcytosine binding, ES cell specific [Source:HGNC Symbol;Acc:HGNC:24446]	0.37744713	
DSN1	DSN1 component of MIS12 kinetochore complex [Source:HGNC Symbol;Acc:HGNC:16165]	0.37729672	
ITGA3	integrin subunit alpha 3 [Source:HGNC Symbol;Acc:HGNC:6139]	0.3770279	
TENT5A	terminal nucleotidyltransferase 5A [Source:HGNC Symbol;Acc:HGNC:18345]	0.3768753	
TOMM22	translocase of outer mitochondrial membrane 22 [Source:HGNC Symbol;Acc:HGNC:18002]	0.37620583	
CORO1A	coronin 1A [Source:HGNC Symbol;Acc:HGNC:2252]	0.3761771	
DOK2	docking protein 2 [Source:HGNC Symbol;Acc:HGNC:2991]	0.37613854	
H2AC14	H2A clustered histone 14 [Source:HGNC Symbol;Acc:HGNC:4727]	0.3761048	
ATP5PD	ATP synthase peripheral stalk subunit d [Source:HGNC Symbol;Acc:HGNC:845]	0.37601557	
CPSF2	cleavage and polyadenylation specific factor 2 [Source:HGNC Symbol;Acc:HGNC:2325]	0.3757518	
HSD17B12	hydroxysteroid 17-beta dehydrogenase 12 [Source:HGNC Symbol;Acc:HGNC:18646]	0.37524545	
DCTN4	dynactin subunit 4 [Source:HGNC Symbol;Acc:HGNC:15518]	0.37502357	
YIF1B	Yip1 interacting factor homolog B, membrane trafficking protein [Source:HGNC Symbol;Acc:HGNC:30511]	0.3748489	
TTF2	transcription termination factor 2 [Source:HGNC Symbol;Acc:HGNC:12398]	0.37467083	
OSTC	oligosaccharyltransferase complex non-catalytic subunit [Source:HGNC Symbol;Acc:HGNC:24448]	0.37434164	
OST4	oligosaccharyltransferase complex subunit 4, non-catalytic [Source:HGNC Symbol;Acc:HGNC:32483]	0.37424958	
TP53I11	tumor protein p53 inducible protein 11 [Source:HGNC Symbol;Acc:HGNC:16842]	0.37418813	
ANAPC13	anaphase promoting complex subunit 13 [Source:HGNC Symbol;Acc:HGNC:24540]	0.37411517	
NDUFA5	NADH:ubiquinone oxidoreductase subunit A5 [Source:HGNC Symbol;Acc:HGNC:7688]	0.37399766	
ARHGAP19	Rho GTPase activating protein 19 [Source:HGNC Symbol;Acc:HGNC:23724]	0.37226364	
PIN1	peptidylprolyl cis/trans isomerase, NIMA-interacting 1 [Source:HGNC Symbol;Acc:HGNC:8988]	0.3718096	
NDUFB5	NADH:ubiquinone oxidoreductase subunit B5 [Source:HGNC Symbol;Acc:HGNC:7700]	0.37153423	
RGS10	regulator of G protein signaling 10 [Source:HGNC Symbol;Acc:HGNC:9992]	0.37093154	
SS18	SS18 subunit of BAF chromatin remodeling complex [Source:HGNC Symbol;Acc:HGNC:11340]	0.37067258	
CDKN2D	cyclin dependent kinase inhibitor 2D [Source:HGNC Symbol;Acc:HGNC:1790]	0.37051687	
NDUFA12	NADH:ubiquinone oxidoreductase subunit A12 [Source:HGNC Symbol;Acc:HGNC:23987]	0.37051392	
CHKA	choline kinase alpha [Source:HGNC Symbol;Acc:HGNC:1937]	0.370024	
RHOA	ras homolog family member A [Source:HGNC Symbol;Acc:HGNC:667]	0.36956957	
SLC66A2	solute carrier family 66 member 2 [Source:HGNC Symbol;Acc:HGNC:26188]	0.3694997	
MAZ	MYC associated zinc finger protein [Source:HGNC Symbol;Acc:HGNC:6914]	0.36874476	
RGS3	regulator of G protein signaling 3 [Source:HGNC Symbol;Acc:HGNC:9999]	0.3686512	
DAZAP2	DAZ associated protein 2 [Source:HGNC Symbol;Acc:HGNC:2684]	0.36853552	
THOC7	THO complex subunit 7 [Source:HGNC Symbol;Acc:HGNC:29874]	0.36835006	
COPS6	COP9 signalosome subunit 6 [Source:HGNC Symbol;Acc:HGNC:21749]	0.36834618	
VARS1	valyl-tRNA synthetase 1 [Source:HGNC Symbol;Acc:HGNC:12651]	0.36759818	
TCEA1	transcription elongation factor A1 [Source:HGNC Symbol;Acc:HGNC:11612]	0.36751285	
CCNE2	cyclin E2 [Source:HGNC Symbol;Acc:HGNC:1590]	0.3670026	
TTK	TTK protein kinase [Source:HGNC Symbol;Acc:HGNC:12401]	0.36669877	
EIF4A3	eukaryotic translation initiation factor 4A3 [Source:HGNC Symbol;Acc:HGNC:18683]	0.36668614	
ZBTB8OS	zinc finger and BTB domain containing 8 opposite strand [Source:HGNC Symbol;Acc:HGNC:24094]	0.36550772	
UBAP2	ubiquitin associated protein 2 [Source:HGNC Symbol;Acc:HGNC:14185]	0.36540496	
LARP7	La ribonucleoprotein 7, transcriptional regulator [Source:HGNC Symbol;Acc:HGNC:24912]	0.36538142	
EHMT2	euchromatic histone lysine methyltransferase 2 [Source:HGNC Symbol;Acc:HGNC:14129]	0.36510253	
SRSF9	serine and arginine rich splicing factor 9 [Source:HGNC Symbol;Acc:HGNC:10791]	0.36502388	
PACSIN2	protein kinase C and casein kinase substrate in neurons 2 [Source:HGNC Symbol;Acc:HGNC:8571]	0.36453912	
REEP3	receptor accessory protein 3 [Source:HGNC Symbol;Acc:HGNC:23711]	0.36430755	
ARF6	ADP ribosylation factor 6 [Source:HGNC Symbol;Acc:HGNC:659]	0.3640441	
SLC43A3	solute carrier family 43 member 3 [Source:HGNC Symbol;Acc:HGNC:17466]	0.3638939	
HAUS4	HAUS augmin like complex subunit 4 [Source:HGNC Symbol;Acc:HGNC:20163]	0.36376265	
PSMC2	proteasome 26S subunit, ATPase 2 [Source:HGNC Symbol;Acc:HGNC:9548]	0.363708	
UBXN1	UBX domain protein 1 [Source:HGNC Symbol;Acc:HGNC:18402]	0.36369553	
MRPS18C	mitochondrial ribosomal protein S18C [Source:HGNC Symbol;Acc:HGNC:16633]	0.363671	
ZC3H15	zinc finger CCCH-type containing 15 [Source:HGNC Symbol;Acc:HGNC:29528]	0.36352062	
MYEF2	myelin expression factor 2 [Source:HGNC Symbol;Acc:HGNC:17940]	0.3632563	
PTPRS	protein tyrosine phosphatase receptor type S [Source:HGNC Symbol;Acc:HGNC:9681]	0.3632083	
ABI2	abl interactor 2 [Source:HGNC Symbol;Acc:HGNC:24011]	0.3632055	
MRPS36	mitochondrial ribosomal protein S36 [Source:HGNC Symbol;Acc:HGNC:16631]	0.36317655	
PTPN11	protein tyrosine phosphatase non-receptor type 11 [Source:HGNC Symbol;Acc:HGNC:9644]	0.36206847	
PDCD1LG2	programmed cell death 1 ligand 2 [Source:HGNC Symbol;Acc:HGNC:18731]	0.362046	
H3C7	H3 clustered histone 7 [Source:HGNC Symbol;Acc:HGNC:4773]	0.36167178	
HP1BP3	heterochromatin protein 1 binding protein 3 [Source:HGNC Symbol;Acc:HGNC:24973]	0.3611611	
ATF1	activating transcription factor 1 [Source:HGNC Symbol;Acc:HGNC:783]	0.3611336	
CDC34	cell division cycle 34, ubiqiutin conjugating enzyme [Source:HGNC Symbol;Acc:HGNC:1734]	0.36085334	
PDZD11	PDZ domain containing 11 [Source:HGNC Symbol;Acc:HGNC:28034]	0.36046055	
RBX1	ring-box 1 [Source:HGNC Symbol;Acc:HGNC:9928]	0.3604321	
SERBP1	SERPINE1 mRNA binding protein 1 [Source:HGNC Symbol;Acc:HGNC:17860]	0.36028266	
ROMO1	reactive oxygen species modulator 1 [Source:HGNC Symbol;Acc:HGNC:16185]	0.3599704	
RPN1	ribophorin I [Source:HGNC Symbol;Acc:HGNC:10381]	0.35965127	
CCDC12	coiled-coil domain containing 12 [Source:HGNC Symbol;Acc:HGNC:28332]	0.3593629	
LAMTOR5	late endosomal/lysosomal adaptor, MAPK and MTOR activator 5 [Source:HGNC Symbol;Acc:HGNC:17955]	0.3584877	
PLK3	polo like kinase 3 [Source:HGNC Symbol;Acc:HGNC:2154]	0.35799003	
CCDC25	coiled-coil domain containing 25 [Source:HGNC Symbol;Acc:HGNC:25591]	0.35787657	
PPP2CA	protein phosphatase 2 catalytic subunit alpha [Source:HGNC Symbol;Acc:HGNC:9299]	0.3576465	
DPM3	dolichyl-phosphate mannosyltransferase subunit 3, regulatory [Source:HGNC Symbol;Acc:HGNC:3007]	0.35732412	
CDV3	CDV3 homolog [Source:HGNC Symbol;Acc:HGNC:26928]	0.35651305	
GINS1	GINS complex subunit 1 [Source:HGNC Symbol;Acc:HGNC:28980]	0.3563966	
EPB41L2	erythrocyte membrane protein band 4.1 like 2 [Source:HGNC Symbol;Acc:HGNC:3379]	0.35634384	
PRKCSH	protein kinase C substrate 80K-H [Source:HGNC Symbol;Acc:HGNC:9411]	0.3562584	
VCP	valosin containing protein [Source:HGNC Symbol;Acc:HGNC:12666]	0.35613844	
MRPS16	mitochondrial ribosomal protein S16 [Source:HGNC Symbol;Acc:HGNC:14048]	0.356135	
SSR1	signal sequence receptor subunit 1 [Source:HGNC Symbol;Acc:HGNC:11323]	0.3560106	
COMMD1	copper metabolism domain containing 1 [Source:HGNC Symbol;Acc:HGNC:23024]	0.35499942	
NANS	N-acetylneuraminate synthase [Source:HGNC Symbol;Acc:HGNC:19237]	0.35483357	
RAB5IF	RAB5 interacting factor [Source:HGNC Symbol;Acc:HGNC:15870]	0.35479695	
DDIT4	DNA damage inducible transcript 4 [Source:HGNC Symbol;Acc:HGNC:24944]	0.35423583	
HCCS	holocytochrome c synthase [Source:HGNC Symbol;Acc:HGNC:4837]	0.354146	
SRA1	steroid receptor RNA activator 1 [Source:HGNC Symbol;Acc:HGNC:11281]	0.35407016	
BCL2L15	BCL2 like 15 [Source:HGNC Symbol;Acc:HGNC:33624]	0.35360447	
BORA	BORA aurora kinase A activator [Source:HGNC Symbol;Acc:HGNC:24724]	0.35339397	
LRP10	LDL receptor related protein 10 [Source:HGNC Symbol;Acc:HGNC:14553]	0.35314357	
DPY30	dpy-30 histone methyltransferase complex regulatory subunit [Source:HGNC Symbol;Acc:HGNC:24590]	0.35304046	
SYNCRIP	synaptotagmin binding cytoplasmic RNA interacting protein [Source:HGNC Symbol;Acc:HGNC:16918]	0.35258296	
CD2	CD2 molecule [Source:HGNC Symbol;Acc:HGNC:1639]	0.35251507	
MRPL28	mitochondrial ribosomal protein L28 [Source:HGNC Symbol;Acc:HGNC:14484]	0.35249448	
BAZ1B	bromodomain adjacent to zinc finger domain 1B [Source:HGNC Symbol;Acc:HGNC:961]	0.35198605	
LSM12	LSM12 homolog [Source:HGNC Symbol;Acc:HGNC:26407]	0.3519216	
MRPL13	mitochondrial ribosomal protein L13 [Source:HGNC Symbol;Acc:HGNC:14278]	0.35164306	
PON2	paraoxonase 2 [Source:HGNC Symbol;Acc:HGNC:9205]	0.35151657	
CENPS	centromere protein S [Source:HGNC Symbol;Acc:HGNC:23163]	0.35068172	
NOL10	nucleolar protein 10 [Source:HGNC Symbol;Acc:HGNC:25862]	0.3504751	
CCL3	C-C motif chemokine ligand 3 [Source:HGNC Symbol;Acc:HGNC:10627]	0.3500244	
KPNA3	karyopherin subunit alpha 3 [Source:HGNC Symbol;Acc:HGNC:6396]	0.3498379	
FKBP8	FKBP prolyl isomerase 8 [Source:HGNC Symbol;Acc:HGNC:3724]	0.34977832	
ULBP1	UL16 binding protein 1 [Source:HGNC Symbol;Acc:HGNC:14893]	0.34885976	
CMPK1	cytidine/uridine monophosphate kinase 1 [Source:HGNC Symbol;Acc:HGNC:18170]	0.34875154	
KIF20A	kinesin family member 20A [Source:HGNC Symbol;Acc:HGNC:9787]	0.3486537	
GAS2L3	growth arrest specific 2 like 3 [Source:HGNC Symbol;Acc:HGNC:27475]	0.3486364	
CRMP1	collapsin response mediator protein 1 [Source:HGNC Symbol;Acc:HGNC:2365]	0.3482128	
BLMH	bleomycin hydrolase [Source:HGNC Symbol;Acc:HGNC:1059]	0.3476182	
TRPV2	transient receptor potential cation channel subfamily V member 2 [Source:HGNC Symbol;Acc:HGNC:18082]	0.34744778	
ENY2	ENY2 transcription and export complex 2 subunit [Source:HGNC Symbol;Acc:HGNC:24449]	0.34654436	
IRF2BP2	interferon regulatory factor 2 binding protein 2 [Source:HGNC Symbol;Acc:HGNC:21729]	0.34641495	
UNC119B	unc-119 lipid binding chaperone B [Source:HGNC Symbol;Acc:HGNC:16488]	0.34614694	
HNRNPA2B1	heterogeneous nuclear ribonucleoprotein A2/B1 [Source:HGNC Symbol;Acc:HGNC:5033]	0.3460893	
ACTL6A	actin like 6A [Source:HGNC Symbol;Acc:HGNC:24124]	0.34526533	
PSME2	proteasome activator subunit 2 [Source:HGNC Symbol;Acc:HGNC:9569]	0.3450937	
TSHZ1	teashirt zinc finger homeobox 1 [Source:HGNC Symbol;Acc:HGNC:10669]	0.3450099	
UFM1	ubiquitin fold modifier 1 [Source:HGNC Symbol;Acc:HGNC:20597]	0.34425828	
PLXDC2	plexin domain containing 2 [Source:HGNC Symbol;Acc:HGNC:21013]	0.34303534	
UBR5	ubiquitin protein ligase E3 component n-recognin 5 [Source:HGNC Symbol;Acc:HGNC:16806]	0.342827	
DST	dystonin [Source:HGNC Symbol;Acc:HGNC:1090]	0.34266946	
MYO16	myosin XVI [Source:HGNC Symbol;Acc:HGNC:29822]	0.34252128	
UBE2J2	ubiquitin conjugating enzyme E2 J2 [Source:HGNC Symbol;Acc:HGNC:19268]	0.34232798	
MYDGF	myeloid derived growth factor [Source:HGNC Symbol;Acc:HGNC:16948]	0.34228936	
WDHD1	WD repeat and HMG-box DNA binding protein 1 [Source:HGNC Symbol;Acc:HGNC:23170]	0.34127355	
ARID5B	AT-rich interaction domain 5B [Source:HGNC Symbol;Acc:HGNC:17362]	0.34053454	
RNF19B	ring finger protein 19B [Source:HGNC Symbol;Acc:HGNC:26886]	0.3405039	
NARS1	asparaginyl-tRNA synthetase 1 [Source:HGNC Symbol;Acc:HGNC:7643]	0.34039798	
RNF11	ring finger protein 11 [Source:HGNC Symbol;Acc:HGNC:10056]	0.34034172	
PSMB2	proteasome 20S subunit beta 2 [Source:HGNC Symbol;Acc:HGNC:9539]	0.3401508	
NAA10	N-alpha-acetyltransferase 10, NatA catalytic subunit [Source:HGNC Symbol;Acc:HGNC:18704]	0.3400608	
NHP2	NHP2 ribonucleoprotein [Source:HGNC Symbol;Acc:HGNC:14377]	0.3400357	
UBE2V1	ubiquitin conjugating enzyme E2 V1 [Source:HGNC Symbol;Acc:HGNC:12494]	0.3397046	
RDX	radixin [Source:HGNC Symbol;Acc:HGNC:9944]	0.3395054	
RAP2A	RAP2A, member of RAS oncogene family [Source:HGNC Symbol;Acc:HGNC:9861]	0.3386985	
NRM	nurim [Source:HGNC Symbol;Acc:HGNC:8003]	0.3386949	
TIMM50	translocase of inner mitochondrial membrane 50 [Source:HGNC Symbol;Acc:HGNC:23656]	0.33857942	
UBC	ubiquitin C [Source:HGNC Symbol;Acc:HGNC:12468]	0.33845174	
SAP30	Sin3A associated protein 30 [Source:HGNC Symbol;Acc:HGNC:10532]	0.33831358	
B9D2	B9 domain containing 2 [Source:HGNC Symbol;Acc:HGNC:28636]	0.3382939	
EED	embryonic ectoderm development [Source:HGNC Symbol;Acc:HGNC:3188]	0.3381632	
AUP1	AUP1 lipid droplet regulating VLDL assembly factor [Source:HGNC Symbol;Acc:HGNC:891]	0.33807525	
CIAO2B	cytosolic iron-sulfur assembly component 2B [Source:HGNC Symbol;Acc:HGNC:24261]	0.33801693	
BOLA3	bolA family member 3 [Source:HGNC Symbol;Acc:HGNC:24415]	0.3379749	
TNFAIP8	TNF alpha induced protein 8 [Source:HGNC Symbol;Acc:HGNC:17260]	0.33771116	
PSMD1	proteasome 26S subunit, non-ATPase 1 [Source:HGNC Symbol;Acc:HGNC:9554]	0.33760527	
P2RX7	purinergic receptor P2X 7 [Source:HGNC Symbol;Acc:HGNC:8537]	0.33743492	
PHB2	prohibitin 2 [Source:HGNC Symbol;Acc:HGNC:30306]	0.33734626	
ZFP91	ZFP91 zinc finger protein, atypical E3 ubiquitin ligase [Source:HGNC Symbol;Acc:HGNC:14983]	0.33651176	
GALM	galactose mutarotase [Source:HGNC Symbol;Acc:HGNC:24063]	0.33639696	
SYNE3	spectrin repeat containing nuclear envelope family member 3 [Source:HGNC Symbol;Acc:HGNC:19861]	0.33622864	
EPRS1	glutamyl-prolyl-tRNA synthetase 1 [Source:HGNC Symbol;Acc:HGNC:3418]	0.33615962	
CD83	CD83 molecule [Source:HGNC Symbol;Acc:HGNC:1703]	0.33588687	
PSMA7	proteasome 20S subunit alpha 7 [Source:HGNC Symbol;Acc:HGNC:9536]	0.3355404	
SLC25A19	solute carrier family 25 member 19 [Source:HGNC Symbol;Acc:HGNC:14409]	0.33552614	
YWHAB	tyrosine 3-monooxygenase/tryptophan 5-monooxygenase activation protein beta [Source:HGNC Symbol;Acc:HGNC:12849]	0.3350947	
NUP62	nucleoporin 62 [Source:HGNC Symbol;Acc:HGNC:8066]	0.33509266	
BECN1	beclin 1 [Source:HGNC Symbol;Acc:HGNC:1034]	0.33463597	
MAP1LC3B2	microtubule associated protein 1 light chain 3 beta 2 [Source:HGNC Symbol;Acc:HGNC:34390]	0.3338546	
ADSS2	adenylosuccinate synthase 2 [Source:HGNC Symbol;Acc:HGNC:292]	0.33379006	
STARD3NL	STARD3 N-terminal like [Source:HGNC Symbol;Acc:HGNC:19169]	0.33378366	
RPS26	ribosomal protein S26 [Source:HGNC Symbol;Acc:HGNC:10414]	0.33353686	
NFYB	nuclear transcription factor Y subunit beta [Source:HGNC Symbol;Acc:HGNC:7805]	0.3333363	
FCHO1	FCH and mu domain containing endocytic adaptor 1 [Source:HGNC Symbol;Acc:HGNC:29002]	0.33327216	
SOAT1	sterol O-acyltransferase 1 [Source:HGNC Symbol;Acc:HGNC:11177]	0.33305463	
NFKBIE	NFKB inhibitor epsilon [Source:HGNC Symbol;Acc:HGNC:7799]	0.3330514	
ATP1A1	ATPase Na+/K+ transporting subunit alpha 1 [Source:HGNC Symbol;Acc:HGNC:799]	0.33250597	
RAD54B	RAD54 homolog B [Source:HGNC Symbol;Acc:HGNC:17228]	0.33242133	
RPL28	ribosomal protein L28 [Source:HGNC Symbol;Acc:HGNC:10330]	0.33240703	
LUZP1	leucine zipper protein 1 [Source:HGNC Symbol;Acc:HGNC:14985]	0.33225027	
HADHA	hydroxyacyl-CoA dehydrogenase trifunctional multienzyme complex subunit alpha [Source:HGNC Symbol;Acc:HGNC:4801]	0.33199662	
WDR83OS	WD repeat domain 83 opposite strand [Source:HGNC Symbol;Acc:HGNC:30203]	0.33180645	
NONO	non-POU domain containing octamer binding [Source:HGNC Symbol;Acc:HGNC:7871]	0.33164296	
RER1	retention in endoplasmic reticulum sorting receptor 1 [Source:HGNC Symbol;Acc:HGNC:30309]	0.3315417	
CCDC18	coiled-coil domain containing 18 [Source:HGNC Symbol;Acc:HGNC:30370]	0.33152565	
METRN	meteorin, glial cell differentiation regulator [Source:HGNC Symbol;Acc:HGNC:14151]	0.33127743	
UBA2	ubiquitin like modifier activating enzyme 2 [Source:HGNC Symbol;Acc:HGNC:30661]	0.3311629	
HNRNPU	heterogeneous nuclear ribonucleoprotein U [Source:HGNC Symbol;Acc:HGNC:5048]	0.3310631	
WDFY2	WD repeat and FYVE domain containing 2 [Source:HGNC Symbol;Acc:HGNC:20482]	0.3310338	
DEPDC1B	DEP domain containing 1B [Source:HGNC Symbol;Acc:HGNC:24902]	0.3308962	
BRD9	bromodomain containing 9 [Source:HGNC Symbol;Acc:HGNC:25818]	0.33084098	
DPH3	diphthamide biosynthesis 3 [Source:HGNC Symbol;Acc:HGNC:27717]	0.3307897	
ARPC2	actin related protein 2/3 complex subunit 2 [Source:HGNC Symbol;Acc:HGNC:705]	0.3303133	
CDCA7	cell division cycle associated 7 [Source:HGNC Symbol;Acc:HGNC:14628]	0.33010256	
FRMD4B	FERM domain containing 4B [Source:HGNC Symbol;Acc:HGNC:24886]	0.329778	
CD101	CD101 molecule [Source:HGNC Symbol;Acc:HGNC:5949]	0.32957402	
CITED2	Cbp/p300 interacting transactivator with Glu/Asp rich carboxy-terminal domain 2 [Source:HGNC Symbol;Acc:HGNC:1987]	0.3290459	
CNDP2	carnosine dipeptidase 2 [Source:HGNC Symbol;Acc:HGNC:24437]	0.32892203	
NDUFAB1	NADH:ubiquinone oxidoreductase subunit AB1 [Source:HGNC Symbol;Acc:HGNC:7694]	0.3285967	
ALAD	aminolevulinate dehydratase [Source:HGNC Symbol;Acc:HGNC:395]	0.3285904	
AGPAT4	1-acylglycerol-3-phosphate O-acyltransferase 4 [Source:HGNC Symbol;Acc:HGNC:20885]	0.3282899	
ERP29	endoplasmic reticulum protein 29 [Source:HGNC Symbol;Acc:HGNC:13799]	0.3281153	
NFKB2	nuclear factor kappa B subunit 2 [Source:HGNC Symbol;Acc:HGNC:7795]	0.3275209	
RCC1	regulator of chromosome condensation 1 [Source:HGNC Symbol;Acc:HGNC:1913]	0.3274693	
EZR	ezrin [Source:HGNC Symbol;Acc:HGNC:12691]	0.3274266	
CD38	CD38 molecule [Source:HGNC Symbol;Acc:HGNC:1667]	0.3273659	
FAM89B	family with sequence similarity 89 member B [Source:HGNC Symbol;Acc:HGNC:16708]	0.32649514	
MCM10	minichromosome maintenance 10 replication initiation factor [Source:HGNC Symbol;Acc:HGNC:18043]	0.3263705	
THRAP3	thyroid hormone receptor associated protein 3 [Source:HGNC Symbol;Acc:HGNC:22964]	0.32613072	
CDK2AP1	cyclin dependent kinase 2 associated protein 1 [Source:HGNC Symbol;Acc:HGNC:14002]	0.32607055	
CENPN	centromere protein N [Source:HGNC Symbol;Acc:HGNC:30873]	0.3254175	
UGP2	UDP-glucose pyrophosphorylase 2 [Source:HGNC Symbol;Acc:HGNC:12527]	0.3253719	
ODF2	outer dense fiber of sperm tails 2 [Source:HGNC Symbol;Acc:HGNC:8114]	0.32510576	
XDH	xanthine dehydrogenase [Source:HGNC Symbol;Acc:HGNC:12805]	0.32493198	
PSMD6	proteasome 26S subunit, non-ATPase 6 [Source:HGNC Symbol;Acc:HGNC:9564]	0.32453826	
POLE2	DNA polymerase epsilon 2, accessory subunit [Source:HGNC Symbol;Acc:HGNC:9178]	0.32443598	
MNS1	meiosis specific nuclear structural 1 [Source:HGNC Symbol;Acc:HGNC:29636]	0.32386646	
GPI	glucose-6-phosphate isomerase [Source:HGNC Symbol;Acc:HGNC:4458]	0.32350138	
CAMK2N1	calcium/calmodulin dependent protein kinase II inhibitor 1 [Source:HGNC Symbol;Acc:HGNC:24190]	0.32339907	
RAB8A	RAB8A, member RAS oncogene family [Source:HGNC Symbol;Acc:HGNC:7007]	0.32331276	
MBD3	methyl-CpG binding domain protein 3 [Source:HGNC Symbol;Acc:HGNC:6918]	0.32301953	
SKA3	spindle and kinetochore associated complex subunit 3 [Source:HGNC Symbol;Acc:HGNC:20262]	0.3227672	
TIMM17A	translocase of inner mitochondrial membrane 17A [Source:HGNC Symbol;Acc:HGNC:17315]	0.32219064	
TUBGCP2	tubulin gamma complex associated protein 2 [Source:HGNC Symbol;Acc:HGNC:18599]	0.3219539	
GRN	granulin precursor [Source:HGNC Symbol;Acc:HGNC:4601]	0.3218495	
AIMP1	aminoacyl tRNA synthetase complex interacting multifunctional protein 1 [Source:HGNC Symbol;Acc:HGNC:10648]	0.32174918	
MAP3K5	mitogen-activated protein kinase kinase kinase 5 [Source:HGNC Symbol;Acc:HGNC:6857]	0.32157162	
TMEM126A	transmembrane protein 126A [Source:HGNC Symbol;Acc:HGNC:25382]	0.3214485	
TMED3	transmembrane p24 trafficking protein 3 [Source:HGNC Symbol;Acc:HGNC:28889]	0.32130986	
BRK1	BRICK1 subunit of SCAR/WAVE actin nucleating complex [Source:HGNC Symbol;Acc:HGNC:23057]	0.321264	
KIFC1	kinesin family member C1 [Source:HGNC Symbol;Acc:HGNC:6389]	0.3206516	
HASPIN	histone H3 associated protein kinase [Source:HGNC Symbol;Acc:HGNC:19682]	0.3204508	
CETN2	centrin 2 [Source:HGNC Symbol;Acc:HGNC:1867]	0.3200161	
LMF2	lipase maturation factor 2 [Source:HGNC Symbol;Acc:HGNC:25096]	0.31939813	
PSMC1	proteasome 26S subunit, ATPase 1 [Source:HGNC Symbol;Acc:HGNC:9547]	0.31859943	
GABARAPL1	GABA type A receptor associated protein like 1 [Source:HGNC Symbol;Acc:HGNC:4068]	0.31754068	
DCTN2	dynactin subunit 2 [Source:HGNC Symbol;Acc:HGNC:2712]	0.31713307	
MAP7D1	MAP7 domain containing 1 [Source:HGNC Symbol;Acc:HGNC:25514]	0.31708127	
PSAT1	phosphoserine aminotransferase 1 [Source:HGNC Symbol;Acc:HGNC:19129]	0.31686255	
GPSM2	G protein signaling modulator 2 [Source:HGNC Symbol;Acc:HGNC:29501]	0.31672764	
LUC7L2	LUC7 like 2, pre-mRNA splicing factor [Source:HGNC Symbol;Acc:HGNC:21608]	0.31654012	
MLF1	myeloid leukemia factor 1 [Source:HGNC Symbol;Acc:HGNC:7125]	0.31635463	
RPL35	ribosomal protein L35 [Source:HGNC Symbol;Acc:HGNC:10344]	0.31614047	
TSC22D4	TSC22 domain family member 4 [Source:HGNC Symbol;Acc:HGNC:21696]	0.3161127	
TRIB1	tribbles pseudokinase 1 [Source:HGNC Symbol;Acc:HGNC:16891]	0.3159	
H2BC4	H2B clustered histone 4 [Source:HGNC Symbol;Acc:HGNC:4757]	0.31579965	
RAB1B	RAB1B, member RAS oncogene family [Source:HGNC Symbol;Acc:HGNC:18370]	0.31571805	
PTPN3	protein tyrosine phosphatase non-receptor type 3 [Source:HGNC Symbol;Acc:HGNC:9655]	0.31556588	
RPS6KA5	ribosomal protein S6 kinase A5 [Source:HGNC Symbol;Acc:HGNC:10434]	0.3152261	
PARK7	Parkinsonism associated deglycase [Source:HGNC Symbol;Acc:HGNC:16369]	0.3151717	
MAPK3	mitogen-activated protein kinase 3 [Source:HGNC Symbol;Acc:HGNC:6877]	0.31511995	
INTS7	integrator complex subunit 7 [Source:HGNC Symbol;Acc:HGNC:24484]	0.31500554	
PYCARD	PYD and CARD domain containing [Source:HGNC Symbol;Acc:HGNC:16608]	0.31484511	
DOT1L	DOT1 like histone lysine methyltransferase [Source:HGNC Symbol;Acc:HGNC:24948]	0.31484348	
KRAS	KRAS proto-oncogene, GTPase [Source:HGNC Symbol;Acc:HGNC:6407]	0.31467023	
ATP6V0E1	ATPase H+ transporting V0 subunit e1 [Source:HGNC Symbol;Acc:HGNC:863]	0.31401187	
STK24	serine/threonine kinase 24 [Source:HGNC Symbol;Acc:HGNC:11403]	0.3139178	
RIPK3	receptor interacting serine/threonine kinase 3 [Source:HGNC Symbol;Acc:HGNC:10021]	0.31358692	
CUEDC2	CUE domain containing 2 [Source:HGNC Symbol;Acc:HGNC:28352]	0.31311554	
PPME1	protein phosphatase methylesterase 1 [Source:HGNC Symbol;Acc:HGNC:30178]	0.3131015	
SKAP2	src kinase associated phosphoprotein 2 [Source:HGNC Symbol;Acc:HGNC:15687]	0.31307232	
SPCS2	signal peptidase complex subunit 2 [Source:HGNC Symbol;Acc:HGNC:28962]	0.3125394	
ATP5F1C	ATP synthase F1 subunit gamma [Source:HGNC Symbol;Acc:HGNC:833]	0.3123371	
ILK	integrin linked kinase [Source:HGNC Symbol;Acc:HGNC:6040]	0.31213978	
PMVK	phosphomevalonate kinase [Source:HGNC Symbol;Acc:HGNC:9141]	0.3120493	
DNAJC2	DnaJ heat shock protein family (Hsp40) member C2 [Source:HGNC Symbol;Acc:HGNC:13192]	0.311516	
AP3S1	adaptor related protein complex 3 subunit sigma 1 [Source:HGNC Symbol;Acc:HGNC:2013]	0.3114882	
RAB4B	RAB4B, member RAS oncogene family [Source:HGNC Symbol;Acc:HGNC:9782]	0.3114837	
SMARCC1	SWI/SNF related, matrix associated, actin dependent regulator of chromatin subfamily c member 1 [Source:HGNC Symbol;Acc:HGNC:11104]	0.31132728	
KDM6B	lysine demethylase 6B [Source:HGNC Symbol;Acc:HGNC:29012]	0.31111172	
HNRNPK	heterogeneous nuclear ribonucleoprotein K [Source:HGNC Symbol;Acc:HGNC:5044]	0.31042153	
PSMD4	proteasome 26S subunit ubiquitin receptor, non-ATPase 4 [Source:HGNC Symbol;Acc:HGNC:9561]	0.31041378	
DHRS1	dehydrogenase/reductase 1 [Source:HGNC Symbol;Acc:HGNC:16445]	0.31036884	
POC1A	POC1 centriolar protein A [Source:HGNC Symbol;Acc:HGNC:24488]	0.31028083	
ZC3HAV1	zinc finger CCCH-type containing, antiviral 1 [Source:HGNC Symbol;Acc:HGNC:23721]	0.31023717	
ABCB1	ATP binding cassette subfamily B member 1 [Source:HGNC Symbol;Acc:HGNC:40]	0.31021437	
RNPEP	arginyl aminopeptidase [Source:HGNC Symbol;Acc:HGNC:10078]	0.3100975	
NT5DC3	5'-nucleotidase domain containing 3 [Source:HGNC Symbol;Acc:HGNC:30826]	0.3099605	
GNAQ	G protein subunit alpha q [Source:HGNC Symbol;Acc:HGNC:4390]	0.30993876	
C17orf49	chromosome 17 open reading frame 49 [Source:HGNC Symbol;Acc:HGNC:28737]	0.3098988	
STAT4	signal transducer and activator of transcription 4 [Source:HGNC Symbol;Acc:HGNC:11365]	0.30974737	
NABP1	nucleic acid binding protein 1 [Source:HGNC Symbol;Acc:HGNC:26232]	0.30972353	
ARL6IP4	ADP ribosylation factor like GTPase 6 interacting protein 4 [Source:HGNC Symbol;Acc:HGNC:18076]	0.30968428	
TCF4	transcription factor 4 [Source:HGNC Symbol;Acc:HGNC:11634]	0.3096232	
MTPN	myotrophin [Source:HGNC Symbol;Acc:HGNC:15667]	0.30940753	
GALNT3	polypeptide N-acetylgalactosaminyltransferase 3 [Source:HGNC Symbol;Acc:HGNC:4125]	0.30905697	
CDIN1	CDAN1 interacting nuclease 1 [Source:HGNC Symbol;Acc:HGNC:26929]	0.308163	
SELENOF	selenoprotein F [Source:HGNC Symbol;Acc:HGNC:17705]	0.30794305	
GNPDA1	glucosamine-6-phosphate deaminase 1 [Source:HGNC Symbol;Acc:HGNC:4417]	0.3077069	
TFRC	transferrin receptor [Source:HGNC Symbol;Acc:HGNC:11763]	0.3075503	
CTSA	cathepsin A [Source:HGNC Symbol;Acc:HGNC:9251]	0.3074369	
PCBP1	poly(rC) binding protein 1 [Source:HGNC Symbol;Acc:HGNC:8647]	0.30729768	
GPX4	glutathione peroxidase 4 [Source:HGNC Symbol;Acc:HGNC:4556]	0.30709374	
PEBP1	phosphatidylethanolamine binding protein 1 [Source:HGNC Symbol;Acc:HGNC:8630]	0.30707952	
MORF4L1	mortality factor 4 like 1 [Source:HGNC Symbol;Acc:HGNC:16989]	0.3070576	
SV2C	synaptic vesicle glycoprotein 2C [Source:HGNC Symbol;Acc:HGNC:30670]	0.3068151	
TP53I13	tumor protein p53 inducible protein 13 [Source:HGNC Symbol;Acc:HGNC:25102]	0.30653572	
DGKG	diacylglycerol kinase gamma [Source:HGNC Symbol;Acc:HGNC:2853]	0.30639863	
PSMD2	proteasome 26S subunit ubiquitin receptor, non-ATPase 2 [Source:HGNC Symbol;Acc:HGNC:9559]	0.3055452	
CHAF1B	chromatin assembly factor 1 subunit B [Source:HGNC Symbol;Acc:HGNC:1911]	0.30529675	
SRI	sorcin [Source:HGNC Symbol;Acc:HGNC:11292]	0.3052848	
ANXA6	annexin A6 [Source:HGNC Symbol;Acc:HGNC:544]	0.30520123	
TAX1BP1	Tax1 binding protein 1 [Source:HGNC Symbol;Acc:HGNC:11575]	0.30492315	
BOLA2	bolA family member 2 [Source:HGNC Symbol;Acc:HGNC:29488]	0.3043782	
NFATC1	nuclear factor of activated T cells 1 [Source:HGNC Symbol;Acc:HGNC:7775]	0.304065	
LMAN1	lectin, mannose binding 1 [Source:HGNC Symbol;Acc:HGNC:6631]	0.3033012	
PIK3AP1	phosphoinositide-3-kinase adaptor protein 1 [Source:HGNC Symbol;Acc:HGNC:30034]	0.30274412	
B3GNT2	UDP-GlcNAc:betaGal beta-1,3-N-acetylglucosaminyltransferase 2 [Source:HGNC Symbol;Acc:HGNC:15629]	0.30267623	
GBP4	guanylate binding protein 4 [Source:HGNC Symbol;Acc:HGNC:20480]	0.30231366	
ATF4	activating transcription factor 4 [Source:HGNC Symbol;Acc:HGNC:786]	0.30210716	
PIM3	Pim-3 proto-oncogene, serine/threonine kinase [Source:HGNC Symbol;Acc:HGNC:19310]	0.30175558	
SNX25	sorting nexin 25 [Source:HGNC Symbol;Acc:HGNC:21883]	0.30164257	
GCH1	GTP cyclohydrolase 1 [Source:HGNC Symbol;Acc:HGNC:4193]	0.30135742	
TBC1D4	TBC1 domain family member 4 [Source:HGNC Symbol;Acc:HGNC:19165]	0.30133647	
PNP	purine nucleoside phosphorylase [Source:HGNC Symbol;Acc:HGNC:7892]	0.3013212	
GSPT1	G1 to S phase transition 1 [Source:HGNC Symbol;Acc:HGNC:4621]	0.30093634	
CDC37	cell division cycle 37, HSP90 cochaperone [Source:HGNC Symbol;Acc:HGNC:1735]	0.3006899	
HNRNPDL	heterogeneous nuclear ribonucleoprotein D like [Source:HGNC Symbol;Acc:HGNC:5037]	0.30054182	
EFCAB11	EF-hand calcium binding domain 11 [Source:HGNC Symbol;Acc:HGNC:20357]	0.3002277	
APLP2	amyloid beta precursor like protein 2 [Source:HGNC Symbol;Acc:HGNC:598]	0.30009326	
BSPRY	B-box and SPRY domain containing [Source:HGNC Symbol;Acc:HGNC:18232]	0.29959854	
SCYL2	SCY1 like pseudokinase 2 [Source:HGNC Symbol;Acc:HGNC:19286]	0.29935035	
ERG28	ergosterol biosynthesis 28 homolog [Source:HGNC Symbol;Acc:HGNC:1187]	0.29927698	
NT5C3B	5'-nucleotidase, cytosolic IIIB [Source:HGNC Symbol;Acc:HGNC:28300]	0.299273	
MVB12A	multivesicular body subunit 12A [Source:HGNC Symbol;Acc:HGNC:25153]	0.29915875	
AXL	AXL receptor tyrosine kinase [Source:HGNC Symbol;Acc:HGNC:905]	0.29915434	
EIF4EBP1	eukaryotic translation initiation factor 4E binding protein 1 [Source:HGNC Symbol;Acc:HGNC:3288]	0.29904538	
PLEKHB2	pleckstrin homology domain containing B2 [Source:HGNC Symbol;Acc:HGNC:19236]	0.29901028	
KHSRP	KH-type splicing regulatory protein [Source:HGNC Symbol;Acc:HGNC:6316]	0.2987582	
TMCO1	transmembrane and coiled-coil domains 1 [Source:HGNC Symbol;Acc:HGNC:18188]	0.2986678	
TFDP2	transcription factor Dp-2 [Source:HGNC Symbol;Acc:HGNC:11751]	0.2984607	
TOB2	transducer of ERBB2, 2 [Source:HGNC Symbol;Acc:HGNC:11980]	0.29819575	
SNAPC5	small nuclear RNA activating complex polypeptide 5 [Source:HGNC Symbol;Acc:HGNC:15484]	0.29815766	
AQP3	aquaporin 3 (Gill blood group) [Source:HGNC Symbol;Acc:HGNC:636]	0.29810512	
BCL3	BCL3 transcription coactivator [Source:HGNC Symbol;Acc:HGNC:998]	0.2979447	
STK38L	serine/threonine kinase 38 like [Source:HGNC Symbol;Acc:HGNC:17848]	0.29780322	
PPP2R3A	protein phosphatase 2 regulatory subunit B''alpha [Source:HGNC Symbol;Acc:HGNC:9307]	0.29763976	
PSMA2	proteasome 20S subunit alpha 2 [Source:HGNC Symbol;Acc:HGNC:9531]	0.2976109	
MEAF6	MYST/Esa1 associated factor 6 [Source:HGNC Symbol;Acc:HGNC:25674]	0.29729828	
GOLIM4	golgi integral membrane protein 4 [Source:HGNC Symbol;Acc:HGNC:15448]	0.2970658	
LTA	lymphotoxin alpha [Source:HGNC Symbol;Acc:HGNC:6709]	0.29695326	
DPYSL2	dihydropyrimidinase like 2 [Source:HGNC Symbol;Acc:HGNC:3014]	0.29684278	
VPS36	vacuolar protein sorting 36 homolog [Source:HGNC Symbol;Acc:HGNC:20312]	0.296842	
IRAG2	inositol 1,4,5-triphosphate receptor associated 2 [Source:HGNC Symbol;Acc:HGNC:6690]	0.29642987	
CAP1	cyclase associated actin cytoskeleton regulatory protein 1 [Source:HGNC Symbol;Acc:HGNC:20040]	0.29639417	
NAA20	N-alpha-acetyltransferase 20, NatB catalytic subunit [Source:HGNC Symbol;Acc:HGNC:15908]	0.29636994	
AREG	amphiregulin [Source:HGNC Symbol;Acc:HGNC:651]	0.2963256	
SNRPB2	small nuclear ribonucleoprotein polypeptide B2 [Source:HGNC Symbol;Acc:HGNC:11155]	0.29608634	
BAK1	BCL2 antagonist/killer 1 [Source:HGNC Symbol;Acc:HGNC:949]	0.29581234	
VBP1	VHL binding protein 1 [Source:HGNC Symbol;Acc:HGNC:12662]	0.29564884	
RNF10	ring finger protein 10 [Source:HGNC Symbol;Acc:HGNC:10055]	0.29564714	
MATK	megakaryocyte-associated tyrosine kinase [Source:HGNC Symbol;Acc:HGNC:6906]	0.29549968	
PSMA6	proteasome 20S subunit alpha 6 [Source:HGNC Symbol;Acc:HGNC:9535]	0.2953871	
GGTA1	glycoprotein alpha-galactosyltransferase 1 (inactive) [Source:HGNC Symbol;Acc:HGNC:4253]	0.295379	
NDUFB3	NADH:ubiquinone oxidoreductase subunit B3 [Source:HGNC Symbol;Acc:HGNC:7698]	0.2948873	
METRNL	meteorin like, glial cell differentiation regulator [Source:HGNC Symbol;Acc:HGNC:27584]	0.29442275	
POLR2E	RNA polymerase II, I and III subunit E [Source:HGNC Symbol;Acc:HGNC:9192]	0.29381588	
GGH	gamma-glutamyl hydrolase [Source:HGNC Symbol;Acc:HGNC:4248]	0.2933001	
CHEK1	checkpoint kinase 1 [Source:HGNC Symbol;Acc:HGNC:1925]	0.29308447	
NDUFB2	NADH:ubiquinone oxidoreductase subunit B2 [Source:HGNC Symbol;Acc:HGNC:7697]	0.29244682	
NDUFA7	NADH:ubiquinone oxidoreductase subunit A7 [Source:HGNC Symbol;Acc:HGNC:7691]	0.29221782	
EMC3	ER membrane protein complex subunit 3 [Source:HGNC Symbol;Acc:HGNC:23999]	0.29217607	
EMC7	ER membrane protein complex subunit 7 [Source:HGNC Symbol;Acc:HGNC:24301]	0.2919858	
GHITM	growth hormone inducible transmembrane protein [Source:HGNC Symbol;Acc:HGNC:17281]	0.29194808	
BZW1	basic leucine zipper and W2 domains 1 [Source:HGNC Symbol;Acc:HGNC:18380]	0.2918741	
ALPK2	alpha kinase 2 [Source:HGNC Symbol;Acc:HGNC:20565]	0.2917149	
UBR7	ubiquitin protein ligase E3 component n-recognin 7 [Source:HGNC Symbol;Acc:HGNC:20344]	0.2913476	
FUCA1	alpha-L-fucosidase 1 [Source:HGNC Symbol;Acc:HGNC:4006]	0.29132843	
HNRNPUL1	heterogeneous nuclear ribonucleoprotein U like 1 [Source:HGNC Symbol;Acc:HGNC:17011]	0.290664	
CUTA	cutA divalent cation tolerance homolog [Source:HGNC Symbol;Acc:HGNC:21101]	0.2904045	
SLC4A8	solute carrier family 4 member 8 [Source:HGNC Symbol;Acc:HGNC:11034]	0.28992274	
TIMM10B	translocase of inner mitochondrial membrane 10B [Source:HGNC Symbol;Acc:HGNC:4022]	0.28951648	
ANXA5	annexin A5 [Source:HGNC Symbol;Acc:HGNC:543]	0.2894355	
EIF3A	eukaryotic translation initiation factor 3 subunit A [Source:HGNC Symbol;Acc:HGNC:3271]	0.28930998	
TIMM13	translocase of inner mitochondrial membrane 13 [Source:HGNC Symbol;Acc:HGNC:11816]	0.28900486	
EMSY	EMSY transcriptional repressor, BRCA2 interacting [Source:HGNC Symbol;Acc:HGNC:18071]	0.2887926	
STK39	serine/threonine kinase 39 [Source:HGNC Symbol;Acc:HGNC:17717]	0.28874457	
MFSD10	major facilitator superfamily domain containing 10 [Source:HGNC Symbol;Acc:HGNC:16894]	0.28863424	
KLRK1	killer cell lectin like receptor K1 [Source:HGNC Symbol;Acc:HGNC:18788]	0.28833026	
STARD4	StAR related lipid transfer domain containing 4 [Source:HGNC Symbol;Acc:HGNC:18058]	0.28825974	
G3BP1	G3BP stress granule assembly factor 1 [Source:HGNC Symbol;Acc:HGNC:30292]	0.28818876	
FRG1	FSHD region gene 1 [Source:HGNC Symbol;Acc:HGNC:3954]	0.28816417	
NDUFAF3	NADH:ubiquinone oxidoreductase complex assembly factor 3 [Source:HGNC Symbol;Acc:HGNC:29918]	0.28789836	
RNF7	ring finger protein 7 [Source:HGNC Symbol;Acc:HGNC:10070]	0.2878134	
ATP5F1B	ATP synthase F1 subunit beta [Source:HGNC Symbol;Acc:HGNC:830]	0.2871782	
EGLN3	egl-9 family hypoxia inducible factor 3 [Source:HGNC Symbol;Acc:HGNC:14661]	0.28716654	
GINS4	GINS complex subunit 4 [Source:HGNC Symbol;Acc:HGNC:28226]	0.28708512	
DDT	D-dopachrome tautomerase [Source:HGNC Symbol;Acc:HGNC:2732]	0.28680158	
NOTCH2	notch receptor 2 [Source:HGNC Symbol;Acc:HGNC:7882]	0.28653243	
ADIPOR1	adiponectin receptor 1 [Source:HGNC Symbol;Acc:HGNC:24040]	0.28619182	
NDUFAF8	NADH:ubiquinone oxidoreductase complex assembly factor 8 [Source:HGNC Symbol;Acc:HGNC:33551]	0.28600508	
FHL2	four and a half LIM domains 2 [Source:HGNC Symbol;Acc:HGNC:3703]	0.28554404	
TMEM97	transmembrane protein 97 [Source:HGNC Symbol;Acc:HGNC:28106]	0.28554133	
DERL2	derlin 2 [Source:HGNC Symbol;Acc:HGNC:17943]	0.28537253	
POLE3	DNA polymerase epsilon 3, accessory subunit [Source:HGNC Symbol;Acc:HGNC:13546]	0.2850929	
MICOS13	mitochondrial contact site and cristae organizing system subunit 13 [Source:HGNC Symbol;Acc:HGNC:33702]	0.2848086	
ST13	ST13 Hsp70 interacting protein [Source:HGNC Symbol;Acc:HGNC:11343]	0.28474137	
CD3D	CD3 delta subunit of T-cell receptor complex [Source:HGNC Symbol;Acc:HGNC:1673]	0.2845306	
GLMP	glycosylated lysosomal membrane protein [Source:HGNC Symbol;Acc:HGNC:29436]	0.28435	
IER3IP1	immediate early response 3 interacting protein 1 [Source:HGNC Symbol;Acc:HGNC:18550]	0.2842324	
STRAP	serine/threonine kinase receptor associated protein [Source:HGNC Symbol;Acc:HGNC:30796]	0.28410074	
PKP4	plakophilin 4 [Source:HGNC Symbol;Acc:HGNC:9026]	0.28402245	
ATP10A	ATPase phospholipid transporting 10A (putative) [Source:HGNC Symbol;Acc:HGNC:13542]	0.28380972	
CTDSPL2	CTD small phosphatase like 2 [Source:HGNC Symbol;Acc:HGNC:26936]	0.28375334	
VPS28	VPS28 subunit of ESCRT-I [Source:HGNC Symbol;Acc:HGNC:18178]	0.28357667	
CD200	CD200 molecule [Source:HGNC Symbol;Acc:HGNC:7203]	0.28355312	
CEMIP2	cell migration inducing hyaluronidase 2 [Source:HGNC Symbol;Acc:HGNC:11869]	0.2835414	
MYO5A	myosin VA [Source:HGNC Symbol;Acc:HGNC:7602]	0.28311154	
MPDU1	mannose-P-dolichol utilization defect 1 [Source:HGNC Symbol;Acc:HGNC:7207]	0.2829802	
YIPF3	Yip1 domain family member 3 [Source:HGNC Symbol;Acc:HGNC:21023]	0.2828102	
PPIH	peptidylprolyl isomerase H [Source:HGNC Symbol;Acc:HGNC:14651]	0.2827098	
PSMB9	proteasome 20S subunit beta 9 [Source:HGNC Symbol;Acc:HGNC:9546]	0.28244114	
MARCKSL1	MARCKS like 1 [Source:HGNC Symbol;Acc:HGNC:7142]	0.2822023	
NCBP2	nuclear cap binding protein subunit 2 [Source:HGNC Symbol;Acc:HGNC:7659]	0.2821041	
AIM2	absent in melanoma 2 [Source:HGNC Symbol;Acc:HGNC:357]	0.28206378	
DDA1	DET1 and DDB1 associated 1 [Source:HGNC Symbol;Acc:HGNC:28360]	0.28176376	
DDX1	DEAD-box helicase 1 [Source:HGNC Symbol;Acc:HGNC:2734]	0.2816104	
GOLPH3	golgi phosphoprotein 3 [Source:HGNC Symbol;Acc:HGNC:15452]	0.28160125	
DCAF15	DDB1 and CUL4 associated factor 15 [Source:HGNC Symbol;Acc:HGNC:25095]	0.2815546	
IL3RA	interleukin 3 receptor subunit alpha [Source:HGNC Symbol;Acc:HGNC:6012]	0.28132942	
DENR	density regulated re-initiation and release factor [Source:HGNC Symbol;Acc:HGNC:2769]	0.28092077	
CD5	CD5 molecule [Source:HGNC Symbol;Acc:HGNC:1685]	0.28059062	
DHRS7	dehydrogenase/reductase 7 [Source:HGNC Symbol;Acc:HGNC:21524]	0.2804055	
SURF4	surfeit 4 [Source:HGNC Symbol;Acc:HGNC:11476]	0.28019434	
BSCL2	BSCL2 lipid droplet biogenesis associated, seipin [Source:HGNC Symbol;Acc:HGNC:15832]	0.27929157	
PSMD7	proteasome 26S subunit, non-ATPase 7 [Source:HGNC Symbol;Acc:HGNC:9565]	0.27914265	
SYPL1	synaptophysin like 1 [Source:HGNC Symbol;Acc:HGNC:11507]	0.27906483	
NENF	neudesin neurotrophic factor [Source:HGNC Symbol;Acc:HGNC:30384]	0.2787426	
ASB2	ankyrin repeat and SOCS box containing 2 [Source:HGNC Symbol;Acc:HGNC:16012]	0.27852556	
HOMER1	homer scaffold protein 1 [Source:HGNC Symbol;Acc:HGNC:17512]	0.27823973	
ELOVL1	ELOVL fatty acid elongase 1 [Source:HGNC Symbol;Acc:HGNC:14418]	0.27763975	
FAM133B	family with sequence similarity 133 member B [Source:HGNC Symbol;Acc:HGNC:28629]	0.2776272	
ABHD12	abhydrolase domain containing 12, lysophospholipase [Source:HGNC Symbol;Acc:HGNC:15868]	0.27747416	
SLC25A39	solute carrier family 25 member 39 [Source:HGNC Symbol;Acc:HGNC:24279]	0.27741185	
YEATS4	YEATS domain containing 4 [Source:HGNC Symbol;Acc:HGNC:24859]	0.27736253	
PARP1	poly(ADP-ribose) polymerase 1 [Source:HGNC Symbol;Acc:HGNC:270]	0.27678567	
EIF1AD	eukaryotic translation initiation factor 1A domain containing [Source:HGNC Symbol;Acc:HGNC:28147]	0.27662063	
GTF2IRD1	GTF2I repeat domain containing 1 [Source:HGNC Symbol;Acc:HGNC:4661]	0.27661926	
UBE2Q2	ubiquitin conjugating enzyme E2 Q2 [Source:HGNC Symbol;Acc:HGNC:19248]	0.2764735	
AARSD1	alanyl-tRNA synthetase domain containing 1 [Source:HGNC Symbol;Acc:HGNC:28417]	0.2757212	
SEC24D	SEC24 homolog D, COPII coat complex component [Source:HGNC Symbol;Acc:HGNC:10706]	0.2753618	
CDC7	cell division cycle 7 [Source:HGNC Symbol;Acc:HGNC:1745]	0.275249	
MRPS14	mitochondrial ribosomal protein S14 [Source:HGNC Symbol;Acc:HGNC:14049]	0.27506253	
HTATIP2	HIV-1 Tat interactive protein 2 [Source:HGNC Symbol;Acc:HGNC:16637]	0.27501875	
TIMM8B	translocase of inner mitochondrial membrane 8 homolog B [Source:HGNC Symbol;Acc:HGNC:11818]	0.27466318	
CCT2	chaperonin containing TCP1 subunit 2 [Source:HGNC Symbol;Acc:HGNC:1615]	0.27414635	
PIH1D1	PIH1 domain containing 1 [Source:HGNC Symbol;Acc:HGNC:26075]	0.27369872	
NDUFB10	NADH:ubiquinone oxidoreductase subunit B10 [Source:HGNC Symbol;Acc:HGNC:7696]	0.27369124	
TRAPPC6A	trafficking protein particle complex subunit 6A [Source:HGNC Symbol;Acc:HGNC:23069]	0.27361053	
PMM1	phosphomannomutase 1 [Source:HGNC Symbol;Acc:HGNC:9114]	0.27358308	
HAUS6	HAUS augmin like complex subunit 6 [Source:HGNC Symbol;Acc:HGNC:25948]	0.27327102	
USP14	ubiquitin specific peptidase 14 [Source:HGNC Symbol;Acc:HGNC:12612]	0.27301726	
FES	FES proto-oncogene, tyrosine kinase [Source:HGNC Symbol;Acc:HGNC:3657]	0.27297506	
ESPL1	extra spindle pole bodies like 1, separase [Source:HGNC Symbol;Acc:HGNC:16856]	0.2728962	
SNRNP40	small nuclear ribonucleoprotein U5 subunit 40 [Source:HGNC Symbol;Acc:HGNC:30857]	0.27272514	
SYCE2	synaptonemal complex central element protein 2 [Source:HGNC Symbol;Acc:HGNC:27411]	0.2722576	
NCMAP	non-compact myelin associated protein [Source:HGNC Symbol;Acc:HGNC:29332]	0.2721942	
NRIP1	nuclear receptor interacting protein 1 [Source:HGNC Symbol;Acc:HGNC:8001]	0.27191088	
FXN	frataxin [Source:HGNC Symbol;Acc:HGNC:3951]	0.2713527	
GLTP	glycolipid transfer protein [Source:HGNC Symbol;Acc:HGNC:24867]	0.2712047	
HDLBP	high density lipoprotein binding protein [Source:HGNC Symbol;Acc:HGNC:4857]	0.27046436	
NEAT1	nuclear paraspeckle assembly transcript 1 [Source:HGNC Symbol;Acc:HGNC:30815]	0.2704551	
EIF4E2	eukaryotic translation initiation factor 4E family member 2 [Source:HGNC Symbol;Acc:HGNC:3293]	0.27039897	
POPDC2	popeye domain containing 2 [Source:HGNC Symbol;Acc:HGNC:17648]	0.27035132	
BAX	BCL2 associated X, apoptosis regulator [Source:HGNC Symbol;Acc:HGNC:959]	0.27032712	
RFC1	replication factor C subunit 1 [Source:HGNC Symbol;Acc:HGNC:9969]	0.27000564	
SEMA7A	semaphorin 7A (John Milton Hagen blood group) [Source:HGNC Symbol;Acc:HGNC:10741]	0.26957306	
PPARG	peroxisome proliferator activated receptor gamma [Source:HGNC Symbol;Acc:HGNC:9236]	0.26907906	
GTF3A	general transcription factor IIIA [Source:HGNC Symbol;Acc:HGNC:4662]	0.2689481	
MPP7	MAGUK p55 scaffold protein 7 [Source:HGNC Symbol;Acc:HGNC:26542]	0.26893824	
ZBTB32	zinc finger and BTB domain containing 32 [Source:HGNC Symbol;Acc:HGNC:16763]	0.26889765	
RNF26	ring finger protein 26 [Source:HGNC Symbol;Acc:HGNC:14646]	0.26883423	
MRFAP1	Morf4 family associated protein 1 [Source:HGNC Symbol;Acc:HGNC:24549]	0.26852605	
NAA40	N-alpha-acetyltransferase 40, NatD catalytic subunit [Source:HGNC Symbol;Acc:HGNC:25845]	0.2684139	
JOSD1	Josephin domain containing 1 [Source:HGNC Symbol;Acc:HGNC:28953]	0.26795343	
RTF2	replication termination factor 2 [Source:HGNC Symbol;Acc:HGNC:15890]	0.26778013	
H3C4	H3 clustered histone 4 [Source:HGNC Symbol;Acc:HGNC:4767]	0.26772755	
POLR2J	RNA polymerase II subunit J [Source:HGNC Symbol;Acc:HGNC:9197]	0.26755926	
UBE2F	ubiquitin conjugating enzyme E2 F (putative) [Source:HGNC Symbol;Acc:HGNC:12480]	0.26746252	
CDC25C	cell division cycle 25C [Source:HGNC Symbol;Acc:HGNC:1727]	0.26712257	
IER5L	immediate early response 5 like [Source:HGNC Symbol;Acc:HGNC:23679]	0.26703814	
NINJ1	ninjurin 1 [Source:HGNC Symbol;Acc:HGNC:7824]	0.26696956	
PPP1R11	protein phosphatase 1 regulatory inhibitor subunit 11 [Source:HGNC Symbol;Acc:HGNC:9285]	0.26673904	
GTPBP1	GTP binding protein 1 [Source:HGNC Symbol;Acc:HGNC:4669]	0.26640016	
LST1	leukocyte specific transcript 1 [Source:HGNC Symbol;Acc:HGNC:14189]	0.266398	
IPMK	inositol polyphosphate multikinase [Source:HGNC Symbol;Acc:HGNC:20739]	0.26627883	
NIPA2	NIPA magnesium transporter 2 [Source:HGNC Symbol;Acc:HGNC:17044]	0.26626274	
MBD2	methyl-CpG binding domain protein 2 [Source:HGNC Symbol;Acc:HGNC:6917]	0.26616547	
HIVEP3	HIVEP zinc finger 3 [Source:HGNC Symbol;Acc:HGNC:13561]	0.26596266	
LRIG1	leucine rich repeats and immunoglobulin like domains 1 [Source:HGNC Symbol;Acc:HGNC:17360]	0.2656148	
POLR2L	RNA polymerase II, I and III subunit L [Source:HGNC Symbol;Acc:HGNC:9199]	0.26558825	
AMZ2	archaelysin family metallopeptidase 2 [Source:HGNC Symbol;Acc:HGNC:28041]	0.265436	
ITGB7	integrin subunit beta 7 [Source:HGNC Symbol;Acc:HGNC:6162]	0.2653802	
GARS1	glycyl-tRNA synthetase 1 [Source:HGNC Symbol;Acc:HGNC:4162]	0.26522598	
AGFG2	ArfGAP with FG repeats 2 [Source:HGNC Symbol;Acc:HGNC:5177]	0.26509786	
ARL2BP	ADP ribosylation factor like GTPase 2 binding protein [Source:HGNC Symbol;Acc:HGNC:17146]	0.26503146	
EIF3L	eukaryotic translation initiation factor 3 subunit L [Source:HGNC Symbol;Acc:HGNC:18138]	0.26487634	
H2AC4	H2A clustered histone 4 [Source:HGNC Symbol;Acc:HGNC:4734]	0.26480037	
TANK	TRAF family member associated NFKB activator [Source:HGNC Symbol;Acc:HGNC:11562]	0.2647725	
SMPDL3B	sphingomyelin phosphodiesterase acid like 3B [Source:HGNC Symbol;Acc:HGNC:21416]	0.26448107	
PSMB8	proteasome 20S subunit beta 8 [Source:HGNC Symbol;Acc:HGNC:9545]	0.26429534	
PRDX5	peroxiredoxin 5 [Source:HGNC Symbol;Acc:HGNC:9355]	0.26428086	
CEP85	centrosomal protein 85 [Source:HGNC Symbol;Acc:HGNC:25309]	0.26421973	
H4C13	H4 clustered histone 13 [Source:HGNC Symbol;Acc:HGNC:4791]	0.26418826	
ZBTB38	zinc finger and BTB domain containing 38 [Source:HGNC Symbol;Acc:HGNC:26636]	0.26416114	
PNRC1	proline rich nuclear receptor coactivator 1 [Source:HGNC Symbol;Acc:HGNC:17278]	0.26409015	
SH2B1	SH2B adaptor protein 1 [Source:HGNC Symbol;Acc:HGNC:30417]	0.2640539	
ZC3H12A	zinc finger CCCH-type containing 12A [Source:HGNC Symbol;Acc:HGNC:26259]	0.26393807	
INPP5D	inositol polyphosphate-5-phosphatase D [Source:HGNC Symbol;Acc:HGNC:6079]	0.26375654	
COPS4	COP9 signalosome subunit 4 [Source:HGNC Symbol;Acc:HGNC:16702]	0.26350138	
AFG3L1P	AFG3 like matrix AAA peptidase subunit 1, pseudogene [Source:HGNC Symbol;Acc:HGNC:314]	0.26320124	
CERS2	ceramide synthase 2 [Source:HGNC Symbol;Acc:HGNC:14076]	0.2631655	
POLA2	DNA polymerase alpha 2, accessory subunit [Source:HGNC Symbol;Acc:HGNC:30073]	0.26313958	
SLC17A8	solute carrier family 17 member 8 [Source:HGNC Symbol;Acc:HGNC:20151]	0.2626227	
EXO1	exonuclease 1 [Source:HGNC Symbol;Acc:HGNC:3511]	0.26246622	
CDT1	chromatin licensing and DNA replication factor 1 [Source:HGNC Symbol;Acc:HGNC:24576]	0.26246372	
PSMD14	proteasome 26S subunit, non-ATPase 14 [Source:HGNC Symbol;Acc:HGNC:16889]	0.26242456	
IZUMO1R	IZUMO1 receptor, JUNO [Source:HGNC Symbol;Acc:HGNC:32565]	0.2613156	
TDP2	tyrosyl-DNA phosphodiesterase 2 [Source:HGNC Symbol;Acc:HGNC:17768]	0.26119107	
STK19	serine/threonine kinase 19 [Source:HGNC Symbol;Acc:HGNC:11398]	0.26059765	
FANCD2	FA complementation group D2 [Source:HGNC Symbol;Acc:HGNC:3585]	0.26054466	
ACSL5	acyl-CoA synthetase long chain family member 5 [Source:HGNC Symbol;Acc:HGNC:16526]	0.2604896	
TROAP	trophinin associated protein [Source:HGNC Symbol;Acc:HGNC:12327]	0.26008612	
RAP1B	RAP1B, member of RAS oncogene family [Source:HGNC Symbol;Acc:HGNC:9857]	0.26007396	
RPN2	ribophorin II [Source:HGNC Symbol;Acc:HGNC:10382]	0.2596093	
ACOT11	acyl-CoA thioesterase 11 [Source:HGNC Symbol;Acc:HGNC:18156]	0.2591983	
NCALD	neurocalcin delta [Source:HGNC Symbol;Acc:HGNC:7655]	0.25908285	
CDC5L	cell division cycle 5 like [Source:HGNC Symbol;Acc:HGNC:1743]	0.25898933	
ADAM8	ADAM metallopeptidase domain 8 [Source:HGNC Symbol;Acc:HGNC:215]	0.25893676	
GOLT1B	golgi transport 1B [Source:HGNC Symbol;Acc:HGNC:20175]	0.25848442	
POLR3K	RNA polymerase III subunit K [Source:HGNC Symbol;Acc:HGNC:14121]	0.25841734	
DSCC1	DNA replication and sister chromatid cohesion 1 [Source:HGNC Symbol;Acc:HGNC:24453]	0.25830778	
GATAD1	GATA zinc finger domain containing 1 [Source:HGNC Symbol;Acc:HGNC:29941]	0.258287	
FBXW8	F-box and WD repeat domain containing 8 [Source:HGNC Symbol;Acc:HGNC:13597]	0.25812426	
SNHG3	small nucleolar RNA host gene 3 [Source:HGNC Symbol;Acc:HGNC:10118]	0.2577355	
UCHL5	ubiquitin C-terminal hydrolase L5 [Source:HGNC Symbol;Acc:HGNC:19678]	0.25762922	
RPL37	ribosomal protein L37 [Source:HGNC Symbol;Acc:HGNC:10347]	0.25755417	
TIMELESS	timeless circadian regulator [Source:HGNC Symbol;Acc:HGNC:11813]	0.2575087	
RMI2	RecQ mediated genome instability 2 [Source:HGNC Symbol;Acc:HGNC:28349]	0.2573483	
MRPS23	mitochondrial ribosomal protein S23 [Source:HGNC Symbol;Acc:HGNC:14509]	0.25696832	
PAM16	presequence translocase associated motor 16 [Source:HGNC Symbol;Acc:HGNC:29679]	0.25683844	
HSPA14	heat shock protein family A (Hsp70) member 14 [Source:HGNC Symbol;Acc:HGNC:29526]	0.25676152	
CACNA1S	calcium voltage-gated channel subunit alpha1 S [Source:HGNC Symbol;Acc:HGNC:1397]	0.25675002	
DOK1	docking protein 1 [Source:HGNC Symbol;Acc:HGNC:2990]	0.25668296	
GABARAPL2	GABA type A receptor associated protein like 2 [Source:HGNC Symbol;Acc:HGNC:13291]	0.25663108	
ELDR	EGFR long non-coding downstream RNA [Source:HGNC Symbol;Acc:HGNC:49511]	0.2565631	
HAUS3	HAUS augmin like complex subunit 3 [Source:HGNC Symbol;Acc:HGNC:28719]	0.25631493	
SLC25A11	solute carrier family 25 member 11 [Source:HGNC Symbol;Acc:HGNC:10981]	0.2560855	
SMAP1	small ArfGAP 1 [Source:HGNC Symbol;Acc:HGNC:19651]	0.2560802	
GCAT	glycine C-acetyltransferase [Source:HGNC Symbol;Acc:HGNC:4188]	0.25604543	
COPB2	COPI coat complex subunit beta 2 [Source:HGNC Symbol;Acc:HGNC:2232]	0.25602564	
SUMO1	small ubiquitin like modifier 1 [Source:HGNC Symbol;Acc:HGNC:12502]	0.25563285	
PKMYT1	protein kinase, membrane associated tyrosine/threonine 1 [Source:HGNC Symbol;Acc:HGNC:29650]	0.2552725	
CTBP1	C-terminal binding protein 1 [Source:HGNC Symbol;Acc:HGNC:2494]	0.25526816	
YWHAZ	tyrosine 3-monooxygenase/tryptophan 5-monooxygenase activation protein zeta [Source:HGNC Symbol;Acc:HGNC:12855]	0.25510895	
BTBD19	BTB domain containing 19 [Source:HGNC Symbol;Acc:HGNC:27145]	0.254991	
H2BC9	H2B clustered histone 9 [Source:HGNC Symbol;Acc:HGNC:4755]	0.2549893	
POLD1	DNA polymerase delta 1, catalytic subunit [Source:HGNC Symbol;Acc:HGNC:9175]	0.25462493	
RAD54L	RAD54 like [Source:HGNC Symbol;Acc:HGNC:9826]	0.25459757	
TSTD3	thiosulfate sulfurtransferase like domain containing 3 [Source:HGNC Symbol;Acc:HGNC:40910]	0.25443804	
MED8	mediator complex subunit 8 [Source:HGNC Symbol;Acc:HGNC:19971]	0.25439778	
TRIR	telomerase RNA component interacting RNase [Source:HGNC Symbol;Acc:HGNC:28424]	0.25403976	
CORO7	coronin 7 [Source:HGNC Symbol;Acc:HGNC:26161]	0.2537914	
KLF4	KLF transcription factor 4 [Source:HGNC Symbol;Acc:HGNC:6348]	0.25366622	
MED10	mediator complex subunit 10 [Source:HGNC Symbol;Acc:HGNC:28760]	0.25351992	
CEP89	centrosomal protein 89 [Source:HGNC Symbol;Acc:HGNC:25907]	0.2527395	
MAP3K8	mitogen-activated protein kinase kinase kinase 8 [Source:HGNC Symbol;Acc:HGNC:6860]	0.25257874	
SLC24A5	solute carrier family 24 member 5 [Source:HGNC Symbol;Acc:HGNC:20611]	0.25247934	
GLB1	galactosidase beta 1 [Source:HGNC Symbol;Acc:HGNC:4298]	0.25239292	
EIF3J	eukaryotic translation initiation factor 3 subunit J [Source:HGNC Symbol;Acc:HGNC:3270]	0.2522352	
HNRNPR	heterogeneous nuclear ribonucleoprotein R [Source:HGNC Symbol;Acc:HGNC:5047]	0.25199068	
FANCA	FA complementation group A [Source:HGNC Symbol;Acc:HGNC:3582]	0.25198174	
TRAF3	TNF receptor associated factor 3 [Source:HGNC Symbol;Acc:HGNC:12033]	0.2519217	
KDELR1	KDEL endoplasmic reticulum protein retention receptor 1 [Source:HGNC Symbol;Acc:HGNC:6304]	0.25181368	
UMAD1	UBAP1-MVB12-associated (UMA) domain containing 1 [Source:HGNC Symbol;Acc:HGNC:48955]	0.25126627	
NF1	neurofibromin 1 [Source:HGNC Symbol;Acc:HGNC:7765]	0.25113913	
PSMA5	proteasome 20S subunit alpha 5 [Source:HGNC Symbol;Acc:HGNC:9534]	0.2508451	
VCL	vinculin [Source:HGNC Symbol;Acc:HGNC:12665]	0.25067624	
DNAJB6	DnaJ heat shock protein family (Hsp40) member B6 [Source:HGNC Symbol;Acc:HGNC:14888]	0.25022945	
TRIOBP	TRIO and F-actin binding protein [Source:HGNC Symbol;Acc:HGNC:17009]	0.25016868	
DEGS1	delta 4-desaturase, sphingolipid 1 [Source:HGNC Symbol;Acc:HGNC:13709]	0.25016007	
PLIN2	perilipin 2 [Source:HGNC Symbol;Acc:HGNC:248]	0.2501598	
IDH3B	isocitrate dehydrogenase (NAD(+)) 3 non-catalytic subunit beta [Source:HGNC Symbol;Acc:HGNC:5385]	0.25005487	
RPS12	ribosomal protein S12 [Source:HGNC Symbol;Acc:HGNC:10385]	0.25003058	
INPP5A	inositol polyphosphate-5-phosphatase A [Source:HGNC Symbol;Acc:HGNC:6076]	-0.25004563	
NAMPT	nicotinamide phosphoribosyltransferase [Source:HGNC Symbol;Acc:HGNC:30092]	-0.25015926	
RPTOR	regulatory associated protein of MTOR complex 1 [Source:HGNC Symbol;Acc:HGNC:30287]	-0.25018534	
SASH3	SAM and SH3 domain containing 3 [Source:HGNC Symbol;Acc:HGNC:15975]	-0.2502363	
BCLAF1	BCL2 associated transcription factor 1 [Source:HGNC Symbol;Acc:HGNC:16863]	-0.25071457	
TMEM175	transmembrane protein 175 [Source:HGNC Symbol;Acc:HGNC:28709]	-0.25081846	
TAPBPL	TAP binding protein like [Source:HGNC Symbol;Acc:HGNC:30683]	-0.25085008	
GPCPD1	glycerophosphocholine phosphodiesterase 1 [Source:HGNC Symbol;Acc:HGNC:26957]	-0.2517178	
DGUOK	deoxyguanosine kinase [Source:HGNC Symbol;Acc:HGNC:2858]	-0.25193116	
DHX40	DEAH-box helicase 40 [Source:HGNC Symbol;Acc:HGNC:18018]	-0.2519858	
MXD4	MAX dimerization protein 4 [Source:HGNC Symbol;Acc:HGNC:13906]	-0.25241148	
ILRUN	inflammation and lipid regulator with UBA-like and NBR1-like domains [Source:HGNC Symbol;Acc:HGNC:21215]	-0.25304914	
PKD1	polycystin 1, transient receptor potential channel interacting [Source:HGNC Symbol;Acc:HGNC:9008]	-0.2533313	
NFKBIZ	NFKB inhibitor zeta [Source:HGNC Symbol;Acc:HGNC:29805]	-0.25372195	
KIZ	kizuna centrosomal protein [Source:HGNC Symbol;Acc:HGNC:15865]	-0.25406978	
LATS2	large tumor suppressor kinase 2 [Source:HGNC Symbol;Acc:HGNC:6515]	-0.25437006	
DOP1B	DOP1 leucine zipper like protein B [Source:HGNC Symbol;Acc:HGNC:1291]	-0.25492162	
PARP6	poly(ADP-ribose) polymerase family member 6 [Source:HGNC Symbol;Acc:HGNC:26921]	-0.25496116	
TSNAX	translin associated factor X [Source:HGNC Symbol;Acc:HGNC:12380]	-0.2552445	
DUSP7	dual specificity phosphatase 7 [Source:HGNC Symbol;Acc:HGNC:3073]	-0.2553652	
SLTM	SAFB like transcription modulator [Source:HGNC Symbol;Acc:HGNC:20709]	-0.25539997	
OSBPL8	oxysterol binding protein like 8 [Source:HGNC Symbol;Acc:HGNC:16396]	-0.25578904	
ZBTB9	zinc finger and BTB domain containing 9 [Source:HGNC Symbol;Acc:HGNC:28323]	-0.25612575	
MTIF2	mitochondrial translational initiation factor 2 [Source:HGNC Symbol;Acc:HGNC:7441]	-0.2572971	
SLC25A36	solute carrier family 25 member 36 [Source:HGNC Symbol;Acc:HGNC:25554]	-0.25790977	
BCL6	BCL6 transcription repressor [Source:HGNC Symbol;Acc:HGNC:1001]	-0.25807315	
CTSO	cathepsin O [Source:HGNC Symbol;Acc:HGNC:2542]	-0.2582097	
FAM222B	family with sequence similarity 222 member B [Source:HGNC Symbol;Acc:HGNC:25563]	-0.25835326	
DNAJB4	DnaJ heat shock protein family (Hsp40) member B4 [Source:HGNC Symbol;Acc:HGNC:14886]	-0.25843617	
CLUAP1	clusterin associated protein 1 [Source:HGNC Symbol;Acc:HGNC:19009]	-0.25853047	
CPSF3	cleavage and polyadenylation specific factor 3 [Source:HGNC Symbol;Acc:HGNC:2326]	-0.2586599	
ZNF169	zinc finger protein 169 [Source:HGNC Symbol;Acc:HGNC:12957]	-0.25887206	
PWWP2A	PWWP domain containing 2A [Source:HGNC Symbol;Acc:HGNC:29406]	-0.25889868	
ARFGEF2	ADP ribosylation factor guanine nucleotide exchange factor 2 [Source:HGNC Symbol;Acc:HGNC:15853]	-0.25902447	
ZNF182	zinc finger protein 182 [Source:HGNC Symbol;Acc:HGNC:13001]	-0.2591747	
FAM53A	family with sequence similarity 53 member A [Source:HGNC Symbol;Acc:HGNC:31860]	-0.25920942	
NXN	nucleoredoxin [Source:HGNC Symbol;Acc:HGNC:18008]	-0.25940084	
MCU	mitochondrial calcium uniporter [Source:HGNC Symbol;Acc:HGNC:23526]	-0.25944763	
GPATCH2L	G-patch domain containing 2 like [Source:HGNC Symbol;Acc:HGNC:20210]	-0.25971544	
SLC39A10	solute carrier family 39 member 10 [Source:HGNC Symbol;Acc:HGNC:20861]	-0.2597385	
ADNP	activity dependent neuroprotector homeobox [Source:HGNC Symbol;Acc:HGNC:15766]	-0.25978258	
SCD	stearoyl-CoA desaturase [Source:HGNC Symbol;Acc:HGNC:10571]	-0.25985378	
PIM2	Pim-2 proto-oncogene, serine/threonine kinase [Source:HGNC Symbol;Acc:HGNC:8987]	-0.25995034	
TK2	thymidine kinase 2 [Source:HGNC Symbol;Acc:HGNC:11831]	-0.26019305	
PCF11	PCF11 cleavage and polyadenylation factor subunit [Source:HGNC Symbol;Acc:HGNC:30097]	-0.2607052	
UBR4	ubiquitin protein ligase E3 component n-recognin 4 [Source:HGNC Symbol;Acc:HGNC:30313]	-0.26122183	
NCKAP1L	NCK associated protein 1 like [Source:HGNC Symbol;Acc:HGNC:4862]	-0.2613771	
SORL1	sortilin related receptor 1 [Source:HGNC Symbol;Acc:HGNC:11185]	-0.2614739	
PRKCZ	protein kinase C zeta [Source:HGNC Symbol;Acc:HGNC:9412]	-0.26221922	
GTDC1	glycosyltransferase like domain containing 1 [Source:HGNC Symbol;Acc:HGNC:20887]	-0.26245493	
KLHL20	kelch like family member 20 [Source:HGNC Symbol;Acc:HGNC:25056]	-0.26261556	
RLIM	ring finger protein, LIM domain interacting [Source:HGNC Symbol;Acc:HGNC:13429]	-0.26291135	
RAB5B	RAB5B, member RAS oncogene family [Source:HGNC Symbol;Acc:HGNC:9784]	-0.26315826	
UGGT1	UDP-glucose glycoprotein glucosyltransferase 1 [Source:HGNC Symbol;Acc:HGNC:15663]	-0.26338926	
TRRAP	transformation/transcription domain associated protein [Source:HGNC Symbol;Acc:HGNC:12347]	-0.26342395	
SMAD5	SMAD family member 5 [Source:HGNC Symbol;Acc:HGNC:6771]	-0.2636104	
SLC10A7	solute carrier family 10 member 7 [Source:HGNC Symbol;Acc:HGNC:23088]	-0.2638916	
RNF2	ring finger protein 2 [Source:HGNC Symbol;Acc:HGNC:10061]	-0.2639384	
C18orf25	chromosome 18 open reading frame 25 [Source:HGNC Symbol;Acc:HGNC:28172]	-0.26418805	
TMEM87A	transmembrane protein 87A [Source:HGNC Symbol;Acc:HGNC:24522]	-0.26435232	
EZH1	enhancer of zeste 1 polycomb repressive complex 2 subunit [Source:HGNC Symbol;Acc:HGNC:3526]	-0.2643785	
HYCC2	hyccin PI4KA lipid kinase complex subunit 2 [Source:HGNC Symbol;Acc:HGNC:28593]	-0.26440954	
SFI1	SFI1 centrin binding protein [Source:HGNC Symbol;Acc:HGNC:29064]	-0.26471448	
LSM14A	LSM14A mRNA processing body assembly factor [Source:HGNC Symbol;Acc:HGNC:24489]	-0.2647831	
SLC17A9	solute carrier family 17 member 9 [Source:HGNC Symbol;Acc:HGNC:16192]	-0.2650157	
CD200R1	CD200 receptor 1 [Source:HGNC Symbol;Acc:HGNC:24235]	-0.26508126	
RAB11FIP4	RAB11 family interacting protein 4 [Source:HGNC Symbol;Acc:HGNC:30267]	-0.26514268	
EPS15L1	epidermal growth factor receptor pathway substrate 15 like 1 [Source:HGNC Symbol;Acc:HGNC:24634]	-0.26516396	
UBXN4	UBX domain protein 4 [Source:HGNC Symbol;Acc:HGNC:14860]	-0.265314	
KIAA0319L	KIAA0319 like [Source:HGNC Symbol;Acc:HGNC:30071]	-0.265316	
TBC1D23	TBC1 domain family member 23 [Source:HGNC Symbol;Acc:HGNC:25622]	-0.26538163	
POC1B	POC1 centriolar protein B [Source:HGNC Symbol;Acc:HGNC:30836]	-0.2655845	
MTR	5-methyltetrahydrofolate-homocysteine methyltransferase [Source:HGNC Symbol;Acc:HGNC:7468]	-0.2657438	
MAML3	mastermind like transcriptional coactivator 3 [Source:HGNC Symbol;Acc:HGNC:16272]	-0.26629874	
TRAF3IP2	TRAF3 interacting protein 2 [Source:HGNC Symbol;Acc:HGNC:1343]	-0.2669431	
MLH3	mutL homolog 3 [Source:HGNC Symbol;Acc:HGNC:7128]	-0.26745525	
EFL1	elongation factor like GTPase 1 [Source:HGNC Symbol;Acc:HGNC:25789]	-0.2677225	
RALGAPA1	Ral GTPase activating protein catalytic subunit alpha 1 [Source:HGNC Symbol;Acc:HGNC:17770]	-0.26808012	
TMEM87B	transmembrane protein 87B [Source:HGNC Symbol;Acc:HGNC:25913]	-0.2681034	
NCK1	NCK adaptor protein 1 [Source:HGNC Symbol;Acc:HGNC:7664]	-0.26817277	
ZNF274	zinc finger protein 274 [Source:HGNC Symbol;Acc:HGNC:13068]	-0.26822406	
HDGFL3	HDGF like 3 [Source:HGNC Symbol;Acc:HGNC:24937]	-0.26838148	
SEC24C	SEC24 homolog C, COPII coat complex component [Source:HGNC Symbol;Acc:HGNC:10705]	-0.2688008	
TENT4B	terminal nucleotidyltransferase 4B [Source:HGNC Symbol;Acc:HGNC:30758]	-0.2688226	
SMAP2	small ArfGAP2 [Source:HGNC Symbol;Acc:HGNC:25082]	-0.26905602	
NIN	ninein [Source:HGNC Symbol;Acc:HGNC:14906]	-0.2693737	
WBP1L	WW domain binding protein 1 like [Source:HGNC Symbol;Acc:HGNC:23510]	-0.26944613	
ZBTB37	zinc finger and BTB domain containing 37 [Source:HGNC Symbol;Acc:HGNC:28365]	-0.26950243	
RAB11FIP2	RAB11 family interacting protein 2 [Source:HGNC Symbol;Acc:HGNC:29152]	-0.26967198	
XYLT2	xylosyltransferase 2 [Source:HGNC Symbol;Acc:HGNC:15517]	-0.27005374	
TMTC2	transmembrane O-mannosyltransferase targeting cadherins 2 [Source:HGNC Symbol;Acc:HGNC:25440]	-0.2701049	
FCHO2	FCH and mu domain containing endocytic adaptor 2 [Source:HGNC Symbol;Acc:HGNC:25180]	-0.27041906	
USP45	ubiquitin specific peptidase 45 [Source:HGNC Symbol;Acc:HGNC:20080]	-0.2707115	
GPATCH4	G-patch domain containing 4 (gene/pseudogene) [Source:HGNC Symbol;Acc:HGNC:25982]	-0.27097988	
ETS1	ETS proto-oncogene 1, transcription factor [Source:HGNC Symbol;Acc:HGNC:3488]	-0.27106014	
PAPOLG	poly(A) polymerase gamma [Source:HGNC Symbol;Acc:HGNC:14982]	-0.2712034	
KANTR	KANTR integral membrane protein [Source:HGNC Symbol;Acc:HGNC:49510]	-0.27158633	
CD8B	CD8b molecule [Source:HGNC Symbol;Acc:HGNC:1707]	-0.2717886	
PREX1	phosphatidylinositol-3,4,5-trisphosphate dependent Rac exchange factor 1 [Source:HGNC Symbol;Acc:HGNC:32594]	-0.27184016	
MT-ND4	mitochondrially encoded NADH:ubiquinone oxidoreductase core subunit 4 [Source:HGNC Symbol;Acc:HGNC:7459]	-0.27255765	
CCSER2	coiled-coil serine rich protein 2 [Source:HGNC Symbol;Acc:HGNC:29197]	-0.27276862	
NME7	NME/NM23 family member 7 [Source:HGNC Symbol;Acc:HGNC:20461]	-0.27305123	
DNAJC7	DnaJ heat shock protein family (Hsp40) member C7 [Source:HGNC Symbol;Acc:HGNC:12392]	-0.27309653	
KIF3B	kinesin family member 3B [Source:HGNC Symbol;Acc:HGNC:6320]	-0.2732249	
ORC5	origin recognition complex subunit 5 [Source:HGNC Symbol;Acc:HGNC:8491]	-0.27337018	
AZI2	5-azacytidine induced 2 [Source:HGNC Symbol;Acc:HGNC:24002]	-0.27340832	
IP6K1	inositol hexakisphosphate kinase 1 [Source:HGNC Symbol;Acc:HGNC:18360]	-0.2734273	
CCNT2	cyclin T2 [Source:HGNC Symbol;Acc:HGNC:1600]	-0.27379084	
MAP2K5	mitogen-activated protein kinase kinase 5 [Source:HGNC Symbol;Acc:HGNC:6845]	-0.27380192	
OSBPL9	oxysterol binding protein like 9 [Source:HGNC Symbol;Acc:HGNC:16386]	-0.2738479	
UBE4B	ubiquitination factor E4B [Source:HGNC Symbol;Acc:HGNC:12500]	-0.27387244	
METTL16	methyltransferase 16, N6-methyladenosine [Source:HGNC Symbol;Acc:HGNC:28484]	-0.2743664	
CASD1	CAS1 domain containing 1 [Source:HGNC Symbol;Acc:HGNC:16014]	-0.27452242	
UQCC1	ubiquinol-cytochrome c reductase complex assembly factor 1 [Source:HGNC Symbol;Acc:HGNC:15891]	-0.27506796	
DRAM2	DNA damage regulated autophagy modulator 2 [Source:HGNC Symbol;Acc:HGNC:28769]	-0.27538702	
LRCH3	leucine rich repeats and calponin homology domain containing 3 [Source:HGNC Symbol;Acc:HGNC:28637]	-0.27544433	
RAB10	RAB10, member RAS oncogene family [Source:HGNC Symbol;Acc:HGNC:9759]	-0.27545723	
ANKS1A	ankyrin repeat and sterile alpha motif domain containing 1A [Source:HGNC Symbol;Acc:HGNC:20961]	-0.27551952	
USP6NL	USP6 N-terminal like [Source:HGNC Symbol;Acc:HGNC:16858]	-0.27602887	
NUP210	nucleoporin 210 [Source:HGNC Symbol;Acc:HGNC:30052]	-0.2763479	
XPO7	exportin 7 [Source:HGNC Symbol;Acc:HGNC:14108]	-0.27647597	
PRPF39	pre-mRNA processing factor 39 [Source:HGNC Symbol;Acc:HGNC:20314]	-0.27710897	
XPNPEP3	X-prolyl aminopeptidase 3 [Source:HGNC Symbol;Acc:HGNC:28052]	-0.27776197	
VPS41	VPS41 subunit of HOPS complex [Source:HGNC Symbol;Acc:HGNC:12713]	-0.27783924	
TRPM7	transient receptor potential cation channel subfamily M member 7 [Source:HGNC Symbol;Acc:HGNC:17994]	-0.27809602	
HDAC4	histone deacetylase 4 [Source:HGNC Symbol;Acc:HGNC:14063]	-0.27822018	
TUG1	taurine up-regulated 1 [Source:HGNC Symbol;Acc:HGNC:26066]	-0.27824983	
FEZ2	fasciculation and elongation protein zeta 2 [Source:HGNC Symbol;Acc:HGNC:3660]	-0.27830687	
ATXN3	ataxin 3 [Source:HGNC Symbol;Acc:HGNC:7106]	-0.27856514	
RSF1	remodeling and spacing factor 1 [Source:HGNC Symbol;Acc:HGNC:18118]	-0.2791056	
ZNF609	zinc finger protein 609 [Source:HGNC Symbol;Acc:HGNC:29003]	-0.27936023	
PTBP2	polypyrimidine tract binding protein 2 [Source:HGNC Symbol;Acc:HGNC:17662]	-0.2793956	
PRKCA	protein kinase C alpha [Source:HGNC Symbol;Acc:HGNC:9393]	-0.2799083	
DCAF8	DDB1 and CUL4 associated factor 8 [Source:HGNC Symbol;Acc:HGNC:24891]	-0.28066698	
PDE6H	phosphodiesterase 6H [Source:HGNC Symbol;Acc:HGNC:8790]	-0.28071618	
CNP	2',3'-cyclic nucleotide 3' phosphodiesterase [Source:HGNC Symbol;Acc:HGNC:2158]	-0.2813365	
KLHL2	kelch like family member 2 [Source:HGNC Symbol;Acc:HGNC:6353]	-0.2813465	
HSPE1	heat shock protein family E (Hsp10) member 1 [Source:HGNC Symbol;Acc:HGNC:5269]	-0.28149512	
PPTC7	protein phosphatase targeting COQ7 [Source:HGNC Symbol;Acc:HGNC:30695]	-0.28159326	
IDH2	isocitrate dehydrogenase (NADP(+)) 2 [Source:HGNC Symbol;Acc:HGNC:5383]	-0.2822933	
JUN	Jun proto-oncogene, AP-1 transcription factor subunit [Source:HGNC Symbol;Acc:HGNC:6204]	-0.2828923	
SIL1	SIL1 nucleotide exchange factor [Source:HGNC Symbol;Acc:HGNC:24624]	-0.28347412	
PPP2R5C	protein phosphatase 2 regulatory subunit B'gamma [Source:HGNC Symbol;Acc:HGNC:9311]	-0.28350025	
GPATCH8	G-patch domain containing 8 [Source:HGNC Symbol;Acc:HGNC:29066]	-0.28410187	
CLK1	CDC like kinase 1 [Source:HGNC Symbol;Acc:HGNC:2068]	-0.28424555	
TTLL3	tubulin tyrosine ligase like 3 [Source:HGNC Symbol;Acc:HGNC:24483]	-0.28526333	
SETD4	SET domain containing 4 [Source:HGNC Symbol;Acc:HGNC:1258]	-0.28558123	
ANKMY2	ankyrin repeat and MYND domain containing 2 [Source:HGNC Symbol;Acc:HGNC:25370]	-0.28581366	
ZNF260	zinc finger protein 260 [Source:HGNC Symbol;Acc:HGNC:13499]	-0.2858212	
TP53INP1	tumor protein p53 inducible nuclear protein 1 [Source:HGNC Symbol;Acc:HGNC:18022]	-0.2858547	
SMG9	SMG9 nonsense mediated mRNA decay factor [Source:HGNC Symbol;Acc:HGNC:25763]	-0.28640693	
TMCO4	transmembrane and coiled-coil domains 4 [Source:HGNC Symbol;Acc:HGNC:27393]	-0.28667817	
CNST	consortin, connexin sorting protein [Source:HGNC Symbol;Acc:HGNC:26486]	-0.28730026	
ITGB3	integrin subunit beta 3 [Source:HGNC Symbol;Acc:HGNC:6156]	-0.28735754	
TMEM161B	transmembrane protein 161B [Source:HGNC Symbol;Acc:HGNC:28483]	-0.28752404	
PLCG1	phospholipase C gamma 1 [Source:HGNC Symbol;Acc:HGNC:9065]	-0.2875705	
KDM3B	lysine demethylase 3B [Source:HGNC Symbol;Acc:HGNC:1337]	-0.28829604	
GOLGA4	golgin A4 [Source:HGNC Symbol;Acc:HGNC:4427]	-0.28879395	
RPS10	ribosomal protein S10 [Source:HGNC Symbol;Acc:HGNC:10383]	-0.2888065	
MTM1	myotubularin 1 [Source:HGNC Symbol;Acc:HGNC:7448]	-0.28882605	
MGAT4A	alpha-1,3-mannosyl-glycoprotein 4-beta-N-acetylglucosaminyltransferase A [Source:HGNC Symbol;Acc:HGNC:7047]	-0.2888554	
DDB2	damage specific DNA binding protein 2 [Source:HGNC Symbol;Acc:HGNC:2718]	-0.28887266	
LETM2	leucine zipper and EF-hand containing transmembrane protein 2 [Source:HGNC Symbol;Acc:HGNC:14648]	-0.28899887	
MRPS28	mitochondrial ribosomal protein S28 [Source:HGNC Symbol;Acc:HGNC:14513]	-0.2895551	
HIPK1	homeodomain interacting protein kinase 1 [Source:HGNC Symbol;Acc:HGNC:19006]	-0.28957	
STX8	syntaxin 8 [Source:HGNC Symbol;Acc:HGNC:11443]	-0.28976828	
RASA3	RAS p21 protein activator 3 [Source:HGNC Symbol;Acc:HGNC:20331]	-0.29012224	
SPEN	spen family transcriptional repressor [Source:HGNC Symbol;Acc:HGNC:17575]	-0.29029527	
DOCK2	dedicator of cytokinesis 2 [Source:HGNC Symbol;Acc:HGNC:2988]	-0.29077703	
BFAR	bifunctional apoptosis regulator [Source:HGNC Symbol;Acc:HGNC:17613]	-0.29084352	
BACH1	BTB domain and CNC homolog 1 [Source:HGNC Symbol;Acc:HGNC:935]	-0.29089448	
PTBP3	polypyrimidine tract binding protein 3 [Source:HGNC Symbol;Acc:HGNC:10253]	-0.2909528	
FAM53B	family with sequence similarity 53 member B [Source:HGNC Symbol;Acc:HGNC:28968]	-0.2911083	
HIVEP2	HIVEP zinc finger 2 [Source:HGNC Symbol;Acc:HGNC:4921]	-0.291187	
WDR37	WD repeat domain 37 [Source:HGNC Symbol;Acc:HGNC:31406]	-0.29129413	
VCPIP1	valosin containing protein interacting protein 1 [Source:HGNC Symbol;Acc:HGNC:30897]	-0.2913001	
CD164	CD164 molecule [Source:HGNC Symbol;Acc:HGNC:1632]	-0.29176384	
MIPOL1	mirror-image polydactyly 1 [Source:HGNC Symbol;Acc:HGNC:21460]	-0.2917818	
TNPO3	transportin 3 [Source:HGNC Symbol;Acc:HGNC:17103]	-0.2919149	
MAPK8	mitogen-activated protein kinase 8 [Source:HGNC Symbol;Acc:HGNC:6881]	-0.29191682	
TPCN1	two pore segment channel 1 [Source:HGNC Symbol;Acc:HGNC:18182]	-0.29192686	
SKP1	S-phase kinase associated protein 1 [Source:HGNC Symbol;Acc:HGNC:10899]	-0.29194993	
MBTPS1	membrane bound transcription factor peptidase, site 1 [Source:HGNC Symbol;Acc:HGNC:15456]	-0.2920042	
RPS29	ribosomal protein S29 [Source:HGNC Symbol;Acc:HGNC:10419]	-0.292185	
XPO6	exportin 6 [Source:HGNC Symbol;Acc:HGNC:19733]	-0.29229164	
CCDC85B	coiled-coil domain containing 85B [Source:HGNC Symbol;Acc:HGNC:24926]	-0.29237854	
SMIM4	small integral membrane protein 4 [Source:HGNC Symbol;Acc:HGNC:37257]	-0.29317254	
GNG12	G protein subunit gamma 12 [Source:HGNC Symbol;Acc:HGNC:19663]	-0.29332396	
TIGD2	tigger transposable element derived 2 [Source:HGNC Symbol;Acc:HGNC:18333]	-0.2937194	
C19orf38	chromosome 19 open reading frame 38 [Source:HGNC Symbol;Acc:HGNC:34073]	-0.29392225	
ABHD18	abhydrolase domain containing 18 [Source:HGNC Symbol;Acc:HGNC:26111]	-0.29394883	
PJA2	praja ring finger ubiquitin ligase 2 [Source:HGNC Symbol;Acc:HGNC:17481]	-0.29418784	
NOL8	nucleolar protein 8 [Source:HGNC Symbol;Acc:HGNC:23387]	-0.29473874	
PPP6R3	protein phosphatase 6 regulatory subunit 3 [Source:HGNC Symbol;Acc:HGNC:1173]	-0.29499713	
PISD	phosphatidylserine decarboxylase [Source:HGNC Symbol;Acc:HGNC:8999]	-0.29503658	
PXK	PX domain containing serine/threonine kinase like [Source:HGNC Symbol;Acc:HGNC:23326]	-0.29518673	
CCDC125	coiled-coil domain containing 125 [Source:HGNC Symbol;Acc:HGNC:28924]	-0.29521435	
AMY2A	amylase alpha 2A [Source:HGNC Symbol;Acc:HGNC:477]	-0.29545936	
GOLGA1	golgin A1 [Source:HGNC Symbol;Acc:HGNC:4424]	-0.2955696	
USP7	ubiquitin specific peptidase 7 [Source:HGNC Symbol;Acc:HGNC:12630]	-0.29572707	
NFYC	nuclear transcription factor Y subunit gamma [Source:HGNC Symbol;Acc:HGNC:7806]	-0.29619035	
ZNF329	zinc finger protein 329 [Source:HGNC Symbol;Acc:HGNC:14209]	-0.2968435	
OPA1	OPA1 mitochondrial dynamin like GTPase [Source:HGNC Symbol;Acc:HGNC:8140]	-0.29714242	
LDHB	lactate dehydrogenase B [Source:HGNC Symbol;Acc:HGNC:6541]	-0.29735878	
TUT7	terminal uridylyl transferase 7 [Source:HGNC Symbol;Acc:HGNC:25817]	-0.29795066	
MBTD1	mbt domain containing 1 [Source:HGNC Symbol;Acc:HGNC:19866]	-0.29814783	
RC3H1	ring finger and CCCH-type domains 1 [Source:HGNC Symbol;Acc:HGNC:29434]	-0.2983882	
SGPP1	sphingosine-1-phosphate phosphatase 1 [Source:HGNC Symbol;Acc:HGNC:17720]	-0.29877594	
BBIP1	BBSome interacting protein 1 [Source:HGNC Symbol;Acc:HGNC:28093]	-0.29900625	
EIF2AK2	eukaryotic translation initiation factor 2 alpha kinase 2 [Source:HGNC Symbol;Acc:HGNC:9437]	-0.29905978	
ANKHD1	ankyrin repeat and KH domain containing 1 [Source:HGNC Symbol;Acc:HGNC:24714]	-0.2993573	
TXK	TXK tyrosine kinase [Source:HGNC Symbol;Acc:HGNC:12434]	-0.3000972	
HELZ2	helicase with zinc finger 2 [Source:HGNC Symbol;Acc:HGNC:30021]	-0.30012664	
NDUFS4	NADH:ubiquinone oxidoreductase subunit S4 [Source:HGNC Symbol;Acc:HGNC:7711]	-0.30028993	
GBF1	golgi brefeldin A resistant guanine nucleotide exchange factor 1 [Source:HGNC Symbol;Acc:HGNC:4181]	-0.3006403	
FBXL12	F-box and leucine rich repeat protein 12 [Source:HGNC Symbol;Acc:HGNC:13611]	-0.30073956	
LPCAT3	lysophosphatidylcholine acyltransferase 3 [Source:HGNC Symbol;Acc:HGNC:30244]	-0.3007685	
USP15	ubiquitin specific peptidase 15 [Source:HGNC Symbol;Acc:HGNC:12613]	-0.3013174	
ITFG1	integrin alpha FG-GAP repeat containing 1 [Source:HGNC Symbol;Acc:HGNC:30697]	-0.30136868	
RPS13	ribosomal protein S13 [Source:HGNC Symbol;Acc:HGNC:10386]	-0.30147713	
RALA	RAS like proto-oncogene A [Source:HGNC Symbol;Acc:HGNC:9839]	-0.30153453	
SLC39A11	solute carrier family 39 member 11 [Source:HGNC Symbol;Acc:HGNC:14463]	-0.3015541	
ITK	IL2 inducible T cell kinase [Source:HGNC Symbol;Acc:HGNC:6171]	-0.3016464	
BRDT	bromodomain testis associated [Source:HGNC Symbol;Acc:HGNC:1105]	-0.3017283	
ZC3H6	zinc finger CCCH-type containing 6 [Source:HGNC Symbol;Acc:HGNC:24762]	-0.30178955	
ZNF616	zinc finger protein 616 [Source:HGNC Symbol;Acc:HGNC:28062]	-0.30203632	
PCM1	pericentriolar material 1 [Source:HGNC Symbol;Acc:HGNC:8727]	-0.30259815	
ITPR3	inositol 1,4,5-trisphosphate receptor type 3 [Source:HGNC Symbol;Acc:HGNC:6182]	-0.30326238	
PTPN12	protein tyrosine phosphatase non-receptor type 12 [Source:HGNC Symbol;Acc:HGNC:9645]	-0.3032833	
AMMECR1	AMMECR nuclear protein 1 [Source:HGNC Symbol;Acc:HGNC:467]	-0.30334073	
MARK3	microtubule affinity regulating kinase 3 [Source:HGNC Symbol;Acc:HGNC:6897]	-0.3033559	
PITPNM2	phosphatidylinositol transfer protein membrane associated 2 [Source:HGNC Symbol;Acc:HGNC:21044]	-0.3033653	
ATP13A3	ATPase 13A3 [Source:HGNC Symbol;Acc:HGNC:24113]	-0.3033956	
MARF1	meiosis regulator and mRNA stability factor 1 [Source:HGNC Symbol;Acc:HGNC:29562]	-0.30480176	
C19orf12	chromosome 19 open reading frame 12 [Source:HGNC Symbol;Acc:HGNC:25443]	-0.3049332	
IRF2BPL	interferon regulatory factor 2 binding protein like [Source:HGNC Symbol;Acc:HGNC:14282]	-0.30510497	
ORC4	origin recognition complex subunit 4 [Source:HGNC Symbol;Acc:HGNC:8490]	-0.3051774	
MKLN1	muskelin 1 [Source:HGNC Symbol;Acc:HGNC:7109]	-0.3056581	
RPS3A	ribosomal protein S3A [Source:HGNC Symbol;Acc:HGNC:10421]	-0.30591157	
SCAF4	SR-related CTD associated factor 4 [Source:HGNC Symbol;Acc:HGNC:19304]	-0.30607828	
DHX30	DExH-box helicase 30 [Source:HGNC Symbol;Acc:HGNC:16716]	-0.30612466	
ZNF518A	zinc finger protein 518A [Source:HGNC Symbol;Acc:HGNC:29009]	-0.30644518	
BMP2K	BMP2 inducible kinase [Source:HGNC Symbol;Acc:HGNC:18041]	-0.30649003	
ORC3	origin recognition complex subunit 3 [Source:HGNC Symbol;Acc:HGNC:8489]	-0.3072267	
IRF3	interferon regulatory factor 3 [Source:HGNC Symbol;Acc:HGNC:6118]	-0.30772397	
CDK7	cyclin dependent kinase 7 [Source:HGNC Symbol;Acc:HGNC:1778]	-0.30778748	
METTL8	methyltransferase 8, methylcytidine [Source:HGNC Symbol;Acc:HGNC:25856]	-0.3078517	
NAV2	neuron navigator 2 [Source:HGNC Symbol;Acc:HGNC:15997]	-0.30795607	
ZBTB44	zinc finger and BTB domain containing 44 [Source:HGNC Symbol;Acc:HGNC:25001]	-0.30829504	
WDR20	WD repeat domain 20 [Source:HGNC Symbol;Acc:HGNC:19667]	-0.30829754	
BCKDHB	branched chain keto acid dehydrogenase E1 subunit beta [Source:HGNC Symbol;Acc:HGNC:987]	-0.30844712	
SLMAP	sarcolemma associated protein [Source:HGNC Symbol;Acc:HGNC:16643]	-0.30849856	
RUFY2	RUN and FYVE domain containing 2 [Source:HGNC Symbol;Acc:HGNC:19761]	-0.30902794	
CCPG1	cell cycle progression 1 [Source:HGNC Symbol;Acc:HGNC:24227]	-0.30920094	
RLF	RLF zinc finger [Source:HGNC Symbol;Acc:HGNC:10025]	-0.3092854	
INPP1	inositol polyphosphate-1-phosphatase [Source:HGNC Symbol;Acc:HGNC:6071]	-0.3095184	
ZNF395	zinc finger protein 395 [Source:HGNC Symbol;Acc:HGNC:18737]	-0.30980176	
R3HCC1L	R3H domain and coiled-coil containing 1 like [Source:HGNC Symbol;Acc:HGNC:23512]	-0.3101378	
IMMP1L	inner mitochondrial membrane peptidase subunit 1 [Source:HGNC Symbol;Acc:HGNC:26317]	-0.31039196	
SETD5	SET domain containing 5 [Source:HGNC Symbol;Acc:HGNC:25566]	-0.3104609	
PRR14L	proline rich 14 like [Source:HGNC Symbol;Acc:HGNC:28738]	-0.31122315	
ZZEF1	zinc finger ZZ-type and EF-hand domain containing 1 [Source:HGNC Symbol;Acc:HGNC:29027]	-0.3113327	
DYNC1H1	dynein cytoplasmic 1 heavy chain 1 [Source:HGNC Symbol;Acc:HGNC:2961]	-0.31161746	
USP47	ubiquitin specific peptidase 47 [Source:HGNC Symbol;Acc:HGNC:20076]	-0.31208205	
CLEC16A	C-type lectin domain containing 16A [Source:HGNC Symbol;Acc:HGNC:29013]	-0.31238383	
CEP68	centrosomal protein 68 [Source:HGNC Symbol;Acc:HGNC:29076]	-0.31267107	
ZNF28	zinc finger protein 28 [Source:HGNC Symbol;Acc:HGNC:13073]	-0.3126998	
MLLT6	MLLT6, PHD finger containing [Source:HGNC Symbol;Acc:HGNC:7138]	-0.31281912	
SNAPC3	small nuclear RNA activating complex polypeptide 3 [Source:HGNC Symbol;Acc:HGNC:11136]	-0.31343102	
EPC1	enhancer of polycomb homolog 1 [Source:HGNC Symbol;Acc:HGNC:19876]	-0.31361285	
CAMKMT	calmodulin-lysine N-methyltransferase [Source:HGNC Symbol;Acc:HGNC:26276]	-0.31375268	
MSH3	mutS homolog 3 [Source:HGNC Symbol;Acc:HGNC:7326]	-0.31378025	
THAP3	THAP domain containing 3 [Source:HGNC Symbol;Acc:HGNC:20855]	-0.31421572	
UBE2W	ubiquitin conjugating enzyme E2 W [Source:HGNC Symbol;Acc:HGNC:25616]	-0.3142888	
ABI1	abl interactor 1 [Source:HGNC Symbol;Acc:HGNC:11320]	-0.31430674	
LRRC28	leucine rich repeat containing 28 [Source:HGNC Symbol;Acc:HGNC:28355]	-0.314872	
RGS14	regulator of G protein signaling 14 [Source:HGNC Symbol;Acc:HGNC:9996]	-0.31503657	
SMC4	structural maintenance of chromosomes 4 [Source:HGNC Symbol;Acc:HGNC:14013]	-0.31531334	
CTNNBL1	catenin beta like 1 [Source:HGNC Symbol;Acc:HGNC:15879]	-0.3155723	
RARS2	arginyl-tRNA synthetase 2, mitochondrial [Source:HGNC Symbol;Acc:HGNC:21406]	-0.31671175	
PPM1K	protein phosphatase, Mg2+/Mn2+ dependent 1K [Source:HGNC Symbol;Acc:HGNC:25415]	-0.31685123	
SMIM14	small integral membrane protein 14 [Source:HGNC Symbol;Acc:HGNC:27321]	-0.3169428	
ZZZ3	zinc finger ZZ-type containing 3 [Source:HGNC Symbol;Acc:HGNC:24523]	-0.3174278	
PPARGC1B	PPARG coactivator 1 beta [Source:HGNC Symbol;Acc:HGNC:30022]	-0.31794563	
KLHDC10	kelch domain containing 10 [Source:HGNC Symbol;Acc:HGNC:22194]	-0.31801748	
PHF12	PHD finger protein 12 [Source:HGNC Symbol;Acc:HGNC:20816]	-0.31803846	
DCP1B	decapping mRNA 1B [Source:HGNC Symbol;Acc:HGNC:24451]	-0.3182129	
WARS2	tryptophanyl tRNA synthetase 2, mitochondrial [Source:HGNC Symbol;Acc:HGNC:12730]	-0.3183577	
PRMT3	protein arginine methyltransferase 3 [Source:HGNC Symbol;Acc:HGNC:30163]	-0.31835958	
RASSF5	Ras association domain family member 5 [Source:HGNC Symbol;Acc:HGNC:17609]	-0.31932414	
POT1	protection of telomeres 1 [Source:HGNC Symbol;Acc:HGNC:17284]	-0.3198903	
NUMA1	nuclear mitotic apparatus protein 1 [Source:HGNC Symbol;Acc:HGNC:8059]	-0.32059968	
DTNB	dystrobrevin beta [Source:HGNC Symbol;Acc:HGNC:3058]	-0.32084087	
ADD1	adducin 1 [Source:HGNC Symbol;Acc:HGNC:243]	-0.32132196	
RSBN1	round spermatid basic protein 1 [Source:HGNC Symbol;Acc:HGNC:25642]	-0.32170257	
BABAM2	BRISC and BRCA1 A complex member 2 [Source:HGNC Symbol;Acc:HGNC:1106]	-0.32257888	
PGAP1	post-GPI attachment to proteins inositol deacylase 1 [Source:HGNC Symbol;Acc:HGNC:25712]	-0.32297942	
RNF111	ring finger protein 111 [Source:HGNC Symbol;Acc:HGNC:17384]	-0.32314077	
SAYSD1	SAYSVFN motif domain containing 1 [Source:HGNC Symbol;Acc:HGNC:21025]	-0.32417482	
PAPOLA	poly(A) polymerase alpha [Source:HGNC Symbol;Acc:HGNC:14981]	-0.32505593	
PPP1R9B	protein phosphatase 1 regulatory subunit 9B [Source:HGNC Symbol;Acc:HGNC:9298]	-0.32549757	
EIF4EBP2	eukaryotic translation initiation factor 4E binding protein 2 [Source:HGNC Symbol;Acc:HGNC:3289]	-0.32557797	
RPL30	ribosomal protein L30 [Source:HGNC Symbol;Acc:HGNC:10333]	-0.3255912	
PARP4	poly(ADP-ribose) polymerase family member 4 [Source:HGNC Symbol;Acc:HGNC:271]	-0.32591763	
CR1L	complement C3b/C4b receptor 1 like [Source:HGNC Symbol;Acc:HGNC:2335]	-0.32624236	
CTPS2	CTP synthase 2 [Source:HGNC Symbol;Acc:HGNC:2520]	-0.3264208	
PITPNC1	phosphatidylinositol transfer protein cytoplasmic 1 [Source:HGNC Symbol;Acc:HGNC:21045]	-0.3268163	
DAPK1	death associated protein kinase 1 [Source:HGNC Symbol;Acc:HGNC:2674]	-0.32692096	
JMJD1C	jumonji domain containing 1C [Source:HGNC Symbol;Acc:HGNC:12313]	-0.32768866	
RAB3GAP1	RAB3 GTPase activating protein catalytic subunit 1 [Source:HGNC Symbol;Acc:HGNC:17063]	-0.32789212	
RINL	Ras and Rab interactor like [Source:HGNC Symbol;Acc:HGNC:24795]	-0.32815906	
HACE1	HECT domain and ankyrin repeat containing E3 ubiquitin protein ligase 1 [Source:HGNC Symbol;Acc:HGNC:21033]	-0.32845184	
MAP3K2	mitogen-activated protein kinase kinase kinase 2 [Source:HGNC Symbol;Acc:HGNC:6854]	-0.32855946	
MEF2D	myocyte enhancer factor 2D [Source:HGNC Symbol;Acc:HGNC:6997]	-0.32866704	
IFI35	interferon induced protein 35 [Source:HGNC Symbol;Acc:HGNC:5399]	-0.32916483	
REV1	REV1 DNA directed polymerase [Source:HGNC Symbol;Acc:HGNC:14060]	-0.32934132	
TTYH3	tweety family member 3 [Source:HGNC Symbol;Acc:HGNC:22222]	-0.33019644	
WAPL	WAPL cohesin release factor [Source:HGNC Symbol;Acc:HGNC:23293]	-0.33028167	
DCUN1D1	defective in cullin neddylation 1 domain containing 1 [Source:HGNC Symbol;Acc:HGNC:18184]	-0.33103094	
MDN1	midasin AAA ATPase 1 [Source:HGNC Symbol;Acc:HGNC:18302]	-0.3310762	
RPL13	ribosomal protein L13 [Source:HGNC Symbol;Acc:HGNC:10303]	-0.33123338	
FBXO38	F-box protein 38 [Source:HGNC Symbol;Acc:HGNC:28844]	-0.33146948	
BCOR	BCL6 corepressor [Source:HGNC Symbol;Acc:HGNC:20893]	-0.33157763	
PIK3C2A	phosphatidylinositol-4-phosphate 3-kinase catalytic subunit type 2 alpha [Source:HGNC Symbol;Acc:HGNC:8971]	-0.3316219	
PIGN	phosphatidylinositol glycan anchor biosynthesis class N [Source:HGNC Symbol;Acc:HGNC:8967]	-0.33175355	
GUCD1	guanylyl cyclase domain containing 1 [Source:HGNC Symbol;Acc:HGNC:14237]	-0.3319589	
STK26	serine/threonine kinase 26 [Source:HGNC Symbol;Acc:HGNC:18174]	-0.33209938	
ZHX3	zinc fingers and homeoboxes 3 [Source:HGNC Symbol;Acc:HGNC:15935]	-0.33239785	
NMI	N-myc and STAT interactor [Source:HGNC Symbol;Acc:HGNC:7854]	-0.3325167	
TNFAIP8L2	TNF alpha induced protein 8 like 2 [Source:HGNC Symbol;Acc:HGNC:26277]	-0.3328288	
MCMBP	minichromosome maintenance complex binding protein [Source:HGNC Symbol;Acc:HGNC:25782]	-0.3332569	
KIAA2026	KIAA2026 [Source:HGNC Symbol;Acc:HGNC:23378]	-0.33332717	
CYB5B	cytochrome b5 type B [Source:HGNC Symbol;Acc:HGNC:24374]	-0.33332944	
ZNF438	zinc finger protein 438 [Source:HGNC Symbol;Acc:HGNC:21029]	-0.33362335	
TNKS2	tankyrase 2 [Source:HGNC Symbol;Acc:HGNC:15677]	-0.3337933	
SLC25A27	solute carrier family 25 member 27 [Source:HGNC Symbol;Acc:HGNC:21065]	-0.3338522	
SLC37A1	solute carrier family 37 member 1 [Source:HGNC Symbol;Acc:HGNC:11024]	-0.33473995	
CWF19L2	CWF19 like cell cycle control factor 2 [Source:HGNC Symbol;Acc:HGNC:26508]	-0.33496535	
GPATCH2	G-patch domain containing 2 [Source:HGNC Symbol;Acc:HGNC:25499]	-0.33505616	
GNGT2	G protein subunit gamma transducin 2 [Source:HGNC Symbol;Acc:HGNC:4412]	-0.33516327	
GIT2	GIT ArfGAP 2 [Source:HGNC Symbol;Acc:HGNC:4273]	-0.3352554	
WASHC2A	WASH complex subunit 2A [Source:HGNC Symbol;Acc:HGNC:23416]	-0.33555335	
PIKFYVE	phosphoinositide kinase, FYVE-type zinc finger containing [Source:HGNC Symbol;Acc:HGNC:23785]	-0.3356205	
NARS2	asparaginyl-tRNA synthetase 2, mitochondrial [Source:HGNC Symbol;Acc:HGNC:26274]	-0.33582985	
RBBP6	RB binding protein 6, ubiquitin ligase [Source:HGNC Symbol;Acc:HGNC:9889]	-0.3361413	
ZSCAN26	zinc finger and SCAN domain containing 26 [Source:HGNC Symbol;Acc:HGNC:12978]	-0.33711025	
EPS15	epidermal growth factor receptor pathway substrate 15 [Source:HGNC Symbol;Acc:HGNC:3419]	-0.33765656	
ARHGAP35	Rho GTPase activating protein 35 [Source:HGNC Symbol;Acc:HGNC:4591]	-0.33803806	
COP1	COP1 E3 ubiquitin ligase [Source:HGNC Symbol;Acc:HGNC:17440]	-0.33808944	
PIAS1	protein inhibitor of activated STAT 1 [Source:HGNC Symbol;Acc:HGNC:2752]	-0.33821604	
COX10	cytochrome c oxidase assembly factor heme A:farnesyltransferase COX10 [Source:HGNC Symbol;Acc:HGNC:2260]	-0.33824438	
ZKSCAN4	zinc finger with KRAB and SCAN domains 4 [Source:HGNC Symbol;Acc:HGNC:13854]	-0.33845767	
MYO9A	myosin IXA [Source:HGNC Symbol;Acc:HGNC:7608]	-0.3385654	
EPB41	erythrocyte membrane protein band 4.1 [Source:HGNC Symbol;Acc:HGNC:3377]	-0.3388157	
TMEM241	transmembrane protein 241 [Source:HGNC Symbol;Acc:HGNC:31723]	-0.3389799	
MAP7	microtubule associated protein 7 [Source:HGNC Symbol;Acc:HGNC:6869]	-0.33911908	
ATG10	autophagy related 10 [Source:HGNC Symbol;Acc:HGNC:20315]	-0.34015763	
DIDO1	death inducer-obliterator 1 [Source:HGNC Symbol;Acc:HGNC:2680]	-0.3403369	
SDHA	succinate dehydrogenase complex flavoprotein subunit A [Source:HGNC Symbol;Acc:HGNC:10680]	-0.34044006	
FAM13B	family with sequence similarity 13 member B [Source:HGNC Symbol;Acc:HGNC:1335]	-0.34058967	
PYM1	PYM homolog 1, exon junction complex associated factor [Source:HGNC Symbol;Acc:HGNC:30258]	-0.3407048	
TLK2	tousled like kinase 2 [Source:HGNC Symbol;Acc:HGNC:11842]	-0.34124687	
DNM2	dynamin 2 [Source:HGNC Symbol;Acc:HGNC:2974]	-0.34129304	
SORCS2	sortilin related VPS10 domain containing receptor 2 [Source:HGNC Symbol;Acc:HGNC:16698]	-0.3415086	
ANKRD11	ankyrin repeat domain containing 11 [Source:HGNC Symbol;Acc:HGNC:21316]	-0.3419241	
CHD7	chromodomain helicase DNA binding protein 7 [Source:HGNC Symbol;Acc:HGNC:20626]	-0.34221724	
PPP4R3B	protein phosphatase 4 regulatory subunit 3B [Source:HGNC Symbol;Acc:HGNC:29267]	-0.34246078	
N4BP2L2	NEDD4 binding protein 2 like 2 [Source:HGNC Symbol;Acc:HGNC:26916]	-0.34249443	
RANBP10	RAN binding protein 10 [Source:HGNC Symbol;Acc:HGNC:29285]	-0.342517	
SH2D3C	SH2 domain containing 3C [Source:HGNC Symbol;Acc:HGNC:16884]	-0.34280023	
SCFD1	sec1 family domain containing 1 [Source:HGNC Symbol;Acc:HGNC:20726]	-0.3432366	
ULK2	unc-51 like autophagy activating kinase 2 [Source:HGNC Symbol;Acc:HGNC:13480]	-0.34330255	
INVS	inversin [Source:HGNC Symbol;Acc:HGNC:17870]	-0.34356344	
ATP6V0A2	ATPase H+ transporting V0 subunit a2 [Source:HGNC Symbol;Acc:HGNC:18481]	-0.34358728	
HERC2	HECT and RLD domain containing E3 ubiquitin protein ligase 2 [Source:HGNC Symbol;Acc:HGNC:4868]	-0.34382144	
WDR7	WD repeat domain 7 [Source:HGNC Symbol;Acc:HGNC:13490]	-0.34429204	
SLC2A3	solute carrier family 2 member 3 [Source:HGNC Symbol;Acc:HGNC:11007]	-0.34436688	
IRF9	interferon regulatory factor 9 [Source:HGNC Symbol;Acc:HGNC:6131]	-0.34440786	
ZNF398	zinc finger protein 398 [Source:HGNC Symbol;Acc:HGNC:18373]	-0.3445463	
RNF169	ring finger protein 169 [Source:HGNC Symbol;Acc:HGNC:26961]	-0.34472257	
LMO4	LIM domain only 4 [Source:HGNC Symbol;Acc:HGNC:6644]	-0.34487537	
RPL21	ribosomal protein L21 [Source:HGNC Symbol;Acc:HGNC:10313]	-0.34493583	
MT-ATP6	mitochondrially encoded ATP synthase membrane subunit 6 [Source:HGNC Symbol;Acc:HGNC:7414]	-0.34502992	
NCOA6	nuclear receptor coactivator 6 [Source:HGNC Symbol;Acc:HGNC:15936]	-0.345581	
PMEL	premelanosome protein [Source:HGNC Symbol;Acc:HGNC:10880]	-0.346853	
ST3GAL1	ST3 beta-galactoside alpha-2,3-sialyltransferase 1 [Source:HGNC Symbol;Acc:HGNC:10862]	-0.3468933	
RPRD2	regulation of nuclear pre-mRNA domain containing 2 [Source:HGNC Symbol;Acc:HGNC:29039]	-0.34691352	
THOC2	THO complex subunit 2 [Source:HGNC Symbol;Acc:HGNC:19073]	-0.3469275	
BTAF1	B-TFIID TATA-box binding protein associated factor 1 [Source:HGNC Symbol;Acc:HGNC:17307]	-0.3478366	
SPPL3	signal peptide peptidase like 3 [Source:HGNC Symbol;Acc:HGNC:30424]	-0.34798643	
GALNT11	polypeptide N-acetylgalactosaminyltransferase 11 [Source:HGNC Symbol;Acc:HGNC:19875]	-0.34822872	
CHORDC1	cysteine and histidine rich domain containing 1 [Source:HGNC Symbol;Acc:HGNC:14525]	-0.34825093	
TBCK	TBC1 domain containing kinase [Source:HGNC Symbol;Acc:HGNC:28261]	-0.34861934	
GLG1	golgi glycoprotein 1 [Source:HGNC Symbol;Acc:HGNC:4316]	-0.34868786	
ZNF91	zinc finger protein 91 [Source:HGNC Symbol;Acc:HGNC:13166]	-0.34912837	
RPLP1	ribosomal protein lateral stalk subunit P1 [Source:HGNC Symbol;Acc:HGNC:10372]	-0.3492302	
TAF3	TATA-box binding protein associated factor 3 [Source:HGNC Symbol;Acc:HGNC:17303]	-0.34940937	
PSMB10	proteasome 20S subunit beta 10 [Source:HGNC Symbol;Acc:HGNC:9538]	-0.34950787	
ASB13	ankyrin repeat and SOCS box containing 13 [Source:HGNC Symbol;Acc:HGNC:19765]	-0.34978253	
YTHDF3	YTH N6-methyladenosine RNA binding protein 3 [Source:HGNC Symbol;Acc:HGNC:26465]	-0.34978873	
TWF2	twinfilin actin binding protein 2 [Source:HGNC Symbol;Acc:HGNC:9621]	-0.34982225	
LGALS8	galectin 8 [Source:HGNC Symbol;Acc:HGNC:6569]	-0.34982604	
LIMK2	LIM domain kinase 2 [Source:HGNC Symbol;Acc:HGNC:6614]	-0.35003462	
TSPAN13	tetraspanin 13 [Source:HGNC Symbol;Acc:HGNC:21643]	-0.350081	
PEX14	peroxisomal biogenesis factor 14 [Source:HGNC Symbol;Acc:HGNC:8856]	-0.35081273	
XPR1	xenotropic and polytropic retrovirus receptor 1 [Source:HGNC Symbol;Acc:HGNC:12827]	-0.3509352	
RBM26	RNA binding motif protein 26 [Source:HGNC Symbol;Acc:HGNC:20327]	-0.35132363	
BCL9L	BCL9 like [Source:HGNC Symbol;Acc:HGNC:23688]	-0.35164818	
TRPC4AP	transient receptor potential cation channel subfamily C member 4 associated protein [Source:HGNC Symbol;Acc:HGNC:16181]	-0.35224405	
WDR12	WD repeat domain 12 [Source:HGNC Symbol;Acc:HGNC:14098]	-0.3527107	
BDP1	B double prime 1, subunit of RNA polymerase III transcription initiation factor IIIB [Source:HGNC Symbol;Acc:HGNC:13652]	-0.35292456	
KDM5C	lysine demethylase 5C [Source:HGNC Symbol;Acc:HGNC:11114]	-0.3537286	
PVT1	Pvt1 oncogene [Source:HGNC Symbol;Acc:HGNC:9709]	-0.35392058	
ATXN7	ataxin 7 [Source:HGNC Symbol;Acc:HGNC:10560]	-0.35420302	
C1GALT1	core 1 synthase, glycoprotein-N-acetylgalactosamine 3-beta-galactosyltransferase 1 [Source:HGNC Symbol;Acc:HGNC:24337]	-0.35428807	
GGT5	gamma-glutamyltransferase 5 [Source:HGNC Symbol;Acc:HGNC:4260]	-0.35433468	
UBE3C	ubiquitin protein ligase E3C [Source:HGNC Symbol;Acc:HGNC:16803]	-0.35467377	
TUT4	terminal uridylyl transferase 4 [Source:HGNC Symbol;Acc:HGNC:28981]	-0.3548451	
CCDC88C	coiled-coil domain containing 88C [Source:HGNC Symbol;Acc:HGNC:19967]	-0.35546649	
RPL26	ribosomal protein L26 [Source:HGNC Symbol;Acc:HGNC:10327]	-0.35560507	
USP34	ubiquitin specific peptidase 34 [Source:HGNC Symbol;Acc:HGNC:20066]	-0.35570335	
SEC11A	SEC11 homolog A, signal peptidase complex subunit [Source:HGNC Symbol;Acc:HGNC:17718]	-0.35610345	
ISG20	interferon stimulated exonuclease gene 20 [Source:HGNC Symbol;Acc:HGNC:6130]	-0.3563965	
JADE2	jade family PHD finger 2 [Source:HGNC Symbol;Acc:HGNC:22984]	-0.35673177	
SPOP	speckle type BTB/POZ protein [Source:HGNC Symbol;Acc:HGNC:11254]	-0.35735416	
ATOSA	atos homolog A [Source:HGNC Symbol;Acc:HGNC:25609]	-0.35742012	
PFKFB3	6-phosphofructo-2-kinase/fructose-2,6-biphosphatase 3 [Source:HGNC Symbol;Acc:HGNC:8874]	-0.3574858	
ZMYM4	zinc finger MYM-type containing 4 [Source:HGNC Symbol;Acc:HGNC:13055]	-0.35829657	
KCNMB4	potassium calcium-activated channel subfamily M regulatory beta subunit 4 [Source:HGNC Symbol;Acc:HGNC:6289]	-0.35859168	
POLR1A	RNA polymerase I subunit A [Source:HGNC Symbol;Acc:HGNC:17264]	-0.360115	
DIS3L2	DIS3 like 3'-5' exoribonuclease 2 [Source:HGNC Symbol;Acc:HGNC:28648]	-0.36025786	
RFTN1	raftlin, lipid raft linker 1 [Source:HGNC Symbol;Acc:HGNC:30278]	-0.36128882	
UNC5CL	unc-5 family C-terminal like [Source:HGNC Symbol;Acc:HGNC:21203]	-0.36162093	
YTHDC1	YTH domain containing 1 [Source:HGNC Symbol;Acc:HGNC:30626]	-0.36177373	
TNKS	tankyrase [Source:HGNC Symbol;Acc:HGNC:11941]	-0.36250407	
DMTF1	cyclin D binding myb like transcription factor 1 [Source:HGNC Symbol;Acc:HGNC:14603]	-0.36321506	
LRPPRC	leucine rich pentatricopeptide repeat containing [Source:HGNC Symbol;Acc:HGNC:15714]	-0.36342677	
LCORL	ligand dependent nuclear receptor corepressor like [Source:HGNC Symbol;Acc:HGNC:30776]	-0.3635681	
B4GALNT1	beta-1,4-N-acetyl-galactosaminyltransferase 1 [Source:HGNC Symbol;Acc:HGNC:4117]	-0.3636036	
PKN1	protein kinase N1 [Source:HGNC Symbol;Acc:HGNC:9405]	-0.3638576	
INO80	INO80 complex ATPase subunit [Source:HGNC Symbol;Acc:HGNC:26956]	-0.36418572	
KIAA1328	KIAA1328 [Source:HGNC Symbol;Acc:HGNC:29248]	-0.3643846	
HECTD4	HECT domain E3 ubiquitin protein ligase 4 [Source:HGNC Symbol;Acc:HGNC:26611]	-0.36466113	
SOCS3	suppressor of cytokine signaling 3 [Source:HGNC Symbol;Acc:HGNC:19391]	-0.36493477	
STX16	syntaxin 16 [Source:HGNC Symbol;Acc:HGNC:11431]	-0.36568233	
AIG1	androgen induced 1 [Source:HGNC Symbol;Acc:HGNC:21607]	-0.36592716	
GRAP	GRB2 related adaptor protein [Source:HGNC Symbol;Acc:HGNC:4562]	-0.36621535	
ATXN7L3B	ataxin 7 like 3B [Source:HGNC Symbol;Acc:HGNC:37931]	-0.36641166	
EHD3	EH domain containing 3 [Source:HGNC Symbol;Acc:HGNC:3244]	-0.3665454	
PRKDC	protein kinase, DNA-activated, catalytic subunit [Source:HGNC Symbol;Acc:HGNC:9413]	-0.36752647	
GAPVD1	GTPase activating protein and VPS9 domains 1 [Source:HGNC Symbol;Acc:HGNC:23375]	-0.36756387	
CTSS	cathepsin S [Source:HGNC Symbol;Acc:HGNC:2545]	-0.36776412	
PKN2	protein kinase N2 [Source:HGNC Symbol;Acc:HGNC:9406]	-0.36820048	
FAS	Fas cell surface death receptor [Source:HGNC Symbol;Acc:HGNC:11920]	-0.36890164	
CHD8	chromodomain helicase DNA binding protein 8 [Source:HGNC Symbol;Acc:HGNC:20153]	-0.36950773	
SCP2	sterol carrier protein 2 [Source:HGNC Symbol;Acc:HGNC:10606]	-0.36974302	
FAM149B1	family with sequence similarity 149 member B1 [Source:HGNC Symbol;Acc:HGNC:29162]	-0.37016895	
SPSB1	splA/ryanodine receptor domain and SOCS box containing 1 [Source:HGNC Symbol;Acc:HGNC:30628]	-0.37019283	
PATZ1	POZ/BTB and AT hook containing zinc finger 1 [Source:HGNC Symbol;Acc:HGNC:13071]	-0.37068418	
PLEKHA1	pleckstrin homology domain containing A1 [Source:HGNC Symbol;Acc:HGNC:14335]	-0.37100336	
RPS25	ribosomal protein S25 [Source:HGNC Symbol;Acc:HGNC:10413]	-0.37191305	
PDPK1	3-phosphoinositide dependent protein kinase 1 [Source:HGNC Symbol;Acc:HGNC:8816]	-0.37219188	
LCK	LCK proto-oncogene, Src family tyrosine kinase [Source:HGNC Symbol;Acc:HGNC:6524]	-0.37258998	
MECP2	methyl-CpG binding protein 2 [Source:HGNC Symbol;Acc:HGNC:6990]	-0.37262964	
FAM120B	family with sequence similarity 120B [Source:HGNC Symbol;Acc:HGNC:21109]	-0.3731726	
ARF3	ADP ribosylation factor 3 [Source:HGNC Symbol;Acc:HGNC:654]	-0.3733516	
DENND6A	DENN domain containing 6A [Source:HGNC Symbol;Acc:HGNC:26635]	-0.3737774	
TRAC	T cell receptor alpha constant [Source:HGNC Symbol;Acc:HGNC:12029]	-0.3741011	
SARAF	store-operated calcium entry associated regulatory factor [Source:HGNC Symbol;Acc:HGNC:28789]	-0.3743371	
YPEL3	yippee like 3 [Source:HGNC Symbol;Acc:HGNC:18327]	-0.3745521	
RABEP1	rabaptin, RAB GTPase binding effector protein 1 [Source:HGNC Symbol;Acc:HGNC:17677]	-0.3747552	
RPL7	ribosomal protein L7 [Source:HGNC Symbol;Acc:HGNC:10363]	-0.37480536	
PPP1R21	protein phosphatase 1 regulatory subunit 21 [Source:HGNC Symbol;Acc:HGNC:30595]	-0.37492326	
TRIM25	tripartite motif containing 25 [Source:HGNC Symbol;Acc:HGNC:12932]	-0.37493658	
GALK2	galactokinase 2 [Source:HGNC Symbol;Acc:HGNC:4119]	-0.37643406	
RPS3	ribosomal protein S3 [Source:HGNC Symbol;Acc:HGNC:10420]	-0.37710288	
NUFIP2	nuclear FMR1 interacting protein 2 [Source:HGNC Symbol;Acc:HGNC:17634]	-0.37852636	
PHF20	PHD finger protein 20 [Source:HGNC Symbol;Acc:HGNC:16098]	-0.37859404	
UBR3	ubiquitin protein ligase E3 component n-recognin 3 [Source:HGNC Symbol;Acc:HGNC:30467]	-0.37892622	
RFFL	ring finger and FYVE like domain containing E3 ubiquitin protein ligase [Source:HGNC Symbol;Acc:HGNC:24821]	-0.37938258	
RTN4RL1	reticulon 4 receptor like 1 [Source:HGNC Symbol;Acc:HGNC:21329]	-0.3794116	
ZBTB4	zinc finger and BTB domain containing 4 [Source:HGNC Symbol;Acc:HGNC:23847]	-0.3807334	
LMAN2L	lectin, mannose binding 2 like [Source:HGNC Symbol;Acc:HGNC:19263]	-0.38087034	
ARHGAP12	Rho GTPase activating protein 12 [Source:HGNC Symbol;Acc:HGNC:16348]	-0.38160792	
TNPO1	transportin 1 [Source:HGNC Symbol;Acc:HGNC:6401]	-0.382446	
RNF130	ring finger protein 130 [Source:HGNC Symbol;Acc:HGNC:18280]	-0.3827483	
DCAF17	DDB1 and CUL4 associated factor 17 [Source:HGNC Symbol;Acc:HGNC:25784]	-0.38316444	
OAS3	2'-5'-oligoadenylate synthetase 3 [Source:HGNC Symbol;Acc:HGNC:8088]	-0.383331	
STAT2	signal transducer and activator of transcription 2 [Source:HGNC Symbol;Acc:HGNC:11363]	-0.38392296	
FAM193A	family with sequence similarity 193 member A [Source:HGNC Symbol;Acc:HGNC:16822]	-0.38435197	
LRIF1	ligand dependent nuclear receptor interacting factor 1 [Source:HGNC Symbol;Acc:HGNC:30299]	-0.3846022	
LY9	lymphocyte antigen 9 [Source:HGNC Symbol;Acc:HGNC:6730]	-0.38487238	
SCAI	suppressor of cancer cell invasion [Source:HGNC Symbol;Acc:HGNC:26709]	-0.38515517	
SMAD1	SMAD family member 1 [Source:HGNC Symbol;Acc:HGNC:6767]	-0.3852085	
ABCC5	ATP binding cassette subfamily C member 5 [Source:HGNC Symbol;Acc:HGNC:56]	-0.3856998	
ZCCHC2	zinc finger CCHC-type containing 2 [Source:HGNC Symbol;Acc:HGNC:22916]	-0.38645545	
ETV3	ETS variant transcription factor 3 [Source:HGNC Symbol;Acc:HGNC:3492]	-0.38647443	
HLA-E	major histocompatibility complex, class I, E [Source:HGNC Symbol;Acc:HGNC:4962]	-0.3865127	
RASAL3	RAS protein activator like 3 [Source:HGNC Symbol;Acc:HGNC:26129]	-0.38672984	
TRAPPC12	trafficking protein particle complex subunit 12 [Source:HGNC Symbol;Acc:HGNC:24284]	-0.38674393	
RNF114	ring finger protein 114 [Source:HGNC Symbol;Acc:HGNC:13094]	-0.38682294	
DICER1	dicer 1, ribonuclease III [Source:HGNC Symbol;Acc:HGNC:17098]	-0.38693476	
HSDL1	hydroxysteroid dehydrogenase like 1 [Source:HGNC Symbol;Acc:HGNC:16475]	-0.38715017	
SEC16A	SEC16 homolog A, endoplasmic reticulum export factor [Source:HGNC Symbol;Acc:HGNC:29006]	-0.38795987	
TMEM260	transmembrane protein 260 [Source:HGNC Symbol;Acc:HGNC:20185]	-0.38818988	
ACAP2	ArfGAP with coiled-coil, ankyrin repeat and PH domains 2 [Source:HGNC Symbol;Acc:HGNC:16469]	-0.38872877	
PHKB	phosphorylase kinase regulatory subunit beta [Source:HGNC Symbol;Acc:HGNC:8927]	-0.3888429	
ZNF236	zinc finger protein 236 [Source:HGNC Symbol;Acc:HGNC:13028]	-0.38901725	
PLEKHA7	pleckstrin homology domain containing A7 [Source:HGNC Symbol;Acc:HGNC:27049]	-0.38998896	
SIPA1L3	signal induced proliferation associated 1 like 3 [Source:HGNC Symbol;Acc:HGNC:23801]	-0.39052364	
URI1	URI1 prefoldin like chaperone [Source:HGNC Symbol;Acc:HGNC:13236]	-0.3906995	
ATXN2	ataxin 2 [Source:HGNC Symbol;Acc:HGNC:10555]	-0.39083385	
PGPEP1L	pyroglutamyl-peptidase I like [Source:HGNC Symbol;Acc:HGNC:27080]	-0.39120218	
MAP4K4	mitogen-activated protein kinase kinase kinase kinase 4 [Source:HGNC Symbol;Acc:HGNC:6866]	-0.3916529	
PUM1	pumilio RNA binding family member 1 [Source:HGNC Symbol;Acc:HGNC:14957]	-0.39177936	
INPP5F	inositol polyphosphate-5-phosphatase F [Source:HGNC Symbol;Acc:HGNC:17054]	-0.39204347	
KRIT1	KRIT1 ankyrin repeat containing [Source:HGNC Symbol;Acc:HGNC:1573]	-0.39227596	
TANGO6	transport and golgi organization 6 homolog [Source:HGNC Symbol;Acc:HGNC:25749]	-0.3939683	
ACSS2	acyl-CoA synthetase short chain family member 2 [Source:HGNC Symbol;Acc:HGNC:15814]	-0.39414334	
FRS2	fibroblast growth factor receptor substrate 2 [Source:HGNC Symbol;Acc:HGNC:16971]	-0.39415252	
ARHGAP5	Rho GTPase activating protein 5 [Source:HGNC Symbol;Acc:HGNC:675]	-0.39488375	
KIAA0040	KIAA0040 [Source:HGNC Symbol;Acc:HGNC:28950]	-0.39619452	
GGPS1	geranylgeranyl diphosphate synthase 1 [Source:HGNC Symbol;Acc:HGNC:4249]	-0.39684254	
MOV10	Mov10 RISC complex RNA helicase [Source:HGNC Symbol;Acc:HGNC:7200]	-0.39685643	
DPH6	diphthamine biosynthesis 6 [Source:HGNC Symbol;Acc:HGNC:30543]	-0.3969711	
AFG1L	AFG1 like ATPase [Source:HGNC Symbol;Acc:HGNC:16411]	-0.39698556	
ALKBH8	alkB homolog 8, tRNA methyltransferase [Source:HGNC Symbol;Acc:HGNC:25189]	-0.39753613	
ABI3	ABI family member 3 [Source:HGNC Symbol;Acc:HGNC:29859]	-0.397575	
MICALL1	MICAL like 1 [Source:HGNC Symbol;Acc:HGNC:29804]	-0.3976976	
GON4L	gon-4 like [Source:HGNC Symbol;Acc:HGNC:25973]	-0.39774048	
RASA1	RAS p21 protein activator 1 [Source:HGNC Symbol;Acc:HGNC:9871]	-0.39788082	
NOP10	NOP10 ribonucleoprotein [Source:HGNC Symbol;Acc:HGNC:14378]	-0.3980115	
JMY	junction mediating and regulatory protein, p53 cofactor [Source:HGNC Symbol;Acc:HGNC:28916]	-0.3982406	
PGS1	phosphatidylglycerophosphate synthase 1 [Source:HGNC Symbol;Acc:HGNC:30029]	-0.39833498	
IL17RA	interleukin 17 receptor A [Source:HGNC Symbol;Acc:HGNC:5985]	-0.3985154	
STRBP	spermatid perinuclear RNA binding protein [Source:HGNC Symbol;Acc:HGNC:16462]	-0.39853868	
CREB1	cAMP responsive element binding protein 1 [Source:HGNC Symbol;Acc:HGNC:2345]	-0.3986764	
CBR1	carbonyl reductase 1 [Source:HGNC Symbol;Acc:HGNC:1548]	-0.39961076	
RPH3AL	rabphilin 3A like (without C2 domains) [Source:HGNC Symbol;Acc:HGNC:10296]	-0.4002717	
SLAMF6	SLAM family member 6 [Source:HGNC Symbol;Acc:HGNC:21392]	-0.4003167	
CYFIP2	cytoplasmic FMR1 interacting protein 2 [Source:HGNC Symbol;Acc:HGNC:13760]	-0.4003924	
ANKRD28	ankyrin repeat domain 28 [Source:HGNC Symbol;Acc:HGNC:29024]	-0.4005906	
SPOPL	speckle type BTB/POZ protein like [Source:HGNC Symbol;Acc:HGNC:27934]	-0.40214413	
UPF2	UPF2 regulator of nonsense mediated mRNA decay [Source:HGNC Symbol;Acc:HGNC:17854]	-0.40221697	
MINDY2	MINDY lysine 48 deubiquitinase 2 [Source:HGNC Symbol;Acc:HGNC:26954]	-0.40350413	
CD53	CD53 molecule [Source:HGNC Symbol;Acc:HGNC:1686]	-0.40369555	
LFNG	LFNG O-fucosylpeptide 3-beta-N-acetylglucosaminyltransferase [Source:HGNC Symbol;Acc:HGNC:6560]	-0.40400097	
SYNRG	synergin gamma [Source:HGNC Symbol;Acc:HGNC:557]	-0.405034	
RNF19A	ring finger protein 19A, RBR E3 ubiquitin protein ligase [Source:HGNC Symbol;Acc:HGNC:13432]	-0.40544292	
PURA	purine rich element binding protein A [Source:HGNC Symbol;Acc:HGNC:9701]	-0.40609905	
CNOT2	CCR4-NOT transcription complex subunit 2 [Source:HGNC Symbol;Acc:HGNC:7878]	-0.40623105	
NR2C2	nuclear receptor subfamily 2 group C member 2 [Source:HGNC Symbol;Acc:HGNC:7972]	-0.40628138	
STRN3	striatin 3 [Source:HGNC Symbol;Acc:HGNC:15720]	-0.4072056	
TMCC1	transmembrane and coiled-coil domain family 1 [Source:HGNC Symbol;Acc:HGNC:29116]	-0.407422	
WDR33	WD repeat domain 33 [Source:HGNC Symbol;Acc:HGNC:25651]	-0.4077263	
SOS1	SOS Ras/Rac guanine nucleotide exchange factor 1 [Source:HGNC Symbol;Acc:HGNC:11187]	-0.40898946	
USP12	ubiquitin specific peptidase 12 [Source:HGNC Symbol;Acc:HGNC:20485]	-0.41021678	
ZYG11B	zyg-11 family member B, cell cycle regulator [Source:HGNC Symbol;Acc:HGNC:25820]	-0.41153294	
MEF2A	myocyte enhancer factor 2A [Source:HGNC Symbol;Acc:HGNC:6993]	-0.4116343	
ESCO1	establishment of sister chromatid cohesion N-acetyltransferase 1 [Source:HGNC Symbol;Acc:HGNC:24645]	-0.41293958	
HLCS	holocarboxylase synthetase [Source:HGNC Symbol;Acc:HGNC:4976]	-0.41311157	
AQR	aquarius intron-binding spliceosomal factor [Source:HGNC Symbol;Acc:HGNC:29513]	-0.41326216	
PIAS2	protein inhibitor of activated STAT 2 [Source:HGNC Symbol;Acc:HGNC:17311]	-0.41462356	
CNN3	calponin 3 [Source:HGNC Symbol;Acc:HGNC:2157]	-0.4147573	
EHMT1	euchromatic histone lysine methyltransferase 1 [Source:HGNC Symbol;Acc:HGNC:24650]	-0.41482094	
NUB1	negative regulator of ubiquitin like proteins 1 [Source:HGNC Symbol;Acc:HGNC:17623]	-0.41511315	
NFATC3	nuclear factor of activated T cells 3 [Source:HGNC Symbol;Acc:HGNC:7777]	-0.4151551	
CRTC3	CREB regulated transcription coactivator 3 [Source:HGNC Symbol;Acc:HGNC:26148]	-0.41525432	
ARHGAP4	Rho GTPase activating protein 4 [Source:HGNC Symbol;Acc:HGNC:674]	-0.41542277	
ELF1	E74 like ETS transcription factor 1 [Source:HGNC Symbol;Acc:HGNC:3316]	-0.4161046	
UBR1	ubiquitin protein ligase E3 component n-recognin 1 [Source:HGNC Symbol;Acc:HGNC:16808]	-0.41650623	
OASL	2'-5'-oligoadenylate synthetase like [Source:HGNC Symbol;Acc:HGNC:8090]	-0.4166456	
BTBD7	BTB domain containing 7 [Source:HGNC Symbol;Acc:HGNC:18269]	-0.41762033	
UBN2	ubinuclein 2 [Source:HGNC Symbol;Acc:HGNC:21931]	-0.4181758	
TTC7B	tetratricopeptide repeat domain 7B [Source:HGNC Symbol;Acc:HGNC:19858]	-0.41832903	
GPRASP1	G protein-coupled receptor associated sorting protein 1 [Source:HGNC Symbol;Acc:HGNC:24834]	-0.41841957	
ARHGAP1	Rho GTPase activating protein 1 [Source:HGNC Symbol;Acc:HGNC:673]	-0.4184451	
CSNK1G1	casein kinase 1 gamma 1 [Source:HGNC Symbol;Acc:HGNC:2454]	-0.41846094	
ZFAND3	zinc finger AN1-type containing 3 [Source:HGNC Symbol;Acc:HGNC:18019]	-0.41927224	
IDNK	IDNK gluconokinase [Source:HGNC Symbol;Acc:HGNC:31367]	-0.42102653	
ICE1	interactor of little elongation complex ELL subunit 1 [Source:HGNC Symbol;Acc:HGNC:29154]	-0.42115062	
EXOC6B	exocyst complex component 6B [Source:HGNC Symbol;Acc:HGNC:17085]	-0.42242095	
STAG2	stromal antigen 2 [Source:HGNC Symbol;Acc:HGNC:11355]	-0.42309862	
NGLY1	N-glycanase 1 [Source:HGNC Symbol;Acc:HGNC:17646]	-0.423222	
MAPKAP1	MAPK associated protein 1 [Source:HGNC Symbol;Acc:HGNC:18752]	-0.4235138	
GATAD2B	GATA zinc finger domain containing 2B [Source:HGNC Symbol;Acc:HGNC:30778]	-0.42445937	
TBXA2R	thromboxane A2 receptor [Source:HGNC Symbol;Acc:HGNC:11608]	-0.4245431	
PPP4R2	protein phosphatase 4 regulatory subunit 2 [Source:HGNC Symbol;Acc:HGNC:18296]	-0.424936	
DLG1	discs large MAGUK scaffold protein 1 [Source:HGNC Symbol;Acc:HGNC:2900]	-0.42599407	
ITPKB	inositol-trisphosphate 3-kinase B [Source:HGNC Symbol;Acc:HGNC:6179]	-0.4261598	
STARD5	StAR related lipid transfer domain containing 5 [Source:HGNC Symbol;Acc:HGNC:18065]	-0.42638233	
USP40	ubiquitin specific peptidase 40 [Source:HGNC Symbol;Acc:HGNC:20069]	-0.42701855	
WDR44	WD repeat domain 44 [Source:HGNC Symbol;Acc:HGNC:30512]	-0.42709443	
TTC14	tetratricopeptide repeat domain 14 [Source:HGNC Symbol;Acc:HGNC:24697]	-0.42723185	
TBL1XR1	TBL1X/Y related 1 [Source:HGNC Symbol;Acc:HGNC:29529]	-0.4277598	
UBE2R2	ubiquitin conjugating enzyme E2 R2 [Source:HGNC Symbol;Acc:HGNC:19907]	-0.42816857	
ENOX2	ecto-NOX disulfide-thiol exchanger 2 [Source:HGNC Symbol;Acc:HGNC:2259]	-0.42981625	
GSK3B	glycogen synthase kinase 3 beta [Source:HGNC Symbol;Acc:HGNC:4617]	-0.43044123	
LRCH1	leucine rich repeats and calponin homology domain containing 1 [Source:HGNC Symbol;Acc:HGNC:20309]	-0.430655	
BOD1L1	biorientation of chromosomes in cell division 1 like 1 [Source:HGNC Symbol;Acc:HGNC:31792]	-0.43135592	
ARHGAP30	Rho GTPase activating protein 30 [Source:HGNC Symbol;Acc:HGNC:27414]	-0.43160936	
VIPR1	vasoactive intestinal peptide receptor 1 [Source:HGNC Symbol;Acc:HGNC:12694]	-0.43163988	
EEF1G	eukaryotic translation elongation factor 1 gamma [Source:HGNC Symbol;Acc:HGNC:3213]	-0.43244606	
DYRK1A	dual specificity tyrosine phosphorylation regulated kinase 1A [Source:HGNC Symbol;Acc:HGNC:3091]	-0.43349937	
PML	PML nuclear body scaffold [Source:HGNC Symbol;Acc:HGNC:9113]	-0.43352428	
APC	APC regulator of WNT signaling pathway [Source:HGNC Symbol;Acc:HGNC:583]	-0.43378693	
ZFP1	ZFP1 zinc finger protein [Source:HGNC Symbol;Acc:HGNC:23328]	-0.43417808	
ZNRF1	zinc and ring finger 1 [Source:HGNC Symbol;Acc:HGNC:18452]	-0.43483695	
SLC16A5	solute carrier family 16 member 5 [Source:HGNC Symbol;Acc:HGNC:10926]	-0.43512204	
ARFGEF1	ADP ribosylation factor guanine nucleotide exchange factor 1 [Source:HGNC Symbol;Acc:HGNC:15772]	-0.43530935	
TAOK1	TAO kinase 1 [Source:HGNC Symbol;Acc:HGNC:29259]	-0.4362461	
CELSR1	cadherin EGF LAG seven-pass G-type receptor 1 [Source:HGNC Symbol;Acc:HGNC:1850]	-0.43634015	
SEC24B	SEC24 homolog B, COPII coat complex component [Source:HGNC Symbol;Acc:HGNC:10704]	-0.43638396	
LGALS9	galectin 9 [Source:HGNC Symbol;Acc:HGNC:6570]	-0.43655333	
NT5C3A	5'-nucleotidase, cytosolic IIIA [Source:HGNC Symbol;Acc:HGNC:17820]	-0.4375424	
RMDN1	regulator of microtubule dynamics 1 [Source:HGNC Symbol;Acc:HGNC:24285]	-0.43818015	
SPATA13	spermatogenesis associated 13 [Source:HGNC Symbol;Acc:HGNC:23222]	-0.43912983	
SHISA5	shisa family member 5 [Source:HGNC Symbol;Acc:HGNC:30376]	-0.4392609	
TSC22D3	TSC22 domain family member 3 [Source:HGNC Symbol;Acc:HGNC:3051]	-0.43934983	
MLLT10	MLLT10 histone lysine methyltransferase DOT1L cofactor [Source:HGNC Symbol;Acc:HGNC:16063]	-0.43948236	
TXLNG	taxilin gamma [Source:HGNC Symbol;Acc:HGNC:18578]	-0.4397271	
PCMTD1	protein-L-isoaspartate (D-aspartate) O-methyltransferase domain containing 1 [Source:HGNC Symbol;Acc:HGNC:30483]	-0.43995336	
LDAH	lipid droplet associated hydrolase [Source:HGNC Symbol;Acc:HGNC:26145]	-0.44022682	
NFE2L2	NFE2 like bZIP transcription factor 2 [Source:HGNC Symbol;Acc:HGNC:7782]	-0.44074097	
TXNDC16	thioredoxin domain containing 16 [Source:HGNC Symbol;Acc:HGNC:19965]	-0.44096267	
KIF21B	kinesin family member 21B [Source:HGNC Symbol;Acc:HGNC:29442]	-0.44099748	
RELCH	RAB11 binding and LisH domain, coiled-coil and HEAT repeat containing [Source:HGNC Symbol;Acc:HGNC:29289]	-0.44116566	
PVR	PVR cell adhesion molecule [Source:HGNC Symbol;Acc:HGNC:9705]	-0.44174019	
ZNF277	zinc finger protein 277 [Source:HGNC Symbol;Acc:HGNC:13070]	-0.44210282	
WASHC3	WASH complex subunit 3 [Source:HGNC Symbol;Acc:HGNC:24256]	-0.44222605	
TTC13	tetratricopeptide repeat domain 13 [Source:HGNC Symbol;Acc:HGNC:26204]	-0.44434902	
KANSL1	KAT8 regulatory NSL complex subunit 1 [Source:HGNC Symbol;Acc:HGNC:24565]	-0.4444006	
MARK2	microtubule affinity regulating kinase 2 [Source:HGNC Symbol;Acc:HGNC:3332]	-0.44447675	
RPS27A	ribosomal protein S27a [Source:HGNC Symbol;Acc:HGNC:10417]	-0.4452043	
LYSMD4	LysM domain containing 4 [Source:HGNC Symbol;Acc:HGNC:26571]	-0.44537848	
ZNF592	zinc finger protein 592 [Source:HGNC Symbol;Acc:HGNC:28986]	-0.44558892	
PABPC1	poly(A) binding protein cytoplasmic 1 [Source:HGNC Symbol;Acc:HGNC:8554]	-0.44584015	
GGACT	gamma-glutamylamine cyclotransferase [Source:HGNC Symbol;Acc:HGNC:25100]	-0.44594768	
NCOR1	nuclear receptor corepressor 1 [Source:HGNC Symbol;Acc:HGNC:7672]	-0.4461083	
COX7A2L	cytochrome c oxidase subunit 7A2 like [Source:HGNC Symbol;Acc:HGNC:2289]	-0.4462487	
SOX4	SRY-box transcription factor 4 [Source:HGNC Symbol;Acc:HGNC:11200]	-0.44637468	
ANKFY1	ankyrin repeat and FYVE domain containing 1 [Source:HGNC Symbol;Acc:HGNC:20763]	-0.44641808	
KLHL24	kelch like family member 24 [Source:HGNC Symbol;Acc:HGNC:25947]	-0.44667292	
HDHD5	haloacid dehalogenase like hydrolase domain containing 5 [Source:HGNC Symbol;Acc:HGNC:1843]	-0.44681653	
UBE4A	ubiquitination factor E4A [Source:HGNC Symbol;Acc:HGNC:12499]	-0.44720927	
ZNFX1	zinc finger NFX1-type containing 1 [Source:HGNC Symbol;Acc:HGNC:29271]	-0.44745734	
ATF2	activating transcription factor 2 [Source:HGNC Symbol;Acc:HGNC:784]	-0.44752648	
SLC38A9	solute carrier family 38 member 9 [Source:HGNC Symbol;Acc:HGNC:26907]	-0.44773048	
ZEB1	zinc finger E-box binding homeobox 1 [Source:HGNC Symbol;Acc:HGNC:11642]	-0.44784033	
TMIE	transmembrane inner ear [Source:HGNC Symbol;Acc:HGNC:30800]	-0.44826123	
PRKD3	protein kinase D3 [Source:HGNC Symbol;Acc:HGNC:9408]	-0.44841015	
AVL9	AVL9 cell migration associated [Source:HGNC Symbol;Acc:HGNC:28994]	-0.448575	
TMEM131	transmembrane protein 131 [Source:HGNC Symbol;Acc:HGNC:30366]	-0.44861344	
CHD9	chromodomain helicase DNA binding protein 9 [Source:HGNC Symbol;Acc:HGNC:25701]	-0.44868368	
RB1CC1	RB1 inducible coiled-coil 1 [Source:HGNC Symbol;Acc:HGNC:15574]	-0.44994396	
PIBF1	progesterone immunomodulatory binding factor 1 [Source:HGNC Symbol;Acc:HGNC:23352]	-0.45082635	
SMAD7	SMAD family member 7 [Source:HGNC Symbol;Acc:HGNC:6773]	-0.45088157	
AATF	apoptosis antagonizing transcription factor [Source:HGNC Symbol;Acc:HGNC:19235]	-0.45119986	
CYLD	CYLD lysine 63 deubiquitinase [Source:HGNC Symbol;Acc:HGNC:2584]	-0.45121837	
SND1	staphylococcal nuclease and tudor domain containing 1 [Source:HGNC Symbol;Acc:HGNC:30646]	-0.45166102	
ITM2A	integral membrane protein 2A [Source:HGNC Symbol;Acc:HGNC:6173]	-0.4517201	
RPS4X	ribosomal protein S4 X-linked [Source:HGNC Symbol;Acc:HGNC:10424]	-0.45236602	
USP33	ubiquitin specific peptidase 33 [Source:HGNC Symbol;Acc:HGNC:20059]	-0.45247382	
ORAI2	ORAI calcium release-activated calcium modulator 2 [Source:HGNC Symbol;Acc:HGNC:21667]	-0.45275775	
SLC35B3	solute carrier family 35 member B3 [Source:HGNC Symbol;Acc:HGNC:21601]	-0.45327726	
SLC26A10P	solute carrier family 26 member 10, pseudogene [Source:HGNC Symbol;Acc:HGNC:14470]	-0.4539953	
USE1	unconventional SNARE in the ER 1 [Source:HGNC Symbol;Acc:HGNC:30882]	-0.45439193	
TAPT1	transmembrane anterior posterior transformation 1 [Source:HGNC Symbol;Acc:HGNC:26887]	-0.45440462	
N4BP2	NEDD4 binding protein 2 [Source:HGNC Symbol;Acc:HGNC:29851]	-0.45514417	
FHIT	fragile histidine triad diadenosine triphosphatase [Source:HGNC Symbol;Acc:HGNC:3701]	-0.45561707	
TMEM229B	transmembrane protein 229B [Source:HGNC Symbol;Acc:HGNC:20130]	-0.4557857	
DNAH8	dynein axonemal heavy chain 8 [Source:HGNC Symbol;Acc:HGNC:2952]	-0.45580935	
GSE1	Gse1 coiled-coil protein [Source:HGNC Symbol;Acc:HGNC:28979]	-0.4559676	
TESC	tescalcin [Source:HGNC Symbol;Acc:HGNC:26065]	-0.45646298	
CNOT6L	CCR4-NOT transcription complex subunit 6 like [Source:HGNC Symbol;Acc:HGNC:18042]	-0.4565268	
C16orf54	chromosome 16 open reading frame 54 [Source:HGNC Symbol;Acc:HGNC:26649]	-0.4568547	
ARMC8	armadillo repeat containing 8 [Source:HGNC Symbol;Acc:HGNC:24999]	-0.45690185	
BAZ2A	bromodomain adjacent to zinc finger domain 2A [Source:HGNC Symbol;Acc:HGNC:962]	-0.45787036	
HELZ	helicase with zinc finger [Source:HGNC Symbol;Acc:HGNC:16878]	-0.45795175	
BIRC6	baculoviral IAP repeat containing 6 [Source:HGNC Symbol;Acc:HGNC:13516]	-0.45822915	
SNRK	SNF related kinase [Source:HGNC Symbol;Acc:HGNC:30598]	-0.45840862	
KLHDC1	kelch domain containing 1 [Source:HGNC Symbol;Acc:HGNC:19836]	-0.45871693	
FLI1	Fli-1 proto-oncogene, ETS transcription factor [Source:HGNC Symbol;Acc:HGNC:3749]	-0.45942652	
EIF4G3	eukaryotic translation initiation factor 4 gamma 3 [Source:HGNC Symbol;Acc:HGNC:3298]	-0.4595584	
ARHGEF6	Rac/Cdc42 guanine nucleotide exchange factor 6 [Source:HGNC Symbol;Acc:HGNC:685]	-0.46061394	
TOM1L2	target of myb1 like 2 membrane trafficking protein [Source:HGNC Symbol;Acc:HGNC:11984]	-0.46063825	
R3HDM1	R3H domain containing 1 [Source:HGNC Symbol;Acc:HGNC:9757]	-0.4606519	
RPS20	ribosomal protein S20 [Source:HGNC Symbol;Acc:HGNC:10405]	-0.4608066	
LCP2	lymphocyte cytosolic protein 2 [Source:HGNC Symbol;Acc:HGNC:6529]	-0.46117917	
CASP8	caspase 8 [Source:HGNC Symbol;Acc:HGNC:1509]	-0.4612472	
TRIP11	thyroid hormone receptor interactor 11 [Source:HGNC Symbol;Acc:HGNC:12305]	-0.4617691	
BANP	BTG3 associated nuclear protein [Source:HGNC Symbol;Acc:HGNC:13450]	-0.46182975	
STK38	serine/threonine kinase 38 [Source:HGNC Symbol;Acc:HGNC:17847]	-0.4628183	
ATAD2B	ATPase family AAA domain containing 2B [Source:HGNC Symbol;Acc:HGNC:29230]	-0.46284482	
STK10	serine/threonine kinase 10 [Source:HGNC Symbol;Acc:HGNC:11388]	-0.46422082	
LARP1	La ribonucleoprotein 1, translational regulator [Source:HGNC Symbol;Acc:HGNC:29531]	-0.46432015	
GAB3	GRB2 associated binding protein 3 [Source:HGNC Symbol;Acc:HGNC:17515]	-0.4643683	
ZNF654	zinc finger protein 654 [Source:HGNC Symbol;Acc:HGNC:25612]	-0.46537152	
KCNN4	potassium calcium-activated channel subfamily N member 4 [Source:HGNC Symbol;Acc:HGNC:6293]	-0.46600854	
ELP4	elongator acetyltransferase complex subunit 4 [Source:HGNC Symbol;Acc:HGNC:1171]	-0.46634844	
PPP1R12B	protein phosphatase 1 regulatory subunit 12B [Source:HGNC Symbol;Acc:HGNC:7619]	-0.46636575	
RBM5	RNA binding motif protein 5 [Source:HGNC Symbol;Acc:HGNC:9902]	-0.46648106	
KMT2D	lysine methyltransferase 2D [Source:HGNC Symbol;Acc:HGNC:7133]	-0.46653214	
TULP4	TUB like protein 4 [Source:HGNC Symbol;Acc:HGNC:15530]	-0.4669828	
TAOK3	TAO kinase 3 [Source:HGNC Symbol;Acc:HGNC:18133]	-0.46727857	
VAMP1	vesicle associated membrane protein 1 [Source:HGNC Symbol;Acc:HGNC:12642]	-0.46821553	
ZFP36L2	ZFP36 ring finger protein like 2 [Source:HGNC Symbol;Acc:HGNC:1108]	-0.46838087	
RPL17	ribosomal protein L17 [Source:HGNC Symbol;Acc:HGNC:10307]	-0.46842083	
LCOR	ligand dependent nuclear receptor corepressor [Source:HGNC Symbol;Acc:HGNC:29503]	-0.46966705	
SFMBT2	Scm like with four mbt domains 2 [Source:HGNC Symbol;Acc:HGNC:20256]	-0.47042364	
SNX29	sorting nexin 29 [Source:HGNC Symbol;Acc:HGNC:30542]	-0.4704476	
FAM117A	family with sequence similarity 117 member A [Source:HGNC Symbol;Acc:HGNC:24179]	-0.47047016	
FGFR2	fibroblast growth factor receptor 2 [Source:HGNC Symbol;Acc:HGNC:3689]	-0.47061664	
FAM168A	family with sequence similarity 168 member A [Source:HGNC Symbol;Acc:HGNC:28999]	-0.47120833	
MSRA	methionine sulfoxide reductase A [Source:HGNC Symbol;Acc:HGNC:7377]	-0.47172207	
RAPGEF1	Rap guanine nucleotide exchange factor 1 [Source:HGNC Symbol;Acc:HGNC:4568]	-0.47187173	
MCL1	MCL1 apoptosis regulator, BCL2 family member [Source:HGNC Symbol;Acc:HGNC:6943]	-0.47230232	
CAB39L	calcium binding protein 39 like [Source:HGNC Symbol;Acc:HGNC:20290]	-0.4724241	
RALGAPB	Ral GTPase activating protein non-catalytic subunit beta [Source:HGNC Symbol;Acc:HGNC:29221]	-0.47373697	
RPL8	ribosomal protein L8 [Source:HGNC Symbol;Acc:HGNC:10368]	-0.4754159	
CHASERR	CHD2 adjacent suppressive regulatory RNA [Source:HGNC Symbol;Acc:HGNC:48626]	-0.47550556	
EML5	EMAP like 5 [Source:HGNC Symbol;Acc:HGNC:18197]	-0.47595108	
UBE3A	ubiquitin protein ligase E3A [Source:HGNC Symbol;Acc:HGNC:12496]	-0.47625506	
ARID3B	AT-rich interaction domain 3B [Source:HGNC Symbol;Acc:HGNC:14350]	-0.47677326	
RPS6KA3	ribosomal protein S6 kinase A3 [Source:HGNC Symbol;Acc:HGNC:10432]	-0.4776066	
HUWE1	HECT, UBA and WWE domain containing E3 ubiquitin protein ligase 1 [Source:HGNC Symbol;Acc:HGNC:30892]	-0.47860828	
PLCL1	phospholipase C like 1 (inactive) [Source:HGNC Symbol;Acc:HGNC:9063]	-0.4796836	
AGK	acylglycerol kinase [Source:HGNC Symbol;Acc:HGNC:21869]	-0.47984132	
LRP6	LDL receptor related protein 6 [Source:HGNC Symbol;Acc:HGNC:6698]	-0.48033494	
SH3BP5	SH3 domain binding protein 5 [Source:HGNC Symbol;Acc:HGNC:10827]	-0.48057517	
ATP6V1H	ATPase H+ transporting V1 subunit H [Source:HGNC Symbol;Acc:HGNC:18303]	-0.48073688	
UBE2D1	ubiquitin conjugating enzyme E2 D1 [Source:HGNC Symbol;Acc:HGNC:12474]	-0.48098236	
DNAJB9	DnaJ heat shock protein family (Hsp40) member B9 [Source:HGNC Symbol;Acc:HGNC:6968]	-0.4825724	
ZNF638	zinc finger protein 638 [Source:HGNC Symbol;Acc:HGNC:17894]	-0.48375967	
GRAMD1A	GRAM domain containing 1A [Source:HGNC Symbol;Acc:HGNC:29305]	-0.48441327	
MAX	MYC associated factor X [Source:HGNC Symbol;Acc:HGNC:6913]	-0.4844228	
CCDC171	coiled-coil domain containing 171 [Source:HGNC Symbol;Acc:HGNC:29828]	-0.4856918	
CUL3	cullin 3 [Source:HGNC Symbol;Acc:HGNC:2553]	-0.48614836	
LDB1	LIM domain binding 1 [Source:HGNC Symbol;Acc:HGNC:6532]	-0.4862351	
WIPF1	WAS/WASL interacting protein family member 1 [Source:HGNC Symbol;Acc:HGNC:12736]	-0.48692322	
CDK12	cyclin dependent kinase 12 [Source:HGNC Symbol;Acc:HGNC:24224]	-0.48713842	
TBC1D5	TBC1 domain family member 5 [Source:HGNC Symbol;Acc:HGNC:19166]	-0.48750538	
ZNF281	zinc finger protein 281 [Source:HGNC Symbol;Acc:HGNC:13075]	-0.48752147	
ZNF407	zinc finger protein 407 [Source:HGNC Symbol;Acc:HGNC:19904]	-0.48793346	
SRSF5	serine and arginine rich splicing factor 5 [Source:HGNC Symbol;Acc:HGNC:10787]	-0.4883799	
ABL2	ABL proto-oncogene 2, non-receptor tyrosine kinase [Source:HGNC Symbol;Acc:HGNC:77]	-0.4899096	
SLC30A7	solute carrier family 30 member 7 [Source:HGNC Symbol;Acc:HGNC:19306]	-0.49069527	
MAP2K4	mitogen-activated protein kinase kinase 4 [Source:HGNC Symbol;Acc:HGNC:6844]	-0.49141327	
VPS13B	vacuolar protein sorting 13 homolog B [Source:HGNC Symbol;Acc:HGNC:2183]	-0.4917385	
FARS2	phenylalanyl-tRNA synthetase 2, mitochondrial [Source:HGNC Symbol;Acc:HGNC:21062]	-0.4920138	
MITD1	microtubule interacting and trafficking domain containing 1 [Source:HGNC Symbol;Acc:HGNC:25207]	-0.49259576	
TBCEL	tubulin folding cofactor E like [Source:HGNC Symbol;Acc:HGNC:28115]	-0.4928956	
EXOC6	exocyst complex component 6 [Source:HGNC Symbol;Acc:HGNC:23196]	-0.49310118	
HMGN1	high mobility group nucleosome binding domain 1 [Source:HGNC Symbol;Acc:HGNC:4984]	-0.49329594	
TBC1D22B	TBC1 domain family member 22B [Source:HGNC Symbol;Acc:HGNC:21602]	-0.49393794	
KDM6A	lysine demethylase 6A [Source:HGNC Symbol;Acc:HGNC:12637]	-0.49398887	
IGSF23	immunoglobulin superfamily member 23 [Source:HGNC Symbol;Acc:HGNC:40040]	-0.49535194	
DCAF5	DDB1 and CUL4 associated factor 5 [Source:HGNC Symbol;Acc:HGNC:20224]	-0.49564537	
VPS13C	vacuolar protein sorting 13 homolog C [Source:HGNC Symbol;Acc:HGNC:23594]	-0.49589264	
KDM4C	lysine demethylase 4C [Source:HGNC Symbol;Acc:HGNC:17071]	-0.4962308	
KLK8	kallikrein related peptidase 8 [Source:HGNC Symbol;Acc:HGNC:6369]	-0.4966315	
HBP1	HMG-box transcription factor 1 [Source:HGNC Symbol;Acc:HGNC:23200]	-0.49754462	
AKAP10	A-kinase anchoring protein 10 [Source:HGNC Symbol;Acc:HGNC:368]	-0.4979076	
KDM5A	lysine demethylase 5A [Source:HGNC Symbol;Acc:HGNC:9886]	-0.4983165	
ANKRD17	ankyrin repeat domain 17 [Source:HGNC Symbol;Acc:HGNC:23575]	-0.49882662	
PCMTD2	protein-L-isoaspartate (D-aspartate) O-methyltransferase domain containing 2 [Source:HGNC Symbol;Acc:HGNC:15882]	-0.49921137	
TTC17	tetratricopeptide repeat domain 17 [Source:HGNC Symbol;Acc:HGNC:25596]	-0.5001055	
RBM6	RNA binding motif protein 6 [Source:HGNC Symbol;Acc:HGNC:9903]	-0.5007489	
ANKIB1	ankyrin repeat and IBR domain containing 1 [Source:HGNC Symbol;Acc:HGNC:22215]	-0.5012596	
UST	uronyl 2-sulfotransferase [Source:HGNC Symbol;Acc:HGNC:17223]	-0.5013638	
RNF167	ring finger protein 167 [Source:HGNC Symbol;Acc:HGNC:24544]	-0.50172776	
TRIM33	tripartite motif containing 33 [Source:HGNC Symbol;Acc:HGNC:16290]	-0.5020108	
GBP2	guanylate binding protein 2 [Source:HGNC Symbol;Acc:HGNC:4183]	-0.5023479	
ASB3	ankyrin repeat and SOCS box containing 3 [Source:HGNC Symbol;Acc:HGNC:16013]	-0.5030291	
IFIH1	interferon induced with helicase C domain 1 [Source:HGNC Symbol;Acc:HGNC:18873]	-0.5033465	
LIMS1	LIM zinc finger domain containing 1 [Source:HGNC Symbol;Acc:HGNC:6616]	-0.5034286	
RNF38	ring finger protein 38 [Source:HGNC Symbol;Acc:HGNC:18052]	-0.5040303	
GTF2I	general transcription factor IIi [Source:HGNC Symbol;Acc:HGNC:4659]	-0.50496346	
KLHL3	kelch like family member 3 [Source:HGNC Symbol;Acc:HGNC:6354]	-0.5050164	
DENND1B	DENN domain containing 1B [Source:HGNC Symbol;Acc:HGNC:28404]	-0.50503874	
FUBP1	far upstream element binding protein 1 [Source:HGNC Symbol;Acc:HGNC:4004]	-0.5066896	
HSPH1	heat shock protein family H (Hsp110) member 1 [Source:HGNC Symbol;Acc:HGNC:16969]	-0.50729746	
PPM1B	protein phosphatase, Mg2+/Mn2+ dependent 1B [Source:HGNC Symbol;Acc:HGNC:9276]	-0.5080311	
RPL9	ribosomal protein L9 [Source:HGNC Symbol;Acc:HGNC:10369]	-0.5087412	
NCOA1	nuclear receptor coactivator 1 [Source:HGNC Symbol;Acc:HGNC:7668]	-0.5090726	
HMBOX1	homeobox containing 1 [Source:HGNC Symbol;Acc:HGNC:26137]	-0.5092172	
GALNT6	polypeptide N-acetylgalactosaminyltransferase 6 [Source:HGNC Symbol;Acc:HGNC:4128]	-0.5093362	
COX16	cytochrome c oxidase assembly factor COX16 [Source:HGNC Symbol;Acc:HGNC:20213]	-0.5102943	
RPS9	ribosomal protein S9 [Source:HGNC Symbol;Acc:HGNC:10442]	-0.5104645	
SCARB2	scavenger receptor class B member 2 [Source:HGNC Symbol;Acc:HGNC:1665]	-0.5108982	
SYNJ2BP	synaptojanin 2 binding protein [Source:HGNC Symbol;Acc:HGNC:18955]	-0.51128465	
TPT1	tumor protein, translationally-controlled 1 [Source:HGNC Symbol;Acc:HGNC:12022]	-0.51147574	
ITCH	itchy E3 ubiquitin protein ligase [Source:HGNC Symbol;Acc:HGNC:13890]	-0.5130127	
SEC63	SEC63 homolog, protein translocation regulator [Source:HGNC Symbol;Acc:HGNC:21082]	-0.51303154	
ADAR	adenosine deaminase RNA specific [Source:HGNC Symbol;Acc:HGNC:225]	-0.5132731	
MDM4	MDM4 regulator of p53 [Source:HGNC Symbol;Acc:HGNC:6974]	-0.5135573	
ATRN	attractin [Source:HGNC Symbol;Acc:HGNC:885]	-0.5136869	
RASA2	RAS p21 protein activator 2 [Source:HGNC Symbol;Acc:HGNC:9872]	-0.51442564	
TMEM164	transmembrane protein 164 [Source:HGNC Symbol;Acc:HGNC:26217]	-0.514676	
KIDINS220	kinase D interacting substrate 220 [Source:HGNC Symbol;Acc:HGNC:29508]	-0.5148511	
ARID4B	AT-rich interaction domain 4B [Source:HGNC Symbol;Acc:HGNC:15550]	-0.5154118	
DDX10	DEAD-box helicase 10 [Source:HGNC Symbol;Acc:HGNC:2735]	-0.51568466	
DDX6	DEAD-box helicase 6 [Source:HGNC Symbol;Acc:HGNC:2747]	-0.5184629	
COG5	component of oligomeric golgi complex 5 [Source:HGNC Symbol;Acc:HGNC:14857]	-0.5186804	
PRDM2	PR/SET domain 2 [Source:HGNC Symbol;Acc:HGNC:9347]	-0.51941353	
PNISR	PNN interacting serine and arginine rich protein [Source:HGNC Symbol;Acc:HGNC:21222]	-0.5199008	
SMC6	structural maintenance of chromosomes 6 [Source:HGNC Symbol;Acc:HGNC:20466]	-0.52031666	
EIF5	eukaryotic translation initiation factor 5 [Source:HGNC Symbol;Acc:HGNC:3299]	-0.52057177	
VAV3	vav guanine nucleotide exchange factor 3 [Source:HGNC Symbol;Acc:HGNC:12659]	-0.5209637	
METTL9	methyltransferase like 9 [Source:HGNC Symbol;Acc:HGNC:24586]	-0.5218427	
ARMC7	armadillo repeat containing 7 [Source:HGNC Symbol;Acc:HGNC:26168]	-0.52237976	
CLIP1	CAP-Gly domain containing linker protein 1 [Source:HGNC Symbol;Acc:HGNC:10461]	-0.5266201	
UBASH3A	ubiquitin associated and SH3 domain containing A [Source:HGNC Symbol;Acc:HGNC:12462]	-0.5271724	
FOXK1	forkhead box K1 [Source:HGNC Symbol;Acc:HGNC:23480]	-0.5293143	
EXT1	exostosin glycosyltransferase 1 [Source:HGNC Symbol;Acc:HGNC:3512]	-0.53072625	
MIDEAS	mitotic deacetylase associated SANT domain protein [Source:HGNC Symbol;Acc:HGNC:19853]	-0.53134364	
TTC27	tetratricopeptide repeat domain 27 [Source:HGNC Symbol;Acc:HGNC:25986]	-0.5317414	
RESF1	retroelement silencing factor 1 [Source:HGNC Symbol;Acc:HGNC:25559]	-0.532215	
ARHGAP25	Rho GTPase activating protein 25 [Source:HGNC Symbol;Acc:HGNC:28951]	-0.5325233	
CARD6	caspase recruitment domain family member 6 [Source:HGNC Symbol;Acc:HGNC:16394]	-0.53546333	
TRAF5	TNF receptor associated factor 5 [Source:HGNC Symbol;Acc:HGNC:12035]	-0.5356399	
EFR3A	EFR3 homolog A [Source:HGNC Symbol;Acc:HGNC:28970]	-0.5363908	
CYRIB	CYFIP related Rac1 interactor B [Source:HGNC Symbol;Acc:HGNC:25216]	-0.53702235	
DYM	dymeclin [Source:HGNC Symbol;Acc:HGNC:21317]	-0.5380638	
GPHN	gephyrin [Source:HGNC Symbol;Acc:HGNC:15465]	-0.53855133	
OAS2	2'-5'-oligoadenylate synthetase 2 [Source:HGNC Symbol;Acc:HGNC:8087]	-0.53908885	
DEGS2	delta 4-desaturase, sphingolipid 2 [Source:HGNC Symbol;Acc:HGNC:20113]	-0.5398597	
MAP4K3	mitogen-activated protein kinase kinase kinase kinase 3 [Source:HGNC Symbol;Acc:HGNC:6865]	-0.5399168	
ZNF148	zinc finger protein 148 [Source:HGNC Symbol;Acc:HGNC:12933]	-0.54007643	
CNOT4	CCR4-NOT transcription complex subunit 4 [Source:HGNC Symbol;Acc:HGNC:7880]	-0.54030937	
ATM	ATM serine/threonine kinase [Source:HGNC Symbol;Acc:HGNC:795]	-0.54050815	
MSL2	MSL complex subunit 2 [Source:HGNC Symbol;Acc:HGNC:25544]	-0.542526	
ST8SIA4	ST8 alpha-N-acetyl-neuraminide alpha-2,8-sialyltransferase 4 [Source:HGNC Symbol;Acc:HGNC:10871]	-0.5431832	
CD247	CD247 molecule [Source:HGNC Symbol;Acc:HGNC:1677]	-0.5432104	
RABAC1	Rab acceptor 1 [Source:HGNC Symbol;Acc:HGNC:9794]	-0.5434209	
CEPT1	choline/ethanolamine phosphotransferase 1 [Source:HGNC Symbol;Acc:HGNC:24289]	-0.5449586	
CEP350	centrosomal protein 350 [Source:HGNC Symbol;Acc:HGNC:24238]	-0.546015	
SPTBN1	spectrin beta, non-erythrocytic 1 [Source:HGNC Symbol;Acc:HGNC:11275]	-0.5470358	
PHF11	PHD finger protein 11 [Source:HGNC Symbol;Acc:HGNC:17024]	-0.5474834	
FOXO1	forkhead box O1 [Source:HGNC Symbol;Acc:HGNC:3819]	-0.5476131	
AMBRA1	autophagy and beclin 1 regulator 1 [Source:HGNC Symbol;Acc:HGNC:25990]	-0.5482405	
SCMH1	Scm polycomb group protein homolog 1 [Source:HGNC Symbol;Acc:HGNC:19003]	-0.54832554	
IRF2	interferon regulatory factor 2 [Source:HGNC Symbol;Acc:HGNC:6117]	-0.5483442	
TDRP	testis development related protein [Source:HGNC Symbol;Acc:HGNC:26951]	-0.5490694	
RPL18A	ribosomal protein L18a [Source:HGNC Symbol;Acc:HGNC:10311]	-0.5510536	
SESN1	sestrin 1 [Source:HGNC Symbol;Acc:HGNC:21595]	-0.55214554	
ARID2	AT-rich interaction domain 2 [Source:HGNC Symbol;Acc:HGNC:18037]	-0.55349356	
VTI1A	vesicle transport through interaction with t-SNAREs 1A [Source:HGNC Symbol;Acc:HGNC:17792]	-0.55373037	
IQGAP2	IQ motif containing GTPase activating protein 2 [Source:HGNC Symbol;Acc:HGNC:6111]	-0.554297	
PHF14	PHD finger protein 14 [Source:HGNC Symbol;Acc:HGNC:22203]	-0.5544242	
RBM33	RNA binding motif protein 33 [Source:HGNC Symbol;Acc:HGNC:27223]	-0.5544491	
RPS23	ribosomal protein S23 [Source:HGNC Symbol;Acc:HGNC:10410]	-0.5549228	
TMEM245	transmembrane protein 245 [Source:HGNC Symbol;Acc:HGNC:1363]	-0.55509585	
ZBP1	Z-DNA binding protein 1 [Source:HGNC Symbol;Acc:HGNC:16176]	-0.5551758	
CDK13	cyclin dependent kinase 13 [Source:HGNC Symbol;Acc:HGNC:1733]	-0.55527186	
KLHL6	kelch like family member 6 [Source:HGNC Symbol;Acc:HGNC:18653]	-0.5559527	
TNRC6A	trinucleotide repeat containing adaptor 6A [Source:HGNC Symbol;Acc:HGNC:11969]	-0.55790013	
DAXX	death domain associated protein [Source:HGNC Symbol;Acc:HGNC:2681]	-0.5597738	
PNPLA7	patatin like phospholipase domain containing 7 [Source:HGNC Symbol;Acc:HGNC:24768]	-0.5598618	
ARHGEF11	Rho guanine nucleotide exchange factor 11 [Source:HGNC Symbol;Acc:HGNC:14580]	-0.5605146	
CDC42SE2	CDC42 small effector 2 [Source:HGNC Symbol;Acc:HGNC:18547]	-0.5605733	
NUP153	nucleoporin 153 [Source:HGNC Symbol;Acc:HGNC:8062]	-0.5607919	
ARAP2	ArfGAP with RhoGAP domain, ankyrin repeat and PH domain 2 [Source:HGNC Symbol;Acc:HGNC:16924]	-0.5614808	
NT5DC1	5'-nucleotidase domain containing 1 [Source:HGNC Symbol;Acc:HGNC:21556]	-0.56157905	
ZMYM2	zinc finger MYM-type containing 2 [Source:HGNC Symbol;Acc:HGNC:12989]	-0.5618897	
VAV1	vav guanine nucleotide exchange factor 1 [Source:HGNC Symbol;Acc:HGNC:12657]	-0.5629361	
MAN1A2	mannosidase alpha class 1A member 2 [Source:HGNC Symbol;Acc:HGNC:6822]	-0.5633831	
SCAF8	SR-related CTD associated factor 8 [Source:HGNC Symbol;Acc:HGNC:20959]	-0.5635427	
FRY	FRY microtubule binding protein [Source:HGNC Symbol;Acc:HGNC:20367]	-0.5636287	
ZNRF2	zinc and ring finger 2 [Source:HGNC Symbol;Acc:HGNC:22316]	-0.56369936	
KAT6A	lysine acetyltransferase 6A [Source:HGNC Symbol;Acc:HGNC:13013]	-0.5642359	
MBOAT1	membrane bound O-acyltransferase domain containing 1 [Source:HGNC Symbol;Acc:HGNC:21579]	-0.5652542	
ATP11C	ATPase phospholipid transporting 11C [Source:HGNC Symbol;Acc:HGNC:13554]	-0.56571025	
AKAP9	A-kinase anchoring protein 9 [Source:HGNC Symbol;Acc:HGNC:379]	-0.56624323	
LNPEP	leucyl and cystinyl aminopeptidase [Source:HGNC Symbol;Acc:HGNC:6656]	-0.5663378	
TOP2B	DNA topoisomerase II beta [Source:HGNC Symbol;Acc:HGNC:11990]	-0.5667083	
ARL4C	ADP ribosylation factor like GTPase 4C [Source:HGNC Symbol;Acc:HGNC:698]	-0.56698	
PHF3	PHD finger protein 3 [Source:HGNC Symbol;Acc:HGNC:8921]	-0.56857103	
RPS7	ribosomal protein S7 [Source:HGNC Symbol;Acc:HGNC:10440]	-0.5692497	
NRROS	negative regulator of reactive oxygen species [Source:HGNC Symbol;Acc:HGNC:24613]	-0.57026535	
RPS6	ribosomal protein S6 [Source:HGNC Symbol;Acc:HGNC:10429]	-0.5713474	
PDSS2	decaprenyl diphosphate synthase subunit 2 [Source:HGNC Symbol;Acc:HGNC:23041]	-0.5723153	
PIP4K2A	phosphatidylinositol-5-phosphate 4-kinase type 2 alpha [Source:HGNC Symbol;Acc:HGNC:8997]	-0.5724775	
RPS16	ribosomal protein S16 [Source:HGNC Symbol;Acc:HGNC:10396]	-0.5729825	
CELF1	CUGBP Elav-like family member 1 [Source:HGNC Symbol;Acc:HGNC:2549]	-0.5777274	
FBXL17	F-box and leucine rich repeat protein 17 [Source:HGNC Symbol;Acc:HGNC:13615]	-0.579346	
ZMYND11	zinc finger MYND-type containing 11 [Source:HGNC Symbol;Acc:HGNC:16966]	-0.5796529	
BOLL	boule homolog, RNA binding protein [Source:HGNC Symbol;Acc:HGNC:14273]	-0.5800635	
TGFBR3	transforming growth factor beta receptor 3 [Source:HGNC Symbol;Acc:HGNC:11774]	-0.5803993	
FNTB	farnesyltransferase, CAAX box, beta [Source:HGNC Symbol;Acc:HGNC:3785]	-0.5804874	
DNAJC3	DnaJ heat shock protein family (Hsp40) member C3 [Source:HGNC Symbol;Acc:HGNC:9439]	-0.58164006	
TRIM34	tripartite motif containing 34 [Source:HGNC Symbol;Acc:HGNC:10063]	-0.5819298	
BRWD1	bromodomain and WD repeat domain containing 1 [Source:HGNC Symbol;Acc:HGNC:12760]	-0.58262753	
RABGAP1	RAB GTPase activating protein 1 [Source:HGNC Symbol;Acc:HGNC:17155]	-0.5828661	
SUCLG2	succinate-CoA ligase GDP-forming subunit beta [Source:HGNC Symbol;Acc:HGNC:11450]	-0.5833786	
RPS15	ribosomal protein S15 [Source:HGNC Symbol;Acc:HGNC:10388]	-0.5837539	
ZFP36L1	ZFP36 ring finger protein like 1 [Source:HGNC Symbol;Acc:HGNC:1107]	-0.58411837	
MORC3	MORC family CW-type zinc finger 3 [Source:HGNC Symbol;Acc:HGNC:23572]	-0.585624	
RPL19	ribosomal protein L19 [Source:HGNC Symbol;Acc:HGNC:10312]	-0.5857328	
RPS19	ribosomal protein S19 [Source:HGNC Symbol;Acc:HGNC:10402]	-0.5857735	
AIRN	antisense of IGF2R non-protein coding RNA [Source:HGNC Symbol;Acc:HGNC:34515]	-0.585833	
PCCA	propionyl-CoA carboxylase subunit alpha [Source:HGNC Symbol;Acc:HGNC:8653]	-0.5872556	
FBXL20	F-box and leucine rich repeat protein 20 [Source:HGNC Symbol;Acc:HGNC:24679]	-0.588625	
EYA2	EYA transcriptional coactivator and phosphatase 2 [Source:HGNC Symbol;Acc:HGNC:3520]	-0.58990616	
HSPBAP1	HSPB1 associated protein 1 [Source:HGNC Symbol;Acc:HGNC:16389]	-0.5900117	
ARID4A	AT-rich interaction domain 4A [Source:HGNC Symbol;Acc:HGNC:9885]	-0.59040624	
TASOR2	transcription activation suppressor family member 2 [Source:HGNC Symbol;Acc:HGNC:23484]	-0.5908216	
HERC1	HECT and RLD domain containing E3 ubiquitin protein ligase family member 1 [Source:HGNC Symbol;Acc:HGNC:4867]	-0.5909199	
ACSS1	acyl-CoA synthetase short chain family member 1 [Source:HGNC Symbol;Acc:HGNC:16091]	-0.5915804	
ERBIN	erbb2 interacting protein [Source:HGNC Symbol;Acc:HGNC:15842]	-0.5915822	
LIMD2	LIM domain containing 2 [Source:HGNC Symbol;Acc:HGNC:28142]	-0.591849	
SLC14A1	solute carrier family 14 member 1 (Kidd blood group) [Source:HGNC Symbol;Acc:HGNC:10918]	-0.5924459	
CEP97	centrosomal protein 97 [Source:HGNC Symbol;Acc:HGNC:26244]	-0.5926684	
AKAP8L	A-kinase anchoring protein 8 like [Source:HGNC Symbol;Acc:HGNC:29857]	-0.59418184	
IGF1R	insulin like growth factor 1 receptor [Source:HGNC Symbol;Acc:HGNC:5465]	-0.5947104	
VPS37B	VPS37B subunit of ESCRT-I [Source:HGNC Symbol;Acc:HGNC:25754]	-0.59530133	
KDM7A	lysine demethylase 7A [Source:HGNC Symbol;Acc:HGNC:22224]	-0.59530133	
RCBTB1	RCC1 and BTB domain containing protein 1 [Source:HGNC Symbol;Acc:HGNC:18243]	-0.5955453	
DMXL1	Dmx like 1 [Source:HGNC Symbol;Acc:HGNC:2937]	-0.595553	
RPL31	ribosomal protein L31 [Source:HGNC Symbol;Acc:HGNC:10334]	-0.5971656	
DCAF6	DDB1 and CUL4 associated factor 6 [Source:HGNC Symbol;Acc:HGNC:30002]	-0.59770304	
RUNDC3B	RUN domain containing 3B [Source:HGNC Symbol;Acc:HGNC:30286]	-0.59809464	
ART2BP	ADP-ribosyltransferase 2B, pseudogene [Source:HGNC Symbol;Acc:HGNC:51489]	-0.5986129	
ID3	inhibitor of DNA binding 3 [Source:HGNC Symbol;Acc:HGNC:5362]	-0.59895647	
RAI1	retinoic acid induced 1 [Source:HGNC Symbol;Acc:HGNC:9834]	-0.6006483	
KCNQ1OT1	KCNQ1 opposite strand/antisense transcript 1 [Source:HGNC Symbol;Acc:HGNC:6295]	-0.601489	
WNT5B	Wnt family member 5B [Source:HGNC Symbol;Acc:HGNC:16265]	-0.60274416	
SETD7	SET domain containing 7, histone lysine methyltransferase [Source:HGNC Symbol;Acc:HGNC:30412]	-0.604957	
SHPRH	SNF2 histone linker PHD RING helicase [Source:HGNC Symbol;Acc:HGNC:19336]	-0.6052852	
ASXL2	ASXL transcriptional regulator 2 [Source:HGNC Symbol;Acc:HGNC:23805]	-0.605341	
SMAD3	SMAD family member 3 [Source:HGNC Symbol;Acc:HGNC:6769]	-0.60574067	
ZNF644	zinc finger protein 644 [Source:HGNC Symbol;Acc:HGNC:29222]	-0.6064245	
PTEN	phosphatase and tensin homolog [Source:HGNC Symbol;Acc:HGNC:9588]	-0.60670155	
DENND1A	DENN domain containing 1A [Source:HGNC Symbol;Acc:HGNC:29324]	-0.60757375	
IKBKB	inhibitor of nuclear factor kappa B kinase subunit beta [Source:HGNC Symbol;Acc:HGNC:5960]	-0.609179	
PRKACB	protein kinase cAMP-activated catalytic subunit beta [Source:HGNC Symbol;Acc:HGNC:9381]	-0.61038536	
SMURF2	SMAD specific E3 ubiquitin protein ligase 2 [Source:HGNC Symbol;Acc:HGNC:16809]	-0.6111538	
RPL23A	ribosomal protein L23a [Source:HGNC Symbol;Acc:HGNC:10317]	-0.6114442	
SP4	Sp4 transcription factor [Source:HGNC Symbol;Acc:HGNC:11209]	-0.612813	
ZDHHC17	zinc finger DHHC-type palmitoyltransferase 17 [Source:HGNC Symbol;Acc:HGNC:18412]	-0.615882	
ABCG2	ATP binding cassette subfamily G member 2 (Junior blood group) [Source:HGNC Symbol;Acc:HGNC:74]	-0.6161048	
N4BP2L1	NEDD4 binding protein 2 like 1 [Source:HGNC Symbol;Acc:HGNC:25037]	-0.61620104	
TLE4	TLE family member 4, transcriptional corepressor [Source:HGNC Symbol;Acc:HGNC:11840]	-0.6192675	
IRF7	interferon regulatory factor 7 [Source:HGNC Symbol;Acc:HGNC:6122]	-0.6208796	
DNAJA1	DnaJ heat shock protein family (Hsp40) member A1 [Source:HGNC Symbol;Acc:HGNC:5229]	-0.62343895	
ZFP36	ZFP36 ring finger protein [Source:HGNC Symbol;Acc:HGNC:12862]	-0.62370205	
SLC25A12	solute carrier family 25 member 12 [Source:HGNC Symbol;Acc:HGNC:10982]	-0.6241802	
SMURF1	SMAD specific E3 ubiquitin protein ligase 1 [Source:HGNC Symbol;Acc:HGNC:16807]	-0.62478095	
XAF1	XIAP associated factor 1 [Source:HGNC Symbol;Acc:HGNC:30932]	-0.624818	
GIGYF2	GRB10 interacting GYF protein 2 [Source:HGNC Symbol;Acc:HGNC:11960]	-0.62613	
RETREG1	reticulophagy regulator 1 [Source:HGNC Symbol;Acc:HGNC:25964]	-0.62720734	
RPS17	ribosomal protein S17 [Source:HGNC Symbol;Acc:HGNC:10397]	-0.6274015	
EXOC4	exocyst complex component 4 [Source:HGNC Symbol;Acc:HGNC:30389]	-0.62842983	
XRN1	5'-3' exoribonuclease 1 [Source:HGNC Symbol;Acc:HGNC:30654]	-0.62860835	
IRGM	immunity related GTPase M [Source:HGNC Symbol;Acc:HGNC:29597]	-0.6305618	
RBMS1	RNA binding motif single stranded interacting protein 1 [Source:HGNC Symbol;Acc:HGNC:9907]	-0.6309214	
DPH5	diphthamide biosynthesis 5 [Source:HGNC Symbol;Acc:HGNC:24270]	-0.6311475	
STT3B	STT3 oligosaccharyltransferase complex catalytic subunit B [Source:HGNC Symbol;Acc:HGNC:30611]	-0.63119	
FBXW4	F-box and WD repeat domain containing 4 [Source:HGNC Symbol;Acc:HGNC:10847]	-0.6318984	
LIPA	lipase A, lysosomal acid type [Source:HGNC Symbol;Acc:HGNC:6617]	-0.63356405	
SUSD6	sushi domain containing 6 [Source:HGNC Symbol;Acc:HGNC:19956]	-0.63391435	
ITSN2	intersectin 2 [Source:HGNC Symbol;Acc:HGNC:6184]	-0.63489944	
ERAP1	endoplasmic reticulum aminopeptidase 1 [Source:HGNC Symbol;Acc:HGNC:18173]	-0.63498217	
BAZ2B	bromodomain adjacent to zinc finger domain 2B [Source:HGNC Symbol;Acc:HGNC:963]	-0.6359382	
STAB2	stabilin 2 [Source:HGNC Symbol;Acc:HGNC:18629]	-0.63798314	
RICTOR	RPTOR independent companion of MTOR complex 2 [Source:HGNC Symbol;Acc:HGNC:28611]	-0.6381985	
KMT5B	lysine methyltransferase 5B [Source:HGNC Symbol;Acc:HGNC:24283]	-0.6382084	
TNFSF8	TNF superfamily member 8 [Source:HGNC Symbol;Acc:HGNC:11938]	-0.6384307	
RANBP9	RAN binding protein 9 [Source:HGNC Symbol;Acc:HGNC:13727]	-0.63879764	
TRIP12	thyroid hormone receptor interactor 12 [Source:HGNC Symbol;Acc:HGNC:12306]	-0.6400524	
PLCL2	phospholipase C like 2 [Source:HGNC Symbol;Acc:HGNC:9064]	-0.64059037	
TSPAN32	tetraspanin 32 [Source:HGNC Symbol;Acc:HGNC:13410]	-0.6419823	
DOP1A	DOP1 leucine zipper like protein A [Source:HGNC Symbol;Acc:HGNC:21194]	-0.64203984	
BMT2	base methyltransferase of 25S rRNA 2 homolog [Source:HGNC Symbol;Acc:HGNC:26475]	-0.6430611	
HS2ST1	heparan sulfate 2-O-sulfotransferase 1 [Source:HGNC Symbol;Acc:HGNC:5193]	-0.6430715	
FOXO3	forkhead box O3 [Source:HGNC Symbol;Acc:HGNC:3821]	-0.64337915	
KIF1B	kinesin family member 1B [Source:HGNC Symbol;Acc:HGNC:16636]	-0.6435546	
FOXN3	forkhead box N3 [Source:HGNC Symbol;Acc:HGNC:1928]	-0.64571965	
PHIP	pleckstrin homology domain interacting protein [Source:HGNC Symbol;Acc:HGNC:15673]	-0.647102	
MIA2	MIA SH3 domain ER export factor 2 [Source:HGNC Symbol;Acc:HGNC:18432]	-0.64755243	
DYRK2	dual specificity tyrosine phosphorylation regulated kinase 2 [Source:HGNC Symbol;Acc:HGNC:3093]	-0.64957	
SIAH1	siah E3 ubiquitin protein ligase 1 [Source:HGNC Symbol;Acc:HGNC:10857]	-0.65097	
USP32	ubiquitin specific peptidase 32 [Source:HGNC Symbol;Acc:HGNC:19143]	-0.6513676	
PPP2R5A	protein phosphatase 2 regulatory subunit B'alpha [Source:HGNC Symbol;Acc:HGNC:9309]	-0.652248	
TANC1	tetratricopeptide repeat, ankyrin repeat and coiled-coil containing 1 [Source:HGNC Symbol;Acc:HGNC:29364]	-0.6529974	
OASL2P	2'-5' oligoadenylate synthetase like 2, pseudogene [Source:HGNC Symbol;Acc:HGNC:53738]	-0.65345794	
LRRC4	leucine rich repeat containing 4 [Source:HGNC Symbol;Acc:HGNC:15586]	-0.6535431	
ATF7	activating transcription factor 7 [Source:HGNC Symbol;Acc:HGNC:792]	-0.65400624	
SH3KBP1	SH3 domain containing kinase binding protein 1 [Source:HGNC Symbol;Acc:HGNC:13867]	-0.65432584	
PGLYRP2	peptidoglycan recognition protein 2 [Source:HGNC Symbol;Acc:HGNC:30013]	-0.6559663	
TBL1X	transducin beta like 1 X-linked [Source:HGNC Symbol;Acc:HGNC:11585]	-0.65646076	
DOCK10	dedicator of cytokinesis 10 [Source:HGNC Symbol;Acc:HGNC:23479]	-0.65656334	
DESI2	desumoylating isopeptidase 2 [Source:HGNC Symbol;Acc:HGNC:24264]	-0.6566982	
RNF145	ring finger protein 145 [Source:HGNC Symbol;Acc:HGNC:20853]	-0.65711284	
SCAPER	S-phase cyclin A associated protein in the ER [Source:HGNC Symbol;Acc:HGNC:13081]	-0.6582297	
ABCB7	ATP binding cassette subfamily B member 7 [Source:HGNC Symbol;Acc:HGNC:48]	-0.6588696	
C5orf58	chromosome 5 open reading frame 58 [Source:HGNC Symbol;Acc:HGNC:37272]	-0.6599182	
PUM2	pumilio RNA binding family member 2 [Source:HGNC Symbol;Acc:HGNC:14958]	-0.6601184	
MFHAS1	multifunctional ROCO family signaling regulator 1 [Source:HGNC Symbol;Acc:HGNC:16982]	-0.66141015	
REV3L	REV3 like, DNA directed polymerase zeta catalytic subunit [Source:HGNC Symbol;Acc:HGNC:9968]	-0.66254044	
ENTREP3	endosomal transmembrane epsin interactor 3 [Source:HGNC Symbol;Acc:HGNC:1233]	-0.66270614	
RPS27	ribosomal protein S27 [Source:HGNC Symbol;Acc:HGNC:10416]	-0.6628702	
HIBADH	3-hydroxyisobutyrate dehydrogenase [Source:HGNC Symbol;Acc:HGNC:4907]	-0.6650569	
ELK4	ETS transcription factor ELK4 [Source:HGNC Symbol;Acc:HGNC:3326]	-0.666782	
PECAM1	platelet and endothelial cell adhesion molecule 1 [Source:HGNC Symbol;Acc:HGNC:8823]	-0.6668609	
FYN	FYN proto-oncogene, Src family tyrosine kinase [Source:HGNC Symbol;Acc:HGNC:4037]	-0.6686841	
ZNF280D	zinc finger protein 280D [Source:HGNC Symbol;Acc:HGNC:25953]	-0.6696546	
DGKD	diacylglycerol kinase delta [Source:HGNC Symbol;Acc:HGNC:2851]	-0.67008793	
MED13L	mediator complex subunit 13L [Source:HGNC Symbol;Acc:HGNC:22962]	-0.67101383	
CHCHD3	coiled-coil-helix-coiled-coil-helix domain containing 3 [Source:HGNC Symbol;Acc:HGNC:21906]	-0.6713968	
BBS9	Bardet-Biedl syndrome 9 [Source:HGNC Symbol;Acc:HGNC:30000]	-0.6716561	
INPP4B	inositol polyphosphate-4-phosphatase type II B [Source:HGNC Symbol;Acc:HGNC:6075]	-0.6736654	
DIAPH2	diaphanous related formin 2 [Source:HGNC Symbol;Acc:HGNC:2877]	-0.674315	
IL16	interleukin 16 [Source:HGNC Symbol;Acc:HGNC:5980]	-0.6750476	
EEFSEC	eukaryotic elongation factor, selenocysteine-tRNA specific [Source:HGNC Symbol;Acc:HGNC:24614]	-0.67518497	
RPS14	ribosomal protein S14 [Source:HGNC Symbol;Acc:HGNC:10387]	-0.6758528	
GPR174	G protein-coupled receptor 174 [Source:HGNC Symbol;Acc:HGNC:30245]	-0.6759495	
SMCHD1	structural maintenance of chromosomes flexible hinge domain containing 1 [Source:HGNC Symbol;Acc:HGNC:29090]	-0.67657506	
ANO6	anoctamin 6 [Source:HGNC Symbol;Acc:HGNC:25240]	-0.6772868	
DOCK8	dedicator of cytokinesis 8 [Source:HGNC Symbol;Acc:HGNC:19191]	-0.67775166	
OTULINL	OTU deubiquitinase with linear linkage specificity like [Source:HGNC Symbol;Acc:HGNC:25629]	-0.6791917	
RAPGEF2	Rap guanine nucleotide exchange factor 2 [Source:HGNC Symbol;Acc:HGNC:16854]	-0.6800272	
TRIM56	tripartite motif containing 56 [Source:HGNC Symbol;Acc:HGNC:19028]	-0.6811499	
MGA	MAX dimerization protein MGA [Source:HGNC Symbol;Acc:HGNC:14010]	-0.68305016	
TRIM14	tripartite motif containing 14 [Source:HGNC Symbol;Acc:HGNC:16283]	-0.68553096	
SPATA6	spermatogenesis associated 6 [Source:HGNC Symbol;Acc:HGNC:18309]	-0.68592596	
MFSD4A	major facilitator superfamily domain containing 4A [Source:HGNC Symbol;Acc:HGNC:25433]	-0.68611187	
RPS24	ribosomal protein S24 [Source:HGNC Symbol;Acc:HGNC:10411]	-0.6863335	
VPS13A	vacuolar protein sorting 13 homolog A [Source:HGNC Symbol;Acc:HGNC:1908]	-0.68638456	
CREBBP	CREB binding protein [Source:HGNC Symbol;Acc:HGNC:2348]	-0.6873468	
LYST	lysosomal trafficking regulator [Source:HGNC Symbol;Acc:HGNC:1968]	-0.68747485	
ZNF710	zinc finger protein 710 [Source:HGNC Symbol;Acc:HGNC:25352]	-0.68773675	
BICRA	BRD4 interacting chromatin remodeling complex associated protein [Source:HGNC Symbol;Acc:HGNC:4332]	-0.688398	
SGK3	serum/glucocorticoid regulated kinase family member 3 [Source:HGNC Symbol;Acc:HGNC:10812]	-0.68877625	
IFNGR2	interferon gamma receptor 2 [Source:HGNC Symbol;Acc:HGNC:5440]	-0.689504	
HMG20A	high mobility group 20A [Source:HGNC Symbol;Acc:HGNC:5001]	-0.6912226	
CBL	Cbl proto-oncogene [Source:HGNC Symbol;Acc:HGNC:1541]	-0.693541	
MGAT5	alpha-1,6-mannosylglycoprotein 6-beta-N-acetylglucosaminyltransferase [Source:HGNC Symbol;Acc:HGNC:7049]	-0.6942125	
TASOR	transcription activation suppressor [Source:HGNC Symbol;Acc:HGNC:30314]	-0.6963672	
DNMT3A	DNA methyltransferase 3 alpha [Source:HGNC Symbol;Acc:HGNC:2978]	-0.69701684	
PRRC2C	proline rich coiled-coil 2C [Source:HGNC Symbol;Acc:HGNC:24903]	-0.69734263	
CCNY	cyclin Y [Source:HGNC Symbol;Acc:HGNC:23354]	-0.6976991	
CDKAL1	CDK5 regulatory subunit associated protein 1 like 1 [Source:HGNC Symbol;Acc:HGNC:21050]	-0.69805187	
RAP1GDS1	Rap1 GTPase-GDP dissociation stimulator 1 [Source:HGNC Symbol;Acc:HGNC:9859]	-0.6982976	
IKBKE	inhibitor of nuclear factor kappa B kinase subunit epsilon [Source:HGNC Symbol;Acc:HGNC:14552]	-0.70162785	
RAB3IP	RAB3A interacting protein [Source:HGNC Symbol;Acc:HGNC:16508]	-0.7024397	
TLK1	tousled like kinase 1 [Source:HGNC Symbol;Acc:HGNC:11841]	-0.703153	
PHF20L1	PHD finger protein 20 like 1 [Source:HGNC Symbol;Acc:HGNC:24280]	-0.70320535	
S1PR1	sphingosine-1-phosphate receptor 1 [Source:HGNC Symbol;Acc:HGNC:3165]	-0.70539117	
ZDHHC20	zinc finger DHHC-type palmitoyltransferase 20 [Source:HGNC Symbol;Acc:HGNC:20749]	-0.7056079	
RSRP1	arginine and serine rich protein 1 [Source:HGNC Symbol;Acc:HGNC:25234]	-0.7060476	
ATP8B4	ATPase phospholipid transporting 8B4 (putative) [Source:HGNC Symbol;Acc:HGNC:13536]	-0.7062548	
LONP2	lon peptidase 2, peroxisomal [Source:HGNC Symbol;Acc:HGNC:20598]	-0.70668143	
RAB6B	RAB6B, member RAS oncogene family [Source:HGNC Symbol;Acc:HGNC:14902]	-0.70745665	
KANSL1L	KAT8 regulatory NSL complex subunit 1 like [Source:HGNC Symbol;Acc:HGNC:26310]	-0.70800996	
SMAD4	SMAD family member 4 [Source:HGNC Symbol;Acc:HGNC:6770]	-0.70807934	
PAN3	poly(A) specific ribonuclease subunit PAN3 [Source:HGNC Symbol;Acc:HGNC:29991]	-0.70837283	
DTX3L	deltex E3 ubiquitin ligase 3L [Source:HGNC Symbol;Acc:HGNC:30323]	-0.7090777	
TRIB2	tribbles pseudokinase 2 [Source:HGNC Symbol;Acc:HGNC:30809]	-0.7099559	
GALNT7	polypeptide N-acetylgalactosaminyltransferase 7 [Source:HGNC Symbol;Acc:HGNC:4129]	-0.7101189	
MAP2K6	mitogen-activated protein kinase kinase 6 [Source:HGNC Symbol;Acc:HGNC:6846]	-0.7101483	
CD40LG	CD40 ligand [Source:HGNC Symbol;Acc:HGNC:11935]	-0.7114553	
IL27RA	interleukin 27 receptor subunit alpha [Source:HGNC Symbol;Acc:HGNC:17290]	-0.7128068	
FOCAD	focadhesin [Source:HGNC Symbol;Acc:HGNC:23377]	-0.71527696	
SSH2	slingshot protein phosphatase 2 [Source:HGNC Symbol;Acc:HGNC:30580]	-0.71700436	
CREBRF	CREB3 regulatory factor [Source:HGNC Symbol;Acc:HGNC:24050]	-0.7171855	
CHD6	chromodomain helicase DNA binding protein 6 [Source:HGNC Symbol;Acc:HGNC:19057]	-0.71895427	
RALGAPA2	Ral GTPase activating protein catalytic subunit alpha 2 [Source:HGNC Symbol;Acc:HGNC:16207]	-0.7206916	
CAMK2D	calcium/calmodulin dependent protein kinase II delta [Source:HGNC Symbol;Acc:HGNC:1462]	-0.72151095	
NPC2	NPC intracellular cholesterol transporter 2 [Source:HGNC Symbol;Acc:HGNC:14537]	-0.7219573	
TSIX	TSIX transcript, XIST antisense RNA [Source:HGNC Symbol;Acc:HGNC:12377]	-0.7239697	
PTK2B	protein tyrosine kinase 2 beta [Source:HGNC Symbol;Acc:HGNC:9612]	-0.7255617	
GRAMD4	GRAM domain containing 4 [Source:HGNC Symbol;Acc:HGNC:29113]	-0.72573626	
ZMYND8	zinc finger MYND-type containing 8 [Source:HGNC Symbol;Acc:HGNC:9397]	-0.72822803	
TET3	tet methylcytosine dioxygenase 3 [Source:HGNC Symbol;Acc:HGNC:28313]	-0.7285269	
DZIP1	DAZ interacting zinc finger protein 1 [Source:HGNC Symbol;Acc:HGNC:20908]	-0.7301679	
CCND2	cyclin D2 [Source:HGNC Symbol;Acc:HGNC:1583]	-0.7307842	
DAPL1	death associated protein like 1 [Source:HGNC Symbol;Acc:HGNC:21490]	-0.7313154	
CLEC2D	C-type lectin domain family 2 member D [Source:HGNC Symbol;Acc:HGNC:14351]	-0.7316994	
UVRAG	UV radiation resistance associated [Source:HGNC Symbol;Acc:HGNC:12640]	-0.7381189	
KLF7	KLF transcription factor 7 [Source:HGNC Symbol;Acc:HGNC:6350]	-0.74045986	
LRRC1	leucine rich repeat containing 1 [Source:HGNC Symbol;Acc:HGNC:14307]	-0.74293363	
FAM169BP	family with sequence similarity 169 member B, pseudogene [Source:HGNC Symbol;Acc:HGNC:26835]	-0.7432978	
TCP11L2	t-complex 11 like 2 [Source:HGNC Symbol;Acc:HGNC:28627]	-0.7434755	
BPTF	bromodomain PHD finger transcription factor [Source:HGNC Symbol;Acc:HGNC:3581]	-0.74466276	
HDAC8	histone deacetylase 8 [Source:HGNC Symbol;Acc:HGNC:13315]	-0.7466756	
TRIM44	tripartite motif containing 44 [Source:HGNC Symbol;Acc:HGNC:19016]	-0.7494994	
TMEM131L	transmembrane 131 like [Source:HGNC Symbol;Acc:HGNC:29146]	-0.7498766	
CYTH1	cytohesin 1 [Source:HGNC Symbol;Acc:HGNC:9501]	-0.7505306	
RASGRP2	RAS guanyl releasing protein 2 [Source:HGNC Symbol;Acc:HGNC:9879]	-0.7527761	
PARP9	poly(ADP-ribose) polymerase family member 9 [Source:HGNC Symbol;Acc:HGNC:24118]	-0.7594955	
AHCYL2	adenosylhomocysteinase like 2 [Source:HGNC Symbol;Acc:HGNC:22204]	-0.7608053	
ZNF831	zinc finger protein 831 [Source:HGNC Symbol;Acc:HGNC:16167]	-0.76096034	
SMG1	SMG1 nonsense mediated mRNA decay associated PI3K related kinase [Source:HGNC Symbol;Acc:HGNC:30045]	-0.76803744	
ASCC3	activating signal cointegrator 1 complex subunit 3 [Source:HGNC Symbol;Acc:HGNC:18697]	-0.7727988	
MYLIP	myosin regulatory light chain interacting protein [Source:HGNC Symbol;Acc:HGNC:21155]	-0.77331513	
GBP7	guanylate binding protein 7 [Source:HGNC Symbol;Acc:HGNC:29606]	-0.7775905	
TREML2	triggering receptor expressed on myeloid cells like 2 [Source:HGNC Symbol;Acc:HGNC:21092]	-0.77772236	
ATP1B3	ATPase Na+/K+ transporting subunit beta 3 [Source:HGNC Symbol;Acc:HGNC:806]	-0.7823872	
MBP	myelin basic protein [Source:HGNC Symbol;Acc:HGNC:6925]	-0.7824283	
ITGA6	integrin subunit alpha 6 [Source:HGNC Symbol;Acc:HGNC:6142]	-0.78315234	
BCL9	BCL9 transcription coactivator [Source:HGNC Symbol;Acc:HGNC:1008]	-0.7832013	
RCSD1	RCSD domain containing 1 [Source:HGNC Symbol;Acc:HGNC:28310]	-0.7837076	
MAP3K3	mitogen-activated protein kinase kinase kinase 3 [Source:HGNC Symbol;Acc:HGNC:6855]	-0.78554296	
BTLA	B and T lymphocyte associated [Source:HGNC Symbol;Acc:HGNC:21087]	-0.7866839	
KAT2B	lysine acetyltransferase 2B [Source:HGNC Symbol;Acc:HGNC:8638]	-0.78684795	
ZUP1	zinc finger containing ubiquitin peptidase 1 [Source:HGNC Symbol;Acc:HGNC:21224]	-0.78690803	
RPL5	ribosomal protein L5 [Source:HGNC Symbol;Acc:HGNC:10360]	-0.78991246	
L3MBTL3	L3MBTL histone methyl-lysine binding protein 3 [Source:HGNC Symbol;Acc:HGNC:23035]	-0.79025674	
SP110	SP110 nuclear body protein [Source:HGNC Symbol;Acc:HGNC:5401]	-0.79059523	
NCK2	NCK adaptor protein 2 [Source:HGNC Symbol;Acc:HGNC:7665]	-0.79066646	
ESYT2	extended synaptotagmin 2 [Source:HGNC Symbol;Acc:HGNC:22211]	-0.7907211	
ADD3	adducin 3 [Source:HGNC Symbol;Acc:HGNC:245]	-0.7955823	
KLF13	KLF transcription factor 13 [Source:HGNC Symbol;Acc:HGNC:13672]	-0.7974888	
ASH1L	ASH1 like histone lysine methyltransferase [Source:HGNC Symbol;Acc:HGNC:19088]	-0.7975036	
HEXB	hexosaminidase subunit beta [Source:HGNC Symbol;Acc:HGNC:4879]	-0.79805815	
EIF4A2	eukaryotic translation initiation factor 4A2 [Source:HGNC Symbol;Acc:HGNC:3284]	-0.7995825	
ZHX2	zinc fingers and homeoboxes 2 [Source:HGNC Symbol;Acc:HGNC:18513]	-0.8000929	
ACP5	acid phosphatase 5, tartrate resistant [Source:HGNC Symbol;Acc:HGNC:124]	-0.8026951	
INSR	insulin receptor [Source:HGNC Symbol;Acc:HGNC:6091]	-0.80270886	
SETX	senataxin [Source:HGNC Symbol;Acc:HGNC:445]	-0.8046896	
SLC9A9	solute carrier family 9 member A9 [Source:HGNC Symbol;Acc:HGNC:20653]	-0.80613685	
USP25	ubiquitin specific peptidase 25 [Source:HGNC Symbol;Acc:HGNC:12624]	-0.80841506	
RRAS2	RAS related 2 [Source:HGNC Symbol;Acc:HGNC:17271]	-0.8104183	
HECA	hdc homolog, cell cycle regulator [Source:HGNC Symbol;Acc:HGNC:21041]	-0.81123024	
RTP4	receptor transporter protein 4 [Source:HGNC Symbol;Acc:HGNC:23992]	-0.8120496	
GIMAP8	GTPase, IMAP family member 8 [Source:HGNC Symbol;Acc:HGNC:21792]	-0.8124316	
PDLIM1	PDZ and LIM domain 1 [Source:HGNC Symbol;Acc:HGNC:2067]	-0.81388724	
SESN3	sestrin 3 [Source:HGNC Symbol;Acc:HGNC:23060]	-0.8144812	
IMMP2L	inner mitochondrial membrane peptidase subunit 2 [Source:HGNC Symbol;Acc:HGNC:14598]	-0.81461793	
NIPBL	NIPBL cohesin loading factor [Source:HGNC Symbol;Acc:HGNC:28862]	-0.815362	
BST2	bone marrow stromal cell antigen 2 [Source:HGNC Symbol;Acc:HGNC:1119]	-0.81576717	
SMYD3	SET and MYND domain containing 3 [Source:HGNC Symbol;Acc:HGNC:15513]	-0.8158476	
PPP3CA	protein phosphatase 3 catalytic subunit alpha [Source:HGNC Symbol;Acc:HGNC:9314]	-0.8161166	
CD96	CD96 molecule [Source:HGNC Symbol;Acc:HGNC:16892]	-0.81646156	
ZDHHC15	zinc finger DHHC-type palmitoyltransferase 15 [Source:HGNC Symbol;Acc:HGNC:20342]	-0.8174015	
TECPR1	tectonin beta-propeller repeat containing 1 [Source:HGNC Symbol;Acc:HGNC:22214]	-0.8176372	
WASHC4	WASH complex subunit 4 [Source:HGNC Symbol;Acc:HGNC:29174]	-0.82203	
HERC4	HECT and RLD domain containing E3 ubiquitin protein ligase 4 [Source:HGNC Symbol;Acc:HGNC:24521]	-0.82398903	
TMLHE	trimethyllysine hydroxylase, epsilon [Source:HGNC Symbol;Acc:HGNC:18308]	-0.82500327	
ABCG1	ATP binding cassette subfamily G member 1 [Source:HGNC Symbol;Acc:HGNC:73]	-0.8256015	
NSD1	nuclear receptor binding SET domain protein 1 [Source:HGNC Symbol;Acc:HGNC:14234]	-0.82660234	
BBX	BBX high mobility group box domain containing [Source:HGNC Symbol;Acc:HGNC:14422]	-0.8269096	
DENND2D	DENN domain containing 2D [Source:HGNC Symbol;Acc:HGNC:26192]	-0.8292516	
MBD5	methyl-CpG binding domain protein 5 [Source:HGNC Symbol;Acc:HGNC:20444]	-0.83020914	
SLC44A2	solute carrier family 44 member 2 [Source:HGNC Symbol;Acc:HGNC:17292]	-0.83087426	
IFIT2	interferon induced protein with tetratricopeptide repeats 2 [Source:HGNC Symbol;Acc:HGNC:5409]	-0.83346415	
ZNF292	zinc finger protein 292 [Source:HGNC Symbol;Acc:HGNC:18410]	-0.8335152	
MBNL1	muscleblind like splicing regulator 1 [Source:HGNC Symbol;Acc:HGNC:6923]	-0.833537	
NLRC5	NLR family CARD domain containing 5 [Source:HGNC Symbol;Acc:HGNC:29933]	-0.83484656	
ALS2CL	ALS2 C-terminal like [Source:HGNC Symbol;Acc:HGNC:20605]	-0.8349873	
ATP11B	ATPase phospholipid transporting 11B (putative) [Source:HGNC Symbol;Acc:HGNC:13553]	-0.83631814	
SLC49A4	solute carrier family 49 member 4 [Source:HGNC Symbol;Acc:HGNC:16628]	-0.83881444	
SELENOP	selenoprotein P [Source:HGNC Symbol;Acc:HGNC:10751]	-0.8389917	
XRCC4	X-ray repair cross complementing 4 [Source:HGNC Symbol;Acc:HGNC:12831]	-0.83941823	
STIM1	stromal interaction molecule 1 [Source:HGNC Symbol;Acc:HGNC:11386]	-0.84046006	
HERC3	HECT and RLD domain containing E3 ubiquitin protein ligase 3 [Source:HGNC Symbol;Acc:HGNC:4876]	-0.8406294	
PRKD2	protein kinase D2 [Source:HGNC Symbol;Acc:HGNC:17293]	-0.8426888	
PRRG1	proline rich and Gla domain 1 [Source:HGNC Symbol;Acc:HGNC:9469]	-0.8432146	
SLCO3A1	solute carrier organic anion transporter family member 3A1 [Source:HGNC Symbol;Acc:HGNC:10952]	-0.8441433	
CD84	CD84 molecule [Source:HGNC Symbol;Acc:HGNC:1704]	-0.8537434	
ARHGEF1	Rho guanine nucleotide exchange factor 1 [Source:HGNC Symbol;Acc:HGNC:681]	-0.8559956	
KMT2A	lysine methyltransferase 2A [Source:HGNC Symbol;Acc:HGNC:7132]	-0.8560877	
PRKCE	protein kinase C epsilon [Source:HGNC Symbol;Acc:HGNC:9401]	-0.8589306	
NXPE3	neurexophilin and PC-esterase domain family member 3 [Source:HGNC Symbol;Acc:HGNC:28238]	-0.86272925	
BCAS3	BCAS3 microtubule associated cell migration factor [Source:HGNC Symbol;Acc:HGNC:14347]	-0.86367744	
RALGPS2	Ral GEF with PH domain and SH3 binding motif 2 [Source:HGNC Symbol;Acc:HGNC:30279]	-0.8643117	
LYPD6B	LY6/PLAUR domain containing 6B [Source:HGNC Symbol;Acc:HGNC:27018]	-0.8648062	
AAK1	AP2 associated kinase 1 [Source:HGNC Symbol;Acc:HGNC:19679]	-0.86752653	
ETNK1	ethanolamine kinase 1 [Source:HGNC Symbol;Acc:HGNC:24649]	-0.8693564	
BLTP1	bridge-like lipid transfer protein family member 1 [Source:HGNC Symbol;Acc:HGNC:26953]	-0.8709014	
STK17B	serine/threonine kinase 17b [Source:HGNC Symbol;Acc:HGNC:11396]	-0.87169206	
PACSIN1	protein kinase C and casein kinase substrate in neurons 1 [Source:HGNC Symbol;Acc:HGNC:8570]	-0.87782323	
NCOA2	nuclear receptor coactivator 2 [Source:HGNC Symbol;Acc:HGNC:7669]	-0.8852764	
CDYL2	chromodomain Y like 2 [Source:HGNC Symbol;Acc:HGNC:23030]	-0.88572717	
CFLAR	CASP8 and FADD like apoptosis regulator [Source:HGNC Symbol;Acc:HGNC:1876]	-0.89218926	
DOCK11	dedicator of cytokinesis 11 [Source:HGNC Symbol;Acc:HGNC:23483]	-0.89232767	
TTC3	tetratricopeptide repeat domain 3 [Source:HGNC Symbol;Acc:HGNC:12393]	-0.8925728	
RASSF2	Ras association domain family member 2 [Source:HGNC Symbol;Acc:HGNC:9883]	-0.8938847	
ZCCHC7	zinc finger CCHC-type containing 7 [Source:HGNC Symbol;Acc:HGNC:26209]	-0.8979904	
PPP1R13B	protein phosphatase 1 regulatory subunit 13B [Source:HGNC Symbol;Acc:HGNC:14950]	-0.8983363	
CERS6	ceramide synthase 6 [Source:HGNC Symbol;Acc:HGNC:23826]	-0.899394	
FTO	FTO alpha-ketoglutarate dependent dioxygenase [Source:HGNC Symbol;Acc:HGNC:24678]	-0.9008874	
FYB1	FYN binding protein 1 [Source:HGNC Symbol;Acc:HGNC:4036]	-0.9009754	
UGCG	UDP-glucose ceramide glucosyltransferase [Source:HGNC Symbol;Acc:HGNC:12524]	-0.90224	
MT-ND2	mitochondrially encoded NADH:ubiquinone oxidoreductase core subunit 2 [Source:HGNC Symbol;Acc:HGNC:7456]	-0.905778	
PCGF5	polycomb group ring finger 5 [Source:HGNC Symbol;Acc:HGNC:28264]	-0.90625745	
KLF2	KLF transcription factor 2 [Source:HGNC Symbol;Acc:HGNC:6347]	-0.9064784	
ARID1A	AT-rich interaction domain 1A [Source:HGNC Symbol;Acc:HGNC:11110]	-0.9109632	
IPCEF1	interaction protein for cytohesin exchange factors 1 [Source:HGNC Symbol;Acc:HGNC:21204]	-0.91653454	
TNRC6C	trinucleotide repeat containing adaptor 6C [Source:HGNC Symbol;Acc:HGNC:29318]	-0.9185483	
FAM172A	family with sequence similarity 172 member A [Source:HGNC Symbol;Acc:HGNC:25365]	-0.9223275	
MRTFA	myocardin related transcription factor A [Source:HGNC Symbol;Acc:HGNC:14334]	-0.92328364	
ARID1B	AT-rich interaction domain 1B [Source:HGNC Symbol;Acc:HGNC:18040]	-0.92338365	
ZNRF3	zinc and ring finger 3 [Source:HGNC Symbol;Acc:HGNC:18126]	-0.9239952	
TNRC6B	trinucleotide repeat containing adaptor 6B [Source:HGNC Symbol;Acc:HGNC:29190]	-0.9270336	
SIPA1L1	signal induced proliferation associated 1 like 1 [Source:HGNC Symbol;Acc:HGNC:20284]	-0.9313197	
RPL13A	ribosomal protein L13a [Source:HGNC Symbol;Acc:HGNC:10304]	-0.9316001	
ATF7IP	activating transcription factor 7 interacting protein [Source:HGNC Symbol;Acc:HGNC:20092]	-0.93178356	
TRAF3IP3	TRAF3 interacting protein 3 [Source:HGNC Symbol;Acc:HGNC:30766]	-0.935613	
CD2AP	CD2 associated protein [Source:HGNC Symbol;Acc:HGNC:14258]	-0.94332457	
CCM2	CCM2 scaffold protein [Source:HGNC Symbol;Acc:HGNC:21708]	-0.9439945	
PACS1	phosphofurin acidic cluster sorting protein 1 [Source:HGNC Symbol;Acc:HGNC:30032]	-0.95494187	
USP24	ubiquitin specific peptidase 24 [Source:HGNC Symbol;Acc:HGNC:12623]	-0.95524794	
RFX7	regulatory factor X7 [Source:HGNC Symbol;Acc:HGNC:25777]	-0.95735514	
GBP6	guanylate binding protein family member 6 [Source:HGNC Symbol;Acc:HGNC:25395]	-0.96068454	
PDCD4	programmed cell death 4 [Source:HGNC Symbol;Acc:HGNC:8763]	-0.9615756	
RHOH	ras homolog family member H [Source:HGNC Symbol;Acc:HGNC:686]	-0.9623218	
SLC12A7	solute carrier family 12 member 7 [Source:HGNC Symbol;Acc:HGNC:10915]	-0.96263313	
BICDL1	BICD family like cargo adaptor 1 [Source:HGNC Symbol;Acc:HGNC:28095]	-0.97060096	
ARHGAP45	Rho GTPase activating protein 45 [Source:HGNC Symbol;Acc:HGNC:17102]	-0.9708887	
SMARCA2	SWI/SNF related, matrix associated, actin dependent regulator of chromatin, subfamily a, member 2 [Source:HGNC Symbol;Acc:HGNC:11098]	-0.97102493	
ST8SIA6	ST8 alpha-N-acetyl-neuraminide alpha-2,8-sialyltransferase 6 [Source:HGNC Symbol;Acc:HGNC:23317]	-0.97163033	
UBE2H	ubiquitin conjugating enzyme E2 H [Source:HGNC Symbol;Acc:HGNC:12484]	-0.97229636	
SH3PXD2A	SH3 and PX domains 2A [Source:HGNC Symbol;Acc:HGNC:23664]	-0.9725511	
MALAT1	metastasis associated lung adenocarcinoma transcript 1 [Source:HGNC Symbol;Acc:HGNC:29665]	-0.9749045	
IFIT3	interferon induced protein with tetratricopeptide repeats 3 [Source:HGNC Symbol;Acc:HGNC:5411]	-0.97652227	
INSYN2B	inhibitory synaptic factor family member 2B [Source:HGNC Symbol;Acc:HGNC:37271]	-0.9779518	
PIK3IP1	phosphoinositide-3-kinase interacting protein 1 [Source:HGNC Symbol;Acc:HGNC:24942]	-0.98145163	
DUSP10	dual specificity phosphatase 10 [Source:HGNC Symbol;Acc:HGNC:3065]	-0.98580277	
GRAMD2B	GRAM domain containing 2B [Source:HGNC Symbol;Acc:HGNC:24911]	-0.9859789	
CYRIA	CYFIP related Rac1 interactor A [Source:HGNC Symbol;Acc:HGNC:25373]	-0.9893555	
KMT2C	lysine methyltransferase 2C [Source:HGNC Symbol;Acc:HGNC:13726]	-0.98972994	
SLC12A6	solute carrier family 12 member 6 [Source:HGNC Symbol;Acc:HGNC:10914]	-0.99249315	
SENP7	SUMO specific peptidase 7 [Source:HGNC Symbol;Acc:HGNC:30402]	-0.99304485	
TMEM71	transmembrane protein 71 [Source:HGNC Symbol;Acc:HGNC:26572]	-0.9949736	
RPL12	ribosomal protein L12 [Source:HGNC Symbol;Acc:HGNC:10302]	-0.9956484	
CALCRL	calcitonin receptor like receptor [Source:HGNC Symbol;Acc:HGNC:16709]	-1.0025805	
KDM5B	lysine demethylase 5B [Source:HGNC Symbol;Acc:HGNC:18039]	-1.0038706	
STAMBPL1	STAM binding protein like 1 [Source:HGNC Symbol;Acc:HGNC:24105]	-1.0163074	
CTSE	cathepsin E [Source:HGNC Symbol;Acc:HGNC:2530]	-1.0183095	
RSU1	Ras suppressor protein 1 [Source:HGNC Symbol;Acc:HGNC:10464]	-1.0196235	
RIGI	RNA sensor RIG-I [Source:HGNC Symbol;Acc:HGNC:19102]	-1.0200217	
GPR18	G protein-coupled receptor 18 [Source:HGNC Symbol;Acc:HGNC:4472]	-1.0203493	
LARS2	leucyl-tRNA synthetase 2, mitochondrial [Source:HGNC Symbol;Acc:HGNC:17095]	-1.0205176	
EPSTI1	epithelial stromal interaction 1 [Source:HGNC Symbol;Acc:HGNC:16465]	-1.0254083	
MOB3B	MOB kinase activator 3B [Source:HGNC Symbol;Acc:HGNC:23825]	-1.0325774	
JAK1	Janus kinase 1 [Source:HGNC Symbol;Acc:HGNC:6190]	-1.0419042	
NUMB	NUMB endocytic adaptor protein [Source:HGNC Symbol;Acc:HGNC:8060]	-1.042484	
CAMK4	calcium/calmodulin dependent protein kinase IV [Source:HGNC Symbol;Acc:HGNC:1464]	-1.0433016	
TCF20	transcription factor 20 [Source:HGNC Symbol;Acc:HGNC:11631]	-1.052004	
IGFBP4	insulin like growth factor binding protein 4 [Source:HGNC Symbol;Acc:HGNC:5473]	-1.0534467	
MBNL2	muscleblind like splicing regulator 2 [Source:HGNC Symbol;Acc:HGNC:16746]	-1.0567482	
ATP1B1	ATPase Na+/K+ transporting subunit beta 1 [Source:HGNC Symbol;Acc:HGNC:804]	-1.0572374	
FAM102A	family with sequence similarity 102 member A [Source:HGNC Symbol;Acc:HGNC:31419]	-1.0639919	
DIPK1A	divergent protein kinase domain 1A [Source:HGNC Symbol;Acc:HGNC:32213]	-1.0641717	
SLFN13	schlafen family member 13 [Source:HGNC Symbol;Acc:HGNC:26481]	-1.0661112	
CCR7	C-C motif chemokine receptor 7 [Source:HGNC Symbol;Acc:HGNC:1608]	-1.0739477	
TBC1D1	TBC1 domain family member 1 [Source:HGNC Symbol;Acc:HGNC:11578]	-1.0765603	
CRLF3	cytokine receptor like factor 3 [Source:HGNC Symbol;Acc:HGNC:17177]	-1.0789486	
MCTP2	multiple C2 and transmembrane domain containing 2 [Source:HGNC Symbol;Acc:HGNC:25636]	-1.079131	
FILIP1L	filamin A interacting protein 1 like [Source:HGNC Symbol;Acc:HGNC:24589]	-1.0807734	
PARP14	poly(ADP-ribose) polymerase family member 14 [Source:HGNC Symbol;Acc:HGNC:29232]	-1.0820637	
ANKRD44	ankyrin repeat domain 44 [Source:HGNC Symbol;Acc:HGNC:25259]	-1.0847083	
USP3	ubiquitin specific peptidase 3 [Source:HGNC Symbol;Acc:HGNC:12626]	-1.0898739	
NEDD9	neural precursor cell expressed, developmentally down-regulated 9 [Source:HGNC Symbol;Acc:HGNC:7733]	-1.093512	
CRIM1	cysteine rich transmembrane BMP regulator 1 [Source:HGNC Symbol;Acc:HGNC:2359]	-1.094598	
SAMD9L	sterile alpha motif domain containing 9 like [Source:HGNC Symbol;Acc:HGNC:1349]	-1.095693	
FAM78A	family with sequence similarity 78 member A [Source:HGNC Symbol;Acc:HGNC:25465]	-1.0980257	
DTX1	deltex E3 ubiquitin ligase 1 [Source:HGNC Symbol;Acc:HGNC:3060]	-1.0993873	
CD226	CD226 molecule [Source:HGNC Symbol;Acc:HGNC:16961]	-1.1019496	
IL6R	interleukin 6 receptor [Source:HGNC Symbol;Acc:HGNC:6019]	-1.1080741	
PARP8	poly(ADP-ribose) polymerase family member 8 [Source:HGNC Symbol;Acc:HGNC:26124]	-1.115379	
PIK3CD	phosphatidylinositol-4,5-bisphosphate 3-kinase catalytic subunit delta [Source:HGNC Symbol;Acc:HGNC:8977]	-1.1196115	
RASGRP1	RAS guanyl releasing protein 1 [Source:HGNC Symbol;Acc:HGNC:9878]	-1.1241553	
PELI1	pellino E3 ubiquitin protein ligase 1 [Source:HGNC Symbol;Acc:HGNC:8827]	-1.1269552	
TCF12	transcription factor 12 [Source:HGNC Symbol;Acc:HGNC:11623]	-1.128413	
RFX3	regulatory factor X3 [Source:HGNC Symbol;Acc:HGNC:9984]	-1.1440718	
PARP11	poly(ADP-ribose) polymerase family member 11 [Source:HGNC Symbol;Acc:HGNC:1186]	-1.1451763	
UBAC2	UBA domain containing 2 [Source:HGNC Symbol;Acc:HGNC:20486]	-1.145786	
HSD11B1	hydroxysteroid 11-beta dehydrogenase 1 [Source:HGNC Symbol;Acc:HGNC:5208]	-1.1459483	
TRAT1	T cell receptor associated transmembrane adaptor 1 [Source:HGNC Symbol;Acc:HGNC:30698]	-1.1483533	
ASAP1	ArfGAP with SH3 domain, ankyrin repeat and PH domain 1 [Source:HGNC Symbol;Acc:HGNC:2720]	-1.149931	
TXNIP	thioredoxin interacting protein [Source:HGNC Symbol;Acc:HGNC:16952]	-1.1573071	
BZW2	basic leucine zipper and W2 domains 2 [Source:HGNC Symbol;Acc:HGNC:18808]	-1.1634223	
ZNF652	zinc finger protein 652 [Source:HGNC Symbol;Acc:HGNC:29147]	-1.1659123	
TNIK	TRAF2 and NCK interacting kinase [Source:HGNC Symbol;Acc:HGNC:30765]	-1.1693962	
CHD3	chromodomain helicase DNA binding protein 3 [Source:HGNC Symbol;Acc:HGNC:1918]	-1.1696136	
ATP8A1	ATPase phospholipid transporting 8A1 [Source:HGNC Symbol;Acc:HGNC:13531]	-1.1721166	
USP18	ubiquitin specific peptidase 18 [Source:HGNC Symbol;Acc:HGNC:12616]	-1.1731462	
CD27	CD27 molecule [Source:HGNC Symbol;Acc:HGNC:11922]	-1.1749711	
STAT1	signal transducer and activator of transcription 1 [Source:HGNC Symbol;Acc:HGNC:11362]	-1.180556	
RREB1	ras responsive element binding protein 1 [Source:HGNC Symbol;Acc:HGNC:10449]	-1.1824448	
STK4	serine/threonine kinase 4 [Source:HGNC Symbol;Acc:HGNC:11408]	-1.1954057	
MYCBP2	MYC binding protein 2 [Source:HGNC Symbol;Acc:HGNC:23386]	-1.1961491	
NLK	nemo like kinase [Source:HGNC Symbol;Acc:HGNC:29858]	-1.2080426	
PIK3R5	phosphoinositide-3-kinase regulatory subunit 5 [Source:HGNC Symbol;Acc:HGNC:30035]	-1.2136481	
FCHSD2	FCH and double SH3 domains 2 [Source:HGNC Symbol;Acc:HGNC:29114]	-1.2305131	
HERC6	HECT and RLD domain containing E3 ubiquitin protein ligase family member 6 [Source:HGNC Symbol;Acc:HGNC:26072]	-1.2390417	
NDRG3	NDRG family member 3 [Source:HGNC Symbol;Acc:HGNC:14462]	-1.2420982	
BTG1	BTG anti-proliferation factor 1 [Source:HGNC Symbol;Acc:HGNC:1130]	-1.2598718	
PTPRC	protein tyrosine phosphatase receptor type C [Source:HGNC Symbol;Acc:HGNC:9666]	-1.2644659	
MACF1	microtubule actin crosslinking factor 1 [Source:HGNC Symbol;Acc:HGNC:13664]	-1.2763877	
IFIT1B	interferon induced protein with tetratricopeptide repeats 1B [Source:HGNC Symbol;Acc:HGNC:23442]	-1.2860346	
SLC28A2	solute carrier family 28 member 2 [Source:HGNC Symbol;Acc:HGNC:11002]	-1.2867864	
IFT80	intraflagellar transport 80 [Source:HGNC Symbol;Acc:HGNC:29262]	-1.2952763	
KLF3	KLF transcription factor 3 [Source:HGNC Symbol;Acc:HGNC:16516]	-1.3132188	
SIDT1	SID1 transmembrane family member 1 [Source:HGNC Symbol;Acc:HGNC:25967]	-1.3244138	
TGFBR2	transforming growth factor beta receptor 2 [Source:HGNC Symbol;Acc:HGNC:11773]	-1.3245232	
PCED1B	PC-esterase domain containing 1B [Source:HGNC Symbol;Acc:HGNC:28255]	-1.3285525	
CARD11	caspase recruitment domain family member 11 [Source:HGNC Symbol;Acc:HGNC:16393]	-1.3384702	
CMAHP	cytidine monophospho-N-acetylneuraminic acid hydroxylase, pseudogene [Source:HGNC Symbol;Acc:HGNC:2098]	-1.3585299	
ABTB2	ankyrin repeat and BTB domain containing 2 [Source:HGNC Symbol;Acc:HGNC:23842]	-1.3592255	
ZBTB20	zinc finger and BTB domain containing 20 [Source:HGNC Symbol;Acc:HGNC:13503]	-1.3712641	
OPRM1	opioid receptor mu 1 [Source:HGNC Symbol;Acc:HGNC:8156]	-1.3724002	
KBTBD11	kelch repeat and BTB domain containing 11 [Source:HGNC Symbol;Acc:HGNC:29104]	-1.3778175	
RFLNB	refilin B [Source:HGNC Symbol;Acc:HGNC:28705]	-1.3795727	
LPP	LIM domain containing preferred translocation partner in lipoma [Source:HGNC Symbol;Acc:HGNC:6679]	-1.3823942	
BCL2	BCL2 apoptosis regulator [Source:HGNC Symbol;Acc:HGNC:990]	-1.4001722	
ITPR2	inositol 1,4,5-trisphosphate receptor type 2 [Source:HGNC Symbol;Acc:HGNC:6181]	-1.402974	
TRIM5	tripartite motif containing 5 [Source:HGNC Symbol;Acc:HGNC:16276]	-1.4035994	
TASP1	taspase 1 [Source:HGNC Symbol;Acc:HGNC:15859]	-1.4127471	
RAPGEF6	Rap guanine nucleotide exchange factor 6 [Source:HGNC Symbol;Acc:HGNC:20655]	-1.4155908	
MLLT3	MLLT3 super elongation complex subunit [Source:HGNC Symbol;Acc:HGNC:7136]	-1.4181497	
SKAP1	src kinase associated phosphoprotein 1 [Source:HGNC Symbol;Acc:HGNC:15605]	-1.4183009	
IL6ST	interleukin 6 cytokine family signal transducer [Source:HGNC Symbol;Acc:HGNC:6021]	-1.426803	
DDX60	DExD/H-box helicase 60 [Source:HGNC Symbol;Acc:HGNC:25942]	-1.4283527	
NEDD4L	NEDD4 like E3 ubiquitin protein ligase [Source:HGNC Symbol;Acc:HGNC:7728]	-1.4465451	
MAN1A1	mannosidase alpha class 1A member 1 [Source:HGNC Symbol;Acc:HGNC:6821]	-1.4661115	
PHF21A	PHD finger protein 21A [Source:HGNC Symbol;Acc:HGNC:24156]	-1.4773695	
PDE3B	phosphodiesterase 3B [Source:HGNC Symbol;Acc:HGNC:8779]	-1.4897783	
SELL	selectin L [Source:HGNC Symbol;Acc:HGNC:10720]	-1.491988	
ISG15	ISG15 ubiquitin like modifier [Source:HGNC Symbol;Acc:HGNC:4053]	-1.5241936	
PATJ	PATJ crumbs cell polarity complex component [Source:HGNC Symbol;Acc:HGNC:28881]	-1.5327309	
PDK1	pyruvate dehydrogenase kinase 1 [Source:HGNC Symbol;Acc:HGNC:8809]	-1.534298	
IKZF1	IKAROS family zinc finger 1 [Source:HGNC Symbol;Acc:HGNC:13176]	-1.5415641	
ABLIM1	actin binding LIM protein 1 [Source:HGNC Symbol;Acc:HGNC:78]	-1.5557535	
SP100	SP100 nuclear antigen [Source:HGNC Symbol;Acc:HGNC:11206]	-1.5580968	
XIST	X inactive specific transcript [Source:HGNC Symbol;Acc:HGNC:12810]	-1.5627247	
RERE	arginine-glutamic acid dipeptide repeats [Source:HGNC Symbol;Acc:HGNC:9965]	-1.5703064	
NSG2	neuronal vesicle trafficking associated 2 [Source:HGNC Symbol;Acc:HGNC:24955]	-1.5809014	
RAPGEF4	Rap guanine nucleotide exchange factor 4 [Source:HGNC Symbol;Acc:HGNC:16626]	-1.6068228	
BCL11B	BAF chromatin remodeling complex subunit BCL11B [Source:HGNC Symbol;Acc:HGNC:13222]	-1.6109223	
AFF3	ALF transcription elongation factor 3 [Source:HGNC Symbol;Acc:HGNC:6473]	-1.6226811	
UTRN	utrophin [Source:HGNC Symbol;Acc:HGNC:12635]	-1.6248668	
ARHGEF18	Rho/Rac guanine nucleotide exchange factor 18 [Source:HGNC Symbol;Acc:HGNC:17090]	-1.630947	
APBB1IP	amyloid beta precursor protein binding family B member 1 interacting protein [Source:HGNC Symbol;Acc:HGNC:17379]	-1.6396444	
ARHGEF3	Rho guanine nucleotide exchange factor 3 [Source:HGNC Symbol;Acc:HGNC:683]	-1.6468475	
GRAP2	GRB2 related adaptor protein 2 [Source:HGNC Symbol;Acc:HGNC:4563]	-1.6670669	
PPM1H	protein phosphatase, Mg2+/Mn2+ dependent 1H [Source:HGNC Symbol;Acc:HGNC:18583]	-1.69898	
EVL	Enah/Vasp-like [Source:HGNC Symbol;Acc:HGNC:20234]	-1.6994978	
RNF213	ring finger protein 213 [Source:HGNC Symbol;Acc:HGNC:14539]	-1.7283186	
SSBP2	single stranded DNA binding protein 2 [Source:HGNC Symbol;Acc:HGNC:15831]	-1.7415059	
THEMIS	thymocyte selection associated [Source:HGNC Symbol;Acc:HGNC:21569]	-1.7467769	
TESPA1	thymocyte expressed, positive selection associated 1 [Source:HGNC Symbol;Acc:HGNC:29109]	-1.7562169	
PRKCB	protein kinase C beta [Source:HGNC Symbol;Acc:HGNC:9395]	-1.7622384	
CAMK1D	calcium/calmodulin dependent protein kinase ID [Source:HGNC Symbol;Acc:HGNC:19341]	-1.7732217	
GALNT10	polypeptide N-acetylgalactosaminyltransferase 10 [Source:HGNC Symbol;Acc:HGNC:19873]	-1.7892524	
THADA	THADA armadillo repeat containing [Source:HGNC Symbol;Acc:HGNC:19217]	-1.8048704	
IFI16	interferon gamma inducible protein 16 [Source:HGNC Symbol;Acc:HGNC:5395]	-1.8073558	
DGKA	diacylglycerol kinase alpha [Source:HGNC Symbol;Acc:HGNC:2849]	-1.8792232	
ACTN1	actinin alpha 1 [Source:HGNC Symbol;Acc:HGNC:163]	-1.8913357	
ST8SIA1	ST8 alpha-N-acetyl-neuraminide alpha-2,8-sialyltransferase 1 [Source:HGNC Symbol;Acc:HGNC:10869]	-1.8924063	
MAML2	mastermind like transcriptional coactivator 2 [Source:HGNC Symbol;Acc:HGNC:16259]	-1.8957714	
FGF13	fibroblast growth factor 13 [Source:HGNC Symbol;Acc:HGNC:3670]	-1.9160451	
MS4A6A	membrane spanning 4-domains A6A [Source:HGNC Symbol;Acc:HGNC:13375]	-1.9188724	
PAG1	phosphoprotein membrane anchor with glycosphingolipid microdomains 1 [Source:HGNC Symbol;Acc:HGNC:30043]	-1.9197171	
RIPOR2	RHO family interacting cell polarization regulator 2 [Source:HGNC Symbol;Acc:HGNC:13872]	-1.9492782	
SLFN5	schlafen family member 5 [Source:HGNC Symbol;Acc:HGNC:28286]	-2.0161164	
CDK8	cyclin dependent kinase 8 [Source:HGNC Symbol;Acc:HGNC:1779]	-2.035453	
GIMAP6	GTPase, IMAP family member 6 [Source:HGNC Symbol;Acc:HGNC:21918]	-2.0778904	
PRKCQ	protein kinase C theta [Source:HGNC Symbol;Acc:HGNC:9410]	-2.1946416	
ARHGAP15	Rho GTPase activating protein 15 [Source:HGNC Symbol;Acc:HGNC:21030]	-2.2425117	
TCF7	transcription factor 7 [Source:HGNC Symbol;Acc:HGNC:11639]	-2.2645316	
ST6GAL1	ST6 beta-galactoside alpha-2,6-sialyltransferase 1 [Source:HGNC Symbol;Acc:HGNC:10860]	-2.268357	
BACH2	BTB domain and CNC homolog 2 [Source:HGNC Symbol;Acc:HGNC:14078]	-2.3022773	
CMSS1	cms1 ribosomal small subunit homolog [Source:HGNC Symbol;Acc:HGNC:28666]	-2.4422328	
SCML4	Scm polycomb group protein like 4 [Source:HGNC Symbol;Acc:HGNC:21397]	-2.6956537	
LEF1	lymphoid enhancer binding factor 1 [Source:HGNC Symbol;Acc:HGNC:6551]	-2.719865	
CCND3	cyclin D3 [Source:HGNC Symbol;Acc:HGNC:1585]	-2.9139884	
SATB1	SATB homeobox 1 [Source:HGNC Symbol;Acc:HGNC:10541]	-3.0267956	
FOXP1	forkhead box P1 [Source:HGNC Symbol;Acc:HGNC:3823]	-3.3506534	
