NAME	TITLE	SCORE	
NRGN	neurogranin [Source:HGNC Symbol;Acc:HGNC:8000]	3.1590035	
RABGAP1L	RAB GTPase activating protein 1 like [Source:HGNC Symbol;Acc:HGNC:24663]	2.7770772	
S100A4	S100 calcium binding protein A4 [Source:HGNC Symbol;Acc:HGNC:10494]	2.7487288	
ST6GALNAC3	ST6 N-acetylgalactosaminide alpha-2,6-sialyltransferase 3 [Source:HGNC Symbol;Acc:HGNC:19343]	2.686089	
RORA	RAR related orphan receptor A [Source:HGNC Symbol;Acc:HGNC:10258]	2.6534276	
LGALS7	galectin 7 [Source:HGNC Symbol;Acc:HGNC:6568]	2.5859325	
NT5E	5'-nucleotidase ecto [Source:HGNC Symbol;Acc:HGNC:8021]	2.582411	
MAF	MAF bZIP transcription factor [Source:HGNC Symbol;Acc:HGNC:6776]	2.5619736	
NR4A2	nuclear receptor subfamily 4 group A member 2 [Source:HGNC Symbol;Acc:HGNC:7981]	2.5414665	
NR4A3	nuclear receptor subfamily 4 group A member 3 [Source:HGNC Symbol;Acc:HGNC:7982]	2.5163012	
CTLA4	cytotoxic T-lymphocyte associated protein 4 [Source:HGNC Symbol;Acc:HGNC:2505]	2.5144782	
BHLHE40	basic helix-loop-helix family member e40 [Source:HGNC Symbol;Acc:HGNC:1046]	2.4622872	
UBASH3B	ubiquitin associated and SH3 domain containing B [Source:HGNC Symbol;Acc:HGNC:29884]	2.4570403	
TRPS1	transcriptional repressor GATA binding 1 [Source:HGNC Symbol;Acc:HGNC:12340]	2.4245465	
IL18R1	interleukin 18 receptor 1 [Source:HGNC Symbol;Acc:HGNC:5988]	2.410927	
IGFBP7	insulin like growth factor binding protein 7 [Source:HGNC Symbol;Acc:HGNC:5476]	2.3398504	
HIF1A	hypoxia inducible factor 1 subunit alpha [Source:HGNC Symbol;Acc:HGNC:4910]	2.2124112	
AHNAK	AHNAK nucleoprotein [Source:HGNC Symbol;Acc:HGNC:347]	2.1959965	
RBPJ	recombination signal binding protein for immunoglobulin kappa J region [Source:HGNC Symbol;Acc:HGNC:5724]	2.1733382	
PHACTR2	phosphatase and actin regulator 2 [Source:HGNC Symbol;Acc:HGNC:20956]	2.1677895	
TNFSF11	TNF superfamily member 11 [Source:HGNC Symbol;Acc:HGNC:11926]	2.159806	
KDM2B	lysine demethylase 2B [Source:HGNC Symbol;Acc:HGNC:13610]	2.1442256	
LGALS1	galectin 1 [Source:HGNC Symbol;Acc:HGNC:6561]	2.1338627	
EEA1	early endosome antigen 1 [Source:HGNC Symbol;Acc:HGNC:3185]	2.1068714	
DENND4A	DENN domain containing 4A [Source:HGNC Symbol;Acc:HGNC:24321]	2.0862343	
ARHGAP31	Rho GTPase activating protein 31 [Source:HGNC Symbol;Acc:HGNC:29216]	2.084489	
ATXN1	ataxin 1 [Source:HGNC Symbol;Acc:HGNC:10548]	2.019011	
STX11	syntaxin 11 [Source:HGNC Symbol;Acc:HGNC:11429]	2.0089054	
CBLB	Cbl proto-oncogene B [Source:HGNC Symbol;Acc:HGNC:1542]	1.9444747	
RGS2	regulator of G protein signaling 2 [Source:HGNC Symbol;Acc:HGNC:9998]	1.925382	
TBC1D4	TBC1 domain family member 4 [Source:HGNC Symbol;Acc:HGNC:19165]	1.9060591	
SLC22A15	solute carrier family 22 member 15 [Source:HGNC Symbol;Acc:HGNC:20301]	1.8957176	
LGALS3	galectin 3 [Source:HGNC Symbol;Acc:HGNC:6563]	1.8921094	
ITGAV	integrin subunit alpha V [Source:HGNC Symbol;Acc:HGNC:6150]	1.8499206	
CREM	cAMP responsive element modulator [Source:HGNC Symbol;Acc:HGNC:2352]	1.8468989	
JUNB	JunB proto-oncogene, AP-1 transcription factor subunit [Source:HGNC Symbol;Acc:HGNC:6205]	1.8408694	
ELL2	elongation factor for RNA polymerase II 2 [Source:HGNC Symbol;Acc:HGNC:17064]	1.810801	
S100A10	S100 calcium binding protein A10 [Source:HGNC Symbol;Acc:HGNC:10487]	1.7975668	
FARP1	FERM, ARH/RhoGEF and pleckstrin domain protein 1 [Source:HGNC Symbol;Acc:HGNC:3591]	1.7892544	
GADD45B	growth arrest and DNA damage inducible beta [Source:HGNC Symbol;Acc:HGNC:4096]	1.774311	
NFKB1	nuclear factor kappa B subunit 1 [Source:HGNC Symbol;Acc:HGNC:7794]	1.7677002	
S100A11	S100 calcium binding protein A11 [Source:HGNC Symbol;Acc:HGNC:10488]	1.7181098	
NDFIP1	Nedd4 family interacting protein 1 [Source:HGNC Symbol;Acc:HGNC:17592]	1.7133125	
IL17A	interleukin 17A [Source:HGNC Symbol;Acc:HGNC:5981]	1.7123152	
ECE1	endothelin converting enzyme 1 [Source:HGNC Symbol;Acc:HGNC:3146]	1.7110941	
CREB3L2	cAMP responsive element binding protein 3 like 2 [Source:HGNC Symbol;Acc:HGNC:23720]	1.7040949	
CCR6	C-C motif chemokine receptor 6 [Source:HGNC Symbol;Acc:HGNC:1607]	1.6999322	
SRGN	serglycin [Source:HGNC Symbol;Acc:HGNC:9361]	1.6977618	
PTPN22	protein tyrosine phosphatase non-receptor type 22 [Source:HGNC Symbol;Acc:HGNC:9652]	1.6965333	
PTMS	parathymosin [Source:HGNC Symbol;Acc:HGNC:9629]	1.6917857	
RAF1	Raf-1 proto-oncogene, serine/threonine kinase [Source:HGNC Symbol;Acc:HGNC:9829]	1.6891831	
ADAMTS6	ADAM metallopeptidase with thrombospondin type 1 motif 6 [Source:HGNC Symbol;Acc:HGNC:222]	1.685018	
IL2RB	interleukin 2 receptor subunit beta [Source:HGNC Symbol;Acc:HGNC:6009]	1.6750494	
LAG3	lymphocyte activating 3 [Source:HGNC Symbol;Acc:HGNC:6476]	1.6585503	
OSBPL3	oxysterol binding protein like 3 [Source:HGNC Symbol;Acc:HGNC:16370]	1.6576099	
ICOS	inducible T cell costimulator [Source:HGNC Symbol;Acc:HGNC:5351]	1.657033	
EMB	embigin [Source:HGNC Symbol;Acc:HGNC:30465]	1.6520212	
FURIN	furin, paired basic amino acid cleaving enzyme [Source:HGNC Symbol;Acc:HGNC:8568]	1.6452919	
GDI2	GDP dissociation inhibitor 2 [Source:HGNC Symbol;Acc:HGNC:4227]	1.6055847	
CAPG	capping actin protein, gelsolin like [Source:HGNC Symbol;Acc:HGNC:1474]	1.5956101	
REL	REL proto-oncogene, NF-kB subunit [Source:HGNC Symbol;Acc:HGNC:9954]	1.589227	
JAK2	Janus kinase 2 [Source:HGNC Symbol;Acc:HGNC:6192]	1.5825344	
LITAF	lipopolysaccharide induced TNF factor [Source:HGNC Symbol;Acc:HGNC:16841]	1.5315347	
CHST11	carbohydrate sulfotransferase 11 [Source:HGNC Symbol;Acc:HGNC:17422]	1.5228044	
BCL2A1	BCL2 related protein A1 [Source:HGNC Symbol;Acc:HGNC:991]	1.5021138	
IFRD1	interferon related developmental regulator 1 [Source:HGNC Symbol;Acc:HGNC:5456]	1.493233	
ODC1	ornithine decarboxylase 1 [Source:HGNC Symbol;Acc:HGNC:8109]	1.4902952	
RILPL2	Rab interacting lysosomal protein like 2 [Source:HGNC Symbol;Acc:HGNC:28787]	1.4883897	
RGS1	regulator of G protein signaling 1 [Source:HGNC Symbol;Acc:HGNC:9991]	1.4851313	
CTSW	cathepsin W [Source:HGNC Symbol;Acc:HGNC:2546]	1.4699695	
MMD	monocyte to macrophage differentiation associated [Source:HGNC Symbol;Acc:HGNC:7153]	1.4667512	
UHRF2	ubiquitin like with PHD and ring finger domains 2 [Source:HGNC Symbol;Acc:HGNC:12557]	1.4656681	
SLA	Src like adaptor [Source:HGNC Symbol;Acc:HGNC:10902]	1.4590417	
YBX3	Y-box binding protein 3 [Source:HGNC Symbol;Acc:HGNC:2428]	1.4541757	
TNFAIP3	TNF alpha induced protein 3 [Source:HGNC Symbol;Acc:HGNC:11896]	1.4524951	
PRR13	proline rich 13 [Source:HGNC Symbol;Acc:HGNC:24528]	1.4220967	
FOSL2	FOS like 2, AP-1 transcription factor subunit [Source:HGNC Symbol;Acc:HGNC:3798]	1.4149655	
TOX2	TOX high mobility group box family member 2 [Source:HGNC Symbol;Acc:HGNC:16095]	1.4101956	
GNA13	G protein subunit alpha 13 [Source:HGNC Symbol;Acc:HGNC:4381]	1.4028424	
TMEM163	transmembrane protein 163 [Source:HGNC Symbol;Acc:HGNC:25380]	1.3991091	
MXI1	MAX interactor 1, dimerization protein [Source:HGNC Symbol;Acc:HGNC:7534]	1.3948028	
CYSLTR2	cysteinyl leukotriene receptor 2 [Source:HGNC Symbol;Acc:HGNC:18274]	1.3943275	
ANXA2	annexin A2 [Source:HGNC Symbol;Acc:HGNC:537]	1.3915133	
TIMP2	TIMP metallopeptidase inhibitor 2 [Source:HGNC Symbol;Acc:HGNC:11821]	1.3799943	
GRAMD1B	GRAM domain containing 1B [Source:HGNC Symbol;Acc:HGNC:29214]	1.3780828	
DUSP16	dual specificity phosphatase 16 [Source:HGNC Symbol;Acc:HGNC:17909]	1.3721303	
FLNB	filamin B [Source:HGNC Symbol;Acc:HGNC:3755]	1.3685572	
MALT1	MALT1 paracaspase [Source:HGNC Symbol;Acc:HGNC:6819]	1.3629798	
NKG7	natural killer cell granule protein 7 [Source:HGNC Symbol;Acc:HGNC:7830]	1.3599222	
UBA52	ubiquitin A-52 residue ribosomal protein fusion product 1 [Source:HGNC Symbol;Acc:HGNC:12458]	1.3505747	
MYO1E	myosin IE [Source:HGNC Symbol;Acc:HGNC:7599]	1.342405	
CCN4	cellular communication network factor 4 [Source:HGNC Symbol;Acc:HGNC:12769]	1.3298705	
ATP2B4	ATPase plasma membrane Ca2+ transporting 4 [Source:HGNC Symbol;Acc:HGNC:817]	1.3288919	
IRAK2	interleukin 1 receptor associated kinase 2 [Source:HGNC Symbol;Acc:HGNC:6113]	1.3276371	
FOSB	FosB proto-oncogene, AP-1 transcription factor subunit [Source:HGNC Symbol;Acc:HGNC:3797]	1.327461	
FAM117B	family with sequence similarity 117 member B [Source:HGNC Symbol;Acc:HGNC:14440]	1.3169707	
LRIG1	leucine rich repeats and immunoglobulin like domains 1 [Source:HGNC Symbol;Acc:HGNC:17360]	1.2971596	
TNFRSF1B	TNF receptor superfamily member 1B [Source:HGNC Symbol;Acc:HGNC:11917]	1.2962041	
NEURL3	neuralized E3 ubiquitin protein ligase 3 [Source:HGNC Symbol;Acc:HGNC:25162]	1.2919695	
PTPRJ	protein tyrosine phosphatase receptor type J [Source:HGNC Symbol;Acc:HGNC:9673]	1.2877821	
NFKBIA	NFKB inhibitor alpha [Source:HGNC Symbol;Acc:HGNC:7797]	1.2821188	
MDFIC	MyoD family inhibitor domain containing [Source:HGNC Symbol;Acc:HGNC:28870]	1.2762975	
UCP2	uncoupling protein 2 [Source:HGNC Symbol;Acc:HGNC:12518]	1.2740835	
DUSP1	dual specificity phosphatase 1 [Source:HGNC Symbol;Acc:HGNC:3064]	1.2680857	
RAB43	RAB43, member RAS oncogene family [Source:HGNC Symbol;Acc:HGNC:19983]	1.2591659	
SAMSN1	SAM domain, SH3 domain and nuclear localization signals 1 [Source:HGNC Symbol;Acc:HGNC:10528]	1.2573961	
LRRC8D	leucine rich repeat containing 8 VRAC subunit D [Source:HGNC Symbol;Acc:HGNC:16992]	1.2547259	
TNFRSF9	TNF receptor superfamily member 9 [Source:HGNC Symbol;Acc:HGNC:11924]	1.2516128	
GEM	GTP binding protein overexpressed in skeletal muscle [Source:HGNC Symbol;Acc:HGNC:4234]	1.242381	
RUNX2	RUNX family transcription factor 2 [Source:HGNC Symbol;Acc:HGNC:10472]	1.2315773	
MED14	mediator complex subunit 14 [Source:HGNC Symbol;Acc:HGNC:2370]	1.230753	
NEBL	nebulette [Source:HGNC Symbol;Acc:HGNC:16932]	1.2282846	
ARF4	ADP ribosylation factor 4 [Source:HGNC Symbol;Acc:HGNC:655]	1.2248383	
DUSP4	dual specificity phosphatase 4 [Source:HGNC Symbol;Acc:HGNC:3070]	1.2220722	
NRP1	neuropilin 1 [Source:HGNC Symbol;Acc:HGNC:8004]	1.2219646	
DGAT1	diacylglycerol O-acyltransferase 1 [Source:HGNC Symbol;Acc:HGNC:2843]	1.2175016	
SMIM36	small integral membrane protein 36 [Source:HGNC Symbol;Acc:HGNC:53654]	1.2092485	
CD44	CD44 molecule (Indian blood group) [Source:HGNC Symbol;Acc:HGNC:1681]	1.2071502	
FOS	Fos proto-oncogene, AP-1 transcription factor subunit [Source:HGNC Symbol;Acc:HGNC:3796]	1.2067162	
OSTF1	osteoclast stimulating factor 1 [Source:HGNC Symbol;Acc:HGNC:8510]	1.2057457	
MAPKAPK3	MAPK activated protein kinase 3 [Source:HGNC Symbol;Acc:HGNC:6888]	1.202718	
CTSB	cathepsin B [Source:HGNC Symbol;Acc:HGNC:2527]	1.201749	
VIM	vimentin [Source:HGNC Symbol;Acc:HGNC:12692]	1.1984211	
TGFB1	transforming growth factor beta 1 [Source:HGNC Symbol;Acc:HGNC:11766]	1.1906688	
NIBAN1	niban apoptosis regulator 1 [Source:HGNC Symbol;Acc:HGNC:16784]	1.1888447	
NRIP1	nuclear receptor interacting protein 1 [Source:HGNC Symbol;Acc:HGNC:8001]	1.1845409	
GAPDH	glyceraldehyde-3-phosphate dehydrogenase [Source:HGNC Symbol;Acc:HGNC:4141]	1.181632	
PDCD1	programmed cell death 1 [Source:HGNC Symbol;Acc:HGNC:8760]	1.1658875	
TNFRSF4	TNF receptor superfamily member 4 [Source:HGNC Symbol;Acc:HGNC:11918]	1.1654412	
STAT4	signal transducer and activator of transcription 4 [Source:HGNC Symbol;Acc:HGNC:11365]	1.1643018	
REEP5	receptor accessory protein 5 [Source:HGNC Symbol;Acc:HGNC:30077]	1.1613681	
RGS10	regulator of G protein signaling 10 [Source:HGNC Symbol;Acc:HGNC:9992]	1.1611923	
IMPA2	inositol monophosphatase 2 [Source:HGNC Symbol;Acc:HGNC:6051]	1.1607635	
DUSP5	dual specificity phosphatase 5 [Source:HGNC Symbol;Acc:HGNC:3071]	1.1507074	
TPM4	tropomyosin 4 [Source:HGNC Symbol;Acc:HGNC:12013]	1.1504862	
ACTG1	actin gamma 1 [Source:HGNC Symbol;Acc:HGNC:144]	1.1492889	
PLXDC2	plexin domain containing 2 [Source:HGNC Symbol;Acc:HGNC:21013]	1.1467059	
ITPR1	inositol 1,4,5-trisphosphate receptor type 1 [Source:HGNC Symbol;Acc:HGNC:6180]	1.1309588	
CD82	CD82 molecule [Source:HGNC Symbol;Acc:HGNC:6210]	1.1250029	
JAZF1	JAZF zinc finger 1 [Source:HGNC Symbol;Acc:HGNC:28917]	1.1219982	
ADAM12	ADAM metallopeptidase domain 12 [Source:HGNC Symbol;Acc:HGNC:190]	1.1200426	
PRELID2	PRELI domain containing 2 [Source:HGNC Symbol;Acc:HGNC:28306]	1.114558	
SIK3	SIK family kinase 3 [Source:HGNC Symbol;Acc:HGNC:29165]	1.1114808	
ITGA4	integrin subunit alpha 4 [Source:HGNC Symbol;Acc:HGNC:6140]	1.1109444	
UBL3	ubiquitin like 3 [Source:HGNC Symbol;Acc:HGNC:12504]	1.0917276	
TOX	thymocyte selection associated high mobility group box [Source:HGNC Symbol;Acc:HGNC:18988]	1.0906563	
NR4A1	nuclear receptor subfamily 4 group A member 1 [Source:HGNC Symbol;Acc:HGNC:7980]	1.0841072	
TFF1	trefoil factor 1 [Source:HGNC Symbol;Acc:HGNC:11755]	1.0834051	
STAT3	signal transducer and activator of transcription 3 [Source:HGNC Symbol;Acc:HGNC:11364]	1.0807608	
SKIL	SKI like proto-oncogene [Source:HGNC Symbol;Acc:HGNC:10897]	1.0793052	
RAPH1	Ras association (RalGDS/AF-6) and pleckstrin homology domains 1 [Source:HGNC Symbol;Acc:HGNC:14436]	1.0755441	
NT5DC3	5'-nucleotidase domain containing 3 [Source:HGNC Symbol;Acc:HGNC:30826]	1.0728431	
CKB	creatine kinase B [Source:HGNC Symbol;Acc:HGNC:1991]	1.0722439	
C21orf91	chromosome 21 open reading frame 91 [Source:HGNC Symbol;Acc:HGNC:16459]	1.0718133	
RAMP1	receptor activity modifying protein 1 [Source:HGNC Symbol;Acc:HGNC:9843]	1.0710253	
CD200	CD200 molecule [Source:HGNC Symbol;Acc:HGNC:7203]	1.0697998	
IFNGR1	interferon gamma receptor 1 [Source:HGNC Symbol;Acc:HGNC:5439]	1.0675055	
CRIP1	cysteine rich protein 1 [Source:HGNC Symbol;Acc:HGNC:2360]	1.0612237	
PLEK	pleckstrin [Source:HGNC Symbol;Acc:HGNC:9070]	1.050572	
H2AZ1	H2A.Z variant histone 1 [Source:HGNC Symbol;Acc:HGNC:4741]	1.048974	
ADK	adenosine kinase [Source:HGNC Symbol;Acc:HGNC:257]	1.0481836	
MYO1F	myosin IF [Source:HGNC Symbol;Acc:HGNC:7600]	1.0479459	
MYB	MYB proto-oncogene, transcription factor [Source:HGNC Symbol;Acc:HGNC:7545]	1.0361545	
IL7R	interleukin 7 receptor [Source:HGNC Symbol;Acc:HGNC:6024]	1.0322126	
ARHGAP18	Rho GTPase activating protein 18 [Source:HGNC Symbol;Acc:HGNC:21035]	1.0184485	
PRKCA	protein kinase C alpha [Source:HGNC Symbol;Acc:HGNC:9393]	1.0153656	
SMPDL3A	sphingomyelin phosphodiesterase acid like 3A [Source:HGNC Symbol;Acc:HGNC:17389]	1.0039988	
LAMC1	laminin subunit gamma 1 [Source:HGNC Symbol;Acc:HGNC:6492]	1.0029339	
VAMP8	vesicle associated membrane protein 8 [Source:HGNC Symbol;Acc:HGNC:12647]	1.0016813	
ALCAM	activated leukocyte cell adhesion molecule [Source:HGNC Symbol;Acc:HGNC:400]	1.0007464	
ORAI1	ORAI calcium release-activated calcium modulator 1 [Source:HGNC Symbol;Acc:HGNC:25896]	0.9991976	
RAB8B	RAB8B, member RAS oncogene family [Source:HGNC Symbol;Acc:HGNC:30273]	0.9979786	
KIAA1958	KIAA1958 [Source:HGNC Symbol;Acc:HGNC:23427]	0.9972022	
S100A6	S100 calcium binding protein A6 [Source:HGNC Symbol;Acc:HGNC:10496]	0.9947767	
PLAC8	placenta associated 8 [Source:HGNC Symbol;Acc:HGNC:19254]	0.994524	
MPP7	MAGUK p55 scaffold protein 7 [Source:HGNC Symbol;Acc:HGNC:26542]	0.991656	
GLUD1	glutamate dehydrogenase 1 [Source:HGNC Symbol;Acc:HGNC:4335]	0.9914636	
HIVEP1	HIVEP zinc finger 1 [Source:HGNC Symbol;Acc:HGNC:4920]	0.9873455	
NFATC1	nuclear factor of activated T cells 1 [Source:HGNC Symbol;Acc:HGNC:7775]	0.98620933	
DIP2B	disco interacting protein 2 homolog B [Source:HGNC Symbol;Acc:HGNC:29284]	0.9851637	
TGIF1	TGFB induced factor homeobox 1 [Source:HGNC Symbol;Acc:HGNC:11776]	0.9844546	
NMRK1	nicotinamide riboside kinase 1 [Source:HGNC Symbol;Acc:HGNC:26057]	0.98227954	
IFI27L2	interferon alpha inducible protein 27 like 2 [Source:HGNC Symbol;Acc:HGNC:19753]	0.9756491	
COX17	cytochrome c oxidase copper chaperone COX17 [Source:HGNC Symbol;Acc:HGNC:2264]	0.9750361	
IRF2BP2	interferon regulatory factor 2 binding protein 2 [Source:HGNC Symbol;Acc:HGNC:21729]	0.97457	
ENDOD1	endonuclease domain containing 1 [Source:HGNC Symbol;Acc:HGNC:29129]	0.97282195	
GPR68	G protein-coupled receptor 68 [Source:HGNC Symbol;Acc:HGNC:4519]	0.97222483	
RBM3	RNA binding motif protein 3 [Source:HGNC Symbol;Acc:HGNC:9900]	0.96537673	
COQ10B	coenzyme Q10B [Source:HGNC Symbol;Acc:HGNC:25819]	0.9547239	
ARID5B	AT-rich interaction domain 5B [Source:HGNC Symbol;Acc:HGNC:17362]	0.94567066	
RBBP8	RB binding protein 8, endonuclease [Source:HGNC Symbol;Acc:HGNC:9891]	0.9455935	
LSP1	lymphocyte specific protein 1 [Source:HGNC Symbol;Acc:HGNC:6707]	0.9439419	
ADARB1	adenosine deaminase RNA specific B1 [Source:HGNC Symbol;Acc:HGNC:226]	0.94123113	
ITGB1	integrin subunit beta 1 [Source:HGNC Symbol;Acc:HGNC:6153]	0.9394785	
LDLRAD4	low density lipoprotein receptor class A domain containing 4 [Source:HGNC Symbol;Acc:HGNC:1224]	0.9337135	
HIPK2	homeodomain interacting protein kinase 2 [Source:HGNC Symbol;Acc:HGNC:14402]	0.93196213	
TEX2	testis expressed 2 [Source:HGNC Symbol;Acc:HGNC:30884]	0.93194765	
CCDC50	coiled-coil domain containing 50 [Source:HGNC Symbol;Acc:HGNC:18111]	0.92678875	
ABLIM3	actin binding LIM protein family member 3 [Source:HGNC Symbol;Acc:HGNC:29132]	0.92218345	
RIC1	RIC1 homolog, RAB6A GEF complex partner 1 [Source:HGNC Symbol;Acc:HGNC:17686]	0.92159426	
TTC39C	tetratricopeptide repeat domain 39C [Source:HGNC Symbol;Acc:HGNC:26595]	0.91894823	
LMNB1	lamin B1 [Source:HGNC Symbol;Acc:HGNC:6637]	0.9146749	
NUP98	nucleoporin 98 and 96 precursor [Source:HGNC Symbol;Acc:HGNC:8068]	0.91371477	
REEP3	receptor accessory protein 3 [Source:HGNC Symbol;Acc:HGNC:23711]	0.9108789	
EPRS1	glutamyl-prolyl-tRNA synthetase 1 [Source:HGNC Symbol;Acc:HGNC:3418]	0.90918314	
RNF125	ring finger protein 125 [Source:HGNC Symbol;Acc:HGNC:21150]	0.9077748	
SPTY2D1	SPT2 chromatin protein domain containing 1 [Source:HGNC Symbol;Acc:HGNC:26818]	0.90636957	
TRERF1	transcriptional regulating factor 1 [Source:HGNC Symbol;Acc:HGNC:18273]	0.9063126	
FNBP1	formin binding protein 1 [Source:HGNC Symbol;Acc:HGNC:17069]	0.90046567	
HIVEP3	HIVEP zinc finger 3 [Source:HGNC Symbol;Acc:HGNC:13561]	0.8977201	
RAB11FIP1	RAB11 family interacting protein 1 [Source:HGNC Symbol;Acc:HGNC:30265]	0.89747155	
NDRG1	N-myc downstream regulated 1 [Source:HGNC Symbol;Acc:HGNC:7679]	0.89383566	
SLC4A7	solute carrier family 4 member 7 [Source:HGNC Symbol;Acc:HGNC:11033]	0.8913406	
OAZ1	ornithine decarboxylase antizyme 1 [Source:HGNC Symbol;Acc:HGNC:8095]	0.89046687	
TSPAN5	tetraspanin 5 [Source:HGNC Symbol;Acc:HGNC:17753]	0.8891141	
HIP1	huntingtin interacting protein 1 [Source:HGNC Symbol;Acc:HGNC:4913]	0.88804716	
PMAIP1	phorbol-12-myristate-13-acetate-induced protein 1 [Source:HGNC Symbol;Acc:HGNC:9108]	0.8864918	
CYTH4	cytohesin 4 [Source:HGNC Symbol;Acc:HGNC:9505]	0.8859176	
SLC38A1	solute carrier family 38 member 1 [Source:HGNC Symbol;Acc:HGNC:13447]	0.88054657	
NTRK3	neurotrophic receptor tyrosine kinase 3 [Source:HGNC Symbol;Acc:HGNC:8033]	0.8780141	
EML4	EMAP like 4 [Source:HGNC Symbol;Acc:HGNC:1316]	0.8755363	
SLC7A1	solute carrier family 7 member 1 [Source:HGNC Symbol;Acc:HGNC:11057]	0.8746804	
BCL2L1	BCL2 like 1 [Source:HGNC Symbol;Acc:HGNC:992]	0.8743733	
SPAG9	sperm associated antigen 9 [Source:HGNC Symbol;Acc:HGNC:14524]	0.8724782	
CD80	CD80 molecule [Source:HGNC Symbol;Acc:HGNC:1700]	0.87116027	
COX7C	cytochrome c oxidase subunit 7C [Source:HGNC Symbol;Acc:HGNC:2292]	0.87059444	
RGS16	regulator of G protein signaling 16 [Source:HGNC Symbol;Acc:HGNC:9997]	0.86899996	
SRGAP3	SLIT-ROBO Rho GTPase activating protein 3 [Source:HGNC Symbol;Acc:HGNC:19744]	0.8670668	
SMAP1	small ArfGAP 1 [Source:HGNC Symbol;Acc:HGNC:19651]	0.8667538	
ARPC1B	actin related protein 2/3 complex subunit 1B [Source:HGNC Symbol;Acc:HGNC:704]	0.8665737	
IFITM2	interferon induced transmembrane protein 2 [Source:HGNC Symbol;Acc:HGNC:5413]	0.86326236	
IRAG2	inositol 1,4,5-triphosphate receptor associated 2 [Source:HGNC Symbol;Acc:HGNC:6690]	0.8620279	
FAM107B	family with sequence similarity 107 member B [Source:HGNC Symbol;Acc:HGNC:23726]	0.8609659	
SH3RF1	SH3 domain containing ring finger 1 [Source:HGNC Symbol;Acc:HGNC:17650]	0.8601774	
CCL5	C-C motif chemokine ligand 5 [Source:HGNC Symbol;Acc:HGNC:10632]	0.85788804	
COX6C	cytochrome c oxidase subunit 6C [Source:HGNC Symbol;Acc:HGNC:2285]	0.8575362	
ANP32A	acidic nuclear phosphoprotein 32 family member A [Source:HGNC Symbol;Acc:HGNC:13233]	0.85601115	
PODNL1	podocan like 1 [Source:HGNC Symbol;Acc:HGNC:26275]	0.85502553	
ARPC3	actin related protein 2/3 complex subunit 3 [Source:HGNC Symbol;Acc:HGNC:706]	0.8546815	
CPD	carboxypeptidase D [Source:HGNC Symbol;Acc:HGNC:2301]	0.85249954	
JUND	JunD proto-oncogene, AP-1 transcription factor subunit [Source:HGNC Symbol;Acc:HGNC:6206]	0.8523758	
ZEB2	zinc finger E-box binding homeobox 2 [Source:HGNC Symbol;Acc:HGNC:14881]	0.85195315	
S100A13	S100 calcium binding protein A13 [Source:HGNC Symbol;Acc:HGNC:10490]	0.85032165	
TXN	thioredoxin [Source:HGNC Symbol;Acc:HGNC:12435]	0.8482015	
ELK3	ETS transcription factor ELK3 [Source:HGNC Symbol;Acc:HGNC:3325]	0.8477603	
CHKA	choline kinase alpha [Source:HGNC Symbol;Acc:HGNC:1937]	0.84741616	
COX8A	cytochrome c oxidase subunit 8A [Source:HGNC Symbol;Acc:HGNC:2294]	0.8457785	
PMEPA1	prostate transmembrane protein, androgen induced 1 [Source:HGNC Symbol;Acc:HGNC:14107]	0.8434218	
SS18	SS18 subunit of BAF chromatin remodeling complex [Source:HGNC Symbol;Acc:HGNC:11340]	0.8432399	
IFITM3	interferon induced transmembrane protein 3 [Source:HGNC Symbol;Acc:HGNC:5414]	0.84245133	
CD83	CD83 molecule [Source:HGNC Symbol;Acc:HGNC:1703]	0.84149426	
SIK2	salt inducible kinase 2 [Source:HGNC Symbol;Acc:HGNC:21680]	0.83939147	
STAT5A	signal transducer and activator of transcription 5A [Source:HGNC Symbol;Acc:HGNC:11366]	0.8369623	
ITGB8	integrin subunit beta 8 [Source:HGNC Symbol;Acc:HGNC:6163]	0.8362145	
PDE4D	phosphodiesterase 4D [Source:HGNC Symbol;Acc:HGNC:8783]	0.8358235	
TBX21	T-box transcription factor 21 [Source:HGNC Symbol;Acc:HGNC:11599]	0.8357578	
RNH1	ribonuclease/angiogenin inhibitor 1 [Source:HGNC Symbol;Acc:HGNC:10074]	0.8345513	
CAPNS1	calpain small subunit 1 [Source:HGNC Symbol;Acc:HGNC:1481]	0.8344035	
GALNT2	polypeptide N-acetylgalactosaminyltransferase 2 [Source:HGNC Symbol;Acc:HGNC:4124]	0.8305893	
TOB2	transducer of ERBB2, 2 [Source:HGNC Symbol;Acc:HGNC:11980]	0.8291685	
PKP3	plakophilin 3 [Source:HGNC Symbol;Acc:HGNC:9025]	0.82697767	
PLEKHO1	pleckstrin homology domain containing O1 [Source:HGNC Symbol;Acc:HGNC:24310]	0.82647735	
PNRC1	proline rich nuclear receptor coactivator 1 [Source:HGNC Symbol;Acc:HGNC:17278]	0.8261963	
NSD2	nuclear receptor binding SET domain protein 2 [Source:HGNC Symbol;Acc:HGNC:12766]	0.8252816	
PFKP	phosphofructokinase, platelet [Source:HGNC Symbol;Acc:HGNC:8878]	0.82158715	
PRDX2	peroxiredoxin 2 [Source:HGNC Symbol;Acc:HGNC:9353]	0.8215395	
SHLD1	shieldin complex subunit 1 [Source:HGNC Symbol;Acc:HGNC:26318]	0.8204064	
AOPEP	aminopeptidase O (putative) [Source:HGNC Symbol;Acc:HGNC:1361]	0.81773037	
H1-0	H1.0 linker histone [Source:HGNC Symbol;Acc:HGNC:4714]	0.81501967	
CDC14A	cell division cycle 14A [Source:HGNC Symbol;Acc:HGNC:1718]	0.8120465	
LDHA	lactate dehydrogenase A [Source:HGNC Symbol;Acc:HGNC:6535]	0.8098614	
GCH1	GTP cyclohydrolase 1 [Source:HGNC Symbol;Acc:HGNC:4193]	0.8062271	
RNF216	ring finger protein 216 [Source:HGNC Symbol;Acc:HGNC:21698]	0.80604106	
GFOD1	glucose-fructose oxidoreductase domain containing 1 [Source:HGNC Symbol;Acc:HGNC:21096]	0.8046139	
SGIP1	SH3GL interacting endocytic adaptor 1 [Source:HGNC Symbol;Acc:HGNC:25412]	0.80379254	
CEP43	centrosomal protein 43 [Source:HGNC Symbol;Acc:HGNC:17012]	0.80314684	
VGLL4	vestigial like family member 4 [Source:HGNC Symbol;Acc:HGNC:28966]	0.8023143	
STK39	serine/threonine kinase 39 [Source:HGNC Symbol;Acc:HGNC:17717]	0.79931384	
ANKRD12	ankyrin repeat domain 12 [Source:HGNC Symbol;Acc:HGNC:29135]	0.7985382	
JARID2	jumonji and AT-rich interaction domain containing 2 [Source:HGNC Symbol;Acc:HGNC:6196]	0.7983216	
AEBP2	AE binding protein 2 [Source:HGNC Symbol;Acc:HGNC:24051]	0.79751754	
LCLAT1	lysocardiolipin acyltransferase 1 [Source:HGNC Symbol;Acc:HGNC:26756]	0.79665196	
VDR	vitamin D receptor [Source:HGNC Symbol;Acc:HGNC:12679]	0.7963273	
PTPN11	protein tyrosine phosphatase non-receptor type 11 [Source:HGNC Symbol;Acc:HGNC:9644]	0.7922914	
PIM1	Pim-1 proto-oncogene, serine/threonine kinase [Source:HGNC Symbol;Acc:HGNC:8986]	0.79101646	
ISY1	ISY1 splicing factor homolog [Source:HGNC Symbol;Acc:HGNC:29201]	0.79069537	
GNAS	GNAS complex locus [Source:HGNC Symbol;Acc:HGNC:4392]	0.7905722	
PLSCR1	phospholipid scramblase 1 [Source:HGNC Symbol;Acc:HGNC:9092]	0.78952765	
SDF4	stromal cell derived factor 4 [Source:HGNC Symbol;Acc:HGNC:24188]	0.78600776	
GNG2	G protein subunit gamma 2 [Source:HGNC Symbol;Acc:HGNC:4404]	0.78408533	
CALM3	calmodulin 3 [Source:HGNC Symbol;Acc:HGNC:1449]	0.78398114	
VPS54	VPS54 subunit of GARP complex [Source:HGNC Symbol;Acc:HGNC:18652]	0.782967	
PHLPP1	PH domain and leucine rich repeat protein phosphatase 1 [Source:HGNC Symbol;Acc:HGNC:20610]	0.7829247	
SLC3A2	solute carrier family 3 member 2 [Source:HGNC Symbol;Acc:HGNC:11026]	0.78289175	
IER2	immediate early response 2 [Source:HGNC Symbol;Acc:HGNC:28871]	0.77290547	
ID2	inhibitor of DNA binding 2 [Source:HGNC Symbol;Acc:HGNC:5361]	0.77193266	
PRICKLE1	prickle planar cell polarity protein 1 [Source:HGNC Symbol;Acc:HGNC:17019]	0.77187765	
MRPS6	mitochondrial ribosomal protein S6 [Source:HGNC Symbol;Acc:HGNC:14051]	0.7702156	
DUSP14	dual specificity phosphatase 14 [Source:HGNC Symbol;Acc:HGNC:17007]	0.76835334	
ZBTB1	zinc finger and BTB domain containing 1 [Source:HGNC Symbol;Acc:HGNC:20259]	0.7677884	
PRKAR1A	protein kinase cAMP-dependent type I regulatory subunit alpha [Source:HGNC Symbol;Acc:HGNC:9388]	0.7657822	
BAZ1A	bromodomain adjacent to zinc finger domain 1A [Source:HGNC Symbol;Acc:HGNC:960]	0.76533484	
PPP1R16B	protein phosphatase 1 regulatory subunit 16B [Source:HGNC Symbol;Acc:HGNC:15850]	0.7606597	
TPI1	triosephosphate isomerase 1 [Source:HGNC Symbol;Acc:HGNC:12009]	0.7594794	
CYFIP1	cytoplasmic FMR1 interacting protein 1 [Source:HGNC Symbol;Acc:HGNC:13759]	0.75857884	
TTC39B	tetratricopeptide repeat domain 39B [Source:HGNC Symbol;Acc:HGNC:23704]	0.7580871	
TRAF1	TNF receptor associated factor 1 [Source:HGNC Symbol;Acc:HGNC:12031]	0.75750566	
IKZF2	IKAROS family zinc finger 2 [Source:HGNC Symbol;Acc:HGNC:13177]	0.7571717	
TMSB10	thymosin beta 10 [Source:HGNC Symbol;Acc:HGNC:11879]	0.7563334	
SSR4	signal sequence receptor subunit 4 [Source:HGNC Symbol;Acc:HGNC:11326]	0.7553495	
CHP1	calcineurin like EF-hand protein 1 [Source:HGNC Symbol;Acc:HGNC:17433]	0.754992	
CERK	ceramide kinase [Source:HGNC Symbol;Acc:HGNC:19256]	0.75338435	
MPC1	mitochondrial pyruvate carrier 1 [Source:HGNC Symbol;Acc:HGNC:21606]	0.7499347	
EHD4	EH domain containing 4 [Source:HGNC Symbol;Acc:HGNC:3245]	0.74986714	
CMIP	c-Maf inducing protein [Source:HGNC Symbol;Acc:HGNC:24319]	0.74932015	
SH2D2A	SH2 domain containing 2A [Source:HGNC Symbol;Acc:HGNC:10821]	0.745232	
CLASP2	cytoplasmic linker associated protein 2 [Source:HGNC Symbol;Acc:HGNC:17078]	0.7433319	
ATL3	atlastin GTPase 3 [Source:HGNC Symbol;Acc:HGNC:24526]	0.74282813	
PPP1CC	protein phosphatase 1 catalytic subunit gamma [Source:HGNC Symbol;Acc:HGNC:9283]	0.74036795	
AREG	amphiregulin [Source:HGNC Symbol;Acc:HGNC:651]	0.7402839	
SYTL3	synaptotagmin like 3 [Source:HGNC Symbol;Acc:HGNC:15587]	0.73530686	
LRRFIP2	LRR binding FLII interacting protein 2 [Source:HGNC Symbol;Acc:HGNC:6703]	0.73499864	
ATP5IF1	ATP synthase inhibitory factor subunit 1 [Source:HGNC Symbol;Acc:HGNC:871]	0.73281395	
IL1R1	interleukin 1 receptor type 1 [Source:HGNC Symbol;Acc:HGNC:5993]	0.7318655	
RAET1L	retinoic acid early transcript 1L [Source:HGNC Symbol;Acc:HGNC:16798]	0.7279862	
SLC35D1	solute carrier family 35 member D1 [Source:HGNC Symbol;Acc:HGNC:20800]	0.72508425	
VAX2	ventral anterior homeobox 2 [Source:HGNC Symbol;Acc:HGNC:12661]	0.72444254	
MSI2	musashi RNA binding protein 2 [Source:HGNC Symbol;Acc:HGNC:18585]	0.7214545	
MYL6	myosin light chain 6 [Source:HGNC Symbol;Acc:HGNC:7587]	0.7196341	
LPXN	leupaxin [Source:HGNC Symbol;Acc:HGNC:14061]	0.7177181	
IL1R2	interleukin 1 receptor type 2 [Source:HGNC Symbol;Acc:HGNC:5994]	0.7121596	
PDCD1LG2	programmed cell death 1 ligand 2 [Source:HGNC Symbol;Acc:HGNC:18731]	0.71179336	
SLC25A3	solute carrier family 25 member 3 [Source:HGNC Symbol;Acc:HGNC:10989]	0.70908904	
RRBP1	ribosome binding protein 1 [Source:HGNC Symbol;Acc:HGNC:10448]	0.7086432	
TMEM256	transmembrane protein 256 [Source:HGNC Symbol;Acc:HGNC:28618]	0.7078843	
HSPA4L	heat shock protein family A (Hsp70) member 4 like [Source:HGNC Symbol;Acc:HGNC:17041]	0.7078084	
NFAT5	nuclear factor of activated T cells 5 [Source:HGNC Symbol;Acc:HGNC:7774]	0.70372397	
CLINT1	clathrin interactor 1 [Source:HGNC Symbol;Acc:HGNC:23186]	0.70350546	
SLC29A1	solute carrier family 29 member 1 (Augustine blood group) [Source:HGNC Symbol;Acc:HGNC:11003]	0.7026102	
CSTB	cystatin B [Source:HGNC Symbol;Acc:HGNC:2482]	0.7013886	
UBL5	ubiquitin like 5 [Source:HGNC Symbol;Acc:HGNC:13736]	0.6986643	
GSTP1	glutathione S-transferase pi 1 [Source:HGNC Symbol;Acc:HGNC:4638]	0.6986129	
SH2D1A	SH2 domain containing 1A [Source:HGNC Symbol;Acc:HGNC:10820]	0.6975376	
CD81	CD81 molecule [Source:HGNC Symbol;Acc:HGNC:1701]	0.69741935	
SPN	sialophorin [Source:HGNC Symbol;Acc:HGNC:11249]	0.69437164	
IER5L	immediate early response 5 like [Source:HGNC Symbol;Acc:HGNC:23679]	0.694182	
TNFRSF18	TNF receptor superfamily member 18 [Source:HGNC Symbol;Acc:HGNC:11914]	0.6937747	
OTUD7B	OTU deubiquitinase 7B [Source:HGNC Symbol;Acc:HGNC:16683]	0.69369394	
SFR1	SWI5 dependent homologous recombination repair protein 1 [Source:HGNC Symbol;Acc:HGNC:29574]	0.69334185	
CRLF2	cytokine receptor like factor 2 [Source:HGNC Symbol;Acc:HGNC:14281]	0.69155216	
UBE2Q2	ubiquitin conjugating enzyme E2 Q2 [Source:HGNC Symbol;Acc:HGNC:19248]	0.6908612	
ATP5MK	ATP synthase membrane subunit k [Source:HGNC Symbol;Acc:HGNC:30889]	0.6888307	
ST3GAL3	ST3 beta-galactoside alpha-2,3-sialyltransferase 3 [Source:HGNC Symbol;Acc:HGNC:10866]	0.688629	
ACSBG1	acyl-CoA synthetase bubblegum family member 1 [Source:HGNC Symbol;Acc:HGNC:29567]	0.68765026	
EMP1	epithelial membrane protein 1 [Source:HGNC Symbol;Acc:HGNC:3333]	0.687353	
KRAS	KRAS proto-oncogene, GTPase [Source:HGNC Symbol;Acc:HGNC:6407]	0.68702406	
TAGLN2	transgelin 2 [Source:HGNC Symbol;Acc:HGNC:11554]	0.68700975	
BTG2	BTG anti-proliferation factor 2 [Source:HGNC Symbol;Acc:HGNC:1131]	0.68536824	
ZAP70	zeta chain of T cell receptor associated protein kinase 70 [Source:HGNC Symbol;Acc:HGNC:12858]	0.6845307	
PTPN1	protein tyrosine phosphatase non-receptor type 1 [Source:HGNC Symbol;Acc:HGNC:9642]	0.6841637	
SELENOS	selenoprotein S [Source:HGNC Symbol;Acc:HGNC:30396]	0.68262696	
TJP2	tight junction protein 2 [Source:HGNC Symbol;Acc:HGNC:11828]	0.68227494	
CERT1	ceramide transporter 1 [Source:HGNC Symbol;Acc:HGNC:2205]	0.68195295	
AHR	aryl hydrocarbon receptor [Source:HGNC Symbol;Acc:HGNC:348]	0.6800928	
FXYD5	FXYD domain containing ion transport regulator 5 [Source:HGNC Symbol;Acc:HGNC:4029]	0.680018	
SUSD3	sushi domain containing 3 [Source:HGNC Symbol;Acc:HGNC:28391]	0.6798507	
P2RX7	purinergic receptor P2X 7 [Source:HGNC Symbol;Acc:HGNC:8537]	0.6791683	
FBXO11	F-box protein 11 [Source:HGNC Symbol;Acc:HGNC:13590]	0.67762715	
ARHGAP26	Rho GTPase activating protein 26 [Source:HGNC Symbol;Acc:HGNC:17073]	0.6748339	
CHSY1	chondroitin sulfate synthase 1 [Source:HGNC Symbol;Acc:HGNC:17198]	0.6745616	
GNB2	G protein subunit beta 2 [Source:HGNC Symbol;Acc:HGNC:4398]	0.6744684	
SLC1A5	solute carrier family 1 member 5 [Source:HGNC Symbol;Acc:HGNC:10943]	0.67442733	
CERS4	ceramide synthase 4 [Source:HGNC Symbol;Acc:HGNC:23747]	0.67361975	
HOMER1	homer scaffold protein 1 [Source:HGNC Symbol;Acc:HGNC:17512]	0.67307776	
EHD1	EH domain containing 1 [Source:HGNC Symbol;Acc:HGNC:3242]	0.67305535	
CDK6	cyclin dependent kinase 6 [Source:HGNC Symbol;Acc:HGNC:1777]	0.6695983	
GNAI2	G protein subunit alpha i2 [Source:HGNC Symbol;Acc:HGNC:4385]	0.66879475	
KLF4	KLF transcription factor 4 [Source:HGNC Symbol;Acc:HGNC:6348]	0.6686713	
ZMIZ1	zinc finger MIZ-type containing 1 [Source:HGNC Symbol;Acc:HGNC:16493]	0.66668683	
CD101	CD101 molecule [Source:HGNC Symbol;Acc:HGNC:5949]	0.66432744	
ATAD2	ATPase family AAA domain containing 2 [Source:HGNC Symbol;Acc:HGNC:30123]	0.6637129	
ATP5F1E	ATP synthase F1 subunit epsilon [Source:HGNC Symbol;Acc:HGNC:838]	0.6636764	
SIK1	salt inducible kinase 1 [Source:HGNC Symbol;Acc:HGNC:11142]	0.6636091	
LTA	lymphotoxin alpha [Source:HGNC Symbol;Acc:HGNC:6709]	0.6632083	
UBB	ubiquitin B [Source:HGNC Symbol;Acc:HGNC:12463]	0.6622284	
COTL1	coactosin like F-actin binding protein 1 [Source:HGNC Symbol;Acc:HGNC:18304]	0.6622113	
SYT11	synaptotagmin 11 [Source:HGNC Symbol;Acc:HGNC:19239]	0.6598766	
COX5B	cytochrome c oxidase subunit 5B [Source:HGNC Symbol;Acc:HGNC:2269]	0.65882164	
CCDC28B	coiled-coil domain containing 28B [Source:HGNC Symbol;Acc:HGNC:28163]	0.6570564	
BMPR2	bone morphogenetic protein receptor type 2 [Source:HGNC Symbol;Acc:HGNC:1078]	0.6539857	
PDE4B	phosphodiesterase 4B [Source:HGNC Symbol;Acc:HGNC:8781]	0.65049326	
NFIL3	nuclear factor, interleukin 3 regulated [Source:HGNC Symbol;Acc:HGNC:7787]	0.64996356	
C15orf48	chromosome 15 open reading frame 48 [Source:HGNC Symbol;Acc:HGNC:29898]	0.6493422	
CSNK1G3	casein kinase 1 gamma 3 [Source:HGNC Symbol;Acc:HGNC:2456]	0.6475675	
GPR132	G protein-coupled receptor 132 [Source:HGNC Symbol;Acc:HGNC:17482]	0.6475561	
IL18RAP	interleukin 18 receptor accessory protein [Source:HGNC Symbol;Acc:HGNC:5989]	0.64622855	
DR1	down-regulator of transcription 1 [Source:HGNC Symbol;Acc:HGNC:3017]	0.646221	
PTPRS	protein tyrosine phosphatase receptor type S [Source:HGNC Symbol;Acc:HGNC:9681]	0.6433561	
SERF2	small EDRK-rich factor 2 [Source:HGNC Symbol;Acc:HGNC:10757]	0.64285666	
SEC61G	SEC61 translocon subunit gamma [Source:HGNC Symbol;Acc:HGNC:18277]	0.6425903	
ATP10A	ATPase phospholipid transporting 10A (putative) [Source:HGNC Symbol;Acc:HGNC:13542]	0.6417071	
BATF	basic leucine zipper ATF-like transcription factor [Source:HGNC Symbol;Acc:HGNC:958]	0.6404656	
TG	thyroglobulin [Source:HGNC Symbol;Acc:HGNC:11764]	0.6382298	
COX6B1	cytochrome c oxidase subunit 6B1 [Source:HGNC Symbol;Acc:HGNC:2280]	0.6372354	
SCYL2	SCY1 like pseudokinase 2 [Source:HGNC Symbol;Acc:HGNC:19286]	0.6367668	
XYLT1	xylosyltransferase 1 [Source:HGNC Symbol;Acc:HGNC:15516]	0.6366174	
ATP2B1	ATPase plasma membrane Ca2+ transporting 1 [Source:HGNC Symbol;Acc:HGNC:814]	0.6360337	
FAM20A	FAM20A golgi associated secretory pathway pseudokinase [Source:HGNC Symbol;Acc:HGNC:23015]	0.6345256	
ATF6	activating transcription factor 6 [Source:HGNC Symbol;Acc:HGNC:791]	0.634109	
RGCC	regulator of cell cycle [Source:HGNC Symbol;Acc:HGNC:20369]	0.63117796	
IRS2	insulin receptor substrate 2 [Source:HGNC Symbol;Acc:HGNC:6126]	0.6295464	
ZFAND5	zinc finger AN1-type containing 5 [Source:HGNC Symbol;Acc:HGNC:13008]	0.6285549	
DST	dystonin [Source:HGNC Symbol;Acc:HGNC:1090]	0.6284161	
MXD4	MAX dimerization protein 4 [Source:HGNC Symbol;Acc:HGNC:13906]	0.6283059	
CDC25B	cell division cycle 25B [Source:HGNC Symbol;Acc:HGNC:1726]	0.62749946	
HMGB1	high mobility group box 1 [Source:HGNC Symbol;Acc:HGNC:4983]	0.62595546	
HNRNPLL	heterogeneous nuclear ribonucleoprotein L like [Source:HGNC Symbol;Acc:HGNC:25127]	0.6242513	
MCM6	minichromosome maintenance complex component 6 [Source:HGNC Symbol;Acc:HGNC:6949]	0.6224905	
PGAM1	phosphoglycerate mutase 1 [Source:HGNC Symbol;Acc:HGNC:8888]	0.62223935	
CMTM7	CKLF like MARVEL transmembrane domain containing 7 [Source:HGNC Symbol;Acc:HGNC:19178]	0.62164587	
CST3	cystatin C [Source:HGNC Symbol;Acc:HGNC:2475]	0.6181098	
CWC25	CWC25 spliceosome associated protein homolog [Source:HGNC Symbol;Acc:HGNC:25989]	0.6180927	
BAG1	BAG cochaperone 1 [Source:HGNC Symbol;Acc:HGNC:937]	0.61531353	
TSHZ2	teashirt zinc finger homeobox 2 [Source:HGNC Symbol;Acc:HGNC:13010]	0.6150018	
CORO2A	coronin 2A [Source:HGNC Symbol;Acc:HGNC:2255]	0.6108762	
MAPRE2	microtubule associated protein RP/EB family member 2 [Source:HGNC Symbol;Acc:HGNC:6891]	0.6077962	
IRF4	interferon regulatory factor 4 [Source:HGNC Symbol;Acc:HGNC:6119]	0.6059618	
HMGB2	high mobility group box 2 [Source:HGNC Symbol;Acc:HGNC:5000]	0.60572773	
ANGPTL2	angiopoietin like 2 [Source:HGNC Symbol;Acc:HGNC:490]	0.6052528	
FAM162A	family with sequence similarity 162 member A [Source:HGNC Symbol;Acc:HGNC:17865]	0.6039434	
ATOX1	antioxidant 1 copper chaperone [Source:HGNC Symbol;Acc:HGNC:798]	0.6034801	
HIVEP2	HIVEP zinc finger 2 [Source:HGNC Symbol;Acc:HGNC:4921]	0.60249394	
PHLDA1	pleckstrin homology like domain family A member 1 [Source:HGNC Symbol;Acc:HGNC:8933]	0.6016914	
ECH1	enoyl-CoA hydratase 1 [Source:HGNC Symbol;Acc:HGNC:3149]	0.6016762	
CTSD	cathepsin D [Source:HGNC Symbol;Acc:HGNC:2529]	0.6001946	
PPP2R3A	protein phosphatase 2 regulatory subunit B''alpha [Source:HGNC Symbol;Acc:HGNC:9307]	0.59927386	
ARL6IP1	ADP ribosylation factor like GTPase 6 interacting protein 1 [Source:HGNC Symbol;Acc:HGNC:697]	0.5988778	
RAC2	Rac family small GTPase 2 [Source:HGNC Symbol;Acc:HGNC:9802]	0.5981898	
TSPAN3	tetraspanin 3 [Source:HGNC Symbol;Acc:HGNC:17752]	0.59809077	
KCNQ5	potassium voltage-gated channel subfamily Q member 5 [Source:HGNC Symbol;Acc:HGNC:6299]	0.59647644	
MXD1	MAX dimerization protein 1 [Source:HGNC Symbol;Acc:HGNC:6761]	0.59625983	
PPFIBP1	PPFIA binding protein 1 [Source:HGNC Symbol;Acc:HGNC:9249]	0.59380674	
NUCB1	nucleobindin 1 [Source:HGNC Symbol;Acc:HGNC:8043]	0.59358764	
TSPO	translocator protein [Source:HGNC Symbol;Acc:HGNC:1158]	0.5934446	
NSMAF	neutral sphingomyelinase activation associated factor [Source:HGNC Symbol;Acc:HGNC:8017]	0.5928456	
SMARCA5	SWI/SNF related, matrix associated, actin dependent regulator of chromatin, subfamily a, member 5 [Source:HGNC Symbol;Acc:HGNC:11101]	0.5924342	
PRELID1	PRELI domain containing 1 [Source:HGNC Symbol;Acc:HGNC:30255]	0.59094197	
ZYX	zyxin [Source:HGNC Symbol;Acc:HGNC:13200]	0.58983856	
ELOB	elongin B [Source:HGNC Symbol;Acc:HGNC:11619]	0.5896595	
ATP5MG	ATP synthase membrane subunit g [Source:HGNC Symbol;Acc:HGNC:14247]	0.58942807	
DGKZ	diacylglycerol kinase zeta [Source:HGNC Symbol;Acc:HGNC:2857]	0.58833575	
EIF3H	eukaryotic translation initiation factor 3 subunit H [Source:HGNC Symbol;Acc:HGNC:3273]	0.58746725	
PKM	pyruvate kinase M1/2 [Source:HGNC Symbol;Acc:HGNC:9021]	0.58667487	
WDR26	WD repeat domain 26 [Source:HGNC Symbol;Acc:HGNC:21208]	0.5858321	
CXCR6	C-X-C motif chemokine receptor 6 [Source:HGNC Symbol;Acc:HGNC:16647]	0.5853632	
UNC119B	unc-119 lipid binding chaperone B [Source:HGNC Symbol;Acc:HGNC:16488]	0.5851419	
DTL	denticleless E3 ubiquitin protein ligase homolog [Source:HGNC Symbol;Acc:HGNC:30288]	0.584651	
AKT3	AKT serine/threonine kinase 3 [Source:HGNC Symbol;Acc:HGNC:393]	0.5846336	
PTPN3	protein tyrosine phosphatase non-receptor type 3 [Source:HGNC Symbol;Acc:HGNC:9655]	0.58397466	
CEP112	centrosomal protein 112 [Source:HGNC Symbol;Acc:HGNC:28514]	0.5837241	
WSB1	WD repeat and SOCS box containing 1 [Source:HGNC Symbol;Acc:HGNC:19221]	0.58286357	
UQCR10	ubiquinol-cytochrome c reductase, complex III subunit X [Source:HGNC Symbol;Acc:HGNC:30863]	0.5824042	
HIP1R	huntingtin interacting protein 1 related [Source:HGNC Symbol;Acc:HGNC:18415]	0.5808478	
PTGER2	prostaglandin E receptor 2 [Source:HGNC Symbol;Acc:HGNC:9594]	0.57835144	
HCST	hematopoietic cell signal transducer [Source:HGNC Symbol;Acc:HGNC:16977]	0.5781011	
UNC119	unc-119 lipid binding chaperone [Source:HGNC Symbol;Acc:HGNC:12565]	0.57594687	
PLOD2	procollagen-lysine,2-oxoglutarate 5-dioxygenase 2 [Source:HGNC Symbol;Acc:HGNC:9082]	0.57582283	
SESTD1	SEC14 and spectrin domain containing 1 [Source:HGNC Symbol;Acc:HGNC:18379]	0.57414675	
GIMAP5	GTPase, IMAP family member 5 [Source:HGNC Symbol;Acc:HGNC:18005]	0.57393074	
UBR5	ubiquitin protein ligase E3 component n-recognin 5 [Source:HGNC Symbol;Acc:HGNC:16806]	0.57380503	
IKZF3	IKAROS family zinc finger 3 [Source:HGNC Symbol;Acc:HGNC:13178]	0.5721547	
SH3BGRL3	SH3 domain binding glutamate rich protein like 3 [Source:HGNC Symbol;Acc:HGNC:15568]	0.5720661	
UQCRH	ubiquinol-cytochrome c reductase hinge protein [Source:HGNC Symbol;Acc:HGNC:12590]	0.5717607	
TNFRSF13B	TNF receptor superfamily member 13B [Source:HGNC Symbol;Acc:HGNC:18153]	0.5709664	
P2RY10	P2Y receptor family member 10 [Source:HGNC Symbol;Acc:HGNC:19906]	0.57085496	
AP3B1	adaptor related protein complex 3 subunit beta 1 [Source:HGNC Symbol;Acc:HGNC:566]	0.5703107	
PRR5L	proline rich 5 like [Source:HGNC Symbol;Acc:HGNC:25878]	0.5654585	
SAT1	spermidine/spermine N1-acetyltransferase 1 [Source:HGNC Symbol;Acc:HGNC:10540]	0.56504065	
THAP12	THAP domain containing 12 [Source:HGNC Symbol;Acc:HGNC:9440]	0.5641279	
ADORA2A	adenosine A2a receptor [Source:HGNC Symbol;Acc:HGNC:263]	0.56306493	
GPX1	glutathione peroxidase 1 [Source:HGNC Symbol;Acc:HGNC:4553]	0.5629405	
LIN54	lin-54 DREAM MuvB core complex component [Source:HGNC Symbol;Acc:HGNC:25397]	0.5628439	
PAXBP1	PAX3 and PAX7 binding protein 1 [Source:HGNC Symbol;Acc:HGNC:13579]	0.5591412	
CSRNP1	cysteine and serine rich nuclear protein 1 [Source:HGNC Symbol;Acc:HGNC:14300]	0.55736417	
CD160	CD160 molecule [Source:HGNC Symbol;Acc:HGNC:17013]	0.55610335	
RELB	RELB proto-oncogene, NF-kB subunit [Source:HGNC Symbol;Acc:HGNC:9956]	0.5553515	
FHL2	four and a half LIM domains 2 [Source:HGNC Symbol;Acc:HGNC:3703]	0.5535481	
SLC15A3	solute carrier family 15 member 3 [Source:HGNC Symbol;Acc:HGNC:18068]	0.5510822	
PLEKHA2	pleckstrin homology domain containing A2 [Source:HGNC Symbol;Acc:HGNC:14336]	0.55059755	
LINC-PINT	long intergenic non-protein coding RNA, p53 induced transcript [Source:HGNC Symbol;Acc:HGNC:26885]	0.55017334	
TNFAIP8	TNF alpha induced protein 8 [Source:HGNC Symbol;Acc:HGNC:17260]	0.5498175	
CDKN1A	cyclin dependent kinase inhibitor 1A [Source:HGNC Symbol;Acc:HGNC:1784]	0.5490146	
CD3E	CD3 epsilon subunit of T-cell receptor complex [Source:HGNC Symbol;Acc:HGNC:1674]	0.5471378	
NF1	neurofibromin 1 [Source:HGNC Symbol;Acc:HGNC:7765]	0.5463047	
CIRBP	cold inducible RNA binding protein [Source:HGNC Symbol;Acc:HGNC:1982]	0.544958	
TSPAN2	tetraspanin 2 [Source:HGNC Symbol;Acc:HGNC:20659]	0.54477775	
PGLYRP1	peptidoglycan recognition protein 1 [Source:HGNC Symbol;Acc:HGNC:8904]	0.5445854	
ZFPM1	zinc finger protein, FOG family member 1 [Source:HGNC Symbol;Acc:HGNC:19762]	0.5445051	
POU2F2	POU class 2 homeobox 2 [Source:HGNC Symbol;Acc:HGNC:9213]	0.54318273	
AP1S2	adaptor related protein complex 1 subunit sigma 2 [Source:HGNC Symbol;Acc:HGNC:560]	0.5429051	
ATP5ME	ATP synthase membrane subunit e [Source:HGNC Symbol;Acc:HGNC:846]	0.5423615	
RTN3	reticulon 3 [Source:HGNC Symbol;Acc:HGNC:10469]	0.54213566	
AP3S1	adaptor related protein complex 3 subunit sigma 1 [Source:HGNC Symbol;Acc:HGNC:2013]	0.541187	
HECW2	HECT, C2 and WW domain containing E3 ubiquitin protein ligase 2 [Source:HGNC Symbol;Acc:HGNC:29853]	0.5394399	
FTL	ferritin light chain [Source:HGNC Symbol;Acc:HGNC:3999]	0.5393566	
MAST4	microtubule associated serine/threonine kinase family member 4 [Source:HGNC Symbol;Acc:HGNC:19037]	0.5389893	
ERN1	endoplasmic reticulum to nucleus signaling 1 [Source:HGNC Symbol;Acc:HGNC:3449]	0.5378213	
DUT	deoxyuridine triphosphatase [Source:HGNC Symbol;Acc:HGNC:3078]	0.5362317	
UBC	ubiquitin C [Source:HGNC Symbol;Acc:HGNC:12468]	0.5361112	
CD4	CD4 molecule [Source:HGNC Symbol;Acc:HGNC:1678]	0.5361073	
PCSK1	proprotein convertase subtilisin/kexin type 1 [Source:HGNC Symbol;Acc:HGNC:8743]	0.53482515	
ARF5	ADP ribosylation factor 5 [Source:HGNC Symbol;Acc:HGNC:658]	0.5334185	
COMT	catechol-O-methyltransferase [Source:HGNC Symbol;Acc:HGNC:2228]	0.52997434	
CHST2	carbohydrate sulfotransferase 2 [Source:HGNC Symbol;Acc:HGNC:1970]	0.5298711	
RORC	RAR related orphan receptor C [Source:HGNC Symbol;Acc:HGNC:10260]	0.52983516	
CASP3	caspase 3 [Source:HGNC Symbol;Acc:HGNC:1504]	0.52955526	
NDUFB1	NADH:ubiquinone oxidoreductase subunit B1 [Source:HGNC Symbol;Acc:HGNC:7695]	0.5284287	
BBLN	bublin coiled coil protein [Source:HGNC Symbol;Acc:HGNC:17823]	0.52749056	
CRTAM	cytotoxic and regulatory T cell molecule [Source:HGNC Symbol;Acc:HGNC:24313]	0.52417463	
CLIC4	chloride intracellular channel 4 [Source:HGNC Symbol;Acc:HGNC:13518]	0.5238007	
FGF2	fibroblast growth factor 2 [Source:HGNC Symbol;Acc:HGNC:3676]	0.5237774	
GABARAP	GABA type A receptor-associated protein [Source:HGNC Symbol;Acc:HGNC:4067]	0.5235888	
SERPINB1	serpin family B member 1 [Source:HGNC Symbol;Acc:HGNC:3311]	0.52334905	
CLIC1	chloride intracellular channel 1 [Source:HGNC Symbol;Acc:HGNC:2062]	0.52281636	
UBE2M	ubiquitin conjugating enzyme E2 M [Source:HGNC Symbol;Acc:HGNC:12491]	0.52254754	
CALM2	calmodulin 2 [Source:HGNC Symbol;Acc:HGNC:1445]	0.5223458	
CD38	CD38 molecule [Source:HGNC Symbol;Acc:HGNC:1667]	0.5218601	
OGT	O-linked N-acetylglucosamine (GlcNAc) transferase [Source:HGNC Symbol;Acc:HGNC:8127]	0.52094525	
RPL38	ribosomal protein L38 [Source:HGNC Symbol;Acc:HGNC:10349]	0.5202556	
MAPKAPK2	MAPK activated protein kinase 2 [Source:HGNC Symbol;Acc:HGNC:6887]	0.52013725	
PKP4	plakophilin 4 [Source:HGNC Symbol;Acc:HGNC:9026]	0.52011585	
APRT	adenine phosphoribosyltransferase [Source:HGNC Symbol;Acc:HGNC:626]	0.5183518	
GRIK4	glutamate ionotropic receptor kainate type subunit 4 [Source:HGNC Symbol;Acc:HGNC:4582]	0.51819515	
HILPDA	hypoxia inducible lipid droplet associated [Source:HGNC Symbol;Acc:HGNC:28859]	0.5176273	
MRPL52	mitochondrial ribosomal protein L52 [Source:HGNC Symbol;Acc:HGNC:16655]	0.51647246	
ATP5F1D	ATP synthase F1 subunit delta [Source:HGNC Symbol;Acc:HGNC:837]	0.5163393	
CDK11B	cyclin dependent kinase 11B [Source:HGNC Symbol;Acc:HGNC:1729]	0.5158172	
AFF1	ALF transcription elongation factor 1 [Source:HGNC Symbol;Acc:HGNC:7135]	0.51577985	
SGMS1	sphingomyelin synthase 1 [Source:HGNC Symbol;Acc:HGNC:29799]	0.514457	
MIF4GD	MIF4G domain containing [Source:HGNC Symbol;Acc:HGNC:24030]	0.51424575	
CTNNA1	catenin alpha 1 [Source:HGNC Symbol;Acc:HGNC:2509]	0.5120321	
EIF1	eukaryotic translation initiation factor 1 [Source:HGNC Symbol;Acc:HGNC:3249]	0.5111425	
ACVR2A	activin A receptor type 2A [Source:HGNC Symbol;Acc:HGNC:173]	0.5110679	
HINT1	histidine triad nucleotide binding protein 1 [Source:HGNC Symbol;Acc:HGNC:4912]	0.5109695	
HCLS1	hematopoietic cell-specific Lyn substrate 1 [Source:HGNC Symbol;Acc:HGNC:4844]	0.5105724	
STAT5B	signal transducer and activator of transcription 5B [Source:HGNC Symbol;Acc:HGNC:11367]	0.51043457	
PPP1CA	protein phosphatase 1 catalytic subunit alpha [Source:HGNC Symbol;Acc:HGNC:9281]	0.510338	
SEC11C	SEC11 homolog C, signal peptidase complex subunit [Source:HGNC Symbol;Acc:HGNC:23400]	0.5100821	
ALDOA	aldolase, fructose-bisphosphate A [Source:HGNC Symbol;Acc:HGNC:414]	0.5097396	
GRINA	glutamate ionotropic receptor NMDA type subunit associated protein 1 [Source:HGNC Symbol;Acc:HGNC:4589]	0.50924975	
SDCBP2	syndecan binding protein 2 [Source:HGNC Symbol;Acc:HGNC:15756]	0.505972	
PHF6	PHD finger protein 6 [Source:HGNC Symbol;Acc:HGNC:18145]	0.5044397	
TCF4	transcription factor 4 [Source:HGNC Symbol;Acc:HGNC:11634]	0.50285476	
CARD19	caspase recruitment domain family member 19 [Source:HGNC Symbol;Acc:HGNC:28148]	0.50218755	
PBX3	PBX homeobox 3 [Source:HGNC Symbol;Acc:HGNC:8634]	0.501673	
GYPC	glycophorin C (Gerbich blood group) [Source:HGNC Symbol;Acc:HGNC:4704]	0.50057155	
SIRT2	sirtuin 2 [Source:HGNC Symbol;Acc:HGNC:10886]	0.50050837	
GLDC	glycine decarboxylase [Source:HGNC Symbol;Acc:HGNC:4313]	0.50046754	
WNK1	WNK lysine deficient protein kinase 1 [Source:HGNC Symbol;Acc:HGNC:14540]	0.49950206	
TET2	tet methylcytosine dioxygenase 2 [Source:HGNC Symbol;Acc:HGNC:25941]	0.49897867	
ADAM19	ADAM metallopeptidase domain 19 [Source:HGNC Symbol;Acc:HGNC:197]	0.49852204	
CPM	carboxypeptidase M [Source:HGNC Symbol;Acc:HGNC:2311]	0.49839088	
GOT1	glutamic-oxaloacetic transaminase 1 [Source:HGNC Symbol;Acc:HGNC:4432]	0.49592128	
CYTH3	cytohesin 3 [Source:HGNC Symbol;Acc:HGNC:9504]	0.49553257	
CEMIP2	cell migration inducing hyaluronidase 2 [Source:HGNC Symbol;Acc:HGNC:11869]	0.49486858	
HPCAL1	hippocalcin like 1 [Source:HGNC Symbol;Acc:HGNC:5145]	0.49481487	
RAD51B	RAD51 paralog B [Source:HGNC Symbol;Acc:HGNC:9822]	0.49355686	
COX7A2	cytochrome c oxidase subunit 7A2 [Source:HGNC Symbol;Acc:HGNC:2288]	0.49318	
SLC25A24	solute carrier family 25 member 24 [Source:HGNC Symbol;Acc:HGNC:20662]	0.49173892	
BRAF	B-Raf proto-oncogene, serine/threonine kinase [Source:HGNC Symbol;Acc:HGNC:1097]	0.49153525	
ATP5MF	ATP synthase membrane subunit f [Source:HGNC Symbol;Acc:HGNC:848]	0.49120116	
SLC25A4	solute carrier family 25 member 4 [Source:HGNC Symbol;Acc:HGNC:10990]	0.49097916	
HADHA	hydroxyacyl-CoA dehydrogenase trifunctional multienzyme complex subunit alpha [Source:HGNC Symbol;Acc:HGNC:4801]	0.49063462	
VASP	vasodilator stimulated phosphoprotein [Source:HGNC Symbol;Acc:HGNC:12652]	0.4906228	
CST7	cystatin F [Source:HGNC Symbol;Acc:HGNC:2479]	0.48968747	
SNRPG	small nuclear ribonucleoprotein polypeptide G [Source:HGNC Symbol;Acc:HGNC:11163]	0.4896806	
POLD4	DNA polymerase delta 4, accessory subunit [Source:HGNC Symbol;Acc:HGNC:14106]	0.48960543	
ETV6	ETS variant transcription factor 6 [Source:HGNC Symbol;Acc:HGNC:3495]	0.4890763	
HMOX2	heme oxygenase 2 [Source:HGNC Symbol;Acc:HGNC:5014]	0.48734215	
ATP6V0C	ATPase H+ transporting V0 subunit c [Source:HGNC Symbol;Acc:HGNC:855]	0.48688576	
TNF	tumor necrosis factor [Source:HGNC Symbol;Acc:HGNC:11892]	0.48650488	
MFSD14A	major facilitator superfamily domain containing 14A [Source:HGNC Symbol;Acc:HGNC:23363]	0.48601022	
WDFY1	WD repeat and FYVE domain containing 1 [Source:HGNC Symbol;Acc:HGNC:20451]	0.48550385	
UBALD2	UBA like domain containing 2 [Source:HGNC Symbol;Acc:HGNC:28438]	0.4852314	
GALM	galactose mutarotase [Source:HGNC Symbol;Acc:HGNC:24063]	0.48447776	
B3GNT2	UDP-GlcNAc:betaGal beta-1,3-N-acetylglucosaminyltransferase 2 [Source:HGNC Symbol;Acc:HGNC:15629]	0.48377964	
GABARAPL2	GABA type A receptor associated protein like 2 [Source:HGNC Symbol;Acc:HGNC:13291]	0.4829979	
MAP1LC3B2	microtubule associated protein 1 light chain 3 beta 2 [Source:HGNC Symbol;Acc:HGNC:34390]	0.48298174	
FNDC3A	fibronectin type III domain containing 3A [Source:HGNC Symbol;Acc:HGNC:20296]	0.48296723	
PSMD8	proteasome 26S subunit, non-ATPase 8 [Source:HGNC Symbol;Acc:HGNC:9566]	0.4827845	
B4GALT1	beta-1,4-galactosyltransferase 1 [Source:HGNC Symbol;Acc:HGNC:924]	0.4825772	
STK24	serine/threonine kinase 24 [Source:HGNC Symbol;Acc:HGNC:11403]	0.48073426	
SMIM3	small integral membrane protein 3 [Source:HGNC Symbol;Acc:HGNC:30248]	0.47992972	
BCL7C	BAF chromatin remodeling complex subunit BCL7C [Source:HGNC Symbol;Acc:HGNC:1006]	0.47983202	
YBX1	Y-box binding protein 1 [Source:HGNC Symbol;Acc:HGNC:8014]	0.47978917	
NDUFB8	NADH:ubiquinone oxidoreductase subunit B8 [Source:HGNC Symbol;Acc:HGNC:7703]	0.47928718	
KDM6B	lysine demethylase 6B [Source:HGNC Symbol;Acc:HGNC:29012]	0.4790776	
ITGA3	integrin subunit alpha 3 [Source:HGNC Symbol;Acc:HGNC:6139]	0.47870904	
MARCKSL1	MARCKS like 1 [Source:HGNC Symbol;Acc:HGNC:7142]	0.47812864	
DHRS3	dehydrogenase/reductase 3 [Source:HGNC Symbol;Acc:HGNC:17693]	0.47778428	
APAF1	apoptotic peptidase activating factor 1 [Source:HGNC Symbol;Acc:HGNC:576]	0.47771248	
BCL6	BCL6 transcription repressor [Source:HGNC Symbol;Acc:HGNC:1001]	0.4776784	
BCLAF3	BCLAF1 and THRAP3 family member 3 [Source:HGNC Symbol;Acc:HGNC:27413]	0.477219	
ATP5MJ	ATP synthase membrane subunit j [Source:HGNC Symbol;Acc:HGNC:1188]	0.4766183	
LNX2	ligand of numb-protein X 2 [Source:HGNC Symbol;Acc:HGNC:20421]	0.47661737	
THY1	Thy-1 cell surface antigen [Source:HGNC Symbol;Acc:HGNC:11801]	0.47617984	
KLRD1	killer cell lectin like receptor D1 [Source:HGNC Symbol;Acc:HGNC:6378]	0.47450793	
DAP	death associated protein [Source:HGNC Symbol;Acc:HGNC:2672]	0.4743997	
CARNMT1	carnosine N-methyltransferase 1 [Source:HGNC Symbol;Acc:HGNC:23435]	0.47368425	
ATXN7L1	ataxin 7 like 1 [Source:HGNC Symbol;Acc:HGNC:22210]	0.47331673	
SQSTM1	sequestosome 1 [Source:HGNC Symbol;Acc:HGNC:11280]	0.4724289	
SEC61B	SEC61 translocon subunit beta [Source:HGNC Symbol;Acc:HGNC:16993]	0.47224718	
NFKBID	NFKB inhibitor delta [Source:HGNC Symbol;Acc:HGNC:15671]	0.4721717	
SOCS2	suppressor of cytokine signaling 2 [Source:HGNC Symbol;Acc:HGNC:19382]	0.47005737	
GSAP	gamma-secretase activating protein [Source:HGNC Symbol;Acc:HGNC:28042]	0.46987978	
SPOCK2	SPARC (osteonectin), cwcv and kazal like domains proteoglycan 2 [Source:HGNC Symbol;Acc:HGNC:13564]	0.4697006	
FNIP1	folliculin interacting protein 1 [Source:HGNC Symbol;Acc:HGNC:29418]	0.46958578	
CSNK2B	casein kinase 2 beta [Source:HGNC Symbol;Acc:HGNC:2460]	0.46902668	
POLR1D	RNA polymerase I and III subunit D [Source:HGNC Symbol;Acc:HGNC:20422]	0.46805334	
BMAL1	basic helix-loop-helix ARNT like 1 [Source:HGNC Symbol;Acc:HGNC:701]	0.46755534	
CHST12	carbohydrate sulfotransferase 12 [Source:HGNC Symbol;Acc:HGNC:17423]	0.4671024	
GLIPR2	GLI pathogenesis related 2 [Source:HGNC Symbol;Acc:HGNC:18007]	0.46678132	
EIF5A	eukaryotic translation initiation factor 5A [Source:HGNC Symbol;Acc:HGNC:3300]	0.46610448	
NDUFA2	NADH:ubiquinone oxidoreductase subunit A2 [Source:HGNC Symbol;Acc:HGNC:7685]	0.46608064	
SLC5A3	solute carrier family 5 member 3 [Source:HGNC Symbol;Acc:HGNC:11038]	0.46592715	
EIF3C	eukaryotic translation initiation factor 3 subunit C [Source:HGNC Symbol;Acc:HGNC:3279]	0.46587417	
HOPX	HOP homeobox [Source:HGNC Symbol;Acc:HGNC:24961]	0.46570778	
LAMP2	lysosomal associated membrane protein 2 [Source:HGNC Symbol;Acc:HGNC:6501]	0.4652688	
TMEM258	transmembrane protein 258 [Source:HGNC Symbol;Acc:HGNC:1164]	0.46514952	
DGKG	diacylglycerol kinase gamma [Source:HGNC Symbol;Acc:HGNC:2853]	0.46504	
OPTN	optineurin [Source:HGNC Symbol;Acc:HGNC:17142]	0.46488902	
SYNGR2	synaptogyrin 2 [Source:HGNC Symbol;Acc:HGNC:11499]	0.46461248	
GPR160	G protein-coupled receptor 160 [Source:HGNC Symbol;Acc:HGNC:23693]	0.463625	
APLP2	amyloid beta precursor like protein 2 [Source:HGNC Symbol;Acc:HGNC:598]	0.4633253	
MACROH2A1	macroH2A.1 histone [Source:HGNC Symbol;Acc:HGNC:4740]	0.46294546	
CSNK1A1	casein kinase 1 alpha 1 [Source:HGNC Symbol;Acc:HGNC:2451]	0.46278825	
CPLANE1	ciliogenesis and planar polarity effector complex subunit 1 [Source:HGNC Symbol;Acc:HGNC:25801]	0.46261233	
DIAPH3	diaphanous related formin 3 [Source:HGNC Symbol;Acc:HGNC:15480]	0.4623796	
AXL	AXL receptor tyrosine kinase [Source:HGNC Symbol;Acc:HGNC:905]	0.46233281	
INPP4B	inositol polyphosphate-4-phosphatase type II B [Source:HGNC Symbol;Acc:HGNC:6075]	0.4619717	
SLBP	stem-loop binding protein [Source:HGNC Symbol;Acc:HGNC:10904]	0.46075	
GPM6B	glycoprotein M6B [Source:HGNC Symbol;Acc:HGNC:4461]	0.46061572	
UTY	ubiquitously transcribed tetratricopeptide repeat containing, Y-linked [Source:HGNC Symbol;Acc:HGNC:12638]	0.4602364	
PABPN1	poly(A) binding protein nuclear 1 [Source:HGNC Symbol;Acc:HGNC:8565]	0.45934212	
TWSG1	twisted gastrulation BMP signaling modulator 1 [Source:HGNC Symbol;Acc:HGNC:12429]	0.45885816	
CD5	CD5 molecule [Source:HGNC Symbol;Acc:HGNC:1685]	0.4581614	
IL23R	interleukin 23 receptor [Source:HGNC Symbol;Acc:HGNC:19100]	0.45644224	
SUB1	SUB1 regulator of transcription [Source:HGNC Symbol;Acc:HGNC:19985]	0.45457128	
TMEM64	transmembrane protein 64 [Source:HGNC Symbol;Acc:HGNC:25441]	0.4541697	
NFKBIL1	NFKB inhibitor like 1 [Source:HGNC Symbol;Acc:HGNC:7800]	0.45376945	
MIDN	midnolin [Source:HGNC Symbol;Acc:HGNC:16298]	0.45265818	
VPS29	VPS29 retromer complex component [Source:HGNC Symbol;Acc:HGNC:14340]	0.45206404	
SMDT1	single-pass membrane protein with aspartate rich tail 1 [Source:HGNC Symbol;Acc:HGNC:25055]	0.4518379	
C19orf53	chromosome 19 open reading frame 53 [Source:HGNC Symbol;Acc:HGNC:24991]	0.451545	
CELF2	CUGBP Elav-like family member 2 [Source:HGNC Symbol;Acc:HGNC:2550]	0.45014662	
PLP2	proteolipid protein 2 [Source:HGNC Symbol;Acc:HGNC:9087]	0.45008475	
ENO1	enolase 1 [Source:HGNC Symbol;Acc:HGNC:3350]	0.4497577	
PRDX6	peroxiredoxin 6 [Source:HGNC Symbol;Acc:HGNC:16753]	0.44973516	
HACD3	3-hydroxyacyl-CoA dehydratase 3 [Source:HGNC Symbol;Acc:HGNC:24175]	0.44943568	
CDK17	cyclin dependent kinase 17 [Source:HGNC Symbol;Acc:HGNC:8750]	0.44914562	
HNRNPL	heterogeneous nuclear ribonucleoprotein L [Source:HGNC Symbol;Acc:HGNC:5045]	0.44839153	
ANP32E	acidic nuclear phosphoprotein 32 family member E [Source:HGNC Symbol;Acc:HGNC:16673]	0.44833538	
NIPAL1	NIPA like domain containing 1 [Source:HGNC Symbol;Acc:HGNC:27194]	0.447733	
ZC3HAV1	zinc finger CCCH-type containing, antiviral 1 [Source:HGNC Symbol;Acc:HGNC:23721]	0.4472543	
UQCRQ	ubiquinol-cytochrome c reductase complex III subunit VII [Source:HGNC Symbol;Acc:HGNC:29594]	0.44651	
MYO1G	myosin IG [Source:HGNC Symbol;Acc:HGNC:13880]	0.44634652	
RNF157	ring finger protein 157 [Source:HGNC Symbol;Acc:HGNC:29402]	0.44549388	
BSG	basigin (Ok blood group) [Source:HGNC Symbol;Acc:HGNC:1116]	0.44540682	
SSBP4	single stranded DNA binding protein 4 [Source:HGNC Symbol;Acc:HGNC:15676]	0.4453066	
CD28	CD28 molecule [Source:HGNC Symbol;Acc:HGNC:1653]	0.44516444	
RNF10	ring finger protein 10 [Source:HGNC Symbol;Acc:HGNC:10055]	0.44488817	
RAP1A	RAP1A, member of RAS oncogene family [Source:HGNC Symbol;Acc:HGNC:9855]	0.4448027	
ABHD2	abhydrolase domain containing 2, acylglycerol lipase [Source:HGNC Symbol;Acc:HGNC:18717]	0.44474652	
MAP2K3	mitogen-activated protein kinase kinase 3 [Source:HGNC Symbol;Acc:HGNC:6843]	0.44457382	
BTBD9	BTB domain containing 9 [Source:HGNC Symbol;Acc:HGNC:21228]	0.44443285	
GOLM1	golgi membrane protein 1 [Source:HGNC Symbol;Acc:HGNC:15451]	0.44407254	
CENPA	centromere protein A [Source:HGNC Symbol;Acc:HGNC:1851]	0.44356444	
CCR4	C-C motif chemokine receptor 4 [Source:HGNC Symbol;Acc:HGNC:1605]	0.44319394	
DNAJB6	DnaJ heat shock protein family (Hsp40) member B6 [Source:HGNC Symbol;Acc:HGNC:14888]	0.4425486	
GABARAPL1	GABA type A receptor associated protein like 1 [Source:HGNC Symbol;Acc:HGNC:4068]	0.44236803	
PPME1	protein phosphatase methylesterase 1 [Source:HGNC Symbol;Acc:HGNC:30178]	0.4422794	
CDC42	cell division cycle 42 [Source:HGNC Symbol;Acc:HGNC:1736]	0.44205657	
ADAM9	ADAM metallopeptidase domain 9 [Source:HGNC Symbol;Acc:HGNC:216]	0.44197053	
ETFB	electron transfer flavoprotein subunit beta [Source:HGNC Symbol;Acc:HGNC:3482]	0.44160038	
RNF19A	ring finger protein 19A, RBR E3 ubiquitin protein ligase [Source:HGNC Symbol;Acc:HGNC:13432]	0.4412974	
RRAD	RRAD, Ras related glycolysis inhibitor and calcium channel regulator [Source:HGNC Symbol;Acc:HGNC:10446]	0.44104373	
DENND4C	DENN domain containing 4C [Source:HGNC Symbol;Acc:HGNC:26079]	0.4408753	
CHPT1	choline phosphotransferase 1 [Source:HGNC Symbol;Acc:HGNC:17852]	0.4402289	
VAMP5	vesicle associated membrane protein 5 [Source:HGNC Symbol;Acc:HGNC:12646]	0.43903637	
ABHD12	abhydrolase domain containing 12, lysophospholipase [Source:HGNC Symbol;Acc:HGNC:15868]	0.43903422	
ATP1A1	ATPase Na+/K+ transporting subunit alpha 1 [Source:HGNC Symbol;Acc:HGNC:799]	0.43845537	
ARF6	ADP ribosylation factor 6 [Source:HGNC Symbol;Acc:HGNC:659]	0.43819618	
AP2S1	adaptor related protein complex 2 subunit sigma 1 [Source:HGNC Symbol;Acc:HGNC:565]	0.43813828	
CRYBG1	crystallin beta-gamma domain containing 1 [Source:HGNC Symbol;Acc:HGNC:356]	0.43731368	
PICALM	phosphatidylinositol binding clathrin assembly protein [Source:HGNC Symbol;Acc:HGNC:15514]	0.43723562	
ATP6V1F	ATPase H+ transporting V1 subunit F [Source:HGNC Symbol;Acc:HGNC:16832]	0.43711436	
PSMB1	proteasome 20S subunit beta 1 [Source:HGNC Symbol;Acc:HGNC:9537]	0.4371065	
CSNK1D	casein kinase 1 delta [Source:HGNC Symbol;Acc:HGNC:2452]	0.43691522	
TMSB4X	thymosin beta 4 X-linked [Source:HGNC Symbol;Acc:HGNC:11881]	0.4360472	
NEAT1	nuclear paraspeckle assembly transcript 1 [Source:HGNC Symbol;Acc:HGNC:30815]	0.43566447	
CHN2	chimerin 2 [Source:HGNC Symbol;Acc:HGNC:1944]	0.43535292	
DENND5A	DENN domain containing 5A [Source:HGNC Symbol;Acc:HGNC:19344]	0.43494546	
MATK	megakaryocyte-associated tyrosine kinase [Source:HGNC Symbol;Acc:HGNC:6906]	0.43449482	
GNA15	G protein subunit alpha 15 [Source:HGNC Symbol;Acc:HGNC:4383]	0.43432838	
PPIB	peptidylprolyl isomerase B [Source:HGNC Symbol;Acc:HGNC:9255]	0.4337651	
PFDN5	prefoldin subunit 5 [Source:HGNC Symbol;Acc:HGNC:8869]	0.43364567	
BTF3	basic transcription factor 3 [Source:HGNC Symbol;Acc:HGNC:1125]	0.43361527	
PGLS	6-phosphogluconolactonase [Source:HGNC Symbol;Acc:HGNC:8903]	0.43347216	
LCP1	lymphocyte cytosolic protein 1 [Source:HGNC Symbol;Acc:HGNC:6528]	0.43325862	
ITM2C	integral membrane protein 2C [Source:HGNC Symbol;Acc:HGNC:6175]	0.4332385	
TMEM123	transmembrane protein 123 [Source:HGNC Symbol;Acc:HGNC:30138]	0.43319368	
CD3D	CD3 delta subunit of T-cell receptor complex [Source:HGNC Symbol;Acc:HGNC:1673]	0.4329766	
BDH2	3-hydroxybutyrate dehydrogenase 2 [Source:HGNC Symbol;Acc:HGNC:32389]	0.43272844	
SERINC3	serine incorporator 3 [Source:HGNC Symbol;Acc:HGNC:11699]	0.43200526	
MYO10	myosin X [Source:HGNC Symbol;Acc:HGNC:7593]	0.43094602	
SH3BGRL	SH3 domain binding glutamate rich protein like [Source:HGNC Symbol;Acc:HGNC:10823]	0.43078667	
TMEM160	transmembrane protein 160 [Source:HGNC Symbol;Acc:HGNC:26042]	0.43054914	
HSPA5	heat shock protein family A (Hsp70) member 5 [Source:HGNC Symbol;Acc:HGNC:5238]	0.43013492	
POMP	proteasome maturation protein [Source:HGNC Symbol;Acc:HGNC:20330]	0.43006843	
PTPN7	protein tyrosine phosphatase non-receptor type 7 [Source:HGNC Symbol;Acc:HGNC:9659]	0.42962465	
TNFSF8	TNF superfamily member 8 [Source:HGNC Symbol;Acc:HGNC:11938]	0.42763022	
PIM3	Pim-3 proto-oncogene, serine/threonine kinase [Source:HGNC Symbol;Acc:HGNC:19310]	0.4276283	
TOMM6	translocase of outer mitochondrial membrane 6 [Source:HGNC Symbol;Acc:HGNC:34528]	0.4276108	
STK38L	serine/threonine kinase 38 like [Source:HGNC Symbol;Acc:HGNC:17848]	0.42729977	
EGLN3	egl-9 family hypoxia inducible factor 3 [Source:HGNC Symbol;Acc:HGNC:14661]	0.4272579	
LPGAT1	lysophosphatidylglycerol acyltransferase 1 [Source:HGNC Symbol;Acc:HGNC:28985]	0.4271697	
COX5A	cytochrome c oxidase subunit 5A [Source:HGNC Symbol;Acc:HGNC:2267]	0.4267218	
NDUFB7	NADH:ubiquinone oxidoreductase subunit B7 [Source:HGNC Symbol;Acc:HGNC:7702]	0.42668837	
CD3G	CD3 gamma subunit of T-cell receptor complex [Source:HGNC Symbol;Acc:HGNC:1675]	0.42614704	
ZFP36L1	ZFP36 ring finger protein like 1 [Source:HGNC Symbol;Acc:HGNC:1107]	0.42553803	
GTF2IRD1	GTF2I repeat domain containing 1 [Source:HGNC Symbol;Acc:HGNC:4661]	0.42536715	
TPM3	tropomyosin 3 [Source:HGNC Symbol;Acc:HGNC:12012]	0.42512062	
RHOQ	ras homolog family member Q [Source:HGNC Symbol;Acc:HGNC:17736]	0.4240858	
NOTCH2	notch receptor 2 [Source:HGNC Symbol;Acc:HGNC:7882]	0.42391667	
ARIH1	ariadne RBR E3 ubiquitin protein ligase 1 [Source:HGNC Symbol;Acc:HGNC:689]	0.42381465	
FIS1	fission, mitochondrial 1 [Source:HGNC Symbol;Acc:HGNC:21689]	0.42262644	
ARPC5	actin related protein 2/3 complex subunit 5 [Source:HGNC Symbol;Acc:HGNC:708]	0.42252722	
NTAQ1	N-terminal glutamine amidase 1 [Source:HGNC Symbol;Acc:HGNC:25490]	0.4224688	
CIAPIN1	cytokine induced apoptosis inhibitor 1 [Source:HGNC Symbol;Acc:HGNC:28050]	0.4222665	
PEBP1	phosphatidylethanolamine binding protein 1 [Source:HGNC Symbol;Acc:HGNC:8630]	0.42054665	
DCTN2	dynactin subunit 2 [Source:HGNC Symbol;Acc:HGNC:2712]	0.41947678	
NDUFA13	NADH:ubiquinone oxidoreductase subunit A13 [Source:HGNC Symbol;Acc:HGNC:17194]	0.41879892	
ACOT7	acyl-CoA thioesterase 7 [Source:HGNC Symbol;Acc:HGNC:24157]	0.41784698	
USP38	ubiquitin specific peptidase 38 [Source:HGNC Symbol;Acc:HGNC:20067]	0.41784427	
USP9X	ubiquitin specific peptidase 9 X-linked [Source:HGNC Symbol;Acc:HGNC:12632]	0.41602415	
IPMK	inositol polyphosphate multikinase [Source:HGNC Symbol;Acc:HGNC:20739]	0.41587502	
EIF3F	eukaryotic translation initiation factor 3 subunit F [Source:HGNC Symbol;Acc:HGNC:3275]	0.41569868	
NPTN	neuroplastin [Source:HGNC Symbol;Acc:HGNC:17867]	0.415044	
AP2M1	adaptor related protein complex 2 subunit mu 1 [Source:HGNC Symbol;Acc:HGNC:564]	0.41336957	
GTPBP1	GTP binding protein 1 [Source:HGNC Symbol;Acc:HGNC:4669]	0.41207102	
NOL7	nucleolar protein 7 [Source:HGNC Symbol;Acc:HGNC:21040]	0.41176325	
GNG10	G protein subunit gamma 10 [Source:HGNC Symbol;Acc:HGNC:4402]	0.41073197	
HK2	hexokinase 2 [Source:HGNC Symbol;Acc:HGNC:4923]	0.4098104	
RUNX1	RUNX family transcription factor 1 [Source:HGNC Symbol;Acc:HGNC:10471]	0.40971977	
RNF11	ring finger protein 11 [Source:HGNC Symbol;Acc:HGNC:10056]	0.40896633	
SAP18	Sin3A associated protein 18 [Source:HGNC Symbol;Acc:HGNC:10530]	0.40890327	
MED13	mediator complex subunit 13 [Source:HGNC Symbol;Acc:HGNC:22474]	0.40818262	
TENT5A	terminal nucleotidyltransferase 5A [Source:HGNC Symbol;Acc:HGNC:18345]	0.40810943	
BIRC2	baculoviral IAP repeat containing 2 [Source:HGNC Symbol;Acc:HGNC:590]	0.40784734	
UBE2B	ubiquitin conjugating enzyme E2 B [Source:HGNC Symbol;Acc:HGNC:12473]	0.4071232	
JOSD1	Josephin domain containing 1 [Source:HGNC Symbol;Acc:HGNC:28953]	0.40678608	
SLC9B2	solute carrier family 9 member B2 [Source:HGNC Symbol;Acc:HGNC:25143]	0.4065767	
GNAQ	G protein subunit alpha q [Source:HGNC Symbol;Acc:HGNC:4390]	0.4060855	
IFNG	interferon gamma [Source:HGNC Symbol;Acc:HGNC:5438]	0.40547052	
KPNA1	karyopherin subunit alpha 1 [Source:HGNC Symbol;Acc:HGNC:6394]	0.4053272	
FTH1	ferritin heavy chain 1 [Source:HGNC Symbol;Acc:HGNC:3976]	0.40507597	
RPSA	ribosomal protein SA [Source:HGNC Symbol;Acc:HGNC:6502]	0.40467757	
TBCB	tubulin folding cofactor B [Source:HGNC Symbol;Acc:HGNC:1989]	0.4045734	
SRP14	signal recognition particle 14 [Source:HGNC Symbol;Acc:HGNC:11299]	0.40350044	
GPSM3	G protein signaling modulator 3 [Source:HGNC Symbol;Acc:HGNC:13945]	0.4032052	
ADIPOR2	adiponectin receptor 2 [Source:HGNC Symbol;Acc:HGNC:24041]	0.4026452	
AZIN1	antizyme inhibitor 1 [Source:HGNC Symbol;Acc:HGNC:16432]	0.40257928	
DCTN4	dynactin subunit 4 [Source:HGNC Symbol;Acc:HGNC:15518]	0.40254018	
UFC1	ubiquitin-fold modifier conjugating enzyme 1 [Source:HGNC Symbol;Acc:HGNC:26941]	0.40154454	
INTS7	integrator complex subunit 7 [Source:HGNC Symbol;Acc:HGNC:24484]	0.40124467	
SMS	spermine synthase [Source:HGNC Symbol;Acc:HGNC:11123]	0.4001082	
PLK3	polo like kinase 3 [Source:HGNC Symbol;Acc:HGNC:2154]	0.3990334	
KLHDC2	kelch domain containing 2 [Source:HGNC Symbol;Acc:HGNC:20231]	0.39897263	
TOMM7	translocase of outer mitochondrial membrane 7 [Source:HGNC Symbol;Acc:HGNC:21648]	0.3987877	
MIB1	MIB E3 ubiquitin protein ligase 1 [Source:HGNC Symbol;Acc:HGNC:21086]	0.39826694	
NDUFA1	NADH:ubiquinone oxidoreductase subunit A1 [Source:HGNC Symbol;Acc:HGNC:7683]	0.39793724	
TSC22D2	TSC22 domain family member 2 [Source:HGNC Symbol;Acc:HGNC:29095]	0.3974422	
SEM1	SEM1 26S proteasome subunit [Source:HGNC Symbol;Acc:HGNC:10845]	0.39734	
AKR1A1	aldo-keto reductase family 1 member A1 [Source:HGNC Symbol;Acc:HGNC:380]	0.3972085	
ATP5F1A	ATP synthase F1 subunit alpha [Source:HGNC Symbol;Acc:HGNC:823]	0.39688912	
CAPZB	capping actin protein of muscle Z-line subunit beta [Source:HGNC Symbol;Acc:HGNC:1491]	0.39678746	
SRPK2	SRSF protein kinase 2 [Source:HGNC Symbol;Acc:HGNC:11306]	0.39623818	
STMP1	short transmembrane mitochondrial protein 1 [Source:HGNC Symbol;Acc:HGNC:41909]	0.39603713	
AIM2	absent in melanoma 2 [Source:HGNC Symbol;Acc:HGNC:357]	0.39564204	
PTPRCAP	protein tyrosine phosphatase receptor type C associated protein [Source:HGNC Symbol;Acc:HGNC:9667]	0.39535657	
LRRFIP1	LRR binding FLII interacting protein 1 [Source:HGNC Symbol;Acc:HGNC:6702]	0.39459726	
CENPB	centromere protein B [Source:HGNC Symbol;Acc:HGNC:1852]	0.3943841	
UQCR11	ubiquinol-cytochrome c reductase, complex III subunit XI [Source:HGNC Symbol;Acc:HGNC:30862]	0.39430222	
CITED2	Cbp/p300 interacting transactivator with Glu/Asp rich carboxy-terminal domain 2 [Source:HGNC Symbol;Acc:HGNC:1987]	0.39414132	
RPS21	ribosomal protein S21 [Source:HGNC Symbol;Acc:HGNC:10409]	0.3935505	
VDAC1	voltage dependent anion channel 1 [Source:HGNC Symbol;Acc:HGNC:12669]	0.39354363	
GOLPH3	golgi phosphoprotein 3 [Source:HGNC Symbol;Acc:HGNC:15452]	0.39343223	
LIG1	DNA ligase 1 [Source:HGNC Symbol;Acc:HGNC:6598]	0.3928397	
LAMTOR4	late endosomal/lysosomal adaptor, MAPK and MTOR activator 4 [Source:HGNC Symbol;Acc:HGNC:33772]	0.3924787	
GABPB1	GA binding protein transcription factor subunit beta 1 [Source:HGNC Symbol;Acc:HGNC:4074]	0.39244843	
ZBTB38	zinc finger and BTB domain containing 38 [Source:HGNC Symbol;Acc:HGNC:26636]	0.39236858	
NFKB2	nuclear factor kappa B subunit 2 [Source:HGNC Symbol;Acc:HGNC:7795]	0.39228186	
ATRX	ATRX chromatin remodeler [Source:HGNC Symbol;Acc:HGNC:886]	0.39218393	
FAAH	fatty acid amide hydrolase [Source:HGNC Symbol;Acc:HGNC:3553]	0.39216366	
RASSF1	Ras association domain family member 1 [Source:HGNC Symbol;Acc:HGNC:9882]	0.39122593	
MAP4K4	mitogen-activated protein kinase kinase kinase kinase 4 [Source:HGNC Symbol;Acc:HGNC:6866]	0.38985536	
TMA7	translation machinery associated 7 homolog [Source:HGNC Symbol;Acc:HGNC:26932]	0.38977954	
P4HB	prolyl 4-hydroxylase subunit beta [Source:HGNC Symbol;Acc:HGNC:8548]	0.38843164	
LRP10	LDL receptor related protein 10 [Source:HGNC Symbol;Acc:HGNC:14553]	0.38804615	
NDUFV3	NADH:ubiquinone oxidoreductase subunit V3 [Source:HGNC Symbol;Acc:HGNC:7719]	0.38732648	
FAR1	fatty acyl-CoA reductase 1 [Source:HGNC Symbol;Acc:HGNC:26222]	0.38679206	
EFHD2	EF-hand domain family member D2 [Source:HGNC Symbol;Acc:HGNC:28670]	0.38645318	
PCMT1	protein-L-isoaspartate (D-aspartate) O-methyltransferase [Source:HGNC Symbol;Acc:HGNC:8728]	0.3855828	
NEK7	NIMA related kinase 7 [Source:HGNC Symbol;Acc:HGNC:13386]	0.38509202	
LGALSL	galectin like [Source:HGNC Symbol;Acc:HGNC:25012]	0.38488606	
TMEM65	transmembrane protein 65 [Source:HGNC Symbol;Acc:HGNC:25203]	0.38456312	
AHI1	Abelson helper integration site 1 [Source:HGNC Symbol;Acc:HGNC:21575]	0.38452542	
RWDD1	RWD domain containing 1 [Source:HGNC Symbol;Acc:HGNC:20993]	0.3844945	
SLC16A6	solute carrier family 16 member 6 [Source:HGNC Symbol;Acc:HGNC:10927]	0.38374114	
PPP2R2D	protein phosphatase 2 regulatory subunit Bdelta [Source:HGNC Symbol;Acc:HGNC:23732]	0.38263118	
PPP1CB	protein phosphatase 1 catalytic subunit beta [Source:HGNC Symbol;Acc:HGNC:9282]	0.3824599	
TXNL1	thioredoxin like 1 [Source:HGNC Symbol;Acc:HGNC:12436]	0.3820922	
TXNDC17	thioredoxin domain containing 17 [Source:HGNC Symbol;Acc:HGNC:28218]	0.38151294	
MAP3K5	mitogen-activated protein kinase kinase kinase 5 [Source:HGNC Symbol;Acc:HGNC:6857]	0.3807215	
UBE2J1	ubiquitin conjugating enzyme E2 J1 [Source:HGNC Symbol;Acc:HGNC:17598]	0.38043055	
ROMO1	reactive oxygen species modulator 1 [Source:HGNC Symbol;Acc:HGNC:16185]	0.38002634	
RTN4	reticulon 4 [Source:HGNC Symbol;Acc:HGNC:14085]	0.37965286	
SMG6	SMG6 nonsense mediated mRNA decay factor [Source:HGNC Symbol;Acc:HGNC:17809]	0.37954634	
RPS26	ribosomal protein S26 [Source:HGNC Symbol;Acc:HGNC:10414]	0.37898973	
AQP3	aquaporin 3 (Gill blood group) [Source:HGNC Symbol;Acc:HGNC:636]	0.3784872	
SERPINB6	serpin family B member 6 [Source:HGNC Symbol;Acc:HGNC:8950]	0.37840036	
CXCR3	C-X-C motif chemokine receptor 3 [Source:HGNC Symbol;Acc:HGNC:4540]	0.37817082	
ALPK2	alpha kinase 2 [Source:HGNC Symbol;Acc:HGNC:20565]	0.37782508	
SLC38A2	solute carrier family 38 member 2 [Source:HGNC Symbol;Acc:HGNC:13448]	0.37725437	
PBXIP1	PBX homeobox interacting protein 1 [Source:HGNC Symbol;Acc:HGNC:21199]	0.37683317	
ELOVL5	ELOVL fatty acid elongase 5 [Source:HGNC Symbol;Acc:HGNC:21308]	0.37655222	
CHD4	chromodomain helicase DNA binding protein 4 [Source:HGNC Symbol;Acc:HGNC:1919]	0.37646776	
GLS	glutaminase [Source:HGNC Symbol;Acc:HGNC:4331]	0.37608376	
RPL24	ribosomal protein L24 [Source:HGNC Symbol;Acc:HGNC:10325]	0.37582773	
PLEKHB2	pleckstrin homology domain containing B2 [Source:HGNC Symbol;Acc:HGNC:19236]	0.37555167	
ERGIC1	endoplasmic reticulum-golgi intermediate compartment 1 [Source:HGNC Symbol;Acc:HGNC:29205]	0.3751652	
RPL37	ribosomal protein L37 [Source:HGNC Symbol;Acc:HGNC:10347]	0.37476593	
MIER1	MIER1 transcriptional regulator [Source:HGNC Symbol;Acc:HGNC:29657]	0.3741976	
RHEB	Ras homolog, mTORC1 binding [Source:HGNC Symbol;Acc:HGNC:10011]	0.3732974	
SH3GL3	SH3 domain containing GRB2 like 3, endophilin A3 [Source:HGNC Symbol;Acc:HGNC:10832]	0.37295324	
TMED9	transmembrane p24 trafficking protein 9 [Source:HGNC Symbol;Acc:HGNC:24878]	0.3727959	
PEAK1	pseudopodium enriched atypical kinase 1 [Source:HGNC Symbol;Acc:HGNC:29431]	0.37267706	
VCL	vinculin [Source:HGNC Symbol;Acc:HGNC:12665]	0.372669	
COX4I1	cytochrome c oxidase subunit 4I1 [Source:HGNC Symbol;Acc:HGNC:2265]	0.37249768	
PPP1R15A	protein phosphatase 1 regulatory subunit 15A [Source:HGNC Symbol;Acc:HGNC:14375]	0.37245902	
TMBIM4	transmembrane BAX inhibitor motif containing 4 [Source:HGNC Symbol;Acc:HGNC:24257]	0.37223518	
TRIM8	tripartite motif containing 8 [Source:HGNC Symbol;Acc:HGNC:15579]	0.3721712	
FRYL	FRY like transcription coactivator [Source:HGNC Symbol;Acc:HGNC:29127]	0.37204736	
VDAC2	voltage dependent anion channel 2 [Source:HGNC Symbol;Acc:HGNC:12672]	0.37186053	
SEC24D	SEC24 homolog D, COPII coat complex component [Source:HGNC Symbol;Acc:HGNC:10706]	0.37142536	
GRK5	G protein-coupled receptor kinase 5 [Source:HGNC Symbol;Acc:HGNC:4544]	0.37139982	
ABCB1	ATP binding cassette subfamily B member 1 [Source:HGNC Symbol;Acc:HGNC:40]	0.37122366	
TNFRSF25	TNF receptor superfamily member 25 [Source:HGNC Symbol;Acc:HGNC:11910]	0.37077883	
DNAJC8	DnaJ heat shock protein family (Hsp40) member C8 [Source:HGNC Symbol;Acc:HGNC:15470]	0.37074903	
MGLL	monoglyceride lipase [Source:HGNC Symbol;Acc:HGNC:17038]	0.37044257	
SRGAP2	SLIT-ROBO Rho GTPase activating protein 2 [Source:HGNC Symbol;Acc:HGNC:19751]	0.3703453	
SRI	sorcin [Source:HGNC Symbol;Acc:HGNC:11292]	0.369988	
LARP1B	La ribonucleoprotein 1B [Source:HGNC Symbol;Acc:HGNC:24704]	0.36816904	
TLN1	talin 1 [Source:HGNC Symbol;Acc:HGNC:11845]	0.3675011	
PRNP	prion protein [Source:HGNC Symbol;Acc:HGNC:9449]	0.36742428	
TRIB1	tribbles pseudokinase 1 [Source:HGNC Symbol;Acc:HGNC:16891]	0.36688694	
DBI	diazepam binding inhibitor, acyl-CoA binding protein [Source:HGNC Symbol;Acc:HGNC:2690]	0.36629695	
SYAP1	synapse associated protein 1 [Source:HGNC Symbol;Acc:HGNC:16273]	0.36482832	
RNF19B	ring finger protein 19B [Source:HGNC Symbol;Acc:HGNC:26886]	0.36469704	
TMEM126A	transmembrane protein 126A [Source:HGNC Symbol;Acc:HGNC:25382]	0.3645166	
ANXA5	annexin A5 [Source:HGNC Symbol;Acc:HGNC:543]	0.36436507	
GATAD2A	GATA zinc finger domain containing 2A [Source:HGNC Symbol;Acc:HGNC:29989]	0.3643034	
UBXN1	UBX domain protein 1 [Source:HGNC Symbol;Acc:HGNC:18402]	0.36366656	
LUC7L2	LUC7 like 2, pre-mRNA splicing factor [Source:HGNC Symbol;Acc:HGNC:21608]	0.3635492	
KHDRBS1	KH RNA binding domain containing, signal transduction associated 1 [Source:HGNC Symbol;Acc:HGNC:18116]	0.36352605	
XBP1	X-box binding protein 1 [Source:HGNC Symbol;Acc:HGNC:12801]	0.36161214	
RIN2	Ras and Rab interactor 2 [Source:HGNC Symbol;Acc:HGNC:18750]	0.36147067	
YPEL2	yippee like 2 [Source:HGNC Symbol;Acc:HGNC:18326]	0.36141804	
GOLIM4	golgi integral membrane protein 4 [Source:HGNC Symbol;Acc:HGNC:15448]	0.36135462	
KLF10	KLF transcription factor 10 [Source:HGNC Symbol;Acc:HGNC:11810]	0.36131987	
CEP250	centrosomal protein 250 [Source:HGNC Symbol;Acc:HGNC:1859]	0.36060673	
CETN2	centrin 2 [Source:HGNC Symbol;Acc:HGNC:1867]	0.36046425	
DIPK2A	divergent protein kinase domain 2A [Source:HGNC Symbol;Acc:HGNC:28490]	0.36046165	
SNX18	sorting nexin 18 [Source:HGNC Symbol;Acc:HGNC:19245]	0.36032996	
NAP1L1	nucleosome assembly protein 1 like 1 [Source:HGNC Symbol;Acc:HGNC:7637]	0.36014864	
RPL34	ribosomal protein L34 [Source:HGNC Symbol;Acc:HGNC:10340]	0.35981563	
LAPTM5	lysosomal protein transmembrane 5 [Source:HGNC Symbol;Acc:HGNC:29612]	0.3597542	
WWP2	WW domain containing E3 ubiquitin protein ligase 2 [Source:HGNC Symbol;Acc:HGNC:16804]	0.35972604	
RASSF3	Ras association domain family member 3 [Source:HGNC Symbol;Acc:HGNC:14271]	0.359598	
SOAT1	sterol O-acyltransferase 1 [Source:HGNC Symbol;Acc:HGNC:11177]	0.35939848	
ABHD17A	abhydrolase domain containing 17A, depalmitoylase [Source:HGNC Symbol;Acc:HGNC:28756]	0.359228	
MAST2	microtubule associated serine/threonine kinase 2 [Source:HGNC Symbol;Acc:HGNC:19035]	0.35922247	
PGK1	phosphoglycerate kinase 1 [Source:HGNC Symbol;Acc:HGNC:8896]	0.35911998	
SIGIRR	single Ig and TIR domain containing [Source:HGNC Symbol;Acc:HGNC:30575]	0.35882816	
SYNJ2	synaptojanin 2 [Source:HGNC Symbol;Acc:HGNC:11504]	0.3583487	
LMBRD1	LMBR1 domain containing 1 [Source:HGNC Symbol;Acc:HGNC:23038]	0.35819814	
DYNLL2	dynein light chain LC8-type 2 [Source:HGNC Symbol;Acc:HGNC:24596]	0.35818174	
SNX25	sorting nexin 25 [Source:HGNC Symbol;Acc:HGNC:21883]	0.35755584	
METTL26	methyltransferase like 26 [Source:HGNC Symbol;Acc:HGNC:14141]	0.35700592	
ATP9B	ATPase phospholipid transporting 9B (putative) [Source:HGNC Symbol;Acc:HGNC:13541]	0.35624677	
AR	androgen receptor [Source:HGNC Symbol;Acc:HGNC:644]	0.35525167	
PER1	period circadian regulator 1 [Source:HGNC Symbol;Acc:HGNC:8845]	0.35511854	
ITPRIPL2	ITPRIP like 2 [Source:HGNC Symbol;Acc:HGNC:27257]	0.35507816	
TIGIT	T cell immunoreceptor with Ig and ITIM domains [Source:HGNC Symbol;Acc:HGNC:26838]	0.35478678	
ZSWIM4	zinc finger SWIM-type containing 4 [Source:HGNC Symbol;Acc:HGNC:25704]	0.35428336	
TFDP2	transcription factor Dp-2 [Source:HGNC Symbol;Acc:HGNC:11751]	0.35382846	
CKS2	CDC28 protein kinase regulatory subunit 2 [Source:HGNC Symbol;Acc:HGNC:2000]	0.35366124	
IQGAP1	IQ motif containing GTPase activating protein 1 [Source:HGNC Symbol;Acc:HGNC:6110]	0.35354054	
SENP1	SUMO specific peptidase 1 [Source:HGNC Symbol;Acc:HGNC:17927]	0.3532562	
RPL39	ribosomal protein L39 [Source:HGNC Symbol;Acc:HGNC:10350]	0.35290006	
MIR155HG	MIR155 host gene [Source:HGNC Symbol;Acc:HGNC:35460]	0.35245728	
TCF25	transcription factor 25 [Source:HGNC Symbol;Acc:HGNC:29181]	0.35243016	
ESD	esterase D [Source:HGNC Symbol;Acc:HGNC:3465]	0.3521456	
MLF2	myeloid leukemia factor 2 [Source:HGNC Symbol;Acc:HGNC:7126]	0.35204828	
TEC	tec protein tyrosine kinase [Source:HGNC Symbol;Acc:HGNC:11719]	0.3513889	
DOT1L	DOT1 like histone lysine methyltransferase [Source:HGNC Symbol;Acc:HGNC:24948]	0.3505167	
HSPA4	heat shock protein family A (Hsp70) member 4 [Source:HGNC Symbol;Acc:HGNC:5237]	0.3502481	
B9D2	B9 domain containing 2 [Source:HGNC Symbol;Acc:HGNC:28636]	0.35023117	
PTBP1	polypyrimidine tract binding protein 1 [Source:HGNC Symbol;Acc:HGNC:9583]	0.35014895	
NUDT4	nudix hydrolase 4 [Source:HGNC Symbol;Acc:HGNC:8051]	0.3487273	
MAP3K8	mitogen-activated protein kinase kinase kinase 8 [Source:HGNC Symbol;Acc:HGNC:6860]	0.3486859	
UBE2J2	ubiquitin conjugating enzyme E2 J2 [Source:HGNC Symbol;Acc:HGNC:19268]	0.3484845	
RGS3	regulator of G protein signaling 3 [Source:HGNC Symbol;Acc:HGNC:9999]	0.34820348	
HVCN1	hydrogen voltage gated channel 1 [Source:HGNC Symbol;Acc:HGNC:28240]	0.3480767	
TSHZ1	teashirt zinc finger homeobox 1 [Source:HGNC Symbol;Acc:HGNC:10669]	0.34794375	
AFF4	ALF transcription elongation factor 4 [Source:HGNC Symbol;Acc:HGNC:17869]	0.34789523	
ZC3H13	zinc finger CCCH-type containing 13 [Source:HGNC Symbol;Acc:HGNC:20368]	0.34743604	
FUCA1	alpha-L-fucosidase 1 [Source:HGNC Symbol;Acc:HGNC:4006]	0.3470868	
ACADS	acyl-CoA dehydrogenase short chain [Source:HGNC Symbol;Acc:HGNC:90]	0.34696585	
PFDN1	prefoldin subunit 1 [Source:HGNC Symbol;Acc:HGNC:8866]	0.34692374	
AGBL1	AGBL carboxypeptidase 1 [Source:HGNC Symbol;Acc:HGNC:26504]	0.34689936	
SIN3B	SIN3 transcription regulator family member B [Source:HGNC Symbol;Acc:HGNC:19354]	0.34671727	
KIAA1671	KIAA1671 [Source:HGNC Symbol;Acc:HGNC:29345]	0.34642243	
HMCES	5-hydroxymethylcytosine binding, ES cell specific [Source:HGNC Symbol;Acc:HGNC:24446]	0.3449887	
TIMM17B	translocase of inner mitochondrial membrane 17B [Source:HGNC Symbol;Acc:HGNC:17310]	0.3434099	
RIPK2	receptor interacting serine/threonine kinase 2 [Source:HGNC Symbol;Acc:HGNC:10020]	0.34290382	
INCENP	inner centromere protein [Source:HGNC Symbol;Acc:HGNC:6058]	0.3427731	
COPS6	COP9 signalosome subunit 6 [Source:HGNC Symbol;Acc:HGNC:21749]	0.34219742	
VPS37A	VPS37A subunit of ESCRT-I [Source:HGNC Symbol;Acc:HGNC:24928]	0.34191793	
MTHFR	methylenetetrahydrofolate reductase [Source:HGNC Symbol;Acc:HGNC:7436]	0.3414269	
PDIA3	protein disulfide isomerase family A member 3 [Source:HGNC Symbol;Acc:HGNC:4606]	0.34113693	
SESN3	sestrin 3 [Source:HGNC Symbol;Acc:HGNC:23060]	0.34095305	
MRPS21	mitochondrial ribosomal protein S21 [Source:HGNC Symbol;Acc:HGNC:14046]	0.3401495	
IL21	interleukin 21 [Source:HGNC Symbol;Acc:HGNC:6005]	0.34013575	
DAD1	defender against cell death 1 [Source:HGNC Symbol;Acc:HGNC:2664]	0.3400663	
RPS15A	ribosomal protein S15a [Source:HGNC Symbol;Acc:HGNC:10389]	0.3400651	
RPS2	ribosomal protein S2 [Source:HGNC Symbol;Acc:HGNC:10404]	0.3399963	
ZC3H15	zinc finger CCCH-type containing 15 [Source:HGNC Symbol;Acc:HGNC:29528]	0.33994034	
CISH	cytokine inducible SH2 containing protein [Source:HGNC Symbol;Acc:HGNC:1984]	0.33989117	
MICAL1	microtubule associated monooxygenase, calponin and LIM domain containing 1 [Source:HGNC Symbol;Acc:HGNC:20619]	0.33874306	
SNRPE	small nuclear ribonucleoprotein polypeptide E [Source:HGNC Symbol;Acc:HGNC:11161]	0.33873427	
LACTB	lactamase beta [Source:HGNC Symbol;Acc:HGNC:16468]	0.33872044	
NDUFS5	NADH:ubiquinone oxidoreductase subunit S5 [Source:HGNC Symbol;Acc:HGNC:7712]	0.33853632	
XDH	xanthine dehydrogenase [Source:HGNC Symbol;Acc:HGNC:12805]	0.33812904	
SSR2	signal sequence receptor subunit 2 [Source:HGNC Symbol;Acc:HGNC:11324]	0.33759782	
RAMP3	receptor activity modifying protein 3 [Source:HGNC Symbol;Acc:HGNC:9845]	0.33749434	
RTRAF	RNA transcription, translation and transport factor [Source:HGNC Symbol;Acc:HGNC:23169]	0.3372049	
CCR8	C-C motif chemokine receptor 8 [Source:HGNC Symbol;Acc:HGNC:1609]	0.33703312	
PLCXD2	phosphatidylinositol specific phospholipase C X domain containing 2 [Source:HGNC Symbol;Acc:HGNC:26462]	0.33649623	
AMZ2	archaelysin family metallopeptidase 2 [Source:HGNC Symbol;Acc:HGNC:28041]	0.33598316	
HNRNPD	heterogeneous nuclear ribonucleoprotein D [Source:HGNC Symbol;Acc:HGNC:5036]	0.33593377	
CHMP2A	charged multivesicular body protein 2A [Source:HGNC Symbol;Acc:HGNC:30216]	0.3356757	
RTF2	replication termination factor 2 [Source:HGNC Symbol;Acc:HGNC:15890]	0.33491725	
ATP5MC2	ATP synthase membrane subunit c locus 2 [Source:HGNC Symbol;Acc:HGNC:842]	0.33481595	
ATP5PF	ATP synthase peripheral stalk subunit F6 [Source:HGNC Symbol;Acc:HGNC:847]	0.33439806	
CFAP20	cilia and flagella associated protein 20 [Source:HGNC Symbol;Acc:HGNC:29523]	0.3342614	
NSA2	NSA2 ribosome biogenesis factor [Source:HGNC Symbol;Acc:HGNC:30728]	0.33405247	
ST13	ST13 Hsp70 interacting protein [Source:HGNC Symbol;Acc:HGNC:11343]	0.33403063	
MAFG	MAF bZIP transcription factor G [Source:HGNC Symbol;Acc:HGNC:6781]	0.33379754	
BCL2L15	BCL2 like 15 [Source:HGNC Symbol;Acc:HGNC:33624]	0.3331579	
TCEA1	transcription elongation factor A1 [Source:HGNC Symbol;Acc:HGNC:11612]	0.33292708	
SLC39A14	solute carrier family 39 member 14 [Source:HGNC Symbol;Acc:HGNC:20858]	0.3328816	
DPY19L3	dpy-19 like C-mannosyltransferase 3 [Source:HGNC Symbol;Acc:HGNC:27120]	0.3326331	
ASNSD1	asparagine synthetase domain containing 1 [Source:HGNC Symbol;Acc:HGNC:24910]	0.3325091	
TRBC2	T cell receptor beta constant 2 [Source:HGNC Symbol;Acc:HGNC:12157]	0.33242834	
PDK3	pyruvate dehydrogenase kinase 3 [Source:HGNC Symbol;Acc:HGNC:8811]	0.3320491	
SDF2	stromal cell derived factor 2 [Source:HGNC Symbol;Acc:HGNC:10675]	0.33202466	
EVA1B	eva-1 homolog B [Source:HGNC Symbol;Acc:HGNC:25558]	0.33198848	
MTCH1	mitochondrial carrier 1 [Source:HGNC Symbol;Acc:HGNC:17586]	0.33188027	
BAX	BCL2 associated X, apoptosis regulator [Source:HGNC Symbol;Acc:HGNC:959]	0.33079696	
ZCRB1	zinc finger CCHC-type and RNA binding motif containing 1 [Source:HGNC Symbol;Acc:HGNC:29620]	0.33073494	
PDZD2	PDZ domain containing 2 [Source:HGNC Symbol;Acc:HGNC:18486]	0.3307077	
FBXW8	F-box and WD repeat domain containing 8 [Source:HGNC Symbol;Acc:HGNC:13597]	0.3305542	
ARF1	ADP ribosylation factor 1 [Source:HGNC Symbol;Acc:HGNC:652]	0.33050105	
SLAMF1	signaling lymphocytic activation molecule family member 1 [Source:HGNC Symbol;Acc:HGNC:10903]	0.33028927	
ZDHHC2	zinc finger DHHC-type palmitoyltransferase 2 [Source:HGNC Symbol;Acc:HGNC:18469]	0.33020237	
EI24	EI24 autophagy associated transmembrane protein [Source:HGNC Symbol;Acc:HGNC:13276]	0.3298448	
SPTAN1	spectrin alpha, non-erythrocytic 1 [Source:HGNC Symbol;Acc:HGNC:11273]	0.32982057	
CHD1	chromodomain helicase DNA binding protein 1 [Source:HGNC Symbol;Acc:HGNC:1915]	0.32946023	
CD9	CD9 molecule [Source:HGNC Symbol;Acc:HGNC:1709]	0.3293826	
FAU	FAU ubiquitin like and ribosomal protein S30 fusion [Source:HGNC Symbol;Acc:HGNC:3597]	0.32915455	
SLK	STE20 like kinase [Source:HGNC Symbol;Acc:HGNC:11088]	0.32881033	
H2AZ2	H2A.Z variant histone 2 [Source:HGNC Symbol;Acc:HGNC:20664]	0.32817835	
FAM110A	family with sequence similarity 110 member A [Source:HGNC Symbol;Acc:HGNC:16188]	0.32799196	
NDUFA11	NADH:ubiquinone oxidoreductase subunit A11 [Source:HGNC Symbol;Acc:HGNC:20371]	0.32776114	
GNPTAB	N-acetylglucosamine-1-phosphate transferase subunits alpha and beta [Source:HGNC Symbol;Acc:HGNC:29670]	0.3274536	
MAFF	MAF bZIP transcription factor F [Source:HGNC Symbol;Acc:HGNC:6780]	0.32742572	
ACTB	actin beta [Source:HGNC Symbol;Acc:HGNC:132]	0.32726434	
PLCB4	phospholipase C beta 4 [Source:HGNC Symbol;Acc:HGNC:9059]	0.32716635	
NABP1	nucleic acid binding protein 1 [Source:HGNC Symbol;Acc:HGNC:26232]	0.32677317	
KDM7A	lysine demethylase 7A [Source:HGNC Symbol;Acc:HGNC:22224]	0.3265692	
KMT5A	lysine methyltransferase 5A [Source:HGNC Symbol;Acc:HGNC:29489]	0.3251012	
NDEL1	nudE neurodevelopment protein 1 like 1 [Source:HGNC Symbol;Acc:HGNC:17620]	0.32506448	
CYCS	cytochrome c, somatic [Source:HGNC Symbol;Acc:HGNC:19986]	0.3241956	
MTSS1	MTSS I-BAR domain containing 1 [Source:HGNC Symbol;Acc:HGNC:20443]	0.32384786	
TSG101	tumor susceptibility 101 [Source:HGNC Symbol;Acc:HGNC:15971]	0.323812	
C4orf3	chromosome 4 open reading frame 3 [Source:HGNC Symbol;Acc:HGNC:19225]	0.32372212	
SNX2	sorting nexin 2 [Source:HGNC Symbol;Acc:HGNC:11173]	0.32347286	
CIB2	calcium and integrin binding family member 2 [Source:HGNC Symbol;Acc:HGNC:24579]	0.3230766	
DTX3	deltex E3 ubiquitin ligase 3 [Source:HGNC Symbol;Acc:HGNC:24457]	0.32278657	
PLAAT3	phospholipase A and acyltransferase 3 [Source:HGNC Symbol;Acc:HGNC:17825]	0.3227047	
EIF3I	eukaryotic translation initiation factor 3 subunit I [Source:HGNC Symbol;Acc:HGNC:3272]	0.32265437	
SLC26A2	solute carrier family 26 member 2 [Source:HGNC Symbol;Acc:HGNC:10994]	0.3221564	
IDH3A	isocitrate dehydrogenase (NAD(+)) 3 catalytic subunit alpha [Source:HGNC Symbol;Acc:HGNC:5384]	0.32212752	
DAZAP2	DAZ associated protein 2 [Source:HGNC Symbol;Acc:HGNC:2684]	0.32189968	
HMG20B	high mobility group 20B [Source:HGNC Symbol;Acc:HGNC:5002]	0.32186595	
POLG2	DNA polymerase gamma 2, accessory subunit [Source:HGNC Symbol;Acc:HGNC:9180]	0.32172754	
CD6	CD6 molecule [Source:HGNC Symbol;Acc:HGNC:1691]	0.3215982	
NOL4L	nucleolar protein 4 like [Source:HGNC Symbol;Acc:HGNC:16106]	0.32136193	
YWHAH	tyrosine 3-monooxygenase/tryptophan 5-monooxygenase activation protein eta [Source:HGNC Symbol;Acc:HGNC:12853]	0.32101128	
GPI	glucose-6-phosphate isomerase [Source:HGNC Symbol;Acc:HGNC:4458]	0.32071406	
AUP1	AUP1 lipid droplet regulating VLDL assembly factor [Source:HGNC Symbol;Acc:HGNC:891]	0.32069388	
CX3CR1	C-X3-C motif chemokine receptor 1 [Source:HGNC Symbol;Acc:HGNC:2558]	0.32026386	
BRK1	BRICK1 subunit of SCAR/WAVE actin nucleating complex [Source:HGNC Symbol;Acc:HGNC:23057]	0.32017738	
NCF4	neutrophil cytosolic factor 4 [Source:HGNC Symbol;Acc:HGNC:7662]	0.31984553	
INF2	inverted formin 2 [Source:HGNC Symbol;Acc:HGNC:23791]	0.31952703	
EVI2A	ecotropic viral integration site 2A [Source:HGNC Symbol;Acc:HGNC:3499]	0.31904683	
PON2	paraoxonase 2 [Source:HGNC Symbol;Acc:HGNC:9205]	0.3182936	
MAP4	microtubule associated protein 4 [Source:HGNC Symbol;Acc:HGNC:6862]	0.318251	
KIF13A	kinesin family member 13A [Source:HGNC Symbol;Acc:HGNC:14566]	0.3176079	
RALBP1	ralA binding protein 1 [Source:HGNC Symbol;Acc:HGNC:9841]	0.31683165	
SSH1	slingshot protein phosphatase 1 [Source:HGNC Symbol;Acc:HGNC:30579]	0.31671917	
TLE3	TLE family member 3, transcriptional corepressor [Source:HGNC Symbol;Acc:HGNC:11839]	0.31613958	
DYNLT3	dynein light chain Tctex-type 3 [Source:HGNC Symbol;Acc:HGNC:11694]	0.31570163	
PPP2CA	protein phosphatase 2 catalytic subunit alpha [Source:HGNC Symbol;Acc:HGNC:9299]	0.31541863	
ZC3H12A	zinc finger CCCH-type containing 12A [Source:HGNC Symbol;Acc:HGNC:26259]	0.3146163	
MKRN2	makorin ring finger protein 2 [Source:HGNC Symbol;Acc:HGNC:7113]	0.3145231	
IFI27	interferon alpha inducible protein 27 [Source:HGNC Symbol;Acc:HGNC:5397]	0.3141933	
NPAS2	neuronal PAS domain protein 2 [Source:HGNC Symbol;Acc:HGNC:7895]	0.3139371	
COPS9	COP9 signalosome subunit 9 [Source:HGNC Symbol;Acc:HGNC:21314]	0.3138902	
TOP2A	DNA topoisomerase II alpha [Source:HGNC Symbol;Acc:HGNC:11989]	0.31388244	
OST4	oligosaccharyltransferase complex subunit 4, non-catalytic [Source:HGNC Symbol;Acc:HGNC:32483]	0.31356105	
COMMD3	COMM domain containing 3 [Source:HGNC Symbol;Acc:HGNC:23332]	0.31355783	
SNTB1	syntrophin beta 1 [Source:HGNC Symbol;Acc:HGNC:11168]	0.31317922	
CAMK2N1	calcium/calmodulin dependent protein kinase II inhibitor 1 [Source:HGNC Symbol;Acc:HGNC:24190]	0.31270292	
VWA8	von Willebrand factor A domain containing 8 [Source:HGNC Symbol;Acc:HGNC:29071]	0.31188557	
CNTLN	centlein [Source:HGNC Symbol;Acc:HGNC:23432]	0.31182888	
SKAP2	src kinase associated phosphoprotein 2 [Source:HGNC Symbol;Acc:HGNC:15687]	0.3118088	
FKBP1A	FKBP prolyl isomerase 1A [Source:HGNC Symbol;Acc:HGNC:3711]	0.31171426	
CORO7	coronin 7 [Source:HGNC Symbol;Acc:HGNC:26161]	0.31095758	
GPRIN3	GPRIN family member 3 [Source:HGNC Symbol;Acc:HGNC:27733]	0.3107425	
TMEM59	transmembrane protein 59 [Source:HGNC Symbol;Acc:HGNC:1239]	0.31047136	
STX6	syntaxin 6 [Source:HGNC Symbol;Acc:HGNC:11441]	0.3103825	
AKT1	AKT serine/threonine kinase 1 [Source:HGNC Symbol;Acc:HGNC:391]	0.31012452	
CYP51A1	cytochrome P450 family 51 subfamily A member 1 [Source:HGNC Symbol;Acc:HGNC:2649]	0.30938733	
NFKBIE	NFKB inhibitor epsilon [Source:HGNC Symbol;Acc:HGNC:7799]	0.30910596	
IGF1R	insulin like growth factor 1 receptor [Source:HGNC Symbol;Acc:HGNC:5465]	0.30881482	
IFT20	intraflagellar transport 20 [Source:HGNC Symbol;Acc:HGNC:30989]	0.3084892	
FUT8	fucosyltransferase 8 [Source:HGNC Symbol;Acc:HGNC:4019]	0.30809894	
GNPDA1	glucosamine-6-phosphate deaminase 1 [Source:HGNC Symbol;Acc:HGNC:4417]	0.30781493	
COBLL1	cordon-bleu WH2 repeat protein like 1 [Source:HGNC Symbol;Acc:HGNC:23571]	0.30719936	
SCAND1	SCAN domain containing 1 [Source:HGNC Symbol;Acc:HGNC:10566]	0.30705786	
HIGD1A	HIG1 hypoxia inducible domain family member 1A [Source:HGNC Symbol;Acc:HGNC:29527]	0.30676252	
TECR	trans-2,3-enoyl-CoA reductase [Source:HGNC Symbol;Acc:HGNC:4551]	0.30669546	
SUMO2	small ubiquitin like modifier 2 [Source:HGNC Symbol;Acc:HGNC:11125]	0.30646312	
TMX4	thioredoxin related transmembrane protein 4 [Source:HGNC Symbol;Acc:HGNC:25237]	0.30625212	
GNB1	G protein subunit beta 1 [Source:HGNC Symbol;Acc:HGNC:4396]	0.3061099	
RPL35	ribosomal protein L35 [Source:HGNC Symbol;Acc:HGNC:10344]	0.30585793	
CASP4	caspase 4 [Source:HGNC Symbol;Acc:HGNC:1505]	0.30577093	
POPDC2	popeye domain containing 2 [Source:HGNC Symbol;Acc:HGNC:17648]	0.30573225	
EMD	emerin [Source:HGNC Symbol;Acc:HGNC:3331]	0.305543	
METAP2	methionyl aminopeptidase 2 [Source:HGNC Symbol;Acc:HGNC:16672]	0.30490714	
ATP2A2	ATPase sarcoplasmic/endoplasmic reticulum Ca2+ transporting 2 [Source:HGNC Symbol;Acc:HGNC:812]	0.30474105	
TRBC1	T cell receptor beta constant 1 [Source:HGNC Symbol;Acc:HGNC:12156]	0.3047307	
TCEAL9	transcription elongation factor A like 9 [Source:HGNC Symbol;Acc:HGNC:30084]	0.30472922	
CEBPB	CCAAT enhancer binding protein beta [Source:HGNC Symbol;Acc:HGNC:1834]	0.3040269	
HOOK3	hook microtubule tethering protein 3 [Source:HGNC Symbol;Acc:HGNC:23576]	0.30278188	
ARL1	ADP ribosylation factor like GTPase 1 [Source:HGNC Symbol;Acc:HGNC:692]	0.3023094	
GNG5	G protein subunit gamma 5 [Source:HGNC Symbol;Acc:HGNC:4408]	0.30206448	
RNASET2	ribonuclease T2 [Source:HGNC Symbol;Acc:HGNC:21686]	0.30203575	
PRDX5	peroxiredoxin 5 [Source:HGNC Symbol;Acc:HGNC:9355]	0.30203447	
ATG7	autophagy related 7 [Source:HGNC Symbol;Acc:HGNC:16935]	0.30200163	
RPL37A	ribosomal protein L37a [Source:HGNC Symbol;Acc:HGNC:10348]	0.3019549	
NEDD8	NEDD8 ubiquitin like modifier [Source:HGNC Symbol;Acc:HGNC:7732]	0.30182543	
RAB4B	RAB4B, member RAS oncogene family [Source:HGNC Symbol;Acc:HGNC:9782]	0.3015894	
NDUFA7	NADH:ubiquinone oxidoreductase subunit A7 [Source:HGNC Symbol;Acc:HGNC:7691]	0.30129036	
HORMAD2	HORMA domain containing 2 [Source:HGNC Symbol;Acc:HGNC:28383]	0.30118564	
PSMA4	proteasome 20S subunit alpha 4 [Source:HGNC Symbol;Acc:HGNC:9533]	0.3010632	
KIF15	kinesin family member 15 [Source:HGNC Symbol;Acc:HGNC:17273]	0.30103126	
HSD17B10	hydroxysteroid 17-beta dehydrogenase 10 [Source:HGNC Symbol;Acc:HGNC:4800]	0.30091643	
NAA20	N-alpha-acetyltransferase 20, NatB catalytic subunit [Source:HGNC Symbol;Acc:HGNC:15908]	0.30077067	
UQCRB	ubiquinol-cytochrome c reductase binding protein [Source:HGNC Symbol;Acc:HGNC:12582]	0.30067337	
CYSLTR1	cysteinyl leukotriene receptor 1 [Source:HGNC Symbol;Acc:HGNC:17451]	0.3005481	
PDAP1	PDGFA associated protein 1 [Source:HGNC Symbol;Acc:HGNC:14634]	0.30051368	
ARL3	ADP ribosylation factor like GTPase 3 [Source:HGNC Symbol;Acc:HGNC:694]	0.30042043	
RPL29	ribosomal protein L29 [Source:HGNC Symbol;Acc:HGNC:10331]	0.30026752	
INPP5D	inositol polyphosphate-5-phosphatase D [Source:HGNC Symbol;Acc:HGNC:6079]	0.30016828	
KRT83	keratin 83 [Source:HGNC Symbol;Acc:HGNC:6460]	0.29989251	
SRRM1	serine and arginine repetitive matrix 1 [Source:HGNC Symbol;Acc:HGNC:16638]	0.29948744	
ADIPOR1	adiponectin receptor 1 [Source:HGNC Symbol;Acc:HGNC:24040]	0.2993791	
PRKCSH	protein kinase C substrate 80K-H [Source:HGNC Symbol;Acc:HGNC:9411]	0.29922724	
PSMD4	proteasome 26S subunit ubiquitin receptor, non-ATPase 4 [Source:HGNC Symbol;Acc:HGNC:9561]	0.29916546	
IGFLR1	IGF like family receptor 1 [Source:HGNC Symbol;Acc:HGNC:23620]	0.29901737	
RNF149	ring finger protein 149 [Source:HGNC Symbol;Acc:HGNC:23137]	0.29897773	
FBXO32	F-box protein 32 [Source:HGNC Symbol;Acc:HGNC:16731]	0.29875037	
SELENOK	selenoprotein K [Source:HGNC Symbol;Acc:HGNC:30394]	0.29862154	
UBE2A	ubiquitin conjugating enzyme E2 A [Source:HGNC Symbol;Acc:HGNC:12472]	0.29853088	
MYC	MYC proto-oncogene, bHLH transcription factor [Source:HGNC Symbol;Acc:HGNC:7553]	0.29846236	
VDAC3	voltage dependent anion channel 3 [Source:HGNC Symbol;Acc:HGNC:12674]	0.29845682	
NDUFC2	NADH:ubiquinone oxidoreductase subunit C2 [Source:HGNC Symbol;Acc:HGNC:7706]	0.2983312	
LTB4R	leukotriene B4 receptor [Source:HGNC Symbol;Acc:HGNC:6713]	0.2971998	
NMB	neuromedin B [Source:HGNC Symbol;Acc:HGNC:7842]	0.29719585	
PLEKHM3	pleckstrin homology domain containing M3 [Source:HGNC Symbol;Acc:HGNC:34006]	0.29634222	
ADPRH	ADP-ribosylarginine hydrolase [Source:HGNC Symbol;Acc:HGNC:269]	0.2961523	
ABI2	abl interactor 2 [Source:HGNC Symbol;Acc:HGNC:24011]	0.29510838	
COX7B	cytochrome c oxidase subunit 7B [Source:HGNC Symbol;Acc:HGNC:2291]	0.29498348	
PDCD5	programmed cell death 5 [Source:HGNC Symbol;Acc:HGNC:8764]	0.29462263	
ITGAL	integrin subunit alpha L [Source:HGNC Symbol;Acc:HGNC:6148]	0.29362434	
SERF1A	small EDRK-rich factor 1A [Source:HGNC Symbol;Acc:HGNC:10755]	0.29353622	
BARD1	BRCA1 associated RING domain 1 [Source:HGNC Symbol;Acc:HGNC:952]	0.292837	
EHBP1L1	EH domain binding protein 1 like 1 [Source:HGNC Symbol;Acc:HGNC:30682]	0.29258975	
BCL2L11	BCL2 like 11 [Source:HGNC Symbol;Acc:HGNC:994]	0.29256684	
FASLG	Fas ligand [Source:HGNC Symbol;Acc:HGNC:11936]	0.29193375	
COX20	cytochrome c oxidase assembly factor COX20 [Source:HGNC Symbol;Acc:HGNC:26970]	0.29183272	
STK11	serine/threonine kinase 11 [Source:HGNC Symbol;Acc:HGNC:11389]	0.29182053	
IVNS1ABP	influenza virus NS1A binding protein [Source:HGNC Symbol;Acc:HGNC:16951]	0.2915266	
ZNF318	zinc finger protein 318 [Source:HGNC Symbol;Acc:HGNC:13578]	0.29138628	
NFKBIB	NFKB inhibitor beta [Source:HGNC Symbol;Acc:HGNC:7798]	0.29126433	
COMMD4	COMM domain containing 4 [Source:HGNC Symbol;Acc:HGNC:26027]	0.29125342	
TIMM23	translocase of inner mitochondrial membrane 23 [Source:HGNC Symbol;Acc:HGNC:17312]	0.2908137	
MIEN1	migration and invasion enhancer 1 [Source:HGNC Symbol;Acc:HGNC:28230]	0.29066533	
NDUFA3	NADH:ubiquinone oxidoreductase subunit A3 [Source:HGNC Symbol;Acc:HGNC:7686]	0.29059282	
ITPK1	inositol-tetrakisphosphate 1-kinase [Source:HGNC Symbol;Acc:HGNC:6177]	0.28994945	
CXCR4	C-X-C motif chemokine receptor 4 [Source:HGNC Symbol;Acc:HGNC:2561]	0.28945014	
SERP2	stress associated endoplasmic reticulum protein family member 2 [Source:HGNC Symbol;Acc:HGNC:20607]	0.2891147	
DNM3	dynamin 3 [Source:HGNC Symbol;Acc:HGNC:29125]	0.28891543	
H2AJ	H2A.J histone [Source:HGNC Symbol;Acc:HGNC:14456]	0.28887466	
IL21R	interleukin 21 receptor [Source:HGNC Symbol;Acc:HGNC:6006]	0.28877425	
HIGD2A	HIG1 hypoxia inducible domain family member 2A [Source:HGNC Symbol;Acc:HGNC:28311]	0.2887262	
HERPUD1	homocysteine inducible ER protein with ubiquitin like domain 1 [Source:HGNC Symbol;Acc:HGNC:13744]	0.28858027	
PTPN9	protein tyrosine phosphatase non-receptor type 9 [Source:HGNC Symbol;Acc:HGNC:9661]	0.28790408	
TAF1	TATA-box binding protein associated factor 1 [Source:HGNC Symbol;Acc:HGNC:11535]	0.28759155	
PSMD13	proteasome 26S subunit, non-ATPase 13 [Source:HGNC Symbol;Acc:HGNC:9558]	0.28701594	
TXNRD1	thioredoxin reductase 1 [Source:HGNC Symbol;Acc:HGNC:12437]	0.28700557	
TMEM234	transmembrane protein 234 [Source:HGNC Symbol;Acc:HGNC:28837]	0.2868523	
VPS28	VPS28 subunit of ESCRT-I [Source:HGNC Symbol;Acc:HGNC:18178]	0.28682718	
SDCBP	syndecan binding protein [Source:HGNC Symbol;Acc:HGNC:10662]	0.2865879	
NPEPL1	aminopeptidase like 1 [Source:HGNC Symbol;Acc:HGNC:16244]	0.28646287	
MAN1B1	mannosidase alpha class 1B member 1 [Source:HGNC Symbol;Acc:HGNC:6823]	0.28614312	
CDIP1	cell death inducing p53 target 1 [Source:HGNC Symbol;Acc:HGNC:13234]	0.28556123	
MAPK14	mitogen-activated protein kinase 14 [Source:HGNC Symbol;Acc:HGNC:6876]	0.28524798	
ABTB3	ankyrin repeat and BTB domain containing 3 [Source:HGNC Symbol;Acc:HGNC:23844]	0.2851154	
MKRN1	makorin ring finger protein 1 [Source:HGNC Symbol;Acc:HGNC:7112]	0.28508607	
AKIRIN1	akirin 1 [Source:HGNC Symbol;Acc:HGNC:25744]	0.2848332	
ITM2B	integral membrane protein 2B [Source:HGNC Symbol;Acc:HGNC:6174]	0.2844643	
SUMO1	small ubiquitin like modifier 1 [Source:HGNC Symbol;Acc:HGNC:12502]	0.28396136	
UBE2V1	ubiquitin conjugating enzyme E2 V1 [Source:HGNC Symbol;Acc:HGNC:12494]	0.28394225	
ABCF1	ATP binding cassette subfamily F member 1 [Source:HGNC Symbol;Acc:HGNC:70]	0.28376108	
TRPV2	transient receptor potential cation channel subfamily V member 2 [Source:HGNC Symbol;Acc:HGNC:18082]	0.2832133	
TMEM14C	transmembrane protein 14C [Source:HGNC Symbol;Acc:HGNC:20952]	0.2829491	
EGR2	early growth response 2 [Source:HGNC Symbol;Acc:HGNC:3239]	0.28294712	
CISD1	CDGSH iron sulfur domain 1 [Source:HGNC Symbol;Acc:HGNC:30880]	0.2828964	
WWOX	WW domain containing oxidoreductase [Source:HGNC Symbol;Acc:HGNC:12799]	0.28264952	
PTPN6	protein tyrosine phosphatase non-receptor type 6 [Source:HGNC Symbol;Acc:HGNC:9658]	0.28236422	
POLR2E	RNA polymerase II, I and III subunit E [Source:HGNC Symbol;Acc:HGNC:9192]	0.28219068	
DYNLRB1	dynein light chain roadblock-type 1 [Source:HGNC Symbol;Acc:HGNC:15468]	0.28212562	
UNC45A	unc-45 myosin chaperone A [Source:HGNC Symbol;Acc:HGNC:30594]	0.28201517	
WDR1	WD repeat domain 1 [Source:HGNC Symbol;Acc:HGNC:12754]	0.28200445	
PI4K2A	phosphatidylinositol 4-kinase type 2 alpha [Source:HGNC Symbol;Acc:HGNC:30031]	0.28195643	
IL12RB2	interleukin 12 receptor subunit beta 2 [Source:HGNC Symbol;Acc:HGNC:5972]	0.281939	
ACSL4	acyl-CoA synthetase long chain family member 4 [Source:HGNC Symbol;Acc:HGNC:3571]	0.28191888	
C16orf87	chromosome 16 open reading frame 87 [Source:HGNC Symbol;Acc:HGNC:33754]	0.2814852	
ACADL	acyl-CoA dehydrogenase long chain [Source:HGNC Symbol;Acc:HGNC:88]	0.28120735	
FCRL1	Fc receptor like 1 [Source:HGNC Symbol;Acc:HGNC:18509]	0.28109622	
FUNDC2	FUN14 domain containing 2 [Source:HGNC Symbol;Acc:HGNC:24925]	0.28104645	
CSNK1G2	casein kinase 1 gamma 2 [Source:HGNC Symbol;Acc:HGNC:2455]	0.28044888	
ATP5MC1	ATP synthase membrane subunit c locus 1 [Source:HGNC Symbol;Acc:HGNC:841]	0.28016895	
PPP1R2	protein phosphatase 1 regulatory inhibitor subunit 2 [Source:HGNC Symbol;Acc:HGNC:9288]	0.28002018	
ANP32B	acidic nuclear phosphoprotein 32 family member B [Source:HGNC Symbol;Acc:HGNC:16677]	0.28001902	
SNRPD2	small nuclear ribonucleoprotein D2 polypeptide [Source:HGNC Symbol;Acc:HGNC:11159]	0.2800003	
ERH	ERH mRNA splicing and mitosis factor [Source:HGNC Symbol;Acc:HGNC:3447]	0.27999428	
CAPZA2	capping actin protein of muscle Z-line subunit alpha 2 [Source:HGNC Symbol;Acc:HGNC:1490]	0.27970335	
MORF4L1	mortality factor 4 like 1 [Source:HGNC Symbol;Acc:HGNC:16989]	0.27925375	
SLC66A2	solute carrier family 66 member 2 [Source:HGNC Symbol;Acc:HGNC:26188]	0.27882543	
ARRB1	arrestin beta 1 [Source:HGNC Symbol;Acc:HGNC:711]	0.27841568	
SPRY1	sprouty RTK signaling antagonist 1 [Source:HGNC Symbol;Acc:HGNC:11269]	0.27777043	
NINJ1	ninjurin 1 [Source:HGNC Symbol;Acc:HGNC:7824]	0.27750224	
HLA-B	major histocompatibility complex, class I, B [Source:HGNC Symbol;Acc:HGNC:4932]	0.27663225	
GRN	granulin precursor [Source:HGNC Symbol;Acc:HGNC:4601]	0.27657855	
RAB11A	RAB11A, member RAS oncogene family [Source:HGNC Symbol;Acc:HGNC:9760]	0.27657837	
CFL1	cofilin 1 [Source:HGNC Symbol;Acc:HGNC:1874]	0.27610204	
TAX1BP1	Tax1 binding protein 1 [Source:HGNC Symbol;Acc:HGNC:11575]	0.27606806	
GALNT9	polypeptide N-acetylgalactosaminyltransferase 9 [Source:HGNC Symbol;Acc:HGNC:4131]	0.2759913	
ARHGAP21	Rho GTPase activating protein 21 [Source:HGNC Symbol;Acc:HGNC:23725]	0.27578518	
CRMP1	collapsin response mediator protein 1 [Source:HGNC Symbol;Acc:HGNC:2365]	0.27555257	
SLC6A6	solute carrier family 6 member 6 [Source:HGNC Symbol;Acc:HGNC:11052]	0.2752696	
ATG2A	autophagy related 2A [Source:HGNC Symbol;Acc:HGNC:29028]	0.2742016	
GHITM	growth hormone inducible transmembrane protein [Source:HGNC Symbol;Acc:HGNC:17281]	0.27415875	
PRKCH	protein kinase C eta [Source:HGNC Symbol;Acc:HGNC:9403]	0.2740414	
TMEM135	transmembrane protein 135 [Source:HGNC Symbol;Acc:HGNC:26167]	0.2734444	
VCP	valosin containing protein [Source:HGNC Symbol;Acc:HGNC:12666]	0.2733843	
DTNBP1	dystrobrevin binding protein 1 [Source:HGNC Symbol;Acc:HGNC:17328]	0.27328232	
NENF	neudesin neurotrophic factor [Source:HGNC Symbol;Acc:HGNC:30384]	0.27283135	
STIM2	stromal interaction molecule 2 [Source:HGNC Symbol;Acc:HGNC:19205]	0.27248812	
RRP1	ribosomal RNA processing 1 [Source:HGNC Symbol;Acc:HGNC:18785]	0.27224973	
KXD1	KxDL motif containing 1 [Source:HGNC Symbol;Acc:HGNC:28420]	0.2719536	
NDUFC1	NADH:ubiquinone oxidoreductase subunit C1 [Source:HGNC Symbol;Acc:HGNC:7705]	0.27158228	
GTF2F1	general transcription factor IIF subunit 1 [Source:HGNC Symbol;Acc:HGNC:4652]	0.27157775	
ICA1L	islet cell autoantigen 1 like [Source:HGNC Symbol;Acc:HGNC:14442]	0.27140325	
BLMH	bleomycin hydrolase [Source:HGNC Symbol;Acc:HGNC:1059]	0.2712541	
CFAP36	cilia and flagella associated protein 36 [Source:HGNC Symbol;Acc:HGNC:30540]	0.2711206	
TMEM134	transmembrane protein 134 [Source:HGNC Symbol;Acc:HGNC:26142]	0.2709561	
CLTC	clathrin heavy chain [Source:HGNC Symbol;Acc:HGNC:2092]	0.27002114	
INTS6	integrator complex subunit 6 [Source:HGNC Symbol;Acc:HGNC:14879]	0.2699267	
CTSZ	cathepsin Z [Source:HGNC Symbol;Acc:HGNC:2547]	0.26962715	
NDE1	nudE neurodevelopment protein 1 [Source:HGNC Symbol;Acc:HGNC:17619]	0.2695594	
ZBTB7A	zinc finger and BTB domain containing 7A [Source:HGNC Symbol;Acc:HGNC:18078]	0.26919773	
ZSWIM6	zinc finger SWIM-type containing 6 [Source:HGNC Symbol;Acc:HGNC:29316]	0.2690916	
SIAE	sialic acid acetylesterase [Source:HGNC Symbol;Acc:HGNC:18187]	0.26895604	
MPHOSPH6	M-phase phosphoprotein 6 [Source:HGNC Symbol;Acc:HGNC:7214]	0.26862708	
UBE2F	ubiquitin conjugating enzyme E2 F (putative) [Source:HGNC Symbol;Acc:HGNC:12480]	0.26850215	
GLB1	galactosidase beta 1 [Source:HGNC Symbol;Acc:HGNC:4298]	0.26845413	
SLC25A39	solute carrier family 25 member 39 [Source:HGNC Symbol;Acc:HGNC:24279]	0.26812595	
PTGFRN	prostaglandin F2 receptor inhibitor [Source:HGNC Symbol;Acc:HGNC:9601]	0.2679781	
VIPR2	vasoactive intestinal peptide receptor 2 [Source:HGNC Symbol;Acc:HGNC:12695]	0.26765996	
KMT2E	lysine methyltransferase 2E (inactive) [Source:HGNC Symbol;Acc:HGNC:18541]	0.2674906	
GLMP	glycosylated lysosomal membrane protein [Source:HGNC Symbol;Acc:HGNC:29436]	0.2672908	
FRG1	FSHD region gene 1 [Source:HGNC Symbol;Acc:HGNC:3954]	0.26727998	
EIF4EBP1	eukaryotic translation initiation factor 4E binding protein 1 [Source:HGNC Symbol;Acc:HGNC:3288]	0.26725525	
TRGC1	T cell receptor gamma constant 1 [Source:HGNC Symbol;Acc:HGNC:12275]	0.26657903	
ETS2	ETS proto-oncogene 2, transcription factor [Source:HGNC Symbol;Acc:HGNC:3489]	0.26626864	
PTPN4	protein tyrosine phosphatase non-receptor type 4 [Source:HGNC Symbol;Acc:HGNC:9656]	0.2661999	
EIF4E	eukaryotic translation initiation factor 4E [Source:HGNC Symbol;Acc:HGNC:3287]	0.2660766	
SEMA4C	semaphorin 4C [Source:HGNC Symbol;Acc:HGNC:10731]	0.2660235	
OS9	OS9 endoplasmic reticulum lectin [Source:HGNC Symbol;Acc:HGNC:16994]	0.26565936	
UBE2N	ubiquitin conjugating enzyme E2 N [Source:HGNC Symbol;Acc:HGNC:12492]	0.26550102	
SLC25A19	solute carrier family 25 member 19 [Source:HGNC Symbol;Acc:HGNC:14409]	0.26524588	
NDUFB6	NADH:ubiquinone oxidoreductase subunit B6 [Source:HGNC Symbol;Acc:HGNC:7701]	0.26457748	
CDKN1B	cyclin dependent kinase inhibitor 1B [Source:HGNC Symbol;Acc:HGNC:1785]	0.26390362	
CHCHD2	coiled-coil-helix-coiled-coil-helix domain containing 2 [Source:HGNC Symbol;Acc:HGNC:21645]	0.26373842	
NMNAT2	nicotinamide nucleotide adenylyltransferase 2 [Source:HGNC Symbol;Acc:HGNC:16789]	0.26371032	
STX5	syntaxin 5 [Source:HGNC Symbol;Acc:HGNC:11440]	0.26368326	
SETD3	SET domain containing 3, actin histidine methyltransferase [Source:HGNC Symbol;Acc:HGNC:20493]	0.2635188	
ABL1	ABL proto-oncogene 1, non-receptor tyrosine kinase [Source:HGNC Symbol;Acc:HGNC:76]	0.26329005	
H3-3A	H3.3 histone A [Source:HGNC Symbol;Acc:HGNC:4764]	0.26306427	
SNF8	SNF8 subunit of ESCRT-II [Source:HGNC Symbol;Acc:HGNC:17028]	0.26305884	
SEC31A	SEC31 homolog A, COPII coat complex component [Source:HGNC Symbol;Acc:HGNC:17052]	0.2626913	
RPL22	ribosomal protein L22 [Source:HGNC Symbol;Acc:HGNC:10315]	0.2619822	
DDX24	DEAD-box helicase 24 [Source:HGNC Symbol;Acc:HGNC:13266]	0.26147953	
R3HDM4	R3H domain containing 4 [Source:HGNC Symbol;Acc:HGNC:28270]	0.2612957	
GPR107	G protein-coupled receptor 107 [Source:HGNC Symbol;Acc:HGNC:17830]	0.26121724	
ATP6V1E1	ATPase H+ transporting V1 subunit E1 [Source:HGNC Symbol;Acc:HGNC:857]	0.26100048	
ITPKB	inositol-trisphosphate 3-kinase B [Source:HGNC Symbol;Acc:HGNC:6179]	0.26091748	
MPC2	mitochondrial pyruvate carrier 2 [Source:HGNC Symbol;Acc:HGNC:24515]	0.26089355	
GABBR1	gamma-aminobutyric acid type B receptor subunit 1 [Source:HGNC Symbol;Acc:HGNC:4070]	0.26086468	
ADAP1	ArfGAP with dual PH domains 1 [Source:HGNC Symbol;Acc:HGNC:16486]	0.26075217	
GM2A	ganglioside GM2 activator [Source:HGNC Symbol;Acc:HGNC:4367]	0.2602826	
CCDC174	coiled-coil domain containing 174 [Source:HGNC Symbol;Acc:HGNC:28033]	0.26027203	
RPL28	ribosomal protein L28 [Source:HGNC Symbol;Acc:HGNC:10330]	0.2601326	
DHRS7	dehydrogenase/reductase 7 [Source:HGNC Symbol;Acc:HGNC:21524]	0.2601003	
CIAO2A	cytosolic iron-sulfur assembly component 2A [Source:HGNC Symbol;Acc:HGNC:26235]	0.2599115	
TRIM24	tripartite motif containing 24 [Source:HGNC Symbol;Acc:HGNC:11812]	0.25969636	
AFF3	ALF transcription elongation factor 3 [Source:HGNC Symbol;Acc:HGNC:6473]	0.25939146	
MT-CO1	mitochondrially encoded cytochrome c oxidase I [Source:HGNC Symbol;Acc:HGNC:7419]	0.2593378	
HLA-DOA	major histocompatibility complex, class II, DO alpha [Source:HGNC Symbol;Acc:HGNC:4936]	0.25922346	
PTPA	protein phosphatase 2 phosphatase activator [Source:HGNC Symbol;Acc:HGNC:9308]	0.2589232	
ARL2BP	ADP ribosylation factor like GTPase 2 binding protein [Source:HGNC Symbol;Acc:HGNC:17146]	0.25879878	
IRF8	interferon regulatory factor 8 [Source:HGNC Symbol;Acc:HGNC:5358]	0.25863624	
PTP4A2	protein tyrosine phosphatase 4A2 [Source:HGNC Symbol;Acc:HGNC:9635]	0.25863206	
MAP3K14	mitogen-activated protein kinase kinase kinase 14 [Source:HGNC Symbol;Acc:HGNC:6853]	0.25862265	
REXO2	RNA exonuclease 2 [Source:HGNC Symbol;Acc:HGNC:17851]	0.25834793	
BNIP2	BCL2 interacting protein 2 [Source:HGNC Symbol;Acc:HGNC:1083]	0.25814056	
PSMC5	proteasome 26S subunit, ATPase 5 [Source:HGNC Symbol;Acc:HGNC:9552]	0.2579409	
SNX9	sorting nexin 9 [Source:HGNC Symbol;Acc:HGNC:14973]	0.25778252	
SLC41A1	solute carrier family 41 member 1 [Source:HGNC Symbol;Acc:HGNC:19429]	0.25768736	
COX14	cytochrome c oxidase assembly factor COX14 [Source:HGNC Symbol;Acc:HGNC:28216]	0.25767606	
BCL10	BCL10 immune signaling adaptor [Source:HGNC Symbol;Acc:HGNC:989]	0.25729972	
DGKH	diacylglycerol kinase eta [Source:HGNC Symbol;Acc:HGNC:2854]	0.25721303	
ARL5B	ADP ribosylation factor like GTPase 5B [Source:HGNC Symbol;Acc:HGNC:23052]	0.25720438	
HRAS	HRas proto-oncogene, GTPase [Source:HGNC Symbol;Acc:HGNC:5173]	0.25715196	
PET100	PET100 cytochrome c oxidase chaperone [Source:HGNC Symbol;Acc:HGNC:40038]	0.25681153	
UQCRFS1	ubiquinol-cytochrome c reductase, Rieske iron-sulfur polypeptide 1 [Source:HGNC Symbol;Acc:HGNC:12587]	0.25654978	
FAM241A	family with sequence similarity 241 member A [Source:HGNC Symbol;Acc:HGNC:26813]	0.25610235	
SOX5	SRY-box transcription factor 5 [Source:HGNC Symbol;Acc:HGNC:11201]	0.25602582	
SRP9	signal recognition particle 9 [Source:HGNC Symbol;Acc:HGNC:11304]	0.2559578	
CXorf38	chromosome X open reading frame 38 [Source:HGNC Symbol;Acc:HGNC:28589]	0.255912	
DOCK2	dedicator of cytokinesis 2 [Source:HGNC Symbol;Acc:HGNC:2988]	0.25587153	
CLK1	CDC like kinase 1 [Source:HGNC Symbol;Acc:HGNC:2068]	0.2558524	
C9orf72	C9orf72-SMCR8 complex subunit [Source:HGNC Symbol;Acc:HGNC:28337]	0.25572306	
ISYNA1	inositol-3-phosphate synthase 1 [Source:HGNC Symbol;Acc:HGNC:29821]	0.25521627	
SLC38A10	solute carrier family 38 member 10 [Source:HGNC Symbol;Acc:HGNC:28237]	0.25505182	
FNDC3B	fibronectin type III domain containing 3B [Source:HGNC Symbol;Acc:HGNC:24670]	0.25471127	
CUL2	cullin 2 [Source:HGNC Symbol;Acc:HGNC:2552]	0.25468227	
STAB2	stabilin 2 [Source:HGNC Symbol;Acc:HGNC:18629]	0.25463262	
SLC12A2	solute carrier family 12 member 2 [Source:HGNC Symbol;Acc:HGNC:10911]	0.25439855	
CAMK2G	calcium/calmodulin dependent protein kinase II gamma [Source:HGNC Symbol;Acc:HGNC:1463]	0.2543065	
LYPLA2	lysophospholipase 2 [Source:HGNC Symbol;Acc:HGNC:6738]	0.2536392	
LEO1	LEO1 homolog, Paf1/RNA polymerase II complex component [Source:HGNC Symbol;Acc:HGNC:30401]	0.25360528	
ZNF703	zinc finger protein 703 [Source:HGNC Symbol;Acc:HGNC:25883]	0.25351635	
RPL6	ribosomal protein L6 [Source:HGNC Symbol;Acc:HGNC:10362]	0.25345573	
PTPMT1	protein tyrosine phosphatase mitochondrial 1 [Source:HGNC Symbol;Acc:HGNC:26965]	0.25335762	
RSRC2	arginine and serine rich coiled-coil 2 [Source:HGNC Symbol;Acc:HGNC:30559]	0.25328732	
GLRX	glutaredoxin [Source:HGNC Symbol;Acc:HGNC:4330]	0.25325805	
SEC62	SEC62 homolog, preprotein translocation factor [Source:HGNC Symbol;Acc:HGNC:11846]	0.25308084	
CENPX	centromere protein X [Source:HGNC Symbol;Acc:HGNC:11422]	0.252737	
LRRC58	leucine rich repeat containing 58 [Source:HGNC Symbol;Acc:HGNC:26968]	0.25273168	
SYNPO	synaptopodin [Source:HGNC Symbol;Acc:HGNC:30672]	0.25267243	
SACM1L	SAC1 like phosphatidylinositide phosphatase [Source:HGNC Symbol;Acc:HGNC:17059]	0.25253114	
GXYLT1	glucoside xylosyltransferase 1 [Source:HGNC Symbol;Acc:HGNC:27482]	0.25229836	
ATF4	activating transcription factor 4 [Source:HGNC Symbol;Acc:HGNC:786]	0.2522742	
SIDT2	SID1 transmembrane family member 2 [Source:HGNC Symbol;Acc:HGNC:24272]	0.25200176	
HOOK2	hook microtubule tethering protein 2 [Source:HGNC Symbol;Acc:HGNC:19885]	0.25186592	
TRAPPC6A	trafficking protein particle complex subunit 6A [Source:HGNC Symbol;Acc:HGNC:23069]	0.25165755	
YIPF3	Yip1 domain family member 3 [Source:HGNC Symbol;Acc:HGNC:21023]	0.25160778	
GOT2	glutamic-oxaloacetic transaminase 2 [Source:HGNC Symbol;Acc:HGNC:4433]	0.25159243	
RPL36	ribosomal protein L36 [Source:HGNC Symbol;Acc:HGNC:13631]	0.25144818	
PDE7A	phosphodiesterase 7A [Source:HGNC Symbol;Acc:HGNC:8791]	0.2511258	
NACA	nascent polypeptide associated complex subunit alpha [Source:HGNC Symbol;Acc:HGNC:7629]	0.25110173	
FAM3C	FAM3 metabolism regulating signaling molecule C [Source:HGNC Symbol;Acc:HGNC:18664]	0.25109392	
RAP2A	RAP2A, member of RAS oncogene family [Source:HGNC Symbol;Acc:HGNC:9861]	0.25102776	
TMF1	TATA element modulatory factor 1 [Source:HGNC Symbol;Acc:HGNC:11870]	0.2509033	
CHD7	chromodomain helicase DNA binding protein 7 [Source:HGNC Symbol;Acc:HGNC:20626]	0.25008893	
MAPKAP1	MAPK associated protein 1 [Source:HGNC Symbol;Acc:HGNC:18752]	-0.2512028	
NOPCHAP1	NOP protein chaperone 1 [Source:HGNC Symbol;Acc:HGNC:28628]	-0.2512976	
ACAP2	ArfGAP with coiled-coil, ankyrin repeat and PH domains 2 [Source:HGNC Symbol;Acc:HGNC:16469]	-0.25187218	
ZKSCAN4	zinc finger with KRAB and SCAN domains 4 [Source:HGNC Symbol;Acc:HGNC:13854]	-0.25190243	
NUP153	nucleoporin 153 [Source:HGNC Symbol;Acc:HGNC:8062]	-0.25219834	
RPL13	ribosomal protein L13 [Source:HGNC Symbol;Acc:HGNC:10303]	-0.2522462	
SNRK	SNF related kinase [Source:HGNC Symbol;Acc:HGNC:30598]	-0.25304893	
CPSF3	cleavage and polyadenylation specific factor 3 [Source:HGNC Symbol;Acc:HGNC:2326]	-0.25306863	
VRK3	VRK serine/threonine kinase 3 [Source:HGNC Symbol;Acc:HGNC:18996]	-0.253147	
MOSMO	modulator of smoothened [Source:HGNC Symbol;Acc:HGNC:27087]	-0.25332442	
DUSP7	dual specificity phosphatase 7 [Source:HGNC Symbol;Acc:HGNC:3073]	-0.25341496	
LTA4H	leukotriene A4 hydrolase [Source:HGNC Symbol;Acc:HGNC:6710]	-0.2534792	
LIMD2	LIM domain containing 2 [Source:HGNC Symbol;Acc:HGNC:28142]	-0.2549763	
TAF15	TATA-box binding protein associated factor 15 [Source:HGNC Symbol;Acc:HGNC:11547]	-0.25501403	
MICAL3	microtubule associated monooxygenase, calponin and LIM domain containing 3 [Source:HGNC Symbol;Acc:HGNC:24694]	-0.25519052	
ST3GAL4	ST3 beta-galactoside alpha-2,3-sialyltransferase 4 [Source:HGNC Symbol;Acc:HGNC:10864]	-0.25522786	
TNKS	tankyrase [Source:HGNC Symbol;Acc:HGNC:11941]	-0.2559103	
C18orf25	chromosome 18 open reading frame 25 [Source:HGNC Symbol;Acc:HGNC:28172]	-0.25651255	
USP7	ubiquitin specific peptidase 7 [Source:HGNC Symbol;Acc:HGNC:12630]	-0.25704932	
INVS	inversin [Source:HGNC Symbol;Acc:HGNC:17870]	-0.25708726	
ORC3	origin recognition complex subunit 3 [Source:HGNC Symbol;Acc:HGNC:8489]	-0.25755602	
KIAA0040	KIAA0040 [Source:HGNC Symbol;Acc:HGNC:28950]	-0.25837278	
KCNAB2	potassium voltage-gated channel subfamily A regulatory beta subunit 2 [Source:HGNC Symbol;Acc:HGNC:6229]	-0.25840518	
ITPR3	inositol 1,4,5-trisphosphate receptor type 3 [Source:HGNC Symbol;Acc:HGNC:6182]	-0.25845578	
BRDT	bromodomain testis associated [Source:HGNC Symbol;Acc:HGNC:1105]	-0.25853407	
PARP10	poly(ADP-ribose) polymerase family member 10 [Source:HGNC Symbol;Acc:HGNC:25895]	-0.25874642	
WARS2	tryptophanyl tRNA synthetase 2, mitochondrial [Source:HGNC Symbol;Acc:HGNC:12730]	-0.25924417	
CEP68	centrosomal protein 68 [Source:HGNC Symbol;Acc:HGNC:29076]	-0.25924575	
PPM1K	protein phosphatase, Mg2+/Mn2+ dependent 1K [Source:HGNC Symbol;Acc:HGNC:25415]	-0.25930578	
MDC1	mediator of DNA damage checkpoint 1 [Source:HGNC Symbol;Acc:HGNC:21163]	-0.25962678	
KLHL2	kelch like family member 2 [Source:HGNC Symbol;Acc:HGNC:6353]	-0.2598815	
CWF19L2	CWF19 like cell cycle control factor 2 [Source:HGNC Symbol;Acc:HGNC:26508]	-0.25990155	
PPARGC1B	PPARG coactivator 1 beta [Source:HGNC Symbol;Acc:HGNC:30022]	-0.2599234	
ZNF91	zinc finger protein 91 [Source:HGNC Symbol;Acc:HGNC:13166]	-0.25993723	
FAM120B	family with sequence similarity 120B [Source:HGNC Symbol;Acc:HGNC:21109]	-0.25995576	
MTAP	methylthioadenosine phosphorylase [Source:HGNC Symbol;Acc:HGNC:7413]	-0.259956	
DCAF1	DDB1 and CUL4 associated factor 1 [Source:HGNC Symbol;Acc:HGNC:30911]	-0.26018593	
RPL26	ribosomal protein L26 [Source:HGNC Symbol;Acc:HGNC:10327]	-0.26054484	
CCDC171	coiled-coil domain containing 171 [Source:HGNC Symbol;Acc:HGNC:29828]	-0.26106182	
GABPB2	GA binding protein transcription factor subunit beta 2 [Source:HGNC Symbol;Acc:HGNC:28441]	-0.2612146	
ERICH1	glutamate rich 1 [Source:HGNC Symbol;Acc:HGNC:27234]	-0.26148862	
NAA16	N-alpha-acetyltransferase 16, NatA auxiliary subunit [Source:HGNC Symbol;Acc:HGNC:26164]	-0.2622857	
ZNF395	zinc finger protein 395 [Source:HGNC Symbol;Acc:HGNC:18737]	-0.26259637	
FEZ2	fasciculation and elongation protein zeta 2 [Source:HGNC Symbol;Acc:HGNC:3660]	-0.2634851	
ZNF438	zinc finger protein 438 [Source:HGNC Symbol;Acc:HGNC:21029]	-0.26351893	
IKBKB	inhibitor of nuclear factor kappa B kinase subunit beta [Source:HGNC Symbol;Acc:HGNC:5960]	-0.26357698	
ZNF518A	zinc finger protein 518A [Source:HGNC Symbol;Acc:HGNC:29009]	-0.26383552	
TAP2	transporter 2, ATP binding cassette subfamily B member [Source:HGNC Symbol;Acc:HGNC:44]	-0.26405895	
H1-5	H1.5 linker histone, cluster member [Source:HGNC Symbol;Acc:HGNC:4719]	-0.26415935	
TMEM209	transmembrane protein 209 [Source:HGNC Symbol;Acc:HGNC:21898]	-0.26422676	
METTL16	methyltransferase 16, N6-methyladenosine [Source:HGNC Symbol;Acc:HGNC:28484]	-0.26431394	
FANCL	FA complementation group L [Source:HGNC Symbol;Acc:HGNC:20748]	-0.26474985	
ADCY3	adenylate cyclase 3 [Source:HGNC Symbol;Acc:HGNC:234]	-0.26479572	
UQCC1	ubiquinol-cytochrome c reductase complex assembly factor 1 [Source:HGNC Symbol;Acc:HGNC:15891]	-0.26502645	
FHIT	fragile histidine triad diadenosine triphosphatase [Source:HGNC Symbol;Acc:HGNC:3701]	-0.26508996	
RPL7	ribosomal protein L7 [Source:HGNC Symbol;Acc:HGNC:10363]	-0.26509285	
C19orf12	chromosome 19 open reading frame 12 [Source:HGNC Symbol;Acc:HGNC:25443]	-0.2652773	
SPTBN1	spectrin beta, non-erythrocytic 1 [Source:HGNC Symbol;Acc:HGNC:11275]	-0.26530263	
LIMS1	LIM zinc finger domain containing 1 [Source:HGNC Symbol;Acc:HGNC:6616]	-0.26566076	
MINDY2	MINDY lysine 48 deubiquitinase 2 [Source:HGNC Symbol;Acc:HGNC:26954]	-0.2659637	
RALGAPA2	Ral GTPase activating protein catalytic subunit alpha 2 [Source:HGNC Symbol;Acc:HGNC:16207]	-0.26613623	
DCAF5	DDB1 and CUL4 associated factor 5 [Source:HGNC Symbol;Acc:HGNC:20224]	-0.26629442	
SND1	staphylococcal nuclease and tudor domain containing 1 [Source:HGNC Symbol;Acc:HGNC:30646]	-0.2666092	
FKBP5	FKBP prolyl isomerase 5 [Source:HGNC Symbol;Acc:HGNC:3721]	-0.2668305	
AZI2	5-azacytidine induced 2 [Source:HGNC Symbol;Acc:HGNC:24002]	-0.26705185	
DRAM2	DNA damage regulated autophagy modulator 2 [Source:HGNC Symbol;Acc:HGNC:28769]	-0.26710057	
TBL1XR1	TBL1X/Y related 1 [Source:HGNC Symbol;Acc:HGNC:29529]	-0.26723742	
PIBF1	progesterone immunomodulatory binding factor 1 [Source:HGNC Symbol;Acc:HGNC:23352]	-0.26730612	
TAOK3	TAO kinase 3 [Source:HGNC Symbol;Acc:HGNC:18133]	-0.26754898	
TRIP12	thyroid hormone receptor interactor 12 [Source:HGNC Symbol;Acc:HGNC:12306]	-0.26771975	
LIN52	lin-52 DREAM MuvB core complex component [Source:HGNC Symbol;Acc:HGNC:19856]	-0.2679177	
ALG14	ALG14 UDP-N-acetylglucosaminyltransferase subunit [Source:HGNC Symbol;Acc:HGNC:28287]	-0.26830575	
CAMK2D	calcium/calmodulin dependent protein kinase II delta [Source:HGNC Symbol;Acc:HGNC:1462]	-0.2684448	
SNX29	sorting nexin 29 [Source:HGNC Symbol;Acc:HGNC:30542]	-0.26910815	
ATG3	autophagy related 3 [Source:HGNC Symbol;Acc:HGNC:20962]	-0.26912677	
LMAN2L	lectin, mannose binding 2 like [Source:HGNC Symbol;Acc:HGNC:19263]	-0.269263	
ZNF260	zinc finger protein 260 [Source:HGNC Symbol;Acc:HGNC:13499]	-0.2696999	
XPNPEP3	X-prolyl aminopeptidase 3 [Source:HGNC Symbol;Acc:HGNC:28052]	-0.26987037	
TRPC4AP	transient receptor potential cation channel subfamily C member 4 associated protein [Source:HGNC Symbol;Acc:HGNC:16181]	-0.27062356	
XPO7	exportin 7 [Source:HGNC Symbol;Acc:HGNC:14108]	-0.27063113	
DHX30	DExH-box helicase 30 [Source:HGNC Symbol;Acc:HGNC:16716]	-0.271057	
ZDHHC20	zinc finger DHHC-type palmitoyltransferase 20 [Source:HGNC Symbol;Acc:HGNC:20749]	-0.27112004	
IRF3	interferon regulatory factor 3 [Source:HGNC Symbol;Acc:HGNC:6118]	-0.27159357	
ZMYM2	zinc finger MYM-type containing 2 [Source:HGNC Symbol;Acc:HGNC:12989]	-0.27230114	
ELP4	elongator acetyltransferase complex subunit 4 [Source:HGNC Symbol;Acc:HGNC:1171]	-0.2725932	
METTL8	methyltransferase 8, methylcytidine [Source:HGNC Symbol;Acc:HGNC:25856]	-0.2727398	
RETREG1	reticulophagy regulator 1 [Source:HGNC Symbol;Acc:HGNC:25964]	-0.27297202	
NIN	ninein [Source:HGNC Symbol;Acc:HGNC:14906]	-0.2731555	
GBP5	guanylate binding protein 5 [Source:HGNC Symbol;Acc:HGNC:19895]	-0.27329484	
TAPT1	transmembrane anterior posterior transformation 1 [Source:HGNC Symbol;Acc:HGNC:26887]	-0.2739612	
DIDO1	death inducer-obliterator 1 [Source:HGNC Symbol;Acc:HGNC:2680]	-0.2741667	
NXPE3	neurexophilin and PC-esterase domain family member 3 [Source:HGNC Symbol;Acc:HGNC:28238]	-0.27420217	
DMAC1	distal membrane arm assembly component 1 [Source:HGNC Symbol;Acc:HGNC:30536]	-0.27467954	
TMPO	thymopoietin [Source:HGNC Symbol;Acc:HGNC:11875]	-0.27524528	
ERBIN	erbb2 interacting protein [Source:HGNC Symbol;Acc:HGNC:15842]	-0.27527514	
EML5	EMAP like 5 [Source:HGNC Symbol;Acc:HGNC:18197]	-0.27534166	
DAPK1	death associated protein kinase 1 [Source:HGNC Symbol;Acc:HGNC:2674]	-0.27541244	
DMXL1	Dmx like 1 [Source:HGNC Symbol;Acc:HGNC:2937]	-0.27549705	
GRK6	G protein-coupled receptor kinase 6 [Source:HGNC Symbol;Acc:HGNC:4545]	-0.27568153	
ABCC5	ATP binding cassette subfamily C member 5 [Source:HGNC Symbol;Acc:HGNC:56]	-0.27594587	
ANKRD17	ankyrin repeat domain 17 [Source:HGNC Symbol;Acc:HGNC:23575]	-0.2763104	
TANGO6	transport and golgi organization 6 homolog [Source:HGNC Symbol;Acc:HGNC:25749]	-0.27645516	
VAMP1	vesicle associated membrane protein 1 [Source:HGNC Symbol;Acc:HGNC:12642]	-0.27729106	
PRKDC	protein kinase, DNA-activated, catalytic subunit [Source:HGNC Symbol;Acc:HGNC:9413]	-0.27757156	
SRSF5	serine and arginine rich splicing factor 5 [Source:HGNC Symbol;Acc:HGNC:10787]	-0.2777944	
IPO11	importin 11 [Source:HGNC Symbol;Acc:HGNC:20628]	-0.27846345	
PHF3	PHD finger protein 3 [Source:HGNC Symbol;Acc:HGNC:8921]	-0.27856916	
MLLT6	MLLT6, PHD finger containing [Source:HGNC Symbol;Acc:HGNC:7138]	-0.27866346	
RFFL	ring finger and FYVE like domain containing E3 ubiquitin protein ligase [Source:HGNC Symbol;Acc:HGNC:24821]	-0.27904493	
CNOT2	CCR4-NOT transcription complex subunit 2 [Source:HGNC Symbol;Acc:HGNC:7878]	-0.27974752	
ARHGAP35	Rho GTPase activating protein 35 [Source:HGNC Symbol;Acc:HGNC:4591]	-0.280005	
CNP	2',3'-cyclic nucleotide 3' phosphodiesterase [Source:HGNC Symbol;Acc:HGNC:2158]	-0.28012067	
TNRC6B	trinucleotide repeat containing adaptor 6B [Source:HGNC Symbol;Acc:HGNC:29190]	-0.28066373	
DICER1	dicer 1, ribonuclease III [Source:HGNC Symbol;Acc:HGNC:17098]	-0.28066564	
CUX1	cut like homeobox 1 [Source:HGNC Symbol;Acc:HGNC:2557]	-0.28067052	
ARHGEF6	Rac/Cdc42 guanine nucleotide exchange factor 6 [Source:HGNC Symbol;Acc:HGNC:685]	-0.28068042	
ENOX2	ecto-NOX disulfide-thiol exchanger 2 [Source:HGNC Symbol;Acc:HGNC:2259]	-0.28128254	
USP33	ubiquitin specific peptidase 33 [Source:HGNC Symbol;Acc:HGNC:20059]	-0.28166673	
BCL9L	BCL9 like [Source:HGNC Symbol;Acc:HGNC:23688]	-0.2816808	
RPS27A	ribosomal protein S27a [Source:HGNC Symbol;Acc:HGNC:10417]	-0.28244248	
CBR1	carbonyl reductase 1 [Source:HGNC Symbol;Acc:HGNC:1548]	-0.2824518	
FANCI	FA complementation group I [Source:HGNC Symbol;Acc:HGNC:25568]	-0.2825415	
ZCCHC2	zinc finger CCHC-type containing 2 [Source:HGNC Symbol;Acc:HGNC:22916]	-0.28272352	
ZHX2	zinc fingers and homeoboxes 2 [Source:HGNC Symbol;Acc:HGNC:18513]	-0.28279755	
CCDC82	coiled-coil domain containing 82 [Source:HGNC Symbol;Acc:HGNC:26282]	-0.28296778	
RELCH	RAB11 binding and LisH domain, coiled-coil and HEAT repeat containing [Source:HGNC Symbol;Acc:HGNC:29289]	-0.28350246	
USP40	ubiquitin specific peptidase 40 [Source:HGNC Symbol;Acc:HGNC:20069]	-0.28432375	
CHD8	chromodomain helicase DNA binding protein 8 [Source:HGNC Symbol;Acc:HGNC:20153]	-0.2853811	
CR1L	complement C3b/C4b receptor 1 like [Source:HGNC Symbol;Acc:HGNC:2335]	-0.28579262	
ASB3	ankyrin repeat and SOCS box containing 3 [Source:HGNC Symbol;Acc:HGNC:16013]	-0.28598493	
PITPNC1	phosphatidylinositol transfer protein cytoplasmic 1 [Source:HGNC Symbol;Acc:HGNC:21045]	-0.28602463	
KMT2D	lysine methyltransferase 2D [Source:HGNC Symbol;Acc:HGNC:7133]	-0.2860976	
UBE2H	ubiquitin conjugating enzyme E2 H [Source:HGNC Symbol;Acc:HGNC:12484]	-0.28611675	
CHORDC1	cysteine and histidine rich domain containing 1 [Source:HGNC Symbol;Acc:HGNC:14525]	-0.28674778	
LSM14A	LSM14A mRNA processing body assembly factor [Source:HGNC Symbol;Acc:HGNC:24489]	-0.2868065	
SIPA1L3	signal induced proliferation associated 1 like 3 [Source:HGNC Symbol;Acc:HGNC:23801]	-0.28721192	
LAT	linker for activation of T cells [Source:HGNC Symbol;Acc:HGNC:18874]	-0.28725088	
NXN	nucleoredoxin [Source:HGNC Symbol;Acc:HGNC:18008]	-0.28746125	
ABL2	ABL proto-oncogene 2, non-receptor tyrosine kinase [Source:HGNC Symbol;Acc:HGNC:77]	-0.2879789	
SPOPL	speckle type BTB/POZ protein like [Source:HGNC Symbol;Acc:HGNC:27934]	-0.288023	
N4BP2L1	NEDD4 binding protein 2 like 1 [Source:HGNC Symbol;Acc:HGNC:25037]	-0.2889194	
PCM1	pericentriolar material 1 [Source:HGNC Symbol;Acc:HGNC:8727]	-0.28908467	
PCCA	propionyl-CoA carboxylase subunit alpha [Source:HGNC Symbol;Acc:HGNC:8653]	-0.28973287	
TAOK1	TAO kinase 1 [Source:HGNC Symbol;Acc:HGNC:29259]	-0.28983504	
OSBPL9	oxysterol binding protein like 9 [Source:HGNC Symbol;Acc:HGNC:16386]	-0.2902118	
MCU	mitochondrial calcium uniporter [Source:HGNC Symbol;Acc:HGNC:23526]	-0.29039073	
SIT1	signaling threshold regulating transmembrane adaptor 1 [Source:HGNC Symbol;Acc:HGNC:17710]	-0.29039592	
TSPAN13	tetraspanin 13 [Source:HGNC Symbol;Acc:HGNC:21643]	-0.2910554	
LRIF1	ligand dependent nuclear receptor interacting factor 1 [Source:HGNC Symbol;Acc:HGNC:30299]	-0.29113245	
PBRM1	polybromo 1 [Source:HGNC Symbol;Acc:HGNC:30064]	-0.29124638	
SETD1B	SET domain containing 1B, histone lysine methyltransferase [Source:HGNC Symbol;Acc:HGNC:29187]	-0.29124692	
NAA15	N-alpha-acetyltransferase 15, NatA auxiliary subunit [Source:HGNC Symbol;Acc:HGNC:30782]	-0.29146805	
TLE4	TLE family member 4, transcriptional corepressor [Source:HGNC Symbol;Acc:HGNC:11840]	-0.29151103	
ATXN2L	ataxin 2 like [Source:HGNC Symbol;Acc:HGNC:31326]	-0.29189953	
TNPO3	transportin 3 [Source:HGNC Symbol;Acc:HGNC:17103]	-0.29212403	
C9orf85	chromosome 9 open reading frame 85 [Source:HGNC Symbol;Acc:HGNC:28784]	-0.29238597	
PRRC2C	proline rich coiled-coil 2C [Source:HGNC Symbol;Acc:HGNC:24903]	-0.29240805	
SIN3A	SIN3 transcription regulator family member A [Source:HGNC Symbol;Acc:HGNC:19353]	-0.29250383	
ASXL2	ASXL transcriptional regulator 2 [Source:HGNC Symbol;Acc:HGNC:23805]	-0.29250556	
LNPEP	leucyl and cystinyl aminopeptidase [Source:HGNC Symbol;Acc:HGNC:6656]	-0.29287058	
POC1B	POC1 centriolar protein B [Source:HGNC Symbol;Acc:HGNC:30836]	-0.29294482	
ARHGAP30	Rho GTPase activating protein 30 [Source:HGNC Symbol;Acc:HGNC:27414]	-0.29316774	
PLEKHA7	pleckstrin homology domain containing A7 [Source:HGNC Symbol;Acc:HGNC:27049]	-0.29337758	
UBE3C	ubiquitin protein ligase E3C [Source:HGNC Symbol;Acc:HGNC:16803]	-0.29369095	
PTPN12	protein tyrosine phosphatase non-receptor type 12 [Source:HGNC Symbol;Acc:HGNC:9645]	-0.29373947	
GPATCH4	G-patch domain containing 4 (gene/pseudogene) [Source:HGNC Symbol;Acc:HGNC:25982]	-0.29428983	
TPT1	tumor protein, translationally-controlled 1 [Source:HGNC Symbol;Acc:HGNC:12022]	-0.29558218	
POT1	protection of telomeres 1 [Source:HGNC Symbol;Acc:HGNC:17284]	-0.2957168	
DNAJB9	DnaJ heat shock protein family (Hsp40) member B9 [Source:HGNC Symbol;Acc:HGNC:6968]	-0.29576	
SNAPC3	small nuclear RNA activating complex polypeptide 3 [Source:HGNC Symbol;Acc:HGNC:11136]	-0.2958146	
FAM169BP	family with sequence similarity 169 member B, pseudogene [Source:HGNC Symbol;Acc:HGNC:26835]	-0.29599014	
NCOA6	nuclear receptor coactivator 6 [Source:HGNC Symbol;Acc:HGNC:15936]	-0.29606438	
POLR1A	RNA polymerase I subunit A [Source:HGNC Symbol;Acc:HGNC:17264]	-0.29620355	
ANAPC16	anaphase promoting complex subunit 16 [Source:HGNC Symbol;Acc:HGNC:26976]	-0.29651672	
ZNRF2	zinc and ring finger 2 [Source:HGNC Symbol;Acc:HGNC:22316]	-0.29662517	
ADD1	adducin 1 [Source:HGNC Symbol;Acc:HGNC:243]	-0.29700604	
UNC5CL	unc-5 family C-terminal like [Source:HGNC Symbol;Acc:HGNC:21203]	-0.2971878	
LGALS8	galectin 8 [Source:HGNC Symbol;Acc:HGNC:6569]	-0.2974883	
PABPC1	poly(A) binding protein cytoplasmic 1 [Source:HGNC Symbol;Acc:HGNC:8554]	-0.29788724	
BRWD1	bromodomain and WD repeat domain containing 1 [Source:HGNC Symbol;Acc:HGNC:12760]	-0.29790825	
AATF	apoptosis antagonizing transcription factor [Source:HGNC Symbol;Acc:HGNC:19235]	-0.2980983	
TRAPPC12	trafficking protein particle complex subunit 12 [Source:HGNC Symbol;Acc:HGNC:24284]	-0.29813403	
IDNK	IDNK gluconokinase [Source:HGNC Symbol;Acc:HGNC:31367]	-0.29834667	
BAZ1B	bromodomain adjacent to zinc finger domain 1B [Source:HGNC Symbol;Acc:HGNC:961]	-0.29855046	
LRPPRC	leucine rich pentatricopeptide repeat containing [Source:HGNC Symbol;Acc:HGNC:15714]	-0.298709	
SLC35B3	solute carrier family 35 member B3 [Source:HGNC Symbol;Acc:HGNC:21601]	-0.2987422	
TNRC6A	trinucleotide repeat containing adaptor 6A [Source:HGNC Symbol;Acc:HGNC:11969]	-0.29876313	
FAM117A	family with sequence similarity 117 member A [Source:HGNC Symbol;Acc:HGNC:24179]	-0.29882774	
GIT2	GIT ArfGAP 2 [Source:HGNC Symbol;Acc:HGNC:4273]	-0.2991061	
CCND2	cyclin D2 [Source:HGNC Symbol;Acc:HGNC:1583]	-0.2991938	
UST	uronyl 2-sulfotransferase [Source:HGNC Symbol;Acc:HGNC:17223]	-0.2991979	
MAP2K4	mitogen-activated protein kinase kinase 4 [Source:HGNC Symbol;Acc:HGNC:6844]	-0.2993944	
GPR174	G protein-coupled receptor 174 [Source:HGNC Symbol;Acc:HGNC:30245]	-0.30078584	
SLC2A3	solute carrier family 2 member 3 [Source:HGNC Symbol;Acc:HGNC:11007]	-0.3009172	
SMAP2	small ArfGAP2 [Source:HGNC Symbol;Acc:HGNC:25082]	-0.3014692	
CEPT1	choline/ethanolamine phosphotransferase 1 [Source:HGNC Symbol;Acc:HGNC:24289]	-0.30158636	
PAPOLA	poly(A) polymerase alpha [Source:HGNC Symbol;Acc:HGNC:14981]	-0.30194005	
SFMBT1	Scm like with four mbt domains 1 [Source:HGNC Symbol;Acc:HGNC:20255]	-0.30223352	
MICALL1	MICAL like 1 [Source:HGNC Symbol;Acc:HGNC:29804]	-0.30226153	
PDS5A	PDS5 cohesin associated factor A [Source:HGNC Symbol;Acc:HGNC:29088]	-0.30250078	
PRF1	perforin 1 [Source:HGNC Symbol;Acc:HGNC:9360]	-0.30317482	
IRF2	interferon regulatory factor 2 [Source:HGNC Symbol;Acc:HGNC:6117]	-0.30321455	
EMG1	EMG1 N1-specific pseudouridine methyltransferase [Source:HGNC Symbol;Acc:HGNC:16912]	-0.30327812	
ZHX3	zinc fingers and homeoboxes 3 [Source:HGNC Symbol;Acc:HGNC:15935]	-0.30352205	
SLC38A9	solute carrier family 38 member 9 [Source:HGNC Symbol;Acc:HGNC:26907]	-0.30388746	
SLC25A27	solute carrier family 25 member 27 [Source:HGNC Symbol;Acc:HGNC:21065]	-0.3040198	
NFE2L2	NFE2 like bZIP transcription factor 2 [Source:HGNC Symbol;Acc:HGNC:7782]	-0.30508167	
WDR37	WD repeat domain 37 [Source:HGNC Symbol;Acc:HGNC:31406]	-0.30552903	
TOM1L2	target of myb1 like 2 membrane trafficking protein [Source:HGNC Symbol;Acc:HGNC:11984]	-0.30571938	
HUWE1	HECT, UBA and WWE domain containing E3 ubiquitin protein ligase 1 [Source:HGNC Symbol;Acc:HGNC:30892]	-0.30572814	
ZNF398	zinc finger protein 398 [Source:HGNC Symbol;Acc:HGNC:18373]	-0.30578536	
PRDM2	PR/SET domain 2 [Source:HGNC Symbol;Acc:HGNC:9347]	-0.30621374	
TUBA4A	tubulin alpha 4a [Source:HGNC Symbol;Acc:HGNC:12407]	-0.3064041	
VTI1A	vesicle transport through interaction with t-SNAREs 1A [Source:HGNC Symbol;Acc:HGNC:17792]	-0.3064049	
CHD6	chromodomain helicase DNA binding protein 6 [Source:HGNC Symbol;Acc:HGNC:19057]	-0.30646876	
PDS5B	PDS5 cohesin associated factor B [Source:HGNC Symbol;Acc:HGNC:20418]	-0.30758703	
DIAPH2	diaphanous related formin 2 [Source:HGNC Symbol;Acc:HGNC:2877]	-0.30814183	
WASHC3	WASH complex subunit 3 [Source:HGNC Symbol;Acc:HGNC:24256]	-0.30909738	
PNPLA7	patatin like phospholipase domain containing 7 [Source:HGNC Symbol;Acc:HGNC:24768]	-0.3094107	
PLEKHA1	pleckstrin homology domain containing A1 [Source:HGNC Symbol;Acc:HGNC:14335]	-0.30962706	
ZNF831	zinc finger protein 831 [Source:HGNC Symbol;Acc:HGNC:16167]	-0.30973297	
FAM149B1	family with sequence similarity 149 member B1 [Source:HGNC Symbol;Acc:HGNC:29162]	-0.31007373	
DCAF17	DDB1 and CUL4 associated factor 17 [Source:HGNC Symbol;Acc:HGNC:25784]	-0.31026	
CAMK4	calcium/calmodulin dependent protein kinase IV [Source:HGNC Symbol;Acc:HGNC:1464]	-0.3102992	
GPRASP1	G protein-coupled receptor associated sorting protein 1 [Source:HGNC Symbol;Acc:HGNC:24834]	-0.31031862	
GUCD1	guanylyl cyclase domain containing 1 [Source:HGNC Symbol;Acc:HGNC:14237]	-0.31102875	
USP32	ubiquitin specific peptidase 32 [Source:HGNC Symbol;Acc:HGNC:19143]	-0.31273133	
RAB3IP	RAB3A interacting protein [Source:HGNC Symbol;Acc:HGNC:16508]	-0.31330076	
DKC1	dyskerin pseudouridine synthase 1 [Source:HGNC Symbol;Acc:HGNC:2890]	-0.31404826	
RBM33	RNA binding motif protein 33 [Source:HGNC Symbol;Acc:HGNC:27223]	-0.314241	
SEC24B	SEC24 homolog B, COPII coat complex component [Source:HGNC Symbol;Acc:HGNC:10704]	-0.3143087	
UBE2D1	ubiquitin conjugating enzyme E2 D1 [Source:HGNC Symbol;Acc:HGNC:12474]	-0.31436244	
HSP90AA1	heat shock protein 90 alpha family class A member 1 [Source:HGNC Symbol;Acc:HGNC:5253]	-0.31500372	
STAT2	signal transducer and activator of transcription 2 [Source:HGNC Symbol;Acc:HGNC:11363]	-0.3152671	
JAKMIP1	janus kinase and microtubule interacting protein 1 [Source:HGNC Symbol;Acc:HGNC:26460]	-0.3154087	
ST3GAL1	ST3 beta-galactoside alpha-2,3-sialyltransferase 1 [Source:HGNC Symbol;Acc:HGNC:10862]	-0.3160398	
RTN4RL1	reticulon 4 receptor like 1 [Source:HGNC Symbol;Acc:HGNC:21329]	-0.31604308	
SH3KBP1	SH3 domain containing kinase binding protein 1 [Source:HGNC Symbol;Acc:HGNC:13867]	-0.3163356	
LDAH	lipid droplet associated hydrolase [Source:HGNC Symbol;Acc:HGNC:26145]	-0.3165355	
FDPS	farnesyl diphosphate synthase [Source:HGNC Symbol;Acc:HGNC:3631]	-0.316784	
CCDC88C	coiled-coil domain containing 88C [Source:HGNC Symbol;Acc:HGNC:19967]	-0.31679374	
HSDL1	hydroxysteroid dehydrogenase like 1 [Source:HGNC Symbol;Acc:HGNC:16475]	-0.31693754	
TARDBP	TAR DNA binding protein [Source:HGNC Symbol;Acc:HGNC:11571]	-0.31709558	
DDX10	DEAD-box helicase 10 [Source:HGNC Symbol;Acc:HGNC:2735]	-0.31715283	
NR2C2	nuclear receptor subfamily 2 group C member 2 [Source:HGNC Symbol;Acc:HGNC:7972]	-0.3175599	
NOP56	NOP56 ribonucleoprotein [Source:HGNC Symbol;Acc:HGNC:15911]	-0.31889808	
NOP10	NOP10 ribonucleoprotein [Source:HGNC Symbol;Acc:HGNC:14378]	-0.31899402	
C1GALT1	core 1 synthase, glycoprotein-N-acetylgalactosamine 3-beta-galactosyltransferase 1 [Source:HGNC Symbol;Acc:HGNC:24337]	-0.31910682	
ST8SIA4	ST8 alpha-N-acetyl-neuraminide alpha-2,8-sialyltransferase 4 [Source:HGNC Symbol;Acc:HGNC:10871]	-0.3192611	
CTCF	CCCTC-binding factor [Source:HGNC Symbol;Acc:HGNC:13723]	-0.31951857	
ZNF236	zinc finger protein 236 [Source:HGNC Symbol;Acc:HGNC:13028]	-0.31969643	
TET3	tet methylcytosine dioxygenase 3 [Source:HGNC Symbol;Acc:HGNC:28313]	-0.3197247	
LGALS9	galectin 9 [Source:HGNC Symbol;Acc:HGNC:6570]	-0.3198645	
RGS14	regulator of G protein signaling 14 [Source:HGNC Symbol;Acc:HGNC:9996]	-0.31994596	
STIP1	stress induced phosphoprotein 1 [Source:HGNC Symbol;Acc:HGNC:11387]	-0.3203074	
MEF2A	myocyte enhancer factor 2A [Source:HGNC Symbol;Acc:HGNC:6993]	-0.32068232	
PHGDH	phosphoglycerate dehydrogenase [Source:HGNC Symbol;Acc:HGNC:8923]	-0.3207101	
PVR	PVR cell adhesion molecule [Source:HGNC Symbol;Acc:HGNC:9705]	-0.32078233	
MACIR	macrophage immunometabolism regulator [Source:HGNC Symbol;Acc:HGNC:25052]	-0.32079387	
ALKBH8	alkB homolog 8, tRNA methyltransferase [Source:HGNC Symbol;Acc:HGNC:25189]	-0.3211718	
RPL22L1	ribosomal protein L22 like 1 [Source:HGNC Symbol;Acc:HGNC:27610]	-0.3217569	
SOCS3	suppressor of cytokine signaling 3 [Source:HGNC Symbol;Acc:HGNC:19391]	-0.32207954	
KLHL3	kelch like family member 3 [Source:HGNC Symbol;Acc:HGNC:6354]	-0.32238516	
BMP2K	BMP2 inducible kinase [Source:HGNC Symbol;Acc:HGNC:18041]	-0.3223957	
ANKIB1	ankyrin repeat and IBR domain containing 1 [Source:HGNC Symbol;Acc:HGNC:22215]	-0.32257283	
TAPBPL	TAP binding protein like [Source:HGNC Symbol;Acc:HGNC:30683]	-0.32294065	
RABGAP1	RAB GTPase activating protein 1 [Source:HGNC Symbol;Acc:HGNC:17155]	-0.32311496	
HSPA8	heat shock protein family A (Hsp70) member 8 [Source:HGNC Symbol;Acc:HGNC:5241]	-0.323643	
IRF9	interferon regulatory factor 9 [Source:HGNC Symbol;Acc:HGNC:6131]	-0.32395953	
DUSP10	dual specificity phosphatase 10 [Source:HGNC Symbol;Acc:HGNC:3065]	-0.32411927	
TMEM154	transmembrane protein 154 [Source:HGNC Symbol;Acc:HGNC:26489]	-0.32483876	
ZMYND11	zinc finger MYND-type containing 11 [Source:HGNC Symbol;Acc:HGNC:16966]	-0.32677454	
DDB2	damage specific DNA binding protein 2 [Source:HGNC Symbol;Acc:HGNC:2718]	-0.32792157	
ASAP1	ArfGAP with SH3 domain, ankyrin repeat and PH domain 1 [Source:HGNC Symbol;Acc:HGNC:2720]	-0.32802346	
MRPS28	mitochondrial ribosomal protein S28 [Source:HGNC Symbol;Acc:HGNC:14513]	-0.328327	
ETV3	ETS variant transcription factor 3 [Source:HGNC Symbol;Acc:HGNC:3492]	-0.32863283	
SMAD1	SMAD family member 1 [Source:HGNC Symbol;Acc:HGNC:6767]	-0.3289828	
BLTP1	bridge-like lipid transfer protein family member 1 [Source:HGNC Symbol;Acc:HGNC:26953]	-0.3295361	
MCL1	MCL1 apoptosis regulator, BCL2 family member [Source:HGNC Symbol;Acc:HGNC:6943]	-0.3298335	
SORCS2	sortilin related VPS10 domain containing receptor 2 [Source:HGNC Symbol;Acc:HGNC:16698]	-0.3308388	
C1orf21	chromosome 1 open reading frame 21 [Source:HGNC Symbol;Acc:HGNC:15494]	-0.33122194	
GNG12	G protein subunit gamma 12 [Source:HGNC Symbol;Acc:HGNC:19663]	-0.33262992	
DYM	dymeclin [Source:HGNC Symbol;Acc:HGNC:21317]	-0.3341176	
GATAD2B	GATA zinc finger domain containing 2B [Source:HGNC Symbol;Acc:HGNC:30778]	-0.33476567	
PGS1	phosphatidylglycerophosphate synthase 1 [Source:HGNC Symbol;Acc:HGNC:30029]	-0.33492616	
HSPE1	heat shock protein family E (Hsp10) member 1 [Source:HGNC Symbol;Acc:HGNC:5269]	-0.33562845	
MOV10	Mov10 RISC complex RNA helicase [Source:HGNC Symbol;Acc:HGNC:7200]	-0.33584857	
ELF4	E74 like ETS transcription factor 4 [Source:HGNC Symbol;Acc:HGNC:3319]	-0.33621818	
RPL18A	ribosomal protein L18a [Source:HGNC Symbol;Acc:HGNC:10311]	-0.33630446	
PMEL	premelanosome protein [Source:HGNC Symbol;Acc:HGNC:10880]	-0.33743626	
NGLY1	N-glycanase 1 [Source:HGNC Symbol;Acc:HGNC:17646]	-0.3376518	
RPL9	ribosomal protein L9 [Source:HGNC Symbol;Acc:HGNC:10369]	-0.33860657	
RNF130	ring finger protein 130 [Source:HGNC Symbol;Acc:HGNC:18280]	-0.33880937	
IFNGR2	interferon gamma receptor 2 [Source:HGNC Symbol;Acc:HGNC:5440]	-0.3392611	
PTK2B	protein tyrosine kinase 2 beta [Source:HGNC Symbol;Acc:HGNC:9612]	-0.33947894	
STK17B	serine/threonine kinase 17b [Source:HGNC Symbol;Acc:HGNC:11396]	-0.34027323	
IFI35	interferon induced protein 35 [Source:HGNC Symbol;Acc:HGNC:5399]	-0.3405281	
ESYT2	extended synaptotagmin 2 [Source:HGNC Symbol;Acc:HGNC:22211]	-0.34124774	
GAB3	GRB2 associated binding protein 3 [Source:HGNC Symbol;Acc:HGNC:17515]	-0.3416895	
GGT5	gamma-glutamyltransferase 5 [Source:HGNC Symbol;Acc:HGNC:4260]	-0.34234318	
FGFR2	fibroblast growth factor receptor 2 [Source:HGNC Symbol;Acc:HGNC:3689]	-0.34239435	
SYNRG	synergin gamma [Source:HGNC Symbol;Acc:HGNC:557]	-0.34280258	
RBM6	RNA binding motif protein 6 [Source:HGNC Symbol;Acc:HGNC:9903]	-0.34282452	
MBP	myelin basic protein [Source:HGNC Symbol;Acc:HGNC:6925]	-0.34284335	
LYSMD4	LysM domain containing 4 [Source:HGNC Symbol;Acc:HGNC:26571]	-0.3437731	
SLC25A12	solute carrier family 25 member 12 [Source:HGNC Symbol;Acc:HGNC:10982]	-0.34389347	
LY9	lymphocyte antigen 9 [Source:HGNC Symbol;Acc:HGNC:6730]	-0.34422618	
PATZ1	POZ/BTB and AT hook containing zinc finger 1 [Source:HGNC Symbol;Acc:HGNC:13071]	-0.3450435	
LMO4	LIM domain only 4 [Source:HGNC Symbol;Acc:HGNC:6644]	-0.34505573	
MLLT10	MLLT10 histone lysine methyltransferase DOT1L cofactor [Source:HGNC Symbol;Acc:HGNC:16063]	-0.34536895	
PHF20	PHD finger protein 20 [Source:HGNC Symbol;Acc:HGNC:16098]	-0.3455318	
TSC22D3	TSC22 domain family member 3 [Source:HGNC Symbol;Acc:HGNC:3051]	-0.34625417	
CREBBP	CREB binding protein [Source:HGNC Symbol;Acc:HGNC:2348]	-0.34679765	
PAN3	poly(A) specific ribonuclease subunit PAN3 [Source:HGNC Symbol;Acc:HGNC:29991]	-0.3473361	
CUL3	cullin 3 [Source:HGNC Symbol;Acc:HGNC:2553]	-0.34871808	
MBD5	methyl-CpG binding domain protein 5 [Source:HGNC Symbol;Acc:HGNC:20444]	-0.3493136	
CTNNBL1	catenin beta like 1 [Source:HGNC Symbol;Acc:HGNC:15879]	-0.3501065	
KLK8	kallikrein related peptidase 8 [Source:HGNC Symbol;Acc:HGNC:6369]	-0.35056514	
VPS13C	vacuolar protein sorting 13 homolog C [Source:HGNC Symbol;Acc:HGNC:23594]	-0.35131	
RPS3	ribosomal protein S3 [Source:HGNC Symbol;Acc:HGNC:10420]	-0.3513268	
TUBA1B	tubulin alpha 1b [Source:HGNC Symbol;Acc:HGNC:18809]	-0.351373	
SCAF8	SR-related CTD associated factor 8 [Source:HGNC Symbol;Acc:HGNC:20959]	-0.3521378	
PPP1R21	protein phosphatase 1 regulatory subunit 21 [Source:HGNC Symbol;Acc:HGNC:30595]	-0.35377112	
KIDINS220	kinase D interacting substrate 220 [Source:HGNC Symbol;Acc:HGNC:29508]	-0.3538056	
PACSIN1	protein kinase C and casein kinase substrate in neurons 1 [Source:HGNC Symbol;Acc:HGNC:8570]	-0.35447472	
CDK19	cyclin dependent kinase 19 [Source:HGNC Symbol;Acc:HGNC:19338]	-0.3544978	
LFNG	LFNG O-fucosylpeptide 3-beta-N-acetylglucosaminyltransferase [Source:HGNC Symbol;Acc:HGNC:6560]	-0.3548911	
TMCO4	transmembrane and coiled-coil domains 4 [Source:HGNC Symbol;Acc:HGNC:27393]	-0.35524446	
CBFB	core-binding factor subunit beta [Source:HGNC Symbol;Acc:HGNC:1539]	-0.3553734	
SH2D3C	SH2 domain containing 3C [Source:HGNC Symbol;Acc:HGNC:16884]	-0.35545832	
SPSB1	splA/ryanodine receptor domain and SOCS box containing 1 [Source:HGNC Symbol;Acc:HGNC:30628]	-0.35572717	
HMBOX1	homeobox containing 1 [Source:HGNC Symbol;Acc:HGNC:26137]	-0.35576007	
RNF167	ring finger protein 167 [Source:HGNC Symbol;Acc:HGNC:24544]	-0.35634083	
CYLD	CYLD lysine 63 deubiquitinase [Source:HGNC Symbol;Acc:HGNC:2584]	-0.3567166	
MFHAS1	multifunctional ROCO family signaling regulator 1 [Source:HGNC Symbol;Acc:HGNC:16982]	-0.356873	
ZNF277	zinc finger protein 277 [Source:HGNC Symbol;Acc:HGNC:13070]	-0.35700408	
ARID1B	AT-rich interaction domain 1B [Source:HGNC Symbol;Acc:HGNC:18040]	-0.35718662	
COX16	cytochrome c oxidase assembly factor COX16 [Source:HGNC Symbol;Acc:HGNC:20213]	-0.3575983	
SLC30A7	solute carrier family 30 member 7 [Source:HGNC Symbol;Acc:HGNC:19306]	-0.35912523	
TNFAIP8L2	TNF alpha induced protein 8 like 2 [Source:HGNC Symbol;Acc:HGNC:26277]	-0.35955936	
CD84	CD84 molecule [Source:HGNC Symbol;Acc:HGNC:1704]	-0.36003762	
PPP3CB	protein phosphatase 3 catalytic subunit beta [Source:HGNC Symbol;Acc:HGNC:9315]	-0.36150092	
PHF14	PHD finger protein 14 [Source:HGNC Symbol;Acc:HGNC:22203]	-0.36164004	
TTC17	tetratricopeptide repeat domain 17 [Source:HGNC Symbol;Acc:HGNC:25596]	-0.36187354	
ZNFX1	zinc finger NFX1-type containing 1 [Source:HGNC Symbol;Acc:HGNC:29271]	-0.36231714	
H1-2	H1.2 linker histone, cluster member [Source:HGNC Symbol;Acc:HGNC:4716]	-0.3624387	
RALGAPB	Ral GTPase activating protein non-catalytic subunit beta [Source:HGNC Symbol;Acc:HGNC:29221]	-0.36463037	
STARD5	StAR related lipid transfer domain containing 5 [Source:HGNC Symbol;Acc:HGNC:18065]	-0.364863	
REV1	REV1 DNA directed polymerase [Source:HGNC Symbol;Acc:HGNC:14060]	-0.36545977	
SLC9A9	solute carrier family 9 member A9 [Source:HGNC Symbol;Acc:HGNC:20653]	-0.36559117	
TECPR1	tectonin beta-propeller repeat containing 1 [Source:HGNC Symbol;Acc:HGNC:22214]	-0.365631	
ZNF638	zinc finger protein 638 [Source:HGNC Symbol;Acc:HGNC:17894]	-0.36570638	
ATRN	attractin [Source:HGNC Symbol;Acc:HGNC:885]	-0.36587855	
RPLP1	ribosomal protein lateral stalk subunit P1 [Source:HGNC Symbol;Acc:HGNC:10372]	-0.3659012	
LDB1	LIM domain binding 1 [Source:HGNC Symbol;Acc:HGNC:6532]	-0.36622775	
CDKN2D	cyclin dependent kinase inhibitor 2D [Source:HGNC Symbol;Acc:HGNC:1790]	-0.36632547	
GGACT	gamma-glutamylamine cyclotransferase [Source:HGNC Symbol;Acc:HGNC:25100]	-0.36654666	
IL4R	interleukin 4 receptor [Source:HGNC Symbol;Acc:HGNC:6015]	-0.36688358	
PDSS2	decaprenyl diphosphate synthase subunit 2 [Source:HGNC Symbol;Acc:HGNC:23041]	-0.36709875	
ACSS2	acyl-CoA synthetase short chain family member 2 [Source:HGNC Symbol;Acc:HGNC:15814]	-0.3672527	
PKN2	protein kinase N2 [Source:HGNC Symbol;Acc:HGNC:9406]	-0.36729988	
UBE4A	ubiquitination factor E4A [Source:HGNC Symbol;Acc:HGNC:12499]	-0.36826012	
DENND6A	DENN domain containing 6A [Source:HGNC Symbol;Acc:HGNC:26635]	-0.36916795	
PIK3C2A	phosphatidylinositol-4-phosphate 3-kinase catalytic subunit type 2 alpha [Source:HGNC Symbol;Acc:HGNC:8971]	-0.3695741	
BCL2	BCL2 apoptosis regulator [Source:HGNC Symbol;Acc:HGNC:990]	-0.37017152	
OAS3	2'-5'-oligoadenylate synthetase 3 [Source:HGNC Symbol;Acc:HGNC:8088]	-0.37106082	
DDX39B	DExD-box helicase 39B [Source:HGNC Symbol;Acc:HGNC:13917]	-0.37113503	
BMT2	base methyltransferase of 25S rRNA 2 homolog [Source:HGNC Symbol;Acc:HGNC:26475]	-0.3714405	
TMEM260	transmembrane protein 260 [Source:HGNC Symbol;Acc:HGNC:20185]	-0.37164584	
CCR9	C-C motif chemokine receptor 9 [Source:HGNC Symbol;Acc:HGNC:1610]	-0.37245864	
SLC26A10P	solute carrier family 26 member 10, pseudogene [Source:HGNC Symbol;Acc:HGNC:14470]	-0.37273327	
LRP6	LDL receptor related protein 6 [Source:HGNC Symbol;Acc:HGNC:6698]	-0.3733498	
R3HDM1	R3H domain containing 1 [Source:HGNC Symbol;Acc:HGNC:9757]	-0.37467977	
PYM1	PYM homolog 1, exon junction complex associated factor [Source:HGNC Symbol;Acc:HGNC:30258]	-0.37495515	
NDUFS4	NADH:ubiquinone oxidoreductase subunit S4 [Source:HGNC Symbol;Acc:HGNC:7711]	-0.37510172	
PPM1B	protein phosphatase, Mg2+/Mn2+ dependent 1B [Source:HGNC Symbol;Acc:HGNC:9276]	-0.375241	
MDM4	MDM4 regulator of p53 [Source:HGNC Symbol;Acc:HGNC:6974]	-0.375483	
MAGT1	magnesium transporter 1 [Source:HGNC Symbol;Acc:HGNC:28880]	-0.37653852	
CDKAL1	CDK5 regulatory subunit associated protein 1 like 1 [Source:HGNC Symbol;Acc:HGNC:21050]	-0.3766304	
GNGT2	G protein subunit gamma transducin 2 [Source:HGNC Symbol;Acc:HGNC:4412]	-0.37683985	
ARMC8	armadillo repeat containing 8 [Source:HGNC Symbol;Acc:HGNC:24999]	-0.37715092	
RPS9	ribosomal protein S9 [Source:HGNC Symbol;Acc:HGNC:10442]	-0.37767953	
GSE1	Gse1 coiled-coil protein [Source:HGNC Symbol;Acc:HGNC:28979]	-0.37769696	
RNF38	ring finger protein 38 [Source:HGNC Symbol;Acc:HGNC:18052]	-0.3778037	
DGKD	diacylglycerol kinase delta [Source:HGNC Symbol;Acc:HGNC:2851]	-0.37831777	
FKBP4	FKBP prolyl isomerase 4 [Source:HGNC Symbol;Acc:HGNC:3720]	-0.37868097	
STK10	serine/threonine kinase 10 [Source:HGNC Symbol;Acc:HGNC:11388]	-0.37889865	
SHPRH	SNF2 histone linker PHD RING helicase [Source:HGNC Symbol;Acc:HGNC:19336]	-0.37893763	
SYNJ2BP	synaptojanin 2 binding protein [Source:HGNC Symbol;Acc:HGNC:18955]	-0.379826	
RPH3AL	rabphilin 3A like (without C2 domains) [Source:HGNC Symbol;Acc:HGNC:10296]	-0.38150302	
CAB39L	calcium binding protein 39 like [Source:HGNC Symbol;Acc:HGNC:20290]	-0.3829582	
ASCC3	activating signal cointegrator 1 complex subunit 3 [Source:HGNC Symbol;Acc:HGNC:18697]	-0.38311937	
ARHGAP1	Rho GTPase activating protein 1 [Source:HGNC Symbol;Acc:HGNC:673]	-0.38421172	
HLA-E	major histocompatibility complex, class I, E [Source:HGNC Symbol;Acc:HGNC:4962]	-0.38471517	
RPS7	ribosomal protein S7 [Source:HGNC Symbol;Acc:HGNC:10440]	-0.3857152	
MT-ATP6	mitochondrially encoded ATP synthase membrane subunit 6 [Source:HGNC Symbol;Acc:HGNC:7414]	-0.38586226	
TSPAN32	tetraspanin 32 [Source:HGNC Symbol;Acc:HGNC:13410]	-0.38586685	
SASH3	SAM and SH3 domain containing 3 [Source:HGNC Symbol;Acc:HGNC:15975]	-0.3859645	
TRIM34	tripartite motif containing 34 [Source:HGNC Symbol;Acc:HGNC:10063]	-0.386121	
PPP1R12B	protein phosphatase 1 regulatory subunit 12B [Source:HGNC Symbol;Acc:HGNC:7619]	-0.38637003	
B2M	beta-2-microglobulin [Source:HGNC Symbol;Acc:HGNC:914]	-0.38690847	
NCOA2	nuclear receptor coactivator 2 [Source:HGNC Symbol;Acc:HGNC:7669]	-0.38692954	
SOX4	SRY-box transcription factor 4 [Source:HGNC Symbol;Acc:HGNC:11200]	-0.38844424	
RICTOR	RPTOR independent companion of MTOR complex 2 [Source:HGNC Symbol;Acc:HGNC:28611]	-0.3885046	
TRAF5	TNF receptor associated factor 5 [Source:HGNC Symbol;Acc:HGNC:12035]	-0.38909832	
ZNF407	zinc finger protein 407 [Source:HGNC Symbol;Acc:HGNC:19904]	-0.38976365	
ARHGAP4	Rho GTPase activating protein 4 [Source:HGNC Symbol;Acc:HGNC:674]	-0.39056802	
DYRK1A	dual specificity tyrosine phosphorylation regulated kinase 1A [Source:HGNC Symbol;Acc:HGNC:3091]	-0.39070448	
ANKFY1	ankyrin repeat and FYVE domain containing 1 [Source:HGNC Symbol;Acc:HGNC:20763]	-0.39107528	
NFYC	nuclear transcription factor Y subunit gamma [Source:HGNC Symbol;Acc:HGNC:7806]	-0.39149642	
NUMA1	nuclear mitotic apparatus protein 1 [Source:HGNC Symbol;Acc:HGNC:8059]	-0.3915699	
ARID4A	AT-rich interaction domain 4A [Source:HGNC Symbol;Acc:HGNC:9885]	-0.3916359	
RAI1	retinoic acid induced 1 [Source:HGNC Symbol;Acc:HGNC:9834]	-0.392971	
RASAL3	RAS protein activator like 3 [Source:HGNC Symbol;Acc:HGNC:26129]	-0.3930468	
TTC13	tetratricopeptide repeat domain 13 [Source:HGNC Symbol;Acc:HGNC:26204]	-0.39307058	
ZNF281	zinc finger protein 281 [Source:HGNC Symbol;Acc:HGNC:13075]	-0.39411375	
GSK3B	glycogen synthase kinase 3 beta [Source:HGNC Symbol;Acc:HGNC:4617]	-0.3941172	
FAF1	Fas associated factor 1 [Source:HGNC Symbol;Acc:HGNC:3578]	-0.3943109	
SEC63	SEC63 homolog, protein translocation regulator [Source:HGNC Symbol;Acc:HGNC:21082]	-0.39449382	
TBXA2R	thromboxane A2 receptor [Source:HGNC Symbol;Acc:HGNC:11608]	-0.39526486	
ATP6V1H	ATPase H+ transporting V1 subunit H [Source:HGNC Symbol;Acc:HGNC:18303]	-0.39530033	
IRF1	interferon regulatory factor 1 [Source:HGNC Symbol;Acc:HGNC:6116]	-0.3953409	
RIF1	replication timing regulatory factor 1 [Source:HGNC Symbol;Acc:HGNC:23207]	-0.39561355	
LCOR	ligand dependent nuclear receptor corepressor [Source:HGNC Symbol;Acc:HGNC:29503]	-0.39597067	
HIBADH	3-hydroxyisobutyrate dehydrogenase [Source:HGNC Symbol;Acc:HGNC:4907]	-0.39598745	
IFIH1	interferon induced with helicase C domain 1 [Source:HGNC Symbol;Acc:HGNC:18873]	-0.39676985	
MAP4K3	mitogen-activated protein kinase kinase kinase kinase 3 [Source:HGNC Symbol;Acc:HGNC:6865]	-0.39677122	
NME2	NME/NM23 nucleoside diphosphate kinase 2 [Source:HGNC Symbol;Acc:HGNC:7850]	-0.3970102	
TXK	TXK tyrosine kinase [Source:HGNC Symbol;Acc:HGNC:12434]	-0.3978644	
EEF1G	eukaryotic translation elongation factor 1 gamma [Source:HGNC Symbol;Acc:HGNC:3213]	-0.39837846	
AQR	aquarius intron-binding spliceosomal factor [Source:HGNC Symbol;Acc:HGNC:29513]	-0.39892834	
LIPA	lipase A, lysosomal acid type [Source:HGNC Symbol;Acc:HGNC:6617]	-0.39950153	
ZNF592	zinc finger protein 592 [Source:HGNC Symbol;Acc:HGNC:28986]	-0.40006772	
HDHD5	haloacid dehalogenase like hydrolase domain containing 5 [Source:HGNC Symbol;Acc:HGNC:1843]	-0.40013087	
ASH1L	ASH1 like histone lysine methyltransferase [Source:HGNC Symbol;Acc:HGNC:19088]	-0.40035507	
CNOT4	CCR4-NOT transcription complex subunit 4 [Source:HGNC Symbol;Acc:HGNC:7880]	-0.40053138	
ELK4	ETS transcription factor ELK4 [Source:HGNC Symbol;Acc:HGNC:3326]	-0.40064898	
KLHDC1	kelch domain containing 1 [Source:HGNC Symbol;Acc:HGNC:19836]	-0.40131027	
SEC11A	SEC11 homolog A, signal peptidase complex subunit [Source:HGNC Symbol;Acc:HGNC:17718]	-0.4013398	
TRAC	T cell receptor alpha constant [Source:HGNC Symbol;Acc:HGNC:12029]	-0.40136296	
IMMP2L	inner mitochondrial membrane peptidase subunit 2 [Source:HGNC Symbol;Acc:HGNC:14598]	-0.4018513	
ARID2	AT-rich interaction domain 2 [Source:HGNC Symbol;Acc:HGNC:18037]	-0.40325147	
TMEM229B	transmembrane protein 229B [Source:HGNC Symbol;Acc:HGNC:20130]	-0.40416497	
LIMK2	LIM domain kinase 2 [Source:HGNC Symbol;Acc:HGNC:6614]	-0.40469632	
SNRPD3	small nuclear ribonucleoprotein D3 polypeptide [Source:HGNC Symbol;Acc:HGNC:11160]	-0.40591982	
TBCEL	tubulin folding cofactor E like [Source:HGNC Symbol;Acc:HGNC:28115]	-0.4059751	
GIGYF2	GRB10 interacting GYF protein 2 [Source:HGNC Symbol;Acc:HGNC:11960]	-0.40647575	
NMI	N-myc and STAT interactor [Source:HGNC Symbol;Acc:HGNC:7854]	-0.40655437	
ZNF644	zinc finger protein 644 [Source:HGNC Symbol;Acc:HGNC:29222]	-0.4072633	
RPL8	ribosomal protein L8 [Source:HGNC Symbol;Acc:HGNC:10368]	-0.40753755	
RPS14	ribosomal protein S14 [Source:HGNC Symbol;Acc:HGNC:10387]	-0.4076587	
ME2	malic enzyme 2 [Source:HGNC Symbol;Acc:HGNC:6984]	-0.40906465	
TAF3	TATA-box binding protein associated factor 3 [Source:HGNC Symbol;Acc:HGNC:17303]	-0.40940768	
IL17RA	interleukin 17 receptor A [Source:HGNC Symbol;Acc:HGNC:5985]	-0.41037425	
ITSN2	intersectin 2 [Source:HGNC Symbol;Acc:HGNC:6184]	-0.41060978	
RAP1GDS1	Rap1 GTPase-GDP dissociation stimulator 1 [Source:HGNC Symbol;Acc:HGNC:9859]	-0.41066968	
KIF21B	kinesin family member 21B [Source:HGNC Symbol;Acc:HGNC:29442]	-0.41092417	
TMIE	transmembrane inner ear [Source:HGNC Symbol;Acc:HGNC:30800]	-0.41299087	
SMAD4	SMAD family member 4 [Source:HGNC Symbol;Acc:HGNC:6770]	-0.4131217	
TXNDC16	thioredoxin domain containing 16 [Source:HGNC Symbol;Acc:HGNC:19965]	-0.413356	
PRMT3	protein arginine methyltransferase 3 [Source:HGNC Symbol;Acc:HGNC:30163]	-0.4144705	
CERS6	ceramide synthase 6 [Source:HGNC Symbol;Acc:HGNC:23826]	-0.41452354	
KCNN4	potassium calcium-activated channel subfamily N member 4 [Source:HGNC Symbol;Acc:HGNC:6293]	-0.41564977	
VIPR1	vasoactive intestinal peptide receptor 1 [Source:HGNC Symbol;Acc:HGNC:12694]	-0.41567418	
SFMBT2	Scm like with four mbt domains 2 [Source:HGNC Symbol;Acc:HGNC:20256]	-0.41609147	
DOCK11	dedicator of cytokinesis 11 [Source:HGNC Symbol;Acc:HGNC:23483]	-0.4176676	
ZCCHC7	zinc finger CCHC-type containing 7 [Source:HGNC Symbol;Acc:HGNC:26209]	-0.41783655	
CD96	CD96 molecule [Source:HGNC Symbol;Acc:HGNC:16892]	-0.41834533	
PSMB10	proteasome 20S subunit beta 10 [Source:HGNC Symbol;Acc:HGNC:9538]	-0.41837636	
MBNL1	muscleblind like splicing regulator 1 [Source:HGNC Symbol;Acc:HGNC:6923]	-0.418751	
PRKACB	protein kinase cAMP-activated catalytic subunit beta [Source:HGNC Symbol;Acc:HGNC:9381]	-0.41881663	
OASL	2'-5'-oligoadenylate synthetase like [Source:HGNC Symbol;Acc:HGNC:8090]	-0.4191286	
RALA	RAS like proto-oncogene A [Source:HGNC Symbol;Acc:HGNC:9839]	-0.41995642	
SCARB2	scavenger receptor class B member 2 [Source:HGNC Symbol;Acc:HGNC:1665]	-0.42009637	
RBL1	RB transcriptional corepressor like 1 [Source:HGNC Symbol;Acc:HGNC:9893]	-0.4211265	
TTC27	tetratricopeptide repeat domain 27 [Source:HGNC Symbol;Acc:HGNC:25986]	-0.42166555	
RASA2	RAS p21 protein activator 2 [Source:HGNC Symbol;Acc:HGNC:9872]	-0.42294058	
RALGPS2	Ral GEF with PH domain and SH3 binding motif 2 [Source:HGNC Symbol;Acc:HGNC:30279]	-0.42324117	
MSRA	methionine sulfoxide reductase A [Source:HGNC Symbol;Acc:HGNC:7377]	-0.42330864	
RPL19	ribosomal protein L19 [Source:HGNC Symbol;Acc:HGNC:10312]	-0.42359108	
ZBTB20	zinc finger and BTB domain containing 20 [Source:HGNC Symbol;Acc:HGNC:13503]	-0.42405888	
RASA3	RAS p21 protein activator 3 [Source:HGNC Symbol;Acc:HGNC:20331]	-0.42476258	
CD53	CD53 molecule [Source:HGNC Symbol;Acc:HGNC:1686]	-0.4251091	
GALNT6	polypeptide N-acetylgalactosaminyltransferase 6 [Source:HGNC Symbol;Acc:HGNC:4128]	-0.42524216	
ZFP1	ZFP1 zinc finger protein [Source:HGNC Symbol;Acc:HGNC:23328]	-0.42600727	
TASOR2	transcription activation suppressor family member 2 [Source:HGNC Symbol;Acc:HGNC:23484]	-0.4260365	
MITD1	microtubule interacting and trafficking domain containing 1 [Source:HGNC Symbol;Acc:HGNC:25207]	-0.42808348	
MBNL2	muscleblind like splicing regulator 2 [Source:HGNC Symbol;Acc:HGNC:16746]	-0.42818785	
HECA	hdc homolog, cell cycle regulator [Source:HGNC Symbol;Acc:HGNC:21041]	-0.4287301	
SP4	Sp4 transcription factor [Source:HGNC Symbol;Acc:HGNC:11209]	-0.42886585	
RESF1	retroelement silencing factor 1 [Source:HGNC Symbol;Acc:HGNC:25559]	-0.42945933	
ABI3	ABI family member 3 [Source:HGNC Symbol;Acc:HGNC:29859]	-0.43146244	
DOCK8	dedicator of cytokinesis 8 [Source:HGNC Symbol;Acc:HGNC:19191]	-0.43159962	
EFR3A	EFR3 homolog A [Source:HGNC Symbol;Acc:HGNC:28970]	-0.4317316	
RAPGEF2	Rap guanine nucleotide exchange factor 2 [Source:HGNC Symbol;Acc:HGNC:16854]	-0.4353438	
DNAJC3	DnaJ heat shock protein family (Hsp40) member C3 [Source:HGNC Symbol;Acc:HGNC:9439]	-0.4356417	
SLC16A5	solute carrier family 16 member 5 [Source:HGNC Symbol;Acc:HGNC:10926]	-0.43589014	
SLCO3A1	solute carrier organic anion transporter family member 3A1 [Source:HGNC Symbol;Acc:HGNC:10952]	-0.43592176	
NT5C3A	5'-nucleotidase, cytosolic IIIA [Source:HGNC Symbol;Acc:HGNC:17820]	-0.43716103	
ARHGAP10	Rho GTPase activating protein 10 [Source:HGNC Symbol;Acc:HGNC:26099]	-0.43716612	
TWF2	twinfilin actin binding protein 2 [Source:HGNC Symbol;Acc:HGNC:9621]	-0.43769857	
IKBKE	inhibitor of nuclear factor kappa B kinase subunit epsilon [Source:HGNC Symbol;Acc:HGNC:14552]	-0.43848816	
RCBTB2	RCC1 and BTB domain containing protein 2 [Source:HGNC Symbol;Acc:HGNC:1914]	-0.438521	
BANP	BTG3 associated nuclear protein [Source:HGNC Symbol;Acc:HGNC:13450]	-0.43863523	
HS2ST1	heparan sulfate 2-O-sulfotransferase 1 [Source:HGNC Symbol;Acc:HGNC:5193]	-0.4394933	
MSL2	MSL complex subunit 2 [Source:HGNC Symbol;Acc:HGNC:25544]	-0.43997386	
TESC	tescalcin [Source:HGNC Symbol;Acc:HGNC:26065]	-0.44005424	
N4BP2	NEDD4 binding protein 2 [Source:HGNC Symbol;Acc:HGNC:29851]	-0.44006726	
DENND1A	DENN domain containing 1A [Source:HGNC Symbol;Acc:HGNC:29324]	-0.4416221	
TRIM33	tripartite motif containing 33 [Source:HGNC Symbol;Acc:HGNC:16290]	-0.44313014	
KIAA1328	KIAA1328 [Source:HGNC Symbol;Acc:HGNC:29248]	-0.44341913	
SP110	SP110 nuclear body protein [Source:HGNC Symbol;Acc:HGNC:5401]	-0.44359097	
KLHL6	kelch like family member 6 [Source:HGNC Symbol;Acc:HGNC:18653]	-0.44387534	
AGK	acylglycerol kinase [Source:HGNC Symbol;Acc:HGNC:21869]	-0.4443724	
BTG1	BTG anti-proliferation factor 1 [Source:HGNC Symbol;Acc:HGNC:1130]	-0.44538334	
NSD1	nuclear receptor binding SET domain protein 1 [Source:HGNC Symbol;Acc:HGNC:14234]	-0.44602376	
AGFG1	ArfGAP with FG repeats 1 [Source:HGNC Symbol;Acc:HGNC:5175]	-0.44638595	
CEP350	centrosomal protein 350 [Source:HGNC Symbol;Acc:HGNC:24238]	-0.44805568	
ANKRD28	ankyrin repeat domain 28 [Source:HGNC Symbol;Acc:HGNC:29024]	-0.448657	
TDRP	testis development related protein [Source:HGNC Symbol;Acc:HGNC:26951]	-0.44881368	
NIPBL	NIPBL cohesin loading factor [Source:HGNC Symbol;Acc:HGNC:28862]	-0.44937757	
PECAM1	platelet and endothelial cell adhesion molecule 1 [Source:HGNC Symbol;Acc:HGNC:8823]	-0.44938314	
HNRNPF	heterogeneous nuclear ribonucleoprotein F [Source:HGNC Symbol;Acc:HGNC:5039]	-0.44959646	
RPS4X	ribosomal protein S4 X-linked [Source:HGNC Symbol;Acc:HGNC:10424]	-0.44988033	
CARD6	caspase recruitment domain family member 6 [Source:HGNC Symbol;Acc:HGNC:16394]	-0.45000696	
ADAR	adenosine deaminase RNA specific [Source:HGNC Symbol;Acc:HGNC:225]	-0.45037287	
RUNDC3B	RUN domain containing 3B [Source:HGNC Symbol;Acc:HGNC:30286]	-0.45081395	
CEP97	centrosomal protein 97 [Source:HGNC Symbol;Acc:HGNC:26244]	-0.45136005	
DNAJA1	DnaJ heat shock protein family (Hsp40) member A1 [Source:HGNC Symbol;Acc:HGNC:5229]	-0.4515251	
ARL5C	ADP ribosylation factor like GTPase 5C [Source:HGNC Symbol;Acc:HGNC:31111]	-0.45154303	
FUBP1	far upstream element binding protein 1 [Source:HGNC Symbol;Acc:HGNC:4004]	-0.4536631	
BBIP1	BBSome interacting protein 1 [Source:HGNC Symbol;Acc:HGNC:28093]	-0.45369288	
RAB6B	RAB6B, member RAS oncogene family [Source:HGNC Symbol;Acc:HGNC:14902]	-0.45426005	
FBXW4	F-box and WD repeat domain containing 4 [Source:HGNC Symbol;Acc:HGNC:10847]	-0.45492938	
PCGF5	polycomb group ring finger 5 [Source:HGNC Symbol;Acc:HGNC:28264]	-0.4554896	
SMURF1	SMAD specific E3 ubiquitin protein ligase 1 [Source:HGNC Symbol;Acc:HGNC:16807]	-0.45556763	
ABCB7	ATP binding cassette subfamily B member 7 [Source:HGNC Symbol;Acc:HGNC:48]	-0.45614684	
ARHGAP25	Rho GTPase activating protein 25 [Source:HGNC Symbol;Acc:HGNC:28951]	-0.45697457	
MAD1L1	mitotic arrest deficient 1 like 1 [Source:HGNC Symbol;Acc:HGNC:6762]	-0.45741004	
HERC1	HECT and RLD domain containing E3 ubiquitin protein ligase family member 1 [Source:HGNC Symbol;Acc:HGNC:4867]	-0.45742613	
ZNF148	zinc finger protein 148 [Source:HGNC Symbol;Acc:HGNC:12933]	-0.4586058	
KAT6A	lysine acetyltransferase 6A [Source:HGNC Symbol;Acc:HGNC:13013]	-0.45912626	
TLK1	tousled like kinase 1 [Source:HGNC Symbol;Acc:HGNC:11841]	-0.4592694	
NUP210	nucleoporin 210 [Source:HGNC Symbol;Acc:HGNC:30052]	-0.46060488	
INSR	insulin receptor [Source:HGNC Symbol;Acc:HGNC:6091]	-0.4608226	
MARK2	microtubule affinity regulating kinase 2 [Source:HGNC Symbol;Acc:HGNC:3332]	-0.46247813	
XRN1	5'-3' exoribonuclease 1 [Source:HGNC Symbol;Acc:HGNC:30654]	-0.46318743	
AKAP10	A-kinase anchoring protein 10 [Source:HGNC Symbol;Acc:HGNC:368]	-0.46324974	
PPP2R5A	protein phosphatase 2 regulatory subunit B'alpha [Source:HGNC Symbol;Acc:HGNC:9309]	-0.4647784	
BPTF	bromodomain PHD finger transcription factor [Source:HGNC Symbol;Acc:HGNC:3581]	-0.46505526	
IGSF23	immunoglobulin superfamily member 23 [Source:HGNC Symbol;Acc:HGNC:40040]	-0.4685203	
NLRC5	NLR family CARD domain containing 5 [Source:HGNC Symbol;Acc:HGNC:29933]	-0.46898437	
NSMCE1	NSE1 homolog, SMC5-SMC6 complex component [Source:HGNC Symbol;Acc:HGNC:29897]	-0.4695985	
ARMC7	armadillo repeat containing 7 [Source:HGNC Symbol;Acc:HGNC:26168]	-0.4697006	
ATM	ATM serine/threonine kinase [Source:HGNC Symbol;Acc:HGNC:795]	-0.47021914	
DEGS2	delta 4-desaturase, sphingolipid 2 [Source:HGNC Symbol;Acc:HGNC:20113]	-0.47087553	
CELF1	CUGBP Elav-like family member 1 [Source:HGNC Symbol;Acc:HGNC:2549]	-0.47153458	
L3MBTL3	L3MBTL histone methyl-lysine binding protein 3 [Source:HGNC Symbol;Acc:HGNC:23035]	-0.47166443	
CCR7	C-C motif chemokine receptor 7 [Source:HGNC Symbol;Acc:HGNC:1608]	-0.4721263	
ATF7	activating transcription factor 7 [Source:HGNC Symbol;Acc:HGNC:792]	-0.47220445	
DYRK2	dual specificity tyrosine phosphorylation regulated kinase 2 [Source:HGNC Symbol;Acc:HGNC:3093]	-0.47299272	
TBC1D22B	TBC1 domain family member 22B [Source:HGNC Symbol;Acc:HGNC:21602]	-0.4746142	
ZUP1	zinc finger containing ubiquitin peptidase 1 [Source:HGNC Symbol;Acc:HGNC:21224]	-0.47536138	
SPATA13	spermatogenesis associated 13 [Source:HGNC Symbol;Acc:HGNC:23222]	-0.47545713	
FOXO1	forkhead box O1 [Source:HGNC Symbol;Acc:HGNC:3819]	-0.47858667	
ATP13A3	ATPase 13A3 [Source:HGNC Symbol;Acc:HGNC:24113]	-0.4788357	
FRY	FRY microtubule binding protein [Source:HGNC Symbol;Acc:HGNC:20367]	-0.4792963	
PML	PML nuclear body scaffold [Source:HGNC Symbol;Acc:HGNC:9113]	-0.47942552	
CYB5B	cytochrome b5 type B [Source:HGNC Symbol;Acc:HGNC:24374]	-0.4799312	
RPS24	ribosomal protein S24 [Source:HGNC Symbol;Acc:HGNC:10411]	-0.48107085	
FYB1	FYN binding protein 1 [Source:HGNC Symbol;Acc:HGNC:4036]	-0.48133475	
CREB1	cAMP responsive element binding protein 1 [Source:HGNC Symbol;Acc:HGNC:2345]	-0.48154983	
SCMH1	Scm polycomb group protein homolog 1 [Source:HGNC Symbol;Acc:HGNC:19003]	-0.48182547	
LONP2	lon peptidase 2, peroxisomal [Source:HGNC Symbol;Acc:HGNC:20598]	-0.48315018	
DNMT3A	DNA methyltransferase 3 alpha [Source:HGNC Symbol;Acc:HGNC:2978]	-0.4833859	
GIMAP4	GTPase, IMAP family member 4 [Source:HGNC Symbol;Acc:HGNC:21872]	-0.48540723	
LRRC4	leucine rich repeat containing 4 [Source:HGNC Symbol;Acc:HGNC:15586]	-0.48660514	
ID3	inhibitor of DNA binding 3 [Source:HGNC Symbol;Acc:HGNC:5362]	-0.48875663	
GPR183	G protein-coupled receptor 183 [Source:HGNC Symbol;Acc:HGNC:3128]	-0.48920617	
SETD7	SET domain containing 7, histone lysine methyltransferase [Source:HGNC Symbol;Acc:HGNC:30412]	-0.4894047	
C16orf54	chromosome 16 open reading frame 54 [Source:HGNC Symbol;Acc:HGNC:26649]	-0.49148217	
TUBB	tubulin beta class I [Source:HGNC Symbol;Acc:HGNC:20778]	-0.49601448	
FOXO3	forkhead box O3 [Source:HGNC Symbol;Acc:HGNC:3821]	-0.49632224	
RPS15	ribosomal protein S15 [Source:HGNC Symbol;Acc:HGNC:10388]	-0.49683484	
PRKD3	protein kinase D3 [Source:HGNC Symbol;Acc:HGNC:9408]	-0.4971313	
IL16	interleukin 16 [Source:HGNC Symbol;Acc:HGNC:5980]	-0.49780428	
MFSD4A	major facilitator superfamily domain containing 4A [Source:HGNC Symbol;Acc:HGNC:25433]	-0.49988484	
SUCLG2	succinate-CoA ligase GDP-forming subunit beta [Source:HGNC Symbol;Acc:HGNC:11450]	-0.5011823	
HSPH1	heat shock protein family H (Hsp110) member 1 [Source:HGNC Symbol;Acc:HGNC:16969]	-0.5017041	
CLIP1	CAP-Gly domain containing linker protein 1 [Source:HGNC Symbol;Acc:HGNC:10461]	-0.5021676	
ISG20	interferon stimulated exonuclease gene 20 [Source:HGNC Symbol;Acc:HGNC:6130]	-0.5024455	
FOCAD	focadhesin [Source:HGNC Symbol;Acc:HGNC:23377]	-0.5027867	
KMT2C	lysine methyltransferase 2C [Source:HGNC Symbol;Acc:HGNC:13726]	-0.5033043	
VAV1	vav guanine nucleotide exchange factor 1 [Source:HGNC Symbol;Acc:HGNC:12657]	-0.50335586	
RPS23	ribosomal protein S23 [Source:HGNC Symbol;Acc:HGNC:10410]	-0.5045824	
TASOR	transcription activation suppressor [Source:HGNC Symbol;Acc:HGNC:30314]	-0.5046732	
ARHGAP45	Rho GTPase activating protein 45 [Source:HGNC Symbol;Acc:HGNC:17102]	-0.5060573	
CHCHD3	coiled-coil-helix-coiled-coil-helix domain containing 3 [Source:HGNC Symbol;Acc:HGNC:21906]	-0.5062892	
MAN1A2	mannosidase alpha class 1A member 2 [Source:HGNC Symbol;Acc:HGNC:6822]	-0.50727165	
PHF20L1	PHD finger protein 20 like 1 [Source:HGNC Symbol;Acc:HGNC:24280]	-0.5076614	
HSPBAP1	HSPB1 associated protein 1 [Source:HGNC Symbol;Acc:HGNC:16389]	-0.5099389	
ZDHHC17	zinc finger DHHC-type palmitoyltransferase 17 [Source:HGNC Symbol;Acc:HGNC:18412]	-0.5100455	
ZNF292	zinc finger protein 292 [Source:HGNC Symbol;Acc:HGNC:18410]	-0.5105942	
HERC4	HECT and RLD domain containing E3 ubiquitin protein ligase 4 [Source:HGNC Symbol;Acc:HGNC:24521]	-0.5111607	
BBS9	Bardet-Biedl syndrome 9 [Source:HGNC Symbol;Acc:HGNC:30000]	-0.51168954	
TMEM245	transmembrane protein 245 [Source:HGNC Symbol;Acc:HGNC:1363]	-0.5120445	
ENTREP3	endosomal transmembrane epsin interactor 3 [Source:HGNC Symbol;Acc:HGNC:1233]	-0.5126985	
DAXX	death domain associated protein [Source:HGNC Symbol;Acc:HGNC:2681]	-0.5131884	
DNAH8	dynein axonemal heavy chain 8 [Source:HGNC Symbol;Acc:HGNC:2952]	-0.5137604	
RANBP9	RAN binding protein 9 [Source:HGNC Symbol;Acc:HGNC:13727]	-0.5143396	
XAF1	XIAP associated factor 1 [Source:HGNC Symbol;Acc:HGNC:30932]	-0.51497775	
ZMYND8	zinc finger MYND-type containing 8 [Source:HGNC Symbol;Acc:HGNC:9397]	-0.51527894	
PLCL2	phospholipase C like 2 [Source:HGNC Symbol;Acc:HGNC:9064]	-0.516179	
RCBTB1	RCC1 and BTB domain containing protein 1 [Source:HGNC Symbol;Acc:HGNC:18243]	-0.51814026	
ABCG1	ATP binding cassette subfamily G member 1 [Source:HGNC Symbol;Acc:HGNC:73]	-0.5183816	
PUM2	pumilio RNA binding family member 2 [Source:HGNC Symbol;Acc:HGNC:14958]	-0.5192299	
STIM1	stromal interaction molecule 1 [Source:HGNC Symbol;Acc:HGNC:11386]	-0.5205187	
ATP11C	ATPase phospholipid transporting 11C [Source:HGNC Symbol;Acc:HGNC:13554]	-0.5220358	
SMURF2	SMAD specific E3 ubiquitin protein ligase 2 [Source:HGNC Symbol;Acc:HGNC:16809]	-0.5241518	
FAM172A	family with sequence similarity 172 member A [Source:HGNC Symbol;Acc:HGNC:25365]	-0.52546793	
UVRAG	UV radiation resistance associated [Source:HGNC Symbol;Acc:HGNC:12640]	-0.5264604	
XRCC4	X-ray repair cross complementing 4 [Source:HGNC Symbol;Acc:HGNC:12831]	-0.52656704	
DENND1B	DENN domain containing 1B [Source:HGNC Symbol;Acc:HGNC:28404]	-0.5270034	
MGA	MAX dimerization protein MGA [Source:HGNC Symbol;Acc:HGNC:14010]	-0.527114	
ACSS1	acyl-CoA synthetase short chain family member 1 [Source:HGNC Symbol;Acc:HGNC:16091]	-0.52753156	
ARID3B	AT-rich interaction domain 3B [Source:HGNC Symbol;Acc:HGNC:14350]	-0.5284505	
TRIM14	tripartite motif containing 14 [Source:HGNC Symbol;Acc:HGNC:16283]	-0.5285279	
HMG20A	high mobility group 20A [Source:HGNC Symbol;Acc:HGNC:5001]	-0.5298854	
AIRN	antisense of IGF2R non-protein coding RNA [Source:HGNC Symbol;Acc:HGNC:34515]	-0.53384656	
SPATA6	spermatogenesis associated 6 [Source:HGNC Symbol;Acc:HGNC:18309]	-0.5357626	
RPS20	ribosomal protein S20 [Source:HGNC Symbol;Acc:HGNC:10405]	-0.53605175	
RPS16	ribosomal protein S16 [Source:HGNC Symbol;Acc:HGNC:10396]	-0.53772753	
EIF4A2	eukaryotic translation initiation factor 4A2 [Source:HGNC Symbol;Acc:HGNC:3284]	-0.538017	
RFX7	regulatory factor X7 [Source:HGNC Symbol;Acc:HGNC:25777]	-0.5382272	
ZNF280D	zinc finger protein 280D [Source:HGNC Symbol;Acc:HGNC:25953]	-0.5386589	
OAS2	2'-5'-oligoadenylate synthetase 2 [Source:HGNC Symbol;Acc:HGNC:8087]	-0.5394093	
IRF7	interferon regulatory factor 7 [Source:HGNC Symbol;Acc:HGNC:6122]	-0.53988725	
FNTB	farnesyltransferase, CAAX box, beta [Source:HGNC Symbol;Acc:HGNC:3785]	-0.54014623	
MYLIP	myosin regulatory light chain interacting protein [Source:HGNC Symbol;Acc:HGNC:21155]	-0.54060006	
RPS19	ribosomal protein S19 [Source:HGNC Symbol;Acc:HGNC:10402]	-0.5414045	
TRIM44	tripartite motif containing 44 [Source:HGNC Symbol;Acc:HGNC:19016]	-0.54164404	
TRIM56	tripartite motif containing 56 [Source:HGNC Symbol;Acc:HGNC:19028]	-0.54442465	
CYRIB	CYFIP related Rac1 interactor B [Source:HGNC Symbol;Acc:HGNC:25216]	-0.5475033	
ART2BP	ADP-ribosyltransferase 2B, pseudogene [Source:HGNC Symbol;Acc:HGNC:51489]	-0.5479003	
DOP1A	DOP1 leucine zipper like protein A [Source:HGNC Symbol;Acc:HGNC:21194]	-0.548634	
TNIK	TRAF2 and NCK interacting kinase [Source:HGNC Symbol;Acc:HGNC:30765]	-0.5489605	
KMT2A	lysine methyltransferase 2A [Source:HGNC Symbol;Acc:HGNC:7132]	-0.54925543	
MCMBP	minichromosome maintenance complex binding protein [Source:HGNC Symbol;Acc:HGNC:25782]	-0.5505069	
PDLIM1	PDZ and LIM domain 1 [Source:HGNC Symbol;Acc:HGNC:2067]	-0.55071104	
ARHGEF11	Rho guanine nucleotide exchange factor 11 [Source:HGNC Symbol;Acc:HGNC:14580]	-0.55094934	
TMLHE	trimethyllysine hydroxylase, epsilon [Source:HGNC Symbol;Acc:HGNC:18308]	-0.551759	
PHF11	PHD finger protein 11 [Source:HGNC Symbol;Acc:HGNC:17024]	-0.55195373	
REV3L	REV3 like, DNA directed polymerase zeta catalytic subunit [Source:HGNC Symbol;Acc:HGNC:9968]	-0.5521651	
INSYN2B	inhibitory synaptic factor family member 2B [Source:HGNC Symbol;Acc:HGNC:37271]	-0.5525631	
LARP1	La ribonucleoprotein 1, translational regulator [Source:HGNC Symbol;Acc:HGNC:29531]	-0.552579	
FOXK1	forkhead box K1 [Source:HGNC Symbol;Acc:HGNC:23480]	-0.5534037	
ABCG2	ATP binding cassette subfamily G member 2 (Junior blood group) [Source:HGNC Symbol;Acc:HGNC:74]	-0.5545861	
BBX	BBX high mobility group box domain containing [Source:HGNC Symbol;Acc:HGNC:14422]	-0.5553326	
MACF1	microtubule actin crosslinking factor 1 [Source:HGNC Symbol;Acc:HGNC:13664]	-0.5567887	
FLI1	Fli-1 proto-oncogene, ETS transcription factor [Source:HGNC Symbol;Acc:HGNC:3749]	-0.55773187	
KANSL1L	KAT8 regulatory NSL complex subunit 1 like [Source:HGNC Symbol;Acc:HGNC:26310]	-0.55830926	
RPL31	ribosomal protein L31 [Source:HGNC Symbol;Acc:HGNC:10334]	-0.5586155	
MAP2K6	mitogen-activated protein kinase kinase 6 [Source:HGNC Symbol;Acc:HGNC:6846]	-0.55952895	
KLF7	KLF transcription factor 7 [Source:HGNC Symbol;Acc:HGNC:6350]	-0.5603781	
DPH5	diphthamide biosynthesis 5 [Source:HGNC Symbol;Acc:HGNC:24270]	-0.56079686	
SLC14A1	solute carrier family 14 member 1 (Kidd blood group) [Source:HGNC Symbol;Acc:HGNC:10918]	-0.5611087	
SMG1	SMG1 nonsense mediated mRNA decay associated PI3K related kinase [Source:HGNC Symbol;Acc:HGNC:30045]	-0.56338865	
GALNT7	polypeptide N-acetylgalactosaminyltransferase 7 [Source:HGNC Symbol;Acc:HGNC:4129]	-0.56365424	
BOLL	boule homolog, RNA binding protein [Source:HGNC Symbol;Acc:HGNC:14273]	-0.5637169	
ATP1B3	ATPase Na+/K+ transporting subunit beta 3 [Source:HGNC Symbol;Acc:HGNC:806]	-0.5649871	
SESN1	sestrin 1 [Source:HGNC Symbol;Acc:HGNC:21595]	-0.5652273	
AHCYL2	adenosylhomocysteinase like 2 [Source:HGNC Symbol;Acc:HGNC:22204]	-0.5653288	
C5orf58	chromosome 5 open reading frame 58 [Source:HGNC Symbol;Acc:HGNC:37272]	-0.56569237	
ERAP1	endoplasmic reticulum aminopeptidase 1 [Source:HGNC Symbol;Acc:HGNC:18173]	-0.5660045	
GIMAP7	GTPase, IMAP family member 7 [Source:HGNC Symbol;Acc:HGNC:22404]	-0.5664778	
BICDL1	BICD family like cargo adaptor 1 [Source:HGNC Symbol;Acc:HGNC:28095]	-0.5713425	
MORC3	MORC family CW-type zinc finger 3 [Source:HGNC Symbol;Acc:HGNC:23572]	-0.57332534	
USP25	ubiquitin specific peptidase 25 [Source:HGNC Symbol;Acc:HGNC:12624]	-0.573906	
SMYD3	SET and MYND domain containing 3 [Source:HGNC Symbol;Acc:HGNC:15513]	-0.5764973	
SMCHD1	structural maintenance of chromosomes flexible hinge domain containing 1 [Source:HGNC Symbol;Acc:HGNC:29090]	-0.5791075	
XPO1	exportin 1 [Source:HGNC Symbol;Acc:HGNC:12825]	-0.58047146	
RPS6	ribosomal protein S6 [Source:HGNC Symbol;Acc:HGNC:10429]	-0.5808492	
MRTFA	myocardin related transcription factor A [Source:HGNC Symbol;Acc:HGNC:14334]	-0.58239496	
CDYL2	chromodomain Y like 2 [Source:HGNC Symbol;Acc:HGNC:23030]	-0.5829528	
TCF12	transcription factor 12 [Source:HGNC Symbol;Acc:HGNC:11623]	-0.5845822	
KLF13	KLF transcription factor 13 [Source:HGNC Symbol;Acc:HGNC:13672]	-0.5860159	
WNT5B	Wnt family member 5B [Source:HGNC Symbol;Acc:HGNC:16265]	-0.58791405	
ZDHHC15	zinc finger DHHC-type palmitoyltransferase 15 [Source:HGNC Symbol;Acc:HGNC:20342]	-0.5879148	
PHIP	pleckstrin homology domain interacting protein [Source:HGNC Symbol;Acc:HGNC:15673]	-0.5887103	
ETNK1	ethanolamine kinase 1 [Source:HGNC Symbol;Acc:HGNC:24649]	-0.5890033	
EPSTI1	epithelial stromal interaction 1 [Source:HGNC Symbol;Acc:HGNC:16465]	-0.59167683	
METTL9	methyltransferase like 9 [Source:HGNC Symbol;Acc:HGNC:24586]	-0.59308356	
IGHM	immunoglobulin heavy constant mu [Source:HGNC Symbol;Acc:HGNC:5541]	-0.59396225	
DESI2	desumoylating isopeptidase 2 [Source:HGNC Symbol;Acc:HGNC:24264]	-0.5965541	
UTRN	utrophin [Source:HGNC Symbol;Acc:HGNC:12635]	-0.5971603	
SELENOP	selenoprotein P [Source:HGNC Symbol;Acc:HGNC:10751]	-0.5977915	
RPL23A	ribosomal protein L23a [Source:HGNC Symbol;Acc:HGNC:10317]	-0.5980516	
ZNF710	zinc finger protein 710 [Source:HGNC Symbol;Acc:HGNC:25352]	-0.599264	
TANC1	tetratricopeptide repeat, ankyrin repeat and coiled-coil containing 1 [Source:HGNC Symbol;Acc:HGNC:29364]	-0.5993437	
IL27RA	interleukin 27 receptor subunit alpha [Source:HGNC Symbol;Acc:HGNC:17290]	-0.599865	
HERC3	HECT and RLD domain containing E3 ubiquitin protein ligase 3 [Source:HGNC Symbol;Acc:HGNC:4876]	-0.6001245	
SIAH1	siah E3 ubiquitin protein ligase 1 [Source:HGNC Symbol;Acc:HGNC:10857]	-0.6020413	
IRGM	immunity related GTPase M [Source:HGNC Symbol;Acc:HGNC:29597]	-0.60254437	
GRAMD4	GRAM domain containing 4 [Source:HGNC Symbol;Acc:HGNC:29113]	-0.6068174	
CD2AP	CD2 associated protein [Source:HGNC Symbol;Acc:HGNC:14258]	-0.60849756	
MIA2	MIA SH3 domain ER export factor 2 [Source:HGNC Symbol;Acc:HGNC:18432]	-0.60983473	
BICRA	BRD4 interacting chromatin remodeling complex associated protein [Source:HGNC Symbol;Acc:HGNC:4332]	-0.6105726	
EYA2	EYA transcriptional coactivator and phosphatase 2 [Source:HGNC Symbol;Acc:HGNC:3520]	-0.6108661	
JAK1	Janus kinase 1 [Source:HGNC Symbol;Acc:HGNC:6190]	-0.6122788	
GBP2	guanylate binding protein 2 [Source:HGNC Symbol;Acc:HGNC:4183]	-0.61536926	
OTULINL	OTU deubiquitinase with linear linkage specificity like [Source:HGNC Symbol;Acc:HGNC:25629]	-0.61716133	
SMAD3	SMAD family member 3 [Source:HGNC Symbol;Acc:HGNC:6769]	-0.62104696	
TRAF3IP3	TRAF3 interacting protein 3 [Source:HGNC Symbol;Acc:HGNC:30766]	-0.6216222	
SKAP1	src kinase associated phosphoprotein 1 [Source:HGNC Symbol;Acc:HGNC:15605]	-0.62480205	
MLLT3	MLLT3 super elongation complex subunit [Source:HGNC Symbol;Acc:HGNC:7136]	-0.626072	
TNRC6C	trinucleotide repeat containing adaptor 6C [Source:HGNC Symbol;Acc:HGNC:29318]	-0.6263616	
LRRC1	leucine rich repeat containing 1 [Source:HGNC Symbol;Acc:HGNC:14307]	-0.6276014	
NRROS	negative regulator of reactive oxygen species [Source:HGNC Symbol;Acc:HGNC:24613]	-0.6361366	
TMEM131L	transmembrane 131 like [Source:HGNC Symbol;Acc:HGNC:29146]	-0.63614595	
USP3	ubiquitin specific peptidase 3 [Source:HGNC Symbol;Acc:HGNC:12626]	-0.6362609	
ATP11B	ATPase phospholipid transporting 11B (putative) [Source:HGNC Symbol;Acc:HGNC:13553]	-0.6388213	
FTO	FTO alpha-ketoglutarate dependent dioxygenase [Source:HGNC Symbol;Acc:HGNC:24678]	-0.6419046	
ANKRD44	ankyrin repeat domain 44 [Source:HGNC Symbol;Acc:HGNC:25259]	-0.64219606	
PRKCE	protein kinase C epsilon [Source:HGNC Symbol;Acc:HGNC:9401]	-0.64245045	
MYCBP2	MYC binding protein 2 [Source:HGNC Symbol;Acc:HGNC:23386]	-0.64304733	
MBOAT1	membrane bound O-acyltransferase domain containing 1 [Source:HGNC Symbol;Acc:HGNC:21579]	-0.6476272	
ANO6	anoctamin 6 [Source:HGNC Symbol;Acc:HGNC:25240]	-0.6490928	
DTX3L	deltex E3 ubiquitin ligase 3L [Source:HGNC Symbol;Acc:HGNC:30323]	-0.64922863	
RPL5	ribosomal protein L5 [Source:HGNC Symbol;Acc:HGNC:10360]	-0.6514535	
ITGA6	integrin subunit alpha 6 [Source:HGNC Symbol;Acc:HGNC:6142]	-0.65294105	
SLC44A2	solute carrier family 44 member 2 [Source:HGNC Symbol;Acc:HGNC:17292]	-0.65497786	
SMARCA2	SWI/SNF related, matrix associated, actin dependent regulator of chromatin, subfamily a, member 2 [Source:HGNC Symbol;Acc:HGNC:11098]	-0.6550277	
CDC42SE2	CDC42 small effector 2 [Source:HGNC Symbol;Acc:HGNC:18547]	-0.6557945	
TBC1D1	TBC1 domain family member 1 [Source:HGNC Symbol;Acc:HGNC:11578]	-0.65691584	
OASL2P	2'-5' oligoadenylate synthetase like 2, pseudogene [Source:HGNC Symbol;Acc:HGNC:53738]	-0.65806705	
DAPL1	death associated protein like 1 [Source:HGNC Symbol;Acc:HGNC:21490]	-0.6584477	
ZFP36	ZFP36 ring finger protein [Source:HGNC Symbol;Acc:HGNC:12862]	-0.65974176	
SLC12A6	solute carrier family 12 member 6 [Source:HGNC Symbol;Acc:HGNC:10914]	-0.6606176	
PGLYRP2	peptidoglycan recognition protein 2 [Source:HGNC Symbol;Acc:HGNC:30013]	-0.67142034	
STK4	serine/threonine kinase 4 [Source:HGNC Symbol;Acc:HGNC:11408]	-0.6720346	
WASHC4	WASH complex subunit 4 [Source:HGNC Symbol;Acc:HGNC:29174]	-0.67443293	
UGCG	UDP-glucose ceramide glucosyltransferase [Source:HGNC Symbol;Acc:HGNC:12524]	-0.67617977	
STT3B	STT3 oligosaccharyltransferase complex catalytic subunit B [Source:HGNC Symbol;Acc:HGNC:30611]	-0.6816924	
DENND2D	DENN domain containing 2D [Source:HGNC Symbol;Acc:HGNC:26192]	-0.68177724	
SGK3	serum/glucocorticoid regulated kinase family member 3 [Source:HGNC Symbol;Acc:HGNC:10812]	-0.68639094	
EEFSEC	eukaryotic elongation factor, selenocysteine-tRNA specific [Source:HGNC Symbol;Acc:HGNC:24614]	-0.6896399	
BCL9	BCL9 transcription coactivator [Source:HGNC Symbol;Acc:HGNC:1008]	-0.6902046	
GIMAP8	GTPase, IMAP family member 8 [Source:HGNC Symbol;Acc:HGNC:21792]	-0.6908894	
CCM2	CCM2 scaffold protein [Source:HGNC Symbol;Acc:HGNC:21708]	-0.6929791	
CBL	Cbl proto-oncogene [Source:HGNC Symbol;Acc:HGNC:1541]	-0.69412404	
TGFBR2	transforming growth factor beta receptor 2 [Source:HGNC Symbol;Acc:HGNC:11773]	-0.69512254	
DZIP1	DAZ interacting zinc finger protein 1 [Source:HGNC Symbol;Acc:HGNC:20908]	-0.69799995	
NCK2	NCK adaptor protein 2 [Source:HGNC Symbol;Acc:HGNC:7665]	-0.700607	
KAT2B	lysine acetyltransferase 2B [Source:HGNC Symbol;Acc:HGNC:8638]	-0.70203876	
PARP9	poly(ADP-ribose) polymerase family member 9 [Source:HGNC Symbol;Acc:HGNC:24118]	-0.7020779	
ST8SIA6	ST8 alpha-N-acetyl-neuraminide alpha-2,8-sialyltransferase 6 [Source:HGNC Symbol;Acc:HGNC:23317]	-0.7029892	
RPS17	ribosomal protein S17 [Source:HGNC Symbol;Acc:HGNC:10397]	-0.7070008	
PTPRC	protein tyrosine phosphatase receptor type C [Source:HGNC Symbol;Acc:HGNC:9666]	-0.7091524	
NEDD9	neural precursor cell expressed, developmentally down-regulated 9 [Source:HGNC Symbol;Acc:HGNC:7733]	-0.7106742	
CLEC2D	C-type lectin domain family 2 member D [Source:HGNC Symbol;Acc:HGNC:14351]	-0.7147338	
SLC49A4	solute carrier family 49 member 4 [Source:HGNC Symbol;Acc:HGNC:16628]	-0.7157003	
NLK	nemo like kinase [Source:HGNC Symbol;Acc:HGNC:29858]	-0.71616304	
CASP8	caspase 8 [Source:HGNC Symbol;Acc:HGNC:1509]	-0.7165063	
TSIX	TSIX transcript, XIST antisense RNA [Source:HGNC Symbol;Acc:HGNC:12377]	-0.7188143	
TREML2	triggering receptor expressed on myeloid cells like 2 [Source:HGNC Symbol;Acc:HGNC:21092]	-0.72259104	
FCHSD2	FCH and double SH3 domains 2 [Source:HGNC Symbol;Acc:HGNC:29114]	-0.7236927	
IL6R	interleukin 6 receptor [Source:HGNC Symbol;Acc:HGNC:6019]	-0.7239227	
CD226	CD226 molecule [Source:HGNC Symbol;Acc:HGNC:16961]	-0.7260001	
SETX	senataxin [Source:HGNC Symbol;Acc:HGNC:445]	-0.7264469	
NUMB	NUMB endocytic adaptor protein [Source:HGNC Symbol;Acc:HGNC:8060]	-0.73114926	
RRAS2	RAS related 2 [Source:HGNC Symbol;Acc:HGNC:17271]	-0.73260325	
RSU1	Ras suppressor protein 1 [Source:HGNC Symbol;Acc:HGNC:10464]	-0.7365527	
SENP7	SUMO specific peptidase 7 [Source:HGNC Symbol;Acc:HGNC:30402]	-0.7385608	
CYTH1	cytohesin 1 [Source:HGNC Symbol;Acc:HGNC:9501]	-0.74586236	
ZBP1	Z-DNA binding protein 1 [Source:HGNC Symbol;Acc:HGNC:16176]	-0.7507365	
RASSF2	Ras association domain family member 2 [Source:HGNC Symbol;Acc:HGNC:9883]	-0.75216085	
ARHGEF1	Rho guanine nucleotide exchange factor 1 [Source:HGNC Symbol;Acc:HGNC:681]	-0.76016414	
AAK1	AP2 associated kinase 1 [Source:HGNC Symbol;Acc:HGNC:19679]	-0.7619368	
CTSE	cathepsin E [Source:HGNC Symbol;Acc:HGNC:2530]	-0.7642877	
HMGN1	high mobility group nucleosome binding domain 1 [Source:HGNC Symbol;Acc:HGNC:4984]	-0.7647526	
CYRIA	CYFIP related Rac1 interactor A [Source:HGNC Symbol;Acc:HGNC:25373]	-0.76664025	
USP24	ubiquitin specific peptidase 24 [Source:HGNC Symbol;Acc:HGNC:12623]	-0.77068675	
LARS2	leucyl-tRNA synthetase 2, mitochondrial [Source:HGNC Symbol;Acc:HGNC:17095]	-0.77101076	
PTEN	phosphatase and tensin homolog [Source:HGNC Symbol;Acc:HGNC:9588]	-0.771599	
ALS2CL	ALS2 C-terminal like [Source:HGNC Symbol;Acc:HGNC:20605]	-0.77166855	
ATF7IP	activating transcription factor 7 interacting protein [Source:HGNC Symbol;Acc:HGNC:20092]	-0.7784244	
ACP5	acid phosphatase 5, tartrate resistant [Source:HGNC Symbol;Acc:HGNC:124]	-0.7795028	
RTP4	receptor transporter protein 4 [Source:HGNC Symbol;Acc:HGNC:23992]	-0.7799949	
TRIB2	tribbles pseudokinase 2 [Source:HGNC Symbol;Acc:HGNC:30809]	-0.78461516	
PHF21A	PHD finger protein 21A [Source:HGNC Symbol;Acc:HGNC:24156]	-0.78786325	
BZW2	basic leucine zipper and W2 domains 2 [Source:HGNC Symbol;Acc:HGNC:18808]	-0.7886917	
IPCEF1	interaction protein for cytohesin exchange factors 1 [Source:HGNC Symbol;Acc:HGNC:21204]	-0.8029317	
TASP1	taspase 1 [Source:HGNC Symbol;Acc:HGNC:15859]	-0.8051403	
RASGRP1	RAS guanyl releasing protein 1 [Source:HGNC Symbol;Acc:HGNC:9878]	-0.80528647	
PACS1	phosphofurin acidic cluster sorting protein 1 [Source:HGNC Symbol;Acc:HGNC:30032]	-0.8062278	
RBMS1	RNA binding motif single stranded interacting protein 1 [Source:HGNC Symbol;Acc:HGNC:9907]	-0.8094795	
FAM102A	family with sequence similarity 102 member A [Source:HGNC Symbol;Acc:HGNC:31419]	-0.8095044	
CARD11	caspase recruitment domain family member 11 [Source:HGNC Symbol;Acc:HGNC:16393]	-0.8167499	
CRIM1	cysteine rich transmembrane BMP regulator 1 [Source:HGNC Symbol;Acc:HGNC:2359]	-0.8175341	
IFIT2	interferon induced protein with tetratricopeptide repeats 2 [Source:HGNC Symbol;Acc:HGNC:5409]	-0.8243298	
PRRG1	proline rich and Gla domain 1 [Source:HGNC Symbol;Acc:HGNC:9469]	-0.8258862	
RFX3	regulatory factor X3 [Source:HGNC Symbol;Acc:HGNC:9984]	-0.82814103	
TCF20	transcription factor 20 [Source:HGNC Symbol;Acc:HGNC:11631]	-0.8316101	
HEXB	hexosaminidase subunit beta [Source:HGNC Symbol;Acc:HGNC:4879]	-0.83230263	
TCF7	transcription factor 7 [Source:HGNC Symbol;Acc:HGNC:11639]	-0.835911	
RPL13A	ribosomal protein L13a [Source:HGNC Symbol;Acc:HGNC:10304]	-0.83605903	
RPL12	ribosomal protein L12 [Source:HGNC Symbol;Acc:HGNC:10302]	-0.8373274	
PRKD2	protein kinase D2 [Source:HGNC Symbol;Acc:HGNC:17293]	-0.8390994	
STAMBPL1	STAM binding protein like 1 [Source:HGNC Symbol;Acc:HGNC:24105]	-0.8402847	
LYPD6B	LY6/PLAUR domain containing 6B [Source:HGNC Symbol;Acc:HGNC:27018]	-0.84350324	
TMEM71	transmembrane protein 71 [Source:HGNC Symbol;Acc:HGNC:26572]	-0.8448514	
SLC12A7	solute carrier family 12 member 7 [Source:HGNC Symbol;Acc:HGNC:10915]	-0.8485614	
PPP1R13B	protein phosphatase 1 regulatory subunit 13B [Source:HGNC Symbol;Acc:HGNC:14950]	-0.8530577	
BACH2	BTB domain and CNC homolog 2 [Source:HGNC Symbol;Acc:HGNC:14078]	-0.85830176	
DOCK10	dedicator of cytokinesis 10 [Source:HGNC Symbol;Acc:HGNC:23479]	-0.86417246	
TXNIP	thioredoxin interacting protein [Source:HGNC Symbol;Acc:HGNC:16952]	-0.87268466	
ARID1A	AT-rich interaction domain 1A [Source:HGNC Symbol;Acc:HGNC:11110]	-0.8748964	
MT-ND2	mitochondrially encoded NADH:ubiquinone oxidoreductase core subunit 2 [Source:HGNC Symbol;Acc:HGNC:7456]	-0.8754683	
CALCRL	calcitonin receptor like receptor [Source:HGNC Symbol;Acc:HGNC:16709]	-0.87567735	
GBP6	guanylate binding protein family member 6 [Source:HGNC Symbol;Acc:HGNC:25395]	-0.87809974	
IGFBP4	insulin like growth factor binding protein 4 [Source:HGNC Symbol;Acc:HGNC:5473]	-0.8787631	
RHOH	ras homolog family member H [Source:HGNC Symbol;Acc:HGNC:686]	-0.87878764	
MOB3B	MOB kinase activator 3B [Source:HGNC Symbol;Acc:HGNC:23825]	-0.8797159	
MAP3K3	mitogen-activated protein kinase kinase kinase 3 [Source:HGNC Symbol;Acc:HGNC:6855]	-0.8807742	
SIPA1L1	signal induced proliferation associated 1 like 1 [Source:HGNC Symbol;Acc:HGNC:20284]	-0.8826804	
ATP8A1	ATPase phospholipid transporting 8A1 [Source:HGNC Symbol;Acc:HGNC:13531]	-0.8900388	
CHD3	chromodomain helicase DNA binding protein 3 [Source:HGNC Symbol;Acc:HGNC:1918]	-0.891015	
NPC2	NPC intracellular cholesterol transporter 2 [Source:HGNC Symbol;Acc:HGNC:14537]	-0.8952069	
S1PR1	sphingosine-1-phosphate receptor 1 [Source:HGNC Symbol;Acc:HGNC:3165]	-0.8980679	
IQGAP2	IQ motif containing GTPase activating protein 2 [Source:HGNC Symbol;Acc:HGNC:6111]	-0.90028834	
RASGRP2	RAS guanyl releasing protein 2 [Source:HGNC Symbol;Acc:HGNC:9879]	-0.90389645	
CFLAR	CASP8 and FADD like apoptosis regulator [Source:HGNC Symbol;Acc:HGNC:1876]	-0.90570664	
FOXN3	forkhead box N3 [Source:HGNC Symbol;Acc:HGNC:1928]	-0.9083068	
PELI1	pellino E3 ubiquitin protein ligase 1 [Source:HGNC Symbol;Acc:HGNC:8827]	-0.90832925	
PARP14	poly(ADP-ribose) polymerase family member 14 [Source:HGNC Symbol;Acc:HGNC:29232]	-0.908928	
CRLF3	cytokine receptor like factor 3 [Source:HGNC Symbol;Acc:HGNC:17177]	-0.9102784	
ATP8B4	ATPase phospholipid transporting 8B4 (putative) [Source:HGNC Symbol;Acc:HGNC:13536]	-0.91139513	
CD27	CD27 molecule [Source:HGNC Symbol;Acc:HGNC:11922]	-0.91788495	
RIGI	RNA sensor RIG-I [Source:HGNC Symbol;Acc:HGNC:19102]	-0.91967314	
SMC6	structural maintenance of chromosomes 6 [Source:HGNC Symbol;Acc:HGNC:20466]	-0.92622834	
SIDT1	SID1 transmembrane family member 1 [Source:HGNC Symbol;Acc:HGNC:25967]	-0.9269088	
IKZF1	IKAROS family zinc finger 1 [Source:HGNC Symbol;Acc:HGNC:13176]	-0.93732744	
PIK3IP1	phosphoinositide-3-kinase interacting protein 1 [Source:HGNC Symbol;Acc:HGNC:24942]	-0.94269264	
BST2	bone marrow stromal cell antigen 2 [Source:HGNC Symbol;Acc:HGNC:1119]	-0.9489345	
SH3PXD2A	SH3 and PX domains 2A [Source:HGNC Symbol;Acc:HGNC:23664]	-0.9507619	
GPR18	G protein-coupled receptor 18 [Source:HGNC Symbol;Acc:HGNC:4472]	-0.9541711	
UBAC2	UBA domain containing 2 [Source:HGNC Symbol;Acc:HGNC:20486]	-0.9553093	
PIK3CD	phosphatidylinositol-4,5-bisphosphate 3-kinase catalytic subunit delta [Source:HGNC Symbol;Acc:HGNC:8977]	-0.959429	
IFIT3	interferon induced protein with tetratricopeptide repeats 3 [Source:HGNC Symbol;Acc:HGNC:5411]	-0.9702121	
EVL	Enah/Vasp-like [Source:HGNC Symbol;Acc:HGNC:20234]	-0.9711915	
ARHGEF3	Rho guanine nucleotide exchange factor 3 [Source:HGNC Symbol;Acc:HGNC:683]	-0.9801839	
FILIP1L	filamin A interacting protein 1 like [Source:HGNC Symbol;Acc:HGNC:24589]	-0.98392767	
THADA	THADA armadillo repeat containing [Source:HGNC Symbol;Acc:HGNC:19217]	-0.9919634	
ST8SIA1	ST8 alpha-N-acetyl-neuraminide alpha-2,8-sialyltransferase 1 [Source:HGNC Symbol;Acc:HGNC:10869]	-0.99459845	
RAPGEF6	Rap guanine nucleotide exchange factor 6 [Source:HGNC Symbol;Acc:HGNC:20655]	-0.9952214	
DIPK1A	divergent protein kinase domain 1A [Source:HGNC Symbol;Acc:HGNC:32213]	-1.0000703	
ATP1B1	ATPase Na+/K+ transporting subunit beta 1 [Source:HGNC Symbol;Acc:HGNC:804]	-1.0080751	
MAML2	mastermind like transcriptional coactivator 2 [Source:HGNC Symbol;Acc:HGNC:16259]	-1.0099574	
MAN1A1	mannosidase alpha class 1A member 1 [Source:HGNC Symbol;Acc:HGNC:6821]	-1.0135854	
PPP3CA	protein phosphatase 3 catalytic subunit alpha [Source:HGNC Symbol;Acc:HGNC:9314]	-1.0175828	
FAM78A	family with sequence similarity 78 member A [Source:HGNC Symbol;Acc:HGNC:25465]	-1.0214511	
MCTP2	multiple C2 and transmembrane domain containing 2 [Source:HGNC Symbol;Acc:HGNC:25636]	-1.0221088	
STAT1	signal transducer and activator of transcription 1 [Source:HGNC Symbol;Acc:HGNC:11362]	-1.0229181	
ADD3	adducin 3 [Source:HGNC Symbol;Acc:HGNC:245]	-1.0273807	
TRIM5	tripartite motif containing 5 [Source:HGNC Symbol;Acc:HGNC:16276]	-1.0398595	
RREB1	ras responsive element binding protein 1 [Source:HGNC Symbol;Acc:HGNC:10449]	-1.045296	
CMAHP	cytidine monophospho-N-acetylneuraminic acid hydroxylase, pseudogene [Source:HGNC Symbol;Acc:HGNC:2098]	-1.0521637	
SLFN13	schlafen family member 13 [Source:HGNC Symbol;Acc:HGNC:26481]	-1.055254	
SAMD9L	sterile alpha motif domain containing 9 like [Source:HGNC Symbol;Acc:HGNC:1349]	-1.0590674	
KLF3	KLF transcription factor 3 [Source:HGNC Symbol;Acc:HGNC:16516]	-1.0639634	
IFT80	intraflagellar transport 80 [Source:HGNC Symbol;Acc:HGNC:29262]	-1.0775622	
ZNF652	zinc finger protein 652 [Source:HGNC Symbol;Acc:HGNC:29147]	-1.0777187	
RCSD1	RCSD domain containing 1 [Source:HGNC Symbol;Acc:HGNC:28310]	-1.0787572	
PATJ	PATJ crumbs cell polarity complex component [Source:HGNC Symbol;Acc:HGNC:28881]	-1.0791632	
ARL4C	ADP ribosylation factor like GTPase 4C [Source:HGNC Symbol;Acc:HGNC:698]	-1.0844332	
LPP	LIM domain containing preferred translocation partner in lipoma [Source:HGNC Symbol;Acc:HGNC:6679]	-1.0969329	
USP18	ubiquitin specific peptidase 18 [Source:HGNC Symbol;Acc:HGNC:12616]	-1.0996066	
DTX1	deltex E3 ubiquitin ligase 1 [Source:HGNC Symbol;Acc:HGNC:3060]	-1.1071818	
KLF2	KLF transcription factor 2 [Source:HGNC Symbol;Acc:HGNC:6347]	-1.1176468	
SSBP2	single stranded DNA binding protein 2 [Source:HGNC Symbol;Acc:HGNC:15831]	-1.1208265	
GBP7	guanylate binding protein 7 [Source:HGNC Symbol;Acc:HGNC:29606]	-1.1212058	
PCED1B	PC-esterase domain containing 1B [Source:HGNC Symbol;Acc:HGNC:28255]	-1.1245159	
NDRG3	NDRG family member 3 [Source:HGNC Symbol;Acc:HGNC:14462]	-1.1423614	
PARP11	poly(ADP-ribose) polymerase family member 11 [Source:HGNC Symbol;Acc:HGNC:1186]	-1.1476367	
TRAT1	T cell receptor associated transmembrane adaptor 1 [Source:HGNC Symbol;Acc:HGNC:30698]	-1.1545049	
RERE	arginine-glutamic acid dipeptide repeats [Source:HGNC Symbol;Acc:HGNC:9965]	-1.1853402	
SLC28A2	solute carrier family 28 member 2 [Source:HGNC Symbol;Acc:HGNC:11002]	-1.1910086	
HERC6	HECT and RLD domain containing E3 ubiquitin protein ligase family member 6 [Source:HGNC Symbol;Acc:HGNC:26072]	-1.2099493	
ABTB2	ankyrin repeat and BTB domain containing 2 [Source:HGNC Symbol;Acc:HGNC:23842]	-1.2122828	
IFIT1B	interferon induced protein with tetratricopeptide repeats 1B [Source:HGNC Symbol;Acc:HGNC:23442]	-1.2256393	
KBTBD11	kelch repeat and BTB domain containing 11 [Source:HGNC Symbol;Acc:HGNC:29104]	-1.2287302	
IL6ST	interleukin 6 cytokine family signal transducer [Source:HGNC Symbol;Acc:HGNC:6021]	-1.2354081	
PIK3R5	phosphoinositide-3-kinase regulatory subunit 5 [Source:HGNC Symbol;Acc:HGNC:30035]	-1.2635189	
ZNRF3	zinc and ring finger 3 [Source:HGNC Symbol;Acc:HGNC:18126]	-1.269835	
SMC4	structural maintenance of chromosomes 4 [Source:HGNC Symbol;Acc:HGNC:14013]	-1.2704731	
HSD11B1	hydroxysteroid 11-beta dehydrogenase 1 [Source:HGNC Symbol;Acc:HGNC:5208]	-1.2813848	
OPRM1	opioid receptor mu 1 [Source:HGNC Symbol;Acc:HGNC:8156]	-1.2824128	
SP100	SP100 nuclear antigen [Source:HGNC Symbol;Acc:HGNC:11206]	-1.2853526	
ABLIM1	actin binding LIM protein 1 [Source:HGNC Symbol;Acc:HGNC:78]	-1.2870672	
DDX60	DExD/H-box helicase 60 [Source:HGNC Symbol;Acc:HGNC:25942]	-1.2886391	
RFLNB	refilin B [Source:HGNC Symbol;Acc:HGNC:28705]	-1.2892083	
TESPA1	thymocyte expressed, positive selection associated 1 [Source:HGNC Symbol;Acc:HGNC:29109]	-1.2941898	
PRKCB	protein kinase C beta [Source:HGNC Symbol;Acc:HGNC:9395]	-1.2962779	
ITPR2	inositol 1,4,5-trisphosphate receptor type 2 [Source:HGNC Symbol;Acc:HGNC:6181]	-1.3123271	
PDE3B	phosphodiesterase 3B [Source:HGNC Symbol;Acc:HGNC:8779]	-1.319172	
CAMK1D	calcium/calmodulin dependent protein kinase ID [Source:HGNC Symbol;Acc:HGNC:19341]	-1.3497659	
NEDD4L	NEDD4 like E3 ubiquitin protein ligase [Source:HGNC Symbol;Acc:HGNC:7728]	-1.3693253	
ARHGAP15	Rho GTPase activating protein 15 [Source:HGNC Symbol;Acc:HGNC:21030]	-1.3865309	
MS4A6A	membrane spanning 4-domains A6A [Source:HGNC Symbol;Acc:HGNC:13375]	-1.411245	
APBB1IP	amyloid beta precursor protein binding family B member 1 interacting protein [Source:HGNC Symbol;Acc:HGNC:17379]	-1.419736	
DGKA	diacylglycerol kinase alpha [Source:HGNC Symbol;Acc:HGNC:2849]	-1.4280095	
BCL11B	BAF chromatin remodeling complex subunit BCL11B [Source:HGNC Symbol;Acc:HGNC:13222]	-1.4283842	
PDK1	pyruvate dehydrogenase kinase 1 [Source:HGNC Symbol;Acc:HGNC:8809]	-1.4480901	
CCND3	cyclin D3 [Source:HGNC Symbol;Acc:HGNC:1585]	-1.4619302	
ARHGEF18	Rho/Rac guanine nucleotide exchange factor 18 [Source:HGNC Symbol;Acc:HGNC:17090]	-1.4644756	
ISG15	ISG15 ubiquitin like modifier [Source:HGNC Symbol;Acc:HGNC:4053]	-1.4690994	
GRAP2	GRB2 related adaptor protein 2 [Source:HGNC Symbol;Acc:HGNC:4563]	-1.4713123	
NSG2	neuronal vesicle trafficking associated 2 [Source:HGNC Symbol;Acc:HGNC:24955]	-1.4747925	
ACTN1	actinin alpha 1 [Source:HGNC Symbol;Acc:HGNC:163]	-1.4909691	
THEMIS	thymocyte selection associated [Source:HGNC Symbol;Acc:HGNC:21569]	-1.4915991	
RAPGEF4	Rap guanine nucleotide exchange factor 4 [Source:HGNC Symbol;Acc:HGNC:16626]	-1.5045358	
XIST	X inactive specific transcript [Source:HGNC Symbol;Acc:HGNC:12810]	-1.5086168	
PRKCQ	protein kinase C theta [Source:HGNC Symbol;Acc:HGNC:9410]	-1.5118316	
PPM1H	protein phosphatase, Mg2+/Mn2+ dependent 1H [Source:HGNC Symbol;Acc:HGNC:18583]	-1.5337431	
RIPOR2	RHO family interacting cell polarization regulator 2 [Source:HGNC Symbol;Acc:HGNC:13872]	-1.5491648	
SLFN5	schlafen family member 5 [Source:HGNC Symbol;Acc:HGNC:28286]	-1.5669842	
RNF213	ring finger protein 213 [Source:HGNC Symbol;Acc:HGNC:14539]	-1.5692544	
GALNT10	polypeptide N-acetylgalactosaminyltransferase 10 [Source:HGNC Symbol;Acc:HGNC:19873]	-1.6751918	
CDK8	cyclin dependent kinase 8 [Source:HGNC Symbol;Acc:HGNC:1779]	-1.6807837	
IFI16	interferon gamma inducible protein 16 [Source:HGNC Symbol;Acc:HGNC:5395]	-1.7097998	
ST6GAL1	ST6 beta-galactoside alpha-2,6-sialyltransferase 1 [Source:HGNC Symbol;Acc:HGNC:10860]	-1.7689846	
FGF13	fibroblast growth factor 13 [Source:HGNC Symbol;Acc:HGNC:3670]	-1.7901793	
GIMAP6	GTPase, IMAP family member 6 [Source:HGNC Symbol;Acc:HGNC:21918]	-1.8260345	
PAG1	phosphoprotein membrane anchor with glycosphingolipid microdomains 1 [Source:HGNC Symbol;Acc:HGNC:30043]	-1.8423986	
SELL	selectin L [Source:HGNC Symbol;Acc:HGNC:10720]	-1.848307	
SATB1	SATB homeobox 1 [Source:HGNC Symbol;Acc:HGNC:10541]	-1.9479938	
CMSS1	cms1 ribosomal small subunit homolog [Source:HGNC Symbol;Acc:HGNC:28666]	-2.0283234	
LEF1	lymphoid enhancer binding factor 1 [Source:HGNC Symbol;Acc:HGNC:6551]	-2.0550027	
SCML4	Scm polycomb group protein like 4 [Source:HGNC Symbol;Acc:HGNC:21397]	-2.0712914	
FOXP1	forkhead box P1 [Source:HGNC Symbol;Acc:HGNC:3823]	-2.5225976	
