NAME	TITLE	SCORE	
S100A4	S100 calcium binding protein A4 [Source:HGNC Symbol;Acc:HGNC:10494]	4.8236666	
CCL5	C-C motif chemokine ligand 5 [Source:HGNC Symbol;Acc:HGNC:10632]	4.0770173	
S100A6	S100 calcium binding protein A6 [Source:HGNC Symbol;Acc:HGNC:10496]	4.064965	
CTLA4	cytotoxic T-lymphocyte associated protein 4 [Source:HGNC Symbol;Acc:HGNC:2505]	3.8474798	
MAF	MAF bZIP transcription factor [Source:HGNC Symbol;Acc:HGNC:6776]	3.500568	
LGALS1	galectin 1 [Source:HGNC Symbol;Acc:HGNC:6561]	3.3525193	
NT5E	5'-nucleotidase ecto [Source:HGNC Symbol;Acc:HGNC:8021]	3.2049134	
NKG7	natural killer cell granule protein 7 [Source:HGNC Symbol;Acc:HGNC:7830]	3.0742328	
S100A10	S100 calcium binding protein A10 [Source:HGNC Symbol;Acc:HGNC:10487]	3.0017858	
LAG3	lymphocyte activating 3 [Source:HGNC Symbol;Acc:HGNC:6476]	2.972873	
ICOS	inducible T cell costimulator [Source:HGNC Symbol;Acc:HGNC:5351]	2.8784165	
UBASH3B	ubiquitin associated and SH3 domain containing B [Source:HGNC Symbol;Acc:HGNC:29884]	2.813801	
S100A11	S100 calcium binding protein A11 [Source:HGNC Symbol;Acc:HGNC:10488]	2.7850502	
ITGAV	integrin subunit alpha V [Source:HGNC Symbol;Acc:HGNC:6150]	2.7567472	
TMEM163	transmembrane protein 163 [Source:HGNC Symbol;Acc:HGNC:25380]	2.6953626	
CAPG	capping actin protein, gelsolin like [Source:HGNC Symbol;Acc:HGNC:1474]	2.6545417	
CCR2	C-C motif chemokine receptor 2 [Source:HGNC Symbol;Acc:HGNC:1603]	2.6410651	
SRGN	serglycin [Source:HGNC Symbol;Acc:HGNC:9361]	2.6155167	
AHNAK	AHNAK nucleoprotein [Source:HGNC Symbol;Acc:HGNC:347]	2.553131	
LGALS7	galectin 7 [Source:HGNC Symbol;Acc:HGNC:6568]	2.5489542	
VIM	vimentin [Source:HGNC Symbol;Acc:HGNC:12692]	2.5359585	
PIM1	Pim-1 proto-oncogene, serine/threonine kinase [Source:HGNC Symbol;Acc:HGNC:8986]	2.5206568	
EEA1	early endosome antigen 1 [Source:HGNC Symbol;Acc:HGNC:3185]	2.51299	
LGALS3	galectin 3 [Source:HGNC Symbol;Acc:HGNC:6563]	2.5082924	
RABGAP1L	RAB GTPase activating protein 1 like [Source:HGNC Symbol;Acc:HGNC:24663]	2.4625416	
HIP1	huntingtin interacting protein 1 [Source:HGNC Symbol;Acc:HGNC:4913]	2.4461398	
NIBAN1	niban apoptosis regulator 1 [Source:HGNC Symbol;Acc:HGNC:16784]	2.4017951	
MXI1	MAX interactor 1, dimerization protein [Source:HGNC Symbol;Acc:HGNC:7534]	2.378494	
TNFRSF4	TNF receptor superfamily member 4 [Source:HGNC Symbol;Acc:HGNC:11918]	2.334975	
CCL4	C-C motif chemokine ligand 4 [Source:HGNC Symbol;Acc:HGNC:10630]	2.3278275	
ALCAM	activated leukocyte cell adhesion molecule [Source:HGNC Symbol;Acc:HGNC:400]	2.3104544	
IL2RB	interleukin 2 receptor subunit beta [Source:HGNC Symbol;Acc:HGNC:6009]	2.304716	
CRIP1	cysteine rich protein 1 [Source:HGNC Symbol;Acc:HGNC:2360]	2.292826	
PTMS	parathymosin [Source:HGNC Symbol;Acc:HGNC:9629]	2.292269	
SNX9	sorting nexin 9 [Source:HGNC Symbol;Acc:HGNC:14973]	2.2509181	
PTPRJ	protein tyrosine phosphatase receptor type J [Source:HGNC Symbol;Acc:HGNC:9673]	2.2437863	
IL10	interleukin 10 [Source:HGNC Symbol;Acc:HGNC:5962]	2.2394347	
LAMC1	laminin subunit gamma 1 [Source:HGNC Symbol;Acc:HGNC:6492]	2.2235382	
ATXN1	ataxin 1 [Source:HGNC Symbol;Acc:HGNC:10548]	2.2104564	
ARHGAP31	Rho GTPase activating protein 31 [Source:HGNC Symbol;Acc:HGNC:29216]	2.2019572	
IRAK2	interleukin 1 receptor associated kinase 2 [Source:HGNC Symbol;Acc:HGNC:6113]	2.1722176	
RBPJ	recombination signal binding protein for immunoglobulin kappa J region [Source:HGNC Symbol;Acc:HGNC:5724]	2.1617923	
CMTM7	CKLF like MARVEL transmembrane domain containing 7 [Source:HGNC Symbol;Acc:HGNC:19178]	2.1517935	
IFNGR1	interferon gamma receptor 1 [Source:HGNC Symbol;Acc:HGNC:5439]	2.149707	
KDM2B	lysine demethylase 2B [Source:HGNC Symbol;Acc:HGNC:13610]	2.1341298	
TNFRSF9	TNF receptor superfamily member 9 [Source:HGNC Symbol;Acc:HGNC:11924]	2.0985959	
ODC1	ornithine decarboxylase 1 [Source:HGNC Symbol;Acc:HGNC:8109]	2.0960178	
GLRX	glutaredoxin [Source:HGNC Symbol;Acc:HGNC:4330]	2.0832415	
TNFRSF1B	TNF receptor superfamily member 1B [Source:HGNC Symbol;Acc:HGNC:11917]	2.074467	
ATP2B4	ATPase plasma membrane Ca2+ transporting 4 [Source:HGNC Symbol;Acc:HGNC:817]	2.069187	
PLAC8	placenta associated 8 [Source:HGNC Symbol;Acc:HGNC:19254]	2.0304432	
RUNX2	RUNX family transcription factor 2 [Source:HGNC Symbol;Acc:HGNC:10472]	2.0161202	
DENND4A	DENN domain containing 4A [Source:HGNC Symbol;Acc:HGNC:24321]	2.0066872	
NEB	nebulin [Source:HGNC Symbol;Acc:HGNC:7720]	2.0020466	
CREM	cAMP responsive element modulator [Source:HGNC Symbol;Acc:HGNC:2352]	1.929747	
GADD45B	growth arrest and DNA damage inducible beta [Source:HGNC Symbol;Acc:HGNC:4096]	1.9220139	
CYSLTR2	cysteinyl leukotriene receptor 2 [Source:HGNC Symbol;Acc:HGNC:18274]	1.9119302	
CTSB	cathepsin B [Source:HGNC Symbol;Acc:HGNC:2527]	1.8955762	
SAMSN1	SAM domain, SH3 domain and nuclear localization signals 1 [Source:HGNC Symbol;Acc:HGNC:10528]	1.8706483	
IFI27L2	interferon alpha inducible protein 27 like 2 [Source:HGNC Symbol;Acc:HGNC:19753]	1.8642025	
ACTG1	actin gamma 1 [Source:HGNC Symbol;Acc:HGNC:144]	1.85962	
OSBPL3	oxysterol binding protein like 3 [Source:HGNC Symbol;Acc:HGNC:16370]	1.8422942	
LTB4R	leukotriene B4 receptor [Source:HGNC Symbol;Acc:HGNC:6713]	1.8362378	
JUNB	JunB proto-oncogene, AP-1 transcription factor subunit [Source:HGNC Symbol;Acc:HGNC:6205]	1.8339422	
TIMP2	TIMP metallopeptidase inhibitor 2 [Source:HGNC Symbol;Acc:HGNC:11821]	1.8307047	
ANXA2	annexin A2 [Source:HGNC Symbol;Acc:HGNC:537]	1.8143649	
FOXP3	forkhead box P3 [Source:HGNC Symbol;Acc:HGNC:6106]	1.8074678	
RGS1	regulator of G protein signaling 1 [Source:HGNC Symbol;Acc:HGNC:9991]	1.7996862	
AOPEP	aminopeptidase O (putative) [Source:HGNC Symbol;Acc:HGNC:1361]	1.7980095	
LITAF	lipopolysaccharide induced TNF factor [Source:HGNC Symbol;Acc:HGNC:16841]	1.7964686	
PHLPP1	PH domain and leucine rich repeat protein phosphatase 1 [Source:HGNC Symbol;Acc:HGNC:20610]	1.7741393	
DUSP16	dual specificity phosphatase 16 [Source:HGNC Symbol;Acc:HGNC:17909]	1.7585047	
RORA	RAR related orphan receptor A [Source:HGNC Symbol;Acc:HGNC:10258]	1.7571447	
IL2RA	interleukin 2 receptor subunit alpha [Source:HGNC Symbol;Acc:HGNC:6008]	1.7424046	
ARL5A	ADP ribosylation factor like GTPase 5A [Source:HGNC Symbol;Acc:HGNC:696]	1.7327958	
SDF4	stromal cell derived factor 4 [Source:HGNC Symbol;Acc:HGNC:24188]	1.7091941	
NDFIP1	Nedd4 family interacting protein 1 [Source:HGNC Symbol;Acc:HGNC:17592]	1.7016053	
ELL2	elongation factor for RNA polymerase II 2 [Source:HGNC Symbol;Acc:HGNC:17064]	1.6404794	
SLA	Src like adaptor [Source:HGNC Symbol;Acc:HGNC:10902]	1.6338785	
RILPL2	Rab interacting lysosomal protein like 2 [Source:HGNC Symbol;Acc:HGNC:28787]	1.628722	
S100A13	S100 calcium binding protein A13 [Source:HGNC Symbol;Acc:HGNC:10490]	1.6269207	
HIF1A	hypoxia inducible factor 1 subunit alpha [Source:HGNC Symbol;Acc:HGNC:4910]	1.6163812	
C21orf91	chromosome 21 open reading frame 91 [Source:HGNC Symbol;Acc:HGNC:16459]	1.6137851	
IL1R1	interleukin 1 receptor type 1 [Source:HGNC Symbol;Acc:HGNC:5993]	1.5861149	
SMIM36	small integral membrane protein 36 [Source:HGNC Symbol;Acc:HGNC:53654]	1.5824066	
NFKBIA	NFKB inhibitor alpha [Source:HGNC Symbol;Acc:HGNC:7797]	1.5698777	
MXD1	MAX dimerization protein 1 [Source:HGNC Symbol;Acc:HGNC:6761]	1.5676978	
CCR5	C-C motif chemokine receptor 5 [Source:HGNC Symbol;Acc:HGNC:1606]	1.5676609	
MMD	monocyte to macrophage differentiation associated [Source:HGNC Symbol;Acc:HGNC:7153]	1.5640213	
FXYD5	FXYD domain containing ion transport regulator 5 [Source:HGNC Symbol;Acc:HGNC:4029]	1.5595354	
CDK6	cyclin dependent kinase 6 [Source:HGNC Symbol;Acc:HGNC:1777]	1.5586185	
IL18R1	interleukin 18 receptor 1 [Source:HGNC Symbol;Acc:HGNC:5988]	1.5544133	
SOCS2	suppressor of cytokine signaling 2 [Source:HGNC Symbol;Acc:HGNC:19382]	1.5452888	
PGLYRP1	peptidoglycan recognition protein 1 [Source:HGNC Symbol;Acc:HGNC:8904]	1.5423218	
IZUMO1R	IZUMO1 receptor, JUNO [Source:HGNC Symbol;Acc:HGNC:32565]	1.5372201	
RAB8B	RAB8B, member RAS oncogene family [Source:HGNC Symbol;Acc:HGNC:30273]	1.5343086	
NR4A2	nuclear receptor subfamily 4 group A member 2 [Source:HGNC Symbol;Acc:HGNC:7981]	1.5304494	
RAPH1	Ras association (RalGDS/AF-6) and pleckstrin homology domains 1 [Source:HGNC Symbol;Acc:HGNC:14436]	1.5169399	
TNFRSF18	TNF receptor superfamily member 18 [Source:HGNC Symbol;Acc:HGNC:11914]	1.5094076	
STX11	syntaxin 11 [Source:HGNC Symbol;Acc:HGNC:11429]	1.4948263	
IKZF2	IKAROS family zinc finger 2 [Source:HGNC Symbol;Acc:HGNC:13177]	1.4924695	
PRR13	proline rich 13 [Source:HGNC Symbol;Acc:HGNC:24528]	1.4889555	
MDFIC	MyoD family inhibitor domain containing [Source:HGNC Symbol;Acc:HGNC:28870]	1.4850228	
PKP3	plakophilin 3 [Source:HGNC Symbol;Acc:HGNC:9025]	1.480674	
CHST11	carbohydrate sulfotransferase 11 [Source:HGNC Symbol;Acc:HGNC:17422]	1.4798963	
GM2A	ganglioside GM2 activator [Source:HGNC Symbol;Acc:HGNC:4367]	1.4783231	
MYO1F	myosin IF [Source:HGNC Symbol;Acc:HGNC:7600]	1.472947	
TPM4	tropomyosin 4 [Source:HGNC Symbol;Acc:HGNC:12013]	1.4661864	
FAM117B	family with sequence similarity 117 member B [Source:HGNC Symbol;Acc:HGNC:14440]	1.4567903	
DGAT1	diacylglycerol O-acyltransferase 1 [Source:HGNC Symbol;Acc:HGNC:2843]	1.4512696	
TRPS1	transcriptional repressor GATA binding 1 [Source:HGNC Symbol;Acc:HGNC:12340]	1.4406677	
FARP1	FERM, ARH/RhoGEF and pleckstrin domain protein 1 [Source:HGNC Symbol;Acc:HGNC:3591]	1.4283417	
CREB3L2	cAMP responsive element binding protein 3 like 2 [Source:HGNC Symbol;Acc:HGNC:23720]	1.422514	
LCLAT1	lysocardiolipin acyltransferase 1 [Source:HGNC Symbol;Acc:HGNC:26756]	1.4148084	
DUSP4	dual specificity phosphatase 4 [Source:HGNC Symbol;Acc:HGNC:3070]	1.4010127	
RAB43	RAB43, member RAS oncogene family [Source:HGNC Symbol;Acc:HGNC:19983]	1.4001855	
LRBA	LPS responsive beige-like anchor protein [Source:HGNC Symbol;Acc:HGNC:1742]	1.3957014	
MALT1	MALT1 paracaspase [Source:HGNC Symbol;Acc:HGNC:6819]	1.3956182	
GAPDH	glyceraldehyde-3-phosphate dehydrogenase [Source:HGNC Symbol;Acc:HGNC:4141]	1.3953738	
UHRF2	ubiquitin like with PHD and ring finger domains 2 [Source:HGNC Symbol;Acc:HGNC:12557]	1.3918605	
MAPKAPK3	MAPK activated protein kinase 3 [Source:HGNC Symbol;Acc:HGNC:6888]	1.3836344	
UBL3	ubiquitin like 3 [Source:HGNC Symbol;Acc:HGNC:12504]	1.3763341	
CD44	CD44 molecule (Indian blood group) [Source:HGNC Symbol;Acc:HGNC:1681]	1.3750879	
CD80	CD80 molecule [Source:HGNC Symbol;Acc:HGNC:1700]	1.3711839	
GZMB	granzyme B [Source:HGNC Symbol;Acc:HGNC:4709]	1.3631343	
BHLHE40	basic helix-loop-helix family member e40 [Source:HGNC Symbol;Acc:HGNC:1046]	1.3555462	
LMNB1	lamin B1 [Source:HGNC Symbol;Acc:HGNC:6637]	1.355276	
SERPINA3	serpin family A member 3 [Source:HGNC Symbol;Acc:HGNC:16]	1.3469223	
CST7	cystatin F [Source:HGNC Symbol;Acc:HGNC:2479]	1.3410805	
VPS54	VPS54 subunit of GARP complex [Source:HGNC Symbol;Acc:HGNC:18652]	1.3401426	
FAM20A	FAM20A golgi associated secretory pathway pseudokinase [Source:HGNC Symbol;Acc:HGNC:23015]	1.3324534	
RBM3	RNA binding motif protein 3 [Source:HGNC Symbol;Acc:HGNC:9900]	1.3312796	
IFRD1	interferon related developmental regulator 1 [Source:HGNC Symbol;Acc:HGNC:5456]	1.3206975	
MIR4435-2HG	MIR4435-2 host gene [Source:HGNC Symbol;Acc:HGNC:35163]	1.3194069	
CCL3	C-C motif chemokine ligand 3 [Source:HGNC Symbol;Acc:HGNC:10627]	1.315396	
CXCR3	C-X-C motif chemokine receptor 3 [Source:HGNC Symbol;Acc:HGNC:4540]	1.306874	
PODNL1	podocan like 1 [Source:HGNC Symbol;Acc:HGNC:26275]	1.3045976	
DUSP5	dual specificity phosphatase 5 [Source:HGNC Symbol;Acc:HGNC:3071]	1.3032018	
SH3RF1	SH3 domain containing ring finger 1 [Source:HGNC Symbol;Acc:HGNC:17650]	1.2911057	
PLEK	pleckstrin [Source:HGNC Symbol;Acc:HGNC:9070]	1.289299	
FURIN	furin, paired basic amino acid cleaving enzyme [Source:HGNC Symbol;Acc:HGNC:8568]	1.2834951	
RGS2	regulator of G protein signaling 2 [Source:HGNC Symbol;Acc:HGNC:9998]	1.2777553	
CXCR6	C-X-C motif chemokine receptor 6 [Source:HGNC Symbol;Acc:HGNC:16647]	1.2770902	
ARL6IP1	ADP ribosylation factor like GTPase 6 interacting protein 1 [Source:HGNC Symbol;Acc:HGNC:697]	1.2767231	
FRMD5	FERM domain containing 5 [Source:HGNC Symbol;Acc:HGNC:28214]	1.2727956	
ITGAE	integrin subunit alpha E [Source:HGNC Symbol;Acc:HGNC:6147]	1.2726407	
PICALM	phosphatidylinositol binding clathrin assembly protein [Source:HGNC Symbol;Acc:HGNC:15514]	1.2712859	
FNBP1	formin binding protein 1 [Source:HGNC Symbol;Acc:HGNC:17069]	1.2666694	
COX17	cytochrome c oxidase copper chaperone COX17 [Source:HGNC Symbol;Acc:HGNC:2264]	1.2664125	
UBA52	ubiquitin A-52 residue ribosomal protein fusion product 1 [Source:HGNC Symbol;Acc:HGNC:12458]	1.2648013	
SH3BGRL3	SH3 domain binding glutamate rich protein like 3 [Source:HGNC Symbol;Acc:HGNC:15568]	1.2632291	
REEP5	receptor accessory protein 5 [Source:HGNC Symbol;Acc:HGNC:30077]	1.2622926	
EHD1	EH domain containing 1 [Source:HGNC Symbol;Acc:HGNC:3242]	1.261499	
SRGAP3	SLIT-ROBO Rho GTPase activating protein 3 [Source:HGNC Symbol;Acc:HGNC:19744]	1.2607964	
IMPA2	inositol monophosphatase 2 [Source:HGNC Symbol;Acc:HGNC:6051]	1.2483732	
NDRG1	N-myc downstream regulated 1 [Source:HGNC Symbol;Acc:HGNC:7679]	1.2476699	
TEX2	testis expressed 2 [Source:HGNC Symbol;Acc:HGNC:30884]	1.2375774	
NFIL3	nuclear factor, interleukin 3 regulated [Source:HGNC Symbol;Acc:HGNC:7787]	1.2373471	
WNK1	WNK lysine deficient protein kinase 1 [Source:HGNC Symbol;Acc:HGNC:14540]	1.2363149	
CRLF2	cytokine receptor like factor 2 [Source:HGNC Symbol;Acc:HGNC:14281]	1.2300812	
NFKB1	nuclear factor kappa B subunit 1 [Source:HGNC Symbol;Acc:HGNC:7794]	1.2278624	
CEBPB	CCAAT enhancer binding protein beta [Source:HGNC Symbol;Acc:HGNC:1834]	1.2207468	
MAPKAPK2	MAPK activated protein kinase 2 [Source:HGNC Symbol;Acc:HGNC:6887]	1.2167667	
CCN4	cellular communication network factor 4 [Source:HGNC Symbol;Acc:HGNC:12769]	1.215444	
FOSL2	FOS like 2, AP-1 transcription factor subunit [Source:HGNC Symbol;Acc:HGNC:3798]	1.2086954	
ERN1	endoplasmic reticulum to nucleus signaling 1 [Source:HGNC Symbol;Acc:HGNC:3449]	1.2042536	
GOT1	glutamic-oxaloacetic transaminase 1 [Source:HGNC Symbol;Acc:HGNC:4432]	1.2031116	
CD2	CD2 molecule [Source:HGNC Symbol;Acc:HGNC:1639]	1.201765	
SERINC3	serine incorporator 3 [Source:HGNC Symbol;Acc:HGNC:11699]	1.199839	
GNA13	G protein subunit alpha 13 [Source:HGNC Symbol;Acc:HGNC:4381]	1.1970927	
VAMP8	vesicle associated membrane protein 8 [Source:HGNC Symbol;Acc:HGNC:12647]	1.1950085	
SMPDL3A	sphingomyelin phosphodiesterase acid like 3A [Source:HGNC Symbol;Acc:HGNC:17389]	1.1904515	
CORO2A	coronin 2A [Source:HGNC Symbol;Acc:HGNC:2255]	1.1878756	
ATF6	activating transcription factor 6 [Source:HGNC Symbol;Acc:HGNC:791]	1.1834779	
FTH1	ferritin heavy chain 1 [Source:HGNC Symbol;Acc:HGNC:3976]	1.1697276	
SNX2	sorting nexin 2 [Source:HGNC Symbol;Acc:HGNC:11173]	1.16409	
PHACTR2	phosphatase and actin regulator 2 [Source:HGNC Symbol;Acc:HGNC:20956]	1.1563793	
ENTPD1	ectonucleoside triphosphate diphosphohydrolase 1 [Source:HGNC Symbol;Acc:HGNC:3363]	1.155178	
TBX21	T-box transcription factor 21 [Source:HGNC Symbol;Acc:HGNC:11599]	1.1542739	
HILPDA	hypoxia inducible lipid droplet associated [Source:HGNC Symbol;Acc:HGNC:28859]	1.1541146	
PTPN22	protein tyrosine phosphatase non-receptor type 22 [Source:HGNC Symbol;Acc:HGNC:9652]	1.1515388	
C15orf48	chromosome 15 open reading frame 48 [Source:HGNC Symbol;Acc:HGNC:29898]	1.1495341	
GALNT2	polypeptide N-acetylgalactosaminyltransferase 2 [Source:HGNC Symbol;Acc:HGNC:4124]	1.1458372	
MYO1E	myosin IE [Source:HGNC Symbol;Acc:HGNC:7599]	1.1443133	
CPD	carboxypeptidase D [Source:HGNC Symbol;Acc:HGNC:2301]	1.1411158	
PHLDA1	pleckstrin homology like domain family A member 1 [Source:HGNC Symbol;Acc:HGNC:8933]	1.1410146	
VMP1	vacuole membrane protein 1 [Source:HGNC Symbol;Acc:HGNC:29559]	1.139945	
BAZ1A	bromodomain adjacent to zinc finger domain 1A [Source:HGNC Symbol;Acc:HGNC:960]	1.1332587	
RAMP1	receptor activity modifying protein 1 [Source:HGNC Symbol;Acc:HGNC:9843]	1.1328366	
CASP3	caspase 3 [Source:HGNC Symbol;Acc:HGNC:1504]	1.1305451	
FLNB	filamin B [Source:HGNC Symbol;Acc:HGNC:3755]	1.1263332	
ANGPTL2	angiopoietin like 2 [Source:HGNC Symbol;Acc:HGNC:490]	1.1249424	
COX8A	cytochrome c oxidase subunit 8A [Source:HGNC Symbol;Acc:HGNC:2294]	1.1221819	
PKM	pyruvate kinase M1/2 [Source:HGNC Symbol;Acc:HGNC:9021]	1.1210649	
ST6GALNAC3	ST6 N-acetylgalactosaminide alpha-2,6-sialyltransferase 3 [Source:HGNC Symbol;Acc:HGNC:19343]	1.1200767	
NR4A3	nuclear receptor subfamily 4 group A member 3 [Source:HGNC Symbol;Acc:HGNC:7982]	1.1185461	
ARPC3	actin related protein 2/3 complex subunit 3 [Source:HGNC Symbol;Acc:HGNC:706]	1.1183938	
GNG2	G protein subunit gamma 2 [Source:HGNC Symbol;Acc:HGNC:4404]	1.1067313	
MATK	megakaryocyte-associated tyrosine kinase [Source:HGNC Symbol;Acc:HGNC:6906]	1.1059238	
PRKAR1A	protein kinase cAMP-dependent type I regulatory subunit alpha [Source:HGNC Symbol;Acc:HGNC:9388]	1.099795	
CKB	creatine kinase B [Source:HGNC Symbol;Acc:HGNC:1991]	1.0982285	
GPR68	G protein-coupled receptor 68 [Source:HGNC Symbol;Acc:HGNC:4519]	1.0981562	
UCP2	uncoupling protein 2 [Source:HGNC Symbol;Acc:HGNC:12518]	1.0980326	
ATXN7L1	ataxin 7 like 1 [Source:HGNC Symbol;Acc:HGNC:22210]	1.0943536	
SMCO4	single-pass membrane protein with coiled-coil domains 4 [Source:HGNC Symbol;Acc:HGNC:24810]	1.0927953	
SDCBP2	syndecan binding protein 2 [Source:HGNC Symbol;Acc:HGNC:15756]	1.0896182	
PRDM1	PR/SET domain 1 [Source:HGNC Symbol;Acc:HGNC:9346]	1.087672	
MAST4	microtubule associated serine/threonine kinase family member 4 [Source:HGNC Symbol;Acc:HGNC:19037]	1.082475	
SKIL	SKI like proto-oncogene [Source:HGNC Symbol;Acc:HGNC:10897]	1.0819054	
N4BP1	NEDD4 binding protein 1 [Source:HGNC Symbol;Acc:HGNC:29850]	1.0773379	
SLC22A15	solute carrier family 22 member 15 [Source:HGNC Symbol;Acc:HGNC:20301]	1.0768069	
CST3	cystatin C [Source:HGNC Symbol;Acc:HGNC:2475]	1.0748916	
CDKN1A	cyclin dependent kinase inhibitor 1A [Source:HGNC Symbol;Acc:HGNC:1784]	1.0746436	
IKZF3	IKAROS family zinc finger 3 [Source:HGNC Symbol;Acc:HGNC:13178]	1.0723882	
OAZ1	ornithine decarboxylase antizyme 1 [Source:HGNC Symbol;Acc:HGNC:8095]	1.0721236	
ARID5B	AT-rich interaction domain 5B [Source:HGNC Symbol;Acc:HGNC:17362]	1.07153	
RNF125	ring finger protein 125 [Source:HGNC Symbol;Acc:HGNC:21150]	1.0710884	
GNA15	G protein subunit alpha 15 [Source:HGNC Symbol;Acc:HGNC:4383]	1.0662282	
SPTY2D1	SPT2 chromatin protein domain containing 1 [Source:HGNC Symbol;Acc:HGNC:26818]	1.0640459	
CYTH4	cytohesin 4 [Source:HGNC Symbol;Acc:HGNC:9505]	1.0633614	
UBL5	ubiquitin like 5 [Source:HGNC Symbol;Acc:HGNC:13736]	1.0596455	
HIVEP1	HIVEP zinc finger 1 [Source:HGNC Symbol;Acc:HGNC:4920]	1.0546768	
TNFRSF13B	TNF receptor superfamily member 13B [Source:HGNC Symbol;Acc:HGNC:18153]	1.0533254	
ARPC1B	actin related protein 2/3 complex subunit 1B [Source:HGNC Symbol;Acc:HGNC:704]	1.0525378	
MYL6	myosin light chain 6 [Source:HGNC Symbol;Acc:HGNC:7587]	1.0454316	
CTSA	cathepsin A [Source:HGNC Symbol;Acc:HGNC:9251]	1.0396737	
TNFAIP3	TNF alpha induced protein 3 [Source:HGNC Symbol;Acc:HGNC:11896]	1.0371851	
CD52	CD52 molecule [Source:HGNC Symbol;Acc:HGNC:1804]	1.0369234	
ITM2B	integral membrane protein 2B [Source:HGNC Symbol;Acc:HGNC:6174]	1.0331615	
UBB	ubiquitin B [Source:HGNC Symbol;Acc:HGNC:12463]	1.0327542	
MT1X	metallothionein 1X [Source:HGNC Symbol;Acc:HGNC:7405]	1.0321047	
DGKH	diacylglycerol kinase eta [Source:HGNC Symbol;Acc:HGNC:2854]	1.0320365	
PTPRCAP	protein tyrosine phosphatase receptor type C associated protein [Source:HGNC Symbol;Acc:HGNC:9667]	1.0319995	
GIMAP5	GTPase, IMAP family member 5 [Source:HGNC Symbol;Acc:HGNC:18005]	1.0318537	
H1-0	H1.0 linker histone [Source:HGNC Symbol;Acc:HGNC:4714]	1.0311921	
MAP1LC3B2	microtubule associated protein 1 light chain 3 beta 2 [Source:HGNC Symbol;Acc:HGNC:34390]	1.0303209	
ADAMTS6	ADAM metallopeptidase with thrombospondin type 1 motif 6 [Source:HGNC Symbol;Acc:HGNC:222]	1.029942	
PEAK1	pseudopodium enriched atypical kinase 1 [Source:HGNC Symbol;Acc:HGNC:29431]	1.0292755	
IGFBP7	insulin like growth factor binding protein 7 [Source:HGNC Symbol;Acc:HGNC:5476]	1.0240405	
BCL2A1	BCL2 related protein A1 [Source:HGNC Symbol;Acc:HGNC:991]	1.0229661	
GLIPR1	GLI pathogenesis related 1 [Source:HGNC Symbol;Acc:HGNC:17001]	1.0220404	
LAMTOR4	late endosomal/lysosomal adaptor, MAPK and MTOR activator 4 [Source:HGNC Symbol;Acc:HGNC:33772]	1.0198882	
GEM	GTP binding protein overexpressed in skeletal muscle [Source:HGNC Symbol;Acc:HGNC:4234]	1.0166569	
CTSD	cathepsin D [Source:HGNC Symbol;Acc:HGNC:2529]	1.0165327	
RRBP1	ribosome binding protein 1 [Source:HGNC Symbol;Acc:HGNC:10448]	1.0125114	
COX6C	cytochrome c oxidase subunit 6C [Source:HGNC Symbol;Acc:HGNC:2285]	1.0121335	
ATP5F1E	ATP synthase F1 subunit epsilon [Source:HGNC Symbol;Acc:HGNC:838]	1.0109369	
HIVEP3	HIVEP zinc finger 3 [Source:HGNC Symbol;Acc:HGNC:13561]	1.010283	
TWSG1	twisted gastrulation BMP signaling modulator 1 [Source:HGNC Symbol;Acc:HGNC:12429]	1.010247	
TRAF1	TNF receptor associated factor 1 [Source:HGNC Symbol;Acc:HGNC:12031]	1.0097197	
GIMAP7	GTPase, IMAP family member 7 [Source:HGNC Symbol;Acc:HGNC:22404]	1.0019742	
LDHA	lactate dehydrogenase A [Source:HGNC Symbol;Acc:HGNC:6535]	1.0002993	
GNAI2	G protein subunit alpha i2 [Source:HGNC Symbol;Acc:HGNC:4385]	0.9985813	
ARF4	ADP ribosylation factor 4 [Source:HGNC Symbol;Acc:HGNC:655]	0.9917773	
ECH1	enoyl-CoA hydratase 1 [Source:HGNC Symbol;Acc:HGNC:3149]	0.9870287	
CBLB	Cbl proto-oncogene B [Source:HGNC Symbol;Acc:HGNC:1542]	0.97508985	
PRELID1	PRELI domain containing 1 [Source:HGNC Symbol;Acc:HGNC:30255]	0.9724837	
NRIP1	nuclear receptor interacting protein 1 [Source:HGNC Symbol;Acc:HGNC:8001]	0.96882075	
ELOB	elongin B [Source:HGNC Symbol;Acc:HGNC:11619]	0.96874857	
FBXO11	F-box protein 11 [Source:HGNC Symbol;Acc:HGNC:13590]	0.9678034	
ID2	inhibitor of DNA binding 2 [Source:HGNC Symbol;Acc:HGNC:5361]	0.9674506	
LBH	LBH regulator of WNT signaling pathway [Source:HGNC Symbol;Acc:HGNC:29532]	0.9672912	
COX6B1	cytochrome c oxidase subunit 6B1 [Source:HGNC Symbol;Acc:HGNC:2280]	0.96715367	
FGL2	fibrinogen like 2 [Source:HGNC Symbol;Acc:HGNC:3696]	0.96481806	
CHSY1	chondroitin sulfate synthase 1 [Source:HGNC Symbol;Acc:HGNC:17198]	0.9633955	
MIER1	MIER1 transcriptional regulator [Source:HGNC Symbol;Acc:HGNC:29657]	0.96015	
CCR9	C-C motif chemokine receptor 9 [Source:HGNC Symbol;Acc:HGNC:1610]	0.9553252	
TAGLN2	transgelin 2 [Source:HGNC Symbol;Acc:HGNC:11554]	0.9548007	
NEURL3	neuralized E3 ubiquitin protein ligase 3 [Source:HGNC Symbol;Acc:HGNC:25162]	0.95266414	
NDUFB7	NADH:ubiquinone oxidoreductase subunit B7 [Source:HGNC Symbol;Acc:HGNC:7702]	0.9512048	
SSR4	signal sequence receptor subunit 4 [Source:HGNC Symbol;Acc:HGNC:11326]	0.95107585	
FOS	Fos proto-oncogene, AP-1 transcription factor subunit [Source:HGNC Symbol;Acc:HGNC:3796]	0.94852984	
SLC16A6	solute carrier family 16 member 6 [Source:HGNC Symbol;Acc:HGNC:10927]	0.94752616	
APLP2	amyloid beta precursor like protein 2 [Source:HGNC Symbol;Acc:HGNC:598]	0.94714046	
CALM3	calmodulin 3 [Source:HGNC Symbol;Acc:HGNC:1449]	0.9458749	
HOPX	HOP homeobox [Source:HGNC Symbol;Acc:HGNC:24961]	0.94534934	
HCST	hematopoietic cell signal transducer [Source:HGNC Symbol;Acc:HGNC:16977]	0.94519585	
COX7C	cytochrome c oxidase subunit 7C [Source:HGNC Symbol;Acc:HGNC:2292]	0.9423666	
SLC4A7	solute carrier family 4 member 7 [Source:HGNC Symbol;Acc:HGNC:11033]	0.94194615	
ORAI1	ORAI calcium release-activated calcium modulator 1 [Source:HGNC Symbol;Acc:HGNC:25896]	0.94135964	
LSP1	lymphocyte specific protein 1 [Source:HGNC Symbol;Acc:HGNC:6707]	0.9379463	
ZBTB1	zinc finger and BTB domain containing 1 [Source:HGNC Symbol;Acc:HGNC:20259]	0.937375	
SEC61G	SEC61 translocon subunit gamma [Source:HGNC Symbol;Acc:HGNC:18277]	0.9373477	
ADAM19	ADAM metallopeptidase domain 19 [Source:HGNC Symbol;Acc:HGNC:197]	0.93471164	
NUCB1	nucleobindin 1 [Source:HGNC Symbol;Acc:HGNC:8043]	0.92916465	
MAPRE2	microtubule associated protein RP/EB family member 2 [Source:HGNC Symbol;Acc:HGNC:6891]	0.92869604	
PTPN1	protein tyrosine phosphatase non-receptor type 1 [Source:HGNC Symbol;Acc:HGNC:9642]	0.92677927	
ADARB1	adenosine deaminase RNA specific B1 [Source:HGNC Symbol;Acc:HGNC:226]	0.92656654	
PPP1CA	protein phosphatase 1 catalytic subunit alpha [Source:HGNC Symbol;Acc:HGNC:9281]	0.92638713	
PLAAT3	phospholipase A and acyltransferase 3 [Source:HGNC Symbol;Acc:HGNC:17825]	0.9228661	
TXN	thioredoxin [Source:HGNC Symbol;Acc:HGNC:12435]	0.92153674	
ELK3	ETS transcription factor ELK3 [Source:HGNC Symbol;Acc:HGNC:3325]	0.91790795	
CD82	CD82 molecule [Source:HGNC Symbol;Acc:HGNC:6210]	0.9132501	
RBBP8	RB binding protein 8, endonuclease [Source:HGNC Symbol;Acc:HGNC:9891]	0.9114939	
MRPS6	mitochondrial ribosomal protein S6 [Source:HGNC Symbol;Acc:HGNC:14051]	0.9091979	
BCL2L1	BCL2 like 1 [Source:HGNC Symbol;Acc:HGNC:992]	0.9041039	
CISH	cytokine inducible SH2 containing protein [Source:HGNC Symbol;Acc:HGNC:1984]	0.90300035	
TSPO	translocator protein [Source:HGNC Symbol;Acc:HGNC:1158]	0.90266037	
ATOX1	antioxidant 1 copper chaperone [Source:HGNC Symbol;Acc:HGNC:798]	0.90163183	
SIK3	SIK family kinase 3 [Source:HGNC Symbol;Acc:HGNC:29165]	0.90155524	
NR4A1	nuclear receptor subfamily 4 group A member 1 [Source:HGNC Symbol;Acc:HGNC:7980]	0.9010794	
SLC3A2	solute carrier family 3 member 2 [Source:HGNC Symbol;Acc:HGNC:11026]	0.9003834	
CDC14A	cell division cycle 14A [Source:HGNC Symbol;Acc:HGNC:1718]	0.8967541	
ANXA11	annexin A11 [Source:HGNC Symbol;Acc:HGNC:535]	0.8967442	
UBALD2	UBA like domain containing 2 [Source:HGNC Symbol;Acc:HGNC:28438]	0.89516014	
GNAS	GNAS complex locus [Source:HGNC Symbol;Acc:HGNC:4392]	0.89501226	
INPP5D	inositol polyphosphate-5-phosphatase D [Source:HGNC Symbol;Acc:HGNC:6079]	0.89233893	
PRKCH	protein kinase C eta [Source:HGNC Symbol;Acc:HGNC:9403]	0.89036685	
GNB2	G protein subunit beta 2 [Source:HGNC Symbol;Acc:HGNC:4398]	0.8883445	
ITGA4	integrin subunit alpha 4 [Source:HGNC Symbol;Acc:HGNC:6140]	0.8869641	
DDIT4	DNA damage inducible transcript 4 [Source:HGNC Symbol;Acc:HGNC:24944]	0.88675886	
CD3E	CD3 epsilon subunit of T-cell receptor complex [Source:HGNC Symbol;Acc:HGNC:1674]	0.8863929	
ACSBG1	acyl-CoA synthetase bubblegum family member 1 [Source:HGNC Symbol;Acc:HGNC:29567]	0.8862714	
TGIF1	TGFB induced factor homeobox 1 [Source:HGNC Symbol;Acc:HGNC:11776]	0.8857349	
RAB11A	RAB11A, member RAS oncogene family [Source:HGNC Symbol;Acc:HGNC:9760]	0.8839149	
TMEM160	transmembrane protein 160 [Source:HGNC Symbol;Acc:HGNC:26042]	0.8831579	
TXNDC17	thioredoxin domain containing 17 [Source:HGNC Symbol;Acc:HGNC:28218]	0.8803708	
HNRNPLL	heterogeneous nuclear ribonucleoprotein L like [Source:HGNC Symbol;Acc:HGNC:25127]	0.8793295	
BBLN	bublin coiled coil protein [Source:HGNC Symbol;Acc:HGNC:17823]	0.87838453	
ISY1	ISY1 splicing factor homolog [Source:HGNC Symbol;Acc:HGNC:29201]	0.87822163	
CAPNS1	calpain small subunit 1 [Source:HGNC Symbol;Acc:HGNC:1481]	0.8749452	
GFOD1	glucose-fructose oxidoreductase domain containing 1 [Source:HGNC Symbol;Acc:HGNC:21096]	0.87179136	
LZTFL1	leucine zipper transcription factor like 1 [Source:HGNC Symbol;Acc:HGNC:6741]	0.87101483	
UNC119	unc-119 lipid binding chaperone [Source:HGNC Symbol;Acc:HGNC:12565]	0.8709177	
PPP1CC	protein phosphatase 1 catalytic subunit gamma [Source:HGNC Symbol;Acc:HGNC:9283]	0.86990803	
TMSB10	thymosin beta 10 [Source:HGNC Symbol;Acc:HGNC:11879]	0.8688264	
LCP1	lymphocyte cytosolic protein 1 [Source:HGNC Symbol;Acc:HGNC:6528]	0.8672282	
GDI2	GDP dissociation inhibitor 2 [Source:HGNC Symbol;Acc:HGNC:4227]	0.86698514	
DUSP1	dual specificity phosphatase 1 [Source:HGNC Symbol;Acc:HGNC:3064]	0.86649215	
TEC	tec protein tyrosine kinase [Source:HGNC Symbol;Acc:HGNC:11719]	0.86492276	
CYFIP1	cytoplasmic FMR1 interacting protein 1 [Source:HGNC Symbol;Acc:HGNC:13759]	0.8641501	
GPX1	glutathione peroxidase 1 [Source:HGNC Symbol;Acc:HGNC:4553]	0.86394966	
BATF	basic leucine zipper ATF-like transcription factor [Source:HGNC Symbol;Acc:HGNC:958]	0.8629586	
LAPTM5	lysosomal protein transmembrane 5 [Source:HGNC Symbol;Acc:HGNC:29612]	0.85914916	
GLIPR2	GLI pathogenesis related 2 [Source:HGNC Symbol;Acc:HGNC:18007]	0.858942	
TMSB4X	thymosin beta 4 X-linked [Source:HGNC Symbol;Acc:HGNC:11881]	0.8584503	
TIGIT	T cell immunoreceptor with Ig and ITIM domains [Source:HGNC Symbol;Acc:HGNC:26838]	0.85751665	
IER2	immediate early response 2 [Source:HGNC Symbol;Acc:HGNC:28871]	0.856869	
ARHGDIB	Rho GDP dissociation inhibitor beta [Source:HGNC Symbol;Acc:HGNC:679]	0.85493094	
CD3G	CD3 gamma subunit of T-cell receptor complex [Source:HGNC Symbol;Acc:HGNC:1675]	0.8543354	
ATP2B1	ATPase plasma membrane Ca2+ transporting 1 [Source:HGNC Symbol;Acc:HGNC:814]	0.85217565	
ADAP1	ArfGAP with dual PH domains 1 [Source:HGNC Symbol;Acc:HGNC:16486]	0.8499279	
KIAA1958	KIAA1958 [Source:HGNC Symbol;Acc:HGNC:23427]	0.84940976	
PIK3AP1	phosphoinositide-3-kinase adaptor protein 1 [Source:HGNC Symbol;Acc:HGNC:30034]	0.8484054	
LRRFIP2	LRR binding FLII interacting protein 2 [Source:HGNC Symbol;Acc:HGNC:6703]	0.8477109	
YBX3	Y-box binding protein 3 [Source:HGNC Symbol;Acc:HGNC:2428]	0.84537077	
RAC2	Rac family small GTPase 2 [Source:HGNC Symbol;Acc:HGNC:9802]	0.84501094	
LYN	LYN proto-oncogene, Src family tyrosine kinase [Source:HGNC Symbol;Acc:HGNC:6735]	0.8447561	
CERT1	ceramide transporter 1 [Source:HGNC Symbol;Acc:HGNC:2205]	0.8385853	
PPP1R16B	protein phosphatase 1 regulatory subunit 16B [Source:HGNC Symbol;Acc:HGNC:15850]	0.8380484	
ATP5F1D	ATP synthase F1 subunit delta [Source:HGNC Symbol;Acc:HGNC:837]	0.8377485	
PTPN7	protein tyrosine phosphatase non-receptor type 7 [Source:HGNC Symbol;Acc:HGNC:9659]	0.8371771	
SPAG9	sperm associated antigen 9 [Source:HGNC Symbol;Acc:HGNC:14524]	0.83522123	
FOSB	FosB proto-oncogene, AP-1 transcription factor subunit [Source:HGNC Symbol;Acc:HGNC:3797]	0.8351001	
RNASE4	ribonuclease A family member 4 [Source:HGNC Symbol;Acc:HGNC:10047]	0.83494323	
CEP112	centrosomal protein 112 [Source:HGNC Symbol;Acc:HGNC:28514]	0.834356	
SAMHD1	SAM and HD domain containing deoxynucleoside triphosphate triphosphohydrolase 1 [Source:HGNC Symbol;Acc:HGNC:15925]	0.8340755	
CLIC1	chloride intracellular channel 1 [Source:HGNC Symbol;Acc:HGNC:2062]	0.8335055	
HCLS1	hematopoietic cell-specific Lyn substrate 1 [Source:HGNC Symbol;Acc:HGNC:4844]	0.8316598	
SGIP1	SH3GL interacting endocytic adaptor 1 [Source:HGNC Symbol;Acc:HGNC:25412]	0.8291166	
SYTL3	synaptotagmin like 3 [Source:HGNC Symbol;Acc:HGNC:15587]	0.8287871	
TTC39B	tetratricopeptide repeat domain 39B [Source:HGNC Symbol;Acc:HGNC:23704]	0.8283421	
BAG1	BAG cochaperone 1 [Source:HGNC Symbol;Acc:HGNC:937]	0.82723945	
CDC42	cell division cycle 42 [Source:HGNC Symbol;Acc:HGNC:1736]	0.8263659	
PRICKLE1	prickle planar cell polarity protein 1 [Source:HGNC Symbol;Acc:HGNC:17019]	0.82529926	
RNF216	ring finger protein 216 [Source:HGNC Symbol;Acc:HGNC:21698]	0.82529557	
IFITM3	interferon induced transmembrane protein 3 [Source:HGNC Symbol;Acc:HGNC:5414]	0.8252784	
MYO10	myosin X [Source:HGNC Symbol;Acc:HGNC:7593]	0.8245957	
TMEM123	transmembrane protein 123 [Source:HGNC Symbol;Acc:HGNC:30138]	0.8227802	
ITGB7	integrin subunit beta 7 [Source:HGNC Symbol;Acc:HGNC:6162]	0.82114357	
ARF5	ADP ribosylation factor 5 [Source:HGNC Symbol;Acc:HGNC:658]	0.8197561	
CHP1	calcineurin like EF-hand protein 1 [Source:HGNC Symbol;Acc:HGNC:17433]	0.8193234	
LIG1	DNA ligase 1 [Source:HGNC Symbol;Acc:HGNC:6598]	0.8183498	
PNRC1	proline rich nuclear receptor coactivator 1 [Source:HGNC Symbol;Acc:HGNC:17278]	0.8164974	
CTNNA1	catenin alpha 1 [Source:HGNC Symbol;Acc:HGNC:2509]	0.8159893	
SCAND1	SCAN domain containing 1 [Source:HGNC Symbol;Acc:HGNC:10566]	0.81504846	
COX5B	cytochrome c oxidase subunit 5B [Source:HGNC Symbol;Acc:HGNC:2269]	0.8119215	
MYO3B	myosin IIIB [Source:HGNC Symbol;Acc:HGNC:15576]	0.81020427	
ATP5MF	ATP synthase membrane subunit f [Source:HGNC Symbol;Acc:HGNC:848]	0.80999005	
TGFB1	transforming growth factor beta 1 [Source:HGNC Symbol;Acc:HGNC:11766]	0.8096471	
SYTL2	synaptotagmin like 2 [Source:HGNC Symbol;Acc:HGNC:15585]	0.8080997	
TMEM256	transmembrane protein 256 [Source:HGNC Symbol;Acc:HGNC:28618]	0.8077331	
ATP5MG	ATP synthase membrane subunit g [Source:HGNC Symbol;Acc:HGNC:14247]	0.8049135	
C19orf53	chromosome 19 open reading frame 53 [Source:HGNC Symbol;Acc:HGNC:24991]	0.7987916	
ITGB1	integrin subunit beta 1 [Source:HGNC Symbol;Acc:HGNC:6153]	0.7983929	
SIRT2	sirtuin 2 [Source:HGNC Symbol;Acc:HGNC:10886]	0.7954362	
FAM107B	family with sequence similarity 107 member B [Source:HGNC Symbol;Acc:HGNC:23726]	0.7951586	
NDUFB1	NADH:ubiquinone oxidoreductase subunit B1 [Source:HGNC Symbol;Acc:HGNC:7695]	0.7927369	
SRPK2	SRSF protein kinase 2 [Source:HGNC Symbol;Acc:HGNC:11306]	0.79210263	
COBLL1	cordon-bleu WH2 repeat protein like 1 [Source:HGNC Symbol;Acc:HGNC:23571]	0.7918919	
PAXBP1	PAX3 and PAX7 binding protein 1 [Source:HGNC Symbol;Acc:HGNC:13579]	0.7901605	
RGS16	regulator of G protein signaling 16 [Source:HGNC Symbol;Acc:HGNC:9997]	0.7888395	
PLP2	proteolipid protein 2 [Source:HGNC Symbol;Acc:HGNC:9087]	0.78878933	
GABARAP	GABA type A receptor-associated protein [Source:HGNC Symbol;Acc:HGNC:4067]	0.78754413	
ITIH5	inter-alpha-trypsin inhibitor heavy chain 5 [Source:HGNC Symbol;Acc:HGNC:21449]	0.78675056	
UBC	ubiquitin C [Source:HGNC Symbol;Acc:HGNC:12468]	0.7866827	
RAP2A	RAP2A, member of RAS oncogene family [Source:HGNC Symbol;Acc:HGNC:9861]	0.786369	
RPL39	ribosomal protein L39 [Source:HGNC Symbol;Acc:HGNC:10350]	0.78518	
COTL1	coactosin like F-actin binding protein 1 [Source:HGNC Symbol;Acc:HGNC:18304]	0.7839037	
HNRNPL	heterogeneous nuclear ribonucleoprotein L [Source:HGNC Symbol;Acc:HGNC:5045]	0.7831549	
CSTB	cystatin B [Source:HGNC Symbol;Acc:HGNC:2482]	0.7818563	
PDCD1	programmed cell death 1 [Source:HGNC Symbol;Acc:HGNC:8760]	0.77871186	
NUP98	nucleoporin 98 and 96 precursor [Source:HGNC Symbol;Acc:HGNC:8068]	0.7768284	
MCM6	minichromosome maintenance complex component 6 [Source:HGNC Symbol;Acc:HGNC:6949]	0.77601445	
ZC3HAV1	zinc finger CCCH-type containing, antiviral 1 [Source:HGNC Symbol;Acc:HGNC:23721]	0.77587444	
SFR1	SWI5 dependent homologous recombination repair protein 1 [Source:HGNC Symbol;Acc:HGNC:29574]	0.7756103	
ACTB	actin beta [Source:HGNC Symbol;Acc:HGNC:132]	0.7720128	
UQCRQ	ubiquinol-cytochrome c reductase complex III subunit VII [Source:HGNC Symbol;Acc:HGNC:29594]	0.7711487	
TLN1	talin 1 [Source:HGNC Symbol;Acc:HGNC:11845]	0.7703449	
PDE4B	phosphodiesterase 4B [Source:HGNC Symbol;Acc:HGNC:8781]	0.76995724	
PFN1	profilin 1 [Source:HGNC Symbol;Acc:HGNC:8881]	0.7695398	
APRT	adenine phosphoribosyltransferase [Source:HGNC Symbol;Acc:HGNC:626]	0.7684852	
REL	REL proto-oncogene, NF-kB subunit [Source:HGNC Symbol;Acc:HGNC:9954]	0.76753473	
ATP5ME	ATP synthase membrane subunit e [Source:HGNC Symbol;Acc:HGNC:846]	0.7660459	
CERK	ceramide kinase [Source:HGNC Symbol;Acc:HGNC:19256]	0.7655985	
NEAT1	nuclear paraspeckle assembly transcript 1 [Source:HGNC Symbol;Acc:HGNC:30815]	0.76502556	
RNH1	ribonuclease/angiogenin inhibitor 1 [Source:HGNC Symbol;Acc:HGNC:10074]	0.7633493	
SERF2	small EDRK-rich factor 2 [Source:HGNC Symbol;Acc:HGNC:10757]	0.7630139	
PSMD8	proteasome 26S subunit, non-ATPase 8 [Source:HGNC Symbol;Acc:HGNC:9566]	0.7625436	
TOB2	transducer of ERBB2, 2 [Source:HGNC Symbol;Acc:HGNC:11980]	0.7620634	
EHD4	EH domain containing 4 [Source:HGNC Symbol;Acc:HGNC:3245]	0.76079494	
STAT3	signal transducer and activator of transcription 3 [Source:HGNC Symbol;Acc:HGNC:11364]	0.7606493	
CHMP2A	charged multivesicular body protein 2A [Source:HGNC Symbol;Acc:HGNC:30216]	0.760174	
ZAP70	zeta chain of T cell receptor associated protein kinase 70 [Source:HGNC Symbol;Acc:HGNC:12858]	0.75911117	
UQCR11	ubiquinol-cytochrome c reductase, complex III subunit XI [Source:HGNC Symbol;Acc:HGNC:30862]	0.7559301	
JUND	JunD proto-oncogene, AP-1 transcription factor subunit [Source:HGNC Symbol;Acc:HGNC:6206]	0.7521795	
CSRNP1	cysteine and serine rich nuclear protein 1 [Source:HGNC Symbol;Acc:HGNC:14300]	0.7509857	
AEBP2	AE binding protein 2 [Source:HGNC Symbol;Acc:HGNC:24051]	0.75034845	
WDR26	WD repeat domain 26 [Source:HGNC Symbol;Acc:HGNC:21208]	0.7502903	
SH2D2A	SH2 domain containing 2A [Source:HGNC Symbol;Acc:HGNC:10821]	0.7489193	
ARPC2	actin related protein 2/3 complex subunit 2 [Source:HGNC Symbol;Acc:HGNC:705]	0.74882376	
NRP1	neuropilin 1 [Source:HGNC Symbol;Acc:HGNC:8004]	0.7482399	
SEC11C	SEC11 homolog C, signal peptidase complex subunit [Source:HGNC Symbol;Acc:HGNC:23400]	0.7457445	
RAP1B	RAP1B, member of RAS oncogene family [Source:HGNC Symbol;Acc:HGNC:9857]	0.742991	
VASP	vasodilator stimulated phosphoprotein [Source:HGNC Symbol;Acc:HGNC:12652]	0.7426588	
NDUFA13	NADH:ubiquinone oxidoreductase subunit A13 [Source:HGNC Symbol;Acc:HGNC:17194]	0.742575	
VGLL4	vestigial like family member 4 [Source:HGNC Symbol;Acc:HGNC:28966]	0.7417337	
KRTCAP2	keratinocyte associated protein 2 [Source:HGNC Symbol;Acc:HGNC:28942]	0.7398095	
DNAI4	dynein axonemal intermediate chain 4 [Source:HGNC Symbol;Acc:HGNC:26252]	0.738506	
CMIP	c-Maf inducing protein [Source:HGNC Symbol;Acc:HGNC:24319]	0.73789996	
MIF4GD	MIF4G domain containing [Source:HGNC Symbol;Acc:HGNC:24030]	0.7375226	
IL1R2	interleukin 1 receptor type 2 [Source:HGNC Symbol;Acc:HGNC:5994]	0.737177	
PMEPA1	prostate transmembrane protein, androgen induced 1 [Source:HGNC Symbol;Acc:HGNC:14107]	0.73061496	
AHR	aryl hydrocarbon receptor [Source:HGNC Symbol;Acc:HGNC:348]	0.7300129	
ASB2	ankyrin repeat and SOCS box containing 2 [Source:HGNC Symbol;Acc:HGNC:16012]	0.7291015	
MAP3K5	mitogen-activated protein kinase kinase kinase 5 [Source:HGNC Symbol;Acc:HGNC:6857]	0.72328293	
PFKP	phosphofructokinase, platelet [Source:HGNC Symbol;Acc:HGNC:8878]	0.71855175	
SLC39A14	solute carrier family 39 member 14 [Source:HGNC Symbol;Acc:HGNC:20858]	0.7181761	
GLUD1	glutamate dehydrogenase 1 [Source:HGNC Symbol;Acc:HGNC:4335]	0.71810216	
CERS4	ceramide synthase 4 [Source:HGNC Symbol;Acc:HGNC:23747]	0.7166691	
CCR4	C-C motif chemokine receptor 4 [Source:HGNC Symbol;Acc:HGNC:1605]	0.7148487	
LIN54	lin-54 DREAM MuvB core complex component [Source:HGNC Symbol;Acc:HGNC:25397]	0.71291286	
PRELID2	PRELI domain containing 2 [Source:HGNC Symbol;Acc:HGNC:28306]	0.7128413	
SYT11	synaptotagmin 11 [Source:HGNC Symbol;Acc:HGNC:19239]	0.71106756	
ATP5IF1	ATP synthase inhibitory factor subunit 1 [Source:HGNC Symbol;Acc:HGNC:871]	0.7107647	
CFL1	cofilin 1 [Source:HGNC Symbol;Acc:HGNC:1874]	0.70624083	
AP2S1	adaptor related protein complex 2 subunit sigma 1 [Source:HGNC Symbol;Acc:HGNC:565]	0.70599675	
RAB11FIP1	RAB11 family interacting protein 1 [Source:HGNC Symbol;Acc:HGNC:30265]	0.7058045	
FMNL2	formin like 2 [Source:HGNC Symbol;Acc:HGNC:18267]	0.70578974	
ADAM12	ADAM metallopeptidase domain 12 [Source:HGNC Symbol;Acc:HGNC:190]	0.70560074	
ZSWIM6	zinc finger SWIM-type containing 6 [Source:HGNC Symbol;Acc:HGNC:29316]	0.70557654	
EFHD2	EF-hand domain family member D2 [Source:HGNC Symbol;Acc:HGNC:28670]	0.7023873	
SMG6	SMG6 nonsense mediated mRNA decay factor [Source:HGNC Symbol;Acc:HGNC:17809]	0.6977203	
ZMIZ1	zinc finger MIZ-type containing 1 [Source:HGNC Symbol;Acc:HGNC:16493]	0.69638	
CAPZB	capping actin protein of muscle Z-line subunit beta [Source:HGNC Symbol;Acc:HGNC:1491]	0.695818	
UQCR10	ubiquinol-cytochrome c reductase, complex III subunit X [Source:HGNC Symbol;Acc:HGNC:30863]	0.6931108	
MAFG	MAF bZIP transcription factor G [Source:HGNC Symbol;Acc:HGNC:6781]	0.692972	
RGS10	regulator of G protein signaling 10 [Source:HGNC Symbol;Acc:HGNC:9992]	0.69254196	
CD3D	CD3 delta subunit of T-cell receptor complex [Source:HGNC Symbol;Acc:HGNC:1673]	0.69089156	
SEM1	SEM1 26S proteasome subunit [Source:HGNC Symbol;Acc:HGNC:10845]	0.6907457	
ABRACL	ABRA C-terminal like [Source:HGNC Symbol;Acc:HGNC:21230]	0.6888824	
LRRC8D	leucine rich repeat containing 8 VRAC subunit D [Source:HGNC Symbol;Acc:HGNC:16992]	0.6887924	
SKAP2	src kinase associated phosphoprotein 2 [Source:HGNC Symbol;Acc:HGNC:15687]	0.6879866	
ICAM1	intercellular adhesion molecule 1 [Source:HGNC Symbol;Acc:HGNC:5344]	0.686239	
TOMM6	translocase of outer mitochondrial membrane 6 [Source:HGNC Symbol;Acc:HGNC:34528]	0.6851979	
IGHM	immunoglobulin heavy constant mu [Source:HGNC Symbol;Acc:HGNC:5541]	0.6846444	
FIS1	fission, mitochondrial 1 [Source:HGNC Symbol;Acc:HGNC:21689]	0.68415934	
POMP	proteasome maturation protein [Source:HGNC Symbol;Acc:HGNC:20330]	0.68271595	
LARP1B	La ribonucleoprotein 1B [Source:HGNC Symbol;Acc:HGNC:24704]	0.6804739	
TPI1	triosephosphate isomerase 1 [Source:HGNC Symbol;Acc:HGNC:12009]	0.68018025	
PPIB	peptidylprolyl isomerase B [Source:HGNC Symbol;Acc:HGNC:9255]	0.67997813	
CENPA	centromere protein A [Source:HGNC Symbol;Acc:HGNC:1851]	0.6798475	
GPR65	G protein-coupled receptor 65 [Source:HGNC Symbol;Acc:HGNC:4517]	0.67968994	
FAM3C	FAM3 metabolism regulating signaling molecule C [Source:HGNC Symbol;Acc:HGNC:18664]	0.6786159	
CD101	CD101 molecule [Source:HGNC Symbol;Acc:HGNC:5949]	0.67837805	
PLK3	polo like kinase 3 [Source:HGNC Symbol;Acc:HGNC:2154]	0.6779325	
ZBTB38	zinc finger and BTB domain containing 38 [Source:HGNC Symbol;Acc:HGNC:26636]	0.67783916	
NCMAP	non-compact myelin associated protein [Source:HGNC Symbol;Acc:HGNC:29332]	0.67567885	
VSIR	V-set immunoregulatory receptor [Source:HGNC Symbol;Acc:HGNC:30085]	0.6752518	
GIMAP4	GTPase, IMAP family member 4 [Source:HGNC Symbol;Acc:HGNC:21872]	0.6750757	
NMB	neuromedin B [Source:HGNC Symbol;Acc:HGNC:7842]	0.67472184	
MYO1G	myosin IG [Source:HGNC Symbol;Acc:HGNC:13880]	0.6744974	
TMEM135	transmembrane protein 135 [Source:HGNC Symbol;Acc:HGNC:26167]	0.6742543	
RORC	RAR related orphan receptor C [Source:HGNC Symbol;Acc:HGNC:10260]	0.67314893	
ADAM8	ADAM metallopeptidase domain 8 [Source:HGNC Symbol;Acc:HGNC:215]	0.67312396	
GNAQ	G protein subunit alpha q [Source:HGNC Symbol;Acc:HGNC:4390]	0.672179	
GPR132	G protein-coupled receptor 132 [Source:HGNC Symbol;Acc:HGNC:17482]	0.6720807	
CSNK2B	casein kinase 2 beta [Source:HGNC Symbol;Acc:HGNC:2460]	0.6687446	
ATP5MJ	ATP synthase membrane subunit j [Source:HGNC Symbol;Acc:HGNC:1188]	0.66700685	
CITED2	Cbp/p300 interacting transactivator with Glu/Asp rich carboxy-terminal domain 2 [Source:HGNC Symbol;Acc:HGNC:1987]	0.66677284	
COX7A2	cytochrome c oxidase subunit 7A2 [Source:HGNC Symbol;Acc:HGNC:2288]	0.6667644	
MAP2K3	mitogen-activated protein kinase kinase 3 [Source:HGNC Symbol;Acc:HGNC:6843]	0.6666411	
COX5A	cytochrome c oxidase subunit 5A [Source:HGNC Symbol;Acc:HGNC:2267]	0.6666334	
ZDHHC18	zinc finger DHHC-type palmitoyltransferase 18 [Source:HGNC Symbol;Acc:HGNC:20712]	0.6641283	
IGFLR1	IGF like family receptor 1 [Source:HGNC Symbol;Acc:HGNC:23620]	0.6637346	
NDUFB8	NADH:ubiquinone oxidoreductase subunit B8 [Source:HGNC Symbol;Acc:HGNC:7703]	0.6626095	
GLCCI1	glucocorticoid induced 1 [Source:HGNC Symbol;Acc:HGNC:18713]	0.6614972	
IRS2	insulin receptor substrate 2 [Source:HGNC Symbol;Acc:HGNC:6126]	0.65854627	
SEC61B	SEC61 translocon subunit beta [Source:HGNC Symbol;Acc:HGNC:16993]	0.65689015	
SNX5	sorting nexin 5 [Source:HGNC Symbol;Acc:HGNC:14969]	0.65586007	
CYBA	cytochrome b-245 alpha chain [Source:HGNC Symbol;Acc:HGNC:2577]	0.65547127	
IQGAP1	IQ motif containing GTPase activating protein 1 [Source:HGNC Symbol;Acc:HGNC:6110]	0.6550702	
CHST2	carbohydrate sulfotransferase 2 [Source:HGNC Symbol;Acc:HGNC:1970]	0.6548377	
ATP5MK	ATP synthase membrane subunit k [Source:HGNC Symbol;Acc:HGNC:30889]	0.65427804	
CTSZ	cathepsin Z [Source:HGNC Symbol;Acc:HGNC:2547]	0.6536524	
SMDT1	single-pass membrane protein with aspartate rich tail 1 [Source:HGNC Symbol;Acc:HGNC:25055]	0.65274566	
SLC35D1	solute carrier family 35 member D1 [Source:HGNC Symbol;Acc:HGNC:20800]	0.652245	
DST	dystonin [Source:HGNC Symbol;Acc:HGNC:1090]	0.6510696	
UBE2M	ubiquitin conjugating enzyme E2 M [Source:HGNC Symbol;Acc:HGNC:12491]	0.6510558	
SERPINB1	serpin family B member 1 [Source:HGNC Symbol;Acc:HGNC:3311]	0.65100247	
RAC1	Rac family small GTPase 1 [Source:HGNC Symbol;Acc:HGNC:9801]	0.65089625	
SPCS1	signal peptidase complex subunit 1 [Source:HGNC Symbol;Acc:HGNC:23401]	0.6501884	
TBCB	tubulin folding cofactor B [Source:HGNC Symbol;Acc:HGNC:1989]	0.6496938	
ENO1	enolase 1 [Source:HGNC Symbol;Acc:HGNC:3350]	0.64914584	
RASSF1	Ras association domain family member 1 [Source:HGNC Symbol;Acc:HGNC:9882]	0.6480948	
HLA-B	major histocompatibility complex, class I, B [Source:HGNC Symbol;Acc:HGNC:4932]	0.6474284	
JAK2	Janus kinase 2 [Source:HGNC Symbol;Acc:HGNC:6192]	0.6465428	
LPGAT1	lysophosphatidylglycerol acyltransferase 1 [Source:HGNC Symbol;Acc:HGNC:28985]	0.64434767	
COQ10B	coenzyme Q10B [Source:HGNC Symbol;Acc:HGNC:25819]	0.6427228	
GSTP1	glutathione S-transferase pi 1 [Source:HGNC Symbol;Acc:HGNC:4638]	0.64268786	
MIEN1	migration and invasion enhancer 1 [Source:HGNC Symbol;Acc:HGNC:28230]	0.6422647	
FAM110A	family with sequence similarity 110 member A [Source:HGNC Symbol;Acc:HGNC:16188]	0.6408191	
WDFY2	WD repeat and FYVE domain containing 2 [Source:HGNC Symbol;Acc:HGNC:20482]	0.639993	
GNB1	G protein subunit beta 1 [Source:HGNC Symbol;Acc:HGNC:4396]	0.63931483	
SPN	sialophorin [Source:HGNC Symbol;Acc:HGNC:11249]	0.63920075	
NFATC1	nuclear factor of activated T cells 1 [Source:HGNC Symbol;Acc:HGNC:7775]	0.6385469	
UQCRH	ubiquinol-cytochrome c reductase hinge protein [Source:HGNC Symbol;Acc:HGNC:12590]	0.6384346	
SNX18	sorting nexin 18 [Source:HGNC Symbol;Acc:HGNC:19245]	0.6378934	
LEPROTL1	leptin receptor overlapping transcript like 1 [Source:HGNC Symbol;Acc:HGNC:6555]	0.6378054	
UBR5	ubiquitin protein ligase E3 component n-recognin 5 [Source:HGNC Symbol;Acc:HGNC:16806]	0.63736796	
PSME2	proteasome activator subunit 2 [Source:HGNC Symbol;Acc:HGNC:9569]	0.63716507	
LRP10	LDL receptor related protein 10 [Source:HGNC Symbol;Acc:HGNC:14553]	0.6349522	
NDUFV3	NADH:ubiquinone oxidoreductase subunit V3 [Source:HGNC Symbol;Acc:HGNC:7719]	0.6340119	
EMP3	epithelial membrane protein 3 [Source:HGNC Symbol;Acc:HGNC:3335]	0.63348645	
MRPL52	mitochondrial ribosomal protein L52 [Source:HGNC Symbol;Acc:HGNC:16655]	0.63206476	
SUSD3	sushi domain containing 3 [Source:HGNC Symbol;Acc:HGNC:28391]	0.632033	
ALDOA	aldolase, fructose-bisphosphate A [Source:HGNC Symbol;Acc:HGNC:414]	0.6302444	
CAP1	cyclase associated actin cytoskeleton regulatory protein 1 [Source:HGNC Symbol;Acc:HGNC:20040]	0.62996066	
GRINA	glutamate ionotropic receptor NMDA type subunit associated protein 1 [Source:HGNC Symbol;Acc:HGNC:4589]	0.62944967	
CNN2	calponin 2 [Source:HGNC Symbol;Acc:HGNC:2156]	0.62922025	
RHOF	ras homolog family member F, filopodia associated [Source:HGNC Symbol;Acc:HGNC:15703]	0.6289274	
SRP14	signal recognition particle 14 [Source:HGNC Symbol;Acc:HGNC:11299]	0.62892	
ARPC5	actin related protein 2/3 complex subunit 5 [Source:HGNC Symbol;Acc:HGNC:708]	0.62876093	
RELB	RELB proto-oncogene, NF-kB subunit [Source:HGNC Symbol;Acc:HGNC:9956]	0.6265722	
SYNGR2	synaptogyrin 2 [Source:HGNC Symbol;Acc:HGNC:11499]	0.6241012	
DIAPH1	diaphanous related formin 1 [Source:HGNC Symbol;Acc:HGNC:2876]	0.62280196	
TFF1	trefoil factor 1 [Source:HGNC Symbol;Acc:HGNC:11755]	0.6225106	
RAP1A	RAP1A, member of RAS oncogene family [Source:HGNC Symbol;Acc:HGNC:9855]	0.6215179	
ATP5PF	ATP synthase peripheral stalk subunit F6 [Source:HGNC Symbol;Acc:HGNC:847]	0.6202265	
CLIC4	chloride intracellular channel 4 [Source:HGNC Symbol;Acc:HGNC:13518]	0.61985505	
PRDX2	peroxiredoxin 2 [Source:HGNC Symbol;Acc:HGNC:9353]	0.61982864	
ST3GAL3	ST3 beta-galactoside alpha-2,3-sialyltransferase 3 [Source:HGNC Symbol;Acc:HGNC:10866]	0.6197036	
ECE1	endothelin converting enzyme 1 [Source:HGNC Symbol;Acc:HGNC:3146]	0.6195568	
TTC39C	tetratricopeptide repeat domain 39C [Source:HGNC Symbol;Acc:HGNC:26595]	0.6190636	
ABHD17A	abhydrolase domain containing 17A, depalmitoylase [Source:HGNC Symbol;Acc:HGNC:28756]	0.61681753	
FBXW11	F-box and WD repeat domain containing 11 [Source:HGNC Symbol;Acc:HGNC:13607]	0.6159274	
ATL3	atlastin GTPase 3 [Source:HGNC Symbol;Acc:HGNC:24526]	0.61466247	
PPP1R12A	protein phosphatase 1 regulatory subunit 12A [Source:HGNC Symbol;Acc:HGNC:7618]	0.6133171	
CLTC	clathrin heavy chain [Source:HGNC Symbol;Acc:HGNC:2092]	0.61230433	
IFITM2	interferon induced transmembrane protein 2 [Source:HGNC Symbol;Acc:HGNC:5413]	0.61059326	
MRPL54	mitochondrial ribosomal protein L54 [Source:HGNC Symbol;Acc:HGNC:16685]	0.61001545	
METRNL	meteorin like, glial cell differentiation regulator [Source:HGNC Symbol;Acc:HGNC:27584]	0.6094442	
RAPSN	receptor associated protein of the synapse [Source:HGNC Symbol;Acc:HGNC:9863]	0.60831815	
NDUFA2	NADH:ubiquinone oxidoreductase subunit A2 [Source:HGNC Symbol;Acc:HGNC:7685]	0.6072995	
CTSW	cathepsin W [Source:HGNC Symbol;Acc:HGNC:2546]	0.60653716	
SLC66A2	solute carrier family 66 member 2 [Source:HGNC Symbol;Acc:HGNC:26188]	0.60643506	
RIN2	Ras and Rab interactor 2 [Source:HGNC Symbol;Acc:HGNC:18750]	0.6059611	
DAZAP2	DAZ associated protein 2 [Source:HGNC Symbol;Acc:HGNC:2684]	0.6050339	
DENND5A	DENN domain containing 5A [Source:HGNC Symbol;Acc:HGNC:19344]	0.6049973	
DOK2	docking protein 2 [Source:HGNC Symbol;Acc:HGNC:2991]	0.6047401	
HOMER1	homer scaffold protein 1 [Source:HGNC Symbol;Acc:HGNC:17512]	0.60428226	
SUB1	SUB1 regulator of transcription [Source:HGNC Symbol;Acc:HGNC:19985]	0.6035052	
AUP1	AUP1 lipid droplet regulating VLDL assembly factor [Source:HGNC Symbol;Acc:HGNC:891]	0.6017285	
NOL10	nucleolar protein 10 [Source:HGNC Symbol;Acc:HGNC:25862]	0.59925133	
SS18	SS18 subunit of BAF chromatin remodeling complex [Source:HGNC Symbol;Acc:HGNC:11340]	0.5988127	
ITGB8	integrin subunit beta 8 [Source:HGNC Symbol;Acc:HGNC:6163]	0.5986862	
OSTF1	osteoclast stimulating factor 1 [Source:HGNC Symbol;Acc:HGNC:8510]	0.5986663	
DYNLT5	dynein light chain Tctex-type family member 5 [Source:HGNC Symbol;Acc:HGNC:26882]	0.5962003	
SLC25A3	solute carrier family 25 member 3 [Source:HGNC Symbol;Acc:HGNC:10989]	0.59568673	
S1PR4	sphingosine-1-phosphate receptor 4 [Source:HGNC Symbol;Acc:HGNC:3170]	0.5956727	
EMP1	epithelial membrane protein 1 [Source:HGNC Symbol;Acc:HGNC:3333]	0.5954059	
FKBP1A	FKBP prolyl isomerase 1A [Source:HGNC Symbol;Acc:HGNC:3711]	0.59320056	
RTF2	replication termination factor 2 [Source:HGNC Symbol;Acc:HGNC:15890]	0.5919179	
HDAC7	histone deacetylase 7 [Source:HGNC Symbol;Acc:HGNC:14067]	0.5910439	
CWC25	CWC25 spliceosome associated protein homolog [Source:HGNC Symbol;Acc:HGNC:25989]	0.59004503	
OTUD7B	OTU deubiquitinase 7B [Source:HGNC Symbol;Acc:HGNC:16683]	0.5868163	
BMPR2	bone morphogenetic protein receptor type 2 [Source:HGNC Symbol;Acc:HGNC:1078]	0.5865146	
SELPLG	selectin P ligand [Source:HGNC Symbol;Acc:HGNC:10722]	0.5864816	
CIAPIN1	cytokine induced apoptosis inhibitor 1 [Source:HGNC Symbol;Acc:HGNC:28050]	0.58633196	
SLC1A5	solute carrier family 1 member 5 [Source:HGNC Symbol;Acc:HGNC:10943]	0.58602524	
LPXN	leupaxin [Source:HGNC Symbol;Acc:HGNC:14061]	0.5848036	
ANXA6	annexin A6 [Source:HGNC Symbol;Acc:HGNC:544]	0.58393866	
HINT1	histidine triad nucleotide binding protein 1 [Source:HGNC Symbol;Acc:HGNC:4912]	0.5815148	
F2R	coagulation factor II thrombin receptor [Source:HGNC Symbol;Acc:HGNC:3537]	0.58126986	
MACROH2A1	macroH2A.1 histone [Source:HGNC Symbol;Acc:HGNC:4740]	0.58120954	
ZYX	zyxin [Source:HGNC Symbol;Acc:HGNC:13200]	0.5808142	
ARF6	ADP ribosylation factor 6 [Source:HGNC Symbol;Acc:HGNC:659]	0.58072895	
DSTN	destrin, actin depolymerizing factor [Source:HGNC Symbol;Acc:HGNC:15750]	0.5805025	
MTCH1	mitochondrial carrier 1 [Source:HGNC Symbol;Acc:HGNC:17586]	0.5795528	
THY1	Thy-1 cell surface antigen [Source:HGNC Symbol;Acc:HGNC:11801]	0.57945377	
IL10RA	interleukin 10 receptor subunit alpha [Source:HGNC Symbol;Acc:HGNC:5964]	0.5792379	
ETS2	ETS proto-oncogene 2, transcription factor [Source:HGNC Symbol;Acc:HGNC:3489]	0.57865185	
PPP1R15A	protein phosphatase 1 regulatory subunit 15A [Source:HGNC Symbol;Acc:HGNC:14375]	0.57744	
ACOT9	acyl-CoA thioesterase 9 [Source:HGNC Symbol;Acc:HGNC:17152]	0.57706296	
FUT8	fucosyltransferase 8 [Source:HGNC Symbol;Acc:HGNC:4019]	0.5768319	
SH3BGRL	SH3 domain binding glutamate rich protein like [Source:HGNC Symbol;Acc:HGNC:10823]	0.5765156	
EVA1B	eva-1 homolog B [Source:HGNC Symbol;Acc:HGNC:25558]	0.57461673	
MXD4	MAX dimerization protein 4 [Source:HGNC Symbol;Acc:HGNC:13906]	0.57447	
ARF1	ADP ribosylation factor 1 [Source:HGNC Symbol;Acc:HGNC:652]	0.5740816	
HIP1R	huntingtin interacting protein 1 related [Source:HGNC Symbol;Acc:HGNC:18415]	0.57345456	
CDC25B	cell division cycle 25B [Source:HGNC Symbol;Acc:HGNC:1726]	0.57338935	
ASS1	argininosuccinate synthase 1 [Source:HGNC Symbol;Acc:HGNC:758]	0.572504	
POLD4	DNA polymerase delta 4, accessory subunit [Source:HGNC Symbol;Acc:HGNC:14106]	0.5719979	
KAT6B	lysine acetyltransferase 6B [Source:HGNC Symbol;Acc:HGNC:17582]	0.5716084	
DGKG	diacylglycerol kinase gamma [Source:HGNC Symbol;Acc:HGNC:2853]	0.5715082	
PPP2CA	protein phosphatase 2 catalytic subunit alpha [Source:HGNC Symbol;Acc:HGNC:9299]	0.56962544	
NCF4	neutrophil cytosolic factor 4 [Source:HGNC Symbol;Acc:HGNC:7662]	0.56842685	
YWHAH	tyrosine 3-monooxygenase/tryptophan 5-monooxygenase activation protein eta [Source:HGNC Symbol;Acc:HGNC:12853]	0.5681846	
BCL3	BCL3 transcription coactivator [Source:HGNC Symbol;Acc:HGNC:998]	0.5681347	
CD38	CD38 molecule [Source:HGNC Symbol;Acc:HGNC:1667]	0.5675287	
APOBEC3B	apolipoprotein B mRNA editing enzyme catalytic subunit 3B [Source:HGNC Symbol;Acc:HGNC:17352]	0.56735206	
LRRC32	leucine rich repeat containing 32 [Source:HGNC Symbol;Acc:HGNC:4161]	0.566389	
MSI2	musashi RNA binding protein 2 [Source:HGNC Symbol;Acc:HGNC:18585]	0.56259054	
IRF4	interferon regulatory factor 4 [Source:HGNC Symbol;Acc:HGNC:6119]	0.5619349	
CORO1A	coronin 1A [Source:HGNC Symbol;Acc:HGNC:2252]	0.56021214	
SELENOW	selenoprotein W [Source:HGNC Symbol;Acc:HGNC:10752]	0.5592867	
DCTN4	dynactin subunit 4 [Source:HGNC Symbol;Acc:HGNC:15518]	0.5589539	
ARHGDIA	Rho GDP dissociation inhibitor alpha [Source:HGNC Symbol;Acc:HGNC:678]	0.55797404	
NAB1	NGFI-A binding protein 1 [Source:HGNC Symbol;Acc:HGNC:7626]	0.55792105	
TMEM258	transmembrane protein 258 [Source:HGNC Symbol;Acc:HGNC:1164]	0.557704	
RRAD	RRAD, Ras related glycolysis inhibitor and calcium channel regulator [Source:HGNC Symbol;Acc:HGNC:10446]	0.55511796	
GRN	granulin precursor [Source:HGNC Symbol;Acc:HGNC:4601]	0.5549035	
FRMD4B	FERM domain containing 4B [Source:HGNC Symbol;Acc:HGNC:24886]	0.5539941	
PMAIP1	phorbol-12-myristate-13-acetate-induced protein 1 [Source:HGNC Symbol;Acc:HGNC:9108]	0.55220234	
ITPR1	inositol 1,4,5-trisphosphate receptor type 1 [Source:HGNC Symbol;Acc:HGNC:6180]	0.5516816	
TRPV2	transient receptor potential cation channel subfamily V member 2 [Source:HGNC Symbol;Acc:HGNC:18082]	0.5498523	
RAF1	Raf-1 proto-oncogene, serine/threonine kinase [Source:HGNC Symbol;Acc:HGNC:9829]	0.54984605	
TP53I11	tumor protein p53 inducible protein 11 [Source:HGNC Symbol;Acc:HGNC:16842]	0.54924965	
CPM	carboxypeptidase M [Source:HGNC Symbol;Acc:HGNC:2311]	0.54872704	
ATP6V1F	ATPase H+ transporting V1 subunit F [Source:HGNC Symbol;Acc:HGNC:16832]	0.5484635	
C4orf3	chromosome 4 open reading frame 3 [Source:HGNC Symbol;Acc:HGNC:19225]	0.5482891	
PTPN18	protein tyrosine phosphatase non-receptor type 18 [Source:HGNC Symbol;Acc:HGNC:9649]	0.54788905	
ARPC4	actin related protein 2/3 complex subunit 4 [Source:HGNC Symbol;Acc:HGNC:707]	0.54722494	
TG	thyroglobulin [Source:HGNC Symbol;Acc:HGNC:11764]	0.5458436	
CUX1	cut like homeobox 1 [Source:HGNC Symbol;Acc:HGNC:2557]	0.545724	
CIRBP	cold inducible RNA binding protein [Source:HGNC Symbol;Acc:HGNC:1982]	0.54563785	
ENDOD1	endonuclease domain containing 1 [Source:HGNC Symbol;Acc:HGNC:29129]	0.5453483	
SRI	sorcin [Source:HGNC Symbol;Acc:HGNC:11292]	0.5444552	
ATP6V1E1	ATPase H+ transporting V1 subunit E1 [Source:HGNC Symbol;Acc:HGNC:857]	0.54303044	
SSBP4	single stranded DNA binding protein 4 [Source:HGNC Symbol;Acc:HGNC:15676]	0.5428983	
OXR1	oxidation resistance 1 [Source:HGNC Symbol;Acc:HGNC:15822]	0.5407669	
TAX1BP1	Tax1 binding protein 1 [Source:HGNC Symbol;Acc:HGNC:11575]	0.5391592	
MIDN	midnolin [Source:HGNC Symbol;Acc:HGNC:16298]	0.5391383	
COX7B	cytochrome c oxidase subunit 7B [Source:HGNC Symbol;Acc:HGNC:2291]	0.53863496	
GOLPH3	golgi phosphoprotein 3 [Source:HGNC Symbol;Acc:HGNC:15452]	0.5383184	
GPR55	G protein-coupled receptor 55 [Source:HGNC Symbol;Acc:HGNC:4511]	0.5380284	
SAP18	Sin3A associated protein 18 [Source:HGNC Symbol;Acc:HGNC:10530]	0.53754944	
GAS2	growth arrest specific 2 [Source:HGNC Symbol;Acc:HGNC:4167]	0.5372766	
CHMP4B	charged multivesicular body protein 4B [Source:HGNC Symbol;Acc:HGNC:16171]	0.5366831	
NAA20	N-alpha-acetyltransferase 20, NatB catalytic subunit [Source:HGNC Symbol;Acc:HGNC:15908]	0.53663826	
GABARAPL2	GABA type A receptor associated protein like 2 [Source:HGNC Symbol;Acc:HGNC:13291]	0.53602135	
SLK	STE20 like kinase [Source:HGNC Symbol;Acc:HGNC:11088]	0.53552306	
FLNA	filamin A [Source:HGNC Symbol;Acc:HGNC:3754]	0.5348253	
ITGA3	integrin subunit alpha 3 [Source:HGNC Symbol;Acc:HGNC:6139]	0.5347358	
BCLAF3	BCLAF1 and THRAP3 family member 3 [Source:HGNC Symbol;Acc:HGNC:27413]	0.5322897	
PPFIBP1	PPFIA binding protein 1 [Source:HGNC Symbol;Acc:HGNC:9249]	0.5309636	
RPL38	ribosomal protein L38 [Source:HGNC Symbol;Acc:HGNC:10349]	0.53095037	
MRPL33	mitochondrial ribosomal protein L33 [Source:HGNC Symbol;Acc:HGNC:14487]	0.53079224	
H2AZ1	H2A.Z variant histone 1 [Source:HGNC Symbol;Acc:HGNC:4741]	0.53075516	
TMEM234	transmembrane protein 234 [Source:HGNC Symbol;Acc:HGNC:28837]	0.5305893	
SLC17A8	solute carrier family 17 member 8 [Source:HGNC Symbol;Acc:HGNC:20151]	0.53038615	
UPF3B	UPF3B regulator of nonsense mediated mRNA decay [Source:HGNC Symbol;Acc:HGNC:20439]	0.52760565	
GNG5	G protein subunit gamma 5 [Source:HGNC Symbol;Acc:HGNC:4408]	0.5275838	
EBP	EBP cholestenol delta-isomerase [Source:HGNC Symbol;Acc:HGNC:3133]	0.5269737	
CYB5A	cytochrome b5 type A [Source:HGNC Symbol;Acc:HGNC:2570]	0.5256796	
SEMA4D	semaphorin 4D [Source:HGNC Symbol;Acc:HGNC:10732]	0.52558875	
SLA2	Src like adaptor 2 [Source:HGNC Symbol;Acc:HGNC:17329]	0.5254432	
CALR	calreticulin [Source:HGNC Symbol;Acc:HGNC:1455]	0.52462274	
SERPINB6	serpin family B member 6 [Source:HGNC Symbol;Acc:HGNC:8950]	0.52428406	
MBD2	methyl-CpG binding domain protein 2 [Source:HGNC Symbol;Acc:HGNC:6917]	0.5235241	
NEDD8	NEDD8 ubiquitin like modifier [Source:HGNC Symbol;Acc:HGNC:7732]	0.52141863	
RELL1	RELT like 1 [Source:HGNC Symbol;Acc:HGNC:27379]	0.5211438	
COMMD4	COMM domain containing 4 [Source:HGNC Symbol;Acc:HGNC:26027]	0.52078164	
HBS1L	HBS1 like translational GTPase [Source:HGNC Symbol;Acc:HGNC:4834]	0.5206722	
YPEL3	yippee like 3 [Source:HGNC Symbol;Acc:HGNC:18327]	0.5203014	
EIF3H	eukaryotic translation initiation factor 3 subunit H [Source:HGNC Symbol;Acc:HGNC:3273]	0.51999635	
TPM3	tropomyosin 3 [Source:HGNC Symbol;Acc:HGNC:12012]	0.5192006	
CLTA	clathrin light chain A [Source:HGNC Symbol;Acc:HGNC:2090]	0.5188385	
RTRAF	RNA transcription, translation and transport factor [Source:HGNC Symbol;Acc:HGNC:23169]	0.51864725	
MMP9	matrix metallopeptidase 9 [Source:HGNC Symbol;Acc:HGNC:7176]	0.5183823	
HMCES	5-hydroxymethylcytosine binding, ES cell specific [Source:HGNC Symbol;Acc:HGNC:24446]	0.51818264	
EVI2A	ecotropic viral integration site 2A [Source:HGNC Symbol;Acc:HGNC:3499]	0.5172812	
SLC15A3	solute carrier family 15 member 3 [Source:HGNC Symbol;Acc:HGNC:18068]	0.51674443	
SAT1	spermidine/spermine N1-acetyltransferase 1 [Source:HGNC Symbol;Acc:HGNC:10540]	0.5163263	
SQSTM1	sequestosome 1 [Source:HGNC Symbol;Acc:HGNC:11280]	0.5159213	
CARD19	caspase recruitment domain family member 19 [Source:HGNC Symbol;Acc:HGNC:28148]	0.5154384	
GATAD2A	GATA zinc finger domain containing 2A [Source:HGNC Symbol;Acc:HGNC:29989]	0.5148376	
BSG	basigin (Ok blood group) [Source:HGNC Symbol;Acc:HGNC:1116]	0.5122853	
RAB27A	RAB27A, member RAS oncogene family [Source:HGNC Symbol;Acc:HGNC:9766]	0.5105021	
PDE4D	phosphodiesterase 4D [Source:HGNC Symbol;Acc:HGNC:8783]	0.5097721	
SGMS1	sphingomyelin synthase 1 [Source:HGNC Symbol;Acc:HGNC:29799]	0.50968975	
DNAJC8	DnaJ heat shock protein family (Hsp40) member C8 [Source:HGNC Symbol;Acc:HGNC:15470]	0.509556	
TNFRSF8	TNF receptor superfamily member 8 [Source:HGNC Symbol;Acc:HGNC:11923]	0.5088298	
LINC-PINT	long intergenic non-protein coding RNA, p53 induced transcript [Source:HGNC Symbol;Acc:HGNC:26885]	0.5082213	
CDK17	cyclin dependent kinase 17 [Source:HGNC Symbol;Acc:HGNC:8750]	0.50804085	
SHISA5	shisa family member 5 [Source:HGNC Symbol;Acc:HGNC:30376]	0.50756097	
UFC1	ubiquitin-fold modifier conjugating enzyme 1 [Source:HGNC Symbol;Acc:HGNC:26941]	0.5068667	
HSPA5	heat shock protein family A (Hsp70) member 5 [Source:HGNC Symbol;Acc:HGNC:5238]	0.5067854	
PFDN1	prefoldin subunit 1 [Source:HGNC Symbol;Acc:HGNC:8866]	0.5061283	
ATP6V0C	ATPase H+ transporting V0 subunit c [Source:HGNC Symbol;Acc:HGNC:855]	0.5055305	
SNAPC5	small nuclear RNA activating complex polypeptide 5 [Source:HGNC Symbol;Acc:HGNC:15484]	0.5054904	
ARL6IP5	ADP ribosylation factor like GTPase 6 interacting protein 5 [Source:HGNC Symbol;Acc:HGNC:16937]	0.5041655	
IRF8	interferon regulatory factor 8 [Source:HGNC Symbol;Acc:HGNC:5358]	0.50405604	
RAP1GAP2	RAP1 GTPase activating protein 2 [Source:HGNC Symbol;Acc:HGNC:29176]	0.50385445	
GPR160	G protein-coupled receptor 160 [Source:HGNC Symbol;Acc:HGNC:23693]	0.503367	
NABP1	nucleic acid binding protein 1 [Source:HGNC Symbol;Acc:HGNC:26232]	0.50215757	
COX4I1	cytochrome c oxidase subunit 4I1 [Source:HGNC Symbol;Acc:HGNC:2265]	0.5018987	
COMT	catechol-O-methyltransferase [Source:HGNC Symbol;Acc:HGNC:2228]	0.50147533	
APAF1	apoptotic peptidase activating factor 1 [Source:HGNC Symbol;Acc:HGNC:576]	0.49997908	
SLC25A24	solute carrier family 25 member 24 [Source:HGNC Symbol;Acc:HGNC:20662]	0.49873212	
POLR1D	RNA polymerase I and III subunit D [Source:HGNC Symbol;Acc:HGNC:20422]	0.49815705	
TMEM64	transmembrane protein 64 [Source:HGNC Symbol;Acc:HGNC:25441]	0.49787948	
HMGB2	high mobility group box 2 [Source:HGNC Symbol;Acc:HGNC:5000]	0.49699497	
PRDX1	peroxiredoxin 1 [Source:HGNC Symbol;Acc:HGNC:9352]	0.49678287	
COPS9	COP9 signalosome subunit 9 [Source:HGNC Symbol;Acc:HGNC:21314]	0.4966632	
DHRS1	dehydrogenase/reductase 1 [Source:HGNC Symbol;Acc:HGNC:16445]	0.49659124	
EIF5A	eukaryotic translation initiation factor 5A [Source:HGNC Symbol;Acc:HGNC:3300]	0.49541947	
ARL4C	ADP ribosylation factor like GTPase 4C [Source:HGNC Symbol;Acc:HGNC:698]	0.4949053	
SIK1	salt inducible kinase 1 [Source:HGNC Symbol;Acc:HGNC:11142]	0.4939081	
GLMP	glycosylated lysosomal membrane protein [Source:HGNC Symbol;Acc:HGNC:29436]	0.49373192	
IPMK	inositol polyphosphate multikinase [Source:HGNC Symbol;Acc:HGNC:20739]	0.49328515	
TMBIM4	transmembrane BAX inhibitor motif containing 4 [Source:HGNC Symbol;Acc:HGNC:24257]	0.49311054	
CAMK2N1	calcium/calmodulin dependent protein kinase II inhibitor 1 [Source:HGNC Symbol;Acc:HGNC:24190]	0.49281764	
NFKBIE	NFKB inhibitor epsilon [Source:HGNC Symbol;Acc:HGNC:7799]	0.4921808	
TMA7	translation machinery associated 7 homolog [Source:HGNC Symbol;Acc:HGNC:26932]	0.4920741	
SYTL1	synaptotagmin like 1 [Source:HGNC Symbol;Acc:HGNC:15584]	0.4918878	
PBXIP1	PBX homeobox interacting protein 1 [Source:HGNC Symbol;Acc:HGNC:21199]	0.49138707	
CCDC12	coiled-coil domain containing 12 [Source:HGNC Symbol;Acc:HGNC:28332]	0.49137267	
ZEB2	zinc finger E-box binding homeobox 2 [Source:HGNC Symbol;Acc:HGNC:14881]	0.49122813	
WSB1	WD repeat and SOCS box containing 1 [Source:HGNC Symbol;Acc:HGNC:19221]	0.49069786	
SYS1	SYS1 golgi trafficking protein [Source:HGNC Symbol;Acc:HGNC:16162]	0.49026692	
CAPZA2	capping actin protein of muscle Z-line subunit alpha 2 [Source:HGNC Symbol;Acc:HGNC:1490]	0.48874456	
FTL	ferritin light chain [Source:HGNC Symbol;Acc:HGNC:3999]	0.4875998	
IGF2R	insulin like growth factor 2 receptor [Source:HGNC Symbol;Acc:HGNC:5467]	0.48616487	
COX20	cytochrome c oxidase assembly factor COX20 [Source:HGNC Symbol;Acc:HGNC:26970]	0.48537678	
VAMP5	vesicle associated membrane protein 5 [Source:HGNC Symbol;Acc:HGNC:12646]	0.4852454	
LY6E	lymphocyte antigen 6 family member E [Source:HGNC Symbol;Acc:HGNC:6727]	0.48523873	
DAP	death associated protein [Source:HGNC Symbol;Acc:HGNC:2672]	0.48414782	
KIAA1671	KIAA1671 [Source:HGNC Symbol;Acc:HGNC:29345]	0.48411214	
NDUFA11	NADH:ubiquinone oxidoreductase subunit A11 [Source:HGNC Symbol;Acc:HGNC:20371]	0.48368979	
LRRC8C	leucine rich repeat containing 8 VRAC subunit C [Source:HGNC Symbol;Acc:HGNC:25075]	0.48051858	
PSMB3	proteasome 20S subunit beta 3 [Source:HGNC Symbol;Acc:HGNC:9540]	0.48048446	
VPS29	VPS29 retromer complex component [Source:HGNC Symbol;Acc:HGNC:14340]	0.4804338	
DAD1	defender against cell death 1 [Source:HGNC Symbol;Acc:HGNC:2664]	0.47996193	
RPSA	ribosomal protein SA [Source:HGNC Symbol;Acc:HGNC:6502]	0.47933754	
CALM1	calmodulin 1 [Source:HGNC Symbol;Acc:HGNC:1442]	0.47898173	
SNX20	sorting nexin 20 [Source:HGNC Symbol;Acc:HGNC:30390]	0.4789579	
KLHDC2	kelch domain containing 2 [Source:HGNC Symbol;Acc:HGNC:20231]	0.47839978	
GGTA1	glycoprotein alpha-galactosyltransferase 1 (inactive) [Source:HGNC Symbol;Acc:HGNC:4253]	0.4762603	
H2AJ	H2A.J histone [Source:HGNC Symbol;Acc:HGNC:14456]	0.4760023	
AGPAT4	1-acylglycerol-3-phosphate O-acyltransferase 4 [Source:HGNC Symbol;Acc:HGNC:20885]	0.47497198	
TP53INP1	tumor protein p53 inducible nuclear protein 1 [Source:HGNC Symbol;Acc:HGNC:18022]	0.47433656	
HSPA4L	heat shock protein family A (Hsp70) member 4 like [Source:HGNC Symbol;Acc:HGNC:17041]	0.47401223	
TMEM126A	transmembrane protein 126A [Source:HGNC Symbol;Acc:HGNC:25382]	0.47375816	
TMEM154	transmembrane protein 154 [Source:HGNC Symbol;Acc:HGNC:26489]	0.47310755	
ZFAND5	zinc finger AN1-type containing 5 [Source:HGNC Symbol;Acc:HGNC:13008]	0.47309083	
OGT	O-linked N-acetylglucosamine (GlcNAc) transferase [Source:HGNC Symbol;Acc:HGNC:8127]	0.47197247	
ACOT7	acyl-CoA thioesterase 7 [Source:HGNC Symbol;Acc:HGNC:24157]	0.47184065	
SLC37A2	solute carrier family 37 member 2 [Source:HGNC Symbol;Acc:HGNC:20644]	0.47155303	
DHRS7	dehydrogenase/reductase 7 [Source:HGNC Symbol;Acc:HGNC:21524]	0.47107422	
YWHAE	tyrosine 3-monooxygenase/tryptophan 5-monooxygenase activation protein epsilon [Source:HGNC Symbol;Acc:HGNC:12851]	0.46990806	
NFAT5	nuclear factor of activated T cells 5 [Source:HGNC Symbol;Acc:HGNC:7774]	0.4690628	
RIC1	RIC1 homolog, RAB6A GEF complex partner 1 [Source:HGNC Symbol;Acc:HGNC:17686]	0.46839103	
TNFAIP8	TNF alpha induced protein 8 [Source:HGNC Symbol;Acc:HGNC:17260]	0.46632898	
FAM89B	family with sequence similarity 89 member B [Source:HGNC Symbol;Acc:HGNC:16708]	0.46454373	
TMEM134	transmembrane protein 134 [Source:HGNC Symbol;Acc:HGNC:26142]	0.46444368	
RTN3	reticulon 3 [Source:HGNC Symbol;Acc:HGNC:10469]	0.46437606	
ADORA2A	adenosine A2a receptor [Source:HGNC Symbol;Acc:HGNC:263]	0.46389517	
CD5	CD5 molecule [Source:HGNC Symbol;Acc:HGNC:1685]	0.46382853	
XBP1	X-box binding protein 1 [Source:HGNC Symbol;Acc:HGNC:12801]	0.46363735	
C15orf39	chromosome 15 open reading frame 39 [Source:HGNC Symbol;Acc:HGNC:24497]	0.46308163	
SLC43A2	solute carrier family 43 member 2 [Source:HGNC Symbol;Acc:HGNC:23087]	0.46300116	
CCDC28B	coiled-coil domain containing 28B [Source:HGNC Symbol;Acc:HGNC:28163]	0.46286178	
LAMTOR5	late endosomal/lysosomal adaptor, MAPK and MTOR activator 5 [Source:HGNC Symbol;Acc:HGNC:17955]	0.46285108	
ACOT11	acyl-CoA thioesterase 11 [Source:HGNC Symbol;Acc:HGNC:18156]	0.46281993	
IL17A	interleukin 17A [Source:HGNC Symbol;Acc:HGNC:5981]	0.46150187	
RPS27L	ribosomal protein S27 like [Source:HGNC Symbol;Acc:HGNC:18476]	0.46143782	
CETN2	centrin 2 [Source:HGNC Symbol;Acc:HGNC:1867]	0.46117523	
BCR	BCR activator of RhoGEF and GTPase [Source:HGNC Symbol;Acc:HGNC:1014]	0.4609687	
PLEKHA2	pleckstrin homology domain containing A2 [Source:HGNC Symbol;Acc:HGNC:14336]	0.46090484	
TRIB1	tribbles pseudokinase 1 [Source:HGNC Symbol;Acc:HGNC:16891]	0.46069166	
PPP1R18	protein phosphatase 1 regulatory subunit 18 [Source:HGNC Symbol;Acc:HGNC:29413]	0.46024758	
EIF1	eukaryotic translation initiation factor 1 [Source:HGNC Symbol;Acc:HGNC:3249]	0.4598684	
NR3C1	nuclear receptor subfamily 3 group C member 1 [Source:HGNC Symbol;Acc:HGNC:7978]	0.45921725	
WWP2	WW domain containing E3 ubiquitin protein ligase 2 [Source:HGNC Symbol;Acc:HGNC:16804]	0.45917475	
CYTIP	cytohesin 1 interacting protein [Source:HGNC Symbol;Acc:HGNC:9506]	0.45896396	
PGAM1	phosphoglycerate mutase 1 [Source:HGNC Symbol;Acc:HGNC:8888]	0.45782956	
SIN3B	SIN3 transcription regulator family member B [Source:HGNC Symbol;Acc:HGNC:19354]	0.45767942	
PSMC3	proteasome 26S subunit, ATPase 3 [Source:HGNC Symbol;Acc:HGNC:9549]	0.45725852	
LAMP2	lysosomal associated membrane protein 2 [Source:HGNC Symbol;Acc:HGNC:6501]	0.45711818	
ATP6V0E1	ATPase H+ transporting V0 subunit e1 [Source:HGNC Symbol;Acc:HGNC:863]	0.45710167	
BIRC2	baculoviral IAP repeat containing 2 [Source:HGNC Symbol;Acc:HGNC:590]	0.45649412	
VCP	valosin containing protein [Source:HGNC Symbol;Acc:HGNC:12666]	0.45620552	
MRPS21	mitochondrial ribosomal protein S21 [Source:HGNC Symbol;Acc:HGNC:14046]	0.4546762	
PLIN2	perilipin 2 [Source:HGNC Symbol;Acc:HGNC:248]	0.45450664	
UBE2F	ubiquitin conjugating enzyme E2 F (putative) [Source:HGNC Symbol;Acc:HGNC:12480]	0.45407102	
PDCD1LG2	programmed cell death 1 ligand 2 [Source:HGNC Symbol;Acc:HGNC:18731]	0.454039	
HAVCR2	hepatitis A virus cellular receptor 2 [Source:HGNC Symbol;Acc:HGNC:18437]	0.45366246	
TLE5	TLE family member 5, transcriptional modulator [Source:HGNC Symbol;Acc:HGNC:307]	0.4526093	
PSMD13	proteasome 26S subunit, non-ATPase 13 [Source:HGNC Symbol;Acc:HGNC:9558]	0.4518614	
BSPRY	B-box and SPRY domain containing [Source:HGNC Symbol;Acc:HGNC:18232]	0.45153913	
RAB8A	RAB8A, member RAS oncogene family [Source:HGNC Symbol;Acc:HGNC:7007]	0.45084807	
BTBD9	BTB domain containing 9 [Source:HGNC Symbol;Acc:HGNC:21228]	0.44961855	
UBE2J2	ubiquitin conjugating enzyme E2 J2 [Source:HGNC Symbol;Acc:HGNC:19268]	0.44925404	
VPS28	VPS28 subunit of ESCRT-I [Source:HGNC Symbol;Acc:HGNC:18178]	0.4486948	
EIF4EBP1	eukaryotic translation initiation factor 4E binding protein 1 [Source:HGNC Symbol;Acc:HGNC:3288]	0.4486812	
ELOVL5	ELOVL fatty acid elongase 5 [Source:HGNC Symbol;Acc:HGNC:21308]	0.44838876	
RNF10	ring finger protein 10 [Source:HGNC Symbol;Acc:HGNC:10055]	0.44820794	
MICAL1	microtubule associated monooxygenase, calponin and LIM domain containing 1 [Source:HGNC Symbol;Acc:HGNC:20619]	0.4481148	
LATS2	large tumor suppressor kinase 2 [Source:HGNC Symbol;Acc:HGNC:6515]	0.4467239	
LDLRAD4	low density lipoprotein receptor class A domain containing 4 [Source:HGNC Symbol;Acc:HGNC:1224]	0.44667867	
CENPB	centromere protein B [Source:HGNC Symbol;Acc:HGNC:1852]	0.44658497	
SNF8	SNF8 subunit of ESCRT-II [Source:HGNC Symbol;Acc:HGNC:17028]	0.44637212	
SCCPDH	saccharopine dehydrogenase (putative) [Source:HGNC Symbol;Acc:HGNC:24275]	0.44620544	
RALBP1	ralA binding protein 1 [Source:HGNC Symbol;Acc:HGNC:9841]	0.44534558	
SNTB1	syntrophin beta 1 [Source:HGNC Symbol;Acc:HGNC:11168]	0.4448895	
EHBP1L1	EH domain binding protein 1 like 1 [Source:HGNC Symbol;Acc:HGNC:30682]	0.44463953	
SELENOK	selenoprotein K [Source:HGNC Symbol;Acc:HGNC:30394]	0.44366795	
GRB2	growth factor receptor bound protein 2 [Source:HGNC Symbol;Acc:HGNC:4566]	0.44327626	
ACADS	acyl-CoA dehydrogenase short chain [Source:HGNC Symbol;Acc:HGNC:90]	0.44287205	
CASS4	Cas scaffold protein family member 4 [Source:HGNC Symbol;Acc:HGNC:15878]	0.44272563	
TNFSF11	TNF superfamily member 11 [Source:HGNC Symbol;Acc:HGNC:11926]	0.4423971	
EDF1	endothelial differentiation related factor 1 [Source:HGNC Symbol;Acc:HGNC:3164]	0.44233274	
GPSM3	G protein signaling modulator 3 [Source:HGNC Symbol;Acc:HGNC:13945]	0.4416941	
PGLS	6-phosphogluconolactonase [Source:HGNC Symbol;Acc:HGNC:8903]	0.4412848	
CEP250	centrosomal protein 250 [Source:HGNC Symbol;Acc:HGNC:1859]	0.44127813	
SLBP	stem-loop binding protein [Source:HGNC Symbol;Acc:HGNC:10904]	0.44044727	
STON2	stonin 2 [Source:HGNC Symbol;Acc:HGNC:30652]	0.43994275	
PBX3	PBX homeobox 3 [Source:HGNC Symbol;Acc:HGNC:8634]	0.4398905	
FGFR1OP2	FGFR1 oncogene partner 2 [Source:HGNC Symbol;Acc:HGNC:23098]	0.439616	
TSC22D4	TSC22 domain family member 4 [Source:HGNC Symbol;Acc:HGNC:21696]	0.43955392	
CD4	CD4 molecule [Source:HGNC Symbol;Acc:HGNC:1678]	0.43896946	
EIF3C	eukaryotic translation initiation factor 3 subunit C [Source:HGNC Symbol;Acc:HGNC:3279]	0.43804914	
HCCS	holocytochrome c synthase [Source:HGNC Symbol;Acc:HGNC:4837]	0.4378457	
P2RY10	P2Y receptor family member 10 [Source:HGNC Symbol;Acc:HGNC:19906]	0.43772447	
UNC119B	unc-119 lipid binding chaperone B [Source:HGNC Symbol;Acc:HGNC:16488]	0.43766123	
DCTN2	dynactin subunit 2 [Source:HGNC Symbol;Acc:HGNC:2712]	0.43726414	
PSENEN	presenilin enhancer, gamma-secretase subunit [Source:HGNC Symbol;Acc:HGNC:30100]	0.43679953	
BTF3	basic transcription factor 3 [Source:HGNC Symbol;Acc:HGNC:1125]	0.43677783	
HCFC1R1	host cell factor C1 regulator 1 [Source:HGNC Symbol;Acc:HGNC:21198]	0.4359854	
NDUFA1	NADH:ubiquinone oxidoreductase subunit A1 [Source:HGNC Symbol;Acc:HGNC:7683]	0.43454543	
LRRFIP1	LRR binding FLII interacting protein 1 [Source:HGNC Symbol;Acc:HGNC:6702]	0.43435907	
TANK	TRAF family member associated NFKB activator [Source:HGNC Symbol;Acc:HGNC:11562]	0.43416977	
NRGN	neurogranin [Source:HGNC Symbol;Acc:HGNC:8000]	0.43416765	
PSMA3	proteasome 20S subunit alpha 3 [Source:HGNC Symbol;Acc:HGNC:9532]	0.4331347	
RNF157	ring finger protein 157 [Source:HGNC Symbol;Acc:HGNC:29402]	0.4331057	
TJP2	tight junction protein 2 [Source:HGNC Symbol;Acc:HGNC:11828]	0.43262714	
INF2	inverted formin 2 [Source:HGNC Symbol;Acc:HGNC:23791]	0.4318956	
PSMA1	proteasome 20S subunit alpha 1 [Source:HGNC Symbol;Acc:HGNC:9530]	0.43169266	
ZSWIM4	zinc finger SWIM-type containing 4 [Source:HGNC Symbol;Acc:HGNC:25704]	0.43160263	
ETFB	electron transfer flavoprotein subunit beta [Source:HGNC Symbol;Acc:HGNC:3482]	0.4315047	
SPCS2	signal peptidase complex subunit 2 [Source:HGNC Symbol;Acc:HGNC:28962]	0.43145627	
HMGB1	high mobility group box 1 [Source:HGNC Symbol;Acc:HGNC:4983]	0.43052644	
HTATIP2	HIV-1 Tat interactive protein 2 [Source:HGNC Symbol;Acc:HGNC:16637]	0.4295338	
LST1	leukocyte specific transcript 1 [Source:HGNC Symbol;Acc:HGNC:14189]	0.42949188	
SEC24D	SEC24 homolog D, COPII coat complex component [Source:HGNC Symbol;Acc:HGNC:10706]	0.42940634	
ANXA5	annexin A5 [Source:HGNC Symbol;Acc:HGNC:543]	0.42911425	
BSCL2	BSCL2 lipid droplet biogenesis associated, seipin [Source:HGNC Symbol;Acc:HGNC:15832]	0.42899942	
TMEM14C	transmembrane protein 14C [Source:HGNC Symbol;Acc:HGNC:20952]	0.42887545	
PRDX5	peroxiredoxin 5 [Source:HGNC Symbol;Acc:HGNC:9355]	0.42884108	
EGLN3	egl-9 family hypoxia inducible factor 3 [Source:HGNC Symbol;Acc:HGNC:14661]	0.4286344	
NFKB2	nuclear factor kappa B subunit 2 [Source:HGNC Symbol;Acc:HGNC:7795]	0.42847797	
GNG10	G protein subunit gamma 10 [Source:HGNC Symbol;Acc:HGNC:4402]	0.42843524	
UBE2I	ubiquitin conjugating enzyme E2 I [Source:HGNC Symbol;Acc:HGNC:12485]	0.42730713	
AP2M1	adaptor related protein complex 2 subunit mu 1 [Source:HGNC Symbol;Acc:HGNC:564]	0.4270014	
RHOG	ras homolog family member G [Source:HGNC Symbol;Acc:HGNC:672]	0.42685163	
PSMB1	proteasome 20S subunit beta 1 [Source:HGNC Symbol;Acc:HGNC:9537]	0.42675325	
PGK1	phosphoglycerate kinase 1 [Source:HGNC Symbol;Acc:HGNC:8896]	0.4267005	
ITM2C	integral membrane protein 2C [Source:HGNC Symbol;Acc:HGNC:6175]	0.42658505	
GPI	glucose-6-phosphate isomerase [Source:HGNC Symbol;Acc:HGNC:4458]	0.42646405	
JAZF1	JAZF zinc finger 1 [Source:HGNC Symbol;Acc:HGNC:28917]	0.42639506	
DNAJC15	DnaJ heat shock protein family (Hsp40) member C15 [Source:HGNC Symbol;Acc:HGNC:20325]	0.42619726	
TRABD	TraB domain containing [Source:HGNC Symbol;Acc:HGNC:28805]	0.4261836	
TBC1D10C	TBC1 domain family member 10C [Source:HGNC Symbol;Acc:HGNC:24702]	0.4261555	
LTB	lymphotoxin beta [Source:HGNC Symbol;Acc:HGNC:6711]	0.42594495	
ARHGEF12	Rho guanine nucleotide exchange factor 12 [Source:HGNC Symbol;Acc:HGNC:14193]	0.42590615	
PET100	PET100 cytochrome c oxidase chaperone [Source:HGNC Symbol;Acc:HGNC:40038]	0.42559364	
RHEB	Ras homolog, mTORC1 binding [Source:HGNC Symbol;Acc:HGNC:10011]	0.42509326	
RUNX1	RUNX family transcription factor 1 [Source:HGNC Symbol;Acc:HGNC:10471]	0.42499533	
HMG20B	high mobility group 20B [Source:HGNC Symbol;Acc:HGNC:5002]	0.42498875	
GPR107	G protein-coupled receptor 107 [Source:HGNC Symbol;Acc:HGNC:17830]	0.42472252	
SH2B1	SH2B adaptor protein 1 [Source:HGNC Symbol;Acc:HGNC:30417]	0.42408264	
PPME1	protein phosphatase methylesterase 1 [Source:HGNC Symbol;Acc:HGNC:30178]	0.42401522	
VDAC2	voltage dependent anion channel 2 [Source:HGNC Symbol;Acc:HGNC:12672]	0.42387065	
MFSD10	major facilitator superfamily domain containing 10 [Source:HGNC Symbol;Acc:HGNC:16894]	0.42381474	
AURKAIP1	aurora kinase A interacting protein 1 [Source:HGNC Symbol;Acc:HGNC:24114]	0.42355022	
SLC5A3	solute carrier family 5 member 3 [Source:HGNC Symbol;Acc:HGNC:11038]	0.42312866	
SLAMF1	signaling lymphocytic activation molecule family member 1 [Source:HGNC Symbol;Acc:HGNC:10903]	0.4227918	
MYB	MYB proto-oncogene, transcription factor [Source:HGNC Symbol;Acc:HGNC:7545]	0.4226835	
CRYBG3	crystallin beta-gamma domain containing 3 [Source:HGNC Symbol;Acc:HGNC:34427]	0.42259994	
POU2F2	POU class 2 homeobox 2 [Source:HGNC Symbol;Acc:HGNC:9213]	0.42208344	
OST4	oligosaccharyltransferase complex subunit 4, non-catalytic [Source:HGNC Symbol;Acc:HGNC:32483]	0.42208064	
TOMM7	translocase of outer mitochondrial membrane 7 [Source:HGNC Symbol;Acc:HGNC:21648]	0.4215549	
YIPF3	Yip1 domain family member 3 [Source:HGNC Symbol;Acc:HGNC:21023]	0.42099327	
AKR1A1	aldo-keto reductase family 1 member A1 [Source:HGNC Symbol;Acc:HGNC:380]	0.41989058	
RAB5IF	RAB5 interacting factor [Source:HGNC Symbol;Acc:HGNC:15870]	0.4197491	
P2RX4	purinergic receptor P2X 4 [Source:HGNC Symbol;Acc:HGNC:8535]	0.41942257	
DOK1	docking protein 1 [Source:HGNC Symbol;Acc:HGNC:2990]	0.41938096	
ARHGAP18	Rho GTPase activating protein 18 [Source:HGNC Symbol;Acc:HGNC:21035]	0.41876876	
AIRN	antisense of IGF2R non-protein coding RNA [Source:HGNC Symbol;Acc:HGNC:34515]	0.41863433	
PPDPF	pancreatic progenitor cell differentiation and proliferation factor [Source:HGNC Symbol;Acc:HGNC:16142]	0.4185711	
PLEKHB2	pleckstrin homology domain containing B2 [Source:HGNC Symbol;Acc:HGNC:19236]	0.4177347	
GPR155	G protein-coupled receptor 155 [Source:HGNC Symbol;Acc:HGNC:22951]	0.4174668	
AKT3	AKT serine/threonine kinase 3 [Source:HGNC Symbol;Acc:HGNC:393]	0.4162453	
LYPLA2	lysophospholipase 2 [Source:HGNC Symbol;Acc:HGNC:6738]	0.41614106	
BRK1	BRICK1 subunit of SCAR/WAVE actin nucleating complex [Source:HGNC Symbol;Acc:HGNC:23057]	0.41596183	
XYLT1	xylosyltransferase 1 [Source:HGNC Symbol;Acc:HGNC:15516]	0.41578773	
UQCRB	ubiquinol-cytochrome c reductase binding protein [Source:HGNC Symbol;Acc:HGNC:12582]	0.41426256	
TMED9	transmembrane p24 trafficking protein 9 [Source:HGNC Symbol;Acc:HGNC:24878]	0.4133197	
ARHGEF10	Rho guanine nucleotide exchange factor 10 [Source:HGNC Symbol;Acc:HGNC:14103]	0.41231474	
IER5L	immediate early response 5 like [Source:HGNC Symbol;Acc:HGNC:23679]	0.41221324	
TRIM8	tripartite motif containing 8 [Source:HGNC Symbol;Acc:HGNC:15579]	0.4121949	
JARID2	jumonji and AT-rich interaction domain containing 2 [Source:HGNC Symbol;Acc:HGNC:6196]	0.41092828	
CD28	CD28 molecule [Source:HGNC Symbol;Acc:HGNC:1653]	0.41069052	
PLEKHO2	pleckstrin homology domain containing O2 [Source:HGNC Symbol;Acc:HGNC:30026]	0.40892023	
UBE2V1	ubiquitin conjugating enzyme E2 V1 [Source:HGNC Symbol;Acc:HGNC:12494]	0.40831232	
IL12RB2	interleukin 12 receptor subunit beta 2 [Source:HGNC Symbol;Acc:HGNC:5972]	0.40830424	
PIK3CA	phosphatidylinositol-4,5-bisphosphate 3-kinase catalytic subunit alpha [Source:HGNC Symbol;Acc:HGNC:8975]	0.40816197	
SARAF	store-operated calcium entry associated regulatory factor [Source:HGNC Symbol;Acc:HGNC:28789]	0.40783727	
ESD	esterase D [Source:HGNC Symbol;Acc:HGNC:3465]	0.4075461	
C16orf87	chromosome 16 open reading frame 87 [Source:HGNC Symbol;Acc:HGNC:33754]	0.40579933	
WDR1	WD repeat domain 1 [Source:HGNC Symbol;Acc:HGNC:12754]	0.4053146	
DKKL1	dickkopf like acrosomal protein 1 [Source:HGNC Symbol;Acc:HGNC:16528]	0.4049797	
MPC1	mitochondrial pyruvate carrier 1 [Source:HGNC Symbol;Acc:HGNC:21606]	0.404505	
IRAG2	inositol 1,4,5-triphosphate receptor associated 2 [Source:HGNC Symbol;Acc:HGNC:6690]	0.40433538	
CAPN2	calpain 2 [Source:HGNC Symbol;Acc:HGNC:1479]	0.40425274	
ZC3H7A	zinc finger CCCH-type containing 7A [Source:HGNC Symbol;Acc:HGNC:30959]	0.40386233	
CCDC124	coiled-coil domain containing 124 [Source:HGNC Symbol;Acc:HGNC:25171]	0.4037619	
NDUFA7	NADH:ubiquinone oxidoreductase subunit A7 [Source:HGNC Symbol;Acc:HGNC:7691]	0.40350887	
NDUFB9	NADH:ubiquinone oxidoreductase subunit B9 [Source:HGNC Symbol;Acc:HGNC:7704]	0.40305677	
STK38L	serine/threonine kinase 38 like [Source:HGNC Symbol;Acc:HGNC:17848]	0.40280384	
DCTPP1	dCTP pyrophosphatase 1 [Source:HGNC Symbol;Acc:HGNC:28777]	0.40264636	
SUPT4H1	SPT4 homolog, DSIF elongation factor subunit [Source:HGNC Symbol;Acc:HGNC:11467]	0.4025719	
AXL	AXL receptor tyrosine kinase [Source:HGNC Symbol;Acc:HGNC:905]	0.40252975	
RAMAC	RNA guanine-7 methyltransferase activating subunit [Source:HGNC Symbol;Acc:HGNC:31022]	0.40239877	
MISP3	MISP family member 3 [Source:HGNC Symbol;Acc:HGNC:26963]	0.40163854	
MED14	mediator complex subunit 14 [Source:HGNC Symbol;Acc:HGNC:2370]	0.40116343	
HRAS	HRas proto-oncogene, GTPase [Source:HGNC Symbol;Acc:HGNC:5173]	0.40100273	
UBE2B	ubiquitin conjugating enzyme E2 B [Source:HGNC Symbol;Acc:HGNC:12473]	0.40046498	
SNX25	sorting nexin 25 [Source:HGNC Symbol;Acc:HGNC:21883]	0.4000624	
IFT20	intraflagellar transport 20 [Source:HGNC Symbol;Acc:HGNC:30989]	0.40000236	
UBXN1	UBX domain protein 1 [Source:HGNC Symbol;Acc:HGNC:18402]	0.3990201	
IL12RB1	interleukin 12 receptor subunit beta 1 [Source:HGNC Symbol;Acc:HGNC:5971]	0.39871654	
FABP5	fatty acid binding protein 5 [Source:HGNC Symbol;Acc:HGNC:3560]	0.39860773	
GALC	galactosylceramidase [Source:HGNC Symbol;Acc:HGNC:4115]	0.39826247	
CISD1	CDGSH iron sulfur domain 1 [Source:HGNC Symbol;Acc:HGNC:30880]	0.39722162	
GABARAPL1	GABA type A receptor associated protein like 1 [Source:HGNC Symbol;Acc:HGNC:4068]	0.3967372	
TXNRD1	thioredoxin reductase 1 [Source:HGNC Symbol;Acc:HGNC:12437]	0.39586818	
KLF6	KLF transcription factor 6 [Source:HGNC Symbol;Acc:HGNC:2235]	0.39510438	
FEM1C	fem-1 homolog C [Source:HGNC Symbol;Acc:HGNC:16933]	0.39448357	
TPST2	tyrosylprotein sulfotransferase 2 [Source:HGNC Symbol;Acc:HGNC:12021]	0.39400506	
RAET1L	retinoic acid early transcript 1L [Source:HGNC Symbol;Acc:HGNC:16798]	0.39347768	
EMB	embigin [Source:HGNC Symbol;Acc:HGNC:30465]	0.39231095	
UAP1	UDP-N-acetylglucosamine pyrophosphorylase 1 [Source:HGNC Symbol;Acc:HGNC:12457]	0.3916274	
SOAT1	sterol O-acyltransferase 1 [Source:HGNC Symbol;Acc:HGNC:11177]	0.3915625	
AZIN1	antizyme inhibitor 1 [Source:HGNC Symbol;Acc:HGNC:16432]	0.3915474	
ARPP19	cAMP regulated phosphoprotein 19 [Source:HGNC Symbol;Acc:HGNC:16967]	0.3912133	
SYF2	SYF2 pre-mRNA splicing factor [Source:HGNC Symbol;Acc:HGNC:19824]	0.39120206	
NSD2	nuclear receptor binding SET domain protein 2 [Source:HGNC Symbol;Acc:HGNC:12766]	0.39042294	
TNF	tumor necrosis factor [Source:HGNC Symbol;Acc:HGNC:11892]	0.3901915	
GRK2	G protein-coupled receptor kinase 2 [Source:HGNC Symbol;Acc:HGNC:289]	0.39009553	
CX3CR1	C-X3-C motif chemokine receptor 1 [Source:HGNC Symbol;Acc:HGNC:2558]	0.38997525	
ELOA	elongin A [Source:HGNC Symbol;Acc:HGNC:11620]	0.38949832	
C12orf75	chromosome 12 open reading frame 75 [Source:HGNC Symbol;Acc:HGNC:35164]	0.38852793	
MLF2	myeloid leukemia factor 2 [Source:HGNC Symbol;Acc:HGNC:7126]	0.38844553	
B4GALNT4	beta-1,4-N-acetyl-galactosaminyltransferase 4 [Source:HGNC Symbol;Acc:HGNC:26315]	0.38800505	
TMED2	transmembrane p24 trafficking protein 2 [Source:HGNC Symbol;Acc:HGNC:16996]	0.38790578	
NAA10	N-alpha-acetyltransferase 10, NatA catalytic subunit [Source:HGNC Symbol;Acc:HGNC:18704]	0.38785008	
AKT1	AKT serine/threonine kinase 1 [Source:HGNC Symbol;Acc:HGNC:391]	0.38688	
PMM1	phosphomannomutase 1 [Source:HGNC Symbol;Acc:HGNC:9114]	0.38684168	
MKRN1	makorin ring finger protein 1 [Source:HGNC Symbol;Acc:HGNC:7112]	0.38680306	
KIAA0232	KIAA0232 [Source:HGNC Symbol;Acc:HGNC:28992]	0.385963	
FUNDC2	FUN14 domain containing 2 [Source:HGNC Symbol;Acc:HGNC:24925]	0.38549408	
PPARG	peroxisome proliferator activated receptor gamma [Source:HGNC Symbol;Acc:HGNC:9236]	0.38405988	
CAMK2G	calcium/calmodulin dependent protein kinase II gamma [Source:HGNC Symbol;Acc:HGNC:1463]	0.38329476	
TRBC2	T cell receptor beta constant 2 [Source:HGNC Symbol;Acc:HGNC:12157]	0.383221	
TOX	thymocyte selection associated high mobility group box [Source:HGNC Symbol;Acc:HGNC:18988]	0.3815568	
TMEM128	transmembrane protein 128 [Source:HGNC Symbol;Acc:HGNC:28201]	0.38142848	
RPS6KA1	ribosomal protein S6 kinase A1 [Source:HGNC Symbol;Acc:HGNC:10430]	0.38135162	
KCTD12	potassium channel tetramerization domain containing 12 [Source:HGNC Symbol;Acc:HGNC:14678]	0.3812791	
PFDN5	prefoldin subunit 5 [Source:HGNC Symbol;Acc:HGNC:8869]	0.38077986	
GIMAP1	GTPase, IMAP family member 1 [Source:HGNC Symbol;Acc:HGNC:23237]	0.3804045	
ADAM9	ADAM metallopeptidase domain 9 [Source:HGNC Symbol;Acc:HGNC:216]	0.38004106	
ZMAT2	zinc finger matrin-type 2 [Source:HGNC Symbol;Acc:HGNC:26433]	0.37984955	
ANKRD13C	ankyrin repeat domain 13C [Source:HGNC Symbol;Acc:HGNC:25374]	0.37976307	
CHCHD2	coiled-coil-helix-coiled-coil-helix domain containing 2 [Source:HGNC Symbol;Acc:HGNC:21645]	0.37918872	
ATG2A	autophagy related 2A [Source:HGNC Symbol;Acc:HGNC:29028]	0.37860966	
POLR2E	RNA polymerase II, I and III subunit E [Source:HGNC Symbol;Acc:HGNC:9192]	0.3786084	
CD37	CD37 molecule [Source:HGNC Symbol;Acc:HGNC:1666]	0.3782364	
FKBP8	FKBP prolyl isomerase 8 [Source:HGNC Symbol;Acc:HGNC:3724]	0.3778198	
KLC3	kinesin light chain 3 [Source:HGNC Symbol;Acc:HGNC:20717]	0.37752864	
TALDO1	transaldolase 1 [Source:HGNC Symbol;Acc:HGNC:11559]	0.37752816	
GBP4	guanylate binding protein 4 [Source:HGNC Symbol;Acc:HGNC:20480]	0.37697944	
CPPED1	calcineurin like phosphoesterase domain containing 1 [Source:HGNC Symbol;Acc:HGNC:25632]	0.37662444	
GALM	galactose mutarotase [Source:HGNC Symbol;Acc:HGNC:24063]	0.37659836	
NDUFS5	NADH:ubiquinone oxidoreductase subunit S5 [Source:HGNC Symbol;Acc:HGNC:7712]	0.37643948	
IL3RA	interleukin 3 receptor subunit alpha [Source:HGNC Symbol;Acc:HGNC:6012]	0.37592322	
TECR	trans-2,3-enoyl-CoA reductase [Source:HGNC Symbol;Acc:HGNC:4551]	0.37526038	
PSEN2	presenilin 2 [Source:HGNC Symbol;Acc:HGNC:9509]	0.37506005	
PLEKHM3	pleckstrin homology domain containing M3 [Source:HGNC Symbol;Acc:HGNC:34006]	0.37441418	
ELOVL6	ELOVL fatty acid elongase 6 [Source:HGNC Symbol;Acc:HGNC:15829]	0.37440017	
TENT5C	terminal nucleotidyltransferase 5C [Source:HGNC Symbol;Acc:HGNC:24712]	0.37419504	
H3-3A	H3.3 histone A [Source:HGNC Symbol;Acc:HGNC:4764]	0.37384355	
RNASEK	ribonuclease K [Source:HGNC Symbol;Acc:HGNC:33911]	0.37326413	
TRAF3	TNF receptor associated factor 3 [Source:HGNC Symbol;Acc:HGNC:12033]	0.37300205	
EMD	emerin [Source:HGNC Symbol;Acc:HGNC:3331]	0.37283555	
STK24	serine/threonine kinase 24 [Source:HGNC Symbol;Acc:HGNC:11403]	0.37200043	
FBXW8	F-box and WD repeat domain containing 8 [Source:HGNC Symbol;Acc:HGNC:13597]	0.37171692	
SEC62	SEC62 homolog, preprotein translocation factor [Source:HGNC Symbol;Acc:HGNC:11846]	0.37078246	
ADIPOR2	adiponectin receptor 2 [Source:HGNC Symbol;Acc:HGNC:24041]	0.3699918	
DPM3	dolichyl-phosphate mannosyltransferase subunit 3, regulatory [Source:HGNC Symbol;Acc:HGNC:3007]	0.36994794	
EXOC2	exocyst complex component 2 [Source:HGNC Symbol;Acc:HGNC:24968]	0.36949226	
RUNX3	RUNX family transcription factor 3 [Source:HGNC Symbol;Acc:HGNC:10473]	0.36930954	
NDUFB6	NADH:ubiquinone oxidoreductase subunit B6 [Source:HGNC Symbol;Acc:HGNC:7701]	0.36928976	
SEMA4B	semaphorin 4B [Source:HGNC Symbol;Acc:HGNC:10730]	0.36901027	
TRERF1	transcriptional regulating factor 1 [Source:HGNC Symbol;Acc:HGNC:18273]	0.36879474	
CDKN1B	cyclin dependent kinase inhibitor 1B [Source:HGNC Symbol;Acc:HGNC:1785]	0.36872116	
MEA1	male-enhanced antigen 1 [Source:HGNC Symbol;Acc:HGNC:6986]	0.36868054	
RNF11	ring finger protein 11 [Source:HGNC Symbol;Acc:HGNC:10056]	0.36826423	
ADPRH	ADP-ribosylarginine hydrolase [Source:HGNC Symbol;Acc:HGNC:269]	0.36688003	
TMED10	transmembrane p24 trafficking protein 10 [Source:HGNC Symbol;Acc:HGNC:16998]	0.366794	
C21orf62	chromosome 21 open reading frame 62 [Source:HGNC Symbol;Acc:HGNC:1305]	0.36670014	
TMEM167A	transmembrane protein 167A [Source:HGNC Symbol;Acc:HGNC:28330]	0.36666918	
KLF10	KLF transcription factor 10 [Source:HGNC Symbol;Acc:HGNC:11810]	0.36646625	
MANF	mesencephalic astrocyte derived neurotrophic factor [Source:HGNC Symbol;Acc:HGNC:15461]	0.36576593	
ASXL1	ASXL transcriptional regulator 1 [Source:HGNC Symbol;Acc:HGNC:18318]	0.36505473	
POPDC2	popeye domain containing 2 [Source:HGNC Symbol;Acc:HGNC:17648]	0.36449912	
DCTN3	dynactin subunit 3 [Source:HGNC Symbol;Acc:HGNC:2713]	0.3643648	
NOP53	NOP53 ribosome biogenesis factor [Source:HGNC Symbol;Acc:HGNC:4333]	0.36353272	
MRPL9	mitochondrial ribosomal protein L9 [Source:HGNC Symbol;Acc:HGNC:14277]	0.36349583	
SERTAD1	SERTA domain containing 1 [Source:HGNC Symbol;Acc:HGNC:17932]	0.36347082	
GARIN3	golgi associated RAB2B interactor family member 3 [Source:HGNC Symbol;Acc:HGNC:28397]	0.36286685	
DEGS1	delta 4-desaturase, sphingolipid 1 [Source:HGNC Symbol;Acc:HGNC:13709]	0.36269996	
PLD3	phospholipase D family member 3 [Source:HGNC Symbol;Acc:HGNC:17158]	0.36262244	
ITPK1	inositol-tetrakisphosphate 1-kinase [Source:HGNC Symbol;Acc:HGNC:6177]	0.36246634	
THAP12	THAP domain containing 12 [Source:HGNC Symbol;Acc:HGNC:9440]	0.36166322	
RWDD1	RWD domain containing 1 [Source:HGNC Symbol;Acc:HGNC:20993]	0.361472	
DUSP14	dual specificity phosphatase 14 [Source:HGNC Symbol;Acc:HGNC:17007]	0.36036542	
SERINC1	serine incorporator 1 [Source:HGNC Symbol;Acc:HGNC:13464]	0.35945323	
MCUB	mitochondrial calcium uniporter dominant negative subunit beta [Source:HGNC Symbol;Acc:HGNC:26076]	0.35937706	
SURF4	surfeit 4 [Source:HGNC Symbol;Acc:HGNC:11476]	0.35907218	
FMNL1	formin like 1 [Source:HGNC Symbol;Acc:HGNC:1212]	0.35896933	
SRP9	signal recognition particle 9 [Source:HGNC Symbol;Acc:HGNC:11304]	0.35842267	
GTF2H5	general transcription factor IIH subunit 5 [Source:HGNC Symbol;Acc:HGNC:21157]	0.35834903	
ANTKMT	adenine nucleotide translocase lysine methyltransferase [Source:HGNC Symbol;Acc:HGNC:14152]	0.35824057	
SLC25A19	solute carrier family 25 member 19 [Source:HGNC Symbol;Acc:HGNC:14409]	0.3578076	
ADIPOR1	adiponectin receptor 1 [Source:HGNC Symbol;Acc:HGNC:24040]	0.35756668	
SDC4	syndecan 4 [Source:HGNC Symbol;Acc:HGNC:10661]	0.35729665	
NPC2	NPC intracellular cholesterol transporter 2 [Source:HGNC Symbol;Acc:HGNC:14537]	0.35718995	
BLMH	bleomycin hydrolase [Source:HGNC Symbol;Acc:HGNC:1059]	0.35717067	
SLC25A4	solute carrier family 25 member 4 [Source:HGNC Symbol;Acc:HGNC:10990]	0.35705024	
MVB12A	multivesicular body subunit 12A [Source:HGNC Symbol;Acc:HGNC:25153]	0.35697278	
MRPS16	mitochondrial ribosomal protein S16 [Source:HGNC Symbol;Acc:HGNC:14048]	0.35692242	
ANAPC13	anaphase promoting complex subunit 13 [Source:HGNC Symbol;Acc:HGNC:24540]	0.35670656	
PABPN1	poly(A) binding protein nuclear 1 [Source:HGNC Symbol;Acc:HGNC:8565]	0.35611293	
OTULIN	OTU deubiquitinase with linear linkage specificity [Source:HGNC Symbol;Acc:HGNC:25118]	0.3549993	
PON2	paraoxonase 2 [Source:HGNC Symbol;Acc:HGNC:9205]	0.35413674	
GCH1	GTP cyclohydrolase 1 [Source:HGNC Symbol;Acc:HGNC:4193]	0.35350513	
ARL5C	ADP ribosylation factor like GTPase 5C [Source:HGNC Symbol;Acc:HGNC:31111]	0.35289934	
CEMIP2	cell migration inducing hyaluronidase 2 [Source:HGNC Symbol;Acc:HGNC:11869]	0.3525703	
RAB4B	RAB4B, member RAS oncogene family [Source:HGNC Symbol;Acc:HGNC:9782]	0.3522096	
BORCS8	BLOC-1 related complex subunit 8 [Source:HGNC Symbol;Acc:HGNC:37247]	0.35187566	
MED13	mediator complex subunit 13 [Source:HGNC Symbol;Acc:HGNC:22474]	0.35175222	
FKBP2	FKBP prolyl isomerase 2 [Source:HGNC Symbol;Acc:HGNC:3718]	0.35156295	
CD48	CD48 molecule [Source:HGNC Symbol;Acc:HGNC:1683]	0.3511533	
NECAP2	NECAP endocytosis associated 2 [Source:HGNC Symbol;Acc:HGNC:25528]	0.35106456	
DIP2A	disco interacting protein 2 homolog A [Source:HGNC Symbol;Acc:HGNC:17217]	0.35101452	
DYNLRB1	dynein light chain roadblock-type 1 [Source:HGNC Symbol;Acc:HGNC:15468]	0.3503594	
UBE2A	ubiquitin conjugating enzyme E2 A [Source:HGNC Symbol;Acc:HGNC:12472]	0.3500038	
PIGX	phosphatidylinositol glycan anchor biosynthesis class X [Source:HGNC Symbol;Acc:HGNC:26046]	0.34944206	
SNRPG	small nuclear ribonucleoprotein polypeptide G [Source:HGNC Symbol;Acc:HGNC:11163]	0.3490755	
CHST12	carbohydrate sulfotransferase 12 [Source:HGNC Symbol;Acc:HGNC:17423]	0.3489104	
SSR2	signal sequence receptor subunit 2 [Source:HGNC Symbol;Acc:HGNC:11324]	0.34851477	
CYCS	cytochrome c, somatic [Source:HGNC Symbol;Acc:HGNC:19986]	0.34846348	
SPOCK2	SPARC (osteonectin), cwcv and kazal like domains proteoglycan 2 [Source:HGNC Symbol;Acc:HGNC:13564]	0.34844798	
ZCRB1	zinc finger CCHC-type and RNA binding motif containing 1 [Source:HGNC Symbol;Acc:HGNC:29620]	0.34838256	
BNIP2	BCL2 interacting protein 2 [Source:HGNC Symbol;Acc:HGNC:1083]	0.34835866	
TMEM50A	transmembrane protein 50A [Source:HGNC Symbol;Acc:HGNC:30590]	0.3483184	
RAPGEF5	Rap guanine nucleotide exchange factor 5 [Source:HGNC Symbol;Acc:HGNC:16862]	0.3480006	
MAPK6	mitogen-activated protein kinase 6 [Source:HGNC Symbol;Acc:HGNC:6879]	0.34752977	
SRGAP2	SLIT-ROBO Rho GTPase activating protein 2 [Source:HGNC Symbol;Acc:HGNC:19751]	0.34535366	
GXYLT1	glucoside xylosyltransferase 1 [Source:HGNC Symbol;Acc:HGNC:27482]	0.3446116	
AREL1	apoptosis resistant E3 ubiquitin protein ligase 1 [Source:HGNC Symbol;Acc:HGNC:20363]	0.34450886	
SERPINF1	serpin family F member 1 [Source:HGNC Symbol;Acc:HGNC:8824]	0.34434515	
MKNK2	MAPK interacting serine/threonine kinase 2 [Source:HGNC Symbol;Acc:HGNC:7111]	0.3441732	
ALPK2	alpha kinase 2 [Source:HGNC Symbol;Acc:HGNC:20565]	0.3440914	
ABHD12	abhydrolase domain containing 12, lysophospholipase [Source:HGNC Symbol;Acc:HGNC:15868]	0.34405625	
PLEC	plectin [Source:HGNC Symbol;Acc:HGNC:9069]	0.34369278	
BTBD19	BTB domain containing 19 [Source:HGNC Symbol;Acc:HGNC:27145]	0.3433148	
LMBRD1	LMBR1 domain containing 1 [Source:HGNC Symbol;Acc:HGNC:23038]	0.34326822	
SVBP	small vasohibin binding protein [Source:HGNC Symbol;Acc:HGNC:29204]	0.34316382	
JAK3	Janus kinase 3 [Source:HGNC Symbol;Acc:HGNC:6193]	0.34261295	
PLEKHO1	pleckstrin homology domain containing O1 [Source:HGNC Symbol;Acc:HGNC:24310]	0.34255636	
R3HDM4	R3H domain containing 4 [Source:HGNC Symbol;Acc:HGNC:28270]	0.3425376	
KIF13A	kinesin family member 13A [Source:HGNC Symbol;Acc:HGNC:14566]	0.34237856	
SLC4A8	solute carrier family 4 member 8 [Source:HGNC Symbol;Acc:HGNC:11034]	0.34212288	
REX1BD	required for excision 1-B domain containing [Source:HGNC Symbol;Acc:HGNC:26098]	0.3414296	
NDUFA3	NADH:ubiquinone oxidoreductase subunit A3 [Source:HGNC Symbol;Acc:HGNC:7686]	0.3414274	
STMP1	short transmembrane mitochondrial protein 1 [Source:HGNC Symbol;Acc:HGNC:41909]	0.34135792	
P4HB	prolyl 4-hydroxylase subunit beta [Source:HGNC Symbol;Acc:HGNC:8548]	0.34077406	
C18orf54	chromosome 18 open reading frame 54 [Source:HGNC Symbol;Acc:HGNC:13796]	0.34052557	
ULK1	unc-51 like autophagy activating kinase 1 [Source:HGNC Symbol;Acc:HGNC:12558]	0.33861583	
PDIA3	protein disulfide isomerase family A member 3 [Source:HGNC Symbol;Acc:HGNC:4606]	0.33818164	
IDE	insulin degrading enzyme [Source:HGNC Symbol;Acc:HGNC:5381]	0.3375022	
CPLANE1	ciliogenesis and planar polarity effector complex subunit 1 [Source:HGNC Symbol;Acc:HGNC:25801]	0.3373055	
MRPL20	mitochondrial ribosomal protein L20 [Source:HGNC Symbol;Acc:HGNC:14478]	0.3369832	
SSNA1	SS nuclear autoantigen 1 [Source:HGNC Symbol;Acc:HGNC:11321]	0.336519	
SRA1	steroid receptor RNA activator 1 [Source:HGNC Symbol;Acc:HGNC:11281]	0.33589143	
TOMM22	translocase of outer mitochondrial membrane 22 [Source:HGNC Symbol;Acc:HGNC:18002]	0.33563364	
PIP5K1B	phosphatidylinositol-4-phosphate 5-kinase type 1 beta [Source:HGNC Symbol;Acc:HGNC:8995]	0.3353092	
EIF4E2	eukaryotic translation initiation factor 4E family member 2 [Source:HGNC Symbol;Acc:HGNC:3293]	0.3350249	
ANKRD12	ankyrin repeat domain 12 [Source:HGNC Symbol;Acc:HGNC:29135]	0.33492225	
PTP4A2	protein tyrosine phosphatase 4A2 [Source:HGNC Symbol;Acc:HGNC:9635]	0.33470708	
DDT	D-dopachrome tautomerase [Source:HGNC Symbol;Acc:HGNC:2732]	0.3345574	
RAB1B	RAB1B, member RAS oncogene family [Source:HGNC Symbol;Acc:HGNC:18370]	0.3342923	
ARIH1	ariadne RBR E3 ubiquitin protein ligase 1 [Source:HGNC Symbol;Acc:HGNC:689]	0.33387476	
BLTP3B	bridge-like lipid transfer protein family member 3B [Source:HGNC Symbol;Acc:HGNC:29102]	0.3338339	
BCL2L15	BCL2 like 15 [Source:HGNC Symbol;Acc:HGNC:33624]	0.33360392	
EID1	EP300 interacting inhibitor of differentiation 1 [Source:HGNC Symbol;Acc:HGNC:1191]	0.33306584	
PMVK	phosphomevalonate kinase [Source:HGNC Symbol;Acc:HGNC:9141]	0.3324573	
UQCRFS1	ubiquinol-cytochrome c reductase, Rieske iron-sulfur polypeptide 1 [Source:HGNC Symbol;Acc:HGNC:12587]	0.33185437	
KXD1	KxDL motif containing 1 [Source:HGNC Symbol;Acc:HGNC:28420]	0.33170414	
UBE2E3	ubiquitin conjugating enzyme E2 E3 [Source:HGNC Symbol;Acc:HGNC:12479]	0.3315359	
DNAJB13	DnaJ heat shock protein family (Hsp40) member B13 [Source:HGNC Symbol;Acc:HGNC:30718]	0.3315229	
ABCF1	ATP binding cassette subfamily F member 1 [Source:HGNC Symbol;Acc:HGNC:70]	0.33152163	
RTN4	reticulon 4 [Source:HGNC Symbol;Acc:HGNC:14085]	0.33138293	
PIN4	peptidylprolyl cis/trans isomerase, NIMA-interacting 4 [Source:HGNC Symbol;Acc:HGNC:8992]	0.33129114	
SMAP1	small ArfGAP 1 [Source:HGNC Symbol;Acc:HGNC:19651]	0.33123696	
GPRIN3	GPRIN family member 3 [Source:HGNC Symbol;Acc:HGNC:27733]	0.33120224	
P2RX7	purinergic receptor P2X 7 [Source:HGNC Symbol;Acc:HGNC:8537]	0.33079463	
GNPTG	N-acetylglucosamine-1-phosphate transferase subunit gamma [Source:HGNC Symbol;Acc:HGNC:23026]	0.33062193	
STK11	serine/threonine kinase 11 [Source:HGNC Symbol;Acc:HGNC:11389]	0.33025414	
GTF2F1	general transcription factor IIF subunit 1 [Source:HGNC Symbol;Acc:HGNC:4652]	0.33010003	
CYSTM1	cysteine rich transmembrane module containing 1 [Source:HGNC Symbol;Acc:HGNC:30239]	0.33000383	
SDHB	succinate dehydrogenase complex iron sulfur subunit B [Source:HGNC Symbol;Acc:HGNC:10681]	0.32913515	
SYAP1	synapse associated protein 1 [Source:HGNC Symbol;Acc:HGNC:16273]	0.32879373	
STK32C	serine/threonine kinase 32C [Source:HGNC Symbol;Acc:HGNC:21332]	0.32737696	
ARL5B	ADP ribosylation factor like GTPase 5B [Source:HGNC Symbol;Acc:HGNC:23052]	0.32718685	
MYO1C	myosin IC [Source:HGNC Symbol;Acc:HGNC:7597]	0.3270737	
PPIL1	peptidylprolyl isomerase like 1 [Source:HGNC Symbol;Acc:HGNC:9260]	0.3270316	
ZC3H12A	zinc finger CCCH-type containing 12A [Source:HGNC Symbol;Acc:HGNC:26259]	0.32639462	
AP3S1	adaptor related protein complex 3 subunit sigma 1 [Source:HGNC Symbol;Acc:HGNC:2013]	0.32634398	
NT5C	5', 3'-nucleotidase, cytosolic [Source:HGNC Symbol;Acc:HGNC:17144]	0.32621008	
NCAPD3	non-SMC condensin II complex subunit D3 [Source:HGNC Symbol;Acc:HGNC:28952]	0.32512826	
B9D2	B9 domain containing 2 [Source:HGNC Symbol;Acc:HGNC:28636]	0.32509986	
FRYL	FRY like transcription coactivator [Source:HGNC Symbol;Acc:HGNC:29127]	0.32499662	
ABI2	abl interactor 2 [Source:HGNC Symbol;Acc:HGNC:24011]	0.32418928	
UBE2L3	ubiquitin conjugating enzyme E2 L3 [Source:HGNC Symbol;Acc:HGNC:12488]	0.32359746	
RASSF3	Ras association domain family member 3 [Source:HGNC Symbol;Acc:HGNC:14271]	0.32294992	
GMFG	glia maturation factor gamma [Source:HGNC Symbol;Acc:HGNC:4374]	0.32291964	
JCAD	junctional cadherin 5 associated [Source:HGNC Symbol;Acc:HGNC:29283]	0.3227165	
HADHA	hydroxyacyl-CoA dehydrogenase trifunctional multienzyme complex subunit alpha [Source:HGNC Symbol;Acc:HGNC:4801]	0.32250446	
CSNK1D	casein kinase 1 delta [Source:HGNC Symbol;Acc:HGNC:2452]	0.32249066	
TNIP3	TNFAIP3 interacting protein 3 [Source:HGNC Symbol;Acc:HGNC:19315]	0.3224381	
CROT	carnitine O-octanoyltransferase [Source:HGNC Symbol;Acc:HGNC:2366]	0.32210597	
C6orf89	chromosome 6 open reading frame 89 [Source:HGNC Symbol;Acc:HGNC:21114]	0.32177532	
DDOST	dolichyl-diphosphooligosaccharide--protein glycosyltransferase non-catalytic subunit [Source:HGNC Symbol;Acc:HGNC:2728]	0.321293	
ELOF1	elongation factor 1 [Source:HGNC Symbol;Acc:HGNC:28691]	0.3212007	
ROMO1	reactive oxygen species modulator 1 [Source:HGNC Symbol;Acc:HGNC:16185]	0.32109377	
PSMC5	proteasome 26S subunit, ATPase 5 [Source:HGNC Symbol;Acc:HGNC:9552]	0.32082275	
PRKCA	protein kinase C alpha [Source:HGNC Symbol;Acc:HGNC:9393]	0.32077363	
EIF3I	eukaryotic translation initiation factor 3 subunit I [Source:HGNC Symbol;Acc:HGNC:3272]	0.32055008	
GLDC	glycine decarboxylase [Source:HGNC Symbol;Acc:HGNC:4313]	0.32040015	
ALG5	ALG5 dolichyl-phosphate beta-glucosyltransferase [Source:HGNC Symbol;Acc:HGNC:20266]	0.31971645	
YWHAQ	tyrosine 3-monooxygenase/tryptophan 5-monooxygenase activation protein theta [Source:HGNC Symbol;Acc:HGNC:12854]	0.31919318	
ZNF787	zinc finger protein 787 [Source:HGNC Symbol;Acc:HGNC:26998]	0.3189218	
POLK	DNA polymerase kappa [Source:HGNC Symbol;Acc:HGNC:9183]	0.31868067	
PTMA	prothymosin alpha [Source:HGNC Symbol;Acc:HGNC:9623]	0.31851128	
PTPN9	protein tyrosine phosphatase non-receptor type 9 [Source:HGNC Symbol;Acc:HGNC:9661]	0.31834662	
SDCBP	syndecan binding protein [Source:HGNC Symbol;Acc:HGNC:10662]	0.31829253	
PRDX6	peroxiredoxin 6 [Source:HGNC Symbol;Acc:HGNC:16753]	0.31788996	
ELOC	elongin C [Source:HGNC Symbol;Acc:HGNC:11617]	0.3172968	
TRAPPC1	trafficking protein particle complex subunit 1 [Source:HGNC Symbol;Acc:HGNC:19894]	0.31726733	
SLC66A3	solute carrier family 66 member 3 [Source:HGNC Symbol;Acc:HGNC:28503]	0.31697547	
DNAJB6	DnaJ heat shock protein family (Hsp40) member B6 [Source:HGNC Symbol;Acc:HGNC:14888]	0.3169085	
ARL1	ADP ribosylation factor like GTPase 1 [Source:HGNC Symbol;Acc:HGNC:692]	0.31654698	
HK2	hexokinase 2 [Source:HGNC Symbol;Acc:HGNC:4923]	0.31624573	
DPH3	diphthamide biosynthesis 3 [Source:HGNC Symbol;Acc:HGNC:27717]	0.31620973	
CDC37	cell division cycle 37, HSP90 cochaperone [Source:HGNC Symbol;Acc:HGNC:1735]	0.31609404	
IRF1	interferon regulatory factor 1 [Source:HGNC Symbol;Acc:HGNC:6116]	0.31539577	
CRMP1	collapsin response mediator protein 1 [Source:HGNC Symbol;Acc:HGNC:2365]	0.31537917	
AFF1	ALF transcription elongation factor 1 [Source:HGNC Symbol;Acc:HGNC:7135]	0.31518337	
AP1S1	adaptor related protein complex 1 subunit sigma 1 [Source:HGNC Symbol;Acc:HGNC:559]	0.3147646	
NFKBIB	NFKB inhibitor beta [Source:HGNC Symbol;Acc:HGNC:7798]	0.31470138	
CCDC117	coiled-coil domain containing 117 [Source:HGNC Symbol;Acc:HGNC:26599]	0.31458	
BNIP3L	BCL2 interacting protein 3 like [Source:HGNC Symbol;Acc:HGNC:1085]	0.31390092	
MAP7D1	MAP7 domain containing 1 [Source:HGNC Symbol;Acc:HGNC:25514]	0.3135611	
HACD3	3-hydroxyacyl-CoA dehydratase 3 [Source:HGNC Symbol;Acc:HGNC:24175]	0.3133614	
ZBTB8OS	zinc finger and BTB domain containing 8 opposite strand [Source:HGNC Symbol;Acc:HGNC:24094]	0.3129189	
VIRMA	vir like m6A methyltransferase associated [Source:HGNC Symbol;Acc:HGNC:24500]	0.3128837	
SDF2L1	stromal cell derived factor 2 like 1 [Source:HGNC Symbol;Acc:HGNC:10676]	0.3126563	
REEP3	receptor accessory protein 3 [Source:HGNC Symbol;Acc:HGNC:23711]	0.31256914	
BAK1	BCL2 antagonist/killer 1 [Source:HGNC Symbol;Acc:HGNC:949]	0.31209677	
C1QTNF12	C1q and TNF related 12 [Source:HGNC Symbol;Acc:HGNC:32308]	0.31132415	
MAP2K2	mitogen-activated protein kinase kinase 2 [Source:HGNC Symbol;Acc:HGNC:6842]	0.31114027	
PSMB4	proteasome 20S subunit beta 4 [Source:HGNC Symbol;Acc:HGNC:9541]	0.3110119	
NDUFB11	NADH:ubiquinone oxidoreductase subunit B11 [Source:HGNC Symbol;Acc:HGNC:20372]	0.31067073	
COPS6	COP9 signalosome subunit 6 [Source:HGNC Symbol;Acc:HGNC:21749]	0.3102194	
BECN1	beclin 1 [Source:HGNC Symbol;Acc:HGNC:1034]	0.31011438	
VAX2	ventral anterior homeobox 2 [Source:HGNC Symbol;Acc:HGNC:12661]	0.31003755	
CARHSP1	calcium regulated heat stable protein 1 [Source:HGNC Symbol;Acc:HGNC:17150]	0.30982515	
ANXA4	annexin A4 [Source:HGNC Symbol;Acc:HGNC:542]	0.30973068	
XDH	xanthine dehydrogenase [Source:HGNC Symbol;Acc:HGNC:12805]	0.30962792	
MVP	major vault protein [Source:HGNC Symbol;Acc:HGNC:7531]	0.30943608	
ITGB1BP1	integrin subunit beta 1 binding protein 1 [Source:HGNC Symbol;Acc:HGNC:23927]	0.30871126	
CCDC92	coiled-coil domain containing 92 [Source:HGNC Symbol;Acc:HGNC:29563]	0.3086408	
HIGD2A	HIG1 hypoxia inducible domain family member 2A [Source:HGNC Symbol;Acc:HGNC:28311]	0.30861646	
COPB2	COPI coat complex subunit beta 2 [Source:HGNC Symbol;Acc:HGNC:2232]	0.30826527	
HMGCR	3-hydroxy-3-methylglutaryl-CoA reductase [Source:HGNC Symbol;Acc:HGNC:5006]	0.3081855	
NUBP1	NUBP iron-sulfur cluster assembly factor 1, cytosolic [Source:HGNC Symbol;Acc:HGNC:8041]	0.30789855	
RHOQ	ras homolog family member Q [Source:HGNC Symbol;Acc:HGNC:17736]	0.30759066	
CRIPT	CXXC repeat containing interactor of PDZ3 domain [Source:HGNC Symbol;Acc:HGNC:14312]	0.3075662	
B3GAT3	beta-1,3-glucuronyltransferase 3 [Source:HGNC Symbol;Acc:HGNC:923]	0.30751193	
UGP2	UDP-glucose pyrophosphorylase 2 [Source:HGNC Symbol;Acc:HGNC:12527]	0.3072201	
PIM3	Pim-3 proto-oncogene, serine/threonine kinase [Source:HGNC Symbol;Acc:HGNC:19310]	0.30714604	
RALY	RALY heterogeneous nuclear ribonucleoprotein [Source:HGNC Symbol;Acc:HGNC:15921]	0.3071053	
VDAC3	voltage dependent anion channel 3 [Source:HGNC Symbol;Acc:HGNC:12674]	0.30696014	
UBE2Q2	ubiquitin conjugating enzyme E2 Q2 [Source:HGNC Symbol;Acc:HGNC:19248]	0.3066797	
RAB7A	RAB7A, member RAS oncogene family [Source:HGNC Symbol;Acc:HGNC:9788]	0.30636498	
ORMDL3	ORMDL sphingolipid biosynthesis regulator 3 [Source:HGNC Symbol;Acc:HGNC:16038]	0.3062365	
RHOA	ras homolog family member A [Source:HGNC Symbol;Acc:HGNC:667]	0.30601275	
OPTN	optineurin [Source:HGNC Symbol;Acc:HGNC:17142]	0.30567867	
ZBTB7A	zinc finger and BTB domain containing 7A [Source:HGNC Symbol;Acc:HGNC:18078]	0.3054156	
COPE	COPI coat complex subunit epsilon [Source:HGNC Symbol;Acc:HGNC:2234]	0.30533642	
DYNC1LI1	dynein cytoplasmic 1 light intermediate chain 1 [Source:HGNC Symbol;Acc:HGNC:18745]	0.30486807	
HLA-A	major histocompatibility complex, class I, A [Source:HGNC Symbol;Acc:HGNC:4931]	0.3043826	
CIAO2A	cytosolic iron-sulfur assembly component 2A [Source:HGNC Symbol;Acc:HGNC:26235]	0.30424	
CDK11B	cyclin dependent kinase 11B [Source:HGNC Symbol;Acc:HGNC:1729]	0.30401886	
MAP3K1	mitogen-activated protein kinase kinase kinase 1 [Source:HGNC Symbol;Acc:HGNC:6848]	0.30362314	
CCR1	C-C motif chemokine receptor 1 [Source:HGNC Symbol;Acc:HGNC:1602]	0.30315757	
IER3IP1	immediate early response 3 interacting protein 1 [Source:HGNC Symbol;Acc:HGNC:18550]	0.30312362	
GHITM	growth hormone inducible transmembrane protein [Source:HGNC Symbol;Acc:HGNC:17281]	0.3029086	
YPEL2	yippee like 2 [Source:HGNC Symbol;Acc:HGNC:18326]	0.30150166	
RAB1A	RAB1A, member RAS oncogene family [Source:HGNC Symbol;Acc:HGNC:9758]	0.30120805	
CD6	CD6 molecule [Source:HGNC Symbol;Acc:HGNC:1691]	0.30086645	
UFM1	ubiquitin fold modifier 1 [Source:HGNC Symbol;Acc:HGNC:20597]	0.30045345	
CCRL2	C-C motif chemokine receptor like 2 [Source:HGNC Symbol;Acc:HGNC:1612]	0.30027932	
TMEM30A	transmembrane protein 30A [Source:HGNC Symbol;Acc:HGNC:16667]	0.3002609	
RGS3	regulator of G protein signaling 3 [Source:HGNC Symbol;Acc:HGNC:9999]	0.2997669	
TAF10	TATA-box binding protein associated factor 10 [Source:HGNC Symbol;Acc:HGNC:11543]	0.2982569	
BAX	BCL2 associated X, apoptosis regulator [Source:HGNC Symbol;Acc:HGNC:959]	0.2980558	
COPS4	COP9 signalosome subunit 4 [Source:HGNC Symbol;Acc:HGNC:16702]	0.2980274	
SLC16A3	solute carrier family 16 member 3 [Source:HGNC Symbol;Acc:HGNC:10924]	0.2979141	
ATP5MC2	ATP synthase membrane subunit c locus 2 [Source:HGNC Symbol;Acc:HGNC:842]	0.29729775	
MIR22HG	MIR22 host gene [Source:HGNC Symbol;Acc:HGNC:28219]	0.29704747	
STK39	serine/threonine kinase 39 [Source:HGNC Symbol;Acc:HGNC:17717]	0.29702348	
SPECC1	sperm antigen with calponin homology and coiled-coil domains 1 [Source:HGNC Symbol;Acc:HGNC:30615]	0.2967205	
NDUFS6	NADH:ubiquinone oxidoreductase subunit S6 [Source:HGNC Symbol;Acc:HGNC:7713]	0.29670334	
FUCA1	alpha-L-fucosidase 1 [Source:HGNC Symbol;Acc:HGNC:4006]	0.2966188	
HVCN1	hydrogen voltage gated channel 1 [Source:HGNC Symbol;Acc:HGNC:28240]	0.29626092	
AMZ2	archaelysin family metallopeptidase 2 [Source:HGNC Symbol;Acc:HGNC:28041]	0.29597878	
NUDT4	nudix hydrolase 4 [Source:HGNC Symbol;Acc:HGNC:8051]	0.29596317	
MICOS10	mitochondrial contact site and cristae organizing system subunit 10 [Source:HGNC Symbol;Acc:HGNC:32068]	0.29578856	
POLR2K	RNA polymerase II, I and III subunit K [Source:HGNC Symbol;Acc:HGNC:9198]	0.29571807	
TMEM65	transmembrane protein 65 [Source:HGNC Symbol;Acc:HGNC:25203]	0.2955803	
IL7R	interleukin 7 receptor [Source:HGNC Symbol;Acc:HGNC:6024]	0.29543602	
TMBIM6	transmembrane BAX inhibitor motif containing 6 [Source:HGNC Symbol;Acc:HGNC:11723]	0.29533455	
TACC1	transforming acidic coiled-coil containing protein 1 [Source:HGNC Symbol;Acc:HGNC:11522]	0.295333	
SMIM3	small integral membrane protein 3 [Source:HGNC Symbol;Acc:HGNC:30248]	0.2949784	
E2F2	E2F transcription factor 2 [Source:HGNC Symbol;Acc:HGNC:3114]	0.29463714	
VAMP3	vesicle associated membrane protein 3 [Source:HGNC Symbol;Acc:HGNC:12644]	0.29422268	
TEX261	testis expressed 261 [Source:HGNC Symbol;Acc:HGNC:30712]	0.2938791	
BCL7C	BAF chromatin remodeling complex subunit BCL7C [Source:HGNC Symbol;Acc:HGNC:1006]	0.29376304	
CSNK1G3	casein kinase 1 gamma 3 [Source:HGNC Symbol;Acc:HGNC:2456]	0.29282835	
CD2BP2	CD2 cytoplasmic tail binding protein 2 [Source:HGNC Symbol;Acc:HGNC:1656]	0.2926567	
SELENOF	selenoprotein F [Source:HGNC Symbol;Acc:HGNC:17705]	0.29237163	
HK1	hexokinase 1 [Source:HGNC Symbol;Acc:HGNC:4922]	0.29235846	
LEPROT	leptin receptor overlapping transcript [Source:HGNC Symbol;Acc:HGNC:29477]	0.29201254	
TMF1	TATA element modulatory factor 1 [Source:HGNC Symbol;Acc:HGNC:11870]	0.29197943	
EIF3F	eukaryotic translation initiation factor 3 subunit F [Source:HGNC Symbol;Acc:HGNC:3275]	0.29192445	
ACADL	acyl-CoA dehydrogenase long chain [Source:HGNC Symbol;Acc:HGNC:88]	0.2917949	
MFSD14A	major facilitator superfamily domain containing 14A [Source:HGNC Symbol;Acc:HGNC:23363]	0.29124978	
TIMM17B	translocase of inner mitochondrial membrane 17B [Source:HGNC Symbol;Acc:HGNC:17310]	0.2912255	
ATP6V0D1	ATPase H+ transporting V0 subunit d1 [Source:HGNC Symbol;Acc:HGNC:13724]	0.29099715	
ELOVL1	ELOVL fatty acid elongase 1 [Source:HGNC Symbol;Acc:HGNC:14418]	0.2908902	
CSRP1	cysteine and glycine rich protein 1 [Source:HGNC Symbol;Acc:HGNC:2469]	0.29087028	
NTAN1	N-terminal asparagine amidase [Source:HGNC Symbol;Acc:HGNC:29909]	0.2905815	
CWC15	CWC15 spliceosome associated protein homolog [Source:HGNC Symbol;Acc:HGNC:26939]	0.2903187	
EIF4H	eukaryotic translation initiation factor 4H [Source:HGNC Symbol;Acc:HGNC:12741]	0.29030123	
CNDP2	carnosine dipeptidase 2 [Source:HGNC Symbol;Acc:HGNC:24437]	0.29007614	
PDE2A	phosphodiesterase 2A [Source:HGNC Symbol;Acc:HGNC:8777]	0.2900534	
RPL34	ribosomal protein L34 [Source:HGNC Symbol;Acc:HGNC:10340]	0.2899849	
DBI	diazepam binding inhibitor, acyl-CoA binding protein [Source:HGNC Symbol;Acc:HGNC:2690]	0.28969556	
GDPD5	glycerophosphodiester phosphodiesterase domain containing 5 [Source:HGNC Symbol;Acc:HGNC:28804]	0.28950092	
PDLIM2	PDZ and LIM domain 2 [Source:HGNC Symbol;Acc:HGNC:13992]	0.28942168	
MTMR3	myotubularin related protein 3 [Source:HGNC Symbol;Acc:HGNC:7451]	0.28913477	
ATP5MC3	ATP synthase membrane subunit c locus 3 [Source:HGNC Symbol;Acc:HGNC:843]	0.2888527	
TCEAL9	transcription elongation factor A like 9 [Source:HGNC Symbol;Acc:HGNC:30084]	0.28877145	
RNF149	ring finger protein 149 [Source:HGNC Symbol;Acc:HGNC:23137]	0.28869262	
DNTTIP1	deoxynucleotidyltransferase terminal interacting protein 1 [Source:HGNC Symbol;Acc:HGNC:16160]	0.28851473	
MAF1	MAF1 homolog, negative regulator of RNA polymerase III [Source:HGNC Symbol;Acc:HGNC:24966]	0.28837118	
PLSCR1	phospholipid scramblase 1 [Source:HGNC Symbol;Acc:HGNC:9092]	0.28780094	
MDP1	magnesium dependent phosphatase 1 [Source:HGNC Symbol;Acc:HGNC:28781]	0.28777227	
CORO1C	coronin 1C [Source:HGNC Symbol;Acc:HGNC:2254]	0.2877451	
HNRNPD	heterogeneous nuclear ribonucleoprotein D [Source:HGNC Symbol;Acc:HGNC:5036]	0.287489	
DNAJB11	DnaJ heat shock protein family (Hsp40) member B11 [Source:HGNC Symbol;Acc:HGNC:14889]	0.28736836	
RAD51B	RAD51 paralog B [Source:HGNC Symbol;Acc:HGNC:9822]	0.28713933	
NFKBID	NFKB inhibitor delta [Source:HGNC Symbol;Acc:HGNC:15671]	0.28708193	
DOT1L	DOT1 like histone lysine methyltransferase [Source:HGNC Symbol;Acc:HGNC:24948]	0.2868021	
MORF4L1	mortality factor 4 like 1 [Source:HGNC Symbol;Acc:HGNC:16989]	0.2866296	
CDIPT	CDP-diacylglycerol--inositol 3-phosphatidyltransferase [Source:HGNC Symbol;Acc:HGNC:1769]	0.28635204	
TMEM208	transmembrane protein 208 [Source:HGNC Symbol;Acc:HGNC:25015]	0.2857711	
POFUT2	protein O-fucosyltransferase 2 [Source:HGNC Symbol;Acc:HGNC:14683]	0.2856247	
PPM1D	protein phosphatase, Mg2+/Mn2+ dependent 1D [Source:HGNC Symbol;Acc:HGNC:9277]	0.2855991	
CCDC186	coiled-coil domain containing 186 [Source:HGNC Symbol;Acc:HGNC:24349]	0.28554955	
CIAO2B	cytosolic iron-sulfur assembly component 2B [Source:HGNC Symbol;Acc:HGNC:24261]	0.285432	
IL18RAP	interleukin 18 receptor accessory protein [Source:HGNC Symbol;Acc:HGNC:5989]	0.28492397	
VCPKMT	valosin containing protein lysine methyltransferase [Source:HGNC Symbol;Acc:HGNC:20352]	0.28491047	
SSR1	signal sequence receptor subunit 1 [Source:HGNC Symbol;Acc:HGNC:11323]	0.28453392	
HIGD1A	HIG1 hypoxia inducible domain family member 1A [Source:HGNC Symbol;Acc:HGNC:29527]	0.28447148	
DNASE2	deoxyribonuclease 2, lysosomal [Source:HGNC Symbol;Acc:HGNC:2960]	0.28433228	
GPX4	glutathione peroxidase 4 [Source:HGNC Symbol;Acc:HGNC:4556]	0.28424197	
KDELR1	KDEL endoplasmic reticulum protein retention receptor 1 [Source:HGNC Symbol;Acc:HGNC:6304]	0.2841794	
RHOC	ras homolog family member C [Source:HGNC Symbol;Acc:HGNC:669]	0.2839405	
UBE2N	ubiquitin conjugating enzyme E2 N [Source:HGNC Symbol;Acc:HGNC:12492]	0.2830125	
SACM1L	SAC1 like phosphatidylinositide phosphatase [Source:HGNC Symbol;Acc:HGNC:17059]	0.28174505	
MAPK3	mitogen-activated protein kinase 3 [Source:HGNC Symbol;Acc:HGNC:6877]	0.2816434	
MDH2	malate dehydrogenase 2 [Source:HGNC Symbol;Acc:HGNC:6971]	0.28148562	
CIB1	calcium and integrin binding 1 [Source:HGNC Symbol;Acc:HGNC:16920]	0.28118882	
NAA38	N-alpha-acetyltransferase 38, NatC auxiliary subunit [Source:HGNC Symbol;Acc:HGNC:28212]	0.28101015	
CLCN5	chloride voltage-gated channel 5 [Source:HGNC Symbol;Acc:HGNC:2023]	0.28080723	
ATF4	activating transcription factor 4 [Source:HGNC Symbol;Acc:HGNC:786]	0.28079554	
ARL2BP	ADP ribosylation factor like GTPase 2 binding protein [Source:HGNC Symbol;Acc:HGNC:17146]	0.2806433	
APH1A	aph-1 homolog A, gamma-secretase subunit [Source:HGNC Symbol;Acc:HGNC:29509]	0.28051737	
SNTB2	syntrophin beta 2 [Source:HGNC Symbol;Acc:HGNC:11169]	0.2799352	
GLB1	galactosidase beta 1 [Source:HGNC Symbol;Acc:HGNC:4298]	0.27981097	
COX14	cytochrome c oxidase assembly factor COX14 [Source:HGNC Symbol;Acc:HGNC:28216]	0.27934036	
CSF1	colony stimulating factor 1 [Source:HGNC Symbol;Acc:HGNC:2432]	0.27869856	
LRRC59	leucine rich repeat containing 59 [Source:HGNC Symbol;Acc:HGNC:28817]	0.27865615	
PSMB5	proteasome 20S subunit beta 5 [Source:HGNC Symbol;Acc:HGNC:9542]	0.27840874	
STK19	serine/threonine kinase 19 [Source:HGNC Symbol;Acc:HGNC:11398]	0.27810794	
EED	embryonic ectoderm development [Source:HGNC Symbol;Acc:HGNC:3188]	0.2779624	
MAN1B1	mannosidase alpha class 1B member 1 [Source:HGNC Symbol;Acc:HGNC:6823]	0.27763677	
PDAP1	PDGFA associated protein 1 [Source:HGNC Symbol;Acc:HGNC:14634]	0.27759573	
TXNL1	thioredoxin like 1 [Source:HGNC Symbol;Acc:HGNC:12436]	0.27753907	
METTL26	methyltransferase like 26 [Source:HGNC Symbol;Acc:HGNC:14141]	0.27747098	
AKIRIN1	akirin 1 [Source:HGNC Symbol;Acc:HGNC:25744]	0.27703574	
RPA2	replication protein A2 [Source:HGNC Symbol;Acc:HGNC:10290]	0.27691886	
JPT1	Jupiter microtubule associated homolog 1 [Source:HGNC Symbol;Acc:HGNC:14569]	0.27690864	
NDUFC2	NADH:ubiquinone oxidoreductase subunit C2 [Source:HGNC Symbol;Acc:HGNC:7706]	0.27679858	
SRSF2	serine and arginine rich splicing factor 2 [Source:HGNC Symbol;Acc:HGNC:10783]	0.27672142	
FLI1	Fli-1 proto-oncogene, ETS transcription factor [Source:HGNC Symbol;Acc:HGNC:3749]	0.2766396	
EMSY	EMSY transcriptional repressor, BRCA2 interacting [Source:HGNC Symbol;Acc:HGNC:18071]	0.27607235	
ABLIM3	actin binding LIM protein family member 3 [Source:HGNC Symbol;Acc:HGNC:29132]	0.2757729	
GSTT2	glutathione S-transferase theta 2 (gene/pseudogene) [Source:HGNC Symbol;Acc:HGNC:4642]	0.2755984	
CDKN2C	cyclin dependent kinase inhibitor 2C [Source:HGNC Symbol;Acc:HGNC:1789]	0.27524883	
NPTN	neuroplastin [Source:HGNC Symbol;Acc:HGNC:17867]	0.27503046	
METTL23	methyltransferase like 23 [Source:HGNC Symbol;Acc:HGNC:26988]	0.27474606	
GNPDA1	glucosamine-6-phosphate deaminase 1 [Source:HGNC Symbol;Acc:HGNC:4417]	0.27441478	
PSMD4	proteasome 26S subunit ubiquitin receptor, non-ATPase 4 [Source:HGNC Symbol;Acc:HGNC:9561]	0.27430615	
NDUFS8	NADH:ubiquinone oxidoreductase core subunit S8 [Source:HGNC Symbol;Acc:HGNC:7715]	0.2742302	
KMT2E	lysine methyltransferase 2E (inactive) [Source:HGNC Symbol;Acc:HGNC:18541]	0.2741834	
PTPRS	protein tyrosine phosphatase receptor type S [Source:HGNC Symbol;Acc:HGNC:9681]	0.27413738	
ARRB1	arrestin beta 1 [Source:HGNC Symbol;Acc:HGNC:711]	0.27409026	
SCYL2	SCY1 like pseudokinase 2 [Source:HGNC Symbol;Acc:HGNC:19286]	0.27351588	
RAB18	RAB18, member RAS oncogene family [Source:HGNC Symbol;Acc:HGNC:14244]	0.27348638	
SLC25A11	solute carrier family 25 member 11 [Source:HGNC Symbol;Acc:HGNC:10981]	0.27335447	
SNRPD2	small nuclear ribonucleoprotein D2 polypeptide [Source:HGNC Symbol;Acc:HGNC:11159]	0.2730437	
CITED4	Cbp/p300 interacting transactivator with Glu/Asp rich carboxy-terminal domain 4 [Source:HGNC Symbol;Acc:HGNC:18696]	0.27279362	
CCNC	cyclin C [Source:HGNC Symbol;Acc:HGNC:1581]	0.27279076	
AFG3L1P	AFG3 like matrix AAA peptidase subunit 1, pseudogene [Source:HGNC Symbol;Acc:HGNC:314]	0.27250004	
XPO4	exportin 4 [Source:HGNC Symbol;Acc:HGNC:17796]	0.27240133	
NINJ1	ninjurin 1 [Source:HGNC Symbol;Acc:HGNC:7824]	0.2722494	
MPP7	MAGUK p55 scaffold protein 7 [Source:HGNC Symbol;Acc:HGNC:26542]	0.2720584	
HSP90B1	heat shock protein 90 beta family member 1 [Source:HGNC Symbol;Acc:HGNC:12028]	0.27173367	
SLC26A2	solute carrier family 26 member 2 [Source:HGNC Symbol;Acc:HGNC:10994]	0.27168316	
ANP32A	acidic nuclear phosphoprotein 32 family member A [Source:HGNC Symbol;Acc:HGNC:13233]	0.27162784	
FUCA2	alpha-L-fucosidase 2 [Source:HGNC Symbol;Acc:HGNC:4008]	0.2715016	
EMC3	ER membrane protein complex subunit 3 [Source:HGNC Symbol;Acc:HGNC:23999]	0.2714895	
MRPL4	mitochondrial ribosomal protein L4 [Source:HGNC Symbol;Acc:HGNC:14276]	0.27111614	
NFKBIL1	NFKB inhibitor like 1 [Source:HGNC Symbol;Acc:HGNC:7800]	0.27037162	
SYNJ2	synaptojanin 2 [Source:HGNC Symbol;Acc:HGNC:11504]	0.2700587	
ITPKB	inositol-trisphosphate 3-kinase B [Source:HGNC Symbol;Acc:HGNC:6179]	0.2697049	
AP3B1	adaptor related protein complex 3 subunit beta 1 [Source:HGNC Symbol;Acc:HGNC:566]	0.26959616	
ARRDC1	arrestin domain containing 1 [Source:HGNC Symbol;Acc:HGNC:28633]	0.26946303	
ROM1	retinal outer segment membrane protein 1 [Source:HGNC Symbol;Acc:HGNC:10254]	0.26903176	
FAR1	fatty acyl-CoA reductase 1 [Source:HGNC Symbol;Acc:HGNC:26222]	0.26816747	
RPL24	ribosomal protein L24 [Source:HGNC Symbol;Acc:HGNC:10325]	0.26775438	
SIGIRR	single Ig and TIR domain containing [Source:HGNC Symbol;Acc:HGNC:30575]	0.26772016	
ANXA7	annexin A7 [Source:HGNC Symbol;Acc:HGNC:545]	0.26758906	
MPHOSPH6	M-phase phosphoprotein 6 [Source:HGNC Symbol;Acc:HGNC:7214]	0.26735443	
SF3B5	splicing factor 3b subunit 5 [Source:HGNC Symbol;Acc:HGNC:21083]	0.26723576	
MT2A	metallothionein 2A [Source:HGNC Symbol;Acc:HGNC:7406]	0.26685262	
FBXO6	F-box protein 6 [Source:HGNC Symbol;Acc:HGNC:13585]	0.26662937	
PRKCSH	protein kinase C substrate 80K-H [Source:HGNC Symbol;Acc:HGNC:9411]	0.2665368	
INCENP	inner centromere protein [Source:HGNC Symbol;Acc:HGNC:6058]	0.26584238	
UAP1L1	UDP-N-acetylglucosamine pyrophosphorylase 1 like 1 [Source:HGNC Symbol;Acc:HGNC:28082]	0.26583084	
WDR83OS	WD repeat domain 83 opposite strand [Source:HGNC Symbol;Acc:HGNC:30203]	0.2655974	
PANX1	pannexin 1 [Source:HGNC Symbol;Acc:HGNC:8599]	0.26530716	
CRTAM	cytotoxic and regulatory T cell molecule [Source:HGNC Symbol;Acc:HGNC:24313]	0.26516482	
SNRPE	small nuclear ribonucleoprotein polypeptide E [Source:HGNC Symbol;Acc:HGNC:11161]	0.26504573	
FAU	FAU ubiquitin like and ribosomal protein S30 fusion [Source:HGNC Symbol;Acc:HGNC:3597]	0.26499876	
TCP11L2	t-complex 11 like 2 [Source:HGNC Symbol;Acc:HGNC:28627]	0.26490375	
TSTD3	thiosulfate sulfurtransferase like domain containing 3 [Source:HGNC Symbol;Acc:HGNC:40910]	0.26465794	
SIK2	salt inducible kinase 2 [Source:HGNC Symbol;Acc:HGNC:21680]	0.26413748	
SLC2A1	solute carrier family 2 member 1 [Source:HGNC Symbol;Acc:HGNC:11005]	0.26247084	
SNW1	SNW domain containing 1 [Source:HGNC Symbol;Acc:HGNC:16696]	0.26241684	
EHMT2	euchromatic histone lysine methyltransferase 2 [Source:HGNC Symbol;Acc:HGNC:14129]	0.2622776	
ACTN4	actinin alpha 4 [Source:HGNC Symbol;Acc:HGNC:166]	0.26216316	
FHL2	four and a half LIM domains 2 [Source:HGNC Symbol;Acc:HGNC:3703]	0.26198792	
FRG1	FSHD region gene 1 [Source:HGNC Symbol;Acc:HGNC:3954]	0.26191354	
CRNKL1	crooked neck pre-mRNA splicing factor 1 [Source:HGNC Symbol;Acc:HGNC:15762]	0.2613119	
PAK2	p21 (RAC1) activated kinase 2 [Source:HGNC Symbol;Acc:HGNC:8591]	0.2609612	
SUN1	Sad1 and UNC84 domain containing 1 [Source:HGNC Symbol;Acc:HGNC:18587]	0.2609601	
CUTA	cutA divalent cation tolerance homolog [Source:HGNC Symbol;Acc:HGNC:21101]	0.26087222	
ILK	integrin linked kinase [Source:HGNC Symbol;Acc:HGNC:6040]	0.2608606	
ATCAY	ATCAY kinesin light chain interacting caytaxin [Source:HGNC Symbol;Acc:HGNC:779]	0.2608248	
SPECC1L	sperm antigen with calponin homology and coiled-coil domains 1 like [Source:HGNC Symbol;Acc:HGNC:29022]	0.26064634	
F2RL1	F2R like trypsin receptor 1 [Source:HGNC Symbol;Acc:HGNC:3538]	0.26052654	
MTA3	metastasis associated 1 family member 3 [Source:HGNC Symbol;Acc:HGNC:23784]	0.26041755	
ZC3H15	zinc finger CCCH-type containing 15 [Source:HGNC Symbol;Acc:HGNC:29528]	0.26009914	
SUMO2	small ubiquitin like modifier 2 [Source:HGNC Symbol;Acc:HGNC:11125]	0.2598353	
PSMA4	proteasome 20S subunit alpha 4 [Source:HGNC Symbol;Acc:HGNC:9533]	0.25981912	
RAB19	RAB19, member RAS oncogene family [Source:HGNC Symbol;Acc:HGNC:19982]	0.25966597	
CD47	CD47 molecule [Source:HGNC Symbol;Acc:HGNC:1682]	0.25965777	
JMY	junction mediating and regulatory protein, p53 cofactor [Source:HGNC Symbol;Acc:HGNC:28916]	0.25919744	
OSTC	oligosaccharyltransferase complex non-catalytic subunit [Source:HGNC Symbol;Acc:HGNC:24448]	0.25914988	
SEMA7A	semaphorin 7A (John Milton Hagen blood group) [Source:HGNC Symbol;Acc:HGNC:10741]	0.25911528	
TIMM10B	translocase of inner mitochondrial membrane 10B [Source:HGNC Symbol;Acc:HGNC:4022]	0.25905368	
TMED3	transmembrane p24 trafficking protein 3 [Source:HGNC Symbol;Acc:HGNC:28889]	0.25899592	
HYCC1	hyccin PI4KA lipid kinase complex subunit 1 [Source:HGNC Symbol;Acc:HGNC:24587]	0.25872988	
GGH	gamma-glutamyl hydrolase [Source:HGNC Symbol;Acc:HGNC:4248]	0.2585832	
IL21R	interleukin 21 receptor [Source:HGNC Symbol;Acc:HGNC:6006]	0.25839376	
GOLM1	golgi membrane protein 1 [Source:HGNC Symbol;Acc:HGNC:15451]	0.25805697	
NEBL	nebulette [Source:HGNC Symbol;Acc:HGNC:16932]	0.2580462	
PACSIN2	protein kinase C and casein kinase substrate in neurons 2 [Source:HGNC Symbol;Acc:HGNC:8571]	0.2579351	
NDE1	nudE neurodevelopment protein 1 [Source:HGNC Symbol;Acc:HGNC:17619]	0.25789464	
SREBF2	sterol regulatory element binding transcription factor 2 [Source:HGNC Symbol;Acc:HGNC:11290]	0.2578434	
LSM6	LSM6 homolog, U6 small nuclear RNA and mRNA degradation associated [Source:HGNC Symbol;Acc:HGNC:17017]	0.25738055	
SELENOS	selenoprotein S [Source:HGNC Symbol;Acc:HGNC:30396]	0.25724962	
NTNG2	netrin G2 [Source:HGNC Symbol;Acc:HGNC:14288]	0.25723252	
NIPA2	NIPA magnesium transporter 2 [Source:HGNC Symbol;Acc:HGNC:17044]	0.25640804	
MKRN2	makorin ring finger protein 2 [Source:HGNC Symbol;Acc:HGNC:7113]	0.25620726	
SNRNP25	small nuclear ribonucleoprotein U11/U12 subunit 25 [Source:HGNC Symbol;Acc:HGNC:14161]	0.25597134	
SYNJ1	synaptojanin 1 [Source:HGNC Symbol;Acc:HGNC:11503]	0.2557547	
CEP120	centrosomal protein 120 [Source:HGNC Symbol;Acc:HGNC:26690]	0.25553504	
C19orf25	chromosome 19 open reading frame 25 [Source:HGNC Symbol;Acc:HGNC:26711]	0.25545064	
UBE4B	ubiquitination factor E4B [Source:HGNC Symbol;Acc:HGNC:12500]	0.25536242	
ARIH2	ariadne RBR E3 ubiquitin protein ligase 2 [Source:HGNC Symbol;Acc:HGNC:690]	0.2552744	
GSAP	gamma-secretase activating protein [Source:HGNC Symbol;Acc:HGNC:28042]	0.25510597	
LEO1	LEO1 homolog, Paf1/RNA polymerase II complex component [Source:HGNC Symbol;Acc:HGNC:30401]	0.2550747	
TIMM13	translocase of inner mitochondrial membrane 13 [Source:HGNC Symbol;Acc:HGNC:11816]	0.25506523	
DCAF15	DDB1 and CUL4 associated factor 15 [Source:HGNC Symbol;Acc:HGNC:25095]	0.2550428	
MIB1	MIB E3 ubiquitin protein ligase 1 [Source:HGNC Symbol;Acc:HGNC:21086]	0.2549765	
RIPK3	receptor interacting serine/threonine kinase 3 [Source:HGNC Symbol;Acc:HGNC:10021]	0.25487956	
ATP2A2	ATPase sarcoplasmic/endoplasmic reticulum Ca2+ transporting 2 [Source:HGNC Symbol;Acc:HGNC:812]	0.254728	
IDH3A	isocitrate dehydrogenase (NAD(+)) 3 catalytic subunit alpha [Source:HGNC Symbol;Acc:HGNC:5384]	0.25428832	
PPP2R2D	protein phosphatase 2 regulatory subunit Bdelta [Source:HGNC Symbol;Acc:HGNC:23732]	0.25330883	
WDFY1	WD repeat and FYVE domain containing 1 [Source:HGNC Symbol;Acc:HGNC:20451]	0.25315046	
FAM156A	family with sequence similarity 156 member A [Source:HGNC Symbol;Acc:HGNC:30114]	0.25263065	
C12orf57	chromosome 12 open reading frame 57 [Source:HGNC Symbol;Acc:HGNC:29521]	0.25238526	
B3GNT2	UDP-GlcNAc:betaGal beta-1,3-N-acetylglucosaminyltransferase 2 [Source:HGNC Symbol;Acc:HGNC:15629]	0.2522675	
ING2	inhibitor of growth family member 2 [Source:HGNC Symbol;Acc:HGNC:6063]	0.25204757	
LXN	latexin [Source:HGNC Symbol;Acc:HGNC:13347]	0.251427	
PPP1R11	protein phosphatase 1 regulatory inhibitor subunit 11 [Source:HGNC Symbol;Acc:HGNC:9285]	0.25097767	
NDUFA8	NADH:ubiquinone oxidoreductase subunit A8 [Source:HGNC Symbol;Acc:HGNC:7692]	0.25072804	
DNAJC1	DnaJ heat shock protein family (Hsp40) member C1 [Source:HGNC Symbol;Acc:HGNC:20090]	0.2500467	
ATN1	atrophin 1 [Source:HGNC Symbol;Acc:HGNC:3033]	-0.25003758	
NDUFS4	NADH:ubiquinone oxidoreductase subunit S4 [Source:HGNC Symbol;Acc:HGNC:7711]	-0.2503323	
ITFG1	integrin alpha FG-GAP repeat containing 1 [Source:HGNC Symbol;Acc:HGNC:30697]	-0.25037926	
CDK5RAP2	CDK5 regulatory subunit associated protein 2 [Source:HGNC Symbol;Acc:HGNC:18672]	-0.2505203	
CNOT1	CCR4-NOT transcription complex subunit 1 [Source:HGNC Symbol;Acc:HGNC:7877]	-0.25055858	
RFFL	ring finger and FYVE like domain containing E3 ubiquitin protein ligase [Source:HGNC Symbol;Acc:HGNC:24821]	-0.25059766	
PJA2	praja ring finger ubiquitin ligase 2 [Source:HGNC Symbol;Acc:HGNC:17481]	-0.2507046	
FYN	FYN proto-oncogene, Src family tyrosine kinase [Source:HGNC Symbol;Acc:HGNC:4037]	-0.250831	
CDK7	cyclin dependent kinase 7 [Source:HGNC Symbol;Acc:HGNC:1778]	-0.2509122	
NAA25	N-alpha-acetyltransferase 25, NatB auxiliary subunit [Source:HGNC Symbol;Acc:HGNC:25783]	-0.25110698	
SP1	Sp1 transcription factor [Source:HGNC Symbol;Acc:HGNC:11205]	-0.25120348	
LIN9	lin-9 DREAM MuvB core complex component [Source:HGNC Symbol;Acc:HGNC:30830]	-0.25143006	
XPO6	exportin 6 [Source:HGNC Symbol;Acc:HGNC:19733]	-0.25203696	
PBRM1	polybromo 1 [Source:HGNC Symbol;Acc:HGNC:30064]	-0.25212938	
PDE11A	phosphodiesterase 11A [Source:HGNC Symbol;Acc:HGNC:8773]	-0.2522479	
DCUN1D2	defective in cullin neddylation 1 domain containing 2 [Source:HGNC Symbol;Acc:HGNC:20328]	-0.25239134	
HNRNPC	heterogeneous nuclear ribonucleoprotein C [Source:HGNC Symbol;Acc:HGNC:5035]	-0.25252834	
WIPF1	WAS/WASL interacting protein family member 1 [Source:HGNC Symbol;Acc:HGNC:12736]	-0.2528749	
ZBTB11	zinc finger and BTB domain containing 11 [Source:HGNC Symbol;Acc:HGNC:16740]	-0.252996	
GIMAP8	GTPase, IMAP family member 8 [Source:HGNC Symbol;Acc:HGNC:21792]	-0.25329834	
KIF2A	kinesin family member 2A [Source:HGNC Symbol;Acc:HGNC:6318]	-0.2534122	
PPP1R14B	protein phosphatase 1 regulatory inhibitor subunit 14B [Source:HGNC Symbol;Acc:HGNC:9057]	-0.25356895	
CDIN1	CDAN1 interacting nuclease 1 [Source:HGNC Symbol;Acc:HGNC:26929]	-0.253933	
TTF1	transcription termination factor 1 [Source:HGNC Symbol;Acc:HGNC:12397]	-0.25411308	
HJURP	Holliday junction recognition protein [Source:HGNC Symbol;Acc:HGNC:25444]	-0.25411505	
PTPN12	protein tyrosine phosphatase non-receptor type 12 [Source:HGNC Symbol;Acc:HGNC:9645]	-0.25414297	
CAPRIN1	cell cycle associated protein 1 [Source:HGNC Symbol;Acc:HGNC:6743]	-0.25421038	
SMC2	structural maintenance of chromosomes 2 [Source:HGNC Symbol;Acc:HGNC:14011]	-0.2545122	
YEATS2	YEATS domain containing 2 [Source:HGNC Symbol;Acc:HGNC:25489]	-0.2550119	
ZBTB4	zinc finger and BTB domain containing 4 [Source:HGNC Symbol;Acc:HGNC:23847]	-0.2550579	
TTLL3	tubulin tyrosine ligase like 3 [Source:HGNC Symbol;Acc:HGNC:24483]	-0.25547886	
ZRANB2	zinc finger RANBP2-type containing 2 [Source:HGNC Symbol;Acc:HGNC:13058]	-0.25551802	
SLAMF6	SLAM family member 6 [Source:HGNC Symbol;Acc:HGNC:21392]	-0.25590968	
NAMPT	nicotinamide phosphoribosyltransferase [Source:HGNC Symbol;Acc:HGNC:30092]	-0.25592944	
BRD7	bromodomain containing 7 [Source:HGNC Symbol;Acc:HGNC:14310]	-0.2561376	
DDHD1	DDHD domain containing 1 [Source:HGNC Symbol;Acc:HGNC:19714]	-0.25623682	
EGLN1	egl-9 family hypoxia inducible factor 1 [Source:HGNC Symbol;Acc:HGNC:1232]	-0.25627154	
CDC42SE2	CDC42 small effector 2 [Source:HGNC Symbol;Acc:HGNC:18547]	-0.25629857	
MTIF2	mitochondrial translational initiation factor 2 [Source:HGNC Symbol;Acc:HGNC:7441]	-0.25641537	
GPATCH2L	G-patch domain containing 2 like [Source:HGNC Symbol;Acc:HGNC:20210]	-0.25682482	
OPA1	OPA1 mitochondrial dynamin like GTPase [Source:HGNC Symbol;Acc:HGNC:8140]	-0.25740907	
ARHGAP12	Rho GTPase activating protein 12 [Source:HGNC Symbol;Acc:HGNC:16348]	-0.25741142	
ZSCAN26	zinc finger and SCAN domain containing 26 [Source:HGNC Symbol;Acc:HGNC:12978]	-0.25741196	
LSM14A	LSM14A mRNA processing body assembly factor [Source:HGNC Symbol;Acc:HGNC:24489]	-0.25776362	
UTP20	UTP20 small subunit processome component [Source:HGNC Symbol;Acc:HGNC:17897]	-0.2581158	
FDPS	farnesyl diphosphate synthase [Source:HGNC Symbol;Acc:HGNC:3631]	-0.25812995	
HIRA	histone cell cycle regulator [Source:HGNC Symbol;Acc:HGNC:4916]	-0.25839177	
MLH3	mutL homolog 3 [Source:HGNC Symbol;Acc:HGNC:7128]	-0.25849923	
SCAF4	SR-related CTD associated factor 4 [Source:HGNC Symbol;Acc:HGNC:19304]	-0.25854173	
SEC11A	SEC11 homolog A, signal peptidase complex subunit [Source:HGNC Symbol;Acc:HGNC:17718]	-0.25908455	
FOXN2	forkhead box N2 [Source:HGNC Symbol;Acc:HGNC:5281]	-0.2591555	
RMND1	required for meiotic nuclear division 1 homolog [Source:HGNC Symbol;Acc:HGNC:21176]	-0.25967723	
XYLT2	xylosyltransferase 2 [Source:HGNC Symbol;Acc:HGNC:15517]	-0.25984922	
SEMA4A	semaphorin 4A [Source:HGNC Symbol;Acc:HGNC:10729]	-0.26006913	
CASD1	CAS1 domain containing 1 [Source:HGNC Symbol;Acc:HGNC:16014]	-0.26026136	
TBCK	TBC1 domain containing kinase [Source:HGNC Symbol;Acc:HGNC:28261]	-0.26089063	
XPO7	exportin 7 [Source:HGNC Symbol;Acc:HGNC:14108]	-0.26126453	
KIAA0319L	KIAA0319 like [Source:HGNC Symbol;Acc:HGNC:30071]	-0.26178846	
DCAF5	DDB1 and CUL4 associated factor 5 [Source:HGNC Symbol;Acc:HGNC:20224]	-0.2625002	
FAS	Fas cell surface death receptor [Source:HGNC Symbol;Acc:HGNC:11920]	-0.26317155	
LUC7L	LUC7 like [Source:HGNC Symbol;Acc:HGNC:6723]	-0.26360124	
VKORC1L1	vitamin K epoxide reductase complex subunit 1 like 1 [Source:HGNC Symbol;Acc:HGNC:21492]	-0.26376155	
EIF3E	eukaryotic translation initiation factor 3 subunit E [Source:HGNC Symbol;Acc:HGNC:3277]	-0.26390767	
SETD4	SET domain containing 4 [Source:HGNC Symbol;Acc:HGNC:1258]	-0.2643005	
WDR46	WD repeat domain 46 [Source:HGNC Symbol;Acc:HGNC:13923]	-0.26470345	
TRAK1	trafficking kinesin protein 1 [Source:HGNC Symbol;Acc:HGNC:29947]	-0.26472765	
KDM4C	lysine demethylase 4C [Source:HGNC Symbol;Acc:HGNC:17071]	-0.26498485	
PKP4	plakophilin 4 [Source:HGNC Symbol;Acc:HGNC:9026]	-0.26504642	
TMEM175	transmembrane protein 175 [Source:HGNC Symbol;Acc:HGNC:28709]	-0.26521006	
HSPB11	heat shock protein family B (small) member 11 [Source:HGNC Symbol;Acc:HGNC:25019]	-0.2652276	
MARF1	meiosis regulator and mRNA stability factor 1 [Source:HGNC Symbol;Acc:HGNC:29562]	-0.26540965	
NCOA6	nuclear receptor coactivator 6 [Source:HGNC Symbol;Acc:HGNC:15936]	-0.26542515	
PURA	purine rich element binding protein A [Source:HGNC Symbol;Acc:HGNC:9701]	-0.26564595	
B3GALNT2	beta-1,3-N-acetylgalactosaminyltransferase 2 [Source:HGNC Symbol;Acc:HGNC:28596]	-0.2656505	
PFKFB3	6-phosphofructo-2-kinase/fructose-2,6-biphosphatase 3 [Source:HGNC Symbol;Acc:HGNC:8874]	-0.26592925	
ZDHHC20	zinc finger DHHC-type palmitoyltransferase 20 [Source:HGNC Symbol;Acc:HGNC:20749]	-0.26632306	
SSH2	slingshot protein phosphatase 2 [Source:HGNC Symbol;Acc:HGNC:30580]	-0.26644522	
ANKRD17	ankyrin repeat domain 17 [Source:HGNC Symbol;Acc:HGNC:23575]	-0.26646563	
PISD	phosphatidylserine decarboxylase [Source:HGNC Symbol;Acc:HGNC:8999]	-0.26667106	
MBTPS1	membrane bound transcription factor peptidase, site 1 [Source:HGNC Symbol;Acc:HGNC:15456]	-0.26691934	
ZNF788P	zinc finger family member 788, pseudogene [Source:HGNC Symbol;Acc:HGNC:33112]	-0.26698253	
KLHDC10	kelch domain containing 10 [Source:HGNC Symbol;Acc:HGNC:22194]	-0.26700214	
PRPSAP2	phosphoribosyl pyrophosphate synthetase associated protein 2 [Source:HGNC Symbol;Acc:HGNC:9467]	-0.26719967	
USP6NL	USP6 N-terminal like [Source:HGNC Symbol;Acc:HGNC:16858]	-0.2673944	
CEP128	centrosomal protein 128 [Source:HGNC Symbol;Acc:HGNC:20359]	-0.2675908	
GON4L	gon-4 like [Source:HGNC Symbol;Acc:HGNC:25973]	-0.26764646	
FANCL	FA complementation group L [Source:HGNC Symbol;Acc:HGNC:20748]	-0.26793683	
PPP2R5E	protein phosphatase 2 regulatory subunit B'epsilon [Source:HGNC Symbol;Acc:HGNC:9313]	-0.2684785	
SCARB2	scavenger receptor class B member 2 [Source:HGNC Symbol;Acc:HGNC:1665]	-0.2685173	
BTBD7	BTB domain containing 7 [Source:HGNC Symbol;Acc:HGNC:18269]	-0.2685346	
MATR3	matrin 3 [Source:HGNC Symbol;Acc:HGNC:6912]	-0.2686645	
SLF1	SMC5-SMC6 complex localization factor 1 [Source:HGNC Symbol;Acc:HGNC:25408]	-0.2687133	
HACE1	HECT domain and ankyrin repeat containing E3 ubiquitin protein ligase 1 [Source:HGNC Symbol;Acc:HGNC:21033]	-0.2690142	
TRIP11	thyroid hormone receptor interactor 11 [Source:HGNC Symbol;Acc:HGNC:12305]	-0.26906732	
PNPT1	polyribonucleotide nucleotidyltransferase 1 [Source:HGNC Symbol;Acc:HGNC:23166]	-0.26922092	
SLF2	SMC5-SMC6 complex localization factor 2 [Source:HGNC Symbol;Acc:HGNC:17814]	-0.26962775	
SCFD1	sec1 family domain containing 1 [Source:HGNC Symbol;Acc:HGNC:20726]	-0.26980415	
TNRC6B	trinucleotide repeat containing adaptor 6B [Source:HGNC Symbol;Acc:HGNC:29190]	-0.2698096	
FBXL14	F-box and leucine rich repeat protein 14 [Source:HGNC Symbol;Acc:HGNC:28624]	-0.26999804	
PTGES3	prostaglandin E synthase 3 [Source:HGNC Symbol;Acc:HGNC:16049]	-0.2700993	
RSRC1	arginine and serine rich coiled-coil 1 [Source:HGNC Symbol;Acc:HGNC:24152]	-0.27028865	
ARID5A	AT-rich interaction domain 5A [Source:HGNC Symbol;Acc:HGNC:17361]	-0.27064982	
RPTOR	regulatory associated protein of MTOR complex 1 [Source:HGNC Symbol;Acc:HGNC:30287]	-0.27082318	
FBXO38	F-box protein 38 [Source:HGNC Symbol;Acc:HGNC:28844]	-0.27104217	
EMG1	EMG1 N1-specific pseudouridine methyltransferase [Source:HGNC Symbol;Acc:HGNC:16912]	-0.27108386	
ATXN7L3B	ataxin 7 like 3B [Source:HGNC Symbol;Acc:HGNC:37931]	-0.27117893	
POT1	protection of telomeres 1 [Source:HGNC Symbol;Acc:HGNC:17284]	-0.27145454	
C1GALT1	core 1 synthase, glycoprotein-N-acetylgalactosamine 3-beta-galactosyltransferase 1 [Source:HGNC Symbol;Acc:HGNC:24337]	-0.27156022	
KDM5C	lysine demethylase 5C [Source:HGNC Symbol;Acc:HGNC:11114]	-0.2715641	
CCNT2	cyclin T2 [Source:HGNC Symbol;Acc:HGNC:1600]	-0.2718714	
TECPR1	tectonin beta-propeller repeat containing 1 [Source:HGNC Symbol;Acc:HGNC:22214]	-0.27188107	
RPL11	ribosomal protein L11 [Source:HGNC Symbol;Acc:HGNC:10301]	-0.2726256	
CEP164	centrosomal protein 164 [Source:HGNC Symbol;Acc:HGNC:29182]	-0.27267572	
UTP14A	UTP14A small subunit processome component [Source:HGNC Symbol;Acc:HGNC:10665]	-0.2728001	
RASA2	RAS p21 protein activator 2 [Source:HGNC Symbol;Acc:HGNC:9872]	-0.27296254	
XPR1	xenotropic and polytropic retrovirus receptor 1 [Source:HGNC Symbol;Acc:HGNC:12827]	-0.27331045	
AMBRA1	autophagy and beclin 1 regulator 1 [Source:HGNC Symbol;Acc:HGNC:25990]	-0.27336875	
NAA16	N-alpha-acetyltransferase 16, NatA auxiliary subunit [Source:HGNC Symbol;Acc:HGNC:26164]	-0.27354068	
ZMYND8	zinc finger MYND-type containing 8 [Source:HGNC Symbol;Acc:HGNC:9397]	-0.27363935	
PYM1	PYM homolog 1, exon junction complex associated factor [Source:HGNC Symbol;Acc:HGNC:30258]	-0.27383703	
TNPO3	transportin 3 [Source:HGNC Symbol;Acc:HGNC:17103]	-0.2738484	
TRIM25	tripartite motif containing 25 [Source:HGNC Symbol;Acc:HGNC:12932]	-0.27413356	
NFX1	nuclear transcription factor, X-box binding 1 [Source:HGNC Symbol;Acc:HGNC:7803]	-0.27413896	
ZNF277	zinc finger protein 277 [Source:HGNC Symbol;Acc:HGNC:13070]	-0.27414718	
TMEM209	transmembrane protein 209 [Source:HGNC Symbol;Acc:HGNC:21898]	-0.27440268	
PNPLA7	patatin like phospholipase domain containing 7 [Source:HGNC Symbol;Acc:HGNC:24768]	-0.27446428	
IRF3	interferon regulatory factor 3 [Source:HGNC Symbol;Acc:HGNC:6118]	-0.27511942	
RPA3	replication protein A3 [Source:HGNC Symbol;Acc:HGNC:10291]	-0.27514347	
MFSD6	major facilitator superfamily domain containing 6 [Source:HGNC Symbol;Acc:HGNC:24711]	-0.2752571	
ZNF518A	zinc finger protein 518A [Source:HGNC Symbol;Acc:HGNC:29009]	-0.2753225	
MIPOL1	mirror-image polydactyly 1 [Source:HGNC Symbol;Acc:HGNC:21460]	-0.27597582	
RASA3	RAS p21 protein activator 3 [Source:HGNC Symbol;Acc:HGNC:20331]	-0.275978	
CYFIP2	cytoplasmic FMR1 interacting protein 2 [Source:HGNC Symbol;Acc:HGNC:13760]	-0.27616045	
DYNC1H1	dynein cytoplasmic 1 heavy chain 1 [Source:HGNC Symbol;Acc:HGNC:2961]	-0.27631325	
ZNF609	zinc finger protein 609 [Source:HGNC Symbol;Acc:HGNC:29003]	-0.276991	
LAMP1	lysosomal associated membrane protein 1 [Source:HGNC Symbol;Acc:HGNC:6499]	-0.27724296	
SETDB2	SET domain bifurcated histone lysine methyltransferase 2 [Source:HGNC Symbol;Acc:HGNC:20263]	-0.27789408	
GALNT11	polypeptide N-acetylgalactosaminyltransferase 11 [Source:HGNC Symbol;Acc:HGNC:19875]	-0.27792886	
KIF21B	kinesin family member 21B [Source:HGNC Symbol;Acc:HGNC:29442]	-0.27808577	
GALNT1	polypeptide N-acetylgalactosaminyltransferase 1 [Source:HGNC Symbol;Acc:HGNC:4123]	-0.27811977	
COMMD8	COMM domain containing 8 [Source:HGNC Symbol;Acc:HGNC:26036]	-0.27846876	
PMS1	PMS1 homolog 1, mismatch repair system component [Source:HGNC Symbol;Acc:HGNC:9121]	-0.27846977	
SLC9A8	solute carrier family 9 member A8 [Source:HGNC Symbol;Acc:HGNC:20728]	-0.27863374	
FAM120B	family with sequence similarity 120B [Source:HGNC Symbol;Acc:HGNC:21109]	-0.27982366	
NXF1	nuclear RNA export factor 1 [Source:HGNC Symbol;Acc:HGNC:8071]	-0.280006	
AMMECR1	AMMECR nuclear protein 1 [Source:HGNC Symbol;Acc:HGNC:467]	-0.28001174	
ORC5	origin recognition complex subunit 5 [Source:HGNC Symbol;Acc:HGNC:8491]	-0.28024173	
TMEM164	transmembrane protein 164 [Source:HGNC Symbol;Acc:HGNC:26217]	-0.28035507	
RBM25	RNA binding motif protein 25 [Source:HGNC Symbol;Acc:HGNC:23244]	-0.28038415	
TAF15	TATA-box binding protein associated factor 15 [Source:HGNC Symbol;Acc:HGNC:11547]	-0.28050998	
ANKMY2	ankyrin repeat and MYND domain containing 2 [Source:HGNC Symbol;Acc:HGNC:25370]	-0.28082886	
FOXO3	forkhead box O3 [Source:HGNC Symbol;Acc:HGNC:3821]	-0.2808895	
AMY2A	amylase alpha 2A [Source:HGNC Symbol;Acc:HGNC:477]	-0.28092393	
TXLNG	taxilin gamma [Source:HGNC Symbol;Acc:HGNC:18578]	-0.28109437	
SLC35B3	solute carrier family 35 member B3 [Source:HGNC Symbol;Acc:HGNC:21601]	-0.28113455	
GSK3B	glycogen synthase kinase 3 beta [Source:HGNC Symbol;Acc:HGNC:4617]	-0.2813713	
C18orf25	chromosome 18 open reading frame 25 [Source:HGNC Symbol;Acc:HGNC:28172]	-0.2815607	
SRSF7	serine and arginine rich splicing factor 7 [Source:HGNC Symbol;Acc:HGNC:10789]	-0.28160745	
ZNF395	zinc finger protein 395 [Source:HGNC Symbol;Acc:HGNC:18737]	-0.2818149	
CCT5	chaperonin containing TCP1 subunit 5 [Source:HGNC Symbol;Acc:HGNC:1618]	-0.2818284	
SEC16A	SEC16 homolog A, endoplasmic reticulum export factor [Source:HGNC Symbol;Acc:HGNC:29006]	-0.2819037	
SIPA1L3	signal induced proliferation associated 1 like 3 [Source:HGNC Symbol;Acc:HGNC:23801]	-0.28212404	
PARP3	poly(ADP-ribose) polymerase family member 3 [Source:HGNC Symbol;Acc:HGNC:273]	-0.28228676	
ATXN2L	ataxin 2 like [Source:HGNC Symbol;Acc:HGNC:31326]	-0.2824533	
PHF12	PHD finger protein 12 [Source:HGNC Symbol;Acc:HGNC:20816]	-0.28254327	
TCERG1	transcription elongation regulator 1 [Source:HGNC Symbol;Acc:HGNC:15630]	-0.28268838	
SETD5	SET domain containing 5 [Source:HGNC Symbol;Acc:HGNC:25566]	-0.28278673	
UBE2R2	ubiquitin conjugating enzyme E2 R2 [Source:HGNC Symbol;Acc:HGNC:19907]	-0.28292724	
DCP1B	decapping mRNA 1B [Source:HGNC Symbol;Acc:HGNC:24451]	-0.28324246	
NCOR1	nuclear receptor corepressor 1 [Source:HGNC Symbol;Acc:HGNC:7672]	-0.28342816	
MICAL3	microtubule associated monooxygenase, calponin and LIM domain containing 3 [Source:HGNC Symbol;Acc:HGNC:24694]	-0.28347486	
MAP2K4	mitogen-activated protein kinase kinase 4 [Source:HGNC Symbol;Acc:HGNC:6844]	-0.28357422	
YTHDC1	YTH domain containing 1 [Source:HGNC Symbol;Acc:HGNC:30626]	-0.28360352	
MAPK8	mitogen-activated protein kinase 8 [Source:HGNC Symbol;Acc:HGNC:6881]	-0.28378823	
MSH2	mutS homolog 2 [Source:HGNC Symbol;Acc:HGNC:7325]	-0.28461686	
FAM149B1	family with sequence similarity 149 member B1 [Source:HGNC Symbol;Acc:HGNC:29162]	-0.28474134	
CBX5	chromobox 5 [Source:HGNC Symbol;Acc:HGNC:1555]	-0.28491867	
EXOSC1	exosome component 1 [Source:HGNC Symbol;Acc:HGNC:17286]	-0.2850601	
ZBP1	Z-DNA binding protein 1 [Source:HGNC Symbol;Acc:HGNC:16176]	-0.2856116	
ERBIN	erbb2 interacting protein [Source:HGNC Symbol;Acc:HGNC:15842]	-0.28617537	
NOP14	NOP14 nucleolar protein [Source:HGNC Symbol;Acc:HGNC:16821]	-0.28618768	
LDHB	lactate dehydrogenase B [Source:HGNC Symbol;Acc:HGNC:6541]	-0.28622285	
NXN	nucleoredoxin [Source:HGNC Symbol;Acc:HGNC:18008]	-0.28708285	
SNX27	sorting nexin 27 [Source:HGNC Symbol;Acc:HGNC:20073]	-0.2871475	
ADCY3	adenylate cyclase 3 [Source:HGNC Symbol;Acc:HGNC:234]	-0.2873429	
FAM13B	family with sequence similarity 13 member B [Source:HGNC Symbol;Acc:HGNC:1335]	-0.28771463	
LGALS9	galectin 9 [Source:HGNC Symbol;Acc:HGNC:6570]	-0.28829888	
TNPO1	transportin 1 [Source:HGNC Symbol;Acc:HGNC:6401]	-0.28830022	
UNC5CL	unc-5 family C-terminal like [Source:HGNC Symbol;Acc:HGNC:21203]	-0.28867826	
SNAPC3	small nuclear RNA activating complex polypeptide 3 [Source:HGNC Symbol;Acc:HGNC:11136]	-0.28914985	
ZC3H6	zinc finger CCCH-type containing 6 [Source:HGNC Symbol;Acc:HGNC:24762]	-0.28939328	
ITCH	itchy E3 ubiquitin protein ligase [Source:HGNC Symbol;Acc:HGNC:13890]	-0.28943917	
COP1	COP1 E3 ubiquitin ligase [Source:HGNC Symbol;Acc:HGNC:17440]	-0.28945473	
H1-2	H1.2 linker histone, cluster member [Source:HGNC Symbol;Acc:HGNC:4716]	-0.2894832	
UBE2S	ubiquitin conjugating enzyme E2 S [Source:HGNC Symbol;Acc:HGNC:17895]	-0.2896582	
ORC4	origin recognition complex subunit 4 [Source:HGNC Symbol;Acc:HGNC:8490]	-0.28989914	
PHGDH	phosphoglycerate dehydrogenase [Source:HGNC Symbol;Acc:HGNC:8923]	-0.28999078	
RABEP1	rabaptin, RAB GTPase binding effector protein 1 [Source:HGNC Symbol;Acc:HGNC:17677]	-0.2900086	
NSMCE1	NSE1 homolog, SMC5-SMC6 complex component [Source:HGNC Symbol;Acc:HGNC:29897]	-0.29001376	
SMAD5	SMAD family member 5 [Source:HGNC Symbol;Acc:HGNC:6771]	-0.29035437	
SESN1	sestrin 1 [Source:HGNC Symbol;Acc:HGNC:21595]	-0.2906893	
TTYH3	tweety family member 3 [Source:HGNC Symbol;Acc:HGNC:22222]	-0.29130638	
JMJD1C	jumonji domain containing 1C [Source:HGNC Symbol;Acc:HGNC:12313]	-0.2917009	
KIAA2026	KIAA2026 [Source:HGNC Symbol;Acc:HGNC:23378]	-0.29184067	
ENTREP3	endosomal transmembrane epsin interactor 3 [Source:HGNC Symbol;Acc:HGNC:1233]	-0.29187343	
SLC25A27	solute carrier family 25 member 27 [Source:HGNC Symbol;Acc:HGNC:21065]	-0.29189757	
RNF130	ring finger protein 130 [Source:HGNC Symbol;Acc:HGNC:18280]	-0.29237962	
ASXL2	ASXL transcriptional regulator 2 [Source:HGNC Symbol;Acc:HGNC:23805]	-0.29243037	
CPSF6	cleavage and polyadenylation specific factor 6 [Source:HGNC Symbol;Acc:HGNC:13871]	-0.29273263	
IDH2	isocitrate dehydrogenase (NADP(+)) 2 [Source:HGNC Symbol;Acc:HGNC:5383]	-0.29285893	
HNRNPA2B1	heterogeneous nuclear ribonucleoprotein A2/B1 [Source:HGNC Symbol;Acc:HGNC:5033]	-0.29323262	
TESC	tescalcin [Source:HGNC Symbol;Acc:HGNC:26065]	-0.29329246	
FANCI	FA complementation group I [Source:HGNC Symbol;Acc:HGNC:25568]	-0.29345056	
SMIM4	small integral membrane protein 4 [Source:HGNC Symbol;Acc:HGNC:37257]	-0.2940035	
USP7	ubiquitin specific peptidase 7 [Source:HGNC Symbol;Acc:HGNC:12630]	-0.29415023	
RLF	RLF zinc finger [Source:HGNC Symbol;Acc:HGNC:10025]	-0.29431224	
SLC38A9	solute carrier family 38 member 9 [Source:HGNC Symbol;Acc:HGNC:26907]	-0.29437438	
TTC14	tetratricopeptide repeat domain 14 [Source:HGNC Symbol;Acc:HGNC:24697]	-0.29524887	
MT-CO2	mitochondrially encoded cytochrome c oxidase II [Source:HGNC Symbol;Acc:HGNC:7421]	-0.2955965	
TIMM9	translocase of inner mitochondrial membrane 9 [Source:HGNC Symbol;Acc:HGNC:11819]	-0.2956732	
N4BP2L2	NEDD4 binding protein 2 like 2 [Source:HGNC Symbol;Acc:HGNC:26916]	-0.29586667	
KIZ	kizuna centrosomal protein [Source:HGNC Symbol;Acc:HGNC:15865]	-0.2960488	
RPS6KB1	ribosomal protein S6 kinase B1 [Source:HGNC Symbol;Acc:HGNC:10436]	-0.2961524	
ZNF407	zinc finger protein 407 [Source:HGNC Symbol;Acc:HGNC:19904]	-0.2963424	
AFG1L	AFG1 like ATPase [Source:HGNC Symbol;Acc:HGNC:16411]	-0.29642072	
RPL10	ribosomal protein L10 [Source:HGNC Symbol;Acc:HGNC:10298]	-0.29645702	
CNOT6L	CCR4-NOT transcription complex subunit 6 like [Source:HGNC Symbol;Acc:HGNC:18042]	-0.29651922	
DRG1	developmentally regulated GTP binding protein 1 [Source:HGNC Symbol;Acc:HGNC:3029]	-0.2968523	
ITPR2	inositol 1,4,5-trisphosphate receptor type 2 [Source:HGNC Symbol;Acc:HGNC:6181]	-0.29695085	
SH2D3C	SH2 domain containing 3C [Source:HGNC Symbol;Acc:HGNC:16884]	-0.29709935	
ERCC6L2	ERCC excision repair 6 like 2 [Source:HGNC Symbol;Acc:HGNC:26922]	-0.2972487	
PSMB10	proteasome 20S subunit beta 10 [Source:HGNC Symbol;Acc:HGNC:9538]	-0.2972602	
CBR1	carbonyl reductase 1 [Source:HGNC Symbol;Acc:HGNC:1548]	-0.29727006	
WWOX	WW domain containing oxidoreductase [Source:HGNC Symbol;Acc:HGNC:12799]	-0.29731667	
BCAS3	BCAS3 microtubule associated cell migration factor [Source:HGNC Symbol;Acc:HGNC:14347]	-0.29733267	
PHKB	phosphorylase kinase regulatory subunit beta [Source:HGNC Symbol;Acc:HGNC:8927]	-0.2975232	
KANTR	KANTR integral membrane protein [Source:HGNC Symbol;Acc:HGNC:49510]	-0.2975774	
ATP6V0A2	ATPase H+ transporting V0 subunit a2 [Source:HGNC Symbol;Acc:HGNC:18481]	-0.29758078	
TTC28	tetratricopeptide repeat domain 28 [Source:HGNC Symbol;Acc:HGNC:29179]	-0.29766905	
BRD1	bromodomain containing 1 [Source:HGNC Symbol;Acc:HGNC:1102]	-0.2977621	
SCP2	sterol carrier protein 2 [Source:HGNC Symbol;Acc:HGNC:10606]	-0.2978537	
SLC16A10	solute carrier family 16 member 10 [Source:HGNC Symbol;Acc:HGNC:17027]	-0.2979612	
UBE2V2	ubiquitin conjugating enzyme E2 V2 [Source:HGNC Symbol;Acc:HGNC:12495]	-0.29843712	
CD9	CD9 molecule [Source:HGNC Symbol;Acc:HGNC:1709]	-0.2989673	
ZFP62	ZFP62 zinc finger protein [Source:HGNC Symbol;Acc:HGNC:23241]	-0.30037096	
MICALL1	MICAL like 1 [Source:HGNC Symbol;Acc:HGNC:29804]	-0.3005973	
NIN	ninein [Source:HGNC Symbol;Acc:HGNC:14906]	-0.30087993	
RALA	RAS like proto-oncogene A [Source:HGNC Symbol;Acc:HGNC:9839]	-0.30155358	
PVR	PVR cell adhesion molecule [Source:HGNC Symbol;Acc:HGNC:9705]	-0.30157807	
BCKDHB	branched chain keto acid dehydrogenase E1 subunit beta [Source:HGNC Symbol;Acc:HGNC:987]	-0.30158475	
MSH3	mutS homolog 3 [Source:HGNC Symbol;Acc:HGNC:7326]	-0.30262712	
RAB3GAP1	RAB3 GTPase activating protein catalytic subunit 1 [Source:HGNC Symbol;Acc:HGNC:17063]	-0.30300862	
ATG3	autophagy related 3 [Source:HGNC Symbol;Acc:HGNC:20962]	-0.3032368	
PDPK1	3-phosphoinositide dependent protein kinase 1 [Source:HGNC Symbol;Acc:HGNC:8816]	-0.30333844	
HIPK1	homeodomain interacting protein kinase 1 [Source:HGNC Symbol;Acc:HGNC:19006]	-0.30338544	
TRAF3IP2	TRAF3 interacting protein 2 [Source:HGNC Symbol;Acc:HGNC:1343]	-0.30340895	
RPS13	ribosomal protein S13 [Source:HGNC Symbol;Acc:HGNC:10386]	-0.30354297	
RELCH	RAB11 binding and LisH domain, coiled-coil and HEAT repeat containing [Source:HGNC Symbol;Acc:HGNC:29289]	-0.30358332	
RGCC	regulator of cell cycle [Source:HGNC Symbol;Acc:HGNC:20369]	-0.30431065	
SYNRG	synergin gamma [Source:HGNC Symbol;Acc:HGNC:557]	-0.304411	
DIDO1	death inducer-obliterator 1 [Source:HGNC Symbol;Acc:HGNC:2680]	-0.30443135	
DNAJB9	DnaJ heat shock protein family (Hsp40) member B9 [Source:HGNC Symbol;Acc:HGNC:6968]	-0.30457222	
PPP1R21	protein phosphatase 1 regulatory subunit 21 [Source:HGNC Symbol;Acc:HGNC:30595]	-0.30458245	
N4BP2L1	NEDD4 binding protein 2 like 1 [Source:HGNC Symbol;Acc:HGNC:25037]	-0.3047384	
TULP4	TUB like protein 4 [Source:HGNC Symbol;Acc:HGNC:15530]	-0.30526975	
LCOR	ligand dependent nuclear receptor corepressor [Source:HGNC Symbol;Acc:HGNC:29503]	-0.30535868	
STRN3	striatin 3 [Source:HGNC Symbol;Acc:HGNC:15720]	-0.30553564	
USP12	ubiquitin specific peptidase 12 [Source:HGNC Symbol;Acc:HGNC:20485]	-0.30597183	
PCNA	proliferating cell nuclear antigen [Source:HGNC Symbol;Acc:HGNC:8729]	-0.3060412	
RARS2	arginyl-tRNA synthetase 2, mitochondrial [Source:HGNC Symbol;Acc:HGNC:21406]	-0.30606815	
UBR1	ubiquitin protein ligase E3 component n-recognin 1 [Source:HGNC Symbol;Acc:HGNC:16808]	-0.30692026	
CLPB	caseinolytic mitochondrial matrix peptidase chaperone subunit B [Source:HGNC Symbol;Acc:HGNC:30664]	-0.30706078	
ABI3	ABI family member 3 [Source:HGNC Symbol;Acc:HGNC:29859]	-0.3074959	
DMTF1	cyclin D binding myb like transcription factor 1 [Source:HGNC Symbol;Acc:HGNC:14603]	-0.30761638	
C1QBP	complement C1q binding protein [Source:HGNC Symbol;Acc:HGNC:1243]	-0.307685	
ME2	malic enzyme 2 [Source:HGNC Symbol;Acc:HGNC:6984]	-0.30792946	
TCOF1	treacle ribosome biogenesis factor 1 [Source:HGNC Symbol;Acc:HGNC:11654]	-0.3079998	
DCUN1D1	defective in cullin neddylation 1 domain containing 1 [Source:HGNC Symbol;Acc:HGNC:18184]	-0.30812842	
MCPH1	microcephalin 1 [Source:HGNC Symbol;Acc:HGNC:6954]	-0.3083796	
MTAP	methylthioadenosine phosphorylase [Source:HGNC Symbol;Acc:HGNC:7413]	-0.3085465	
BTAF1	B-TFIID TATA-box binding protein associated factor 1 [Source:HGNC Symbol;Acc:HGNC:17307]	-0.308582	
ANAPC5	anaphase promoting complex subunit 5 [Source:HGNC Symbol;Acc:HGNC:15713]	-0.30883697	
IMPDH2	inosine monophosphate dehydrogenase 2 [Source:HGNC Symbol;Acc:HGNC:6053]	-0.30919	
SLTM	SAFB like transcription modulator [Source:HGNC Symbol;Acc:HGNC:20709]	-0.30922017	
SPOPL	speckle type BTB/POZ protein like [Source:HGNC Symbol;Acc:HGNC:27934]	-0.30936885	
GNGT2	G protein subunit gamma transducin 2 [Source:HGNC Symbol;Acc:HGNC:4412]	-0.30942494	
CDON	cell adhesion associated, oncogene regulated [Source:HGNC Symbol;Acc:HGNC:17104]	-0.3095739	
NOL8	nucleolar protein 8 [Source:HGNC Symbol;Acc:HGNC:23387]	-0.3097745	
CPSF3	cleavage and polyadenylation specific factor 3 [Source:HGNC Symbol;Acc:HGNC:2326]	-0.31003648	
PRPF38B	pre-mRNA processing factor 38B [Source:HGNC Symbol;Acc:HGNC:25512]	-0.31025022	
SF1	splicing factor 1 [Source:HGNC Symbol;Acc:HGNC:12950]	-0.31045106	
JUN	Jun proto-oncogene, AP-1 transcription factor subunit [Source:HGNC Symbol;Acc:HGNC:6204]	-0.31045374	
DGUOK	deoxyguanosine kinase [Source:HGNC Symbol;Acc:HGNC:2858]	-0.31076536	
DTX3L	deltex E3 ubiquitin ligase 3L [Source:HGNC Symbol;Acc:HGNC:30323]	-0.31080577	
PPM1K	protein phosphatase, Mg2+/Mn2+ dependent 1K [Source:HGNC Symbol;Acc:HGNC:25415]	-0.31082702	
NAA15	N-alpha-acetyltransferase 15, NatA auxiliary subunit [Source:HGNC Symbol;Acc:HGNC:30782]	-0.31082985	
RNF167	ring finger protein 167 [Source:HGNC Symbol;Acc:HGNC:24544]	-0.31150058	
HP1BP3	heterochromatin protein 1 binding protein 3 [Source:HGNC Symbol;Acc:HGNC:24973]	-0.3118035	
TIA1	TIA1 cytotoxic granule associated RNA binding protein [Source:HGNC Symbol;Acc:HGNC:11802]	-0.31297767	
CBFB	core-binding factor subunit beta [Source:HGNC Symbol;Acc:HGNC:1539]	-0.3130133	
MARK2	microtubule affinity regulating kinase 2 [Source:HGNC Symbol;Acc:HGNC:3332]	-0.31349874	
SNRK	SNF related kinase [Source:HGNC Symbol;Acc:HGNC:30598]	-0.31377846	
PIAS1	protein inhibitor of activated STAT 1 [Source:HGNC Symbol;Acc:HGNC:2752]	-0.31377932	
TAOK1	TAO kinase 1 [Source:HGNC Symbol;Acc:HGNC:29259]	-0.3143681	
INVS	inversin [Source:HGNC Symbol;Acc:HGNC:17870]	-0.31440744	
TMCC1	transmembrane and coiled-coil domain family 1 [Source:HGNC Symbol;Acc:HGNC:29116]	-0.31461316	
PPAT	phosphoribosyl pyrophosphate amidotransferase [Source:HGNC Symbol;Acc:HGNC:9238]	-0.3146438	
C19orf38	chromosome 19 open reading frame 38 [Source:HGNC Symbol;Acc:HGNC:34073]	-0.31483558	
CELSR1	cadherin EGF LAG seven-pass G-type receptor 1 [Source:HGNC Symbol;Acc:HGNC:1850]	-0.31498405	
PRDM2	PR/SET domain 2 [Source:HGNC Symbol;Acc:HGNC:9347]	-0.3152276	
AR	androgen receptor [Source:HGNC Symbol;Acc:HGNC:644]	-0.31533927	
SCAPER	S-phase cyclin A associated protein in the ER [Source:HGNC Symbol;Acc:HGNC:13081]	-0.31553882	
MPHOSPH10	M-phase phosphoprotein 10 [Source:HGNC Symbol;Acc:HGNC:7213]	-0.3157066	
ARHGAP1	Rho GTPase activating protein 1 [Source:HGNC Symbol;Acc:HGNC:673]	-0.3158269	
HSPA8	heat shock protein family A (Hsp70) member 8 [Source:HGNC Symbol;Acc:HGNC:5241]	-0.3158954	
ZNF91	zinc finger protein 91 [Source:HGNC Symbol;Acc:HGNC:13166]	-0.3160613	
RPH3AL	rabphilin 3A like (without C2 domains) [Source:HGNC Symbol;Acc:HGNC:10296]	-0.3162431	
ARAP2	ArfGAP with RhoGAP domain, ankyrin repeat and PH domain 2 [Source:HGNC Symbol;Acc:HGNC:16924]	-0.31647557	
SCD	stearoyl-CoA desaturase [Source:HGNC Symbol;Acc:HGNC:10571]	-0.3165059	
TARDBP	TAR DNA binding protein [Source:HGNC Symbol;Acc:HGNC:11571]	-0.31697306	
PMEL	premelanosome protein [Source:HGNC Symbol;Acc:HGNC:10880]	-0.3172418	
RPL23	ribosomal protein L23 [Source:HGNC Symbol;Acc:HGNC:10316]	-0.3172896	
FARS2	phenylalanyl-tRNA synthetase 2, mitochondrial [Source:HGNC Symbol;Acc:HGNC:21062]	-0.31737557	
EPC1	enhancer of polycomb homolog 1 [Source:HGNC Symbol;Acc:HGNC:19876]	-0.31766957	
SNHG8	small nucleolar RNA host gene 8 [Source:HGNC Symbol;Acc:HGNC:33098]	-0.31802016	
ZKSCAN4	zinc finger with KRAB and SCAN domains 4 [Source:HGNC Symbol;Acc:HGNC:13854]	-0.31829867	
NOP58	NOP58 ribonucleoprotein [Source:HGNC Symbol;Acc:HGNC:29926]	-0.31831226	
PPTC7	protein phosphatase targeting COQ7 [Source:HGNC Symbol;Acc:HGNC:30695]	-0.3183429	
GAPVD1	GTPase activating protein and VPS9 domains 1 [Source:HGNC Symbol;Acc:HGNC:23375]	-0.3187904	
SLC39A11	solute carrier family 39 member 11 [Source:HGNC Symbol;Acc:HGNC:14463]	-0.31888047	
DARS1	aspartyl-tRNA synthetase 1 [Source:HGNC Symbol;Acc:HGNC:2678]	-0.3194162	
RPL30	ribosomal protein L30 [Source:HGNC Symbol;Acc:HGNC:10333]	-0.31947863	
BMT2	base methyltransferase of 25S rRNA 2 homolog [Source:HGNC Symbol;Acc:HGNC:26475]	-0.31962925	
BBIP1	BBSome interacting protein 1 [Source:HGNC Symbol;Acc:HGNC:28093]	-0.31981358	
ETV3	ETS variant transcription factor 3 [Source:HGNC Symbol;Acc:HGNC:3492]	-0.31987542	
IFIH1	interferon induced with helicase C domain 1 [Source:HGNC Symbol;Acc:HGNC:18873]	-0.32019165	
ZNF831	zinc finger protein 831 [Source:HGNC Symbol;Acc:HGNC:16167]	-0.32024875	
ORAI2	ORAI calcium release-activated calcium modulator 2 [Source:HGNC Symbol;Acc:HGNC:21667]	-0.32047173	
SNX29	sorting nexin 29 [Source:HGNC Symbol;Acc:HGNC:30542]	-0.32051152	
ZNF236	zinc finger protein 236 [Source:HGNC Symbol;Acc:HGNC:13028]	-0.3214861	
SENP6	SUMO specific peptidase 6 [Source:HGNC Symbol;Acc:HGNC:20944]	-0.32210058	
NCOA1	nuclear receptor coactivator 1 [Source:HGNC Symbol;Acc:HGNC:7668]	-0.32210517	
LYSMD4	LysM domain containing 4 [Source:HGNC Symbol;Acc:HGNC:26571]	-0.3222438	
H1-5	H1.5 linker histone, cluster member [Source:HGNC Symbol;Acc:HGNC:4719]	-0.32291058	
YLPM1	YLP motif containing 1 [Source:HGNC Symbol;Acc:HGNC:17798]	-0.32319412	
SMIM14	small integral membrane protein 14 [Source:HGNC Symbol;Acc:HGNC:27321]	-0.3235029	
WDR33	WD repeat domain 33 [Source:HGNC Symbol;Acc:HGNC:25651]	-0.32366484	
ZNF398	zinc finger protein 398 [Source:HGNC Symbol;Acc:HGNC:18373]	-0.32376963	
BDP1	B double prime 1, subunit of RNA polymerase III transcription initiation factor IIIB [Source:HGNC Symbol;Acc:HGNC:13652]	-0.32385597	
XPNPEP3	X-prolyl aminopeptidase 3 [Source:HGNC Symbol;Acc:HGNC:28052]	-0.32410967	
TUBA4A	tubulin alpha 4a [Source:HGNC Symbol;Acc:HGNC:12407]	-0.3246236	
MT-ATP8	mitochondrially encoded ATP synthase membrane subunit 8 [Source:HGNC Symbol;Acc:HGNC:7415]	-0.32495248	
GRIPAP1	GRIP1 associated protein 1 [Source:HGNC Symbol;Acc:HGNC:18706]	-0.32502392	
CSTF3	cleavage stimulation factor subunit 3 [Source:HGNC Symbol;Acc:HGNC:2485]	-0.325312	
LMAN2L	lectin, mannose binding 2 like [Source:HGNC Symbol;Acc:HGNC:19263]	-0.32549554	
CSPP1	centrosome and spindle pole associated protein 1 [Source:HGNC Symbol;Acc:HGNC:26193]	-0.32574826	
BRWD1	bromodomain and WD repeat domain containing 1 [Source:HGNC Symbol;Acc:HGNC:12760]	-0.32593167	
CCT3	chaperonin containing TCP1 subunit 3 [Source:HGNC Symbol;Acc:HGNC:1616]	-0.32640815	
ABL2	ABL proto-oncogene 2, non-receptor tyrosine kinase [Source:HGNC Symbol;Acc:HGNC:77]	-0.32668617	
NUB1	negative regulator of ubiquitin like proteins 1 [Source:HGNC Symbol;Acc:HGNC:17623]	-0.32677326	
C16orf54	chromosome 16 open reading frame 54 [Source:HGNC Symbol;Acc:HGNC:26649]	-0.32696107	
DHX30	DExH-box helicase 30 [Source:HGNC Symbol;Acc:HGNC:16716]	-0.3273842	
TBXA2R	thromboxane A2 receptor [Source:HGNC Symbol;Acc:HGNC:11608]	-0.32807583	
IMMP1L	inner mitochondrial membrane peptidase subunit 1 [Source:HGNC Symbol;Acc:HGNC:26317]	-0.3282639	
SAYSD1	SAYSVFN motif domain containing 1 [Source:HGNC Symbol;Acc:HGNC:21025]	-0.3283936	
KLHL6	kelch like family member 6 [Source:HGNC Symbol;Acc:HGNC:18653]	-0.32839444	
MAP7	microtubule associated protein 7 [Source:HGNC Symbol;Acc:HGNC:6869]	-0.32878274	
IPO11	importin 11 [Source:HGNC Symbol;Acc:HGNC:20628]	-0.3292723	
TUT4	terminal uridylyl transferase 4 [Source:HGNC Symbol;Acc:HGNC:28981]	-0.32992962	
CTNNBL1	catenin beta like 1 [Source:HGNC Symbol;Acc:HGNC:15879]	-0.33070225	
INPP5F	inositol polyphosphate-5-phosphatase F [Source:HGNC Symbol;Acc:HGNC:17054]	-0.33098164	
EIF4G1	eukaryotic translation initiation factor 4 gamma 1 [Source:HGNC Symbol;Acc:HGNC:3296]	-0.3316277	
ITSN2	intersectin 2 [Source:HGNC Symbol;Acc:HGNC:6184]	-0.3317406	
DCAF17	DDB1 and CUL4 associated factor 17 [Source:HGNC Symbol;Acc:HGNC:25784]	-0.3320425	
LY9	lymphocyte antigen 9 [Source:HGNC Symbol;Acc:HGNC:6730]	-0.33217797	
RCC2	regulator of chromosome condensation 2 [Source:HGNC Symbol;Acc:HGNC:30297]	-0.33236626	
PNISR	PNN interacting serine and arginine rich protein [Source:HGNC Symbol;Acc:HGNC:21222]	-0.33272454	
METTL8	methyltransferase 8, methylcytidine [Source:HGNC Symbol;Acc:HGNC:25856]	-0.33273134	
UBE4A	ubiquitination factor E4A [Source:HGNC Symbol;Acc:HGNC:12499]	-0.33305264	
ZMYM2	zinc finger MYM-type containing 2 [Source:HGNC Symbol;Acc:HGNC:12989]	-0.33329436	
RAP1GDS1	Rap1 GTPase-GDP dissociation stimulator 1 [Source:HGNC Symbol;Acc:HGNC:9859]	-0.33335066	
SLC37A1	solute carrier family 37 member 1 [Source:HGNC Symbol;Acc:HGNC:11024]	-0.33337978	
TOMM70	translocase of outer mitochondrial membrane 70 [Source:HGNC Symbol;Acc:HGNC:11985]	-0.33347788	
SORCS2	sortilin related VPS10 domain containing receptor 2 [Source:HGNC Symbol;Acc:HGNC:16698]	-0.33351746	
MAGT1	magnesium transporter 1 [Source:HGNC Symbol;Acc:HGNC:28880]	-0.33387348	
PPARGC1B	PPARG coactivator 1 beta [Source:HGNC Symbol;Acc:HGNC:30022]	-0.3339641	
KIDINS220	kinase D interacting substrate 220 [Source:HGNC Symbol;Acc:HGNC:29508]	-0.33446512	
MECP2	methyl-CpG binding protein 2 [Source:HGNC Symbol;Acc:HGNC:6990]	-0.33463734	
CEP68	centrosomal protein 68 [Source:HGNC Symbol;Acc:HGNC:29076]	-0.3349254	
OTULINL	OTU deubiquitinase with linear linkage specificity like [Source:HGNC Symbol;Acc:HGNC:25629]	-0.335334	
USP40	ubiquitin specific peptidase 40 [Source:HGNC Symbol;Acc:HGNC:20069]	-0.3355148	
RPL27A	ribosomal protein L27a [Source:HGNC Symbol;Acc:HGNC:10329]	-0.3357626	
VAV3	vav guanine nucleotide exchange factor 3 [Source:HGNC Symbol;Acc:HGNC:12659]	-0.33634323	
UGGT1	UDP-glucose glycoprotein glucosyltransferase 1 [Source:HGNC Symbol;Acc:HGNC:15663]	-0.33659273	
GNL3	G protein nucleolar 3 [Source:HGNC Symbol;Acc:HGNC:29931]	-0.33684075	
PCM1	pericentriolar material 1 [Source:HGNC Symbol;Acc:HGNC:8727]	-0.3369112	
RBM5	RNA binding motif protein 5 [Source:HGNC Symbol;Acc:HGNC:9902]	-0.3371649	
SGPP1	sphingosine-1-phosphate phosphatase 1 [Source:HGNC Symbol;Acc:HGNC:17720]	-0.33745673	
PPP4R2	protein phosphatase 4 regulatory subunit 2 [Source:HGNC Symbol;Acc:HGNC:18296]	-0.33809716	
MT-ND1	mitochondrially encoded NADH:ubiquinone oxidoreductase core subunit 1 [Source:HGNC Symbol;Acc:HGNC:7455]	-0.3381775	
MYBBP1A	MYB binding protein 1a [Source:HGNC Symbol;Acc:HGNC:7546]	-0.33834088	
RFC1	replication factor C subunit 1 [Source:HGNC Symbol;Acc:HGNC:9969]	-0.33861163	
PLEKHA1	pleckstrin homology domain containing A1 [Source:HGNC Symbol;Acc:HGNC:14335]	-0.33962303	
TBL1XR1	TBL1X/Y related 1 [Source:HGNC Symbol;Acc:HGNC:29529]	-0.3396302	
SOS1	SOS Ras/Rac guanine nucleotide exchange factor 1 [Source:HGNC Symbol;Acc:HGNC:11187]	-0.34060875	
POLR1A	RNA polymerase I subunit A [Source:HGNC Symbol;Acc:HGNC:17264]	-0.34200776	
MAP3K14	mitogen-activated protein kinase kinase kinase 14 [Source:HGNC Symbol;Acc:HGNC:6853]	-0.34209353	
NFATC3	nuclear factor of activated T cells 3 [Source:HGNC Symbol;Acc:HGNC:7777]	-0.34242165	
SCAI	suppressor of cancer cell invasion [Source:HGNC Symbol;Acc:HGNC:26709]	-0.34298626	
KRIT1	KRIT1 ankyrin repeat containing [Source:HGNC Symbol;Acc:HGNC:1573]	-0.34304678	
MRPL23	mitochondrial ribosomal protein L23 [Source:HGNC Symbol;Acc:HGNC:10322]	-0.34309494	
RPS27	ribosomal protein S27 [Source:HGNC Symbol;Acc:HGNC:10416]	-0.34316477	
FRS2	fibroblast growth factor receptor substrate 2 [Source:HGNC Symbol;Acc:HGNC:16971]	-0.3431992	
CDKN2D	cyclin dependent kinase inhibitor 2D [Source:HGNC Symbol;Acc:HGNC:1790]	-0.34331402	
NT5DC1	5'-nucleotidase domain containing 1 [Source:HGNC Symbol;Acc:HGNC:21556]	-0.34357893	
NPM3	nucleophosmin/nucleoplasmin 3 [Source:HGNC Symbol;Acc:HGNC:7931]	-0.34384105	
IGF1R	insulin like growth factor 1 receptor [Source:HGNC Symbol;Acc:HGNC:5465]	-0.34399143	
HDAC8	histone deacetylase 8 [Source:HGNC Symbol;Acc:HGNC:13315]	-0.34532994	
DAPK1	death associated protein kinase 1 [Source:HGNC Symbol;Acc:HGNC:2674]	-0.34578577	
PWWP2A	PWWP domain containing 2A [Source:HGNC Symbol;Acc:HGNC:29406]	-0.34700465	
DDX18	DEAD-box helicase 18 [Source:HGNC Symbol;Acc:HGNC:2741]	-0.34790254	
GPRASP1	G protein-coupled receptor associated sorting protein 1 [Source:HGNC Symbol;Acc:HGNC:24834]	-0.3481234	
UQCC1	ubiquinol-cytochrome c reductase complex assembly factor 1 [Source:HGNC Symbol;Acc:HGNC:15891]	-0.34825882	
NGLY1	N-glycanase 1 [Source:HGNC Symbol;Acc:HGNC:17646]	-0.34869844	
SELENOP	selenoprotein P [Source:HGNC Symbol;Acc:HGNC:10751]	-0.34930882	
USP34	ubiquitin specific peptidase 34 [Source:HGNC Symbol;Acc:HGNC:20066]	-0.34988794	
GUCD1	guanylyl cyclase domain containing 1 [Source:HGNC Symbol;Acc:HGNC:14237]	-0.34991902	
LIMD2	LIM domain containing 2 [Source:HGNC Symbol;Acc:HGNC:28142]	-0.35053113	
ZNFX1	zinc finger NFX1-type containing 1 [Source:HGNC Symbol;Acc:HGNC:29271]	-0.35057923	
RESF1	retroelement silencing factor 1 [Source:HGNC Symbol;Acc:HGNC:25559]	-0.3505946	
NUP214	nucleoporin 214 [Source:HGNC Symbol;Acc:HGNC:8064]	-0.3507775	
DENND6A	DENN domain containing 6A [Source:HGNC Symbol;Acc:HGNC:26635]	-0.35082346	
ORC3	origin recognition complex subunit 3 [Source:HGNC Symbol;Acc:HGNC:8489]	-0.35111287	
POC1B	POC1 centriolar protein B [Source:HGNC Symbol;Acc:HGNC:30836]	-0.35162032	
PKN2	protein kinase N2 [Source:HGNC Symbol;Acc:HGNC:9406]	-0.35169736	
ABCE1	ATP binding cassette subfamily E member 1 [Source:HGNC Symbol;Acc:HGNC:69]	-0.35181263	
GBP7	guanylate binding protein 7 [Source:HGNC Symbol;Acc:HGNC:29606]	-0.35251886	
MGAT4A	alpha-1,3-mannosyl-glycoprotein 4-beta-N-acetylglucosaminyltransferase A [Source:HGNC Symbol;Acc:HGNC:7047]	-0.35335335	
TRIP12	thyroid hormone receptor interactor 12 [Source:HGNC Symbol;Acc:HGNC:12306]	-0.35367954	
HNRNPA0	heterogeneous nuclear ribonucleoprotein A0 [Source:HGNC Symbol;Acc:HGNC:5030]	-0.35402513	
PRMT3	protein arginine methyltransferase 3 [Source:HGNC Symbol;Acc:HGNC:30163]	-0.35448432	
PDS5A	PDS5 cohesin associated factor A [Source:HGNC Symbol;Acc:HGNC:29088]	-0.35450017	
ZNF438	zinc finger protein 438 [Source:HGNC Symbol;Acc:HGNC:21029]	-0.3551712	
RTN4RL1	reticulon 4 receptor like 1 [Source:HGNC Symbol;Acc:HGNC:21329]	-0.3553434	
LDB1	LIM domain binding 1 [Source:HGNC Symbol;Acc:HGNC:6532]	-0.35578725	
SIN3A	SIN3 transcription regulator family member A [Source:HGNC Symbol;Acc:HGNC:19353]	-0.35594666	
MIX23	mitochondrial matrix import factor 23 [Source:HGNC Symbol;Acc:HGNC:31136]	-0.35603654	
CASP8	caspase 8 [Source:HGNC Symbol;Acc:HGNC:1509]	-0.3560671	
GAB3	GRB2 associated binding protein 3 [Source:HGNC Symbol;Acc:HGNC:17515]	-0.3561463	
CHORDC1	cysteine and histidine rich domain containing 1 [Source:HGNC Symbol;Acc:HGNC:14525]	-0.3565809	
ASB13	ankyrin repeat and SOCS box containing 13 [Source:HGNC Symbol;Acc:HGNC:19765]	-0.35692906	
WDR43	WD repeat domain 43 [Source:HGNC Symbol;Acc:HGNC:28945]	-0.3570053	
PVT1	Pvt1 oncogene [Source:HGNC Symbol;Acc:HGNC:9709]	-0.35704672	
FAM117A	family with sequence similarity 117 member A [Source:HGNC Symbol;Acc:HGNC:24179]	-0.35706747	
JADE2	jade family PHD finger 2 [Source:HGNC Symbol;Acc:HGNC:22984]	-0.35726377	
MOV10	Mov10 RISC complex RNA helicase [Source:HGNC Symbol;Acc:HGNC:7200]	-0.35738003	
PHF3	PHD finger protein 3 [Source:HGNC Symbol;Acc:HGNC:8921]	-0.35740957	
LDAH	lipid droplet associated hydrolase [Source:HGNC Symbol;Acc:HGNC:26145]	-0.35773692	
ADK	adenosine kinase [Source:HGNC Symbol;Acc:HGNC:257]	-0.3578504	
TRAF5	TNF receptor associated factor 5 [Source:HGNC Symbol;Acc:HGNC:12035]	-0.3584209	
SPATA6	spermatogenesis associated 6 [Source:HGNC Symbol;Acc:HGNC:18309]	-0.3585828	
HECA	hdc homolog, cell cycle regulator [Source:HGNC Symbol;Acc:HGNC:21041]	-0.3585905	
STAG2	stromal antigen 2 [Source:HGNC Symbol;Acc:HGNC:11355]	-0.35918018	
GGT5	gamma-glutamyltransferase 5 [Source:HGNC Symbol;Acc:HGNC:4260]	-0.3594809	
ZFP36	ZFP36 ring finger protein [Source:HGNC Symbol;Acc:HGNC:12862]	-0.35979217	
PHF20	PHD finger protein 20 [Source:HGNC Symbol;Acc:HGNC:16098]	-0.3603306	
CWF19L2	CWF19 like cell cycle control factor 2 [Source:HGNC Symbol;Acc:HGNC:26508]	-0.36053348	
ZNRF2	zinc and ring finger 2 [Source:HGNC Symbol;Acc:HGNC:22316]	-0.36054108	
RALGAPB	Ral GTPase activating protein non-catalytic subunit beta [Source:HGNC Symbol;Acc:HGNC:29221]	-0.36070162	
HUWE1	HECT, UBA and WWE domain containing E3 ubiquitin protein ligase 1 [Source:HGNC Symbol;Acc:HGNC:30892]	-0.3608123	
MPHOSPH9	M-phase phosphoprotein 9 [Source:HGNC Symbol;Acc:HGNC:7215]	-0.3608372	
USP33	ubiquitin specific peptidase 33 [Source:HGNC Symbol;Acc:HGNC:20059]	-0.36097088	
MT-ND4	mitochondrially encoded NADH:ubiquinone oxidoreductase core subunit 4 [Source:HGNC Symbol;Acc:HGNC:7459]	-0.36111525	
HDHD5	haloacid dehalogenase like hydrolase domain containing 5 [Source:HGNC Symbol;Acc:HGNC:1843]	-0.36179847	
ARHGEF6	Rac/Cdc42 guanine nucleotide exchange factor 6 [Source:HGNC Symbol;Acc:HGNC:685]	-0.3619133	
IL27RA	interleukin 27 receptor subunit alpha [Source:HGNC Symbol;Acc:HGNC:17290]	-0.36236995	
OAS3	2'-5'-oligoadenylate synthetase 3 [Source:HGNC Symbol;Acc:HGNC:8088]	-0.36253235	
ARMC8	armadillo repeat containing 8 [Source:HGNC Symbol;Acc:HGNC:24999]	-0.36319247	
CDK12	cyclin dependent kinase 12 [Source:HGNC Symbol;Acc:HGNC:24224]	-0.36367857	
ATRN	attractin [Source:HGNC Symbol;Acc:HGNC:885]	-0.36414653	
ZHX3	zinc fingers and homeoboxes 3 [Source:HGNC Symbol;Acc:HGNC:15935]	-0.36435312	
ZZZ3	zinc finger ZZ-type containing 3 [Source:HGNC Symbol;Acc:HGNC:24523]	-0.36469108	
TBCEL	tubulin folding cofactor E like [Source:HGNC Symbol;Acc:HGNC:28115]	-0.36536348	
CEP295	centrosomal protein 295 [Source:HGNC Symbol;Acc:HGNC:29366]	-0.365937	
CLIP1	CAP-Gly domain containing linker protein 1 [Source:HGNC Symbol;Acc:HGNC:10461]	-0.3668699	
LIN52	lin-52 DREAM MuvB core complex component [Source:HGNC Symbol;Acc:HGNC:19856]	-0.36842358	
UCHL3	ubiquitin C-terminal hydrolase L3 [Source:HGNC Symbol;Acc:HGNC:12515]	-0.36966428	
ACAP2	ArfGAP with coiled-coil, ankyrin repeat and PH domains 2 [Source:HGNC Symbol;Acc:HGNC:16469]	-0.37030554	
WARS2	tryptophanyl tRNA synthetase 2, mitochondrial [Source:HGNC Symbol;Acc:HGNC:12730]	-0.3703243	
KLF7	KLF transcription factor 7 [Source:HGNC Symbol;Acc:HGNC:6350]	-0.3707448	
ARMC7	armadillo repeat containing 7 [Source:HGNC Symbol;Acc:HGNC:26168]	-0.37289926	
PUM1	pumilio RNA binding family member 1 [Source:HGNC Symbol;Acc:HGNC:14957]	-0.37352842	
TTC17	tetratricopeptide repeat domain 17 [Source:HGNC Symbol;Acc:HGNC:25596]	-0.37481293	
PDE7A	phosphodiesterase 7A [Source:HGNC Symbol;Acc:HGNC:8791]	-0.3753664	
MYO9A	myosin IXA [Source:HGNC Symbol;Acc:HGNC:7608]	-0.3755747	
MAPKAP1	MAPK associated protein 1 [Source:HGNC Symbol;Acc:HGNC:18752]	-0.37560835	
RSRP1	arginine and serine rich protein 1 [Source:HGNC Symbol;Acc:HGNC:25234]	-0.37590542	
SARNP	SAP domain containing ribonucleoprotein [Source:HGNC Symbol;Acc:HGNC:24432]	-0.37641895	
RBM26	RNA binding motif protein 26 [Source:HGNC Symbol;Acc:HGNC:20327]	-0.3766337	
UCK2	uridine-cytidine kinase 2 [Source:HGNC Symbol;Acc:HGNC:12562]	-0.37676725	
SUZ12	SUZ12 polycomb repressive complex 2 subunit [Source:HGNC Symbol;Acc:HGNC:17101]	-0.37703645	
PIAS2	protein inhibitor of activated STAT 2 [Source:HGNC Symbol;Acc:HGNC:17311]	-0.37760854	
SRSF5	serine and arginine rich splicing factor 5 [Source:HGNC Symbol;Acc:HGNC:10787]	-0.37783086	
ADD3	adducin 3 [Source:HGNC Symbol;Acc:HGNC:245]	-0.37855202	
USP47	ubiquitin specific peptidase 47 [Source:HGNC Symbol;Acc:HGNC:20076]	-0.37872344	
ZMYM4	zinc finger MYM-type containing 4 [Source:HGNC Symbol;Acc:HGNC:13055]	-0.37928915	
RPS5	ribosomal protein S5 [Source:HGNC Symbol;Acc:HGNC:10426]	-0.3795717	
HSDL1	hydroxysteroid dehydrogenase like 1 [Source:HGNC Symbol;Acc:HGNC:16475]	-0.38037547	
ANKFY1	ankyrin repeat and FYVE domain containing 1 [Source:HGNC Symbol;Acc:HGNC:20763]	-0.3804063	
GSE1	Gse1 coiled-coil protein [Source:HGNC Symbol;Acc:HGNC:28979]	-0.38088912	
HECTD4	HECT domain E3 ubiquitin protein ligase 4 [Source:HGNC Symbol;Acc:HGNC:26611]	-0.38139606	
PATZ1	POZ/BTB and AT hook containing zinc finger 1 [Source:HGNC Symbol;Acc:HGNC:13071]	-0.38155633	
LRPPRC	leucine rich pentatricopeptide repeat containing [Source:HGNC Symbol;Acc:HGNC:15714]	-0.38242567	
NTRK3	neurotrophic receptor tyrosine kinase 3 [Source:HGNC Symbol;Acc:HGNC:8033]	-0.3824599	
TMEM229B	transmembrane protein 229B [Source:HGNC Symbol;Acc:HGNC:20130]	-0.38478372	
PALS2	protein associated with LIN7 2, MAGUK p55 family member [Source:HGNC Symbol;Acc:HGNC:18167]	-0.3848095	
GPATCH4	G-patch domain containing 4 (gene/pseudogene) [Source:HGNC Symbol;Acc:HGNC:25982]	-0.38481572	
ITGA6	integrin subunit alpha 6 [Source:HGNC Symbol;Acc:HGNC:6142]	-0.38494802	
KLHDC1	kelch domain containing 1 [Source:HGNC Symbol;Acc:HGNC:19836]	-0.3849833	
NT5C3A	5'-nucleotidase, cytosolic IIIA [Source:HGNC Symbol;Acc:HGNC:17820]	-0.38499475	
KMT2D	lysine methyltransferase 2D [Source:HGNC Symbol;Acc:HGNC:7133]	-0.38534135	
URI1	URI1 prefoldin like chaperone [Source:HGNC Symbol;Acc:HGNC:13236]	-0.38575986	
VTI1A	vesicle transport through interaction with t-SNAREs 1A [Source:HGNC Symbol;Acc:HGNC:17792]	-0.38579935	
SDHA	succinate dehydrogenase complex flavoprotein subunit A [Source:HGNC Symbol;Acc:HGNC:10680]	-0.3864092	
TANGO6	transport and golgi organization 6 homolog [Source:HGNC Symbol;Acc:HGNC:25749]	-0.38689783	
CREB1	cAMP responsive element binding protein 1 [Source:HGNC Symbol;Acc:HGNC:2345]	-0.38733944	
MITD1	microtubule interacting and trafficking domain containing 1 [Source:HGNC Symbol;Acc:HGNC:25207]	-0.38749892	
PHF14	PHD finger protein 14 [Source:HGNC Symbol;Acc:HGNC:22203]	-0.3881912	
ZNF281	zinc finger protein 281 [Source:HGNC Symbol;Acc:HGNC:13075]	-0.38855276	
METTL16	methyltransferase 16, N6-methyladenosine [Source:HGNC Symbol;Acc:HGNC:28484]	-0.39058185	
TOM1L2	target of myb1 like 2 membrane trafficking protein [Source:HGNC Symbol;Acc:HGNC:11984]	-0.3914668	
CHD8	chromodomain helicase DNA binding protein 8 [Source:HGNC Symbol;Acc:HGNC:20153]	-0.39172804	
RALGAPA2	Ral GTPase activating protein catalytic subunit alpha 2 [Source:HGNC Symbol;Acc:HGNC:16207]	-0.39178026	
ICE1	interactor of little elongation complex ELL subunit 1 [Source:HGNC Symbol;Acc:HGNC:29154]	-0.391917	
PIBF1	progesterone immunomodulatory binding factor 1 [Source:HGNC Symbol;Acc:HGNC:23352]	-0.39382422	
HLCS	holocarboxylase synthetase [Source:HGNC Symbol;Acc:HGNC:4976]	-0.3939431	
RPS6KA3	ribosomal protein S6 kinase A3 [Source:HGNC Symbol;Acc:HGNC:10432]	-0.39410678	
ZDHHC17	zinc finger DHHC-type palmitoyltransferase 17 [Source:HGNC Symbol;Acc:HGNC:18412]	-0.39423355	
HSPD1	heat shock protein family D (Hsp60) member 1 [Source:HGNC Symbol;Acc:HGNC:5261]	-0.3943207	
RBM33	RNA binding motif protein 33 [Source:HGNC Symbol;Acc:HGNC:27223]	-0.3949913	
SIL1	SIL1 nucleotide exchange factor [Source:HGNC Symbol;Acc:HGNC:24624]	-0.3959303	
TNRC6A	trinucleotide repeat containing adaptor 6A [Source:HGNC Symbol;Acc:HGNC:11969]	-0.39634657	
UBE3C	ubiquitin protein ligase E3C [Source:HGNC Symbol;Acc:HGNC:16803]	-0.39642835	
AKAP9	A-kinase anchoring protein 9 [Source:HGNC Symbol;Acc:HGNC:379]	-0.39680573	
RMDN1	regulator of microtubule dynamics 1 [Source:HGNC Symbol;Acc:HGNC:24285]	-0.39718676	
EIF5	eukaryotic translation initiation factor 5 [Source:HGNC Symbol;Acc:HGNC:3299]	-0.3975231	
HDGFL3	HDGF like 3 [Source:HGNC Symbol;Acc:HGNC:24937]	-0.39792073	
BCL6	BCL6 transcription repressor [Source:HGNC Symbol;Acc:HGNC:1001]	-0.39905018	
EIF4G3	eukaryotic translation initiation factor 4 gamma 3 [Source:HGNC Symbol;Acc:HGNC:3298]	-0.39905408	
EFR3A	EFR3 homolog A [Source:HGNC Symbol;Acc:HGNC:28970]	-0.40017343	
STARD5	StAR related lipid transfer domain containing 5 [Source:HGNC Symbol;Acc:HGNC:18065]	-0.40021208	
ENOX2	ecto-NOX disulfide-thiol exchanger 2 [Source:HGNC Symbol;Acc:HGNC:2259]	-0.400449	
LPCAT3	lysophosphatidylcholine acyltransferase 3 [Source:HGNC Symbol;Acc:HGNC:30244]	-0.40068248	
UBE2D1	ubiquitin conjugating enzyme E2 D1 [Source:HGNC Symbol;Acc:HGNC:12474]	-0.40105185	
MDN1	midasin AAA ATPase 1 [Source:HGNC Symbol;Acc:HGNC:18302]	-0.40106454	
SMAD7	SMAD family member 7 [Source:HGNC Symbol;Acc:HGNC:6773]	-0.4010697	
RPL3	ribosomal protein L3 [Source:HGNC Symbol;Acc:HGNC:10332]	-0.4012856	
TMEM260	transmembrane protein 260 [Source:HGNC Symbol;Acc:HGNC:20185]	-0.40167877	
ARHGAP5	Rho GTPase activating protein 5 [Source:HGNC Symbol;Acc:HGNC:675]	-0.40188715	
NARS2	asparaginyl-tRNA synthetase 2, mitochondrial [Source:HGNC Symbol;Acc:HGNC:26274]	-0.40258157	
CREBBP	CREB binding protein [Source:HGNC Symbol;Acc:HGNC:2348]	-0.40316585	
REV1	REV1 DNA directed polymerase [Source:HGNC Symbol;Acc:HGNC:14060]	-0.40471992	
LIMK2	LIM domain kinase 2 [Source:HGNC Symbol;Acc:HGNC:6614]	-0.40486294	
PAN3	poly(A) specific ribonuclease subunit PAN3 [Source:HGNC Symbol;Acc:HGNC:29991]	-0.40493795	
FAM168A	family with sequence similarity 168 member A [Source:HGNC Symbol;Acc:HGNC:28999]	-0.40523154	
GPHN	gephyrin [Source:HGNC Symbol;Acc:HGNC:15465]	-0.4059196	
CACYBP	calcyclin binding protein [Source:HGNC Symbol;Acc:HGNC:30423]	-0.40598965	
OASL	2'-5'-oligoadenylate synthetase like [Source:HGNC Symbol;Acc:HGNC:8090]	-0.40680033	
PIP4K2A	phosphatidylinositol-5-phosphate 4-kinase type 2 alpha [Source:HGNC Symbol;Acc:HGNC:8997]	-0.40696964	
MAX	MYC associated factor X [Source:HGNC Symbol;Acc:HGNC:6913]	-0.40714294	
AATF	apoptosis antagonizing transcription factor [Source:HGNC Symbol;Acc:HGNC:19235]	-0.40771824	
HIVEP2	HIVEP zinc finger 2 [Source:HGNC Symbol;Acc:HGNC:4921]	-0.4078384	
SLC30A7	solute carrier family 30 member 7 [Source:HGNC Symbol;Acc:HGNC:19306]	-0.4079271	
BCLAF1	BCL2 associated transcription factor 1 [Source:HGNC Symbol;Acc:HGNC:16863]	-0.40926895	
NFYC	nuclear transcription factor Y subunit gamma [Source:HGNC Symbol;Acc:HGNC:7806]	-0.41002575	
ZFP1	ZFP1 zinc finger protein [Source:HGNC Symbol;Acc:HGNC:23328]	-0.41017723	
SND1	staphylococcal nuclease and tudor domain containing 1 [Source:HGNC Symbol;Acc:HGNC:30646]	-0.41038603	
LNPEP	leucyl and cystinyl aminopeptidase [Source:HGNC Symbol;Acc:HGNC:6656]	-0.4105704	
ARID3B	AT-rich interaction domain 3B [Source:HGNC Symbol;Acc:HGNC:14350]	-0.41123718	
ZMYND11	zinc finger MYND-type containing 11 [Source:HGNC Symbol;Acc:HGNC:16966]	-0.41224727	
ATXN2	ataxin 2 [Source:HGNC Symbol;Acc:HGNC:10555]	-0.41341656	
ATP10A	ATPase phospholipid transporting 10A (putative) [Source:HGNC Symbol;Acc:HGNC:13542]	-0.41397905	
FGFR2	fibroblast growth factor receptor 2 [Source:HGNC Symbol;Acc:HGNC:3689]	-0.4144396	
GGACT	gamma-glutamylamine cyclotransferase [Source:HGNC Symbol;Acc:HGNC:25100]	-0.41493696	
DCAF6	DDB1 and CUL4 associated factor 6 [Source:HGNC Symbol;Acc:HGNC:30002]	-0.4153068	
KLF13	KLF transcription factor 13 [Source:HGNC Symbol;Acc:HGNC:13672]	-0.41556042	
ATF7IP	activating transcription factor 7 interacting protein [Source:HGNC Symbol;Acc:HGNC:20092]	-0.4160416	
RFTN1	raftlin, lipid raft linker 1 [Source:HGNC Symbol;Acc:HGNC:30278]	-0.41625002	
SKP1	S-phase kinase associated protein 1 [Source:HGNC Symbol;Acc:HGNC:10899]	-0.41638285	
MT-CO3	mitochondrially encoded cytochrome c oxidase III [Source:HGNC Symbol;Acc:HGNC:7422]	-0.4163877	
ZNRF3	zinc and ring finger 3 [Source:HGNC Symbol;Acc:HGNC:18126]	-0.41684684	
HSPA9	heat shock protein family A (Hsp70) member 9 [Source:HGNC Symbol;Acc:HGNC:5244]	-0.41731846	
PRKDC	protein kinase, DNA-activated, catalytic subunit [Source:HGNC Symbol;Acc:HGNC:9413]	-0.41753855	
SEC24B	SEC24 homolog B, COPII coat complex component [Source:HGNC Symbol;Acc:HGNC:10704]	-0.41836837	
CYB5B	cytochrome b5 type B [Source:HGNC Symbol;Acc:HGNC:24374]	-0.4184746	
TET3	tet methylcytosine dioxygenase 3 [Source:HGNC Symbol;Acc:HGNC:28313]	-0.4189329	
COX10	cytochrome c oxidase assembly factor heme A:farnesyltransferase COX10 [Source:HGNC Symbol;Acc:HGNC:2260]	-0.41927177	
DENND1A	DENN domain containing 1A [Source:HGNC Symbol;Acc:HGNC:29324]	-0.41936037	
STAG1	stromal antigen 1 [Source:HGNC Symbol;Acc:HGNC:11354]	-0.4196152	
BAZ1B	bromodomain adjacent to zinc finger domain 1B [Source:HGNC Symbol;Acc:HGNC:961]	-0.420134	
WAPL	WAPL cohesin release factor [Source:HGNC Symbol;Acc:HGNC:23293]	-0.42056903	
EPSTI1	epithelial stromal interaction 1 [Source:HGNC Symbol;Acc:HGNC:16465]	-0.42094985	
SORL1	sortilin related receptor 1 [Source:HGNC Symbol;Acc:HGNC:11185]	-0.4211247	
KLK8	kallikrein related peptidase 8 [Source:HGNC Symbol;Acc:HGNC:6369]	-0.42113158	
CNOT2	CCR4-NOT transcription complex subunit 2 [Source:HGNC Symbol;Acc:HGNC:7878]	-0.42167848	
CNN3	calponin 3 [Source:HGNC Symbol;Acc:HGNC:2157]	-0.42209885	
TRAPPC12	trafficking protein particle complex subunit 12 [Source:HGNC Symbol;Acc:HGNC:24284]	-0.4228952	
SYNJ2BP	synaptojanin 2 binding protein [Source:HGNC Symbol;Acc:HGNC:18955]	-0.42292482	
CHD6	chromodomain helicase DNA binding protein 6 [Source:HGNC Symbol;Acc:HGNC:19057]	-0.42443815	
EHD3	EH domain containing 3 [Source:HGNC Symbol;Acc:HGNC:3244]	-0.42497385	
TXNDC16	thioredoxin domain containing 16 [Source:HGNC Symbol;Acc:HGNC:19965]	-0.42550468	
CNOT4	CCR4-NOT transcription complex subunit 4 [Source:HGNC Symbol;Acc:HGNC:7880]	-0.42563787	
RNF19A	ring finger protein 19A, RBR E3 ubiquitin protein ligase [Source:HGNC Symbol;Acc:HGNC:13432]	-0.42576328	
MRPS28	mitochondrial ribosomal protein S28 [Source:HGNC Symbol;Acc:HGNC:14513]	-0.42588058	
VIPR1	vasoactive intestinal peptide receptor 1 [Source:HGNC Symbol;Acc:HGNC:12694]	-0.42706615	
PPP3CB	protein phosphatase 3 catalytic subunit beta [Source:HGNC Symbol;Acc:HGNC:9315]	-0.4272499	
PML	PML nuclear body scaffold [Source:HGNC Symbol;Acc:HGNC:9113]	-0.42847374	
ESYT2	extended synaptotagmin 2 [Source:HGNC Symbol;Acc:HGNC:22211]	-0.42902556	
CARD6	caspase recruitment domain family member 6 [Source:HGNC Symbol;Acc:HGNC:16394]	-0.42955503	
FAF1	Fas associated factor 1 [Source:HGNC Symbol;Acc:HGNC:3578]	-0.4297454	
ELP4	elongator acetyltransferase complex subunit 4 [Source:HGNC Symbol;Acc:HGNC:1171]	-0.43068722	
MT-ND3	mitochondrially encoded NADH:ubiquinone oxidoreductase core subunit 3 [Source:HGNC Symbol;Acc:HGNC:7458]	-0.43103492	
NR2C2	nuclear receptor subfamily 2 group C member 2 [Source:HGNC Symbol;Acc:HGNC:7972]	-0.43115407	
RACK1	receptor for activated C kinase 1 [Source:HGNC Symbol;Acc:HGNC:4399]	-0.43117195	
THOC2	THO complex subunit 2 [Source:HGNC Symbol;Acc:HGNC:19073]	-0.43131253	
UBE3A	ubiquitin protein ligase E3A [Source:HGNC Symbol;Acc:HGNC:12496]	-0.4323813	
LRIF1	ligand dependent nuclear receptor interacting factor 1 [Source:HGNC Symbol;Acc:HGNC:30299]	-0.43269315	
N4BP2	NEDD4 binding protein 2 [Source:HGNC Symbol;Acc:HGNC:29851]	-0.43301758	
TNKS	tankyrase [Source:HGNC Symbol;Acc:HGNC:11941]	-0.43331367	
ZNF592	zinc finger protein 592 [Source:HGNC Symbol;Acc:HGNC:28986]	-0.433492	
TMIE	transmembrane inner ear [Source:HGNC Symbol;Acc:HGNC:30800]	-0.43386605	
TMCO4	transmembrane and coiled-coil domains 4 [Source:HGNC Symbol;Acc:HGNC:27393]	-0.4350993	
NME2	NME/NM23 nucleoside diphosphate kinase 2 [Source:HGNC Symbol;Acc:HGNC:7850]	-0.43540022	
SLC16A5	solute carrier family 16 member 5 [Source:HGNC Symbol;Acc:HGNC:10926]	-0.43589014	
DYM	dymeclin [Source:HGNC Symbol;Acc:HGNC:21317]	-0.43592206	
GBP2	guanylate binding protein 2 [Source:HGNC Symbol;Acc:HGNC:4183]	-0.43802527	
IGSF23	immunoglobulin superfamily member 23 [Source:HGNC Symbol;Acc:HGNC:40040]	-0.43810338	
SFMBT1	Scm like with four mbt domains 1 [Source:HGNC Symbol;Acc:HGNC:20255]	-0.43837956	
OSBPL8	oxysterol binding protein like 8 [Source:HGNC Symbol;Acc:HGNC:16396]	-0.43947357	
PIGN	phosphatidylinositol glycan anchor biosynthesis class N [Source:HGNC Symbol;Acc:HGNC:8967]	-0.4408804	
BBS9	Bardet-Biedl syndrome 9 [Source:HGNC Symbol;Acc:HGNC:30000]	-0.44110677	
LIMS1	LIM zinc finger domain containing 1 [Source:HGNC Symbol;Acc:HGNC:6616]	-0.4411429	
FHIT	fragile histidine triad diadenosine triphosphatase [Source:HGNC Symbol;Acc:HGNC:3701]	-0.44149244	
DDX10	DEAD-box helicase 10 [Source:HGNC Symbol;Acc:HGNC:2735]	-0.4418474	
TAF3	TATA-box binding protein associated factor 3 [Source:HGNC Symbol;Acc:HGNC:17303]	-0.4423917	
SFMBT2	Scm like with four mbt domains 2 [Source:HGNC Symbol;Acc:HGNC:20256]	-0.44271353	
LMO4	LIM domain only 4 [Source:HGNC Symbol;Acc:HGNC:6644]	-0.44352904	
LONP2	lon peptidase 2, peroxisomal [Source:HGNC Symbol;Acc:HGNC:20598]	-0.4438101	
DIP2C	disco interacting protein 2 homolog C [Source:HGNC Symbol;Acc:HGNC:29150]	-0.4439386	
DICER1	dicer 1, ribonuclease III [Source:HGNC Symbol;Acc:HGNC:17098]	-0.4441216	
PELI1	pellino E3 ubiquitin protein ligase 1 [Source:HGNC Symbol;Acc:HGNC:8827]	-0.44413507	
CHD1	chromodomain helicase DNA binding protein 1 [Source:HGNC Symbol;Acc:HGNC:1915]	-0.44455442	
PPP1R12B	protein phosphatase 1 regulatory subunit 12B [Source:HGNC Symbol;Acc:HGNC:7619]	-0.4447845	
RBL1	RB transcriptional corepressor like 1 [Source:HGNC Symbol;Acc:HGNC:9893]	-0.4453574	
VAV1	vav guanine nucleotide exchange factor 1 [Source:HGNC Symbol;Acc:HGNC:12657]	-0.44627988	
CHD9	chromodomain helicase DNA binding protein 9 [Source:HGNC Symbol;Acc:HGNC:25701]	-0.44648793	
IRGM	immunity related GTPase M [Source:HGNC Symbol;Acc:HGNC:29597]	-0.44667688	
BANP	BTG3 associated nuclear protein [Source:HGNC Symbol;Acc:HGNC:13450]	-0.4471203	
EHMT1	euchromatic histone lysine methyltransferase 1 [Source:HGNC Symbol;Acc:HGNC:24650]	-0.44759333	
MSRA	methionine sulfoxide reductase A [Source:HGNC Symbol;Acc:HGNC:7377]	-0.44768313	
RPL22L1	ribosomal protein L22 like 1 [Source:HGNC Symbol;Acc:HGNC:27610]	-0.4486095	
DAXX	death domain associated protein [Source:HGNC Symbol;Acc:HGNC:2681]	-0.44898903	
AIG1	androgen induced 1 [Source:HGNC Symbol;Acc:HGNC:21607]	-0.44901693	
RPL28	ribosomal protein L28 [Source:HGNC Symbol;Acc:HGNC:10330]	-0.45029628	
SOX4	SRY-box transcription factor 4 [Source:HGNC Symbol;Acc:HGNC:11200]	-0.45034426	
H4C1	H4 clustered histone 1 [Source:HGNC Symbol;Acc:HGNC:4781]	-0.4508508	
SNRPD3	small nuclear ribonucleoprotein D3 polypeptide [Source:HGNC Symbol;Acc:HGNC:11160]	-0.4519083	
TUBB	tubulin beta class I [Source:HGNC Symbol;Acc:HGNC:20778]	-0.45193267	
ARHGAP35	Rho GTPase activating protein 35 [Source:HGNC Symbol;Acc:HGNC:4591]	-0.45210174	
XRN1	5'-3' exoribonuclease 1 [Source:HGNC Symbol;Acc:HGNC:30654]	-0.45241582	
STK26	serine/threonine kinase 26 [Source:HGNC Symbol;Acc:HGNC:18174]	-0.4534959	
TTC13	tetratricopeptide repeat domain 13 [Source:HGNC Symbol;Acc:HGNC:26204]	-0.4547781	
MTSS1	MTSS I-BAR domain containing 1 [Source:HGNC Symbol;Acc:HGNC:20443]	-0.45551974	
CDK13	cyclin dependent kinase 13 [Source:HGNC Symbol;Acc:HGNC:1733]	-0.4556827	
NFE2L2	NFE2 like bZIP transcription factor 2 [Source:HGNC Symbol;Acc:HGNC:7782]	-0.45828038	
XAF1	XIAP associated factor 1 [Source:HGNC Symbol;Acc:HGNC:30932]	-0.45847455	
SMAD3	SMAD family member 3 [Source:HGNC Symbol;Acc:HGNC:6769]	-0.45880958	
EYA2	EYA transcriptional coactivator and phosphatase 2 [Source:HGNC Symbol;Acc:HGNC:3520]	-0.45898408	
AQR	aquarius intron-binding spliceosomal factor [Source:HGNC Symbol;Acc:HGNC:29513]	-0.45905367	
PRKD3	protein kinase D3 [Source:HGNC Symbol;Acc:HGNC:9408]	-0.45924643	
RNF38	ring finger protein 38 [Source:HGNC Symbol;Acc:HGNC:18052]	-0.46033746	
SMAD1	SMAD family member 1 [Source:HGNC Symbol;Acc:HGNC:6767]	-0.46175042	
DESI2	desumoylating isopeptidase 2 [Source:HGNC Symbol;Acc:HGNC:24264]	-0.4618597	
DYRK1A	dual specificity tyrosine phosphorylation regulated kinase 1A [Source:HGNC Symbol;Acc:HGNC:3091]	-0.46190053	
RPL18A	ribosomal protein L18a [Source:HGNC Symbol;Acc:HGNC:10311]	-0.46210256	
TRIM34	tripartite motif containing 34 [Source:HGNC Symbol;Acc:HGNC:10063]	-0.46222842	
WASHC3	WASH complex subunit 3 [Source:HGNC Symbol;Acc:HGNC:24256]	-0.46245342	
MAP4K3	mitogen-activated protein kinase kinase kinase kinase 3 [Source:HGNC Symbol;Acc:HGNC:6865]	-0.46245593	
RAPGEF1	Rap guanine nucleotide exchange factor 1 [Source:HGNC Symbol;Acc:HGNC:4568]	-0.46514872	
ART2BP	ADP-ribosyltransferase 2B, pseudogene [Source:HGNC Symbol;Acc:HGNC:51489]	-0.465656	
TRIM14	tripartite motif containing 14 [Source:HGNC Symbol;Acc:HGNC:16283]	-0.46591094	
USP32	ubiquitin specific peptidase 32 [Source:HGNC Symbol;Acc:HGNC:19143]	-0.46607497	
TRIM33	tripartite motif containing 33 [Source:HGNC Symbol;Acc:HGNC:16290]	-0.46656322	
ARHGAP45	Rho GTPase activating protein 45 [Source:HGNC Symbol;Acc:HGNC:17102]	-0.4668181	
MIDEAS	mitotic deacetylase associated SANT domain protein [Source:HGNC Symbol;Acc:HGNC:19853]	-0.46839786	
TTC7B	tetratricopeptide repeat domain 7B [Source:HGNC Symbol;Acc:HGNC:19858]	-0.4694265	
STIP1	stress induced phosphoprotein 1 [Source:HGNC Symbol;Acc:HGNC:11387]	-0.47079143	
AKAP8L	A-kinase anchoring protein 8 like [Source:HGNC Symbol;Acc:HGNC:29857]	-0.47089085	
SLC26A10P	solute carrier family 26 member 10, pseudogene [Source:HGNC Symbol;Acc:HGNC:14470]	-0.47162732	
MAN1A2	mannosidase alpha class 1A member 2 [Source:HGNC Symbol;Acc:HGNC:6822]	-0.47195485	
RNF145	ring finger protein 145 [Source:HGNC Symbol;Acc:HGNC:20853]	-0.47210938	
ASB3	ankyrin repeat and SOCS box containing 3 [Source:HGNC Symbol;Acc:HGNC:16013]	-0.47242892	
MDM4	MDM4 regulator of p53 [Source:HGNC Symbol;Acc:HGNC:6974]	-0.47248927	
FBL	fibrillarin [Source:HGNC Symbol;Acc:HGNC:3599]	-0.47252244	
AKAP10	A-kinase anchoring protein 10 [Source:HGNC Symbol;Acc:HGNC:368]	-0.47375768	
RPL35A	ribosomal protein L35a [Source:HGNC Symbol;Acc:HGNC:10345]	-0.47386009	
NUMA1	nuclear mitotic apparatus protein 1 [Source:HGNC Symbol;Acc:HGNC:8059]	-0.4740931	
POU2F1	POU class 2 homeobox 1 [Source:HGNC Symbol;Acc:HGNC:9212]	-0.47446537	
NOP56	NOP56 ribonucleoprotein [Source:HGNC Symbol;Acc:HGNC:15911]	-0.4746913	
DPH6	diphthamine biosynthesis 6 [Source:HGNC Symbol;Acc:HGNC:30543]	-0.4747404	
NRROS	negative regulator of reactive oxygen species [Source:HGNC Symbol;Acc:HGNC:24613]	-0.47480813	
ACSS1	acyl-CoA synthetase short chain family member 1 [Source:HGNC Symbol;Acc:HGNC:16091]	-0.47548288	
ADAR	adenosine deaminase RNA specific [Source:HGNC Symbol;Acc:HGNC:225]	-0.47584814	
CBL	Cbl proto-oncogene [Source:HGNC Symbol;Acc:HGNC:1541]	-0.47612032	
COX16	cytochrome c oxidase assembly factor COX16 [Source:HGNC Symbol;Acc:HGNC:20213]	-0.4762599	
INPP4B	inositol polyphosphate-4-phosphatase type II B [Source:HGNC Symbol;Acc:HGNC:6075]	-0.4765607	
FOXN3	forkhead box N3 [Source:HGNC Symbol;Acc:HGNC:1928]	-0.47689247	
MSL2	MSL complex subunit 2 [Source:HGNC Symbol;Acc:HGNC:25544]	-0.4773474	
PSIP1	PC4 and SFRS1 interacting protein 1 [Source:HGNC Symbol;Acc:HGNC:9527]	-0.47748303	
PPM1B	protein phosphatase, Mg2+/Mn2+ dependent 1B [Source:HGNC Symbol;Acc:HGNC:9276]	-0.47774717	
PAPOLA	poly(A) polymerase alpha [Source:HGNC Symbol;Acc:HGNC:14981]	-0.48121873	
DGKD	diacylglycerol kinase delta [Source:HGNC Symbol;Acc:HGNC:2851]	-0.48160848	
PCCA	propionyl-CoA carboxylase subunit alpha [Source:HGNC Symbol;Acc:HGNC:8653]	-0.4818089	
TBC1D22B	TBC1 domain family member 22B [Source:HGNC Symbol;Acc:HGNC:21602]	-0.48295087	
CELF2	CUGBP Elav-like family member 2 [Source:HGNC Symbol;Acc:HGNC:2550]	-0.48327532	
CRLF3	cytokine receptor like factor 3 [Source:HGNC Symbol;Acc:HGNC:17177]	-0.48343757	
KIAA0040	KIAA0040 [Source:HGNC Symbol;Acc:HGNC:28950]	-0.4835578	
DKC1	dyskerin pseudouridine synthase 1 [Source:HGNC Symbol;Acc:HGNC:2890]	-0.48385957	
HMBOX1	homeobox containing 1 [Source:HGNC Symbol;Acc:HGNC:26137]	-0.4839364	
KCNMB4	potassium calcium-activated channel subfamily M regulatory beta subunit 4 [Source:HGNC Symbol;Acc:HGNC:6289]	-0.48431942	
ARHGEF11	Rho guanine nucleotide exchange factor 11 [Source:HGNC Symbol;Acc:HGNC:14580]	-0.48434308	
EML5	EMAP like 5 [Source:HGNC Symbol;Acc:HGNC:18197]	-0.48437238	
CEPT1	choline/ethanolamine phosphotransferase 1 [Source:HGNC Symbol;Acc:HGNC:24289]	-0.4847615	
C1orf21	chromosome 1 open reading frame 21 [Source:HGNC Symbol;Acc:HGNC:15494]	-0.487085	
ZNF292	zinc finger protein 292 [Source:HGNC Symbol;Acc:HGNC:18410]	-0.4874284	
RPS10	ribosomal protein S10 [Source:HGNC Symbol;Acc:HGNC:10383]	-0.48755407	
ATP13A3	ATPase 13A3 [Source:HGNC Symbol;Acc:HGNC:24113]	-0.487745	
NUP153	nucleoporin 153 [Source:HGNC Symbol;Acc:HGNC:8062]	-0.48839375	
KANSL1L	KAT8 regulatory NSL complex subunit 1 like [Source:HGNC Symbol;Acc:HGNC:26310]	-0.48885062	
CAB39L	calcium binding protein 39 like [Source:HGNC Symbol;Acc:HGNC:20290]	-0.4906935	
JAK1	Janus kinase 1 [Source:HGNC Symbol;Acc:HGNC:6190]	-0.49110258	
GATAD2B	GATA zinc finger domain containing 2B [Source:HGNC Symbol;Acc:HGNC:30778]	-0.49241602	
PGLYRP2	peptidoglycan recognition protein 2 [Source:HGNC Symbol;Acc:HGNC:30013]	-0.49373096	
HNRNPF	heterogeneous nuclear ribonucleoprotein F [Source:HGNC Symbol;Acc:HGNC:5039]	-0.49487153	
BIRC6	baculoviral IAP repeat containing 6 [Source:HGNC Symbol;Acc:HGNC:13516]	-0.4952696	
MAP4K4	mitogen-activated protein kinase kinase kinase kinase 4 [Source:HGNC Symbol;Acc:HGNC:6866]	-0.4954603	
IRF7	interferon regulatory factor 7 [Source:HGNC Symbol;Acc:HGNC:6122]	-0.49618128	
KAT6A	lysine acetyltransferase 6A [Source:HGNC Symbol;Acc:HGNC:13013]	-0.49661577	
EXOC6	exocyst complex component 6 [Source:HGNC Symbol;Acc:HGNC:23196]	-0.4968035	
ITM2A	integral membrane protein 2A [Source:HGNC Symbol;Acc:HGNC:6173]	-0.49728334	
RPL17	ribosomal protein L17 [Source:HGNC Symbol;Acc:HGNC:10307]	-0.49767673	
RAB6B	RAB6B, member RAS oncogene family [Source:HGNC Symbol;Acc:HGNC:14902]	-0.49945784	
TAPT1	transmembrane anterior posterior transformation 1 [Source:HGNC Symbol;Acc:HGNC:26887]	-0.5018361	
DMXL1	Dmx like 1 [Source:HGNC Symbol;Acc:HGNC:2937]	-0.50402004	
ATAD2B	ATPase family AAA domain containing 2B [Source:HGNC Symbol;Acc:HGNC:29230]	-0.50472844	
IKBKB	inhibitor of nuclear factor kappa B kinase subunit beta [Source:HGNC Symbol;Acc:HGNC:5960]	-0.5059743	
L3MBTL3	L3MBTL histone methyl-lysine binding protein 3 [Source:HGNC Symbol;Acc:HGNC:23035]	-0.5065826	
FBXW4	F-box and WD repeat domain containing 4 [Source:HGNC Symbol;Acc:HGNC:10847]	-0.5067582	
TMPO	thymopoietin [Source:HGNC Symbol;Acc:HGNC:11875]	-0.50752014	
CCDC171	coiled-coil domain containing 171 [Source:HGNC Symbol;Acc:HGNC:29828]	-0.5084592	
SMAD4	SMAD family member 4 [Source:HGNC Symbol;Acc:HGNC:6770]	-0.50967336	
R3HDM1	R3H domain containing 1 [Source:HGNC Symbol;Acc:HGNC:9757]	-0.50976384	
SMURF1	SMAD specific E3 ubiquitin protein ligase 1 [Source:HGNC Symbol;Acc:HGNC:16807]	-0.51010215	
FKBP4	FKBP prolyl isomerase 4 [Source:HGNC Symbol;Acc:HGNC:3720]	-0.5116207	
HSPBAP1	HSPB1 associated protein 1 [Source:HGNC Symbol;Acc:HGNC:16389]	-0.5116532	
SCAF8	SR-related CTD associated factor 8 [Source:HGNC Symbol;Acc:HGNC:20959]	-0.51200026	
PARP9	poly(ADP-ribose) polymerase family member 9 [Source:HGNC Symbol;Acc:HGNC:24118]	-0.5129632	
AGK	acylglycerol kinase [Source:HGNC Symbol;Acc:HGNC:21869]	-0.5143507	
CD84	CD84 molecule [Source:HGNC Symbol;Acc:HGNC:1704]	-0.51447135	
TBC1D5	TBC1 domain family member 5 [Source:HGNC Symbol;Acc:HGNC:19166]	-0.51583034	
LIPA	lipase A, lysosomal acid type [Source:HGNC Symbol;Acc:HGNC:6617]	-0.5173081	
PTPRC	protein tyrosine phosphatase receptor type C [Source:HGNC Symbol;Acc:HGNC:9666]	-0.5175393	
UBASH3A	ubiquitin associated and SH3 domain containing A [Source:HGNC Symbol;Acc:HGNC:12462]	-0.51799095	
STIM1	stromal interaction molecule 1 [Source:HGNC Symbol;Acc:HGNC:11386]	-0.51839876	
RPS3	ribosomal protein S3 [Source:HGNC Symbol;Acc:HGNC:10420]	-0.5184964	
WDR12	WD repeat domain 12 [Source:HGNC Symbol;Acc:HGNC:14098]	-0.51887226	
ATP11B	ATPase phospholipid transporting 11B (putative) [Source:HGNC Symbol;Acc:HGNC:13553]	-0.5192643	
RUNDC3B	RUN domain containing 3B [Source:HGNC Symbol;Acc:HGNC:30286]	-0.5195905	
IL17RA	interleukin 17 receptor A [Source:HGNC Symbol;Acc:HGNC:5985]	-0.5228805	
ZNF638	zinc finger protein 638 [Source:HGNC Symbol;Acc:HGNC:17894]	-0.5234128	
LRP6	LDL receptor related protein 6 [Source:HGNC Symbol;Acc:HGNC:6698]	-0.5239515	
BAZ2B	bromodomain adjacent to zinc finger domain 2B [Source:HGNC Symbol;Acc:HGNC:963]	-0.52423966	
CCNY	cyclin Y [Source:HGNC Symbol;Acc:HGNC:23354]	-0.5252641	
BICRA	BRD4 interacting chromatin remodeling complex associated protein [Source:HGNC Symbol;Acc:HGNC:4332]	-0.52554	
ASCC3	activating signal cointegrator 1 complex subunit 3 [Source:HGNC Symbol;Acc:HGNC:18697]	-0.52676195	
OAS2	2'-5'-oligoadenylate synthetase 2 [Source:HGNC Symbol;Acc:HGNC:8087]	-0.52831036	
ABCG1	ATP binding cassette subfamily G member 1 [Source:HGNC Symbol;Acc:HGNC:73]	-0.5288599	
ZNF148	zinc finger protein 148 [Source:HGNC Symbol;Acc:HGNC:12933]	-0.5303079	
SLC25A12	solute carrier family 25 member 12 [Source:HGNC Symbol;Acc:HGNC:10982]	-0.5304774	
MAT2A	methionine adenosyltransferase 2A [Source:HGNC Symbol;Acc:HGNC:6904]	-0.53099656	
SEC63	SEC63 homolog, protein translocation regulator [Source:HGNC Symbol;Acc:HGNC:21082]	-0.53105074	
TSPAN13	tetraspanin 13 [Source:HGNC Symbol;Acc:HGNC:21643]	-0.5324895	
GRAMD1A	GRAM domain containing 1A [Source:HGNC Symbol;Acc:HGNC:29305]	-0.5326724	
DNAJA1	DnaJ heat shock protein family (Hsp40) member A1 [Source:HGNC Symbol;Acc:HGNC:5229]	-0.5332414	
MYLIP	myosin regulatory light chain interacting protein [Source:HGNC Symbol;Acc:HGNC:21155]	-0.5338767	
HSPH1	heat shock protein family H (Hsp110) member 1 [Source:HGNC Symbol;Acc:HGNC:16969]	-0.533942	
MLLT10	MLLT10 histone lysine methyltransferase DOT1L cofactor [Source:HGNC Symbol;Acc:HGNC:16063]	-0.5339702	
MIA2	MIA SH3 domain ER export factor 2 [Source:HGNC Symbol;Acc:HGNC:18432]	-0.53511965	
ACP5	acid phosphatase 5, tartrate resistant [Source:HGNC Symbol;Acc:HGNC:124]	-0.53568035	
PDSS2	decaprenyl diphosphate synthase subunit 2 [Source:HGNC Symbol;Acc:HGNC:23041]	-0.5361343	
USP25	ubiquitin specific peptidase 25 [Source:HGNC Symbol;Acc:HGNC:12624]	-0.5366161	
CHD7	chromodomain helicase DNA binding protein 7 [Source:HGNC Symbol;Acc:HGNC:20626]	-0.53677124	
PLCL1	phospholipase C like 1 (inactive) [Source:HGNC Symbol;Acc:HGNC:9063]	-0.53719014	
ZCCHC7	zinc finger CCHC-type containing 7 [Source:HGNC Symbol;Acc:HGNC:26209]	-0.5372423	
MCMBP	minichromosome maintenance complex binding protein [Source:HGNC Symbol;Acc:HGNC:25782]	-0.5374626	
EPB41	erythrocyte membrane protein band 4.1 [Source:HGNC Symbol;Acc:HGNC:3377]	-0.53753185	
ZNRF1	zinc and ring finger 1 [Source:HGNC Symbol;Acc:HGNC:18452]	-0.5384399	
CDK19	cyclin dependent kinase 19 [Source:HGNC Symbol;Acc:HGNC:19338]	-0.54002154	
RICTOR	RPTOR independent companion of MTOR complex 2 [Source:HGNC Symbol;Acc:HGNC:28611]	-0.54011524	
FKBP5	FKBP prolyl isomerase 5 [Source:HGNC Symbol;Acc:HGNC:3721]	-0.54012126	
PTEN	phosphatase and tensin homolog [Source:HGNC Symbol;Acc:HGNC:9588]	-0.5401418	
ST3GAL1	ST3 beta-galactoside alpha-2,3-sialyltransferase 1 [Source:HGNC Symbol;Acc:HGNC:10862]	-0.5404105	
ANKIB1	ankyrin repeat and IBR domain containing 1 [Source:HGNC Symbol;Acc:HGNC:22215]	-0.5406018	
DNAH8	dynein axonemal heavy chain 8 [Source:HGNC Symbol;Acc:HGNC:2952]	-0.5418443	
TRIM56	tripartite motif containing 56 [Source:HGNC Symbol;Acc:HGNC:19028]	-0.54194766	
CYTH1	cytohesin 1 [Source:HGNC Symbol;Acc:HGNC:9501]	-0.5420707	
RABGAP1	RAB GTPase activating protein 1 [Source:HGNC Symbol;Acc:HGNC:17155]	-0.5422657	
CDKAL1	CDK5 regulatory subunit associated protein 1 like 1 [Source:HGNC Symbol;Acc:HGNC:21050]	-0.543007	
NUP210	nucleoporin 210 [Source:HGNC Symbol;Acc:HGNC:30052]	-0.54334575	
EEF1B2	eukaryotic translation elongation factor 1 beta 2 [Source:HGNC Symbol;Acc:HGNC:3208]	-0.5438132	
TUBA1B	tubulin alpha 1b [Source:HGNC Symbol;Acc:HGNC:18809]	-0.54437166	
MBNL2	muscleblind like splicing regulator 2 [Source:HGNC Symbol;Acc:HGNC:16746]	-0.54542685	
BTG1	BTG anti-proliferation factor 1 [Source:HGNC Symbol;Acc:HGNC:1130]	-0.5462475	
ELK4	ETS transcription factor ELK4 [Source:HGNC Symbol;Acc:HGNC:3326]	-0.5462585	
C5orf58	chromosome 5 open reading frame 58 [Source:HGNC Symbol;Acc:HGNC:37272]	-0.5490473	
SLC14A1	solute carrier family 14 member 1 (Kidd blood group) [Source:HGNC Symbol;Acc:HGNC:10918]	-0.54909456	
RAPGEF6	Rap guanine nucleotide exchange factor 6 [Source:HGNC Symbol;Acc:HGNC:20655]	-0.55037546	
DDX39B	DExD-box helicase 39B [Source:HGNC Symbol;Acc:HGNC:13917]	-0.55089027	
PHF11	PHD finger protein 11 [Source:HGNC Symbol;Acc:HGNC:17024]	-0.5509324	
STAB2	stabilin 2 [Source:HGNC Symbol;Acc:HGNC:18629]	-0.55251926	
SH3BP5	SH3 domain binding protein 5 [Source:HGNC Symbol;Acc:HGNC:10827]	-0.5525612	
KLHL3	kelch like family member 3 [Source:HGNC Symbol;Acc:HGNC:6354]	-0.55325896	
DEGS2	delta 4-desaturase, sphingolipid 2 [Source:HGNC Symbol;Acc:HGNC:20113]	-0.5541474	
RPL26	ribosomal protein L26 [Source:HGNC Symbol;Acc:HGNC:10327]	-0.5553335	
IL16	interleukin 16 [Source:HGNC Symbol;Acc:HGNC:5980]	-0.5553605	
BOLL	boule homolog, RNA binding protein [Source:HGNC Symbol;Acc:HGNC:14273]	-0.5559288	
LYST	lysosomal trafficking regulator [Source:HGNC Symbol;Acc:HGNC:1968]	-0.55643934	
TTC27	tetratricopeptide repeat domain 27 [Source:HGNC Symbol;Acc:HGNC:25986]	-0.55925167	
TDRP	testis development related protein [Source:HGNC Symbol;Acc:HGNC:26951]	-0.55969805	
ZNF644	zinc finger protein 644 [Source:HGNC Symbol;Acc:HGNC:29222]	-0.56038576	
SUSD6	sushi domain containing 6 [Source:HGNC Symbol;Acc:HGNC:19956]	-0.5607851	
RCBTB1	RCC1 and BTB domain containing protein 1 [Source:HGNC Symbol;Acc:HGNC:18243]	-0.56108207	
GPR174	G protein-coupled receptor 174 [Source:HGNC Symbol;Acc:HGNC:30245]	-0.5619664	
CEP350	centrosomal protein 350 [Source:HGNC Symbol;Acc:HGNC:24238]	-0.5624693	
INSR	insulin receptor [Source:HGNC Symbol;Acc:HGNC:6091]	-0.562529	
B4GALNT1	beta-1,4-N-acetyl-galactosaminyltransferase 1 [Source:HGNC Symbol;Acc:HGNC:4117]	-0.5637515	
DNMT3A	DNA methyltransferase 3 alpha [Source:HGNC Symbol;Acc:HGNC:2978]	-0.5643197	
MAD1L1	mitotic arrest deficient 1 like 1 [Source:HGNC Symbol;Acc:HGNC:6762]	-0.5647629	
HERC1	HECT and RLD domain containing E3 ubiquitin protein ligase family member 1 [Source:HGNC Symbol;Acc:HGNC:4867]	-0.5661457	
LRCH1	leucine rich repeats and calponin homology domain containing 1 [Source:HGNC Symbol;Acc:HGNC:20309]	-0.568339	
TNIK	TRAF2 and NCK interacting kinase [Source:HGNC Symbol;Acc:HGNC:30765]	-0.569202	
STRBP	spermatid perinuclear RNA binding protein [Source:HGNC Symbol;Acc:HGNC:16462]	-0.56940955	
GIGYF2	GRB10 interacting GYF protein 2 [Source:HGNC Symbol;Acc:HGNC:11960]	-0.5694392	
RPL4	ribosomal protein L4 [Source:HGNC Symbol;Acc:HGNC:10353]	-0.5701623	
LARP1	La ribonucleoprotein 1, translational regulator [Source:HGNC Symbol;Acc:HGNC:29531]	-0.5712114	
SHPRH	SNF2 histone linker PHD RING helicase [Source:HGNC Symbol;Acc:HGNC:19336]	-0.5715827	
MFSD4A	major facilitator superfamily domain containing 4A [Source:HGNC Symbol;Acc:HGNC:25433]	-0.57380855	
FOXK1	forkhead box K1 [Source:HGNC Symbol;Acc:HGNC:23480]	-0.57511145	
SIAH1	siah E3 ubiquitin protein ligase 1 [Source:HGNC Symbol;Acc:HGNC:10857]	-0.5767034	
FRY	FRY microtubule binding protein [Source:HGNC Symbol;Acc:HGNC:20367]	-0.57679963	
ATF7	activating transcription factor 7 [Source:HGNC Symbol;Acc:HGNC:792]	-0.57741255	
SLC12A6	solute carrier family 12 member 6 [Source:HGNC Symbol;Acc:HGNC:10914]	-0.5774223	
INSYN2B	inhibitory synaptic factor family member 2B [Source:HGNC Symbol;Acc:HGNC:37271]	-0.5775933	
UVRAG	UV radiation resistance associated [Source:HGNC Symbol;Acc:HGNC:12640]	-0.57981163	
RPL19	ribosomal protein L19 [Source:HGNC Symbol;Acc:HGNC:10312]	-0.58006287	
CLEC2D	C-type lectin domain family 2 member D [Source:HGNC Symbol;Acc:HGNC:14351]	-0.5813632	
RANBP9	RAN binding protein 9 [Source:HGNC Symbol;Acc:HGNC:13727]	-0.5818045	
ANKRD28	ankyrin repeat domain 28 [Source:HGNC Symbol;Acc:HGNC:29024]	-0.5839827	
TLE4	TLE family member 4, transcriptional corepressor [Source:HGNC Symbol;Acc:HGNC:11840]	-0.58485585	
RPS14	ribosomal protein S14 [Source:HGNC Symbol;Acc:HGNC:10387]	-0.5861979	
MT-ATP6	mitochondrially encoded ATP synthase membrane subunit 6 [Source:HGNC Symbol;Acc:HGNC:7414]	-0.58721876	
PARP14	poly(ADP-ribose) polymerase family member 14 [Source:HGNC Symbol;Acc:HGNC:29232]	-0.5880145	
RPL10A	ribosomal protein L10a [Source:HGNC Symbol;Acc:HGNC:10299]	-0.5894073	
RPL9	ribosomal protein L9 [Source:HGNC Symbol;Acc:HGNC:10369]	-0.59005374	
HMG20A	high mobility group 20A [Source:HGNC Symbol;Acc:HGNC:5001]	-0.5908014	
NCOA2	nuclear receptor coactivator 2 [Source:HGNC Symbol;Acc:HGNC:7669]	-0.5910097	
MBD5	methyl-CpG binding domain protein 5 [Source:HGNC Symbol;Acc:HGNC:20444]	-0.5912067	
RHOH	ras homolog family member H [Source:HGNC Symbol;Acc:HGNC:686]	-0.59165287	
TANC1	tetratricopeptide repeat, ankyrin repeat and coiled-coil containing 1 [Source:HGNC Symbol;Acc:HGNC:29364]	-0.59430104	
FYB1	FYN binding protein 1 [Source:HGNC Symbol;Acc:HGNC:4036]	-0.5948626	
TXNIP	thioredoxin interacting protein [Source:HGNC Symbol;Acc:HGNC:16952]	-0.59547025	
PDS5B	PDS5 cohesin associated factor B [Source:HGNC Symbol;Acc:HGNC:20418]	-0.59592456	
ABCB7	ATP binding cassette subfamily B member 7 [Source:HGNC Symbol;Acc:HGNC:48]	-0.5962862	
XPO1	exportin 1 [Source:HGNC Symbol;Acc:HGNC:12825]	-0.597976	
WNT5B	Wnt family member 5B [Source:HGNC Symbol;Acc:HGNC:16265]	-0.59830415	
STAMBPL1	STAM binding protein like 1 [Source:HGNC Symbol;Acc:HGNC:24105]	-0.59866184	
TMEM131L	transmembrane 131 like [Source:HGNC Symbol;Acc:HGNC:29146]	-0.59944826	
HEXB	hexosaminidase subunit beta [Source:HGNC Symbol;Acc:HGNC:4879]	-0.59998447	
RPS18	ribosomal protein S18 [Source:HGNC Symbol;Acc:HGNC:10401]	-0.6007227	
RBM6	RNA binding motif protein 6 [Source:HGNC Symbol;Acc:HGNC:9903]	-0.6012248	
FUBP1	far upstream element binding protein 1 [Source:HGNC Symbol;Acc:HGNC:4004]	-0.6013773	
ABCG2	ATP binding cassette subfamily G member 2 (Junior blood group) [Source:HGNC Symbol;Acc:HGNC:74]	-0.6021894	
SMURF2	SMAD specific E3 ubiquitin protein ligase 2 [Source:HGNC Symbol;Acc:HGNC:16809]	-0.6033925	
LRRC4	leucine rich repeat containing 4 [Source:HGNC Symbol;Acc:HGNC:15586]	-0.6056267	
AHCYL2	adenosylhomocysteinase like 2 [Source:HGNC Symbol;Acc:HGNC:22204]	-0.60578555	
ERAP1	endoplasmic reticulum aminopeptidase 1 [Source:HGNC Symbol;Acc:HGNC:18173]	-0.6075068	
PUM2	pumilio RNA binding family member 2 [Source:HGNC Symbol;Acc:HGNC:14958]	-0.6096955	
HIBADH	3-hydroxyisobutyrate dehydrogenase [Source:HGNC Symbol;Acc:HGNC:4907]	-0.6098934	
ARID2	AT-rich interaction domain 2 [Source:HGNC Symbol;Acc:HGNC:18037]	-0.6118419	
RPL7	ribosomal protein L7 [Source:HGNC Symbol;Acc:HGNC:10363]	-0.6126459	
RIF1	replication timing regulatory factor 1 [Source:HGNC Symbol;Acc:HGNC:23207]	-0.6137829	
HS2ST1	heparan sulfate 2-O-sulfotransferase 1 [Source:HGNC Symbol;Acc:HGNC:5193]	-0.6159442	
TRAF3IP3	TRAF3 interacting protein 3 [Source:HGNC Symbol;Acc:HGNC:30766]	-0.61685836	
PPP2R5A	protein phosphatase 2 regulatory subunit B'alpha [Source:HGNC Symbol;Acc:HGNC:9309]	-0.6172225	
RPL15	ribosomal protein L15 [Source:HGNC Symbol;Acc:HGNC:10306]	-0.6196896	
SETD7	SET domain containing 7, histone lysine methyltransferase [Source:HGNC Symbol;Acc:HGNC:30412]	-0.6207671	
RTP4	receptor transporter protein 4 [Source:HGNC Symbol;Acc:HGNC:23992]	-0.6209865	
TASOR2	transcription activation suppressor family member 2 [Source:HGNC Symbol;Acc:HGNC:23484]	-0.6218381	
NSD1	nuclear receptor binding SET domain protein 1 [Source:HGNC Symbol;Acc:HGNC:14234]	-0.62225443	
RAI1	retinoic acid induced 1 [Source:HGNC Symbol;Acc:HGNC:9834]	-0.6243699	
CELF1	CUGBP Elav-like family member 1 [Source:HGNC Symbol;Acc:HGNC:2549]	-0.6244725	
FNTB	farnesyltransferase, CAAX box, beta [Source:HGNC Symbol;Acc:HGNC:3785]	-0.6259875	
SCMH1	Scm polycomb group protein homolog 1 [Source:HGNC Symbol;Acc:HGNC:19003]	-0.62707883	
BST2	bone marrow stromal cell antigen 2 [Source:HGNC Symbol;Acc:HGNC:1119]	-0.62959826	
NOP10	NOP10 ribonucleoprotein [Source:HGNC Symbol;Acc:HGNC:14378]	-0.63006	
HSD11B1	hydroxysteroid 11-beta dehydrogenase 1 [Source:HGNC Symbol;Acc:HGNC:5208]	-0.63068426	
RPL36A	ribosomal protein L36a [Source:HGNC Symbol;Acc:HGNC:10359]	-0.6315869	
DIAPH2	diaphanous related formin 2 [Source:HGNC Symbol;Acc:HGNC:2877]	-0.63233525	
NCK2	NCK adaptor protein 2 [Source:HGNC Symbol;Acc:HGNC:7665]	-0.6333749	
ATM	ATM serine/threonine kinase [Source:HGNC Symbol;Acc:HGNC:795]	-0.6344805	
NXPE3	neurexophilin and PC-esterase domain family member 3 [Source:HGNC Symbol;Acc:HGNC:28238]	-0.63455623	
IKBKE	inhibitor of nuclear factor kappa B kinase subunit epsilon [Source:HGNC Symbol;Acc:HGNC:14552]	-0.63565964	
KIAA1328	KIAA1328 [Source:HGNC Symbol;Acc:HGNC:29248]	-0.6358152	
HSP90AB1	heat shock protein 90 alpha family class B member 1 [Source:HGNC Symbol;Acc:HGNC:5258]	-0.63731515	
ANO6	anoctamin 6 [Source:HGNC Symbol;Acc:HGNC:25240]	-0.6376287	
PPP1R13B	protein phosphatase 1 regulatory subunit 13B [Source:HGNC Symbol;Acc:HGNC:14950]	-0.63996845	
SP4	Sp4 transcription factor [Source:HGNC Symbol;Acc:HGNC:11209]	-0.6406478	
TBL1X	transducin beta like 1 X-linked [Source:HGNC Symbol;Acc:HGNC:11585]	-0.64115775	
ID3	inhibitor of DNA binding 3 [Source:HGNC Symbol;Acc:HGNC:5362]	-0.6432003	
PDCD4	programmed cell death 4 [Source:HGNC Symbol;Acc:HGNC:8763]	-0.6451952	
TMEM245	transmembrane protein 245 [Source:HGNC Symbol;Acc:HGNC:1363]	-0.6453648	
RPS3A	ribosomal protein S3A [Source:HGNC Symbol;Acc:HGNC:10421]	-0.6479449	
DYRK2	dual specificity tyrosine phosphorylation regulated kinase 2 [Source:HGNC Symbol;Acc:HGNC:3093]	-0.6489635	
OASL2P	2'-5' oligoadenylate synthetase like 2, pseudogene [Source:HGNC Symbol;Acc:HGNC:53738]	-0.6514633	
SPTBN1	spectrin beta, non-erythrocytic 1 [Source:HGNC Symbol;Acc:HGNC:11275]	-0.6545395	
SUCLG2	succinate-CoA ligase GDP-forming subunit beta [Source:HGNC Symbol;Acc:HGNC:11450]	-0.65479755	
ASH1L	ASH1 like histone lysine methyltransferase [Source:HGNC Symbol;Acc:HGNC:19088]	-0.65485275	
BPTF	bromodomain PHD finger transcription factor [Source:HGNC Symbol;Acc:HGNC:3581]	-0.65518	
PLCL2	phospholipase C like 2 [Source:HGNC Symbol;Acc:HGNC:9064]	-0.6557548	
MORC3	MORC family CW-type zinc finger 3 [Source:HGNC Symbol;Acc:HGNC:23572]	-0.6571756	
EXOC4	exocyst complex component 4 [Source:HGNC Symbol;Acc:HGNC:30389]	-0.6578211	
KCNN4	potassium calcium-activated channel subfamily N member 4 [Source:HGNC Symbol;Acc:HGNC:6293]	-0.6585733	
CCM2	CCM2 scaffold protein [Source:HGNC Symbol;Acc:HGNC:21708]	-0.6597149	
RPL14	ribosomal protein L14 [Source:HGNC Symbol;Acc:HGNC:10305]	-0.66028047	
HERC4	HECT and RLD domain containing E3 ubiquitin protein ligase 4 [Source:HGNC Symbol;Acc:HGNC:24521]	-0.6609983	
PRKACB	protein kinase cAMP-activated catalytic subunit beta [Source:HGNC Symbol;Acc:HGNC:9381]	-0.6629008	
NEDD9	neural precursor cell expressed, developmentally down-regulated 9 [Source:HGNC Symbol;Acc:HGNC:7733]	-0.66297114	
NIPBL	NIPBL cohesin loading factor [Source:HGNC Symbol;Acc:HGNC:28862]	-0.6661527	
OPRM1	opioid receptor mu 1 [Source:HGNC Symbol;Acc:HGNC:8156]	-0.6665502	
RPL13	ribosomal protein L13 [Source:HGNC Symbol;Acc:HGNC:10303]	-0.6671417	
ZNF710	zinc finger protein 710 [Source:HGNC Symbol;Acc:HGNC:25352]	-0.6685995	
DPH5	diphthamide biosynthesis 5 [Source:HGNC Symbol;Acc:HGNC:24270]	-0.67070323	
KIF1B	kinesin family member 1B [Source:HGNC Symbol;Acc:HGNC:16636]	-0.6707828	
METTL9	methyltransferase like 9 [Source:HGNC Symbol;Acc:HGNC:24586]	-0.6736365	
CEP97	centrosomal protein 97 [Source:HGNC Symbol;Acc:HGNC:26244]	-0.674882	
SGK3	serum/glucocorticoid regulated kinase family member 3 [Source:HGNC Symbol;Acc:HGNC:10812]	-0.6751562	
LPP	LIM domain containing preferred translocation partner in lipoma [Source:HGNC Symbol;Acc:HGNC:6679]	-0.67722696	
MGA	MAX dimerization protein MGA [Source:HGNC Symbol;Acc:HGNC:14010]	-0.67986506	
RPS9	ribosomal protein S9 [Source:HGNC Symbol;Acc:HGNC:10442]	-0.6827703	
PRKD2	protein kinase D2 [Source:HGNC Symbol;Acc:HGNC:17293]	-0.6836958	
INO80	INO80 complex ATPase subunit [Source:HGNC Symbol;Acc:HGNC:26956]	-0.6842494	
RPLP1	ribosomal protein lateral stalk subunit P1 [Source:HGNC Symbol;Acc:HGNC:10372]	-0.68695223	
GRAMD4	GRAM domain containing 4 [Source:HGNC Symbol;Acc:HGNC:29113]	-0.6880464	
ATP1B3	ATPase Na+/K+ transporting subunit beta 3 [Source:HGNC Symbol;Acc:HGNC:806]	-0.6897413	
STK38	serine/threonine kinase 38 [Source:HGNC Symbol;Acc:HGNC:17847]	-0.69148916	
GBP6	guanylate binding protein family member 6 [Source:HGNC Symbol;Acc:HGNC:25395]	-0.6916656	
KMT2C	lysine methyltransferase 2C [Source:HGNC Symbol;Acc:HGNC:13726]	-0.69359607	
ARHGEF1	Rho guanine nucleotide exchange factor 1 [Source:HGNC Symbol;Acc:HGNC:681]	-0.6936559	
CDYL2	chromodomain Y like 2 [Source:HGNC Symbol;Acc:HGNC:23030]	-0.69376856	
BBX	BBX high mobility group box domain containing [Source:HGNC Symbol;Acc:HGNC:14422]	-0.69387	
FAM172A	family with sequence similarity 172 member A [Source:HGNC Symbol;Acc:HGNC:25365]	-0.69411886	
DOP1A	DOP1 leucine zipper like protein A [Source:HGNC Symbol;Acc:HGNC:21194]	-0.6966375	
DOCK8	dedicator of cytokinesis 8 [Source:HGNC Symbol;Acc:HGNC:19191]	-0.6967374	
RPS23	ribosomal protein S23 [Source:HGNC Symbol;Acc:HGNC:10410]	-0.70153326	
ZNF280D	zinc finger protein 280D [Source:HGNC Symbol;Acc:HGNC:25953]	-0.7021043	
MAP3K3	mitogen-activated protein kinase kinase kinase 3 [Source:HGNC Symbol;Acc:HGNC:6855]	-0.7022095	
LRRC1	leucine rich repeat containing 1 [Source:HGNC Symbol;Acc:HGNC:14307]	-0.7042116	
RPS25	ribosomal protein S25 [Source:HGNC Symbol;Acc:HGNC:10413]	-0.7069642	
SENP7	SUMO specific peptidase 7 [Source:HGNC Symbol;Acc:HGNC:30402]	-0.70730585	
FAM102A	family with sequence similarity 102 member A [Source:HGNC Symbol;Acc:HGNC:31419]	-0.7091655	
MRTFA	myocardin related transcription factor A [Source:HGNC Symbol;Acc:HGNC:14334]	-0.7107663	
TASOR	transcription activation suppressor [Source:HGNC Symbol;Acc:HGNC:30314]	-0.7138567	
EIF4A2	eukaryotic translation initiation factor 4A2 [Source:HGNC Symbol;Acc:HGNC:3284]	-0.7176094	
USP3	ubiquitin specific peptidase 3 [Source:HGNC Symbol;Acc:HGNC:12626]	-0.7180874	
PHF20L1	PHD finger protein 20 like 1 [Source:HGNC Symbol;Acc:HGNC:24280]	-0.7223181	
MBOAT1	membrane bound O-acyltransferase domain containing 1 [Source:HGNC Symbol;Acc:HGNC:21579]	-0.72556174	
NPM1	nucleophosmin 1 [Source:HGNC Symbol;Acc:HGNC:7910]	-0.72655714	
PABPC1	poly(A) binding protein cytoplasmic 1 [Source:HGNC Symbol;Acc:HGNC:8554]	-0.7266325	
ZUP1	zinc finger containing ubiquitin peptidase 1 [Source:HGNC Symbol;Acc:HGNC:21224]	-0.7319619	
DZIP1	DAZ interacting zinc finger protein 1 [Source:HGNC Symbol;Acc:HGNC:20908]	-0.7335499	
ATP11C	ATPase phospholipid transporting 11C [Source:HGNC Symbol;Acc:HGNC:13554]	-0.7346071	
RPS7	ribosomal protein S7 [Source:HGNC Symbol;Acc:HGNC:10440]	-0.73641217	
RPS8	ribosomal protein S8 [Source:HGNC Symbol;Acc:HGNC:10441]	-0.7366893	
ZDHHC15	zinc finger DHHC-type palmitoyltransferase 15 [Source:HGNC Symbol;Acc:HGNC:20342]	-0.7370649	
TMLHE	trimethyllysine hydroxylase, epsilon [Source:HGNC Symbol;Acc:HGNC:18308]	-0.7375328	
HSP90AA1	heat shock protein 90 alpha family class A member 1 [Source:HGNC Symbol;Acc:HGNC:5253]	-0.74083346	
SIPA1L1	signal induced proliferation associated 1 like 1 [Source:HGNC Symbol;Acc:HGNC:20284]	-0.7426554	
HSPE1	heat shock protein family E (Hsp10) member 1 [Source:HGNC Symbol;Acc:HGNC:5269]	-0.743136	
SMARCA2	SWI/SNF related, matrix associated, actin dependent regulator of chromatin, subfamily a, member 2 [Source:HGNC Symbol;Acc:HGNC:11098]	-0.74326557	
SLC44A2	solute carrier family 44 member 2 [Source:HGNC Symbol;Acc:HGNC:17292]	-0.74449176	
RPS29	ribosomal protein S29 [Source:HGNC Symbol;Acc:HGNC:10419]	-0.74491996	
MAP2K6	mitogen-activated protein kinase kinase 6 [Source:HGNC Symbol;Acc:HGNC:6846]	-0.745581	
AAK1	AP2 associated kinase 1 [Source:HGNC Symbol;Acc:HGNC:19679]	-0.7472554	
KCNQ1OT1	KCNQ1 opposite strand/antisense transcript 1 [Source:HGNC Symbol;Acc:HGNC:6295]	-0.7475176	
DNAJC3	DnaJ heat shock protein family (Hsp40) member C3 [Source:HGNC Symbol;Acc:HGNC:9439]	-0.7492833	
RPL21	ribosomal protein L21 [Source:HGNC Symbol;Acc:HGNC:10313]	-0.7504596	
WASHC4	WASH complex subunit 4 [Source:HGNC Symbol;Acc:HGNC:29174]	-0.7510169	
TMEM71	transmembrane protein 71 [Source:HGNC Symbol;Acc:HGNC:26572]	-0.75123525	
CHCHD3	coiled-coil-helix-coiled-coil-helix domain containing 3 [Source:HGNC Symbol;Acc:HGNC:21906]	-0.75259775	
ETNK1	ethanolamine kinase 1 [Source:HGNC Symbol;Acc:HGNC:24649]	-0.7527977	
S1PR1	sphingosine-1-phosphate receptor 1 [Source:HGNC Symbol;Acc:HGNC:3165]	-0.75732213	
IL6ST	interleukin 6 cytokine family signal transducer [Source:HGNC Symbol;Acc:HGNC:6021]	-0.75859094	
DAPL1	death associated protein like 1 [Source:HGNC Symbol;Acc:HGNC:21490]	-0.7591516	
ALS2CL	ALS2 C-terminal like [Source:HGNC Symbol;Acc:HGNC:20605]	-0.7626156	
SMYD3	SET and MYND domain containing 3 [Source:HGNC Symbol;Acc:HGNC:15513]	-0.7635537	
PHIP	pleckstrin homology domain interacting protein [Source:HGNC Symbol;Acc:HGNC:15673]	-0.76455015	
RRAS2	RAS related 2 [Source:HGNC Symbol;Acc:HGNC:17271]	-0.7664469	
BCL9	BCL9 transcription coactivator [Source:HGNC Symbol;Acc:HGNC:1008]	-0.76741874	
RCSD1	RCSD domain containing 1 [Source:HGNC Symbol;Acc:HGNC:28310]	-0.76873183	
XRCC4	X-ray repair cross complementing 4 [Source:HGNC Symbol;Acc:HGNC:12831]	-0.769431	
CTSE	cathepsin E [Source:HGNC Symbol;Acc:HGNC:2530]	-0.77204	
MFHAS1	multifunctional ROCO family signaling regulator 1 [Source:HGNC Symbol;Acc:HGNC:16982]	-0.77422726	
SLC49A4	solute carrier family 49 member 4 [Source:HGNC Symbol;Acc:HGNC:16628]	-0.77594256	
RFX7	regulatory factor X7 [Source:HGNC Symbol;Acc:HGNC:25777]	-0.7761359	
IFNGR2	interferon gamma receptor 2 [Source:HGNC Symbol;Acc:HGNC:5440]	-0.77973956	
TRIM44	tripartite motif containing 44 [Source:HGNC Symbol;Acc:HGNC:19016]	-0.78239805	
SAMD9L	sterile alpha motif domain containing 9 like [Source:HGNC Symbol;Acc:HGNC:1349]	-0.7825416	
STK4	serine/threonine kinase 4 [Source:HGNC Symbol;Acc:HGNC:11408]	-0.7850765	
KAT2B	lysine acetyltransferase 2B [Source:HGNC Symbol;Acc:HGNC:8638]	-0.78705317	
BLTP1	bridge-like lipid transfer protein family member 1 [Source:HGNC Symbol;Acc:HGNC:26953]	-0.7880931	
FOCAD	focadhesin [Source:HGNC Symbol;Acc:HGNC:23377]	-0.79139245	
HERC3	HECT and RLD domain containing E3 ubiquitin protein ligase 3 [Source:HGNC Symbol;Acc:HGNC:4876]	-0.79145813	
TSIX	TSIX transcript, XIST antisense RNA [Source:HGNC Symbol;Acc:HGNC:12377]	-0.795192	
LARS2	leucyl-tRNA synthetase 2, mitochondrial [Source:HGNC Symbol;Acc:HGNC:17095]	-0.8012138	
REV3L	REV3 like, DNA directed polymerase zeta catalytic subunit [Source:HGNC Symbol;Acc:HGNC:9968]	-0.8026309	
MACF1	microtubule actin crosslinking factor 1 [Source:HGNC Symbol;Acc:HGNC:13664]	-0.80350804	
CAMK4	calcium/calmodulin dependent protein kinase IV [Source:HGNC Symbol;Acc:HGNC:1464]	-0.8062285	
RPS24	ribosomal protein S24 [Source:HGNC Symbol;Acc:HGNC:10411]	-0.8098205	
TLK1	tousled like kinase 1 [Source:HGNC Symbol;Acc:HGNC:11841]	-0.813967	
PACSIN1	protein kinase C and casein kinase substrate in neurons 1 [Source:HGNC Symbol;Acc:HGNC:8570]	-0.81670547	
MGAT5	alpha-1,6-mannosylglycoprotein 6-beta-N-acetylglucosaminyltransferase [Source:HGNC Symbol;Acc:HGNC:7049]	-0.81716734	
DOCK11	dedicator of cytokinesis 11 [Source:HGNC Symbol;Acc:HGNC:23483]	-0.8175619	
TNRC6C	trinucleotide repeat containing adaptor 6C [Source:HGNC Symbol;Acc:HGNC:29318]	-0.8201866	
ARID1B	AT-rich interaction domain 1B [Source:HGNC Symbol;Acc:HGNC:18040]	-0.820292	
SLFN13	schlafen family member 13 [Source:HGNC Symbol;Acc:HGNC:26481]	-0.8216142	
SMG1	SMG1 nonsense mediated mRNA decay associated PI3K related kinase [Source:HGNC Symbol;Acc:HGNC:30045]	-0.82205653	
IFIT2	interferon induced protein with tetratricopeptide repeats 2 [Source:HGNC Symbol;Acc:HGNC:5409]	-0.8221337	
DENND2D	DENN domain containing 2D [Source:HGNC Symbol;Acc:HGNC:26192]	-0.8241446	
TNFSF8	TNF superfamily member 8 [Source:HGNC Symbol;Acc:HGNC:11938]	-0.8246632	
MED13L	mediator complex subunit 13L [Source:HGNC Symbol;Acc:HGNC:22962]	-0.8255841	
UST	uronyl 2-sulfotransferase [Source:HGNC Symbol;Acc:HGNC:17223]	-0.82621294	
VPS13A	vacuolar protein sorting 13 homolog A [Source:HGNC Symbol;Acc:HGNC:1908]	-0.82627463	
EEFSEC	eukaryotic elongation factor, selenocysteine-tRNA specific [Source:HGNC Symbol;Acc:HGNC:24614]	-0.82691425	
RPS16	ribosomal protein S16 [Source:HGNC Symbol;Acc:HGNC:10396]	-0.828161	
SP110	SP110 nuclear body protein [Source:HGNC Symbol;Acc:HGNC:5401]	-0.830761	
RIGI	RNA sensor RIG-I [Source:HGNC Symbol;Acc:HGNC:19102]	-0.8317872	
RAB3IP	RAB3A interacting protein [Source:HGNC Symbol;Acc:HGNC:16508]	-0.83264244	
SETX	senataxin [Source:HGNC Symbol;Acc:HGNC:445]	-0.8344573	
ATP8B4	ATPase phospholipid transporting 8B4 (putative) [Source:HGNC Symbol;Acc:HGNC:13536]	-0.83636284	
ZHX2	zinc fingers and homeoboxes 2 [Source:HGNC Symbol;Acc:HGNC:18513]	-0.83841425	
UGCG	UDP-glucose ceramide glucosyltransferase [Source:HGNC Symbol;Acc:HGNC:12524]	-0.83846134	
CALCRL	calcitonin receptor like receptor [Source:HGNC Symbol;Acc:HGNC:16709]	-0.83981764	
GALNT7	polypeptide N-acetylgalactosaminyltransferase 7 [Source:HGNC Symbol;Acc:HGNC:4129]	-0.84073454	
MAN1A1	mannosidase alpha class 1A member 1 [Source:HGNC Symbol;Acc:HGNC:6821]	-0.8461748	
RPS15	ribosomal protein S15 [Source:HGNC Symbol;Acc:HGNC:10388]	-0.8508132	
RPS27A	ribosomal protein S27a [Source:HGNC Symbol;Acc:HGNC:10417]	-0.8521141	
SH3PXD2A	SH3 and PX domains 2A [Source:HGNC Symbol;Acc:HGNC:23664]	-0.85832596	
FTO	FTO alpha-ketoglutarate dependent dioxygenase [Source:HGNC Symbol;Acc:HGNC:24678]	-0.86333287	
ANKRD44	ankyrin repeat domain 44 [Source:HGNC Symbol;Acc:HGNC:25259]	-0.8634451	
EEF1G	eukaryotic translation elongation factor 1 gamma [Source:HGNC Symbol;Acc:HGNC:3213]	-0.86429936	
TREML2	triggering receptor expressed on myeloid cells like 2 [Source:HGNC Symbol;Acc:HGNC:21092]	-0.86780137	
RASSF2	Ras association domain family member 2 [Source:HGNC Symbol;Acc:HGNC:9883]	-0.86864984	
RASGRP1	RAS guanyl releasing protein 1 [Source:HGNC Symbol;Acc:HGNC:9878]	-0.8729897	
CRIM1	cysteine rich transmembrane BMP regulator 1 [Source:HGNC Symbol;Acc:HGNC:2359]	-0.8731071	
LYPD6B	LY6/PLAUR domain containing 6B [Source:HGNC Symbol;Acc:HGNC:27018]	-0.8761201	
CD2AP	CD2 associated protein [Source:HGNC Symbol;Acc:HGNC:14258]	-0.8769505	
PRRC2C	proline rich coiled-coil 2C [Source:HGNC Symbol;Acc:HGNC:24903]	-0.8788911	
HMGN1	high mobility group nucleosome binding domain 1 [Source:HGNC Symbol;Acc:HGNC:4984]	-0.87920374	
RPL8	ribosomal protein L8 [Source:HGNC Symbol;Acc:HGNC:10368]	-0.8826875	
TOP2B	DNA topoisomerase II beta [Source:HGNC Symbol;Acc:HGNC:11990]	-0.88340205	
IQGAP2	IQ motif containing GTPase activating protein 2 [Source:HGNC Symbol;Acc:HGNC:6111]	-0.9029847	
NUMB	NUMB endocytic adaptor protein [Source:HGNC Symbol;Acc:HGNC:8060]	-0.90399027	
ARID1A	AT-rich interaction domain 1A [Source:HGNC Symbol;Acc:HGNC:11110]	-0.90686715	
RPS4X	ribosomal protein S4 X-linked [Source:HGNC Symbol;Acc:HGNC:10424]	-0.90859777	
STT3B	STT3 oligosaccharyltransferase complex catalytic subunit B [Source:HGNC Symbol;Acc:HGNC:30611]	-0.90882206	
SLC12A7	solute carrier family 12 member 7 [Source:HGNC Symbol;Acc:HGNC:10915]	-0.91998196	
MBP	myelin basic protein [Source:HGNC Symbol;Acc:HGNC:6925]	-0.92167836	
RSU1	Ras suppressor protein 1 [Source:HGNC Symbol;Acc:HGNC:10464]	-0.9218818	
PPM1H	protein phosphatase, Mg2+/Mn2+ dependent 1H [Source:HGNC Symbol;Acc:HGNC:18583]	-0.92206866	
PRKCE	protein kinase C epsilon [Source:HGNC Symbol;Acc:HGNC:9401]	-0.9224177	
TCF20	transcription factor 20 [Source:HGNC Symbol;Acc:HGNC:11631]	-0.9331239	
TCF12	transcription factor 12 [Source:HGNC Symbol;Acc:HGNC:11623]	-0.9420072	
RASGRP2	RAS guanyl releasing protein 2 [Source:HGNC Symbol;Acc:HGNC:9879]	-0.9431096	
PECAM1	platelet and endothelial cell adhesion molecule 1 [Source:HGNC Symbol;Acc:HGNC:8823]	-0.94631207	
RALGPS2	Ral GEF with PH domain and SH3 binding motif 2 [Source:HGNC Symbol;Acc:HGNC:30279]	-0.949223	
GTF2I	general transcription factor IIi [Source:HGNC Symbol;Acc:HGNC:4659]	-0.94930726	
KMT2A	lysine methyltransferase 2A [Source:HGNC Symbol;Acc:HGNC:7132]	-0.9559089	
PRRG1	proline rich and Gla domain 1 [Source:HGNC Symbol;Acc:HGNC:9469]	-0.95952433	
ST8SIA6	ST8 alpha-N-acetyl-neuraminide alpha-2,8-sialyltransferase 6 [Source:HGNC Symbol;Acc:HGNC:23317]	-0.9609549	
PIK3IP1	phosphoinositide-3-kinase interacting protein 1 [Source:HGNC Symbol;Acc:HGNC:24942]	-0.96108294	
SMCHD1	structural maintenance of chromosomes flexible hinge domain containing 1 [Source:HGNC Symbol;Acc:HGNC:29090]	-0.9741664	
RPL23A	ribosomal protein L23a [Source:HGNC Symbol;Acc:HGNC:10317]	-0.97450316	
IMMP2L	inner mitochondrial membrane peptidase subunit 2 [Source:HGNC Symbol;Acc:HGNC:14598]	-0.9763662	
MYCBP2	MYC binding protein 2 [Source:HGNC Symbol;Acc:HGNC:23386]	-0.9810572	
SP100	SP100 nuclear antigen [Source:HGNC Symbol;Acc:HGNC:11206]	-0.98734015	
IFIT3	interferon induced protein with tetratricopeptide repeats 3 [Source:HGNC Symbol;Acc:HGNC:5411]	-0.98933667	
CYRIA	CYFIP related Rac1 interactor A [Source:HGNC Symbol;Acc:HGNC:25373]	-0.9895109	
BTLA	B and T lymphocyte associated [Source:HGNC Symbol;Acc:HGNC:21087]	-0.995371	
NLRC5	NLR family CARD domain containing 5 [Source:HGNC Symbol;Acc:HGNC:29933]	-1.0027891	
ATP8A1	ATPase phospholipid transporting 8A1 [Source:HGNC Symbol;Acc:HGNC:13531]	-1.0031562	
KBTBD11	kelch repeat and BTB domain containing 11 [Source:HGNC Symbol;Acc:HGNC:29104]	-1.0042504	
GIMAP6	GTPase, IMAP family member 6 [Source:HGNC Symbol;Acc:HGNC:21918]	-1.0045935	
TGFBR3	transforming growth factor beta receptor 3 [Source:HGNC Symbol;Acc:HGNC:11774]	-1.0070171	
NLK	nemo like kinase [Source:HGNC Symbol;Acc:HGNC:29858]	-1.0082021	
USP24	ubiquitin specific peptidase 24 [Source:HGNC Symbol;Acc:HGNC:12623]	-1.0098839	
SLCO3A1	solute carrier organic anion transporter family member 3A1 [Source:HGNC Symbol;Acc:HGNC:10952]	-1.0104465	
CD96	CD96 molecule [Source:HGNC Symbol;Acc:HGNC:16892]	-1.0107888	
CD40LG	CD40 ligand [Source:HGNC Symbol;Acc:HGNC:11935]	-1.015955	
PDLIM1	PDZ and LIM domain 1 [Source:HGNC Symbol;Acc:HGNC:2067]	-1.0169814	
SLC9A9	solute carrier family 9 member A9 [Source:HGNC Symbol;Acc:HGNC:20653]	-1.0178808	
RREB1	ras responsive element binding protein 1 [Source:HGNC Symbol;Acc:HGNC:10449]	-1.0197886	
SESN3	sestrin 3 [Source:HGNC Symbol;Acc:HGNC:23060]	-1.0285035	
DUSP10	dual specificity phosphatase 10 [Source:HGNC Symbol;Acc:HGNC:3065]	-1.0323223	
CHD3	chromodomain helicase DNA binding protein 3 [Source:HGNC Symbol;Acc:HGNC:1918]	-1.0441024	
GPR18	G protein-coupled receptor 18 [Source:HGNC Symbol;Acc:HGNC:4472]	-1.044538	
PCED1B	PC-esterase domain containing 1B [Source:HGNC Symbol;Acc:HGNC:28255]	-1.0468926	
RPS6	ribosomal protein S6 [Source:HGNC Symbol;Acc:HGNC:10429]	-1.0488882	
PHF21A	PHD finger protein 21A [Source:HGNC Symbol;Acc:HGNC:24156]	-1.0502315	
DIPK1A	divergent protein kinase domain 1A [Source:HGNC Symbol;Acc:HGNC:32213]	-1.0556201	
BICDL1	BICD family like cargo adaptor 1 [Source:HGNC Symbol;Acc:HGNC:28095]	-1.0575595	
FILIP1L	filamin A interacting protein 1 like [Source:HGNC Symbol;Acc:HGNC:24589]	-1.0576336	
DTX1	deltex E3 ubiquitin ligase 1 [Source:HGNC Symbol;Acc:HGNC:3060]	-1.0622082	
TTC3	tetratricopeptide repeat domain 3 [Source:HGNC Symbol;Acc:HGNC:12393]	-1.0631131	
ATP1B1	ATPase Na+/K+ transporting subunit beta 1 [Source:HGNC Symbol;Acc:HGNC:804]	-1.0663719	
RPL5	ribosomal protein L5 [Source:HGNC Symbol;Acc:HGNC:10360]	-1.067858	
TBC1D1	TBC1 domain family member 1 [Source:HGNC Symbol;Acc:HGNC:11578]	-1.0716864	
MCTP2	multiple C2 and transmembrane domain containing 2 [Source:HGNC Symbol;Acc:HGNC:25636]	-1.0746548	
ABLIM1	actin binding LIM protein 1 [Source:HGNC Symbol;Acc:HGNC:78]	-1.081321	
MT-ND2	mitochondrially encoded NADH:ubiquinone oxidoreductase core subunit 2 [Source:HGNC Symbol;Acc:HGNC:7456]	-1.081634	
GPR183	G protein-coupled receptor 183 [Source:HGNC Symbol;Acc:HGNC:3128]	-1.0856555	
MOB3B	MOB kinase activator 3B [Source:HGNC Symbol;Acc:HGNC:23825]	-1.0871575	
STAT1	signal transducer and activator of transcription 1 [Source:HGNC Symbol;Acc:HGNC:11362]	-1.0926309	
RPL31	ribosomal protein L31 [Source:HGNC Symbol;Acc:HGNC:10334]	-1.1003921	
IGFBP4	insulin like growth factor binding protein 4 [Source:HGNC Symbol;Acc:HGNC:5473]	-1.1091708	
PIK3CD	phosphatidylinositol-4,5-bisphosphate 3-kinase catalytic subunit delta [Source:HGNC Symbol;Acc:HGNC:8977]	-1.1114455	
UBAC2	UBA domain containing 2 [Source:HGNC Symbol;Acc:HGNC:20486]	-1.1116214	
GRAMD2B	GRAM domain containing 2B [Source:HGNC Symbol;Acc:HGNC:24911]	-1.1168607	
ISG15	ISG15 ubiquitin like modifier [Source:HGNC Symbol;Acc:HGNC:4053]	-1.1202325	
SMC6	structural maintenance of chromosomes 6 [Source:HGNC Symbol;Acc:HGNC:20466]	-1.121522	
RPS20	ribosomal protein S20 [Source:HGNC Symbol;Acc:HGNC:10405]	-1.1335584	
RPS19	ribosomal protein S19 [Source:HGNC Symbol;Acc:HGNC:10402]	-1.1347642	
PARP11	poly(ADP-ribose) polymerase family member 11 [Source:HGNC Symbol;Acc:HGNC:1186]	-1.136828	
IL6R	interleukin 6 receptor [Source:HGNC Symbol;Acc:HGNC:6019]	-1.137307	
RFX3	regulatory factor X3 [Source:HGNC Symbol;Acc:HGNC:9984]	-1.1466752	
FAM78A	family with sequence similarity 78 member A [Source:HGNC Symbol;Acc:HGNC:25465]	-1.1554966	
USP18	ubiquitin specific peptidase 18 [Source:HGNC Symbol;Acc:HGNC:12616]	-1.1598237	
TRAT1	T cell receptor associated transmembrane adaptor 1 [Source:HGNC Symbol;Acc:HGNC:30698]	-1.1712551	
RPL13A	ribosomal protein L13a [Source:HGNC Symbol;Acc:HGNC:10304]	-1.1766746	
CD226	CD226 molecule [Source:HGNC Symbol;Acc:HGNC:16961]	-1.1930913	
HERC6	HECT and RLD domain containing E3 ubiquitin protein ligase family member 6 [Source:HGNC Symbol;Acc:HGNC:26072]	-1.1963577	
ASAP1	ArfGAP with SH3 domain, ankyrin repeat and PH domain 1 [Source:HGNC Symbol;Acc:HGNC:2720]	-1.1989392	
ZNF652	zinc finger protein 652 [Source:HGNC Symbol;Acc:HGNC:29147]	-1.2052231	
UTRN	utrophin [Source:HGNC Symbol;Acc:HGNC:12635]	-1.2057489	
IFIT1B	interferon induced protein with tetratricopeptide repeats 1B [Source:HGNC Symbol;Acc:HGNC:23442]	-1.2115265	
RERE	arginine-glutamic acid dipeptide repeats [Source:HGNC Symbol;Acc:HGNC:9965]	-1.2284151	
NDRG3	NDRG family member 3 [Source:HGNC Symbol;Acc:HGNC:14462]	-1.2306663	
CERS6	ceramide synthase 6 [Source:HGNC Symbol;Acc:HGNC:23826]	-1.2318424	
APBB1IP	amyloid beta precursor protein binding family B member 1 interacting protein [Source:HGNC Symbol;Acc:HGNC:17379]	-1.2478648	
CARD11	caspase recruitment domain family member 11 [Source:HGNC Symbol;Acc:HGNC:16393]	-1.2744794	
RFLNB	refilin B [Source:HGNC Symbol;Acc:HGNC:28705]	-1.2756882	
KLF2	KLF transcription factor 2 [Source:HGNC Symbol;Acc:HGNC:6347]	-1.2780839	
SLC28A2	solute carrier family 28 member 2 [Source:HGNC Symbol;Acc:HGNC:11002]	-1.2829165	
SIDT1	SID1 transmembrane family member 1 [Source:HGNC Symbol;Acc:HGNC:25967]	-1.2848904	
PIK3R5	phosphoinositide-3-kinase regulatory subunit 5 [Source:HGNC Symbol;Acc:HGNC:30035]	-1.2917981	
PCGF5	polycomb group ring finger 5 [Source:HGNC Symbol;Acc:HGNC:28264]	-1.3098824	
KLF3	KLF transcription factor 3 [Source:HGNC Symbol;Acc:HGNC:16516]	-1.3106111	
TRIM5	tripartite motif containing 5 [Source:HGNC Symbol;Acc:HGNC:16276]	-1.3239976	
DGKA	diacylglycerol kinase alpha [Source:HGNC Symbol;Acc:HGNC:2849]	-1.3263352	
FCHSD2	FCH and double SH3 domains 2 [Source:HGNC Symbol;Acc:HGNC:29114]	-1.3272133	
BZW2	basic leucine zipper and W2 domains 2 [Source:HGNC Symbol;Acc:HGNC:18808]	-1.3296816	
SKAP1	src kinase associated phosphoprotein 1 [Source:HGNC Symbol;Acc:HGNC:15605]	-1.3375452	
TASP1	taspase 1 [Source:HGNC Symbol;Acc:HGNC:15859]	-1.3447385	
DDX60	DExD/H-box helicase 60 [Source:HGNC Symbol;Acc:HGNC:25942]	-1.3482237	
GRAP2	GRB2 related adaptor protein 2 [Source:HGNC Symbol;Acc:HGNC:4563]	-1.3558509	
RPS17	ribosomal protein S17 [Source:HGNC Symbol;Acc:HGNC:10397]	-1.361936	
MLLT3	MLLT3 super elongation complex subunit [Source:HGNC Symbol;Acc:HGNC:7136]	-1.3625329	
RPL12	ribosomal protein L12 [Source:HGNC Symbol;Acc:HGNC:10302]	-1.3708606	
CCR7	C-C motif chemokine receptor 7 [Source:HGNC Symbol;Acc:HGNC:1608]	-1.3715338	
IFT80	intraflagellar transport 80 [Source:HGNC Symbol;Acc:HGNC:29262]	-1.3760073	
PARP8	poly(ADP-ribose) polymerase family member 8 [Source:HGNC Symbol;Acc:HGNC:26124]	-1.3835737	
ARHGEF18	Rho/Rac guanine nucleotide exchange factor 18 [Source:HGNC Symbol;Acc:HGNC:17090]	-1.3947544	
RIPOR2	RHO family interacting cell polarization regulator 2 [Source:HGNC Symbol;Acc:HGNC:13872]	-1.4061729	
NEDD4L	NEDD4 like E3 ubiquitin protein ligase [Source:HGNC Symbol;Acc:HGNC:7728]	-1.4447076	
IKZF1	IKAROS family zinc finger 1 [Source:HGNC Symbol;Acc:HGNC:13176]	-1.4482001	
SELL	selectin L [Source:HGNC Symbol;Acc:HGNC:10720]	-1.4588344	
BCL11B	BAF chromatin remodeling complex subunit BCL11B [Source:HGNC Symbol;Acc:HGNC:13222]	-1.465081	
ARHGEF3	Rho guanine nucleotide exchange factor 3 [Source:HGNC Symbol;Acc:HGNC:683]	-1.465884	
PDK1	pyruvate dehydrogenase kinase 1 [Source:HGNC Symbol;Acc:HGNC:8809]	-1.4819219	
IFI16	interferon gamma inducible protein 16 [Source:HGNC Symbol;Acc:HGNC:5395]	-1.4890424	
PATJ	PATJ crumbs cell polarity complex component [Source:HGNC Symbol;Acc:HGNC:28881]	-1.4960697	
MS4A6A	membrane spanning 4-domains A6A [Source:HGNC Symbol;Acc:HGNC:13375]	-1.4994742	
RNF213	ring finger protein 213 [Source:HGNC Symbol;Acc:HGNC:14539]	-1.5351595	
ABTB2	ankyrin repeat and BTB domain containing 2 [Source:HGNC Symbol;Acc:HGNC:23842]	-1.5451727	
CAMK1D	calcium/calmodulin dependent protein kinase ID [Source:HGNC Symbol;Acc:HGNC:19341]	-1.5901772	
RAPGEF4	Rap guanine nucleotide exchange factor 4 [Source:HGNC Symbol;Acc:HGNC:16626]	-1.6127927	
NSG2	neuronal vesicle trafficking associated 2 [Source:HGNC Symbol;Acc:HGNC:24955]	-1.6207235	
CMAHP	cytidine monophospho-N-acetylneuraminic acid hydroxylase, pseudogene [Source:HGNC Symbol;Acc:HGNC:2098]	-1.6590135	
XIST	X inactive specific transcript [Source:HGNC Symbol;Acc:HGNC:12810]	-1.6617503	
THADA	THADA armadillo repeat containing [Source:HGNC Symbol;Acc:HGNC:19217]	-1.6748598	
ZBTB20	zinc finger and BTB domain containing 20 [Source:HGNC Symbol;Acc:HGNC:13503]	-1.6777136	
TGFBR2	transforming growth factor beta receptor 2 [Source:HGNC Symbol;Acc:HGNC:11773]	-1.6996058	
PRKCB	protein kinase C beta [Source:HGNC Symbol;Acc:HGNC:9395]	-1.7400825	
SMC4	structural maintenance of chromosomes 4 [Source:HGNC Symbol;Acc:HGNC:14013]	-1.7425456	
GALNT10	polypeptide N-acetylgalactosaminyltransferase 10 [Source:HGNC Symbol;Acc:HGNC:19873]	-1.7553252	
ACTN1	actinin alpha 1 [Source:HGNC Symbol;Acc:HGNC:163]	-1.7694663	
SSBP2	single stranded DNA binding protein 2 [Source:HGNC Symbol;Acc:HGNC:15831]	-1.7700703	
SLFN5	schlafen family member 5 [Source:HGNC Symbol;Acc:HGNC:28286]	-1.7779496	
CDK8	cyclin dependent kinase 8 [Source:HGNC Symbol;Acc:HGNC:1779]	-1.7799662	
PAG1	phosphoprotein membrane anchor with glycosphingolipid microdomains 1 [Source:HGNC Symbol;Acc:HGNC:30043]	-1.8009331	
THEMIS	thymocyte selection associated [Source:HGNC Symbol;Acc:HGNC:21569]	-1.8177686	
TESPA1	thymocyte expressed, positive selection associated 1 [Source:HGNC Symbol;Acc:HGNC:29109]	-1.8898144	
FGF13	fibroblast growth factor 13 [Source:HGNC Symbol;Acc:HGNC:3670]	-1.9230249	
ARHGAP15	Rho GTPase activating protein 15 [Source:HGNC Symbol;Acc:HGNC:21030]	-1.9338796	
CMSS1	cms1 ribosomal small subunit homolog [Source:HGNC Symbol;Acc:HGNC:28666]	-1.9372556	
MAML2	mastermind like transcriptional coactivator 2 [Source:HGNC Symbol;Acc:HGNC:16259]	-1.9413646	
PRKCQ	protein kinase C theta [Source:HGNC Symbol;Acc:HGNC:9410]	-2.0294397	
EVL	Enah/Vasp-like [Source:HGNC Symbol;Acc:HGNC:20234]	-2.0342467	
PDE3B	phosphodiesterase 3B [Source:HGNC Symbol;Acc:HGNC:8779]	-2.0365207	
ST8SIA1	ST8 alpha-N-acetyl-neuraminide alpha-2,8-sialyltransferase 1 [Source:HGNC Symbol;Acc:HGNC:10869]	-2.0633514	
ST6GAL1	ST6 beta-galactoside alpha-2,6-sialyltransferase 1 [Source:HGNC Symbol;Acc:HGNC:10860]	-2.0933135	
BCL2	BCL2 apoptosis regulator [Source:HGNC Symbol;Acc:HGNC:990]	-2.1208217	
SATB1	SATB homeobox 1 [Source:HGNC Symbol;Acc:HGNC:10541]	-2.294805	
BACH2	BTB domain and CNC homolog 2 [Source:HGNC Symbol;Acc:HGNC:14078]	-2.3047016	
SCML4	Scm polycomb group protein like 4 [Source:HGNC Symbol;Acc:HGNC:21397]	-2.6616633	
FOXP1	forkhead box P1 [Source:HGNC Symbol;Acc:HGNC:3823]	-2.6911454	
TCF7	transcription factor 7 [Source:HGNC Symbol;Acc:HGNC:11639]	-2.838979	
AFF3	ALF transcription elongation factor 3 [Source:HGNC Symbol;Acc:HGNC:6473]	-2.8794417	
CCND3	cyclin D3 [Source:HGNC Symbol;Acc:HGNC:1585]	-3.1452274	
LEF1	lymphoid enhancer binding factor 1 [Source:HGNC Symbol;Acc:HGNC:6551]	-3.1573107	
