p_val	avg_log2FC	pct.1	pct.2	p_val_adj	gene
0	2.51897051229177	0.37	0.001	0	Il17a
0	1.22832250745734	0.623	0.131	0	Neurl3
0	0.399249210979988	0.435	0.144	0	Arid5a
0	0.807429800925701	0.805	0.4	0	Zap70
0	1.13327381175459	0.374	0.03	0	Il1r1
0	2.08372909413789	0.772	0.287	0	Il18r1
0	0.390035136358064	0.264	0.034	0	Fhl2
0	0.465633081851863	0.385	0.093	0	Mfsd6
0	0.86669687903763	0.754	0.291	0	Coq10b
0	-1.1541078725921	0.186	0.471	0	Plcl1
0	1.37234916387494	0.81	0.357	0	Fam117b
0	0.732044676891832	0.899	0.595	0	Cd28
0	1.51131880914295	0.988	0.857	0	Ctla4
0	0.362219385168452	0.34	0.093	0	Plekhm3
0	-0.859556872902246	0.032	0.347	0	Gm29114
0	-3.34394025130744	0.345	0.942	0	Ikzf2
0	0.344948359406409	0.372	0.094	0	Wdfy1
0	-0.884976292402635	0.825	0.888	0	Sp100
0	2.13616751761344	0.805	0.159	0	Ramp1
0	0.53191989484348	0.668	0.31	0	Hdac4
0	1.11115944634728	0.553	0.087	0	Pdcd1
0	2.1319519215774	0.664	0.056	0	Tmem163
0	0.498398960122088	0.345	0.067	0	Cxcr4
0	0.665274930907516	0.711	0.329	0	Mapkapk2
0	1.01021623990122	0.796	0.373	0	Atp2b4
0	1.02865545066603	0.924	0.606	0	Btg2
0	-0.743986790175471	0.984	0.993	0	Ptprc
0	1.86088610319605	0.816	0.143	0	Rgs2
0	1.16172357562273	0.761	0.424	0	Rgs1
0	0.729369220231311	0.389	0.047	0	Rgs16
0	1.46540976001529	0.993	0.909	0	Rabgap1l
0	0.832598833624767	0.814	0.455	0	Gm36975
0	0.439045700439379	0.379	0.069	0	Gm37529
0	0.907176957226046	0.827	0.39	0	Prdx6
0	0.387099857719992	0.243	0.011	0	Fasl
0	-1.58541613293408	0.073	0.618	0	Sell
0	-1.08467537449768	0.505	0.743	0	Rcsd1
0	-1.07853732096997	0.188	0.503	0	Ifi206
0	-0.842901287335489	0.102	0.364	0	Ifi213
0	-1.13085887869211	0.257	0.628	0	Ifi209
0	0.658213280868756	0.838	0.535	0	Akt3
0	0.411975897933078	0.453	0.159	0	Lpgat1
0	0.394788799676283	0.269	0.025	0	Optn
0	-0.847150089877526	0.927	0.969	0	Camk1d
0	-1.02772068872813	0.766	0.835	0	Prkcq
0	-0.868373025923325	0.481	0.803	0	Il2ra
0	0.779888061366977	0.255	0.014	0	Plxdc2
0	0.688716546073898	0.839	0.511	0	Pip4k2a
0	-0.88574753415217	0.683	0.807	0	Apbb1ip
0	0.528518625894396	0.242	0.012	0	Ier5l
0	0.78197470890358	0.969	0.842	0	Fnbp1
0	-0.459447041431023	0.998	0.997	0	Rpl12
0	0.709918892764861	0.407	0.045	0	Angptl2
0	0.791963054363228	0.284	0.009	0	Zeb2
0	2.01895588858021	0.683	0.057	0	Nr4a2
0	0.54795459644295	0.954	0.848	0	Cytip
0	1.02227444286164	0.776	0.266	0	Stk39
0	0.487847612988238	0.29	0.003	0	Sestd1
0	0.765356295450063	0.875	0.454	0	Itga4
0	1.5894360374197	0.852	0.488	0	Itgav
0	0.784347187226615	0.497	0.149	0	Gm13684
0	0.892861583565767	0.689	0.343	0	Ptprj
0	0.350855586073478	0.187	0.006	0	Prr5l
0	-1.06010451642975	0.333	0.574	0	Aven
0	0.3557238822387	0.314	0.066	0	Spred1
0	-0.90190821908502	0.518	0.714	0	Rasgrp1
0	0.865635413553484	0.696	0.249	0	Chp1
0	1.09517488096957	0.502	0.006	0	AA467197
0	0.52762399607046	0.387	0.126	0	Shld1
0	-1.15616463758001	0.404	0.652	0	Tasp1
0	-1.36964189937889	0.713	0.926	0	Samhd1
0	0.975003843974603	0.905	0.573	0	Ppp1r16b
0	0.831409111662548	0.413	0.076	0	Tox2
0	0.76781177233495	0.715	0.298	0	Pmepa1
0	-1.02782522788951	0.196	0.548	0	Pag1
0	1.0380334485762	0.696	0.191	0	Pde7a
0	1.0393068988261	0.839	0.338	0	Skil
0	0.615963667125872	0.843	0.548	0	4932438A13Rik
0	0.294341800602757	0.186	0.007	0	Fgf2
0	0.643888495511104	0.594	0.231	0	Hspa4l
0	1.07889864064518	0.401	0.044	0	Maml3
0	0.546046430614698	0.629	0.311	0	Tsc22d2
0	0.461436726332807	0.414	0.093	0	Gpr171
0	-0.654971708359164	0.987	0.994	0	Mbnl1
0	-1.18150417329297	0.213	0.5	0	Ift80
0	-1.14728632120449	0.725	0.887	0	Smc4
0	-1.29309859410568	0.066	0.368	0	Ppm1l
0	0.407200974297238	0.354	0.106	0	Golim4
0	0.576912801854691	0.786	0.442	0	Sh2d2a
0	-1.0102549630536	0.185	0.492	0	Il6ra
0	-1.04666131302878	0.553	0.838	0	S100a6
0	0.48829348851595	0.344	0.048	0	Rorc
0	0.709772632825511	0.467	0.024	0	Plekho1
0	0.507318562568048	0.596	0.246	0	Otud7b
0	1.31764396173834	0.724	0.213	0	Slc22a15
0	0.374535989512741	0.239	0.018	0	Tspan2
0	2.02887450918799	0.96	0.449	0	Ptpn22
0	0.652641105246564	0.465	0.056	0	Gm15472
0	0.304315665827568	0.24	0.015	0	Gm43065
0	0.67579580236014	0.643	0.271	0	Cdc14a
0	-0.853271423449742	0.693	0.813	0	Camk2d
0	1.63098205109069	0.974	0.777	0	Nfkb1
0	-0.792403252474068	0.503	0.699	0	Ppp3ca
0	0.875011055748689	0.614	0.244	0	Tspan5
0	-1.16380344848028	0.315	0.642	0	Gbp7
0	1.92774738249018	0.779	0.433	0	St6galnac3
0	-0.883797199916265	0.07	0.356	0	Wls
0	0.943476361255446	0.725	0.333	0	Chd7
0	1.08349482075328	0.551	0.096	0	Gem
0	0.726991495532381	0.96	0.751	0	Pnrc1
0	0.394633787139286	0.226	0.024	0	Aqp3
0	-0.979834912390387	0.339	0.586	0	Trim14
0	-1.25720816375834	0.481	0.763	0	Coro2a
0	2.13454417815618	0.739	0.069	0	Nr4a3
0	0.389135882318854	0.259	0.043	0	Ptpn3
0	1.35326312104477	0.871	0.412	0	Pde4b
0	0.912293894479407	0.394	0.015	0	Sgip1
0	0.312772904819166	0.195	0.012	0	Gm12709
0	0.421964355029258	0.219	0.015	0	Tctex1d1
0	0.361852604332971	0.407	0.132	0	Plk3
0	0.931073514707677	0.46	0.082	0	St3gal3
0	0.425066242352455	0.369	0.09	0	Ccdc28b
0	0.903019866846892	0.682	0.337	0	Epb41
0	0.600159869131292	0.908	0.661	0	Rsrp1
0	0.625919898910004	0.405	0.076	0	Clic4
0	1.60376719506883	0.596	0.123	0	Ece1
0	0.572242613781474	0.831	0.497	0	Tnfrsf1b
0	0.298201856090928	0.23	0.036	0	Mthfr
0	0.509252779444131	0.721	0.378	0	Rheb
0	0.544288948105098	0.664	0.281	0	Ost4
0	1.42899558448015	0.674	0.025	0	Fosl2
0	0.333570787727379	0.356	0.094	0	Cd38
0	2.39040705775897	0.924	0.285	0	Rbpj
0	-1.28767830212606	0.098	0.546	0	Klf3
0	-1.03765606841253	0.814	0.909	0	Rhoh
0	0.564131455913313	0.509	0.173	0	Tec
0	2.35233125626557	0.678	0.01	0	Igfbp7
0	0.80463841771585	0.503	0.164	0	Lin54
0	1.39405488732293	0.304	0.06	0	Plac8
0	0.764492017308046	0.716	0.382	0	Aff1
0	0.760304375329945	0.701	0.338	0	Lrrc8d
0	0.672984500932237	0.317	0.019	0	Tgfbr3
0	0.42628009395369	0.488	0.166	0	Unc119b
0	-0.958846930217702	0.006	0.321	0	Dtx1
0	0.477000561436865	0.548	0.237	0	Ptpn11
0	0.661879542974385	0.899	0.592	0	Ppp1cc
0	0.334645505201229	0.451	0.153	0	Hvcn1
0	0.573967613751141	0.966	0.815	0	Arpc3
0	1.79066599521138	0.939	0.437	0	Kdm2b
0	0.930727106724459	0.866	0.452	0	Orai1
0	0.996313286904521	0.599	0.315	0	Vps37b
0	0.627622305267014	0.739	0.415	0	Rilpl2
0	0.759629245936708	0.676	0.292	0	Gtf2i
0	0.435465747415588	0.346	0.076	0	Gtf2ird1
0	0.935774519598052	0.617	0.255	0	Hip1
0	0.449559082667419	0.425	0.104	0	Chst12
0	-1.71659591568768	0.797	0.966	0	Cdk8
0	-0.825963675131274	0.208	0.484	0	Samd9l
0	0.938529888332946	0.483	0.065	0	Hilpda
0	1.48480281880368	0.612	0.082	0	Creb3l2
0	0.534735235592909	0.954	0.791	0	Luc7l2
0	0.50918447836261	0.272	0.042	0	Hk2
0	0.688429417805175	0.375	0.016	0	Vax2
0	0.670197404668465	0.619	0.284	0	Mxd1
0	1.14093511003113	0.82	0.305	0	Rab43
0	0.88371784146121	0.746	0.311	0	Isy1
0	0.365752644236741	0.158	0.002	0	Mgll
0	0.741484487565533	0.815	0.547	0	Itpr1
0	2.23866679527357	0.82	0.071	0	Bhlhe40
0	0.879086164378612	0.415	0.046	0	Srgap3
0	0.296493166587503	0.156	0.006	0	Il17re
0	1.17428425308768	0.773	0.299	0	Irak2
0	0.84188903927022	0.815	0.502	0	Vgll4
0	1.32136663784419	0.804	0.384	0	Raf1
0	-1.2159325999631	0.002	0.295	0	Klrg1
0	-0.779487775372828	0.094	0.372	0	Slc2a3
0	0.863721776416292	0.916	0.588	0	Cd4
0	2.01094369020886	0.812	0.065	0	Lag3
0	1.50522326970954	0.904	0.391	0	Ptms
0	0.530120429855371	0.971	0.844	0	Gapdh
0	0.413575543911017	0.269	0.043	0	Cd9
0	-0.797645479768426	0.506	0.686	0	Clec2d
0	0.334192091921715	0.311	0.052	0	Gabarapl1
0	0.567063474585374	0.157	0.003	0	Klrd1
0	0.704155849485227	0.663	0.322	0	Ybx3
0	1.53735222445764	0.691	0.054	0	Dusp16
0	0.545187674178468	0.317	0.041	0	Emp1
0	1.06775923905165	0.908	0.519	0	Aebp2
0	0.487858178675938	0.383	0.069	0	Stk38l
0	0.417964088283689	0.354	0.075	0	Ppfibp1
0	-1.41003129065753	0.563	0.782	0	Resf1
0	-0.486876907521929	0.997	0.995	0	Rps19
0	0.746173626489605	0.822	0.551	0	Tgfb1
0	0.487566321807217	0.637	0.291	0	Sirt2
0	0.693906424029822	0.874	0.52	0	Hnrnpl
0	0.538111467010644	0.673	0.333	0	Ech1
0	2.54801817606046	0.512	0.012	0	Lgals7
0	0.646530076874672	0.525	0.185	0	Nfkbid
0	2.0948537613864	0.551	0.053	0	Nkg7
0	-0.362016726523656	0.999	0.996	0	Rpl13a
0	0.429907455406402	0.645	0.31	0	Nucb1
0	0.549345658721424	0.939	0.734	0	Ldha
0	0.825789445266094	0.684	0.292	0	Spty2d1
0	0.387637031024039	0.276	0.052	0	Gas2
0	0.66005701489619	0.524	0.154	0	Chsy1
0	0.708577005777614	0.876	0.625	0	AU020206
0	0.659010258751127	0.3	0.076	0	Ntrk3
0	0.40732772436139	0.218	0.01	0	Fes
0	2.03861557616923	0.693	0.142	0	Furin
0	0.543727789273233	0.645	0.324	0	Tmem135
0	0.658956983116084	0.925	0.723	0	Picalm
0	0.790964443364677	0.931	0.759	0	Ucp2
0	1.15455700252507	0.832	0.353	0	Nup98
0	-1.02415193585774	0.107	0.421	0	Rras2
0	0.742567168921127	0.257	0.007	0	4933406I18Rik
0	1.28602390550134	0.48	0.02	0	Pde3b
0	0.252260192802899	0.226	0.031	0	Itpripl2
0	0.741072459648469	0.963	0.775	0	Rgs10
0	0.540760525763846	0.296	0.031	0	Olfr60
0	0.921551020627799	0.418	0.048	0	Ifitm2
0	1.30312084314987	0.472	0.079	0	Ifitm3
0	0.724913466759715	0.748	0.421	0	Ctsd
0	-0.792835559730536	0.585	0.754	0	Tspan32
0	0.699652454560608	0.397	0.045	0	Irs2
0	-0.805607200168448	0.22	0.498	0	Kbtbd11
0	0.421500318786673	0.345	0.069	0	Adam9
0	0.286506908604484	0.265	0.052	0	5830408C22Rik
0	0.621085237417311	0.604	0.261	0	Rab11fip1
0	1.03759411524541	0.699	0.176	0	Dusp4
0	0.79996990685709	0.949	0.685	0	Uba52
0	0.57164607942195	0.921	0.687	0	Tpm4
0	-1.446034059185	0.221	0.683	0	Klf2
0	0.876998652352166	0.593	0.113	0	Podnl1
0	0.675003704514377	0.405	0.033	0	Gm26532
0	0.356083952401639	0.282	0.053	0	Zswim4
0	0.79613341477072	0.821	0.46	0	Ier2
0	2.06084426550757	0.988	0.741	0	Junb
0	0.756758428268341	0.799	0.447	0	Nfat5
0	0.935578392995549	0.863	0.473	0	Znrf1
0	0.992950434386755	0.905	0.663	0	Maf
0	0.678248996823638	0.942	0.763	0	Cmip
0	-0.708939566259247	0.907	0.92	0	Cyba
0	1.12267950530987	0.793	0.306	0	Galnt2
0	0.786578099673168	0.689	0.287	0	Irf2bp2
0	-1.22019985461792	0.404	0.649	0	Nrp1
0	1.04558243359986	0.752	0.347	0	Maml2
0	0.519032474681458	0.508	0.179	0	Endod1
0	2.53048133750391	0.448	0.002	0	Nrgn
0	1.43441305108989	0.968	0.645	0	Ubash3b
0	0.839923844706413	0.895	0.551	0	Thy1
0	-0.71305519860099	0.709	0.772	0	Cbl
0	0.750531119976161	0.99	0.924	0	Cd3g
0	0.472944431883437	0.987	0.933	0	Cd3d
0	1.004985190195	0.925	0.635	0	Sik3
0	0.641640434118346	0.726	0.421	0	Sik2
0	0.627892175516127	0.59	0.222	0	Ube2q2
0	1.37243728058399	0.876	0.566	0	Dennd4a
0	0.994431400868226	0.851	0.612	0	Rora
0	0.611494401272584	0.705	0.349	0	Anxa2
0	1.73021565220733	0.891	0.385	0	Nt5e
0	1.42470381097403	0.63	0.053	0	Bcl2a1d
0	0.942036105333469	0.646	0.267	0	Bcl2a1b
0	0.610689528414959	0.4	0.055	0	Plscr1
0	0.72236403407529	0.328	0.009	0	Plod2
0	0.404210635491426	0.334	0.067	0	Chst2
0	0.346967727935838	0.208	0.025	0	Acpp
0	1.07472829321346	0.789	0.365	0	Mapkapk3
0	0.807081570245141	0.702	0.337	0	Clasp2
0	0.380906776052269	0.263	0.038	0	Cx3cr1
0	0.628884451243654	0.525	0.115	0	Csrnp1
0	-0.734886324704929	0.661	0.757	0	Lars2
0	1.3238252709902	0.468	0.054	0	Cxcr6
0	1.33654557234953	0.721	0.274	0	Stx11
0	0.765285736690306	0.616	0.308	0	Phactr2
0	1.00186390271503	0.894	0.51	0	Tnfaip3
0	0.95180653502724	0.9	0.647	0	Ifngr1
0	0.987023880439798	0.539	0.15	0	Myb
0	0.926399787693131	0.795	0.382	0	Themis
0	0.634171791735412	0.99	0.932	0	Srgn
0	0.867425075386375	0.357	0.039	0	Adarb1
0	0.544094606544629	0.723	0.376	0	Cstb
0	0.723013620577053	0.395	0.058	0	Gm47015
0	0.470431321568528	0.491	0.18	0	Dot1l
0	0.431973225513026	0.994	0.953	0	Oaz1
0	1.25127421863203	0.669	0.328	0	Gadd45b
0	1.34849632931191	0.617	0.039	0	Chst11
0	0.622195275896569	0.411	0.066	0	Gm17745
0	1.26424763869409	0.854	0.515	0	Eea1
0	0.786278184611844	0.526	0.125	0	Phlda1
0	0.632827078081479	0.377	0.052	0	Kcnmb4
0	1.20435479004984	0.489	0.006	0	Plek
0	0.469408004866836	0.547	0.238	0	Spred2
0	1.13376458595306	0.77	0.434	0	Rel
0	1.68239067400421	0.967	0.591	0	Itk
0	0.262523679575389	0.169	0.002	0	Fam71b
0	0.570207947724346	0.649	0.333	0	Fnip1
0	-0.978700779544905	0.655	0.812	0	Cdc42se2
0	-1.02092055510354	0.637	0.805	0	Chd3
0	0.653554992553291	0.596	0.244	0	Kdm6b
0	-1.545794998546	0.181	0.659	0	Itgae
0	0.763571000016313	0.601	0.2	0	Cpd
0	0.520953408578743	0.492	0.169	0	Nf1
0	0.388390932414074	0.309	0.05	0	Evi2a
0	1.25469870096281	0.178	0.002	0	Ccl4
0	0.475971488681447	0.231	0.021	0	Dusp14
0	0.799105587645792	0.831	0.499	0	Med13
0	0.571283842984675	0.948	0.787	0	Msi2
0	1.17213975915804	0.625	0.109	0	Gm45716
0	0.929791478985657	0.715	0.286	0	Mmd
0	-0.744609286573136	0.856	0.882	0	Nme2
0	0.984096037841282	0.861	0.518	0	Spag9
0	0.510524942310082	0.302	0.024	0	Itga3
0	0.939712260980866	0.438	0.023	0	Tbx21
0	0.567248833099081	0.532	0.232	0	Cwc25
0	0.359838925717983	0.996	0.972	0	Eif1
0	0.579410048434399	0.502	0.209	0	Stat5a
0	1.26167966460955	0.913	0.579	0	Stat3
0	0.448691254591711	0.419	0.136	0	Map3k14
0	0.6758867323626	0.433	0.152	0	Ern1
0	1.09967923388299	0.76	0.311	0	Tex2
0	1.18837295555257	0.925	0.537	0	Gna13
0	0.688989177489105	0.569	0.199	0	Slc16a6
0	0.667595957913174	0.415	0.14	0	Fam20a
0	1.09064985974403	0.832	0.356	0	Timp2
0	1.23959548633302	0.8	0.367	0	Odc1
0	0.593947002541492	0.671	0.3	0	Hpcal1
0	1.18504795388917	0.833	0.433	0	Ifrd1
0	0.683081841383962	0.859	0.597	0	Baz1a
0	0.837927776908696	0.761	0.418	0	Gm15283
0	1.2546221172773	0.94	0.652	0	Hif1a
0	0.736708259495173	0.75	0.404	0	Zbtb1
0	0.469256300641011	0.606	0.274	0	Gpr68
0	-0.803741358066768	0.845	0.891	0	Bcl11b
0	1.16190754218302	0.535	0.069	0	Ckb
0	1.0427574404775	0.853	0.392	0	Gpr132
0	-1.69074076506831	0.425	0.861	0	Ighm
0	0.287947930605833	0.165	0.001	0	Vipr2
0	1.44357275240076	0.948	0.623	0	Gdi2
0	0.836196703697656	0.777	0.358	0	Pfkp
0	0.640619852753554	0.221	0.028	0	Tcrg-C2
0	-1.05251957599867	0.193	0.606	0	Hist1h1b
0	-1.15646169627378	0.334	0.633	0	Hist1h4d
0	-1.10701716533461	0.377	0.622	0	Hist1h1e
0	-1.30238300880565	0.77	0.922	0	Ripor2
0	0.85173288298308	0.295	0.051	0	Serpinb1a
0	1.03276525356328	0.777	0.317	0	Hivep1
0	0.598683815106767	0.52	0.165	0	Gfod1
0	0.702142992169889	0.899	0.675	0	Jarid2
0	0.540519436110397	0.534	0.16	0	Card19
0	0.808729189924732	0.588	0.105	0	Susd3
0	0.579653730634669	0.45	0.111	0	Nfil3
0	1.66679926161342	0.669	0.085	0	Ell2
0	0.663396325269964	0.417	0.098	0	Homer1
0	-0.931439417339529	0.527	0.707	0	Iqgap2
0	0.647232105253327	0.809	0.518	0	Col4a3bp
0	0.885377306263299	0.8	0.454	0	Adamts6
0	0.740200022448778	0.849	0.535	0	Zswim6
0	1.77626115730347	0.872	0.172	0	Pde4d
0	-0.744326356108932	0.037	0.306	0	Ankrd55
0	-0.842891318418011	0.126	0.459	0	Il6st
0	2.60112179931521	0.902	0.525	0	Emb
0	1.05961611008944	0.582	0.256	0	Flnb
0	0.764590170603543	0.835	0.469	0	Gng2
0	0.849872191656438	0.918	0.661	0	Arf4
0	-1.24126600181435	0.477	0.735	0	Arhgef3
0	0.832412736077499	0.337	0.014	0	Gm49180
0	1.27828454737431	0.673	0.266	0	Lgals3
0	0.809652956489905	0.435	0.129	0	Ltb4r1
0	0.8891984643396	0.855	0.468	0	Ctsb
0	0.682868968634078	0.428	0.039	0	Slc39a14
0	1.3069782867552	0.576	0.117	0	Cysltr2
0	0.307500638684776	1	0.999	0	Tpt1
0	1.71767532897807	0.582	0.095	0	Tnfsf11
0	0.87684192949441	0.492	0.157	0	Rgcc
0	0.972378411543541	0.535	0.188	0	Tbc1d4
0	1.4390309595191	0.651	0.114	0	Farp1
0	0.600063852342326	0.954	0.774	0	Sub1
0	1.02550620629712	0.437	0.024	0	Myo10
0	0.470882000346093	0.553	0.234	0	Dap
0	0.821620262303068	0.7	0.27	0	Rnf19a
0	0.307077340884428	0.162	0.003	0	Ncald
0	0.663392270836144	0.802	0.437	0	Ubr5
0	2.22238305678187	0.853	0.206	0	Trps1
0	-2.32226046394052	0.274	0.837	0	Gm2682
0	1.20058675592532	0.941	0.571	0	Sla
0	1.30724131501073	0.494	0.004	0	Ccn4
0	0.916789513971163	0.45	0.124	0	Ndrg1
0	-1.33533553786853	0.229	0.534	0	Ly6a
0	0.406308902530292	0.485	0.162	0	Grina
0	1.48440912308913	0.719	0.094	0	Dgat1
0	0.553474372226694	0.513	0.204	0	H1f0
0	0.382762170697489	0.371	0.094	0	Josd1
0	0.897713409473698	0.671	0.234	0	Tob2
0	0.466153829545217	0.346	0.066	0	Pim3
0	0.737763513523394	0.407	0.141	0	Prickle1
0	0.66053685885096	0.757	0.433	0	Slc38a1
0	0.511133786419657	0.815	0.467	0	Slc38a2
0	0.701465069308673	0.297	0.004	0	Vdr
0	0.687952108549965	0.866	0.641	0	Dip2b
0	0.92462318209549	0.626	0.155	0	Nr4a1
0	0.65043576474838	0.249	0.007	0	Krt83
0	-0.698037677736099	0.687	0.839	0	Itgb7
0	0.419622725869012	0.455	0.149	0	Cdip1
0	1.7308714820512	0.743	0.039	0	Litaf
0	0.626005384045637	0.217	0.003	0	Dgkg
0	-1.64504557582254	0.121	0.638	0	St6gal1
0	0.600131910053014	0.549	0.165	0	Ccdc50
0	0.93012664501487	0.873	0.529	0	Cox17
0	1.74450158569597	0.91	0.576	0	Arhgap31
0	-1.4209333739748	0.114	0.566	0	Sidt1
0	-0.942374900951065	0.096	0.375	0	Cd200r1
0	-0.887248234579298	0.022	0.352	0	Trat1
0	1.74804049989639	0.955	0.677	0	Cblb
0	-1.95956579531186	0.987	0.998	0	Cmss1
0	1.14633199527197	0.937	0.531	0	Nrip1
0	1.29309274858952	0.843	0.365	0	D16Ertd472e
0	0.599633238741434	0.711	0.39	0	Paxbp1
0	0.550264607724518	0.61	0.279	0	Mrps6
0	0.420219227893916	0.325	0.07	0	Slc5a3
0	0.752535461440325	0.953	0.898	0	Runx1
0	0.463480408621646	0.394	0.132	0	Ets2
0	0.771919427205416	0.449	0.063	0	Sytl3
0	0.527484138666845	0.477	0.178	0	Fgfr1op
0	0.513045682336329	0.727	0.403	0	Chd1
0	0.67880890925906	0.342	0.074	0	Vmn2r96
0	0.567685400142065	0.632	0.286	0	Dusp1
0	0.811548007249657	0.419	0.07	0	Cdkn1a
0	1.0616377666563	0.296	0.023	0	Tff1
0	0.570246968623358	0.691	0.295	0	Sik1
0	0.528009637053832	0.79	0.425	0	Gpsm3
0	0.306375600829032	0.244	0.029	0	Prrt1
0	0.656536198174649	0.374	0.077	0	Lta
0	-1.694865750895	1	1	0	Gm42418
0	-1.78539755629366	0.977	0.999	0	AY036118
0	0.962298253882489	0.726	0.308	0	Runx2
0	0.453169679885063	0.352	0.065	0	Zfp318
0	-0.394422294786782	0.997	0.993	0	Rpl36
0	0.77037405494845	0.628	0.153	0	Tgif1
0	0.738360235398841	0.761	0.431	0	Zfp36l2
0	0.523714690963747	0.257	0.035	0	Rhoq
0	0.857781855861683	0.869	0.628	0	Fbxo11
0	1.90202657444228	0.832	0.208	0	Crem
0	1.12258064773824	0.49	0.18	0	Mpp7
0	0.465661839925061	0.501	0.181	0	Mib1
0	0.815714472646711	0.592	0.236	0	Rbbp8
0	0.873111368283583	0.825	0.441	0	Ss18
0	0.286010143129145	0.161	0.004	0	Gm2629
0	0.972601837826671	0.731	0.26	0	Rnf125
0	0.945902973752982	0.992	0.908	0	Ndfip1
0	1.03100096342232	0.558	0.054	0	Prelid2
0	0.611473720655042	0.348	0.007	0	Smim3
0	0.90570997648649	0.272	0.003	0	Ablim3
0	1.22080408815575	0.872	0.537	0	Malt1
0	0.483367152693265	0.419	0.126	0	Pmaip1
0	1.08448575049919	0.701	0.197	0	Impa2
0	0.381330560076318	0.261	0.051	0	Tcf4
0	0.406058352166272	0.453	0.164	0	Mex3c
0	-0.671739849398923	0.033	0.255	0	Slc14a1
0	0.587617509616727	0.782	0.477	0	Nfatc1
0	0.660147876442842	0.516	0.171	0	Chka
0	0.475141539152313	0.627	0.302	0	Gstp3
0	1.12722780604778	0.617	0.122	0	Ctsw
0	0.65140816446151	0.566	0.196	0	Ehd1
0	0.637738401446755	0.839	0.581	0	Rtn3
0	0.621546448143805	0.761	0.392	0	Slc3a2
0	0.469385087886821	0.328	0.061	0	Slc15a3
0	-2.04854057940373	0.198	0.801	0	Ms4a4b
0	-1.27526977115311	0.64	0.86	0	Ms4a6b
0	1.20507083479984	0.873	0.474	0	Ostf1
0	0.826301550261548	0.391	0.025	0	Nmrk1
0	0.483319089676106	0.509	0.219	0	Carnmt1
0	1.09058767702495	0.77	0.408	0	Jak2
0	0.750735747720485	0.616	0.191	0	Ric1
0	1.42700225879874	0.882	0.509	0	Uhrf2
0	0.498021434175996	0.245	0.006	0	Gldc
0	0.647020903983564	0.75	0.412	0	Sgms1
0	0.410926599885202	0.22	0.012	0	Pik3ap1
0	0.738780840911725	0.547	0.195	0	Got1
0	0.423335247482168	0.449	0.142	0	Trim8
0	-0.655674590423006	0.035	0.296	0	Sh3pxd2a
0	1.66976244154963	0.785	0.282	0	Mxi1
0	1.03263719165873	0.748	0.313	0	Dusp5
0	-0.738412724806692	0.861	0.931	0	Ablim1
0	-1.09541700977136	0.289	0.727	0	Foxp3
0	0.585559650001453	0.972	0.824	0	Rbm3
0	1.11489031055456	0.798	0.398	0	Med14
0	-0.802126678257169	0.047	0.345	0	Slc9a7
0	0.747463669691417	0.38	0.056	0	Cd40lg
0	-1.49395205437432	0.099	0.496	0	Xist
0	0.670780392903785	0.672	0.303	0	P2ry10
0	0.372963133024409	0.373	0.098	0	Hccs
0	0.349838962147846	0.999	0.996	0	mt-Co1
4.6680757124351e-308	0.498720188839796	0.681	0.362	1.50708824375967e-303	Ubald2
2.30158380242959e-307	0.489632004559519	0.807	0.469	7.43066330614393e-303	Lmnb1
1.1127240669076e-306	0.520237766890919	0.812	0.527	3.59242965001117e-302	Kras
3.26074234112492e-306	0.416887780987343	0.445	0.164	1.05273066483218e-301	Dennd4c
1.08277329588852e-305	0.321573053196721	0.437	0.15	3.49573358577609e-301	Per1
2.50562293111297e-304	0.356515977555718	0.458	0.17	8.08940363309822e-300	Btg3
3.53277265298045e-303	0.438620625356783	0.961	0.823	1.14055565101474e-298	Eif3h
4.47195741398034e-302	0.548708174743584	0.533	0.238	1.44377145110355e-297	Id2
4.23547635426381e-301	0.448131245848191	0.56	0.253	1.36742354097407e-296	Midn
2.72441815916268e-300	0.516351252814597	0.613	0.298	8.79578402685671e-296	Slc35d1
3.20816500969898e-300	0.289511486579717	0.218	0.033	1.03575607338132e-295	Maff
3.86763166483282e-299	-0.315767154398538	1	0.998	1.24866488299127e-294	Rplp1
5.62798345477582e-298	0.500478740184622	0.721	0.411	1.81699445837437e-293	Plekha2
1.23644463405803e-297	0.451886207525468	0.596	0.286	3.99186150105634e-293	Gtpbp1
1.75538982789749e-297	0.501916364499657	0.647	0.33	5.66727605936704e-293	Usp38
9.36656931263379e-297	0.624338661094548	0.95	0.823	3.02399690258382e-292	Zc3hav1
1.02228306688937e-296	0.703932651211973	0.723	0.42	3.30044088145233e-292	Fndc3a
2.20360610195123e-296	-0.838900378904256	0.287	0.528	7.11434230014956e-292	Pou2f2
2.53067712758455e-296	-0.881329337452815	0.203	0.441	8.17029110640672e-292	2610035D17Rik
1.28455578569596e-295	0.590153367101647	0.944	0.796	4.14718835411941e-291	Arih1
9.58844996767938e-293	0.346757828381628	0.414	0.148	3.09563107206529e-288	Hmces
1.21873682121694e-292	0.394485794593197	0.297	0.078	3.9346918272989e-288	Gpr160
8.68630602503918e-292	0.395859411422444	0.484	0.201	2.8043739001839e-287	Ctnna1
2.78246865733143e-291	0.520863324877039	0.623	0.311	8.98320006019453e-287	Raph1
1.46819109050792e-290	-0.755655779080176	0.176	0.431	4.7400549357048e-286	Sytl2
2.55730399350492e-290	0.398891296734735	0.654	0.332	8.25625594303064e-286	Dctn4
2.79833708074391e-290	0.434788898192947	0.424	0.155	9.0344312651817e-286	Gch1
8.38384449459658e-290	0.575243981887616	0.903	0.707	2.70672419508051e-285	Smg6
3.1858067564134e-289	0.360748433306263	0.99	0.95	1.02853771130807e-284	Rbm39
3.68917727512608e-289	0.842207219658462	0.771	0.533	1.19105088327446e-284	Stat4
4.13179255981149e-289	0.331016389085405	0.327	0.095	1.33394922793514e-284	Gpd2
4.3833799456243e-289	0.400232634583832	0.586	0.274	1.41517421544481e-284	Rnf166
9.11531990836829e-289	-0.484533438673775	0.04	0.251	2.9428810324167e-284	Gm28112
1.34585375146979e-287	-0.639494017411795	0.022	0.22	4.34508883662021e-283	Rnf43
2.90950865408492e-287	-0.774740342972809	0.077	0.301	9.39334868971317e-283	Il1rl1
6.24794154277905e-287	0.465106648430263	0.929	0.762	2.01714792708621e-282	Csnk1a1
7.28292024465466e-287	0.658763625925461	0.915	0.746	2.35129080098676e-282	Hivep2
1.14388548490618e-286	-0.361704881194009	0.995	0.993	3.69303428801961e-282	Rps15
1.3790332491738e-286	0.459096532732659	0.808	0.491	4.45220884495762e-282	Capns1
1.87429247083556e-286	0.539430379876762	0.427	0.163	6.05115324209259e-282	Cebpb
3.74288720493126e-285	0.456615453890969	0.957	0.821	1.20839113411206e-280	Gnas
1.69926398031555e-284	0.429021255327946	0.644	0.326	5.48607376044876e-280	Wsb1
9.24287986874054e-284	0.761358427847492	0.693	0.403	2.98406376562288e-279	Eprs
3.67564160555325e-282	-0.667209453438245	0.067	0.291	1.18668089235287e-277	Ifi214
3.82981931247469e-281	0.395630430794376	0.999	0.993	1.23645716503245e-276	Tmsb10
6.89908225742453e-281	-0.74306297743603	0.291	0.51	2.22736870680951e-276	Gata3
1.87323131925012e-280	-0.660922170872513	0.401	0.641	6.04772731419902e-276	Cd27
1.6717852672435e-279	0.774434623851395	0.852	0.648	5.39735873529564e-275	Zeb1
3.46449894840649e-278	0.489600605768555	0.598	0.301	1.11851348549304e-273	Acsl4
4.96877703689769e-278	0.286875692404463	0.255	0.055	1.60416966636242e-273	Ptger2
4.65723723335497e-277	0.275791992725222	0.331	0.098	1.50358904078865e-272	Kremen1
5.91783767344756e-277	0.494441074344688	0.609	0.314	1.91057389287254e-272	Nab1
2.83350768172725e-276	0.531616836179569	0.63	0.325	9.14797955045642e-272	Kat6b
5.00031657818535e-276	0.575106788269227	0.797	0.52	1.61435220726714e-271	Aldoa
5.86571290281678e-276	0.562903196307207	0.321	0.1	1.8937454106744e-271	Wdr78
8.5144947385611e-276	-0.802406479948411	0.37	0.577	2.74890462634445e-271	Itga6
3.20957573700636e-275	0.529804925091986	0.491	0.219	1.0362115266925e-270	Ints7
8.04859294913761e-274	-0.272589922709513	1	0.998	2.59848823362908e-269	Rpl19
3.11297447828903e-273	-0.66102012438796	0.045	0.251	1.00502381031561e-268	Id3
3.69553503473829e-273	-0.694979055906333	0.801	0.819	1.19310348596526e-268	Atp1b3
1.25480168065454e-272	0.412874399258891	0.478	0.206	4.05112722599319e-268	Cul2
1.90026387594413e-272	0.455279059909688	0.143	0.007	6.13500192348564e-268	Hecw2
5.22603858766234e-272	-0.517106691656135	0.018	0.207	1.68722655802679e-267	Itga2
6.15213174938231e-272	0.500390450398059	0.865	0.591	1.98621573528808e-267	Wdr26
1.53858174174011e-270	0.540274721706853	0.143	0.007	4.96731115320794e-266	Ifng
2.48363584048229e-270	0.322107518212472	0.206	0.035	8.01841831099706e-266	Dhrs3
3.19347010436893e-270	-0.803344992695116	0.369	0.573	1.03101182319551e-265	Sesn1
5.24646707356608e-270	0.267865426511071	0.138	0.006	1.69382189470081e-265	Ramp3
6.26545964369279e-270	0.372581834549343	0.572	0.267	2.02280364596622e-265	Tg
1.08002309226637e-269	0.474248301558727	0.934	0.709	3.48685455338199e-265	Gmfg
2.89385375774498e-269	0.459446106084258	0.572	0.283	9.34280685687966e-265	Serpinb6a
2.04615498216896e-268	0.436042662272731	0.161	0.015	6.60601135993247e-264	Tcrg-C1
8.61629771814094e-268	0.527041057683722	0.778	0.498	2.7817717183018e-263	Csnk1g3
2.6179135107356e-267	-0.58839142132658	0.016	0.199	8.4519337694099e-263	Ifit1bl1
3.56562788201382e-267	0.421783592007501	0.692	0.383	1.15116296170816e-262	Rnh1
7.49850276675744e-267	0.420769778695979	0.996	0.966	2.42089161824764e-262	Pfn1
4.57218767128826e-265	0.314006078998944	0.41	0.152	1.47613078967541e-260	Rnf11
1.24574068952582e-264	0.543943275296206	0.729	0.446	4.02187381613412e-260	B4galt1
2.55211163516543e-264	-0.950941603495807	0.927	0.95	8.23949241413158e-260	Crip1
4.01783405727809e-264	-0.745489358199509	0.196	0.419	1.29715772539223e-259	Slfn8
4.63821028862168e-264	0.478886771449785	0.54	0.262	1.49744619168151e-259	Fam162a
4.99589720179306e-264	0.49294219014557	0.753	0.459	1.61292541159889e-259	Nptn
4.76093051134644e-263	-1.03482059040412	0.489	0.643	1.5370664155882e-258	Tgfbr1
9.7392785563213e-263	-0.87213265780407	0.438	0.655	3.14432608190833e-258	Sntb1
1.25074508628237e-261	0.47443925520107	0.64	0.34	4.03803051106263e-257	Nabp1
1.28103715898391e-261	0.440705530182394	0.8	0.506	4.13582846777955e-257	Cyth4
1.30344928087395e-261	0.342512341592918	0.293	0.083	4.20818600330156e-257	Sec24d
1.37231757768437e-261	-0.722692699456196	0.499	0.694	4.43052729955398e-257	Izumo1r
4.79264482314262e-261	0.458288012482327	0.601	0.308	1.54730538115159e-256	Abhd2
5.15385988989337e-261	0.269662508906996	0.118	0	1.66392366545207e-256	Il21
9.21430596249923e-261	-0.729702540285862	0.171	0.389	2.97483867999288e-256	Ikzf4
2.07211968650776e-260	0.352208081637436	0.424	0.167	6.68983840789029e-256	Wdyhv1
2.6735738580319e-260	0.289804814872794	0.394	0.144	8.63163320065599e-256	Mkrn2
4.03310529171965e-260	0.374502694032188	0.419	0.166	1.30208804343169e-255	Ap1s2
4.93465203112065e-260	0.456964874246026	0.572	0.288	1.5931524082473e-255	Lrrfip2
6.58423991753202e-260	0.389224811062006	0.387	0.149	2.12572185737521e-255	Slc29a1
1.37881063830694e-259	0.388995164610885	0.538	0.237	4.45149014577394e-255	Ppp1r15a
4.69817596585971e-259	0.452163101404189	0.986	0.937	1.51680611057781e-254	Fxyd5
6.81712146990789e-259	0.856325686178314	0.549	0.298	2.20090766655976e-254	Gramd3
8.49419175470097e-259	0.436199457076027	0.738	0.432	2.74234980800521e-254	Zfand5
1.50188186458982e-258	0.466152951464503	0.714	0.423	4.84882559982823e-254	Mpc1
2.05522544056449e-258	0.325660480762956	0.536	0.243	6.63529533486244e-254	Tmem128
3.54541770139354e-257	0.529539156929494	0.966	0.881	1.14463810489491e-252	Elmo1
8.69533912972811e-257	0.399233006791941	0.975	0.888	2.80729023803272e-252	Cd3e
1.03803183049072e-256	0.311195240000718	0.431	0.173	3.35128576473928e-252	Cfap20
4.68436279135136e-256	-0.566781576587922	0.061	0.271	1.51234652718779e-251	Pde2a
5.57325138123565e-256	0.312459019925243	0.378	0.138	1.79932420843193e-251	Mafg
9.73568358282032e-256	-0.720739969005516	0.22	0.451	3.14316544471354e-251	Smad3
3.62228275884409e-255	0.564310117618663	0.536	0.271	1.16945398869281e-250	Slc7a1
1.28110916955031e-254	0.352870390179617	0.574	0.271	4.13606095389318e-250	Sdf2
3.66300078648929e-254	0.331357945289485	0.319	0.103	1.18259980391807e-249	Ptprs
3.89926191177525e-254	0.288626160084287	0.289	0.083	1.25887670821664e-249	Plin2
4.06650140359446e-254	0.501290684170294	0.621	0.327	1.31286997815047e-249	Tpi1
1.54165144049679e-253	0.411301224577483	0.379	0.14	4.9772216756439e-249	Tnf
1.57434307707041e-253	0.356986404925923	0.551	0.26	5.08276662432181e-249	Mfsd14a
1.75966172086488e-253	0.577275361573064	0.924	0.788	5.68106786581225e-249	Mier1
2.06672553098748e-253	0.487476946194707	0.906	0.694	6.67242337679308e-249	Ogt
6.24694492351154e-253	0.334673038798198	0.52	0.235	2.0168261685557e-248	Dynll2
6.82540928404967e-253	0.401993431948844	0.723	0.419	2.20358338735543e-248	Cisd2
7.17748857002389e-253	0.673579322792258	0.577	0.311	2.31725218483221e-248	Atp10a
9.70175506416751e-253	0.464338456332635	0.767	0.479	3.13221162246648e-248	1810037I17Rik
1.29566867397606e-252	0.416934624168456	0.851	0.57	4.18306631393172e-248	Paip2
1.83437750958306e-252	0.423304364682162	0.5	0.232	5.92228778968892e-248	Apaf1
8.01909647828544e-252	0.365732659285078	0.458	0.191	2.58896529801445e-247	Twsg1
2.75512948732095e-251	0.403342334770386	0.97	0.874	8.8949355498157e-247	Cox7c
4.52725226913101e-251	-0.773531074211725	0.232	0.434	1.46162339508895e-246	Cldnd1
8.73869076962255e-251	0.258868486319054	0.199	0.035	2.82128631497264e-246	Ctla2b
2.11825914790145e-250	-0.321091000296888	0.999	0.997	6.83879965899982e-246	Rps27a
2.23772561796403e-250	-0.931694161818122	0.291	0.497	7.22449715759687e-246	Morrbid
5.95683373832543e-250	0.283284888010187	0.272	0.07	1.92316377241836e-245	Camk2n1
1.07311275071764e-249	-0.532868820903843	0.75	0.921	3.46454451569191e-245	Pim1
2.34859868291456e-248	-0.357440005276915	0.101	0.314	7.58245084778964e-244	Cd74
2.62274610020459e-248	0.300077940426503	0.181	0.027	8.46753578451053e-244	Gm6225
7.85631122070608e-248	0.426198761033821	0.607	0.323	2.53641007760496e-243	Kpna1
6.7124860086607e-247	-0.664677321295401	0.685	0.766	2.16712610789611e-242	Dgka
1.01666938431044e-246	0.52096633935107	0.613	0.331	3.28231710724625e-242	Braf
1.57703826312736e-246	-0.625391257326279	0.06	0.257	5.09146803250669e-242	Unc5cl
3.57548402352363e-246	0.25261068174605	0.146	0.013	1.1543450169946e-241	Cystm1
6.25015271430121e-246	0.306437871188117	0.517	0.232	2.01786180381214e-241	Inpp5b
7.03444503764337e-246	0.404108874695925	0.941	0.757	2.27107058040316e-241	Ube2d3
1.00032082476769e-245	0.649233784109695	0.8	0.557	3.2295357827625e-241	Srpk2
6.48843443554626e-245	-0.718298204259167	0.15	0.366	2.09479105751611e-240	Galnt10
7.79302700766725e-245	0.415443792560992	0.208	0.043	2.51597876942537e-240	1700012B07Rik
1.44919810947417e-244	0.450568528451575	0.826	0.563	4.67873609643736e-240	Tra2a
2.23866459882589e-244	-0.644810319846276	0.072	0.274	7.22752865730939e-240	Ptpn13
7.53727657869175e-244	0.376359640394203	0.531	0.253	2.43340974343063e-239	Ppme1
1.43424959868585e-243	0.50260735932584	0.892	0.661	4.63047482935727e-239	Txn1
1.55336329154125e-243	0.466923516275752	0.565	0.29	5.01503338674094e-239	Cerk
1.31240489735201e-242	-0.672051520571192	0.159	0.368	4.23709921110096e-238	Gm36756
8.09938878765431e-242	0.396224324677146	0.339	0.118	2.61488767009419e-237	Ddx3y
5.6314118697087e-241	-0.427537610470198	0.025	0.2	1.81810132213545e-236	Tlr1
1.0235475770839e-240	0.47825518179822	0.797	0.527	3.30452335261537e-236	Ppp1cb
2.66496787747794e-240	-0.602350506757608	0.119	0.335	8.60384879243753e-236	Rasgrp2
4.60035320188394e-240	-0.462578536911067	0	0.152	1.48522403122823e-235	Ccr10
6.08903965618545e-240	-0.753861366713884	0.687	0.78	1.96584645299947e-235	Epsti1
8.22864635301818e-240	-0.710021615407373	0.56	0.703	2.65661847507192e-235	Pacs1
5.40741065565589e-239	0.301942246127402	0.469	0.201	1.7457825301785e-234	Vps37a
6.23529522572534e-239	0.467500714061537	0.81	0.54	2.01306506362543e-234	Usp9x
9.78968963228602e-239	-0.641873626715361	0.791	0.84	3.16060129778354e-234	Mndal
1.30547787421535e-238	0.451856194443291	0.646	0.354	4.21473531690425e-234	Neat1
4.15640248587983e-238	-0.64511860775932	0.829	0.85	1.3418945425663e-233	Emp3
3.84826482260031e-237	-0.267238854480441	0.999	0.997	1.24241229797651e-232	Rps13
4.38597565159487e-237	0.401790970201497	0.508	0.24	1.41601223911741e-232	Ehd4
6.74924658001894e-237	0.597678315947798	0.471	0.216	2.17899425835911e-232	Lig1
1.3217439562636e-236	0.481447342292708	0.653	0.376	4.26725036279702e-232	Zyg11b
1.98580751160895e-236	-0.901771716795174	0.166	0.413	6.41117955122951e-232	Hist1h2ae
2.85126138946722e-236	0.488441357638208	0.529	0.265	9.20529739589493e-232	Tshz1
2.0400749790207e-235	0.290115682642135	1	0.997	6.58638206976834e-231	Rps15a
2.428956939925e-235	-1.09666021988806	0.679	0.774	7.84188748054786e-231	Foxp1
4.6916280375869e-235	-0.816281957471545	0.44	0.603	1.51469211193493e-230	Prkcb
8.28907232101261e-235	0.334091053982727	0.354	0.132	2.67612699883892e-230	Fam110a
4.24424774265483e-234	0.361048175209561	0.585	0.295	1.37025538371611e-229	Relb
5.94633490862216e-234	-0.737841565128576	0.529	0.657	1.91977422524866e-229	Slc12a6
7.15841478745613e-234	0.517048496091933	0.358	0.141	2.31109421413021e-229	Il18rap
1.49380644834949e-233	-0.895971973343781	0.496	0.647	4.82275411849631e-229	Arl5a
3.29182769260311e-233	-0.633534345303509	0.038	0.216	1.06276657055692e-228	Nsg2
8.08832229902796e-233	-0.6114518863518	0.714	0.807	2.61131485424118e-228	Itpr2
1.34391494929739e-232	-0.65754091795543	0.319	0.509	4.33882941380663e-228	Psen2
1.93755393899262e-232	0.288479292600641	0.121	0.006	6.25539289203768e-228	Csgalnact1
5.53970675349488e-232	-0.648138902081595	0.711	0.749	1.78849432536582e-227	Ccdc88c
1.01067004296168e-231	0.447757121240082	0.165	0.024	3.26294823370178e-227	Trgv2
1.18425373998326e-231	0.373608853970423	0.452	0.2	3.82336319953594e-227	Abl1
1.35386330982208e-231	0.839976671486863	0.108	0.001	4.37094769576059e-227	Ifitm1
3.39756638274454e-231	0.437259372632654	0.72	0.428	1.09690430666908e-226	Btbd9
3.78213471376845e-231	0.350195125866174	0.319	0.111	1.22106219234015e-226	Man1b1
4.85352907507436e-231	-0.508193549084426	0.2	0.451	1.56696186188776e-226	Hist1h2ap
5.00756663587083e-231	0.310314155631072	0.213	0.049	1.6166928883909e-226	Marcksl1
5.41393915020069e-231	0.422090083116831	0.531	0.271	1.74789025464229e-226	Thap12
1.67977914683251e-229	0.308951271155935	0.51	0.239	5.42316697554875e-225	Mrpl9
1.08802903210201e-228	-0.575144553985112	0.109	0.313	3.51270173014135e-224	Gm20559
1.1565201625682e-228	0.426548037038831	0.803	0.537	3.73382534485144e-224	Cd82
3.20016866682102e-228	-0.63683606916497	0.043	0.222	1.03317445408317e-223	Usp18
4.22618395371625e-228	0.426485046125404	0.334	0.126	1.36442348945729e-223	Dtl
5.49290583315882e-228	0.411971748806334	0.701	0.399	1.77338464823532e-223	Ap3s1
1.92148602337619e-227	-0.64357540305729	0.066	0.252	6.20351762647003e-223	Gm10130
1.87052197045351e-226	0.341034220740244	0.341	0.122	6.03898018160914e-222	Gm12840
3.18922327458486e-226	-0.492310883838479	0.006	0.155	1.02964073419972e-221	Ttn
3.35598202377288e-226	0.3235188996805	0.514	0.242	1.08347879637507e-221	Gramd1a
3.6016701352712e-226	0.365773290336285	0.575	0.29	1.16279920317231e-221	Ndel1
1.0288851650809e-225	0.313971451998225	0.277	0.084	3.32175575546368e-221	Nipal1
1.35431696200402e-225	0.341911354986825	0.182	0.033	4.37241231182999e-221	Btbd11
1.54641071829372e-225	0.510173370213931	0.956	0.883	4.99258700401126e-221	Celf2
3.01035826556141e-225	0.509683680569722	0.626	0.343	9.718941660365e-221	Atad2
3.07593518638704e-225	0.306132969274212	0.48	0.211	9.93065674925055e-221	Klhl24
4.11360366483641e-225	0.424007132148727	0.727	0.447	1.32807694319243e-220	Tmem123
5.53029573368244e-225	0.407695277696578	0.927	0.743	1.78545597761938e-220	H2afy
7.35705140679803e-225	1.89665151588679	0.342	0.131	2.37522404668474e-220	Ccl5
1.13692633803096e-224	-0.644484422385399	0.066	0.253	3.67056668233295e-220	Lmna
3.40157599217666e-224	0.251171197118474	0.109	0.003	1.09819880907423e-219	Slc41a2
5.84714367998414e-224	0.272724714770806	0.311	0.103	1.88775033708288e-219	Irf8
1.28469950773717e-223	0.417543985361579	0.635	0.351	4.14765236072945e-219	Pgam1
2.29504652150509e-223	0.628644721540714	0.102	0.001	7.40955769467917e-219	Ccl3
3.27439927789282e-223	-0.51105959211303	0.817	0.819	1.0571398068677e-218	Ndufa4
3.77592829457511e-223	0.420683299044068	0.87	0.649	1.21905844990358e-218	Myl12a
1.80866447242899e-222	0.593055215166746	0.921	0.744	5.839273249237e-218	Atxn1
2.48994017504379e-222	0.511343937858668	0.426	0.189	8.03877185512887e-218	E130308A19Rik
4.05829695544096e-222	0.363569239932464	0.751	0.453	1.31022117206412e-217	Sdcbp
4.07214287190939e-222	0.36628364098762	0.921	0.714	1.31469132619595e-217	Cnbp
5.83125285244958e-222	0.290711707501616	0.109	0.003	1.88261998341335e-217	Myo16
8.53870472453508e-222	-0.739141124332093	0.092	0.283	2.75672082031615e-217	A330040F15Rik
1.80314831196261e-221	0.430394221569599	0.611	0.339	5.82146432517129e-217	Mapk14
2.58361900520239e-220	0.293592236538807	0.179	0.032	8.34121395829591e-216	2610204G07Rik
3.95336272835671e-220	0.377874038742431	0.569	0.295	1.27634315684996e-215	Plekha5
5.11692759366099e-220	0.370777004229089	0.969	0.849	1.65200007361345e-215	Arpc1b
1.91288125136161e-219	0.398985686162443	0.733	0.446	6.17573712002097e-215	Pik3ca
2.33769550062344e-219	0.889610724585048	0.189	0.039	7.54724992376276e-215	Il10
4.48795328795742e-219	0.373833493663651	0.308	0.106	1.44893571901705e-214	Gnptab
4.04973665899425e-218	0.361911918571796	0.954	0.838	1.30745748035629e-213	Lck
4.32952666941506e-218	0.306268462737705	0.399	0.168	1.39778768522065e-213	Zfpm1
1.93051681890907e-217	0.599842448408424	0.669	0.423	6.23267354984794e-213	Lamc1
2.30375059365808e-217	-0.553403385877021	0.026	0.188	7.43765879162512e-213	Gpr83
3.45427660912836e-217	-0.61634402628423	0.663	0.732	1.11521320325709e-212	Rbms1
7.07572292872821e-217	0.346783988387285	0.633	0.34	2.2843971475399e-212	Adcy7
2.33764364920227e-216	0.513460169556709	0.81	0.559	7.54708252144954e-212	Map4k4
4.41367006389779e-216	0.355857392243894	0.581	0.307	1.4249533801294e-211	Efhd2
5.57502990307141e-216	0.325570358915376	0.195	0.041	1.7998984042066e-211	Alpk2
8.32217980148257e-216	0.503800054487331	0.972	0.885	2.68681574890865e-211	Wnk1
1.06334631132682e-215	0.424736599054687	0.612	0.345	3.43301356611864e-211	Epb41l2
1.89065854781027e-215	0.384963532135292	0.623	0.343	6.10399112160546e-211	Tspan14
1.9765234131234e-215	-0.619994749732202	0.033	0.199	6.38120583926891e-211	Arnt2
3.07287538649772e-215	0.344928423778008	0.412	0.175	9.92077818530789e-211	Mtss1
3.31661046551824e-215	0.284318618561319	0.265	0.079	1.07076768879256e-210	Itm2a
4.07265047873335e-215	0.398373751834237	0.166	0.028	1.31485520705906e-210	Il12rb2
5.46947067980948e-215	-0.586283370526009	0.715	0.764	1.76581860897649e-210	Asxl1
6.79859132597283e-215	-0.511328230227724	0.055	0.237	2.19492520959033e-210	Tsix
1.71890033727999e-214	-0.73383379556576	0.38	0.557	5.54946973890845e-210	Rere
1.9579618605052e-214	0.252290682307689	0.292	0.098	6.32127986664104e-210	4930503L19Rik
4.92493440896394e-214	0.298579297085534	0.434	0.192	1.59001507393401e-209	Ppm1d
2.45214601036396e-213	0.284865305866259	0.351	0.133	7.91675339446006e-209	Slc35e2
2.98541948021204e-213	0.333400289533298	0.684	0.389	9.63842679186458e-209	Golph3
9.9086438346314e-213	-0.41845733703169	0.948	0.942	3.19900566201075e-208	Ptpn18
6.32663318351826e-212	-0.732418726523016	0.233	0.429	2.04255352329887e-207	Tespa1
1.03895708630142e-211	0.514578896084857	0.809	0.566	3.35427295312412e-207	Samsn1
1.9248765055008e-211	0.553383112607462	0.688	0.439	6.21446379800933e-207	Txk
1.21059274757139e-210	0.304522408226035	0.386	0.161	3.90839868553424e-206	Fbxo34
2.27101897618617e-210	-0.709780069167162	0.211	0.413	7.33198476461705e-206	Fry
6.33064814676597e-210	-0.73567771528828	0.425	0.561	2.04384975418339e-205	Ass1
2.62453539442632e-209	0.306462907654348	0.429	0.19	8.47331252090539e-205	1300002E11Rik
4.16782847146401e-209	0.461212386651889	0.366	0.151	1.34558342201216e-204	Cers6
4.52273587008788e-209	0.329252829594382	0.158	0.025	1.46016527565787e-204	Crtam
4.36884770806681e-208	0.298972663825252	0.223	0.058	1.41048248254937e-203	Gm31718
5.2647569295294e-208	0.402357847634734	0.723	0.434	1.69972677469857e-203	Gimap5
5.03573018430713e-207	0.315096052970905	0.585	0.308	1.62578549000356e-202	Acadl
5.50854200623931e-207	-0.371733791429847	0	0.133	1.77843278671436e-202	Rln3
9.06310657942986e-207	0.360173718528099	0.939	0.771	2.92602395916893e-202	Arf5
1.00036613743081e-206	0.690858886478458	0.883	0.762	3.22968207469536e-202	Nfkbia
2.32054185386235e-206	0.457855344622826	0.928	0.738	7.4918693751946e-202	Stk17b
3.26960997096332e-206	0.443554856592124	0.45	0.214	1.05559357912551e-201	Lyst
7.36339029070434e-206	0.485342768452948	0.569	0.317	2.3772705553539e-201	Bclaf3
8.17835650464515e-206	0.36968771301501	0.723	0.444	2.64038239752469e-201	Ubn2
1.61484690153013e-204	-0.557671778085894	0.811	0.819	5.21353322159002e-200	Stk10
2.56904718108554e-204	0.317100046228511	0.669	0.378	8.29416882413466e-200	Ccni
1.89406133920518e-203	-0.556365223047134	0.115	0.32	6.11497703362391e-199	Plcb4
3.81477489199504e-203	0.427669477012859	0.917	0.718	1.2316000738806e-198	Pkm
4.22651459455912e-203	0.320045463800835	0.24	0.073	1.36453023685341e-198	Pqlc1
5.1057573293953e-203	-0.482717128910541	0.98	0.986	1.64839375379527e-198	Skap1
5.44447873105647e-203	0.477899197165587	0.805	0.581	1.75774995832158e-198	Eml4
5.58553133540505e-203	0.358037686973644	0.249	0.077	1.80328879163552e-198	Gypc
7.14117710031959e-203	-0.620759273070859	0.583	0.682	2.30552902683818e-198	Arhgap25
1.98306990943115e-202	-0.535661664934465	0.299	0.524	6.40234120259848e-198	S1pr1
2.32903256511316e-202	-0.553368819122742	0.057	0.227	7.51928163646782e-198	Art2b
2.68020333434017e-202	-0.532885559604971	0.04	0.203	8.65303646491725e-198	Nedd4l
2.82655489454987e-202	0.274841751312305	0.337	0.127	9.12553247705425e-198	P2rx4
4.80409487291071e-201	0.376612173335934	0.649	0.375	1.55100202971922e-196	Rnf138
1.93129590751086e-200	-0.695966189868411	0.457	0.592	6.23518883739882e-196	Dapp1
2.84585209042433e-200	0.433472517632477	0.862	0.649	9.18783347393496e-196	Gls
5.64190883473975e-200	0.354592623137254	0.942	0.826	1.82149026729573e-195	Pabpc1
6.06563974825136e-200	0.273402125864179	0.47	0.222	1.95829179272295e-195	Nfkbil1
7.60095934664316e-200	-0.627962930650219	0.259	0.442	2.45396972506374e-195	Tesc
2.43889391124869e-199	0.381328270450263	0.649	0.377	7.87396899246638e-195	A430093F15Rik
4.7394554462746e-199	0.40772853564643	0.508	0.26	1.53013319082975e-194	Socs2
5.36741750071798e-199	-0.536689374669127	0.263	0.467	1.7328707401068e-194	Lats2
9.84333376744163e-199	0.328058429317958	0.605	0.336	3.17792030681853e-194	Hmox2
1.10858002977215e-197	0.341840654308684	0.665	0.384	3.57905062611938e-193	Pcmt1
1.19123741471492e-197	0.27417815456787	0.374	0.155	3.84590999340711e-193	Synj2
1.65885782035183e-197	0.445918481042561	0.677	0.414	5.35562247300588e-193	Sept11
3.47413159526071e-197	-0.686575060757955	0.282	0.456	1.12162338552992e-192	Nck2
5.93832617809399e-197	0.331905275165398	0.672	0.396	1.91718860659765e-192	Eloc
6.90424604405197e-197	-0.545701712323146	0.959	0.988	2.22903583532218e-192	Ifi27l2a
1.7798613057286e-196	-0.623090407790636	0.674	0.714	5.7462822255448e-192	Cd5
3.76054818700144e-196	0.281305520129454	0.493	0.241	1.21409298217342e-191	Zfp131
8.13295421525189e-196	0.336548667442651	0.506	0.255	2.62572426839407e-191	Snx25
3.05221229513315e-195	0.352920832262755	0.723	0.445	9.85406739483736e-191	Ddx3x
1.22627652116754e-194	0.421031239604764	0.668	0.406	3.95903374858939e-190	Hnrnpll
1.46919122071397e-194	0.455884399085097	0.35	0.15	4.74328385607505e-190	Nt5dc3
1.82189317164093e-194	0.292717539218277	0.642	0.355	5.88198210464273e-190	Abhd17a
2.8077402112871e-194	0.274318621964631	0.354	0.144	9.06478927214041e-190	Gm5547
3.01019352199589e-194	0.265992354740049	0.536	0.269	9.71840978576374e-190	Stk11
7.57913893604647e-194	0.367934892439169	0.654	0.384	2.4469250055026e-189	Slk
7.66164126387452e-194	0.31158309148028	0.61	0.336	2.47356088204189e-189	Anxa5
7.9909195796063e-193	0.347875169963306	0.927	0.742	2.57986838627589e-188	Tmem50a
1.40378529152839e-192	0.36067044415152	0.835	0.597	4.5321208136994e-188	Gpbp1
2.79578313198637e-192	0.31049732872403	0.618	0.341	9.02618584161798e-188	Arih2
3.80228291117731e-192	-0.525322602716016	0.276	0.474	1.22756703787359e-187	Hopx
4.61663345015101e-192	0.422353164713903	0.872	0.654	1.49048010938125e-187	Ssr4
4.86820245319191e-192	0.291556009805133	0.641	0.358	1.57169916201301e-187	Csnk1g2
8.53133337468207e-192	0.321717722729222	0.406	0.183	2.75434098001611e-187	Wdfy2
1.31920153499501e-191	-0.636084072480291	0.615	0.737	4.2590421557314e-187	Lef1
3.95696910642021e-191	-0.509376488299244	0.1	0.28	1.27750747600776e-186	Usp28
8.11558815711588e-191	0.358788918002162	0.692	0.414	2.62011763652486e-186	Tor1aip2
1.03234427283571e-190	0.250110570081907	0.456	0.212	3.33292348485008e-186	D5Ertd579e
1.37402905943578e-190	-0.554344105360228	0.797	0.79	4.43605281838841e-186	Gpx4
1.49571531958713e-190	0.281537446593918	0.535	0.277	4.82891690928705e-186	Ppp2r2d
2.28440438024145e-190	-0.588406544642154	0.089	0.265	7.37519954160951e-186	Ifi208
3.69336611074594e-190	0.278286685980482	0.637	0.352	1.19240324885433e-185	Higd2a
4.18725403454835e-190	-0.711989949425114	0.797	0.764	1.35185496505393e-185	Pycard
1.00821132954667e-189	0.314349421290145	0.424	0.193	3.25501027744143e-185	Lax1
6.2134277001452e-189	-0.272366890402393	0.999	0.996	2.00600513299188e-184	Rps11
8.48039878064583e-189	0.301944833460654	0.48	0.233	2.73789674633151e-184	Sdcbp2
4.52006672010178e-187	0.329403867620489	0.557	0.296	1.45930354058486e-182	Tet2
5.13686497776284e-187	-0.519022405776029	0.751	0.776	1.65843685807073e-182	Anxa6
6.32130411731724e-187	0.460485631646296	0.675	0.414	2.04083303427587e-182	Raet1e
1.20710268012332e-186	0.537350754323164	0.525	0.296	3.89713100277814e-182	Bcl2l1
1.5346864895391e-186	0.398601837086536	0.822	0.578	4.95473533147699e-182	Elk3
1.54803467590137e-186	0.290854335525183	0.486	0.247	4.99782995114757e-182	Map2k3
2.11008235576161e-185	0.298421163898328	0.308	0.119	6.81240088557635e-181	Ipmk
2.56468626245897e-185	0.270072572875458	0.522	0.265	8.28008959834879e-181	Zyx
2.67500229792624e-185	0.351342797829673	0.488	0.247	8.63624491885488e-181	Pcnx
3.09462710631062e-185	-0.27796645188318	0.01	0.14	9.99100361272385e-181	Il9r
8.65541788480857e-185	0.298323285583375	0.451	0.216	2.79440166411045e-180	Notch2
1.03886350914835e-184	0.364486430790569	0.936	0.788	3.35397083928544e-180	Kmt2e
1.28838031532955e-184	0.704219923911421	0.417	0.218	4.15953584804146e-180	Tcf7
3.5875526012613e-184	0.269768452170623	0.187	0.045	1.15824135731721e-179	2900026A02Rik
2.02228206880426e-183	0.366048614572561	0.925	0.77	6.52893765913454e-179	Ptpn1
2.73295907724338e-182	0.325934449827622	0.974	0.884	8.82335838088026e-178	Cox8a
4.24294124998389e-182	0.463404710446443	0.438	0.22	1.3698335825573e-177	Cd80
5.94760961510395e-182	0.363996528551426	0.61	0.349	1.92018576423631e-177	Slc1a5
8.43254684253177e-182	-0.787964053777768	0.251	0.424	2.72244774811138e-177	Rnf213
8.98753557683835e-182	-0.492533060328825	0.117	0.293	2.90162586098226e-177	Slc17a9
1.19693694033936e-181	0.302528618523836	0.461	0.222	3.86431091188562e-177	Ugcg
1.25777661662005e-181	-0.465886114338553	0.076	0.24	4.06073180675782e-177	Mical3
1.3353756805698e-181	0.347174608379932	0.909	0.704	4.31126038471961e-177	Clk1
1.48807129256308e-181	0.319197522535237	0.453	0.224	4.80423816803991e-177	Scyl2
4.75118570298779e-181	-0.621155882072018	0.625	0.698	1.53392030420961e-176	Add3
1.53506005729369e-180	-0.478680057913707	0.073	0.243	4.95594139497267e-176	Rapgef5
3.32268291594215e-180	0.448275680900261	0.413	0.198	1.07272817941192e-175	Jmy
3.96305293711153e-180	0.360749180458023	0.86	0.612	1.27947164074646e-175	Atp5md
1.06711868543846e-179	0.250600116461664	0.544	0.284	3.44519267593807e-175	Atf4
1.14306580573705e-179	0.29484603569071	0.552	0.298	3.69038795382207e-175	Ciapin1
3.20089526777353e-179	-0.356102095187914	0.024	0.163	1.03340903720068e-174	Oas1a
3.91901805537335e-179	-0.913401783733571	0.181	0.367	1.26525497917728e-174	Hist2h2ac
1.34739788267665e-178	0.275332317217157	0.52	0.27	4.35007406422157e-174	Tsg101
1.99670358782565e-178	-0.250740697555369	0.999	0.996	6.4463575332951e-174	Rps23
2.42567860025389e-178	0.263074522255517	0.239	0.079	7.8313033609197e-174	Vcl
3.24289145898266e-178	0.329482947917343	0.393	0.179	1.04696750753255e-173	Gpr65
3.74873803953286e-178	0.26371015989141	0.334	0.141	1.21028007606318e-173	Uap1
3.86845517382743e-178	0.250051268739841	0.127	0.017	1.24893075287019e-173	Pdzd2
6.50886596283056e-178	0.302424504958951	0.391	0.181	2.10138737609985e-173	Hip1r
1.24247612450144e-177	-0.612330617548123	0.486	0.623	4.01133416795291e-173	Arhgef18
1.95414699724902e-177	0.378026578548913	0.696	0.439	6.30896358061847e-173	Tbl1x
2.59228103120136e-177	0.315231956980187	0.747	0.469	8.36917930923359e-173	Akr1a1
4.24232121660433e-177	0.654235644316534	0.788	0.586	1.36963340478071e-172	Nr3c1
4.44763800967652e-177	0.259287827128905	0.514	0.264	1.43591993142406e-172	Atp6v0d1
9.78940499896e-177	0.251640739355918	0.111	0.011	3.16050940391424e-172	Hormad2
1.92204382771137e-176	-0.525913955566653	0.743	0.823	6.20531849776614e-172	Ccnd2
1.21846519973146e-175	0.45791520629529	0.93	0.806	3.93381489733303e-171	Clint1
1.6439323972394e-175	0.303216297708094	0.569	0.319	5.30743574448739e-171	Ptpn6
1.80612795767265e-175	-0.462654982264529	0.887	0.861	5.83108411134616e-171	Psme1
1.20791825123307e-174	0.284656763325805	0.653	0.379	3.89976407410595e-170	Ube2j2
2.08295822492427e-173	0.365048113026641	0.826	0.586	6.72483062916801e-169	Susd6
2.35861372105579e-173	0.285874118732985	0.588	0.329	7.61478439842862e-169	Npepps
3.45364162957186e-173	0.508289420291027	0.893	0.743	1.11500820010728e-168	Rab8b
2.01087048338474e-171	0.308892776264569	0.148	0.029	6.49209535560763e-167	Cd160
8.00989736452635e-171	-0.487110063380964	0.141	0.317	2.58599536413733e-166	Gbp3
1.67875513101386e-170	0.301745508445351	0.675	0.406	5.41986094047823e-166	Hdac7
2.37777341864485e-170	-0.302767165598251	0.002	0.114	7.6766414820949e-166	Gm15270
4.20545609096151e-170	-0.503239764345026	0.828	0.808	1.35773149896692e-165	Mtdh
7.42263529199892e-170	0.394150548586549	0.508	0.277	2.39639780402185e-165	Gabpb1
1.1576283446679e-169	0.325440164634941	0.921	0.733	3.73740311076032e-165	Ube2b
1.36035107407371e-169	0.3203721997873	0.77	0.486	4.39189344264699e-165	Timm23
4.2096192094633e-169	-0.785424405938835	0.413	0.557	1.35907556177523e-164	Oprm1
9.35839526058847e-169	-0.805128094523384	0.029	0.165	3.02135790988099e-164	Fgf13
1.10963973313338e-168	0.380229675130167	0.645	0.396	3.58247187842113e-164	Ints6
1.81998891907908e-168	-0.563813383289919	0.215	0.379	5.87583422524681e-164	Hmgn1
2.17631505760265e-168	0.25753298166315	0.442	0.217	7.02623316347014e-164	Klc1
2.47081437746326e-168	0.262802837114375	0.382	0.176	7.97702421764015e-164	Cyp51
2.56500274243644e-168	0.321159087174375	0.621	0.37	8.28111135395605e-164	Madd
3.29887511776783e-168	0.272167850237362	0.455	0.23	1.06504183177134e-163	Plp2
3.74975546427158e-168	0.33864327618542	0.332	0.143	1.21060855164008e-163	Ppp2r3a
1.60297751097981e-167	-0.37334911136694	0.986	0.979	5.17521289419832e-163	Shisa5
4.75750466262226e-167	0.472066007658257	0.749	0.518	1.5359603803276e-162	Arap2
2.48391049729002e-166	-0.642674915005526	0.502	0.613	8.01930504050084e-162	Txnip
3.61712295358165e-166	0.863593974163973	0.232	0.083	1.16778814556384e-161	Adam12
1.40599863169134e-165	-0.619545581913657	0.702	0.755	4.53926658241548e-161	Tnfrsf18
1.71849875315437e-165	0.269955345744787	0.64	0.369	5.54817322455888e-161	1110008P14Rik
4.46363847774135e-165	0.327579639032165	0.481	0.249	1.4410856825388e-160	Ttc3
9.8006409379077e-165	0.374259258102227	0.76	0.516	3.1641369268035e-160	Aff4
1.42409433011849e-164	0.25161417165206	0.251	0.09	4.59768854478755e-160	Chpt1
2.4385920734773e-164	-0.601755711187088	0.724	0.785	7.87299450922146e-160	Gphn
1.03007311961774e-163	0.289691970986388	0.616	0.357	3.32559106668588e-159	Ubap2
1.33091279731156e-163	-0.657058119829693	0.383	0.523	4.29685196612039e-159	Hsd11b1
2.23050299273085e-163	0.35286808729568	0.893	0.645	7.20117891203156e-159	Ahnak
3.07821537258858e-163	-0.633325172641885	0.078	0.231	9.93801833040222e-159	Ddx60
1.0631177924449e-162	0.258333998907716	0.41	0.199	3.43227579290835e-158	Klhdc2
1.33250198659506e-162	-0.448829789456059	0.105	0.264	4.30198266372214e-158	Pglyrp2
2.95883154190463e-162	-0.677767763227386	0.447	0.583	9.55258763303908e-158	Ahcyl2
1.22056606270404e-161	-0.26224730460337	1	0.999	3.94059753344e-157	Rpl13
1.64628317614163e-161	0.403152653481797	0.458	0.242	5.31502523417325e-157	Ddit4
2.10747285924478e-161	0.335459435388373	0.787	0.537	6.80397612607178e-157	Larp4b
3.23102809904051e-161	0.274666587229064	0.439	0.222	1.04313742177523e-156	Erc1
6.57050347362632e-161	0.289682949323953	0.206	0.064	2.12128704646026e-156	Spock2
1.31455304958151e-160	-0.497988450594481	0.256	0.416	4.24403452057391e-156	Klk8
1.90994853148142e-160	-0.384309954522902	0.953	0.936	6.16626883388777e-156	Psmb8
2.38914703208062e-160	0.402676936805521	0.74	0.498	7.71336119307229e-156	Rcor1
2.90516244363506e-160	0.398998416558604	0.87	0.668	9.37931694927579e-156	Ubl3
3.86675410150462e-160	0.328494962492741	0.913	0.715	1.24838156167077e-155	Prkar1a
4.32079671392148e-160	-0.509372201607875	0.748	0.782	1.39496921908955e-155	Atp11b
4.41039909233089e-160	0.317917250307243	0.723	0.455	1.42389734695903e-155	Ube2m
8.70454837359838e-160	0.269695423675605	0.253	0.093	2.81026344241624e-155	Grk5
9.86557824684368e-159	0.3027006396199	0.504	0.274	3.18510193699348e-154	Specc1l
2.76368492505673e-158	0.470511599201416	0.926	0.799	8.92255678054566e-154	Ankrd12
1.55425151529664e-157	0.294876684218954	0.439	0.228	5.01790101713519e-153	Mast2
1.73171294909333e-157	0.368941213213859	0.354	0.163	5.59083525614781e-153	Cd200
2.26912087125193e-157	0.42143772658785	0.996	0.977	7.32585673283687e-153	Fth1
4.19214910211015e-157	0.561328776789821	0.344	0.163	1.35343533761626e-152	Ctla2a
4.56894659894091e-156	0.488482645793617	0.386	0.196	1.47508440946807e-151	Uty
5.03831556203126e-156	0.428058206737068	0.963	0.855	1.62662017920179e-151	Btg1
5.29757234189497e-156	0.44695392649853	0.208	0.069	1.71032123058079e-151	Trmt61b
5.52881018167057e-156	-0.560265211829796	0.007	0.116	1.78497636715234e-151	Ank3
6.72564204200467e-156	0.408219294043426	0.911	0.765	2.17137353326121e-151	Chd2
8.98278976760728e-156	0.26815255802842	0.687	0.42	2.90009367647201e-151	Ccnt1
1.07918858348758e-155	0.335996528164848	0.896	0.69	3.48416034178965e-151	Gnb1
1.4623235968738e-155	-0.509034708616907	0.784	0.795	4.72111173250707e-151	Arid4a
2.17546558373683e-155	0.260130599488856	0.512	0.276	7.02349063709437e-151	Abhd12
2.95436034272088e-155	0.337863150582983	0.832	0.615	9.53815236647437e-151	Ndufb1-ps
3.87978850562916e-155	-0.516409140318939	0.937	0.942	1.25258971904237e-150	H2afz
7.58660729185835e-155	0.34559005262099	0.289	0.117	2.44933616417647e-150	Bcl6
1.63474125208536e-154	-0.610980375280503	0.367	0.493	5.27776213235758e-150	Vps13c
2.59028682837028e-154	0.344353389564661	0.934	0.718	8.36274102539345e-150	S100a11
2.99354415897223e-154	-0.443552505653863	0.104	0.264	9.66465731724184e-150	Arhgef11
3.08738820967215e-154	0.30599339020746	0.701	0.448	9.96763283492654e-150	Ptpn2
8.05259287051635e-154	0.288490052105761	0.621	0.367	2.5997796082462e-149	Tmem256
1.92572663522065e-153	-0.376429797111663	0.024	0.149	6.21720844180988e-149	Ccr3
4.00062603639647e-153	0.30110685435996	0.356	0.162	1.2916021158506e-148	Nebl
2.81713640796684e-152	-0.492598619970619	0.152	0.317	9.09512489312095e-148	Il10ra
3.57931086346873e-152	-0.768230579676201	0.109	0.282	1.15558051227088e-147	Hist1h2ab
4.21606488182585e-152	0.2749300208759	0.63	0.376	1.36115654709747e-147	Birc2
4.53383731558283e-152	0.28900389493435	0.485	0.261	1.46374937733592e-147	Cplane1
5.86728860211339e-152	-0.571428318063188	0.113	0.27	1.89425412519231e-147	Patj
3.59947889248207e-151	0.280746745643501	0.602	0.357	1.16209176043784e-146	Cirbp
1.11989758774475e-150	0.311359281425199	0.665	0.412	3.61558936203393e-146	Ube2j1
2.31278282347147e-150	-0.501832889061333	0.095	0.256	7.46681934557765e-146	Rap1gap2
2.85710680774628e-150	-1.82323819760085	0.07	0.215	9.22416932880887e-146	Frmd5
4.58390146591847e-150	0.584705818688736	0.962	0.866	1.47991258827178e-145	Arl6ip1
7.97596321386881e-150	-0.525472301935694	0.737	0.752	2.57503972359755e-145	Crlf3
1.10105668789847e-149	0.304046373201124	0.728	0.482	3.55476151688022e-145	Med13l
1.33618313977581e-149	0.257966549880053	0.557	0.313	4.31386726676621e-145	Nsmaf
2.57303804334774e-149	0.336134400420472	0.481	0.265	8.30705332294818e-145	Scfd2
4.53300358019348e-149	-0.551772629279535	0.175	0.33	1.46348020586546e-144	Gbp8
5.06320025179645e-149	0.290284828603726	0.341	0.155	1.63465420129248e-144	Cxcr3
7.27481122524339e-149	0.250339668612427	0.635	0.376	2.34867280406983e-144	Vps29
8.84376747507669e-149	0.259199616886775	0.65	0.388	2.85521032932851e-144	Akirin1
3.70356254102249e-148	0.318871658482639	0.803	0.557	1.19569516636911e-143	H2-T23
4.87909958598768e-148	-0.612732857684793	0.158	0.317	1.57521730133612e-143	Crim1
5.03872134270402e-148	-0.633266278945729	0.299	0.448	1.62675118549199e-143	Dipk1a
5.32446912234542e-148	0.257969864672402	0.385	0.188	1.71900485614922e-143	Eif2ak3
5.93601578214552e-147	0.266991854941376	0.218	0.079	1.91644269526568e-142	Zgrf1
6.05369770060176e-147	0.376613067445293	0.957	0.86	1.95443630263928e-142	Pitpnc1
1.27933775381939e-146	0.273490449368185	0.664	0.41	4.1303419382059e-142	Crlf2
3.7582599831273e-146	0.372636739995645	0.733	0.484	1.21335423555265e-141	Pgk1
5.65958584251661e-145	0.322758128236024	0.839	0.593	1.82719728925649e-140	Calm3
5.91559903347553e-145	0.314931156349634	0.707	0.456	1.90985114795758e-140	Srgap2
8.36467386434646e-145	0.278699078344381	0.918	0.768	2.70053495710425e-140	Il2rb
1.0651931466141e-144	0.287674162544147	0.534	0.305	3.43897607384363e-140	9930021J03Rik
1.38586904189188e-144	0.346072920302861	0.154	0.039	4.47427820174792e-140	Klf4
8.52457497842252e-144	0.435158395543926	0.711	0.481	2.75215903178371e-139	Trerf1
1.80518223944257e-143	0.283411473950813	0.427	0.224	5.82803086004035e-139	Zfp52
2.61994445431553e-143	0.309114648596934	0.749	0.497	8.45849067075769e-139	Csnk2b
2.85096020772675e-143	-0.594638016266191	0.322	0.466	9.2043250306458e-139	Phtf2
7.18739395977433e-143	0.29782143999011	0.931	0.779	2.32045013991314e-138	Ubl5
8.92327899616435e-143	0.276517894972077	0.292	0.127	2.88088062391166e-138	Rap2a
1.04359464302275e-142	-0.50357359410998	0.758	0.75	3.36924530499896e-138	Arhgef1
1.1854442911054e-142	0.33519128388688	0.585	0.345	3.82720689383377e-138	Mcm6
1.52956167243324e-142	0.26130450596635	0.558	0.315	4.93818985945073e-138	Smim14
2.90901082216795e-142	-0.452859609912763	0.041	0.168	9.39174143936922e-138	Epcam
4.842707193683e-142	-0.52619943678953	0.071	0.209	1.56346801748056e-137	Abcb1a
6.81333702941424e-142	0.268566903336281	0.407	0.207	2.19968585994639e-137	Usp53
7.08564300278893e-142	0.476955868795517	0.448	0.257	2.28759984345041e-137	Plcxd2
8.56460083194095e-142	0.30468217280897	0.429	0.223	2.76508137859214e-137	Txndc11
1.63468326174422e-141	-0.755665191695855	0.762	0.786	5.27757491054122e-137	Stat1
2.55239825986519e-141	0.295158937405057	0.827	0.58	8.24041778197477e-137	Arf1
3.64025545470663e-141	0.250657214768821	0.303	0.134	1.17525647355203e-136	Ints6l
5.9423473982728e-141	-0.436715339998449	0.07	0.21	1.91848685753237e-136	Rtp4
7.09145895108213e-141	-0.534077258361593	0.017	0.128	2.28947752235687e-136	Ifit3
1.07333181088462e-140	0.292825783756717	0.596	0.361	3.465251751441e-136	Oxct1
3.55846656843586e-140	-0.287299267096322	0.034	0.156	1.14885093161952e-135	Chst10
1.09259005487111e-139	-0.378365557755606	0.006	0.105	3.52742699215139e-135	Sorcs2
1.64742157070956e-139	0.291625873638921	0.439	0.234	5.31870054103581e-135	Rnf157
7.48519198929064e-139	0.308469211738659	0.804	0.569	2.41659423374248e-134	Tmem59
1.34501725398255e-138	-0.485132444209485	0.737	0.735	4.34238820448267e-134	Arid1a
2.05924807803995e-138	0.257659913558694	0.388	0.195	6.64828241995198e-134	Bmpr2
3.21691622239678e-138	0.280575700015961	0.599	0.362	1.0385814024008e-133	Cycs
4.60296899913535e-138	0.301155130786541	0.728	0.48	1.48606854137085e-133	Zc3h13
4.96877085464657e-138	-0.526465739029247	0.222	0.375	1.60416767042265e-133	Tiam1
5.21487658117337e-138	0.275336345999963	0.673	0.424	1.68362290423182e-133	Atxn7
1.67383782301979e-137	0.366044818936992	0.763	0.536	5.4039854116194e-133	Osbpl3
2.84401056682749e-137	0.397920758703396	0.307	0.142	9.18188811500254e-133	Rrad
4.84911447623973e-137	0.298747649156041	0.714	0.477	1.565536608654e-132	Slco3a1
7.9750023124436e-137	0.333938445525878	0.39	0.202	2.57472949657242e-132	Magi3
1.6389204658752e-136	0.310345455928928	0.82	0.585	5.29125472407809e-132	Prdx2
5.55656868801836e-136	0.2699007031408	0.666	0.413	1.79393820092673e-131	Snrpf
6.5390649626934e-136	-0.73926006601336	0.294	0.433	2.11113712320556e-131	Hist1h1c
8.2624766574693e-136	-0.40032324161112	0.88	0.844	2.66754058886396e-131	Spcs2
1.35436451630285e-135	-0.419726898114109	0.877	0.872	4.37256584088377e-131	Arhgap45
1.69310142833648e-135	0.331075571050009	0.631	0.398	5.46617796138434e-131	Aplp2
2.12874678278288e-135	-0.423437402027658	0.101	0.246	6.87265898821454e-131	Pik3r5
2.65649243666272e-135	-0.504244907491827	0.12	0.266	8.5764858317656e-131	Gm27008
4.02232723287892e-135	0.297288444797741	0.411	0.215	1.29860834713496e-130	Dr1
6.23024345978918e-135	0.30953595998975	0.789	0.561	2.01143410099294e-130	March7
8.31129821047441e-135	-0.294245243268548	0.055	0.187	2.68330262725166e-130	Lgmn
9.53391370667559e-135	-0.318384507621904	0.026	0.139	3.07802404020021e-130	Gcnt1
1.40730855773877e-134	0.324905968639133	0.952	0.829	4.54349567865962e-130	Sept7
4.41550722877708e-134	0.260985511245297	0.625	0.388	1.42554650881068e-129	Edem1
9.48011073523083e-134	-0.462095782355985	0.046	0.169	3.06065375086927e-129	Gm44148
1.74299757753914e-133	0.34292704229499	0.364	0.181	5.62726767908512e-129	Bcl2l11
2.46890840822376e-133	-0.418678095515486	0.967	0.956	7.97087079595041e-129	mt-Nd2
2.80018044160125e-133	-0.355816931980607	0.032	0.147	9.04038255570963e-129	Colq
3.2392732334976e-133	0.365831531991306	0.967	0.897	1.0457993634347e-128	Cd247
6.88917117752079e-133	0.326517401787691	0.533	0.323	2.22416891466259e-128	Senp1
1.34312133422934e-132	-0.445007871253659	0.737	0.766	4.33626722755941e-128	Lbh
1.83107888818074e-132	-0.266966365177261	0.008	0.103	5.91163819049152e-128	Nod1
4.1783335396361e-132	0.297625312646666	0.769	0.523	1.34897498327151e-127	Rrbp1
8.36396509262067e-132	-0.537340500286826	0.178	0.335	2.70030613015258e-127	Scml4
1.13752969352538e-131	-0.271474245236851	0.029	0.144	3.6725146155467e-127	Cd7
2.09542584229162e-131	0.302497473713605	0.817	0.593	6.76508233183849e-127	Ago2
5.5831028487218e-131	-0.268346793765221	0.999	0.998	1.80250475470983e-126	Rps12
7.16524972893783e-131	0.305719227495346	0.611	0.388	2.31330087498758e-126	Atl3
2.28113544544118e-130	0.322574653301127	0.776	0.556	7.36464578560684e-126	Tor1aip1
3.01841076708196e-130	-0.504908897994383	0.647	0.696	9.74493916152412e-126	Atf7ip
4.13486397015143e-130	0.290868637289303	0.92	0.751	1.33494083276339e-125	Slc25a3
5.15227603929645e-130	-0.454422268847783	0.125	0.267	1.66341231928686e-125	Gramd4
7.49622985223347e-130	0.278105104113254	0.768	0.534	2.42015780779358e-125	Smad7
9.00559404329536e-130	-0.497382118547913	0.381	0.492	2.90745603687791e-125	Il16
1.14727914142338e-129	-0.652652357533526	0.134	0.286	3.70399070808537e-125	Iigp1
1.20916242939191e-129	-0.296910560993	0.058	0.187	3.90378090329179e-125	Axin2
3.40943804296862e-129	0.295947100686205	0.716	0.476	1.10073707217242e-124	Sat1
6.29067997746978e-129	-0.3855893205865	0.804	0.851	2.03094603072612e-124	Foxo1
6.48462606481217e-129	0.381918527820858	0.261	0.111	2.09356152502461e-124	St8sia1
7.02613543208519e-129	0.269035074605547	0.541	0.32	2.26838782424871e-124	Lrmp
1.38320034137977e-128	0.401024585923696	0.794	0.617	4.46566230214457e-124	Zbtb20
2.50594861792736e-127	-0.654466061504553	0.585	0.669	8.09045511297849e-123	Man1a
3.95755551616029e-127	0.423148318687155	0.714	0.524	1.27769679839235e-122	Tgfbr2
3.30701517563655e-126	0.256798999445004	0.568	0.343	1.06766984945426e-121	Casp8ap2
3.43784687529463e-126	0.664412439920957	0.362	0.208	1.10990886368887e-121	Ccr6
1.21195026213705e-125	0.285747863447599	0.7	0.456	3.91278142130947e-121	Snx5
1.28171549305076e-125	0.251741303356158	0.681	0.433	4.13801846931436e-121	Ube2n
1.52047921763402e-125	-0.275951500306613	0.037	0.152	4.90886715413144e-121	BC147527
2.21062100937711e-125	-0.259983759334036	0.027	0.135	7.136989928774e-121	Nhsl2
3.16900786412761e-125	0.25263408101952	0.591	0.363	1.0231141889336e-120	Arntl
4.18015329278705e-125	0.25739332631746	0.697	0.45	1.3495624905763e-120	Hnrnph1
1.81007457306078e-124	0.30667312545104	0.395	0.215	5.84382575912672e-120	Irf4
1.96690427367808e-124	0.259539465888984	0.781	0.539	6.35015044756967e-120	Gabarapl2
2.33375041567588e-124	0.250730593671669	0.681	0.442	7.53451321700957e-120	Zc3h7a
3.50672399837022e-124	0.297561845304522	0.962	0.869	1.13214584287383e-119	Nsd3
8.85887956919683e-124	-0.540697879124463	0.116	0.251	2.8600892689152e-119	Ttc28
2.86814046816416e-123	0.272284838571875	0.6	0.361	9.25979150146798e-119	Nsd2
5.0015765054457e-123	0.347607225323142	0.748	0.507	1.61475897478314e-118	Cst3
6.33259633051561e-123	0.349863899269293	0.888	0.72	2.04447872530696e-118	Stk24
1.29657843563544e-122	-0.538942213619448	0.57	0.614	4.18600347944901e-118	Elf4
4.67040967999418e-122	0.438302410995396	0.906	0.77	1.50784176518612e-117	Ssh2
6.27680408529987e-122	-0.39510277012608	0.018	0.117	2.02646619893906e-117	Klf12
1.09938563834642e-121	0.25730484639451	0.852	0.621	3.54936653340141e-117	Snrnp70
5.85431890353218e-121	0.270011855939735	0.859	0.617	1.89006685800537e-116	Prr13
2.45446413908494e-120	0.304994626797539	0.776	0.552	7.92423747303572e-116	Sp3
3.21224208119602e-120	0.403841589277805	0.928	0.797	1.03707235591414e-115	Elf1
4.11712629983859e-120	-0.489733843493243	0.312	0.427	1.32921422590289e-115	Ccdc69
4.28965804415457e-120	0.284519619052032	0.179	0.062	1.3849160995553e-115	Abcb1b
5.42658436954151e-120	-0.294322359514243	0.029	0.135	1.75197276370648e-115	Gm16337
6.45189013288079e-120	0.308785163565682	0.946	0.836	2.08299272940056e-115	Cd47
1.04786910424435e-119	-0.300908693771582	0.934	0.944	3.38304540305288e-115	Fyb
2.87270428954542e-119	0.446785331190262	0.898	0.788	9.27452579879738e-115	Aopep
3.5363431625577e-119	-0.313408872713787	0.936	0.901	1.14170839003175e-114	Hnrnpf
1.04052950647195e-118	0.289406290151672	0.656	0.435	3.35934951164468e-114	Fbxw11
1.49677511813896e-118	0.265693449800161	0.948	0.783	4.83233846891163e-114	Tspo
2.42346795839673e-118	-0.735042390666026	0.14	0.278	7.82416630368385e-114	Hist1h3e
2.60546013734599e-118	-0.322339292946186	0.077	0.204	8.41172805342152e-114	D1Ertd622e
6.22263909174265e-118	0.275799379659904	0.463	0.261	2.00897903076911e-113	Arl5b
8.20453658942186e-118	0.268959709891979	0.913	0.716	2.64883463789485e-113	Reep5
1.78613181762806e-117	0.330634834092091	0.222	0.091	5.76652657321219e-113	Ust
1.82405850524039e-117	-0.521914847462637	0.448	0.529	5.8889728841686e-113	Fam53b
1.86936906667177e-117	-0.464513284237618	0.783	0.807	6.03525803174982e-113	Ifi203
2.39401923217116e-116	0.282636233123649	0.813	0.582	7.7290910910646e-112	Smpdl3a
4.39329004141831e-116	0.325780817595702	0.852	0.665	1.4183736898719e-111	Smarca5
7.54547086254321e-116	0.363818972691674	0.609	0.389	2.43605526797208e-111	Gm26917
1.18451540906694e-115	-0.476876708972906	0.322	0.5	3.8242079981726e-111	Neb
2.09608501188163e-115	0.262994428471729	0.603	0.383	6.76721046085985e-111	Mbtd1
2.17413354256532e-115	-0.48090214410611	0.144	0.277	7.01919014217213e-111	Swap70
3.1511890825255e-115	-0.329849850317671	0.043	0.153	1.01736139529336e-110	Gm17231
3.2288794204836e-115	-0.544922226535814	0.043	0.154	1.04244372090313e-110	Ifit1
4.50583563105818e-115	-0.728123658515762	0.012	0.101	1.45470903348713e-110	Hdac9
6.93083314402719e-115	-0.513527568002661	0.379	0.519	2.23761948054918e-110	Znrf3
6.94324827125516e-115	0.30891421316559	0.837	0.622	2.24162770437473e-110	Dnajb6
1.01696215954853e-114	0.278308072242691	0.76	0.547	3.28326233210243e-110	Zfr
1.72138066738867e-114	-0.455372015632702	0.147	0.282	5.55747748466431e-110	Cdc14b
1.8071880987137e-114	-0.275166674908354	0.025	0.124	5.83450677669717e-110	Bmpr1a
2.44613034065541e-114	0.33659471282974	0.601	0.39	7.89733180480599e-110	Arhgap26
4.00117038066558e-114	0.388653903808284	0.659	0.433	1.29177785739788e-109	Bach2
5.49151141536652e-114	0.361511896920449	0.623	0.423	1.77293446045108e-109	Lpxn
1.36380681670494e-113	-0.551383053275379	0.126	0.255	4.4030503077319e-109	Gbp2
1.92419474951128e-113	0.269765773802988	0.663	0.447	6.21226274879717e-109	Nsf
2.21022614303858e-113	-0.354153806482502	0.091	0.216	7.13571510280007e-109	Arid3b
2.78165225203197e-113	-0.616544894212264	0.494	0.571	8.98056429568523e-109	Parp14
3.30195064791072e-113	0.270294471178501	0.832	0.615	1.06603476667797e-108	Spn
5.14047712419477e-113	0.300879447318693	0.757	0.532	1.65960303954628e-108	Eno1
1.26674603470773e-112	-0.374185456597099	0.942	0.928	4.08968957305392e-108	Ankrd44
2.012551625849e-112	0.252194047987132	0.954	0.839	6.49752292405349e-108	Eif3f
3.03736962892952e-112	0.285071509845873	0.789	0.526	9.80614784699894e-108	Ube2s
4.90370878107286e-112	-0.441578322774266	0.742	0.718	1.58316237996937e-107	Bin2
6.62668786374241e-112	0.271923838272546	0.837	0.602	2.13942617680924e-107	Prelid1
7.12566045206744e-112	-0.390289182310465	0.461	0.604	2.30051947694997e-107	Slamf6
8.08067256814552e-112	-0.411674514660395	0.115	0.246	2.60884513862578e-107	Gbp5
4.11824131792197e-111	0.253859138292622	0.757	0.52	1.32957420949111e-106	Atp6v0c
4.60947871059327e-111	0.260395816160355	0.547	0.337	1.48817020171504e-106	Cited2
4.78362558843822e-111	-0.44092863048178	0.042	0.15	1.54439352122728e-106	St8sia6
5.11394333889538e-111	-0.403180148590519	0.121	0.251	1.65103660696237e-106	Ecm1
7.05010899668177e-111	-0.348219344656422	0.935	0.889	2.27612768957871e-106	Tpr
9.21439266622173e-111	-0.534279231213092	0.716	0.722	2.97486667228969e-106	Zdhhc20
1.06196081788873e-110	-0.589872888881685	0.433	0.53	3.42854050055375e-106	Gm37240
1.07117201856256e-110	-0.267027805789144	0.013	0.1	3.45827886192922e-106	Anxa1
1.51363452224409e-110	-0.258698236326697	0.033	0.135	4.88676905506503e-106	Naip2
2.92832631662619e-110	-0.420858514071599	0.259	0.404	9.45410151322764e-106	Trib2
6.00158245739885e-110	0.365467181890145	0.553	0.339	1.93761089637122e-105	Cenpa
1.15997455835283e-109	-0.67114713078808	0.132	0.261	3.74497786164213e-105	Hist1h4h
1.89001969293299e-109	0.313256425288243	0.871	0.69	6.10192857863415e-105	Cnot6l
2.376053903618e-109	0.320229813955951	0.995	0.969	7.67109002783072e-105	Actg1
2.47925312646971e-109	0.256844162956161	0.868	0.647	8.00426871880747e-105	Srp9
3.9930018246796e-109	-0.57153322271389	0.483	0.534	1.28914063909781e-104	Ppp1r14b
4.66508365879037e-109	0.321526502301249	0.631	0.406	1.50612225924047e-104	Dut
4.76526793479917e-109	0.391723372726312	0.37	0.208	1.53846675274991e-104	Jazf1
4.28348975738745e-108	0.261449260120119	0.854	0.627	1.38292466817254e-103	Gnb2
8.48880139353208e-108	-0.402872200981849	0.83	0.813	2.74060952990183e-103	Il2rg
9.95140332317176e-108	-0.454232846733773	0.113	0.241	3.212810562886e-103	Lrrc32
3.04661948294019e-107	-0.54432958442756	0.35	0.45	9.8360110006724e-103	Bmp2k
3.17846854902033e-107	-0.45185175027349	0.762	0.763	1.02616857105121e-102	Cyth1
3.67980353682135e-107	0.411518410277774	0.557	0.386	1.18802457186277e-102	Tnfrsf9
7.77198618364505e-107	-0.467343376846569	0.791	0.796	2.5091857393898e-102	Rap1gds1
1.32886638070518e-106	0.375407448481014	0.799	0.62	4.29024511010667e-102	Rps6ka3
2.07031108353767e-106	-0.537123653091982	0.252	0.375	6.68399933320136e-102	Ptger4
4.32826288240828e-106	-0.434362636167731	0.285	0.396	1.39737967158551e-101	Nsmce1
1.34041754194165e-105	-0.396837671286212	0.824	0.778	4.32753803415861e-101	Xrn2
4.44649576683633e-105	-0.509819587280918	0.481	0.569	1.43555115832311e-100	Dtnb
9.92714782237201e-105	0.29134023361445	0.735	0.514	3.2049796744528e-100	Aprt
1.49919747317935e-104	-0.404055518466712	0.947	0.93	4.84015904215953e-100	Rapgef6
3.50893074671376e-104	0.327676786028593	0.923	0.79	1.13285829157654e-99	Fryl
3.89759399809371e-104	0.292851865537815	0.842	0.678	1.25833822228455e-99	Tut4
1.69883574008722e-103	0.364781783243388	0.531	0.335	5.48469118687159e-99	Ankrd13c
3.15763113704671e-103	0.300376387214007	0.678	0.458	1.01944121259553e-98	Gm8369
3.23663581736454e-103	-0.552442293294943	0.186	0.314	1.04494787363614e-98	Prkce
3.51235238487788e-103	-0.350363430244358	0.072	0.188	1.13396296745782e-98	Ankrd6
3.61806934449099e-103	-0.461186556166592	0.222	0.344	1.16809368786891e-98	Trim59
8.8812067301592e-103	0.458619951421224	0.863	0.754	2.8672975928319e-98	S100a4
1.2497158087191e-102	0.34555226116654	0.844	0.695	4.03470748844961e-98	Stat5b
1.44098978089424e-102	-0.484887096141413	0.483	0.546	4.65223550761705e-98	Mia2
2.20830425488866e-102	-0.349759801317453	0.291	0.433	7.12951028690804e-98	Arl5c
2.48933959231741e-102	-0.539703976867584	0.507	0.565	8.03683287379674e-98	Senp7
3.52027943767833e-102	0.269685273590844	0.568	0.371	1.13652221645445e-97	Phf6
7.42011551347988e-102	-0.289283172404159	0.957	0.925	2.39558429352698e-97	Gm10260
7.76441545770076e-102	-0.571582699717371	0.58	0.629	2.50674153051869e-97	Insyn2b
2.33793408903729e-101	-0.561391675104667	0.596	0.648	7.54802020645689e-97	Lclat1
2.66539719903118e-101	-0.264999999022807	0.03	0.125	8.60523485707218e-97	Pard6g
3.11255822190112e-101	0.258461320977374	0.9	0.71	1.00488942194078e-96	Map1lc3b
6.8337837606766e-101	0.295955620870881	0.869	0.691	2.20628708713444e-96	Hcst
7.26499595403298e-101	-0.485613398926463	0.482	0.531	2.34550394375955e-96	Vrk1
3.77194453035014e-100	-0.254092969455764	0.999	0.996	1.21777229162354e-95	Rps20
1.04603236758644e-99	0.315638753891694	0.669	0.479	3.37711549875282e-95	Pkp3
3.95860759518213e-99	-0.463687954507699	0.165	0.287	1.27803646210455e-94	Gm12216
7.05969269653561e-99	-0.363724998262305	0.024	0.112	2.27922178707652e-94	Bicd1
7.45425537994016e-99	-0.377368403116893	0.756	0.722	2.40660634941368e-94	Park7
6.04970312934068e-98	-0.354993741444456	0.999	1	1.95314665530764e-93	Malat1
1.62091981870451e-97	0.262602269911428	0.713	0.509	5.23313963468751e-93	Map3k1
2.5665865009926e-97	0.266553432874273	0.576	0.369	8.28622451845461e-93	Dpp4
2.69859666865842e-97	-0.462264591086686	0.153	0.274	8.71241934476372e-93	Trim30d
5.35625510119935e-97	0.275907728208451	0.976	0.925	1.72926695942221e-92	Ankrd11
5.42342696796596e-97	0.250126709949654	0.763	0.549	1.75095339660781e-92	Rbbp6
9.5298552729418e-97	-0.461556908428583	0.495	0.541	3.07671377486926e-92	Rps6ka1
1.41399175598179e-96	0.298713739150893	0.506	0.321	4.5650723841872e-92	Elmsan1
1.51123590799833e-96	-0.494283081977162	0.322	0.432	4.87902512897261e-92	Tmem154
3.56622549230231e-96	-0.427605270834496	0.656	0.673	1.1513559001898e-91	Traf3ip3
6.57916696819016e-96	-0.283815086459912	0.779	0.835	2.12408405568019e-91	Grap2
2.28761446772492e-95	-0.518441558208051	0.976	0.976	7.3855633090499e-91	Inpp4b
2.61159867098542e-95	-0.261199704694075	0.998	0.994	8.43154630927644e-91	H2-K1
3.55553031028553e-95	0.309620127463717	0.794	0.61	1.14790296067568e-90	Ext1
3.78113197611924e-95	-0.408775449691231	0.137	0.258	1.2207384584901e-90	Tagap
1.32693948494811e-94	-0.432746654562933	0.174	0.294	4.28402412715496e-90	Rarg
3.87069838309152e-94	-0.399771252006489	0.186	0.31	1.2496549729811e-89	A630023P12Rik
5.40608389026372e-94	-0.612696925497049	0.116	0.234	1.74535418397164e-89	Hist1h1d
6.97942002454887e-94	-0.486640194419645	0.587	0.609	2.2533057549256e-89	Casp8
8.19597643288612e-94	-0.411637276071996	0.286	0.395	2.64607099135728e-89	AI467606
2.60320853307085e-93	-0.757081144566104	0.135	0.255	8.40445874901925e-89	Immp2l
3.21666150758791e-93	-0.339993610272489	0.08	0.187	1.03849916772476e-88	Phf11c
1.0542498853519e-92	0.290322849311275	0.847	0.679	3.40364575485862e-88	Osbpl8
6.13713064582931e-92	-0.425092053319739	0.586	0.61	1.98137262900599e-87	Pten
6.81458515751889e-92	-0.447086167381704	0.131	0.244	2.20008881810497e-87	Parp11
8.45473043914415e-92	0.263967054395865	0.946	0.819	2.72960972227769e-87	Lsp1
6.92550166900291e-91	-0.636362559106591	0.169	0.29	2.23589821383759e-86	Isg15
1.38519178465377e-90	-0.526241285642797	0.49	0.576	4.4720916767547e-86	Mgat5
2.12153242387143e-90	-0.283386610086935	0.957	0.939	6.84936743046891e-86	Prrc2c
2.43703982352439e-90	-0.495791828103925	0.33	0.431	7.86798307024848e-86	Gpr174
5.53269916662715e-90	-0.378660022419536	0.717	0.692	1.78623192594558e-85	Cd48
1.12192406881892e-89	-0.686812645463652	0.18	0.306	3.62213185618187e-85	Cep112
6.34033823677465e-89	-0.480780999754124	0.309	0.409	2.0469781997427e-84	Abcg1
7.28457984815135e-89	0.26994051769428	0.916	0.769	2.35182660397567e-84	Ubc
1.18949785280483e-88	-0.588070452463732	0.171	0.284	3.8402938177804e-84	Slfn5
5.07572762722735e-88	0.408542371002466	0.752	0.54	1.63869866445035e-83	Cdk11b
8.2887626836023e-88	-0.451665854369185	0.48	0.53	2.676027032401e-83	Cdipt
1.1602548469604e-87	-0.460219180533998	0.367	0.443	3.74588277341166e-83	Capn2
1.25946174866179e-87	0.292852597529964	0.885	0.716	4.06617225555457e-83	Saraf
1.48301103006382e-87	-0.519172045694229	0.387	0.47	4.78790111056106e-83	P4ha1
3.51561555446326e-87	-0.286830739689236	0.065	0.165	1.13501648175847e-82	Plekha1
3.58758506978054e-87	-0.500221028531101	0.201	0.315	1.15825183977865e-82	Zdhhc15
8.49279080419526e-87	-0.451933110814558	0.625	0.633	2.74189751113444e-82	Grap
9.92219200450939e-87	0.468050272625306	0.621	0.462	3.20337968865586e-82	Elovl5
3.93759103457281e-86	-0.324545774730298	0.851	0.842	1.27125126551183e-81	Dock8
5.52066751749998e-86	0.285276938492701	0.152	0.059	1.78234750802487e-81	Ar
1.16334043577008e-85	0.413939826284232	0.915	0.843	3.7558445968837e-81	Tox
1.24660765844594e-85	-0.445077540143655	0.209	0.322	4.02467282529273e-81	Gbp4
2.01983597836143e-85	-0.53741152003576	0.372	0.468	6.52104045613987e-81	Pvt1
1.13085754505576e-84	0.444959200035504	0.922	0.862	3.65097358421251e-80	AW112010
9.70386830336939e-84	-0.480064368596308	0.326	0.418	3.13289388174281e-79	Dtx3l
1.33106673160218e-83	-0.440387101921643	0.299	0.399	4.29734894297763e-79	Traf5
2.42437168948817e-83	0.294650556520086	0.825	0.653	7.82708399951257e-79	Vmp1
3.8112136913953e-83	-0.516333769626945	0.65	0.655	1.23045034026697e-78	Zfp638
4.72446337695363e-83	-0.456782825377128	0.382	0.465	1.52529300124948e-78	Tspan13
7.04694837118897e-83	-0.402491624946186	0.258	0.364	2.27510728163836e-78	Abcc4
8.24756546632127e-83	-0.350724609126753	0.162	0.275	2.66272651080182e-78	Nrros
3.6951008618357e-82	-0.355926936991898	0.116	0.223	1.19296331324366e-77	D130040H23Rik
1.7017598452584e-81	-0.492392780733309	0.606	0.64	5.49413166041673e-77	Adgre5
1.37160116175299e-80	-0.326709783908835	0.115	0.219	4.42821435071954e-76	Prkcz
3.46400846906189e-80	-0.257926490320078	0.956	0.912	1.11835513423663e-75	Msn
4.22434071823681e-80	-0.345892059824381	0.423	0.524	1.36382840088275e-75	Pglyrp1
4.8513760928359e-80	-0.429434514763264	0.445	0.499	1.56626677157207e-75	Cnp
1.32446572949101e-79	0.495437439366949	0.434	0.29	4.27603760766172e-75	Alcam
2.62576791254122e-79	-0.67985352412463	0.03	0.108	8.47729170563934e-75	Nckap5
3.36591533913608e-79	-0.408773611121614	0.54	0.59	1.08668576724008e-74	Spata13
1.68627314272067e-78	-0.321280013001193	0.812	0.763	5.44413284127367e-74	Cyb5a
4.97168690658225e-78	-0.423431346823693	0.266	0.363	1.60510911779008e-73	Ikbke
3.02173676496426e-77	0.380929306802905	0.209	0.104	9.7556771456871e-73	Il1r2
3.32840153714598e-77	-0.388409959104195	0.757	0.723	1.07457443626758e-72	Cd37
8.85550704737078e-77	0.335776122357484	0.161	0.07	2.85900045024366e-72	Mt1
2.66616530612191e-76	0.293053500925718	0.917	0.797	8.6077146908146e-72	Fam107b
3.0338948355595e-76	-0.371270569145437	0.48	0.574	9.79492947660385e-72	St8sia4
3.93135449377554e-76	0.477975665594498	0.728	0.61	1.26923779831543e-71	Arl15
6.25560488261748e-76	-0.311232642402886	0.078	0.171	2.01962203635305e-71	Ifit2
2.24731701767956e-75	-0.32643655894471	0.171	0.274	7.25546299157847e-71	Ly9
3.75683888334805e-75	-0.332809674242765	0.076	0.168	1.21289543348892e-70	Fam49a
3.85806478639336e-75	-0.255813095906334	0.062	0.151	1.2455762162871e-70	Phf11a
4.02769796109711e-75	-0.306625489815295	0.836	0.792	1.3003422867402e-70	Eef1d
3.70125846567463e-74	0.256254222414737	0.56	0.384	1.19495129564305e-69	Airn
5.68263141623464e-74	-0.419476368609283	0.294	0.38	1.83463755273135e-69	Phgdh
6.28428062203638e-74	-0.35335104297964	0.774	0.735	2.02887999882444e-69	Prdx1
6.37791221572985e-74	-0.429433272108007	0.2	0.3	2.05910895884838e-69	Ddx58
7.79335601102124e-74	-0.436926677181851	0.306	0.398	2.51608498815821e-69	Arhgef12
2.04643034673662e-73	-0.362117677732078	0.866	0.846	6.60690037443918e-69	Gimap3
4.60951780906054e-73	-0.352843995561951	0.92	0.902	1.4881828246552e-68	Macf1
6.68904229058375e-73	-0.314097717174679	0.028	0.101	2.15955730351496e-68	Gm4951
2.1229086834296e-72	-0.369041016314904	0.14	0.242	6.85381068445246e-68	Ms4a6c
2.38352571077332e-72	-0.332517419842684	0.109	0.209	7.69521275723168e-68	Gpr55
2.49944880417783e-72	-0.313637966118074	0.951	0.926	8.06947046428813e-68	Ppp1r12a
4.00266173364624e-72	0.427332703014698	0.43	0.3	1.29225934070769e-67	Snx9
4.27761138584881e-72	-0.442377090773901	0.591	0.61	1.38102683592129e-67	Cd6
7.79374977227365e-72	-0.266685628932126	0.069	0.158	2.51621211397855e-67	Atp6v0a1
1.43478356316852e-71	0.44131187494305	0.642	0.516	4.63219873368958e-67	Il21r
1.77625897187279e-71	-0.380147374797823	0.127	0.223	5.73465209069129e-67	Pdk1
2.60502526771455e-71	0.263773188655635	0.409	0.266	8.41032407681642e-67	Rassf3
3.11904033739327e-71	-0.653065060394919	0.529	0.549	1.00698217292742e-66	Itgb1
5.30491713206476e-71	-0.394547774633172	0.554	0.562	1.71269249608711e-66	Mdh1
9.76658959667939e-71	-0.448891302655521	0.553	0.582	3.15314345128794e-66	Klhl6
1.00077410129241e-70	0.401599321018634	0.782	0.647	3.23099918602253e-66	Cmtm7
1.33075678715649e-70	-0.36934070255624	0.038	0.115	4.29634828733473e-66	Fhit
1.78415288070637e-70	-0.408513850556436	0.315	0.41	5.7601375753605e-66	Bzw2
1.80391514875082e-70	0.299770500042399	0.907	0.799	5.82394005774201e-66	Lncpint
1.84919189446948e-70	-0.347232457588466	0.8	0.765	5.97011603129471e-66	Nsd1
6.09465008039371e-70	-0.390950015096348	0.889	0.87	1.96765777845511e-65	Peli1
1.47741064149728e-69	-0.25443587587205	0.031	0.103	4.76982025607397e-65	Pik3r3
1.52344802692087e-69	0.26589365022914	0.453	0.298	4.91845195491402e-65	Rcbtb2
1.52371002649256e-69	-0.435574516645236	0.581	0.604	4.91929782053123e-65	Herc4
3.19664950212484e-69	-0.449331886346631	0.301	0.392	1.03203829176101e-64	L3mbtl3
3.97005235548689e-69	-0.450012158034365	0.561	0.605	1.28173140296894e-64	Ly6e
1.37104440463846e-68	-0.403943943613936	0.098	0.19	4.42641686037527e-64	Hist1h3f
1.51148913796203e-68	-0.373091600812935	0.177	0.278	4.87984268191042e-64	Sorbs1
2.95448891301779e-68	-0.647385991460957	0.499	0.543	9.53856745567793e-64	Jun
1.29497386663165e-67	-0.51293139123554	0.566	0.592	4.18082312842028e-63	Trim30a
2.7171359248826e-67	-0.400176904701743	0.382	0.448	8.77227333348346e-63	Hexb
9.86917454529159e-67	-0.44882548941885	0.316	0.402	3.18626300194739e-62	Ifi47
1.38993868488085e-66	0.649364281284127	0.441	0.334	4.48741704413784e-62	Gpr183
2.78894316846468e-66	0.250426990962683	0.809	0.634	9.00410301938823e-62	Glud1
4.80463211853053e-66	-0.390500593456651	0.266	0.368	1.55117547946758e-61	Entpd1
1.1633926355016e-65	0.360906089616003	0.673	0.514	3.75601312371691e-61	Gramd1b
2.37825232834225e-65	-0.355390497582683	0.656	0.671	7.67818764205294e-61	Ccm2
3.6291503292975e-65	-0.438709557726243	0.346	0.419	1.1716711838137e-60	Slc28a2
8.29211218619877e-65	-0.395097410751003	0.633	0.628	2.67710841931427e-60	Tnip1
2.64452165808595e-64	-0.395922415488717	0.609	0.61	8.53783817313048e-60	Tbl1xr1
4.24116324652295e-64	-0.419752459792139	0.726	0.707	1.36925955413994e-59	Usp3
6.23463910855415e-64	0.481463724692089	0.133	0.057	2.01285323619671e-59	Tnfsf8
7.35639972536152e-64	0.311571334358557	0.636	0.473	2.37501365133297e-59	Kdm7a
8.51547620151255e-64	-0.379410100071814	0.15	0.243	2.74922149165833e-59	Rreb1
1.70965951762018e-63	0.424024939556169	0.538	0.405	5.51963575263674e-59	Phlpp1
2.46541723161614e-63	-0.296651132599715	0.087	0.173	7.95959953227272e-59	3300002I08Rik
2.56077325321061e-63	-0.317610832590751	0.912	0.903	8.26745644799046e-59	Utrn
3.05925203284743e-62	-0.41286017757934	0.208	0.295	9.87679518804792e-58	4930469K13Rik
4.95926902158475e-62	-0.299453306420311	0.252	0.36	1.60110000361864e-57	Btla
9.61128574415132e-62	0.389651951525334	0.237	0.14	3.10300360249925e-57	Ccr5
1.54505127114421e-61	-0.403198364193013	0.41	0.459	4.98819802888909e-57	Morc3
1.01554729894722e-60	0.293727220840546	0.533	0.383	3.27869445465109e-56	Mast4
2.40077845700306e-59	-0.430136354878856	0.453	0.501	7.75091324843438e-55	9930111J21Rik2
1.77641355649712e-58	0.394374072209957	0.869	0.748	5.73515116715095e-54	Sdf4
2.09294809123119e-58	-0.266454933362054	0.156	0.258	6.75708291253988e-54	Ncmap
2.71095314796321e-58	-0.55244444001123	0.704	0.718	8.75231223819921e-54	Tnfrsf4
2.79140020488549e-58	-0.377193461051812	0.801	0.75	9.0120355614728e-54	Trip12
5.49016522072211e-58	-0.339722189690126	0.618	0.587	1.77249984151013e-53	Arpc5l
6.16893935021108e-58	-0.36517880424794	0.276	0.353	1.99164206921565e-53	Rara
7.05675493106164e-58	-0.419012734492857	0.478	0.524	2.27827332949325e-53	Pik3c2a
1.48593896023859e-57	-0.286647718086306	0.11	0.194	4.79735393313029e-53	H2-T24
3.80915000798604e-57	-0.346013167787702	0.846	0.806	1.22978408007829e-52	Atp2b1
5.23870098074996e-57	-0.267445224950896	0.048	0.12	1.69131461163512e-52	Cpq
5.37987934269553e-57	-0.383023070082744	0.314	0.391	1.73689404578925e-52	Tmem71
7.49119525173903e-57	-0.332878812622264	0.763	0.716	2.41853238702395e-52	Taok3
8.42208047246934e-57	-0.301100361276664	0.77	0.705	2.71906868053673e-52	Ywhab
8.83631958326647e-57	-0.4084201650739	0.496	0.515	2.85280577745758e-52	Nmi
2.62531044000322e-56	-0.423754854028938	0.522	0.549	8.47581475555039e-52	Card11
3.32702659103289e-56	-0.318696298133208	0.593	0.611	1.07413053491497e-51	Gm2a
3.95996525723503e-55	-0.478094568869511	0.529	0.552	1.27847478329833e-50	Kat2b
6.14827721350877e-55	-0.374470617355585	0.555	0.574	1.98497129838131e-50	Cflar
1.40219760511339e-54	-0.263492306292903	0.07	0.145	4.52699496810857e-50	Plekha7
4.84548824875581e-54	-0.28814542737226	0.087	0.162	1.56436588111081e-49	Ccdc22
6.99535311968628e-54	-0.415081880755008	0.124	0.212	2.25844975469071e-49	Hist1h3c
1.05665500880305e-53	-0.393647690025509	0.545	0.556	3.41141069592065e-49	Rbl2
2.02395409464806e-53	-0.391607394688551	0.603	0.593	6.53433579457126e-49	Ctss
4.89724735515675e-53	-0.299056272753949	0.098	0.177	1.58107630861236e-48	Dnah8
4.92616056615798e-53	-0.334754009419805	0.639	0.608	1.5904109387841e-48	Slc9a3r1
7.0795948789754e-53	-0.460414632289451	0.367	0.422	2.28564720667721e-48	Eif2ak2
1.07239427261378e-52	0.364643728257734	0.606	0.467	3.46222490913359e-48	Sesn3
1.12589112311623e-52	-0.254964843717576	0.911	0.846	3.63493949098075e-48	Atp5j2
1.8915596341763e-52	-0.384498973322779	0.935	0.891	6.10690027893819e-48	Ncl
5.14852495640752e-52	-0.27920761611018	0.113	0.197	1.66220128217617e-47	Sdc4
8.98766488965974e-52	-0.286792270331954	0.14	0.22	2.90166760962665e-47	Vav2
1.39255088387264e-51	-0.425920369786658	0.694	0.69	4.4958505285828e-47	Phf21a
1.4588985333934e-51	-0.310764052140324	0.174	0.254	4.7100539150606e-47	Il31ra
1.62878402954805e-51	-0.324575163984273	0.845	0.784	5.25852923939586e-47	mt-Nd3
9.74323843225037e-51	-0.465617454356173	0.325	0.389	3.14560452785203e-46	Herc6
1.28978227060638e-50	-0.370295325472808	0.442	0.471	4.16406206065269e-46	Tnfaip8l2
1.55588607856883e-50	-0.41340957994012	0.542	0.566	5.02317820465946e-46	Zfp831
1.56521314303855e-50	-0.349613343641068	0.273	0.346	5.05329063229996e-46	Lfng
2.06269364081511e-50	-0.270608057188134	0.842	0.769	6.65940641937158e-46	Edf1
2.50623980342489e-50	-0.478426785350511	0.429	0.472	8.09139520535726e-46	Bst2
2.77501957380794e-50	-0.305892981205685	0.848	0.809	8.95915069403894e-46	Pdcd4
3.41543089415678e-50	-0.372455598518535	0.537	0.555	1.10267186417852e-45	Gimap9
4.04793429066429e-50	-0.286570580302329	0.074	0.143	1.30687558574097e-45	Rcn1
6.64337715098752e-50	-0.311552935011949	0.184	0.263	2.14481431319632e-45	Gpr18
6.85803742361959e-50	-0.251694628193537	0.065	0.135	2.21411738221559e-45	Acss1
1.27130640304287e-49	-0.479988048355785	0.64	0.65	4.10441272222392e-45	Tank
2.10384914188948e-49	-0.337842509492351	0.179	0.257	6.79227695459018e-45	Prkag2
2.2353220343262e-49	-0.250716931926402	0.096	0.175	7.21673718782214e-45	Gm48236
8.3952175845616e-49	-0.271465715660546	0.894	0.846	2.71039599717571e-44	Mcl1
1.15417548496733e-48	-0.323977230138111	0.988	0.976	3.72625555321702e-44	Arhgap15
1.23836554569931e-48	0.266893143096751	0.826	0.697	3.99806316429023e-44	Zfp36l1
1.75660872543214e-48	-0.357008502534647	0.543	0.583	5.67121127005766e-44	Gimap7
2.53800210840624e-48	-0.30557985612109	0.125	0.199	8.19393980698954e-44	Slc45a4
2.82816240644235e-48	-0.384710572693682	0.256	0.331	9.13072232919913e-44	Frmd6
3.87453408437421e-48	-0.34372686547264	0.103	0.177	1.25089332914021e-43	Map2k6
9.29197990454762e-47	-0.385466455972682	0.495	0.514	2.9999157121832e-42	Sh3bgrl
4.88372215098868e-46	-0.346676870487164	0.238	0.308	1.5767096964467e-41	Atm
5.21718718492278e-46	-0.309681416414857	0.155	0.229	1.68436888265232e-41	Clec2i
5.39079477332405e-46	-0.368245329066394	0.534	0.561	1.74041809256767e-41	Rapgef2
7.45521717664118e-46	-0.414632776801849	0.889	0.831	2.4069168654786e-41	Arid4b
8.19770721018467e-46	-0.300656588739188	0.068	0.133	2.64662977280812e-41	A930037H05Rik
1.25385231054079e-45	-0.341186360058891	0.387	0.422	4.04806218458094e-41	Cnpy2
1.8379940467414e-45	-0.277529262810978	0.101	0.175	5.93396377990463e-41	Serpini1
2.16222677731963e-45	-0.338239689915274	0.235	0.304	6.98074915057642e-41	Ppp1r21
2.34718383237038e-45	-0.334873803302247	0.049	0.11	7.57788300280777e-41	Nrn1
8.49595210331821e-45	-0.529002289216331	0.312	0.376	2.74291813655628e-40	Gnaq
1.16084370366261e-44	0.28553708029397	0.236	0.148	3.74778389727475e-40	Pkp4
1.22573616601035e-44	-0.296515801822456	0.709	0.665	3.9572892119644e-40	Tapbp
3.81908061481658e-44	-0.380282034894958	0.191	0.267	1.23299017649353e-39	Gbp6
4.30871522457942e-44	-0.369265671986806	0.398	0.437	1.39106871025547e-39	Prkd2
5.02532959731649e-44	-0.326017932647461	0.728	0.687	1.62242766049363e-39	Fkbp3
5.97166709382915e-44	-0.35682012292041	0.516	0.521	1.92795272124274e-39	Psmb10
5.98023647263555e-44	-0.323967052046245	0.675	0.639	1.93071934519039e-39	Ppp2r5a
6.92675233193931e-44	0.258241619064881	0.459	0.336	2.23630199036661e-39	Sh3rf1
7.00619197625814e-44	-0.414421813398246	0.359	0.407	2.26194907953494e-39	Parp9
1.16782716955597e-43	-0.397540731922903	0.485	0.509	3.77033001691144e-39	Reps1
4.09113089731058e-43	-0.405453300682912	0.36	0.408	1.32082161019672e-38	Zbp1
5.6650781975703e-43	-0.266424856073602	0.142	0.213	1.82897049608557e-38	Gm15564
1.19327204105921e-42	-0.284918839388652	0.114	0.182	3.85247878455965e-38	Xxylt1
1.24377537928103e-42	-0.389865107818195	0.338	0.381	4.01552881200881e-38	Ccs
1.62647844007107e-42	-0.323931377004884	0.494	0.499	5.25108564376946e-38	Nup210
3.33340335005112e-42	-0.314131216323057	0.353	0.434	1.076189271564e-37	Stab2
1.14101083463771e-41	-0.262237846943999	0.143	0.213	3.68375347962784e-37	Pear1
1.40871341070062e-41	-0.345290943272889	0.516	0.536	4.54803124644694e-37	Rab27a
1.61748238506622e-41	-0.394833809495758	0.452	0.483	5.22204188018631e-37	Stambpl1
9.26652799871631e-41	-0.344417320018433	0.548	0.547	2.99169856438556e-36	Snx20
1.24675927753612e-40	-0.417985117111275	0.306	0.366	4.02516232752535e-36	Slfn1
1.60505133220461e-40	-0.364716427328785	0.321	0.375	5.1819082260226e-36	AI504432
2.63240435173404e-40	-0.344830225022873	0.31	0.366	8.49871744957334e-36	Bicral
3.09109570961077e-40	-0.275351738312051	0.734	0.706	9.97960249847838e-36	Dennd1b
4.13548828592438e-40	-0.299894436280191	0.726	0.733	1.33514239311069e-35	Ipcef1
6.22276715207723e-40	-0.378410571372301	0.429	0.453	2.00902037504813e-35	Sp110
9.08456464025831e-40	-0.291158155106934	0.26	0.321	2.9329516941074e-35	Sypl
9.46298503504621e-40	0.250144414647593	0.608	0.473	3.05512471856467e-35	Fut8
1.6610023323274e-39	-0.298787049034835	0.513	0.582	5.36254602991901e-35	Satb1
4.22939164476538e-39	-0.315545695557029	0.133	0.197	1.3654590925125e-34	Hist1h4c
5.73878290878799e-39	-0.343280923043284	0.485	0.501	1.8527660621022e-34	Arhgap4
7.06051802624103e-39	-0.848521089894392	0.248	0.311	2.27948824477192e-34	Nav2
8.30857883153055e-39	-0.348256359858525	0.621	0.615	2.68242467575964e-34	Heca
3.13468919629448e-38	-0.270585209487273	0.797	0.725	1.01203440702367e-33	Ctcf
5.46518342085323e-38	-0.411934120900851	0.525	0.514	1.76443446742247e-33	Larp1
6.10752303815588e-38	-0.423881037203534	0.576	0.564	1.97181381286862e-33	Pik3cd
8.3813181093552e-38	-0.317289726936045	0.322	0.369	2.70590855160533e-33	Pgs1
1.7136043996954e-37	-0.343655046393452	0.367	0.406	5.53237180441659e-33	Agpat4
6.62898089474686e-37	-0.363763677546033	0.338	0.394	2.14016648186902e-32	Rps6ka5
1.06060116947751e-36	-0.270535169694579	0.183	0.25	3.42415087565815e-32	Casp7
1.32157698617667e-36	-0.328349819032877	0.476	0.489	4.26671129987139e-32	Lgals9
1.9732330517493e-36	-0.349738433812796	0.658	0.64	6.37058290757261e-32	Asxl2
3.43695627379905e-36	-0.362592009401283	0.549	0.538	1.10962133299602e-31	Efr3a
3.8882712498984e-36	-0.26958175836557	0.768	0.758	1.2553283730297e-31	Gimap6
5.54520889953451e-36	-0.302615180867136	0.193	0.257	1.79027069321472e-31	Bmyc
5.82030961318157e-36	-0.309184957247624	0.533	0.515	1.87908695861567e-31	Bola2
9.00266630389657e-36	-0.308828616316916	0.183	0.245	2.90651081621301e-31	Rassf2
1.57305015854207e-35	-0.314512396204905	0.302	0.36	5.07859243685309e-31	Ppp1r13b
1.9054757144908e-35	-0.281993018822415	0.232	0.291	6.15182834423353e-31	Ptp4a3
1.97745779233188e-35	-0.282318052284304	0.267	0.332	6.38422248254347e-31	Zfp36
2.55555437355371e-35	-0.265208301146197	0.123	0.184	8.25060729501816e-31	Hspbap1
4.85082600509618e-35	-0.287481894619978	0.572	0.544	1.5660891757453e-30	Ddx39b
7.78128269930017e-35	-0.308097942444977	0.568	0.537	2.51218711946906e-30	Snrpd3
1.1661670869762e-34	-0.320890910050666	0.372	0.409	3.76497044030265e-30	Thap3
2.86003821276305e-34	-0.251813126656791	0.892	0.84	9.23363336990551e-30	Gimap1
3.90545876020731e-34	-0.410491111771087	0.347	0.398	1.26087736073293e-29	Vav3
6.34201829678457e-34	-0.295555370070233	0.924	0.908	2.0475206071169e-29	Foxn3
6.35601414878859e-34	-0.265954235286051	0.762	0.692	2.0520391679364e-29	Vcp
6.44294935565062e-34	-0.358031124199674	0.502	0.518	2.0801061994718e-29	Cdk19
8.49373505279062e-34	-0.415372622476203	0.855	0.787	2.74220236179345e-29	Hsp90aa1
2.40392244148286e-33	-0.30923187338658	0.543	0.532	7.76106360232743e-29	Sash3
6.1004061558001e-33	-0.392444330373592	0.464	0.466	1.96951612740006e-28	Il27ra
7.62768157393919e-33	-0.335093696448221	0.251	0.304	2.46259699614627e-28	Tmem245
1.03901543830081e-32	-0.29162400388338	0.78	0.728	3.35446134255417e-28	Aak1
1.25837399356789e-32	-0.350392671769958	0.674	0.634	4.06266043823393e-28	Agfg1
1.42891899469124e-32	-0.267206022930005	0.154	0.212	4.61326497436068e-28	Fam118b
2.00133148629161e-32	-0.252729737252434	0.777	0.714	6.46129870349246e-28	Cdk2ap2
3.15586657283776e-32	-0.29143531160162	0.874	0.859	1.01887152304067e-27	Mir142hg
6.90898519280917e-32	-0.317500840530487	0.29	0.335	2.23056586949844e-27	Scarb2
7.73772600155161e-32	-0.259332760671057	0.804	0.753	2.49812483960094e-27	Irf2
1.03149796878015e-31	-0.299091042741267	0.522	0.505	3.33019119220671e-27	Exosc8
1.63926699869206e-31	-0.29822387444741	0.204	0.261	5.29237350527732e-27	Xaf1
1.71615013505124e-31	-0.288890649575794	0.471	0.472	5.54059071101292e-27	Utp3
1.77475150029491e-31	-0.292738976359033	0.205	0.266	5.72978521870211e-27	Mbnl3
1.85629210175321e-31	-0.321440477353339	0.227	0.281	5.99303905051024e-27	Suclg2
3.17017821688675e-31	-0.404027171096304	0.443	0.46	1.02349203732189e-26	Kif13b
3.27028706083847e-31	-0.295402410978602	0.189	0.245	1.0558121775917e-26	Zdhhc17
3.42163001914529e-31	-0.304775200932226	0.669	0.627	1.10467325168106e-26	Setx
4.62544990807934e-31	-0.307051221947636	0.311	0.351	1.49332650282342e-26	Fam111a
6.47890169419497e-31	-0.31974432810786	0.495	0.517	2.09171341197085e-26	Thada
6.85266225404737e-31	-0.370415859477297	0.441	0.464	2.21238200871919e-26	Ncoa7
1.04681238283081e-30	-0.278270327108051	0.215	0.269	3.37963377796927e-26	Lgals8
1.33336166065875e-30	-0.292058430328195	0.282	0.324	4.30475812143678e-26	Prdx4
1.55859925807846e-30	-0.264902317468874	0.954	0.918	5.0319377047063e-26	Npm1
1.94295015764713e-30	0.292672788549845	0.167	0.107	6.27281458396375e-26	Slc16a10
3.62451026470408e-30	-0.252395117505102	0.121	0.176	1.17017313895971e-25	Mov10
4.93883332685581e-30	-0.275321202167614	0.196	0.251	1.5945023395754e-25	Zfp1
1.34646966817995e-29	-0.30298006561526	0.607	0.554	4.34707732371896e-25	Lamtor5
2.26531026936086e-29	0.283057754819812	0.119	0.068	7.31355420463154e-25	Areg
2.39887809206898e-29	-0.316554841920235	0.256	0.306	7.74477792024469e-25	Eefsec
2.55644372331306e-29	-0.278195634730511	0.088	0.139	8.25347856071622e-25	Hist1h2bm
3.88334829821991e-29	-0.269927275036305	0.589	0.544	1.2537389980803e-24	Lsm6
1.6047354300272e-28	-0.312935256645091	0.451	0.454	5.18088833584282e-24	Twf2
1.94907737270722e-28	-0.294185611351747	0.201	0.25	6.29259629778527e-24	Tbc1d22b
2.36369914236285e-28	-0.257761674201883	0.83	0.764	7.63120268111845e-24	Cast
4.63892324428767e-28	-0.257228088038145	0.636	0.611	1.49767636941828e-23	Tlk1
5.29254277967088e-28	-0.269458768838465	0.253	0.299	1.70869743641674e-23	Rap2b
6.94479897546018e-28	-0.338261105139444	0.356	0.385	2.24212834922732e-23	Stap1
1.43294562370977e-27	-0.384543705116875	0.368	0.391	4.62626494614699e-23	Dnmt3a
1.81212773013084e-27	-0.279366267345308	0.222	0.271	5.85045437672742e-23	Rcbtb1
2.54781061357921e-27	-0.274380022469146	0.188	0.238	8.22560656594047e-23	Bcl9l
3.47578940760795e-27	-0.266377915139279	0.726	0.676	1.12215861024623e-22	Cyld
4.13271565000686e-27	-0.333579509416942	0.439	0.448	1.33424724760471e-22	Igflr1
4.65970395505676e-27	-0.437671151473403	0.417	0.432	1.50438542189007e-22	Gm16158
9.43287798581115e-27	-0.377020182818573	0.208	0.262	3.04540465771913e-22	Myo3b
1.10657431181727e-26	-0.264576742609232	0.263	0.309	3.57257516570205e-22	Sytl1
1.67570365256672e-26	-0.30214661106302	0.306	0.343	5.41000924231167e-22	Fam189b
3.1864242022509e-26	-0.280370939051455	0.246	0.293	1.0287370536967e-21	1110059E24Rik
3.33527191119784e-26	-0.340252816814621	0.289	0.324	1.07679253653022e-21	Inpp5f
5.54498994668888e-26	-0.275820041880247	0.66	0.615	1.7902000042885e-21	Smc6
5.57120880856142e-26	-0.273024954931663	0.668	0.683	1.79866476384405e-21	Gm20275
8.30318897104824e-26	-0.282756047225001	0.553	0.521	2.68068455930292e-21	Cdc42se1
1.02910780885728e-25	-0.431540745216166	0.672	0.639	3.32247456089571e-21	Glcci1
1.0962491431581e-25	-0.333193896474676	0.235	0.275	3.53924035868591e-21	Rfk
1.4700927036986e-25	-0.26535778451457	0.718	0.649	4.74619429389091e-21	Mark2
1.86871786390598e-25	-0.267955502465311	0.105	0.154	6.03315562362045e-21	Hist1h2bj
1.9460707413416e-25	-0.255456318374328	0.108	0.157	6.28288938842136e-21	Hist2h2bb
6.43969961839873e-25	-0.475841585040515	0.251	0.313	2.07905702180003e-20	Kcnq5
8.42750338422885e-25	-0.298363745581501	0.335	0.366	2.72081946759828e-20	Mitd1
1.1698091471936e-24	-0.3181767743775	0.514	0.504	3.77672883171454e-20	Zfp280d
2.02769830389725e-24	-0.330879730202456	0.56	0.537	6.54642397413226e-20	Pcm1
3.40593492056033e-24	-0.258304336223224	0.666	0.598	1.0996060891029e-19	Cct5
5.92376734222741e-24	-0.364604790814647	0.46	0.468	1.91248828643812e-19	Asap1
8.81145668956791e-24	-0.305158925325421	0.736	0.678	2.844778792227e-19	Ncoa3
1.61842082814426e-23	-0.311712439284164	0.382	0.397	5.22507164366376e-19	Ifi35
2.06014354272565e-23	-0.31171070141589	0.7	0.664	6.65117342768976e-19	Vti1a
2.75669300405764e-23	-0.253652883854739	0.204	0.247	8.8999833636001e-19	Traf3ip2
5.48456650070542e-23	-0.256172133088386	0.204	0.248	1.77069229475274e-18	Foxk1
6.339063672184e-23	-0.271774109042095	0.247	0.285	2.0465667065646e-18	Ppp1r9b
9.67606204043615e-23	0.250829743063134	0.127	0.081	3.12391662975481e-18	Ccr9
9.85989041014912e-23	-0.372881959757863	0.205	0.248	3.18326561891664e-18	Gm15563
1.00789940086594e-22	-0.311353423362453	0.354	0.378	3.2540032156957e-18	Bicra
1.06721012040545e-22	-0.2673283471194	0.278	0.307	3.44548787372901e-18	Hadh
1.24802082217152e-22	-0.30712245104584	0.435	0.465	4.02923522438077e-18	Nfkbiz
1.29491257312113e-22	-0.361823915116902	0.237	0.275	4.18062524232157e-18	Sh3bp5
1.62382788309928e-22	-0.251475842065575	0.127	0.174	5.24252832058603e-18	Invs
2.23109265409258e-22	-0.26180993045968	0.165	0.211	7.20308263373788e-18	Irgm2
2.54697067588515e-22	-0.346688973401243	0.362	0.385	8.22289482709522e-18	Atp8a1
2.95119898972544e-22	-0.329224566866794	0.505	0.501	9.52794593832859e-18	Nxpe3
3.54912052175471e-22	-0.309733375539082	0.236	0.274	1.14583356044851e-17	Fbxw4
8.16470337173886e-22	-0.264465169498639	0.252	0.295	2.63597448356589e-17	Zdhhc2
1.11857240123835e-21	-0.311406906416725	0.468	0.47	3.61131099739802e-17	Map3k3
1.31332221253752e-21	-0.280890213461033	0.198	0.243	4.2400607631774e-17	E130307A14Rik
2.43152995896071e-21	-0.383256333421235	0.227	0.273	7.85019447250465e-17	Camkmt
2.55316662252128e-21	-0.288842442412693	0.639	0.579	8.24289844080995e-17	Add1
6.07660475780674e-21	-0.294351882180839	0.194	0.241	1.9618318460579e-16	Gng12
8.01028176840292e-21	-0.311846788248009	0.718	0.653	2.58611946892888e-16	Nucks1
3.13134963730994e-20	-0.288719388162566	0.262	0.294	1.01095623040551e-15	Kif3b
5.55074370375049e-20	-0.309897329286861	0.265	0.296	1.79205760475585e-15	Fam214a
6.0817982428037e-20	-0.298590100683951	0.359	0.383	1.96350856268917e-15	Kif1b
7.93441445663801e-20	-0.269497548256743	0.359	0.385	2.56162570732558e-15	Zc3h12d
1.3484859214858e-19	-0.338742680703311	0.46	0.47	4.35358679751692e-15	Lpp
2.40179008819749e-19	-0.289307862123331	0.324	0.346	7.7541792997456e-15	Hmgn5
7.18303311688838e-19	-0.252571885574537	0.392	0.406	2.31904224178741e-14	St3gal1
1.15671413051636e-18	-0.339533668804012	0.385	0.394	3.73445157037208e-14	Sec24a
1.29667804758796e-18	-0.274900801347979	0.716	0.658	4.18632507663774e-14	Crtc3
1.34369201167971e-18	-0.285908199661485	0.367	0.384	4.33810965970795e-14	Cd2ap
1.92974621658791e-18	-0.293576111609107	0.349	0.37	6.23018566025406e-14	Hmg20a
4.5122319985279e-18	-0.253096018029958	0.369	0.382	1.45677410072473e-13	Trp53i11
3.78447533694423e-17	-0.380120790577373	0.604	0.552	1.22181786253244e-12	Myo1f
5.527373406638e-17	-0.341458570752482	0.391	0.389	1.78451250433308e-12	Trim12a
6.337441168175e-17	-0.322708066435144	0.377	0.4	2.0460428811453e-12	Gm2245
7.40269818185932e-17	-0.258503251855676	0.653	0.597	2.38996110801328e-12	Kat6a
7.93702920975535e-17	-0.264596379600832	0.414	0.426	2.56246988036952e-12	Akap10
1.18515940053876e-16	-0.28400298827517	0.61	0.545	3.82628712463938e-12	Lbr
1.1859758307622e-16	-0.281925590274867	0.528	0.485	3.82892296961576e-12	Rbbp7
1.40497591239569e-16	-0.252286862822164	0.748	0.704	4.5359647331695e-12	Lrrc8c
1.87561342228798e-16	-0.251238831575328	0.341	0.352	6.05541793385673e-12	Kcnab2
2.5126905696371e-16	-0.254711000616533	0.518	0.498	8.11222150407338e-12	Tmpo
3.61986851266623e-16	-0.285646462274296	0.533	0.502	1.16867454931429e-11	Otulinl
4.01926958244719e-16	-0.292235502718122	0.359	0.363	1.29762118469307e-11	mt-Atp8
6.23478505861846e-16	-0.323134973511583	0.442	0.43	2.01290035617497e-11	Trim44
6.39621068441788e-16	-0.260714576369796	0.253	0.281	2.06501661946431e-11	N4bp2
8.56179959740902e-16	-0.259685728631084	0.525	0.487	2.7641770000235e-11	Cfdp1
1.25841159403327e-15	-0.345608552168695	0.455	0.448	4.06278183133642e-11	Gm48678
1.5561415046942e-15	-0.361162715664394	0.464	0.449	5.02400284790523e-11	Pced1b
2.73463390427322e-15	-0.444000966140679	0.504	0.374	8.8287655599461e-11	Bcl2
2.80062008363433e-15	-0.257896075682451	0.372	0.374	9.04180194001344e-11	Spin1
4.41110194061422e-15	-0.28279698170606	0.159	0.192	1.4241242615273e-10	Irf7
7.44628004792526e-15	-0.251655319356791	0.295	0.31	2.40403151347267e-10	Eef1akmt1
7.84249509373776e-15	-0.262586905440135	0.883	0.82	2.53194954101324e-10	Hmgb2
1.10213077036162e-14	-0.3867407149897	0.504	0.477	3.5582291921125e-10	4930444A19Rik
2.79863575525934e-14	-0.251148950229299	0.235	0.259	9.03539553585477e-10	Cbx7
6.59718716300446e-14	-0.280988991032239	0.687	0.602	2.12990187557599e-09	Nme1
7.71981391303219e-14	-0.306222887558586	0.393	0.381	2.49234192182244e-09	Wdr82
8.72185081688867e-14	-0.27603046192935	0.466	0.444	2.81584953623251e-09	Tmem173
1.55637245325495e-13	-0.274069895503585	0.362	0.371	5.02474846533362e-09	Wwp1
6.07274851848821e-13	-0.2683836712968	0.293	0.308	1.96058685919392e-08	Ldah
1.07916569573922e-12	-0.267432725458593	0.309	0.319	3.48408644869406e-08	Erap1
1.50089613705723e-12	-0.250033214487768	0.459	0.441	4.84564317848928e-08	Mcmbp
4.22302370740251e-12	-0.259296791324164	0.469	0.437	1.3634032039349e-07	M6pr
4.331123336835e-12	-0.306326384066628	0.272	0.288	1.39830316929718e-07	Disp1
5.88600922515184e-12	-0.260183370251031	0.683	0.608	1.90029807834027e-07	Hspe1
6.31503535896143e-12	-0.279990079054753	0.64	0.571	2.0388091656407e-07	Cox16
1.05214018999029e-11	-0.301054760865704	0.349	0.355	3.39683460338366e-07	Snx13
1.78641766227324e-11	-0.253670121050336	0.322	0.327	5.76744942264916e-07	Ccng1
3.1310529152106e-11	-0.276303933389808	0.543	0.494	1.01086043367574e-06	Kif21b
6.20358845643346e-11	-0.263973515568203	0.251	0.269	2.00282853315954e-06	Gm30054
2.30894481962934e-10	-0.282414577506973	0.203	0.235	7.45442835017332e-06	Prc1
2.83679830363379e-10	-0.259147478413551	0.368	0.365	9.15860332328168e-06	Dym
4.35323377996766e-10	-0.258730148261019	0.608	0.537	1.40544152586256e-05	mt-Nd4l
4.36410585122075e-10	-0.269658718449318	0.515	0.484	1.40895157406662e-05	Zmynd11
9.27654935843855e-10	-0.257547500360425	0.291	0.299	2.99493396037188e-05	Snx14
1.40747457929929e-09	-0.266746691265326	0.377	0.37	4.54403167926776e-05	Cab39l
2.99322160054218e-09	-0.286240787002862	0.326	0.325	9.66361593735044e-05	Fkbp5
4.29428055309285e-09	0.394544702275399	0.553	0.533	0.000138640847656603	Aff3
6.7855002982634e-09	-0.263280547788531	0.437	0.399	0.000219069877129434	Fbl
6.79746320276178e-09	-0.255200113952064	0.094	0.118	0.000219456099501164	Setbp1
2.01824260230374e-08	-0.262852124838749	0.386	0.368	0.000651589624153764	Dnmt1
2.51913035026088e-08	-0.273007249676109	0.318	0.32	0.000813301233581726	Zfp652
2.66740840091926e-08	-0.265660325006324	0.89	0.834	0.000861172802236782	Trbc1
3.99228176107564e-07	-0.463352718839468	0.407	0.371	0.0128890816656327	Evl
4.32080680816035e-07	-0.261461380406576	0.325	0.326	0.0139497247801457	Isg20
4.39940569719259e-06	-0.276190903797587	0.467	0.431	0.142034812933863	Bbx
8.23995216580315e-06	-0.258829346609788	0.457	0.417	0.266026855672955	AC149090.1
9.88842821012725e-06	-0.273139368292193	0.352	0.362	0.319247904763958	Mki67
1.46268976959829e-05	-0.262301056215083	0.427	0.4	0.472229392114809	Igtp
1.5115447910159e-05	-0.263463033802248	0.465	0.437	0.488002235779483	BE692007
0.000107472227569401	-0.303854691168178	0.372	0.345	1	Cd96
0.00011220238747919	-0.262528737282694	0.495	0.45	1	Fto
0.000138811781849401	-0.252418121856593	0.516	0.459	1	Phf11b
0.000242705702826789	-0.271586981141704	0.55	0.493	1	5330438D12Rik
0.000577609477520752	0.252137106913452	0.446	0.41	1	Cpm
0.00298650538328059	-0.261074094179033	0.473	0.425	1	Nin
0.00513839813352025	-0.254985189247327	0.421	0.373	1	Slc44a2
0.00653379373995003	-0.306865395494381	0.374	0.341	1	Lrrc4
0.0144410920022216	-0.265868437074225	0.549	0.461	1	Hspd1
0.0181253034237422	-0.278497696777166	0.331	0.296	1	Pttg1
0.19240013511646	-0.261197132012208	0.48	0.425	1	Gprin3
0.930506505573783	-0.274395394319594	0.353	0.304	1	Fabp5
