p_val	avg_log2FC	pct.1	pct.2	p_val_adj
0	0.571950772485328	0.174	0.003	0
0	1.51576977996038	0.44	0.031	0
0	1.5152086805988	0.808	0.36	0
0	2.3168973799589	0.998	0.858	0
0	-2.84749029080843	0.47	0.939	0
0	1.95764406719988	0.788	0.163	0
0	2.69739083003181	0.787	0.059	0
0	2.13981937461317	0.543	0.04	0
0	1.08161582152446	0.786	0.332	0
0	1.30724778540874	0.878	0.376	0
0	1.3984552378075	0.692	0.146	0
0	1.22542874037816	0.846	0.424	0
0	0.687508791771322	0.37	0.048	0
0	1.28899014138531	0.997	0.91	0
0	-0.829642743740475	0.998	0.997	0
0	1.13702393016493	0.52	0.046	0
0	1.45152973001186	0.533	0.059	0
0	2.14875231044299	0.914	0.491	0
0	1.19285318851416	0.614	0.151	0
0	1.4684067345419	0.832	0.345	0
0	1.20920532120304	0.533	0.008	0
0	1.10135397970658	0.579	0.165	0
0	1.29810803693627	0.423	0.046	0
0	-1.65136806451494	0.603	0.887	0
0	1.50046607944435	0.991	0.755	0
0	0.55752364499818	0.353	0.048	0
0	1.68165313788239	0.926	0.452	0
0	1.14333505072345	0.5	0.072	0
0	1.42804870950189	0.852	0.414	0
0	0.837317686465609	0.337	0.018	0
0	0.584104001123198	0.254	0.017	0
0	1.05553437550786	0.924	0.499	0
0	1.28021488005693	0.602	0.027	0
0	2.23510743824117	0.907	0.288	0
0	1.09644298637928	0.384	0.013	0
0	1.80881047521804	0.931	0.44	0
0	1.74013577258977	0.845	0.257	0
0	-1.72427513936248	0.754	0.965	0
0	1.24706717836842	0.565	0.067	0
0	1.46948834285071	0.574	0.085	0
0	1.2792355648058	0.76	0.286	0
0	1.24883368351466	0.816	0.307	0
0	1.28622614787368	0.555	0.074	0
0	1.17239254523878	0.471	0.049	0
0	1.75698727530587	0.897	0.302	0
0	2.89402775536177	0.94	0.069	0
0	1.93251327347447	0.928	0.394	0
0	1.83261602732728	0.714	0.057	0
0	-0.900891095860366	0.996	0.996	0
0	2.56606635777288	0.426	0.015	0
0	1.02054634988569	0.995	0.937	0
0	2.96989831894648	0.76	0.056	0
0	1.22208492892028	0.611	0.144	0
0	1.16599718665338	0.966	0.724	0
0	0.57292986071811	0.364	0.049	0
0	0.723982181286743	0.337	0.046	0
0	1.1719465416263	0.718	0.179	0
0	1.11474238851514	0.678	0.116	0
0	0.722187852516494	0.374	0.035	0
0	2.02000391093452	0.983	0.743	0
0	1.61079199577098	0.981	0.665	0
0	1.26492132211802	0.83	0.308	0
0	0.504837453957694	0.257	0.014	0
0	1.82263308509256	0.983	0.647	0
0	1.03622931010821	0.997	0.924	0
0	2.1486020617665	0.948	0.388	0
0	0.772668015189224	0.539	0.118	0
0	1.21717637520663	0.491	0.056	0
0	1.26810085195532	0.604	0.14	0
0	1.38347971707279	0.972	0.648	0
0	1.18047850858069	0.996	0.932	0
0	0.917808179845392	0.359	0.041	0
0	1.44352460867816	0.628	0.042	0
0	1.77602695097617	0.903	0.518	0
0	0.994347300313746	0.573	0.128	0
0	1.32617770860047	0.494	0.008	0
0	-0.732321790498763	0.999	0.997	0
0	1.70619834514879	0.958	0.593	0
0	0.394820612710263	0.207	0.003	0
0	0.345620562286371	0.204	0.006	0
0	3.44625198090794	0.598	0.133	0
0	1.33600459948802	0.244	0.001	0
0	2.36836462416035	0.375	0.003	0
0	1.51849106550733	0.687	0.112	0
0	1.19987948528412	0.755	0.289	0
0	0.512983348215661	0.281	0.025	0
0	1.12751903759744	0.467	0.025	0
0	1.23431430730364	0.781	0.314	0
0	1.12752768122925	0.91	0.539	0
0	0.902664873879922	0.657	0.201	0
0	1.11364258774326	0.557	0.142	0
0	1.45985870443155	0.912	0.359	0
0	0.581572530770962	0.318	0.021	0
0	1.60001291586045	0.812	0.37	0
0	1.1136567488133	0.474	0.071	0
0	1.01200838493618	0.829	0.394	0
0	0.787760493631344	0.525	0.108	0
0	1.02464103601594	0.62	0.112	0
0	1.49381642698157	0.599	0.087	0
0	1.54317549492323	0.79	0.175	0
0	1.55146275070095	0.73	0.13	0
0	1.33516245325335	0.898	0.471	0
0	0.874096237830843	0.457	0.041	0
0	1.76201069134637	0.687	0.119	0
0	1.25820199490794	0.573	0.117	0
0	1.25550389233036	0.467	0.027	0
0	1.59097772821144	0.714	0.209	0
0	-2.18502404271773	0.311	0.835	0
0	1.248328866194	0.949	0.574	0
0	1.23810274448166	0.446	0.007	0
0	1.53045285359137	0.736	0.097	0
0	1.79684505745479	0.759	0.042	0
0	0.630531900661641	0.2	0.005	0
0	1.80710885583435	0.939	0.578	0
0	-1.8215301046485	0.983	0.998	0
0	1.46906358091475	0.9	0.367	0
0	1.52345122346836	0.868	0.301	0
0	0.796397609472818	0.421	0.065	0
0	1.05107375999075	0.491	0.072	0
0	-1.55504402910062	1	1	0
0	-1.59362359107599	0.987	0.999	0
0	1.41637593791948	0.812	0.311	0
0	1.92438330410932	0.812	0.211	0
0	0.374787858474769	0.194	0.004	0
0	0.993962149006856	0.993	0.909	0
0	0.730572498099266	0.383	0.057	0
0	1.16302150348105	0.686	0.201	0
0	0.949824298673784	0.649	0.199	0
0	1.26248643280967	0.995	0.862	0
0	-2.73967031217843	0.058	0.797	0
0	0.872800098882402	0.434	0.013	0
0	1.17258009333538	0.662	0.196	0
0	2.2257488093126	0.917	0.284	0
0	0.901155550716031	0.608	0.157	0
9.16805662937231e-308	-1.700094621877	0.08	0.635	2.95990708279285e-303
4.53203771551525e-305	1.03558480945026	0.695	0.262	1.4631683764541e-300
1.3813299407829e-304	0.974713446866413	0.727	0.262	4.45962371381758e-300
5.30282875208603e-304	0.51307117900365	1	0.999	1.71201826261097e-299
6.08188335545006e-303	0.649139906284945	0.355	0.055	1.96353604130705e-298
7.15035971487462e-303	1.16952008978237	0.932	0.533	2.30849363394727e-298
9.65894618709771e-302	1.0366740225301	0.989	0.885	3.1183907765045e-297
1.79668067154048e-300	1.13514237121405	0.938	0.626	5.80058354806844e-296
3.08802564759164e-300	0.415401377842199	0.215	0.013	9.96969080324962e-296
6.24753732735438e-299	1.59837241625284	0.702	0.267	2.01701742613636e-294
1.89284776403853e-298	0.956070219163916	0.977	0.843	6.11105900619841e-294
1.24672368148029e-297	-2.84941532424518	0.072	0.605	4.02504740565913e-293
1.49671082723742e-295	1.114888336104	0.909	0.581	4.832130905736e-291
2.32376637262496e-293	1.02627670641838	0.677	0.244	7.50227973401967e-289
2.33322937032175e-293	0.989756113114537	0.781	0.341	7.53283102208378e-289
2.05423479572383e-288	0.2788853865652	0.166	0.005	6.63209703799438e-284
9.23865617759725e-288	1.33407304701335	0.859	0.511	2.98270014693727e-283
2.07160227786089e-287	-0.628617860049282	0.999	0.996	6.68816795407387e-283
2.89873598019633e-287	-2.07024624696266	0.139	0.632	9.35856911206384e-283
5.60263892067323e-286	0.925042812366273	0.511	0.132	1.80881197553935e-281
7.525977279762e-285	0.891859947655842	0.983	0.849	2.42976176477116e-280
4.22707757299752e-283	-0.664683780524063	0.998	0.997	1.36471199444225e-278
1.02951544095258e-279	1.05619502504411	0.87	0.531	3.32379060111542e-275
2.35930228947228e-275	1.03645146719096	0.736	0.32	7.61700744156126e-271
3.77774043656338e-274	1.07515695179961	0.76	0.355	1.21964349994449e-269
1.41624337539347e-272	0.716470182149198	0.549	0.156	4.57234173745782e-268
3.99030102183169e-272	0.960515205051803	0.736	0.314	1.28826868489836e-267
7.97247752694081e-272	0.818264304633057	0.573	0.175	2.57391436957284e-267
1.18954126680951e-271	0.369049155367128	0.249	0.025	3.8404339798945e-267
1.91641824185099e-269	0.559730368961583	0.268	0.032	6.18715629381591e-265
1.25501171857718e-268	-1.00460981938667	0.895	0.968	4.05180533342644e-264
1.96406569166441e-268	0.905173692984512	0.98	0.752	6.34098608553855e-264
1.10553151125915e-262	-0.556584851960826	1	0.998	3.56920848410016e-258
1.427569348237e-261	1.23751347624345	0.932	0.679	4.60890764078315e-257
3.0859119858366e-261	1.0713154378713	0.901	0.537	9.96286684627345e-257
1.0290273359887e-260	0.869702027716647	0.885	0.523	3.32221475423953e-256
2.78587448886542e-260	1.00286848752285	0.966	0.789	8.99419578730202e-256
3.05346601935569e-260	0.497445341882795	0.318	0.051	9.85811504348985e-256
4.01494499187348e-258	0.291254310514833	0.19	0.013	1.29622499062635e-253
2.30317872742167e-257	0.459657798584828	0.274	0.036	7.43581252148087e-253
2.86486857467564e-257	0.819187991418199	0.589	0.194	9.24922819334029e-253
8.50608905645325e-257	0.524381732189023	0.361	0.068	2.74619085187593e-252
1.83631748672017e-256	0.262900174333826	0.16	0.006	5.92855100587607e-252
6.52120676570016e-256	0.923565519268884	0.98	0.719	2.1053716043063e-251
2.62306120840515e-255	0.951133526633404	0.873	0.521	8.46855311133602e-251
5.88330037099504e-255	0.47467698218639	0.174	0.009	1.89942352477575e-250
6.07361010422065e-254	0.730616966343378	0.523	0.155	1.96086502214764e-249
1.45428176398592e-253	0.937583183486849	0.836	0.454	4.69514867502854e-249
2.03407102629645e-252	0.594975276003347	0.317	0.053	6.56699830839808e-248
2.64602101508587e-252	0.823032055004215	0.999	0.977	8.54267884720473e-248
3.65249668170754e-252	-1.53691321883959	0.07	0.564	1.17920855368928e-247
4.81312536034325e-252	0.921670180698867	0.72	0.313	1.55391752258682e-247
2.64730655990663e-251	0.856616613544429	0.421	0.098	8.54682922865854e-247
2.81872231623203e-249	0.832554435222463	0.529	0.157	9.1002449979551e-245
4.88181415852317e-249	1.13607483114102	0.455	0.126	1.5760937010792e-244
3.20453963384821e-247	1.05742469558679	0.503	0.154	1.03458562078790e-242
4.39593878610666e-247	0.494527547481734	0.144	0.004	1.41922883709454e-242
2.9085244573987e-245	0.373411913273019	0.219	0.022	9.39017121071171e-241
1.02160764324312e-244	0.674616899003095	0.995	0.966	3.29826027621042e-240
3.28837751880237e-244	0.605118713018232	0.372	0.079	1.06165268194535e-239
3.48147714354724e-244	0.306787751575456	0.18	0.012	1.12399489579423e-239
1.88918269516774e-243	1.39881058757942	0.685	0.291	6.09922633134904e-239
9.156555319281e-243	-1.34934046598092	0.068	0.545	2.95619388482987e-238
1.23986399375435e-242	1.19076381950656	0.87	0.539	4.00290090383593e-238
2.76928366866968e-242	0.959022600497825	0.934	0.648	8.94063232430007e-238
3.3431255624463e-241	-0.613285837141355	0.993	0.993	1.07932808783579e-236
1.34852156717062e-240	0.991017446681084	0.378	0.082	4.35370187961034e-236
2.80992497454943e-240	0.844795465669962	0.78	0.402	9.07184278033285e-236
3.20072360303656e-240	0.37485478744511	0.279	0.041	1.03335361524035e-235
6.78969699681304e-240	0.93706252082271	0.869	0.5	2.19205367542109e-235
1.75075433416021e-239	0.300287765589917	0.159	0.008	5.65231036783625e-235
2.7456552635491e-239	0.89496088847436	0.808	0.423	8.86434801836827e-235
3.88337893840293e-238	1.06183989267658	0.783	0.388	1.25374889026339e-233
5.34473982229376e-238	0.747976884518644	0.469	0.134	1.72554925162754e-233
1.22197227496774e-237	1.0335656932865	0.744	0.367	3.94513748973335e-233
2.38912868281381e-237	-1.42694878174126	0.241	0.682	7.71330195246439e-233
2.88434352024195e-236	-1.33672810036089	0.871	0.942	9.31210305510112e-232
1.82271810661187e-235	0.444120470589099	0.245	0.031	5.88464540719644e-231
5.62891912388134e-235	0.601323945561918	0.213	0.021	1.81729653914509e-230
1.07573827319406e-234	0.476533363236995	0.322	0.057	3.47302101500704e-230
1.23367577286904e-234	0.321100171202935	0.156	0.008	3.9829222327077e-230
1.86330034731876e-234	0.39569402090589	0.176	0.012	6.01566517131861e-230
5.57745262241109e-234	-0.655287915836143	0.999	0.997	1.80068057914542e-229
8.8488675649925e-234	0.880732715559856	0.618	0.236	2.85685689335783e-229
5.25540922842114e-232	-1.44924311648607	0.362	0.733	1.69670886939576e-227
1.91988070301759e-231	0.504731432020372	0.362	0.074	6.1983348496923e-227
3.19319507428571e-230	1.04817173498281	0.641	0.277	1.03092302973314e-225
1.24249611835938e-229	1.71439550286131	0.321	0.062	4.01139871812326e-225
1.52754218881037e-229	-1.17144100583145	0.661	0.859	4.93166995657428e-225
5.70281135399367e-229	0.836082400696855	0.904	0.59	1.84115264563686e-224
3.51037298036312e-228	-1.32055061820096	0.148	0.616	1.13332391671023e-223
1.23413273114382e-227	0.821192649563559	0.633	0.252	3.98439752249782e-223
1.56412015639484e-227	0.808595578881685	0.368	0.083	5.04976192492075e-223
4.8440920445505e-227	0.809859253660308	0.96	0.752	1.56391511658313e-222
9.21677325187199e-227	1.25380561858027	0.704	0.33	2.97563524436687e-222
1.19831403948903e-225	0.876363779312908	0.928	0.655	3.86875687649034e-221
1.69662107944053e-225	0.522331190844315	0.343	0.071	5.47754115497376e-221
6.07346317798677e-224	0.583485189616311	0.389	0.09	1.96081758701303e-219
2.82242318550582e-223	1.15680251602424	0.948	0.778	9.11219325440555e-219
9.14030951485729e-223	1.21379274566958	0.858	0.566	2.95094892687168e-218
9.40393142787082e-223	0.683070107190456	0.456	0.128	3.03605926148809e-218
9.26718117814463e-222	-0.564371820548889	1	0.999	2.99190944336399e-217
1.3843599795833e-221	0.516244590365476	0.272	0.043	4.4694061940847e-217
5.77271391091139e-221	-1.43812830061653	0.241	0.651	1.86372068613774e-216
2.84972144028311e-220	-1.34337897237796	0.372	0.737	9.20032566995402e-216
2.66440588381924e-217	1.07010267497078	0.895	0.629	8.60203439591042e-213
3.04877963868025e-217	0.911940176782982	0.668	0.294	9.8429850634792e-213
5.0238160496968e-217	0.319322032167543	0.211	0.024	1.62193901164461e-212
1.2429366918711e-216	0.789188646927367	0.973	0.782	4.01282110970584e-212
2.00266590653326e-216	0.865444195277697	0.799	0.416	6.46560687924263e-212
3.2178277871443e-215	0.893019620855847	0.958	0.824	1.03887570107954e-210
1.39469841461663e-214	0.394432167922218	0.209	0.023	4.50278383158979e-210
1.94720494853971e-214	0.511495441940114	0.337	0.071	6.28655117636046e-210
4.08249281422064e-214	0.790223029445401	0.643	0.26	1.31803280507113e-209
4.41966242655284e-214	0.754303339570636	0.714	0.335	1.42688801441259e-209
5.45096960149602e-213	0.673645299796267	0.991	0.933	1.75984553584299e-208
3.72031130735116e-212	0.65729316478799	0.621	0.234	1.20110250557832e-207
5.32790963364526e-212	-0.705429731110008	0.997	0.996	1.72011562522237e-207
1.32866637509171e-210	0.677087212428662	0.985	0.888	4.28959939198358e-206
1.41011108181543e-210	0.728407480275074	0.93	0.686	4.55254362764111e-206
5.78227148785572e-210	0.70210919662944	0.966	0.816	1.86680634985422e-205
2.47022968419943e-209	0.967224782428013	0.911	0.654	7.97513653543785e-205
2.28910144662522e-208	0.842527577530876	0.763	0.352	7.39036402042951e-204
2.6116214017949e-208	0.569200433803924	0.474	0.14	8.43161969569485e-204
9.33774778239308e-208	0.818857487609239	0.816	0.436	3.01469187154561e-203
1.12949617037111e-206	0.854760077173838	0.884	0.457	3.64657838604312e-202
1.13603672586281e-206	0.917087424465349	0.574	0.222	3.66769456944809e-202
1.28595291904466e-206	0.572728185824127	0.432	0.117	4.15169899913567e-202
2.56879283364299e-206	0.957110258264297	0.876	0.568	8.29334766341638e-202
2.60670278297047e-206	0.89564798818213	0.885	0.575	8.41573993482016e-202
2.88298615710595e-206	0.837699974746381	0.427	0.125	9.30772080821655e-202
2.893881933318e-206	0.359257499017159	0.199	0.022	9.34289782171715e-202
8.36312506587944e-206	0.761771419941664	0.549	0.202	2.70003492751918e-201
2.28188132417271e-205	0.84335031430144	0.917	0.597	7.3670538550916e-201
7.14868474902744e-205	0.771558354704176	0.942	0.688	2.30795287122351e-200
1.03090410145521e-204	0.789003896143356	0.744	0.364	3.32827389154814e-200
4.15116321399298e-202	-0.571421518512467	0.996	0.992	1.34020304363763e-197
4.33824718144362e-200	0.861501636484275	0.684	0.313	1.40060310252907e-195
1.00532026758286e-198	0.960746310385685	0.903	0.637	3.24567648389128e-194
1.25559572466937e-198	0.288871612722225	0.211	0.026	4.05369079709505e-194
1.17720829550196e-197	0.31669501674815	0.162	0.013	3.80061698202808e-193
2.22149546583327e-197	0.315524948791157	0.149	0.01	7.17209811144272e-193
4.68438458580133e-197	0.555420803742425	0.323	0.073	1.51235356352596e-192
4.7608924209382e-197	-1.05631912002961	0.588	0.805	1.5370541180999e-192
7.4653718549655e-197	0.747136873895802	0.38	0.101	2.41019530337561e-192
1.37927823034124e-196	0.95288715623365	0.69	0.327	4.45299976665669e-192
2.69698629327606e-196	0.694153602355123	0.498	0.168	8.70722024784177e-192
3.07257241749439e-195	0.645815565616293	0.667	0.293	9.91980004988065e-191
1.75430188588913e-194	0.806940215423497	0.782	0.417	5.66376363859306e-190
2.23554748071254e-194	-0.55116859761209	0.997	0.993	7.21746504148043e-190
1.41155752451895e-193	-1.31206284637084	0.533	0.782	4.55721346790942e-189
1.05170628931277e-192	1.08868988477701	0.837	0.559	3.39543375504627e-188
2.80094613333932e-192	0.920004167340489	0.814	0.503	9.042854591486e-188
3.21446769612842e-192	0.830289229875511	0.806	0.462	1.03779089569506e-187
3.27758346928429e-192	0.811964298498431	0.961	0.79	1.05816782305843e-187
3.50961680435403e-192	0.791921642279523	0.636	0.281	1.1330797852857e-187
1.5224261156104e-191	0.704795062992163	0.653	0.269	4.91515271424817e-187
5.25637912350374e-191	0.773736864547036	0.836	0.471	1.69702200002318e-186
7.44369661124573e-191	0.713449872522348	0.678	0.31	2.40319745094068e-186
4.63496417055553e-190	-1.02892529096021	0.785	0.922	1.49639818246385e-185
2.18399414798579e-189	0.762375670830087	0.718	0.36	7.05102510677213e-185
8.4429693059345e-189	0.638679456068716	0.641	0.283	2.72581264042095e-184
1.60987190514996e-188	0.802798647066104	0.736	0.391	5.19747144577664e-184
2.69219024071783e-188	0.796128060071181	0.777	0.443	8.69173619215753e-184
3.40843226823605e-188	1.00399428179623	0.759	0.435	1.10041235780001e-183
1.75521035013594e-187	0.494679314379892	0.343	0.084	5.66669661541388e-183
1.76133665302422e-187	1.11832812485066	0.776	0.448	5.68647538428868e-183
2.30650536230997e-187	0.848641860473627	0.883	0.625	7.44655256221774e-183
5.65608924379898e-187	-1.83867486003666	0.14	0.533	1.8260684123605e-182
1.59064401163922e-185	0.543542888593985	0.457	0.144	5.13539419157723e-181
1.75442009629554e-185	0.464681433273563	0.365	0.095	5.66414528089017e-181
8.27936228809222e-185	0.530362955011501	0.443	0.14	2.67299211471057e-180
1.20840426429083e-184	0.527046601103628	0.495	0.164	3.90133316726296e-180
4.16938638381006e-184	0.409624986261293	0.277	0.054	1.34608639401308e-179
1.5974903353514e-183	0.300554767765326	0.109	0.004	5.15749754768198e-179
1.61646321054164e-183	0.794333522644227	0.623	0.273	5.21875147523368e-179
2.32608469953825e-183	-1.16945916299066	0.096	0.491	7.50976445245925e-179
2.84507934596459e-183	0.596435125882677	0.985	0.899	9.18533866844666e-179
5.38377961263624e-183	0.623453768802578	0.674	0.311	1.73815324793961e-178
5.9743990449588e-183	0.844266329341199	0.828	0.519	1.92883473166495e-178
8.80251635328455e-183	0.803261048690114	0.681	0.325	2.84189240465792e-178
1.26742971940685e-182	0.95474797445879	0.823	0.52	4.09189684910502e-178
2.36101567008126e-182	1.04119955821166	0.923	0.75	7.62253909085735e-178
6.93490640011188e-182	0.593822459179422	0.286	0.059	2.23893453127612e-177
7.64246547056052e-182	0.465249472584208	0.368	0.1	2.46736997717046e-177
9.95891444757101e-182	0.854711321280421	0.92	0.708	3.2152355293983e-177
1.20525926042174e-180	0.699135206949835	0.743	0.393	3.89117952227157e-176
2.99059683538411e-180	-0.841519742777963	0.963	0.987	9.65514188303758e-176
2.26499369530556e-179	0.676701076434665	0.938	0.713	7.31253214529401e-175
1.96305843685429e-178	1.15045835189415	0.722	0.407	6.33773416338406e-174
3.06763596222296e-177	0.393092400310356	0.319	0.073	9.90386270403684e-173
1.00741499432932e-176	1.12630071646622	0.324	0.081	3.25243930919221e-172
3.18954200757192e-176	0.658244442181617	0.94	0.711	1.02974363714459e-171
4.79870813872428e-176	0.743774148132626	0.875	0.593	1.54926292258714e-171
2.31612782055603e-175	-1.09325237352109	0.044	0.428	7.47761866866514e-171
3.40235047912639e-175	0.437254824121015	0.299	0.068	1.09844885218596e-170
7.42255972117599e-175	0.939168909399366	0.301	0.072	2.39637340598167e-170
2.3465241109852e-174	0.836516141266475	0.502	0.185	7.57575309231572e-170
8.94468928865143e-174	-0.928974693201741	0.829	0.882	2.88779293684111e-169
9.62972907596853e-174	0.400533528774725	0.232	0.04	3.10895803217644e-169
2.04440412434142e-173	0.335481874296278	0.181	0.023	6.60035871543626e-169
4.39709192014166e-172	0.50022028494561	0.432	0.133	1.41960112641774e-167
5.41002666355173e-172	-0.599347497382939	0.984	0.979	1.74662710832768e-167
6.71728768349906e-172	0.833989432734425	0.729	0.405	2.16867632861767e-167
7.56831959445916e-172	0.912212170506005	0.76	0.441	2.44343198107114e-167
8.95639132728124e-172	0.715276555261753	0.946	0.719	2.89157094001275e-167
2.50439691659694e-171	-0.678880098954566	0.954	0.959	8.08544544523321e-167
4.55564189315684e-171	0.67503317034674	0.538	0.215	1.47078898520568e-166
4.95155266184405e-171	0.621523593216335	0.361	0.099	1.59860877687635e-166
1.47758115332991e-170	0.753783063626879	0.767	0.439	4.7703707535256e-166
3.84586719965522e-170	0.28232486433223	0.164	0.018	1.24163822540869e-165
7.2424277585317e-170	-2.05179235555134	0.078	0.451	2.33821780184196e-165
1.11946160693431e-169	-1.65562749656719	0.294	0.622	3.61418179798743e-165
1.53070276789768e-169	-1.29920547963555	0.136	0.499	4.94187388615766e-165
1.53442138386952e-169	-0.450663287626481	0.997	0.996	4.95387943782273e-165
2.13098550533997e-169	0.746210191409503	0.947	0.788	6.8798867039901e-165
2.54745396944122e-168	0.824790366147731	0.45	0.166	8.22445514034097e-164
7.48295161107201e-168	0.688123856642225	0.885	0.594	2.4158709276346e-163
8.42248815012014e-168	0.344938300098006	0.1	0.003	2.71920029926629e-163
1.22664653399571e-167	0.704875526364743	0.937	0.647	3.96022833500514e-163
1.47718621619263e-166	0.611681686061682	0.953	0.769	4.7690956989779e-162
1.24233705430708e-164	1.57458913655736	0.757	0.526	4.0108851798304e-160
4.56747531193277e-164	0.454043791150526	0.323	0.078	1.4746094044575e-159
2.57583211994155e-163	-1.40785338551266	0.327	0.647	8.31607399923128e-159
7.25720757896001e-163	0.661291937544713	0.715	0.371	2.34298946686724e-158
8.06111991520375e-163	0.67521491669376	0.865	0.559	2.60253256462353e-158
4.91793103764804e-162	-1.20217691324962	0.695	0.835	1.58775403550467e-157
1.16082228697466e-161	0.598203076229868	0.246	0.05	3.74771475349768e-157
1.79539898075385e-161	0.488859187829183	0.458	0.163	5.79644560936379e-157
2.73128429191001e-161	0.666531310196592	0.518	0.206	8.81795133643146e-157
6.50656809014749e-161	0.849561108257654	0.863	0.598	2.10064550790412e-156
1.0459062323823e-160	0.728859660984937	0.7	0.356	3.37670827124625e-156
3.81511737453246e-160	0.85800867633429	0.744	0.385	1.2317106443678e-155
4.98675055707969e-160	0.57155394168562	0.455	0.161	1.60997241735318e-155
5.40612508285434e-160	0.650555871520811	0.657	0.311	1.74536748299952e-155
1.54102694113811e-159	-0.697541646440602	0.966	0.961	4.9752054794644e-155
2.00389915970853e-159	-1.53551866904898	0.113	0.494	6.46958843711898e-155
2.73078483317754e-159	1.1397592262108	0.594	0.289	8.8163388339137e-155
5.62616859443746e-159	0.677770276752013	0.981	0.861	1.81640853071413e-154
6.02824783825579e-159	0.63218326086997	0.998	0.969	1.94621981458088e-154
6.05653610178465e-159	0.659237248002007	0.633	0.293	1.95535268046117e-154
6.02286808781733e-158	0.569327561866459	0.508	0.203	1.94448296215183e-153
1.87111306676513e-157	-0.455563348317548	0.997	0.997	6.04088853605123e-153
2.16841853764715e-157	-0.539565560044704	1	0.998	7.00073924879384e-153
5.15281143846413e-157	0.78241705326812	0.845	0.571	1.66358517290815e-152
1.17485304337885e-156	1.00552578308899	0.557	0.259	3.79301305054861e-152
1.49018840543204e-156	0.432558970775966	0.366	0.105	4.81107326693735e-152
8.04482369468398e-156	0.469939472089104	0.437	0.15	2.59727132982872e-151
1.36046142118877e-155	0.324025523046276	0.21	0.036	4.39224969830793e-151
2.5825327956588e-155	-0.443173497781602	0.999	0.996	8.33770713078444e-151
4.17941857602762e-155	-1.78891999731235	0.064	0.413	1.34932528727052e-150
5.53096640584659e-155	0.415933223593455	0.272	0.063	1.78567250412757e-150
1.2792245380355e-154	0.602521412917738	0.608	0.276	4.12997642104762e-150
5.35664681193303e-154	0.775895135602975	0.969	0.899	1.72939342323258e-149
5.7250882737489e-154	0.678371937982431	0.942	0.739	1.84834474917983e-149
6.69016912071414e-154	-0.904261167891784	0.516	0.744	2.15992110062256e-149
1.36972136820548e-153	-0.46187521006686	0.995	0.993	4.42214543725138e-149
1.47881505672447e-153	0.66008781653075	0.734	0.393	4.77435441063496e-149
1.78439936291299e-153	0.642622555226783	0.298	0.075	5.7609333431646e-149
4.16371000698332e-153	0.648130758345976	0.532	0.226	1.34425377575457e-148
4.27753921933268e-153	0.422017749574104	0.341	0.094	1.38100353696156e-148
5.29962354531721e-153	-0.412259675478164	1	0.996	1.71098346160566e-148
5.45192463104306e-153	0.623203620717703	0.997	0.96	1.76015386713225e-148
5.67520409618672e-153	0.631777847389576	0.991	0.919	1.83223964245388e-148
6.6404526441575e-153	-0.805086939623273	0.826	0.909	2.14387013616625e-148
6.78542307572776e-153	0.432586517186892	0.299	0.077	2.19067383999871e-148
1.2310145755213e-152	-1.11917793932313	0.247	0.576	3.97433055707052e-148
2.74978842207917e-152	-0.671330756159235	0.911	0.939	8.87769192068259e-148
3.62516290196189e-152	-0.362455314257462	0.999	0.998	1.1703838428984e-147
4.13050803217008e-152	0.571747482481659	0.549	0.213	1.33353451818611e-147
2.12395919309557e-151	0.611011968880995	0.981	0.845	6.85720225490906e-147
2.25816500384028e-151	0.60854287488167	0.479	0.184	7.29048571489833e-147
2.95787514001675e-151	0.722907420848761	0.788	0.456	9.54949988954407e-147
6.32787487363036e-151	0.410351687953258	0.235	0.048	2.04295440295156e-146
1.00709085555889e-150	0.720538562506495	0.85	0.553	3.25139282717188e-146
1.8867553896056e-150	-0.908339128569061	0.01	0.35	6.09138977534169e-146
2.00413868089814e-150	0.651235547160058	0.873	0.575	6.47036173127963e-146
2.84911759122468e-150	0.635379919106549	0.566	0.238	9.19837614326889e-146
3.54164090757718e-150	0.643455447273788	0.721	0.396	1.14341876701129e-145
8.94796900926248e-150	0.759243054614959	0.748	0.434	2.88885179464039e-145
1.90107917713692e-149	0.940332280183755	0.738	0.425	6.13763412338654e-145
1.94454215845166e-149	-0.830994528932314	0.806	0.891	6.27795435856119e-145
3.92350799971129e-149	0.3633232001984	0.143	0.015	1.26670455770679e-144
9.2086798444739e-149	0.637562380679384	0.738	0.411	2.9730222877884e-144
1.11105090501974e-148	0.403802206757059	0.337	0.096	3.58702784685622e-144
3.1938916763225e-148	0.706905297443545	0.973	0.766	1.03114792770072e-143
3.09131453732859e-147	0.688501353291003	0.93	0.76	9.98030898376534e-143
9.30564629322382e-147	-0.944340453403077	0.198	0.547	3.00432790576731e-142
1.70969147203969e-146	0.288342719640547	0.195	0.033	5.51973891748015e-142
4.8423235938813e-146	0.705273536428017	0.631	0.317	1.56334417228458e-141
5.86708635848349e-145	0.53014086461289	0.24	0.052	1.89418883083639e-140
2.85921868783585e-143	0.483334636325775	0.416	0.146	9.23098753367803e-139
1.43593087943306e-142	0.619680869352335	0.739	0.408	4.63590284424964e-138
8.12553304636137e-142	0.669483897498862	0.818	0.5	2.62332834401777e-137
8.91761877518936e-142	0.311906496762396	0.243	0.053	2.87905322156988e-137
1.21795115985886e-141	0.348037334985482	0.274	0.066	3.93215531960432e-137
1.68576869594308e-141	0.68027097278631	0.983	0.898	5.44250423485225e-137
3.84066816627999e-141	0.577274595468145	0.704	0.378	1.2399597174835e-136
1.10786545809119e-140	0.587677503913012	0.636	0.3	3.5767436314474e-136
1.24602072546397e-140	0.493381147185159	0.51	0.203	4.02277791216044e-136
5.52033893558454e-140	-1.02371857955879	0.085	0.42	1.78224142535347e-135
7.82091869608558e-140	0.447114162124554	0.994	0.953	2.52498360103123e-135
9.9687516499781e-140	0.563932328729361	0.418	0.144	3.21841147019543e-135
1.18585377164219e-139	0.587142851437249	0.98	0.825	3.82852890174681e-135
1.23155128122471e-139	-1.27545475940244	0.129	0.471	3.97606331143399e-135
3.48830875258142e-139	-1.05171403345199	0.302	0.602	1.12620048077091e-134
7.70525686406343e-139	0.647583334662777	0.753	0.448	2.48764217856288e-134
1.11969976755575e-138	-1.16516319091673	0.046	0.37	3.61495069955373e-134
1.47997824125023e-138	0.565622381742124	0.486	0.194	4.77810975187637e-134
3.27553271881213e-138	0.540450767352263	0.531	0.228	1.05750573826849e-133
3.3006783474261e-138	0.261525923996182	0.219	0.043	1.06562400446652e-133
4.03735141454388e-138	0.655371012256873	0.826	0.513	1.30345890418549e-133
1.42691576111861e-137	0.576752137154544	0.465	0.18	4.60679753477143e-133
2.6798727591908e-137	-0.888946699418194	0.483	0.713	8.6519692030475e-133
2.88990972245379e-137	0.330861303481047	0.279	0.069	9.33007353894205e-133
2.94036100752927e-137	0.569757304089936	0.755	0.427	9.49295551280824e-133
8.52662649352085e-137	-0.984596871172817	0.466	0.707	2.75282136343321e-132
9.47208132068615e-137	0.654701776328584	0.927	0.717	3.05806145438352e-132
1.45385989538577e-136	0.651210465325813	0.932	0.736	4.69378667225295e-132
1.75999134054354e-136	-0.864501336062696	0.679	0.86	5.68213204294481e-132
4.77191883806758e-136	0.26697552148726	0.168	0.026	1.54061399687012e-131
8.64298260789763e-136	0.640467469973703	0.619	0.305	2.79038693495975e-131
2.81047607485398e-135	0.597964391643252	0.915	0.719	9.07362200766607e-131
2.17514634513418e-134	0.579068607527313	0.543	0.239	7.02245997526569e-130
2.87676902855758e-134	0.524799162468783	0.95	0.772	9.28764880869816e-130
3.61402237710769e-134	0.617405638278541	0.706	0.379	1.16678712444922e-129
7.57873973591955e-134	0.557994516286134	0.578	0.259	2.44679612374163e-129
2.31819866221707e-133	0.972729421618227	0.602	0.316	7.48430438096782e-129
2.45457077395099e-133	-1.0062615249252	0.054	0.373	7.92458174370076e-129
3.57291705692631e-133	-1.06535991172381	0.28	0.573	1.15351627182866e-128
1.10873743213486e-132	-0.818691968693164	0.025	0.343	3.57955879964738e-128
1.49531882980529e-132	0.661821200577451	0.878	0.607	4.82763684202638e-128
1.99640645399995e-131	-0.556887561083284	0.979	0.966	6.44539823673885e-127
3.76275787975861e-131	0.515505405508132	0.975	0.849	1.21480638148007e-126
4.08113521688346e-131	0.661614547820892	0.761	0.476	1.31759450477083e-126
3.51606877857737e-130	0.761099970277345	0.449	0.177	1.1351628051637e-125
5.84969501162791e-130	0.686233881181687	0.685	0.386	1.88857403450407e-125
2.69265418629603e-129	-0.468972268263292	0.998	0.994	8.69323404045673e-125
3.43851534785555e-128	-0.402055209436359	1	0.999	1.11012468005516e-123
4.72789791458485e-128	0.482662747369052	0.471	0.192	1.52640184172372e-123
5.8340928172442e-128	0.633355483391665	0.948	0.788	1.88353686604729e-123
6.21388407608164e-128	0.708350972284175	0.882	0.662	2.00615247396296e-123
2.76426687584819e-127	0.635942651556894	0.467	0.191	8.92443560867588e-123
5.27278191248619e-127	0.374599048552101	0.213	0.046	1.70231764044617e-122
5.60921074850473e-127	0.497389648951071	0.388	0.139	1.81093369015475e-122
6.26511671886657e-127	-0.915166767871992	0.046	0.354	2.02269293268607e-122
6.77051241934576e-127	0.576969806269669	0.962	0.829	2.18585993458578e-122
7.04797850843954e-127	0.56320713304344	0.938	0.771	2.2754398614497e-122
4.20821156356734e-126	-0.500783787265978	0.987	0.98	1.35862110329772e-121
5.84178734986663e-126	0.80943421606588	0.794	0.53	1.88602104590444e-121
8.9382781863923e-126	0.34158340309256	0.272	0.07	2.88572311247675e-121
1.20401073119247e-125	-0.497464533205946	0.992	0.986	3.88714864565489e-121
1.30654218971373e-125	0.323284308078282	0.204	0.043	4.21817145949078e-121
1.52495054536862e-125	0.683750507500678	0.693	0.399	4.9233028357226e-121
1.54007166060228e-125	0.588378390593122	0.936	0.775	4.97212135625445e-121
1.83852995705008e-125	0.335379191237233	0.258	0.067	5.93569396633619e-121
1.88858227190013e-125	0.45746820635536	0.374	0.133	6.09728786482957e-121
5.30237546186356e-125	0.603806375183606	0.899	0.695	1.71187191786265e-120
5.52550886538344e-125	-0.921757276186547	0.019	0.319	1.78391053718904e-120
9.62785571502491e-125	0.472617343428296	0.997	0.956	3.10835321759579e-120
2.26142289695329e-124	0.509402756261985	0.99	0.891	7.30100382281369e-120
2.5835950048488e-124	0.804859865177966	0.904	0.762	8.34113647315436e-120
3.07315085239904e-124	0.510421728629473	0.691	0.372	9.92166752697029e-120
3.33798098839064e-124	-0.829512206707483	0.042	0.345	1.07766716210192e-119
5.43532458532547e-124	0.260365708580568	0.17	0.029	1.75479454237233e-119
6.31057620016097e-124	0.498916549877744	0.543	0.249	2.03736952622197e-119
1.30317946436574e-123	-0.349198820733878	1	0.997	4.20731490070479e-119
4.01228717456456e-123	0.285956364331842	0.194	0.038	1.29536691430817e-118
6.00326534965747e-123	0.555549825324651	0.541	0.255	1.93815421813691e-118
9.22358390779059e-123	-0.768858121917408	0.911	0.918	2.97783406463019e-118
4.65280577561305e-122	-1.204895108649	0.005	0.293	1.50215834465667e-117
5.04095660905523e-122	0.851125595358287	0.381	0.142	1.62747284123348e-117
5.13429750376763e-122	0.716285217737078	0.853	0.606	1.65760794909138e-117
7.68920590369678e-122	0.591329512481269	0.576	0.289	2.4824601260085e-117
1.58291206394722e-121	0.620644268514718	0.928	0.764	5.1104315984536e-117
1.89914929082135e-121	0.517321673816705	0.941	0.758	6.13140348541671e-117
2.42546923574151e-121	-0.575502410642026	0.926	0.925	7.83062742759145e-117
4.1969798377717e-121	0.338241596131305	0.351	0.12	1.35499494062459e-116
5.72470549489783e-121	-0.917946021244028	0.309	0.585	1.84822116902776e-116
8.60746111555577e-121	0.551334713601296	0.602	0.308	2.77891882115718e-116
9.46664790987214e-121	0.651740539162418	0.795	0.512	3.05630727770222e-116
1.08094293805863e-120	0.562187933904669	0.791	0.507	3.48982427552228e-116
1.53789856268892e-120	0.689376975662706	0.948	0.796	4.96510550964117e-116
2.21186948458338e-120	0.358525201033899	0.297	0.091	7.14102063097744e-116
2.54825564168984e-120	-1.24709987758879	0.074	0.368	8.22704333919566e-116
5.07232821384228e-120	0.407672980307121	0.165	0.029	1.63760116383898e-115
7.37118708914781e-120	-1.13679068704951	0.541	0.725	2.37978775173137e-115
1.60349895758348e-119	0.518218219760688	0.929	0.717	5.17689638455827e-115
2.5172251173457e-119	0.303471616731028	0.201	0.044	8.1268612913506e-115
3.66807303682286e-119	-0.332981561070103	0.999	0.997	1.18423737993826e-114
1.30802938277453e-118	-0.874236604737901	0.027	0.319	4.22297286228756e-114
1.58658247412197e-118	0.574712529423219	0.99	0.893	5.12228151770277e-114
1.79507091298532e-118	0.509264809714813	0.673	0.35	5.7953864425731e-114
2.13330179276779e-118	0.426162354602242	0.421	0.161	6.88736483795081e-114
5.91347569377081e-118	0.61857318286574	0.769	0.475	1.90916562773391e-113
1.85754253756977e-117	0.579128885361608	0.634	0.341	5.99707608254401e-113
2.77339925502482e-117	-0.805693056416972	0.063	0.36	8.95391949484764e-113
6.50731838789358e-117	0.5153583928471	0.567	0.274	2.10088774153144e-112
1.3383087749649e-116	0.707746942736453	0.718	0.414	4.32072987997418e-112
1.40674025715228e-116	0.328436920867585	0.258	0.07	4.54166092021612e-112
2.07845244564166e-116	0.28762052994699	0.165	0.029	6.7102837207541e-112
5.92918197774403e-116	0.445633308155629	0.531	0.245	1.91423640151466e-111
6.09495856244632e-116	0.428538783508343	0.254	0.068	1.96775737188579e-111
1.70680829451497e-115	0.726658021884967	0.902	0.743	5.51043057884159e-111
5.16533436665067e-115	-0.392653539303669	0.999	0.994	1.66762820027317e-110
9.87871883305259e-115	0.655131838741291	0.791	0.522	3.18934437525103e-110
1.08595155047507e-114	-0.38950094196112	0.999	0.998	3.50599458070875e-110
1.75750263594253e-114	0.614048362666879	0.962	0.745	5.67409726014047e-110
1.82954873404739e-114	0.675698787921262	0.73	0.45	5.90669808787199e-110
1.94292429196371e-114	0.54775929057268	0.93	0.732	6.27273107660484e-110
9.7548407773003e-114	0.444506789741471	0.36	0.128	3.1493503449514e-109
1.32695343638543e-113	0.581806145747266	0.893	0.656	4.28406916937038e-109
7.33516082567433e-113	0.447298128752743	0.505	0.233	2.36815667256896e-108
8.05886780722298e-113	0.41853661315788	0.989	0.937	2.60180547156194e-108
8.93358499048809e-113	0.596686904390554	0.147	0.024	2.88420791417908e-108
3.13235867963872e-112	0.52243128162929	0.601	0.297	1.01128199972136e-107
5.62409712742238e-112	-0.43631056338268	0.994	0.981	1.81573975758831e-107
6.99585597445366e-112	0.478371659960894	0.531	0.248	2.25861210135236e-107
8.09463666688119e-112	0.409577954235782	0.16	0.029	2.61335344790259e-107
1.05343286233851e-111	0.476782224502966	0.627	0.334	3.40100799605989e-107
2.2978039901988e-111	0.325712348034538	0.306	0.094	7.41846018235683e-107
6.12960303711128e-111	0.717714354184525	0.491	0.238	1.97894234053138e-106
1.64664572925806e-110	0.41321482089931	0.357	0.124	5.31619573690963e-106
2.12098016887473e-110	0.918400775943414	0.799	0.586	6.84758447521207e-106
4.37733205336927e-110	-0.778219289759778	0.007	0.273	1.41322165343027e-105
6.18703654597257e-110	0.684357266849987	0.46	0.207	1.99748474886724e-105
2.67306859494721e-109	0.302496887892364	0.193	0.044	8.63000195878707e-105
5.64399976666147e-109	0.604339344860105	0.779	0.501	1.82216532466665e-104
8.7470415031923e-109	0.262838901303586	0.111	0.013	2.82398234930564e-104
1.28027051718491e-108	0.280338709404309	0.22	0.056	4.13335336473147e-104
1.5697847571552e-108	0.548235194582899	0.641	0.355	5.06805008847558e-104
2.34215888772295e-108	0.533733899531498	0.891	0.662	7.56165996901354e-104
2.90481912907649e-108	0.342389703764434	0.409	0.156	9.37820855822343e-104
3.44085347216772e-108	0.310471126036651	0.156	0.029	1.11087954348935e-103
4.58943742321034e-108	-0.509196839248153	0.994	0.991	1.48169987208346e-103
5.29391193059068e-108	0.546032397418617	0.383	0.153	1.7091394667912e-103
7.75376450733832e-108	0.278855914765069	0.268	0.079	2.50330287119418e-103
1.41420380335385e-107	0.387516739398854	0.45	0.193	4.56575697912792e-103
4.28660344978893e-107	-1.21300934581583	0.084	0.367	1.38392992376436e-102
7.56771829381122e-107	-1.23432517604407	0.019	0.283	2.44323785115695e-102
8.58412767366933e-107	-0.708943272353297	0.609	0.757	2.77138561944414e-102
9.4336980827123e-107	-0.458187268277906	0.988	0.98	3.04566942600367e-102
9.72365672709051e-107	-0.402761374418187	0.995	0.982	3.13928257434117e-102
1.34575821192447e-106	0.318419894729955	0.243	0.067	4.34478038719817e-102
1.51647177358586e-106	0.511169481760544	0.67	0.381	4.89592912102194e-102
1.91552409532921e-106	0.674524411570427	0.818	0.583	6.18426954177034e-102
1.9495274455789e-106	-0.71505821256743	0.699	0.812	6.29404935805149e-102
2.30584437687978e-106	0.476852887509327	0.449	0.192	7.44441857075638e-102
2.87778890859683e-106	0.4919837832136	0.975	0.916	9.29094149140485e-102
3.37264607019479e-106	0.507839185464309	0.494	0.234	1.08885878376239e-101
6.18838419027677e-106	0.524247201567871	0.795	0.508	1.99791983583085e-101
7.99136908932443e-106	0.589519542816484	0.852	0.584	2.58001351048839e-101
1.56293752390887e-105	0.435681982823406	0.45	0.194	5.04594379593979e-101
2.84585384554777e-105	0.697274317076148	0.713	0.48	9.18783914035097e-101
2.86359180368923e-105	0.509027791316115	0.906	0.692	9.24510613821068e-101
4.04865203654593e-105	0.454716898084965	0.959	0.839	1.30710730999885e-100
5.13583296957225e-105	0.512765892926641	0.649	0.346	1.6581036742264e-100
5.29901213171216e-105	0.329069001029517	0.283	0.089	1.71078606672327e-100
1.45436489845201e-104	0.417931932833402	0.508	0.241	4.69541707465231e-100
1.57805638725408e-104	-0.766373363667774	0.237	0.509	5.09475504624979e-100
1.94556161285917e-104	-0.387496924147116	0.996	0.993	6.28124566711583e-100
3.93300167536019e-104	0.398881475621775	0.329	0.114	1.26976959089004e-99
1.17921370145374e-103	0.567420725003549	0.736	0.458	3.8070914351434e-99
4.06969083335237e-103	-0.919470332612588	0.58	0.762	1.31389968554781e-98
1.43177502476995e-102	0.4782949166224	0.985	0.926	4.62248566746979e-98
3.51421348390016e-102	-0.701299885058704	0.688	0.808	1.13456382327717e-97
4.96955094343583e-102	0.356488278801385	0.408	0.168	1.60441952208826e-97
6.6381556727409e-102	0.494896293604247	0.667	0.391	2.1431285589444e-97
8.21619951920655e-102	0.393962719384946	0.476	0.213	2.65260001477583e-97
1.27071787045929e-101	0.524847176366277	0.527	0.263	4.10251264477783e-97
3.29453489621937e-101	-0.407317867953347	0.994	0.99	1.06364059124442e-96
1.09899990851529e-100	0.47203035180693	0.431	0.186	3.54812120464161e-96
1.23762075726625e-100	0.277313126637931	0.133	0.022	3.99565861483408e-96
1.78846583815584e-100	0.662259402963899	0.141	0.025	5.77406195848611e-96
2.45251552256676e-100	0.255809759439765	0.209	0.054	7.91794636460677e-96
2.51609831893114e-100	0.518309688310482	0.765	0.479	8.12322342266917e-96
2.58813915750697e-100	-0.332887907671376	0.999	0.997	8.35580727001124e-96
3.48710452328281e-100	0.638576045336276	0.654	0.383	1.12581169534185e-95
3.67905050308955e-100	-0.735348030470063	0.097	0.371	1.18778145492246e-95
5.46586048989606e-100	0.542812572448465	0.722	0.447	1.76465305916294e-95
8.76200407287287e-100	0.358648433344496	0.29	0.099	2.828813014927e-95
5.40668848131955e-99	0.492836891764453	0.879	0.657	1.74554937619402e-94
7.78534251336716e-99	0.43849354898704	0.129	0.021	2.51349783044059e-94
8.32634359852824e-99	0.469652146856716	0.738	0.453	2.68816003078484e-94
2.98960758358816e-98	0.380114381110766	0.255	0.08	9.65194808361438e-94
3.00013614133213e-98	0.280273471928991	0.147	0.028	9.68593953229079e-94
3.14417690082418e-98	0.504826248648328	0.725	0.444	1.01509751243109e-93
4.18578472834193e-98	0.404819564164771	0.997	0.985	1.35138059954519e-93
2.07435205111556e-97	-0.730830683525625	0.009	0.251	6.69704559702657e-93
2.51320284988459e-97	0.570211787488202	0.87	0.67	8.11387540085241e-93
2.72716446725039e-97	0.489243741516407	0.816	0.572	8.80465048251789e-93
3.09549405566047e-97	0.60916940730964	0.693	0.436	9.99380255869984e-93
3.72575195469095e-97	0.388152518769163	0.999	0.993	1.20285901857197e-92
1.0740600128272e-96	0.402051569602065	0.494	0.233	3.46760275141263e-92
1.07450874509662e-96	0.612534917253333	0.783	0.536	3.46905148354445e-92
1.21476119462484e-96	-0.314010022035903	1	0.997	3.92185651684631e-92
1.81460983159028e-96	0.370091537430381	0.987	0.95	5.85846784128922e-92
2.57181751857254e-96	0.591212744370394	0.537	0.285	8.30311285871145e-92
7.28510662413477e-96	0.373635396011331	0.262	0.084	2.35199667360191e-91
8.77003229390596e-96	0.413114378396802	0.999	0.985	2.83140492608754e-91
1.14065162677987e-95	0.345397927920253	0.225	0.063	3.68259377705882e-91
7.52685207167991e-95	-0.30518937274785	0.999	0.996	2.43004419134186e-90
1.00296061084482e-94	0.535100190975777	0.915	0.739	3.23805833211252e-90
7.85695419310538e-94	-0.763935895567415	0.637	0.786	2.53661766124407e-89
1.09450692704069e-93	0.386991764673819	0.392	0.165	3.53361561395086e-89
3.64747867230766e-93	0.296523147934498	0.298	0.106	1.17758848935453e-88
4.36895317286206e-93	0.338306141596385	0.39	0.166	1.41051653185852e-88
4.70141662512237e-93	-0.581965420342784	0.957	0.956	1.51785235742076e-88
9.66326497964955e-93	0.469521033171583	0.5	0.246	3.11978509867986e-88
1.11635855162618e-92	0.596540018647628	0.73	0.455	3.60416358392511e-88
1.23122842332747e-92	-0.308835911126192	0.999	0.997	3.97502096471274e-88
1.29897499779046e-92	0.321769240408154	0.319	0.117	4.19374078036652e-88
1.96469798434181e-92	-0.870355970764315	0.188	0.439	6.34302744244754e-88
3.44964494162562e-92	0.309710458505426	0.335	0.127	1.11371786940383e-87
4.72456016041359e-92	0.389322058054162	0.319	0.123	1.52532424778953e-87
4.8504946519351e-92	-0.320931248092787	0.999	0.996	1.56598219837725e-87
9.51643539641559e-92	0.39099849935692	0.349	0.141	3.07238116773277e-87
1.91756710294131e-91	0.444603043329643	0.747	0.469	6.19086539184601e-87
2.2330806295574e-91	0.406439761282624	0.638	0.358	7.20950081252606e-87
5.89597607511345e-91	-0.782906920436374	0.054	0.299	1.90351587585038e-86
6.91695614029047e-91	0.474658613136154	0.938	0.757	2.23313928989278e-86
7.01342891666299e-91	0.453976204656218	0.94	0.78	2.26428552574465e-86
9.52571769532773e-91	0.574803027695986	0.491	0.245	3.07537795793656e-86
1.01296294996469e-90	0.364467372472767	1	1	3.27035088396101e-86
1.2360837758846e-90	0.459512634987956	0.712	0.428	3.99069647044342e-86
1.27328865863476e-90	0.605576967877434	0.479	0.24	4.11081243440233e-86
1.70323717632032e-90	0.454172583892147	0.793	0.514	5.49890122375016e-86
1.71502681050977e-90	0.467209072637221	0.781	0.493	5.53696405773079e-86
5.98420534525573e-90	-0.683138243671429	0.129	0.38	1.93200069571581e-85
8.86685499132191e-90	-0.402347266624036	0.998	0.989	2.86266413394828e-85
2.26705486544022e-89	-0.715887300625461	0.152	0.41	7.31918663307375e-85
2.3233984467248e-89	0.415054456961769	0.505	0.252	7.50109188525101e-85
3.63192330581067e-89	0.381513977886418	0.775	0.471	1.17256643928098e-84
5.09053958394521e-89	0.467272083500622	0.469	0.233	1.64348070467671e-84
5.42698977489861e-89	0.476649701515471	0.968	0.829	1.75210364882601e-84
6.24442137073052e-89	0.25573628833064	0.172	0.041	2.01601143954035e-84
7.20737746816058e-89	0.407016437373495	0.993	0.941	2.32690181559564e-84
8.5674078927673e-89	-0.315381455845054	0.999	0.997	2.76598763817992e-84
1.29442671595549e-88	0.43948658924416	0.917	0.743	4.1790566524623e-84
1.42600946777081e-88	0.503394862362404	0.606	0.342	4.60387156669806e-84
1.49299873810592e-88	-0.974191971546106	0.044	0.279	4.82014642597497e-84
2.22594468572121e-88	0.476302906780386	0.973	0.894	7.18646241785093e-84
4.98552153555331e-88	-0.885683244469669	0.47	0.682	1.60957562775339e-83
7.19049374685839e-88	0.365268549693214	0.435	0.199	2.32145090617323e-83
7.70709699343328e-88	-1.00773741092074	0.457	0.643	2.48823626432994e-83
1.54746490038824e-87	0.328846400441935	0.443	0.192	4.99599043090344e-83
1.77107404829662e-87	0.462798823052853	0.952	0.822	5.71791256492562e-83
1.90855954056793e-87	0.457027766076302	0.868	0.604	6.16178447672356e-83
1.92992154970739e-87	0.521403089986152	0.815	0.58	6.23075172323029e-83
2.29337906575404e-87	0.413821342680153	0.989	0.94	7.40417431378692e-83
3.84304747621502e-87	0.412969528201997	0.312	0.12	1.24072787769602e-82
4.76627715055906e-87	0.595876813388399	0.286	0.106	1.53879257805799e-82
1.30581040866568e-86	0.460034052761823	0.938	0.779	4.21580890437716e-82
1.38700096044881e-86	-0.900516999476364	0.034	0.262	4.47793260080898e-82
1.57661558409143e-86	0.358374282727157	0.337	0.135	5.0901034132392e-82
2.85926007995915e-86	0.270717156583113	0.244	0.079	9.23112116814811e-82
3.15692641143135e-86	0.299954463674203	0.229	0.072	1.01921369193061e-81
5.22803006659062e-86	0.561851742100832	0.927	0.797	1.68786950699878e-81
8.97897193461162e-86	0.414328748234736	0.725	0.455	2.89886108908936e-81
1.21970449787975e-85	-0.664422070746261	0.004	0.219	3.93781597140477e-81
1.51207220870714e-85	0.386302152631646	0.529	0.269	4.881725125811e-81
1.64737492460898e-85	-0.781748280541505	0.048	0.283	5.3185499441001e-81
1.74615547545921e-85	0.491188463644487	0.858	0.612	5.63746295252006e-81
2.04906582031085e-85	-0.549328757113411	0.785	0.819	6.61540900087359e-81
2.1078984499024e-85	-0.692855761837104	0.001	0.215	6.80535014550989e-81
3.56473248415171e-85	0.386970449204073	0.989	0.918	1.15087388250838e-80
6.82652644698909e-85	-0.818646981784207	0.419	0.657	2.20394406341043e-80
6.89336133737371e-85	-0.351884781749604	0.996	0.992	2.2255217077711e-80
6.91256550223557e-85	0.440098801714566	0.828	0.581	2.23172177239675e-80
6.98475987869602e-85	0.444651011993283	0.773	0.512	2.25502972683701e-80
9.97061482112756e-85	0.430745141362116	0.509	0.263	3.21901299500103e-80
1.52530746582284e-84	0.259688004389722	0.276	0.095	4.92445515340905e-80
2.24086616060371e-84	-1.62038263958051	0.143	0.374	7.23463639950909e-80
2.26244610410782e-84	-0.594933810391279	0.867	0.888	7.30430724711211e-80
3.58784046577636e-84	0.406526498900531	0.461	0.224	1.1583342943759e-79
5.01949232085133e-84	-0.73518724432276	0.121	0.365	1.62054309578685e-79
7.23406073752174e-84	0.392528555323319	0.6	0.338	2.33551650910890e-79
9.22354110125893e-84	-0.772637400827567	0.109	0.344	2.97782024454145e-79
9.67273666364162e-84	0.547309185671162	0.861	0.676	3.1228430318567e-79
1.43676280221518e-83	-0.749582569747055	0.199	0.433	4.63858870695171e-79
1.69625854287518e-83	0.43296253800371	0.307	0.119	5.47637070567252e-79
2.35744010382254e-83	-0.706095370172252	0.146	0.388	7.61099537519107e-79
4.39296755736898e-83	0.284743298459304	0.282	0.103	1.41826957589657e-78
4.75831295183226e-83	0.26938182411859	0.153	0.035	1.53622133649905e-78
5.38233526105766e-83	0.313079196858069	0.995	0.973	1.73768693903247e-78
6.22939701646527e-83	0.612777612479609	0.962	0.867	2.01116082676581e-78
6.63282736050339e-83	0.388237575709484	0.973	0.885	2.14140831333852e-78
8.36776985334183e-83	0.579104473605461	0.647	0.383	2.70153449715141e-78
8.49077377920859e-83	0.338823132805548	0.322	0.129	2.74124631461749e-78
8.94916847332434e-83	0.49157692545444	0.667	0.408	2.88923904161276e-78
1.12940711812116e-82	0.380699035453589	0.993	0.956	3.64629088085417e-78
3.55024351005254e-82	0.475624009713901	0.596	0.339	1.14619611722046e-77
5.09364465227081e-82	0.37747357214412	0.512	0.266	1.64448317598563e-77
5.66041430263584e-82	0.397214375751378	0.39	0.181	1.82746475760598e-77
8.12824366967709e-82	-0.781579291824775	0.08	0.313	2.62420346875525e-77
1.00018012923725e-81	-0.656124452652567	0.034	0.254	3.22908154724246e-77
2.13666260399742e-81	-0.723813313767335	0.046	0.269	6.89821521700567e-77
2.33969133247348e-81	0.416344311992079	0.685	0.421	7.55369346689062e-77
2.50946891195937e-81	0.309905007438718	0.39	0.173	8.10182038226082e-77
2.83214953392347e-81	0.345755143041024	0.456	0.223	9.14359477027191e-77
6.16214765888731e-81	0.37268077597056	0.314	0.123	1.98944937167177e-76
7.69272790205538e-81	0.44375274585404	0.934	0.792	2.48359720317858e-76
9.26235113421153e-81	0.486419289844751	0.773	0.525	2.99035006368019e-76
9.51160194586921e-81	0.419416956082029	0.915	0.734	3.07082068822388e-76
1.01280669957982e-80	-0.581314013014988	0.064	0.295	3.26984642959344e-76
1.62236693257668e-80	-1.06207369214505	0.034	0.255	5.2378116418238e-76
2.426721692238e-80	0.519553333512447	0.416	0.198	7.83467098339039e-76
3.26905795231747e-80	-0.914510854756038	0.976	0.976	1.0554153599057e-75
1.43017738634703e-79	0.407847218376386	0.551	0.297	4.61732769182139e-75
1.62190444602293e-79	0.434110526634544	0.762	0.507	5.23631850398504e-75
1.86480473556213e-79	0.37138392361248	0.388	0.178	6.02052208876232e-75
2.5252257380581e-79	0.435244119639831	0.764	0.487	8.15269129532057e-75
3.11025048725018e-79	0.396149623059469	0.959	0.822	1.00414436980872e-74
1.35467417189714e-78	0.526456267826603	0.647	0.4	4.37356556396992e-74
3.5483584239795e-78	0.517528141159814	0.765	0.517	1.14558751718178e-73
4.02280256848847e-78	0.414437871709813	0.598	0.342	1.2987618092365e-73
4.97127433149954e-78	0.416620028283219	0.625	0.371	1.60497591792463e-73
7.81502175612748e-78	0.37373818306248	0.477	0.249	2.52307977396576e-73
1.16370497888383e-77	0.498516829727806	0.863	0.655	3.75702152432644e-73
1.18264972731098e-77	0.530661727803351	0.535	0.299	3.81818464462349e-73
1.60071018928094e-77	-0.404576078618293	0.975	0.961	5.1678928460935e-73
2.23188729357704e-77	0.634274612737522	0.758	0.532	7.20564812731348e-73
2.36005868317922e-77	0.267232554272003	0.125	0.025	7.61944945864412e-73
2.99097774008089e-77	0.452594175750512	0.666	0.414	9.65637163385115e-73
4.90999664758109e-77	0.388075248085919	0.603	0.353	1.58519241767156e-72
7.32179462173761e-77	0.448652234944618	0.854	0.651	2.36384139362799e-72
7.61797557775949e-77	0.46805348005749	0.799	0.537	2.45946341527965e-72
9.73442949068329e-77	-0.6417792040077	0.239	0.465	3.1427605610671e-72
1.81394292765074e-76	0.39763440991432	0.95	0.783	5.85631474192042e-72
2.20856456229275e-76	0.459650137822619	0.455	0.234	7.13035068936216e-72
2.23389676951343e-76	0.655419075419734	0.646	0.41	7.21213572037409e-72
2.57382455966061e-76	0.603342849890752	0.363	0.165	8.30959259086429e-72
2.86767172698999e-76	0.41807077521954	0.592	0.345	9.25827817058718e-72
3.6628957604563e-76	-0.347518779035334	0.997	0.988	1.18256589626332e-71
9.45537394805036e-76	0.500200911797348	0.416	0.204	3.05266747912806e-71
9.81824751003931e-76	0.393248003170593	0.473	0.242	3.16982120861619e-71
1.10928219318165e-75	0.359309982919526	0.608	0.347	3.58131756068694e-71
1.21228987431206e-75	0.372064701027121	0.988	0.953	3.91387785921649e-71
1.34259577538356e-75	-0.504391973839231	0.011	0.21	4.33457046082583e-71
1.74471768883944e-75	-0.708923885175748	0.087	0.312	5.63282105841814e-71
2.00046593660276e-75	0.403532749412878	0.567	0.311	6.458504276322e-71
2.15087966939106e-75	-0.325660595414282	0.999	0.997	6.94411501262903e-71
3.20462366385684e-75	-0.817125529345768	0.283	0.501	1.03461274987618e-70
3.36638360870184e-75	0.363410648418067	0.557	0.301	1.08683694806939e-70
3.41978362600498e-75	0.285898910400999	0.34	0.145	1.10407714365571e-70
5.36457788938292e-75	0.361847874554642	0.463	0.237	1.73195397158728e-70
6.24433913558305e-75	0.319154418451483	0.381	0.172	2.01598488992299e-70
6.3963426761109e-75	0.307939455801409	0.446	0.216	2.0650592329824e-70
6.62728498640785e-75	0.341081058556806	0.516	0.269	2.13961895786178e-70
7.74224395447526e-75	0.40359762778413	0.398	0.189	2.49958346070234e-70
1.00713291558879e-74	-0.715916322716942	0.408	0.592	3.25152861797841e-70
1.0632638322713e-74	-0.825349239160062	0.331	0.499	3.43274728248789e-70
1.07853204921309e-74	-0.799782316909812	0.766	0.787	3.48204072088445e-70
1.26567419176031e-74	-0.320541617672791	0.998	0.987	4.08622912809818e-70
1.88646206494081e-74	0.422190662398709	0.943	0.776	6.0904427766614e-70
3.45867553363659e-74	-0.529110356824403	0.782	0.842	1.11663339603457e-69
4.5198629658474e-74	0.473494566849121	0.621	0.385	1.45923775852383e-69
7.41949969396654e-74	0.386120874709152	0.581	0.339	2.3953854761971e-69
9.41584216840334e-74	0.506581956627409	0.667	0.429	3.03990464406902e-69
1.02345156169138e-73	0.460273786386993	0.33	0.143	3.3042133669206e-69
1.40467169674239e-73	-0.744415077129594	0.241	0.467	4.5349825729328e-69
3.23960901940115e-73	0.392834601691278	0.289	0.118	1.04590777191366e-68
3.38577997832877e-73	0.430884515645892	0.905	0.71	1.09309906600344e-68
4.48317073511129e-73	0.395386666307261	0.669	0.41	1.44739167183068e-68
4.92750630570708e-73	0.435245143438613	0.924	0.758	1.59084541079753e-68
5.39745422144063e-73	0.294638007401857	0.327	0.137	1.74256809539211e-68
5.93587077010953e-73	0.345556634394494	0.39	0.182	1.91639587812986e-68
7.50289999648234e-73	0.433285010899812	0.828	0.616	2.42231126386432e-68
1.23091292908036e-72	-0.605955880424283	0.785	0.82	3.97400239153595e-68
1.61571494819917e-72	0.324238030503839	0.353	0.16	5.21633571026101e-68
1.64318388117391e-72	0.286184436706362	0.334	0.14	5.30501916036998e-68
1.80021285184252e-72	0.414853101431241	0.928	0.789	5.81198719217356e-68
2.4279357991091e-72	0.449465258250957	0.815	0.583	7.83859072742373e-68
2.89184888955184e-72	-0.611792561905398	0.235	0.452	9.33633413991812e-68
3.32819979815373e-72	-0.463624202280292	0.992	0.993	1.07450930483393e-67
3.33386979603281e-72	-0.439410254585122	0.942	0.923	1.07633986364919e-67
3.88559002761629e-72	0.477150202166496	0.447	0.218	1.25446274041592e-67
5.46357109466474e-72	0.691140282037661	0.652	0.436	1.76391392791251e-67
7.34421221563541e-72	0.266416042121566	0.346	0.152	2.37107891381789e-67
7.73014450706831e-72	0.410201162622066	0.536	0.304	2.495677154107e-67
7.85023922941071e-72	-0.668093989410351	0.22	0.448	2.53444973521525e-67
7.97555274005629e-72	-0.918641400157144	0.231	0.433	2.57490720212717e-67
8.51113123595043e-72	0.331278256619557	0.387	0.182	2.7478187195266e-67
9.99904879711682e-72	-0.663873465156581	0.218	0.449	3.22819290414917e-67
1.16892327334636e-71	0.396970439157411	0.962	0.87	3.77386878799871e-67
5.64786514717894e-71	0.406200238930586	0.734	0.481	1.82341326276672e-66
1.19679923261357e-70	0.378478534510768	0.412	0.207	3.86386632249292e-66
2.95507875421428e-70	0.492072117450784	0.523	0.297	9.5404717579808e-66
3.42598171527251e-70	0.283949298748043	0.309	0.132	1.10607819677573e-65
3.89703982759439e-70	0.396708008341317	0.528	0.3	1.25815930833885e-65
1.33481215399252e-69	0.479467293469208	0.909	0.741	4.30944103916486e-65
1.6378189160004e-69	0.758648558358113	0.537	0.337	5.28769837030729e-65
2.97015400991469e-69	-0.606743958479321	0.053	0.255	9.58914222100959e-65
3.19552849515532e-69	0.321340730040871	0.384	0.178	1.0316763746609e-64
4.0525160055313e-69	0.356363527551378	0.455	0.231	1.30835479238578e-64
4.8025020738271e-69	0.381153097383122	0.48	0.256	1.55048779453508e-64
8.87027823562293e-69	0.350077409053818	0.569	0.324	2.86376932837086e-64
1.30497998272508e-68	0.319771482805376	0.32	0.143	4.21312787422794e-64
1.3792354699088e-68	0.41487206747085	0.718	0.477	4.45286171460055e-64
1.79446501563039e-68	0.330504412734946	0.509	0.273	5.79343030296271e-64
1.99437215639655e-68	0.388192580925084	0.887	0.705	6.43883050692625e-64
1.9958439288448e-68	0.252878379822776	0.156	0.042	6.44358212427543e-64
2.2135794990597e-68	-0.60437416018553	0.121	0.334	7.14654141271424e-64
4.39620546448608e-68	0.372523612362806	0.934	0.772	1.41931493420933e-63
6.60422628150995e-68	0.255251141191023	0.309	0.131	2.13217445498549e-63
6.64746460300956e-68	-0.488031475191852	0.036	0.229	2.14613394708164e-63
7.63560327224537e-68	0.2527054093633	0.323	0.14	2.46515451644442e-63
9.62098851460244e-68	0.369091762801482	0.952	0.824	3.1061361419394e-63
1.19930298146028e-67	0.454873619372375	0.492	0.269	3.87194967564452e-63
1.27228766571339e-67	0.396409602643636	0.687	0.448	4.10758072875568e-63
1.29185384979336e-67	0.404575816693767	0.883	0.682	4.17075015405786e-63
1.31801698074746e-67	-0.429321415355241	0.945	0.936	4.25521782234317e-63
1.32880286561979e-67	-0.630993950396985	0.054	0.251	4.29004005165348e-63
1.33973999507039e-67	-0.826812973134225	0.588	0.654	4.32535057408476e-63
1.70408415508569e-67	0.403010286335271	0.412	0.207	5.50163569469414e-63
2.00918638079165e-67	-0.633867858569198	0.031	0.221	6.48665823038583e-63
3.69203040377692e-67	0.41351252761114	0.524	0.302	1.19197201585938e-62
3.87307830528891e-67	-0.397554583553906	0.995	0.993	1.25042333086253e-62
5.3236962578095e-67	0.397705955626737	0.517	0.291	1.7187553368338e-62
5.64103157018441e-67	-0.777896656879867	0.042	0.235	1.82120704243404e-62
7.06363489765542e-67	-0.560250638688758	0.019	0.203	2.28049452670805e-62
8.646577510318e-67	0.410800966600227	0.927	0.766	2.79154754920617e-62
2.03848238003334e-66	0.363337680096281	0.9	0.715	6.58124036393765e-62
2.29659804947608e-66	0.365460935929352	0.563	0.327	7.41456680273353e-62
2.70438690769912e-66	-0.711903713839318	0.44	0.653	8.73111313150663e-62
2.7244618436439e-66	-0.685094342879443	0.382	0.535	8.79592506220432e-62
2.9757451962165e-66	0.456095960557529	0.875	0.692	9.60719336598497e-62
3.38491536340458e-66	0.290881878226259	0.367	0.17	1.09281992507517e-61
8.08536399848365e-66	0.378648954628343	0.526	0.288	2.61035976691044e-61
9.43196518062208e-66	0.5462446612498	0.713	0.517	3.04510995856384e-61
1.16890647809153e-65	0.452395402618152	0.683	0.46	3.7738145645185e-61
1.24332048903096e-65	0.315904787724403	0.506	0.273	4.01406019883645e-61
1.24445968514503e-65	-0.54454741465729	0.044	0.236	4.01773809349071e-61
1.28147856136441e-65	0.460896518605658	0.915	0.77	4.13725353536499e-61
1.5317247597526e-65	0.347708543880561	0.969	0.847	4.94517338686126e-61
1.53642552766809e-65	-0.298171155801636	0.999	0.994	4.96034981607643e-61
2.08715955288818e-65	-0.554179847543752	0.911	0.926	6.73839461649948e-61
2.20211994570556e-65	0.348154863640684	0.922	0.746	7.10954424471042e-61
3.02464298468529e-65	-0.58755048958467	0.542	0.686	9.76505987605645e-61
3.19784536860194e-65	0.379335211570137	0.576	0.342	1.03242437725314e-60
3.23537228437455e-65	0.374642339504256	0.557	0.327	1.04453994201032e-60
3.3094039836195e-65	-0.611601634216781	0.16	0.367	1.06844107611156e-60
5.75715606618352e-65	0.370636783015905	0.868	0.674	1.85869783596735e-60
7.72734519435117e-65	0.28667335427589	0.349	0.159	2.49477339599627e-60
8.56648355410649e-65	-0.650059574240243	0.371	0.549	2.76568921544328e-60
1.35733337773167e-64	-0.588032186629641	0.164	0.374	4.38215081000669e-60
1.71207200117827e-64	0.36071565794272	0.618	0.381	5.52742445580404e-60
2.04424602240487e-64	-0.648923742458372	0.561	0.712	6.59984828333412e-60
2.22672124607908e-64	0.361421841064518	0.915	0.753	7.18896954296632e-60
2.25038517889889e-64	0.261506070665818	0.34	0.154	7.26536855007506e-60
3.74442931821634e-64	0.277748772977521	0.477	0.245	1.20888900538615e-59
4.69128783283e-64	-0.480073575288511	0.049	0.239	1.51458227682916e-59
8.27329853060801e-64	0.408280238586927	0.715	0.469	2.6710344306068e-59
9.52750797788851e-64	-0.544332642808611	0.14	0.345	3.0759559506613e-59
1.22847215376368e-63	-0.982321413204151	0.632	0.773	3.96612234842604e-59
2.03260731053258e-63	0.583946607263701	0.589	0.384	6.56227270205444e-59
2.66662805497937e-63	0.386517188564706	0.929	0.781	8.60920867550091e-59
4.18110237286364e-63	0.385776318435554	0.943	0.837	1.34986890107903e-58
1.15562544975366e-62	0.341901427077863	0.266	0.112	3.73093676452971e-58
1.33841194752207e-62	-0.581856589798859	0.188	0.381	4.32106297257502e-58
1.50575294954017e-62	-0.689336320103233	0.209	0.412	4.86132339759043e-58
1.95118888304916e-62	0.372102271640509	0.736	0.499	6.29941330892421e-58
2.10195341526471e-62	0.311659801402724	0.575	0.336	6.78615660118211e-58
2.61866344818142e-62	0.372537476318046	0.721	0.477	8.45435494245372e-58
3.10448003174211e-62	-0.711694301334737	0.341	0.527	1.00228137824794e-57
3.22090435595544e-62	-0.622503341107145	0.063	0.25	1.03986897132021e-57
3.97974527920344e-62	0.3720232091512	0.542	0.315	1.28486076339083e-57
4.26881863683514e-62	-0.527636576532706	0.151	0.352	1.37818809690222e-57
7.16290202976876e-62	-0.554456887099082	0.099	0.305	2.31254292031084e-57
1.07711742977614e-61	0.435015084336274	0.556	0.336	3.47747362203227e-57
1.12766871319307e-61	0.319268461723901	0.382	0.193	3.64067844054383e-57
1.45730170230908e-61	-0.391201748675053	0.923	0.901	4.70489854590486e-57
1.48705129596996e-61	0.318014179958639	0.368	0.182	4.80094510903903e-57
1.81642328383087e-61	-0.759053451744444	0.142	0.334	5.86432257184796e-57
1.98885780793533e-61	-0.721475201740944	0.038	0.213	6.42102743291921e-57
2.55212437727962e-61	-0.35162344083654	0.993	0.986	8.23953355204725e-57
2.6895373768709e-61	0.376417471920888	0.594	0.365	8.6831714212277e-57
2.9140319002742e-61	-1.06480961671921	0.081	0.265	9.40795199003524e-57
7.44708020352185e-61	-0.723469195801379	0.226	0.434	2.40428984370703e-56
7.5429797386605e-61	-0.505302958041253	0.217	0.415	2.43525100862654e-56
1.12155443540866e-60	-0.662668493817294	0.368	0.556	3.62093849471685e-56
1.51118579245155e-60	0.419654223951118	0.563	0.33	4.87886333092983e-56
1.58495624349748e-60	-0.434020326191449	0.063	0.25	5.11703123213163e-56
2.25781277309889e-60	-0.604850790248209	0.262	0.465	7.28934853794978e-56
2.28275602010791e-60	-0.467541845935177	0.926	0.928	7.3698778109184e-56
3.4733961596133e-60	-0.65202456387958	0.159	0.363	1.12138595013115e-55
4.69622313568576e-60	0.354380855691834	0.85	0.661	1.51617563935615e-55
7.69201855206865e-60	0.460773440895231	0.645	0.421	2.48336818953536e-55
8.81899613086097e-60	0.344107822545213	0.932	0.766	2.84721290084847e-55
1.13841441832049e-59	-0.56876495917265	0.027	0.198	3.67537094954772e-55
1.30471041084765e-59	-0.558592037001624	0.023	0.191	4.21225756142164e-55
1.51182992620546e-59	-0.276988434243881	0.999	0.994	4.88094291675434e-55
1.65690209321341e-59	0.374951428241892	0.873	0.705	5.3493084079395e-55
1.76602340481399e-59	0.313183784056924	0.97	0.875	5.70160656244197e-55
1.79359484366385e-59	0.393934240978439	0.722	0.509	5.79062095276875e-55
3.28222855915987e-59	0.286284050624242	0.427	0.227	1.05966749032476e-54
3.71781035712708e-59	0.34823851830427	0.675	0.434	1.20029507379848e-54
4.26794637656764e-59	0.387460242721158	0.599	0.377	1.37790648767486e-54
4.60280657233737e-59	-0.576813507844625	0.636	0.715	1.48601610187912e-54
5.1048357486417e-59	0.318994500600027	0.561	0.337	1.64809622144897e-54
8.3488997470071e-59	-0.583777789852494	0.781	0.78	2.69544228332124e-54
1.01685117545441e-58	-0.709172029284246	0.227	0.424	3.28290401995457e-54
1.05225118931293e-58	0.307128490805027	0.473	0.261	3.39719296469679e-54
1.06645735815694e-58	0.283791259657068	0.985	0.915	3.44305758080969e-54
1.43967222950553e-58	0.339152000384835	0.781	0.546	4.64798179295861e-54
1.5117049141594e-58	-0.50885822613827	0.722	0.772	4.88053931536364e-54
1.57415384356775e-58	0.314631516216306	0.23	0.091	5.08215568395848e-54
1.81798896452856e-58	0.251148809559463	0.4	0.199	5.86937737198047e-54
1.83779798477552e-58	-0.358211977991032	0.97	0.951	5.93333079384775e-54
2.00657450111036e-58	-0.691407048068835	0.514	0.641	6.4782257768348e-54
2.08348287940275e-58	0.353606551257799	0.456	0.254	6.72652447615178e-54
2.41464211582336e-58	-0.499526419895825	0.165	0.364	7.7956720709357e-54
3.42112371475943e-58	0.334594409684981	0.584	0.353	1.10450979131008e-53
3.49373244911765e-58	-0.340406653228684	0.999	0.993	1.12795152119763e-53
5.94463578189347e-58	0.297060497811724	0.445	0.242	1.91922566218431e-53
9.03016640284455e-58	0.33557425032848	0.626	0.399	2.91538922315836e-53
1.38148373441215e-57	-0.458824953445639	0.001	0.151	4.46012023654961e-53
2.1966275673686e-57	0.281770577187839	0.415	0.215	7.09181210124952e-53
2.79682661363026e-57	-0.481098536751127	0.036	0.206	9.02955472210529e-53
5.88253506365425e-57	0.275307291781834	0.321	0.15	1.89917644530078e-52
7.33184287865374e-57	0.394779471431417	0.508	0.304	2.36708547337336e-52
7.78853094146466e-57	0.403320576674039	0.465	0.266	2.51452721445187e-52
1.21473584754605e-56	-0.869369512884129	0.074	0.251	3.92177468380243e-52
1.25072902980581e-56	-0.853791574588988	0.009	0.164	4.03797867272806e-52
1.2831979467517e-56	-1.32419439156243	0.836	0.82	4.14280457108788e-52
1.35122685984246e-56	-0.554868491901006	0.047	0.219	4.36243591700137e-52
1.38973783441188e-56	0.326177383342498	0.615	0.385	4.48676859839877e-52
2.23177124042284e-56	0.333873623227053	0.771	0.541	7.20527344970514e-52
4.69943686532792e-56	0.358962658789734	0.472	0.263	1.51721319197112e-51
7.1637353395682e-56	0.335682343438553	0.382	0.201	2.31281195437959e-51
1.39420703783995e-55	-0.744828541896493	0.299	0.468	4.50119742166628e-51
1.58801931725095e-55	-0.558527266458317	0.027	0.189	5.1269203657447e-51
1.69504519164761e-55	0.285208549791212	0.585	0.353	5.47245340123432e-51
2.1927396528648e-55	0.401422562875429	0.932	0.798	7.079259969274e-51
2.85875601148172e-55	0.27382774893763	0.987	0.934	9.22949378306873e-51
3.35118644893209e-55	-0.631239808350618	0.191	0.387	1.08193054503773e-50
3.9421750222623e-55	0.363037766777726	0.763	0.543	1.27273120593738e-50
5.50563365639474e-55	0.367471192950116	0.661	0.451	1.77749382596704e-50
5.84683271183098e-55	-0.638823575865656	0.414	0.584	1.88764994101463e-50
5.87297958129126e-55	-0.818702626573575	0.387	0.543	1.89609145781988e-50
9.38549563133781e-55	0.357329228337797	0.657	0.444	3.03010726457741e-50
9.4761681601391e-55	-0.464849399731013	0.842	0.828	3.05938089050091e-50
1.2736293769914e-54	0.28975985241321	0.459	0.259	4.11191244361675e-50
1.31881791739273e-54	-0.489649812492967	0.007	0.154	4.25780364630244e-50
2.28641907035826e-54	0.36585048656186	0.867	0.686	7.38170396865165e-50
4.17560611478733e-54	-0.536083515448996	0.769	0.809	1.34809443415909e-49
4.39728224182027e-54	0.277150654218221	0.537	0.317	1.41966257177168e-49
5.39156977468752e-54	-0.76751477305501	0.712	0.787	1.74066830175787e-49
5.97265319310475e-54	0.298593327724154	0.586	0.359	1.92827108339387e-49
6.04527714058286e-54	0.2754246734338	0.41	0.22	1.95171772483718e-49
6.45544075298215e-54	0.368796352365255	0.708	0.492	2.08413904710029e-49
6.64311600878102e-54	0.300327034598657	0.341	0.171	2.14473000343495e-49
7.75713285507425e-54	0.30817048775436	0.613	0.386	2.50439034226072e-49
9.39770914925959e-54	0.431849325778375	0.92	0.802	3.03405039883846e-49
9.72016812805236e-54	-0.502083610100885	0.082	0.258	3.1381562801417e-49
1.49154974805448e-53	0.682157977575195	0.347	0.18	4.8154683615939e-49
1.69626822891141e-53	-0.612358743520199	0.311	0.482	5.47640197704048e-49
1.77982854074992e-53	-0.495427608912886	0.675	0.735	5.74617644381112e-49
1.98327648504911e-53	0.383310359482928	0.759	0.534	6.40300813198105e-49
2.19422223824283e-53	-0.593854482842255	0.535	0.657	7.08404649616698e-49
2.23289451232398e-53	0.394557098576351	0.765	0.552	7.20889993303796e-49
3.20009299223444e-53	0.286270367898596	0.517	0.304	1.03315002254289e-48
3.98882947693785e-53	0.320257552008109	0.776	0.555	1.28779359662938e-48
4.159305326268e-53	-0.644104752755094	0.063	0.23	1.34283172458562e-48
4.29166181748411e-53	0.398256818138739	0.698	0.5	1.38556301777475e-48
5.31466651108521e-53	-0.63038040631003	0.756	0.765	1.71584008310386e-48
5.37458663744417e-53	-0.345264492009679	0.038	0.2	1.73518529589885e-48
7.77482721785838e-53	0.559451737052184	0.527	0.336	2.51010296728558e-48
1.15669896640695e-52	0.45977682621555	0.763	0.573	3.73440261304483e-48
1.28812273279381e-52	-0.399158416683707	0.04	0.199	4.1587042428248e-48
1.36626035768615e-52	-0.308255046651289	0.987	0.969	4.41097156478975e-48
1.40410843500661e-52	0.595625323671581	0.341	0.181	4.53316408241886e-48
1.51798840774586e-52	-0.624185518831892	0.52	0.64	4.90082557440751e-48
1.58888694351763e-52	-0.289080168596299	0.001	0.139	5.12972149714666e-48
1.63783094779712e-52	0.271948365433056	0.494	0.286	5.287737214963e-48
2.11090640694538e-52	0.266900713747052	0.323	0.158	6.81506133482316e-48
3.18622579562572e-52	0.344669256670443	0.682	0.462	1.02867299811776e-47
3.80435650305808e-52	-0.567774565746126	0.2	0.383	1.2282364970123e-47
4.25591741205384e-52	0.370834960874349	0.584	0.378	1.37402293648158e-47
4.29972348562606e-52	0.29546540348497	0.535	0.324	1.38816572733437e-47
4.53211229432134e-52	0.324603122816337	0.467	0.26	1.46319245422165e-47
5.87387743920762e-52	-0.309168134012336	0.999	0.997	1.89638133124818e-47
5.95067361120607e-52	0.272257315873468	0.987	0.934	1.92117497537788e-47
5.98771026555108e-52	-0.668573069429028	0.017	0.166	1.93313225923317e-47
8.3258092612007e-52	0.331670401926749	0.563	0.351	2.68798751997864e-47
8.87180965602696e-52	-0.547310680645851	0.021	0.171	2.8642637474483e-47
9.00104399485541e-52	-0.50636091604393	0.881	0.903	2.90598705373907e-47
9.24166504352515e-52	0.481192483015691	0.915	0.837	2.98367155930209e-47
1.03444133542755e-51	0.422367501403718	0.241	0.104	3.33969385142784e-47
1.17226273461318e-51	-0.411070386687937	0.251	0.457	3.78465023869864e-47
1.26845767055417e-51	0.349288599643196	0.679	0.453	4.09521558938413e-47
1.38993224158586e-51	0.418958868650114	0.563	0.362	4.48739624195994e-47
1.60163379509381e-51	-0.60184001546941	0.699	0.78	5.17087470746037e-47
4.27331711895773e-51	0.302620993062736	0.479	0.281	1.3796404318555e-46
6.46331387706243e-51	-0.425757533313964	0.02	0.168	2.08668088520961e-46
7.1213725825358e-51	0.250164383056757	0.35	0.181	2.29913513827168e-46
7.7213586262071e-51	0.380316229283892	0.543	0.34	2.49284063247096e-46
1.11238600878027e-50	-0.557176126910358	0.093	0.264	3.5913382293471e-46
1.15198348320523e-50	0.321458382180293	0.765	0.548	3.71917867552808e-46
1.27313732494839e-50	0.348525112884372	0.881	0.662	4.11032385359588e-46
1.37194545732428e-50	0.627568100189132	0.787	0.649	4.42932590897144e-46
1.82793856557989e-50	-0.564181218859429	0.335	0.496	5.90149965897469e-46
2.05052484066582e-50	0.315796346167657	0.514	0.312	6.62011944808961e-46
2.29835543264502e-50	0.277659841532085	0.485	0.281	7.42024051429443e-46
2.36684967378877e-50	-0.595573970705279	0.535	0.609	7.64137417182706e-46
2.66002184837122e-50	-0.499947064026664	0.779	0.785	8.58788053746647e-46
3.04738393924706e-50	0.254220320242968	0.277	0.129	9.83847904785914e-46
3.38580691775022e-50	0.313596548090389	0.706	0.467	1.09310776339566e-45
3.74132439502156e-50	0.286784121141783	0.469	0.271	1.20788658093271e-45
4.53936398149581e-50	0.355058774226858	0.789	0.598	1.46553366142592e-45
6.03540803123437e-50	-0.518614815008972	0.976	0.962	1.94853148288401e-45
6.13493716717076e-50	0.42793399839735	0.926	0.798	1.98066446442108e-45
6.37541729901681e-50	0.336851090303705	0.687	0.456	2.05830347498758e-45
1.01308402104857e-49	-0.570540103072998	0.905	0.891	3.27074176195531e-45
1.10689816876034e-49	-0.452173694343146	0.078	0.245	3.57362073784276e-45
1.16212719967809e-49	-0.585868464682392	0.41	0.573	3.75192766416073e-45
1.56388054591113e-49	0.303911286056191	0.885	0.718	5.04898834247409e-45
1.88657148743409e-49	-0.368997117631197	0.001	0.132	6.09079604718096e-45
2.38115410105233e-49	0.379509363607701	0.46	0.275	7.68755601524744e-45
2.57496074973102e-49	0.366338965094889	0.963	0.921	8.31326078050659e-45
4.53993721625222e-49	-0.582282879830327	0.203	0.374	1.46571873026703e-44
5.53690623366734e-49	0.296017261167677	0.504	0.3	1.7875901775395e-44
5.69964586714961e-49	0.359403288372863	0.548	0.349	1.84013066820925e-44
6.09653324661095e-49	-0.263018609813718	1	0.996	1.96826575866834e-44
8.30455799216602e-49	-0.477598575030686	0.023	0.168	2.6811265477708e-44
9.81261061145433e-49	-0.495155648021853	0.192	0.363	3.16800133590803e-44
1.22637326603197e-48	0.320564319193521	0.863	0.675	3.95934608938422e-44
1.67991659337869e-48	-0.579700723938726	0.157	0.334	5.42361072172311e-44
1.79618016624327e-48	0.302431320963517	0.904	0.762	5.79896766671639e-44
1.81918491677073e-48	-0.461587214951591	0.099	0.267	5.87323850379431e-44
2.18817185522708e-48	0.287891724492635	0.514	0.31	7.06451283460063e-44
2.35065871066442e-48	0.330440097028882	0.571	0.347	7.58910164738008e-44
2.67090383050582e-48	-0.576331312175695	0.142	0.315	8.62301301678804e-44
2.77666580775923e-48	-1.22241699537977	0.245	0.397	8.96446556035067e-44
2.80795399522826e-48	-0.550503266363943	0.212	0.395	9.06547947359443e-44
2.84439457643346e-48	0.265227036622109	0.27	0.124	9.18312789001543e-44
4.34176581293416e-48	0.302874337879964	0.845	0.632	1.40173909270579e-43
4.8356653337067e-48	0.298734857390437	0.596	0.38	1.56119455298721e-43
5.30354860111048e-48	-0.516211894547468	0.748	0.813	1.71225066586852e-43
6.94139524482996e-48	-0.451214262110012	0.031	0.177	2.24102945479335e-43
8.79794362627649e-48	0.309785300884108	0.859	0.628	2.84041609974336e-43
9.06817076438079e-48	0.259243335623316	0.463	0.267	2.92765893128034e-43
1.10829938348714e-47	-0.565818041152	0.329	0.488	3.57814455958822e-43
1.14671258046714e-47	0.324984410485837	0.588	0.381	3.70216156603816e-43
1.16731528905474e-47	-0.487157053329821	0.342	0.492	3.76867741071322e-43
1.40007987940713e-47	-0.532604365681704	0.013	0.149	4.52015789066592e-43
1.52706876927902e-47	0.347780640940967	0.757	0.554	4.93014152161732e-43
1.63418658283835e-47	-0.319487062419661	0.037	0.187	5.27597138269363e-43
2.04443257966358e-47	-0.415457810293771	0.925	0.892	6.60045058344386e-43
2.14250869719444e-47	-0.469817861886922	0.541	0.65	6.91708932889224e-43
2.66388861610219e-47	0.300141066849819	0.61	0.396	8.60036439708591e-43
3.56756510684511e-47	0.257787588619023	0.49	0.289	1.15178839474495e-42
4.46776820457241e-47	-0.269350305565665	0.999	0.998	1.4424189648462e-42
4.69023051872993e-47	-0.413673021729065	0.922	0.931	1.51424092297196e-42
5.9144887868225e-47	-0.479769196537083	0.245	0.443	1.90949270482565e-42
6.91201084823843e-47	0.293741392030921	0.688	0.47	2.23154270235378e-42
6.95208099266146e-47	0.420559602263303	0.742	0.552	2.24447934848075e-42
7.71893586771948e-47	0.259397418847402	0.378	0.204	2.49205844489323e-42
1.01709473767326e-46	0.259487457524359	0.424	0.238	3.28369036057812e-42
1.44605211749028e-46	0.335632215125732	0.388	0.215	4.66857926131736e-42
1.55859084226086e-46	-0.590990468668317	0.56	0.655	5.03191053423919e-42
1.67350936204376e-46	0.309692236418558	0.795	0.592	5.40292497535828e-42
1.68710357279596e-46	0.28897417267214	0.838	0.647	5.44681388477174e-42
3.92630858140645e-46	0.339494424451682	0.587	0.39	1.26760872550707e-41
4.40514596164594e-46	-0.450852414543324	0.14	0.308	1.42220137371739e-41
4.44631273672393e-46	0.275775154855266	0.214	0.092	1.43549206705132e-41
6.05560045174384e-46	0.309733002432992	0.746	0.535	1.9550506058455e-41
9.60358919562326e-46	-0.268578432189408	1	0.992	3.10051877180697e-41
1.0978710451217e-45	0.413210395935201	0.525	0.339	3.54447666917541e-41
1.31564936093293e-45	0.253248876775354	0.437	0.248	4.24757396177196e-41
1.66693698784379e-45	-0.450995502097395	0.787	0.791	5.38170606525369e-41
2.53367242953216e-45	-0.579796347112962	0.304	0.455	8.17996143874459e-41
3.04579284684045e-45	0.278727978891594	0.346	0.187	9.8333422060244e-41
3.3320069337378e-45	-0.561447285499258	0.095	0.252	1.07573843855725e-40
7.3008910175304e-45	-0.492171224124601	0.52	0.616	2.35709266500969e-40
7.92858801613688e-45	-0.537886246130807	0.984	0.976	2.55974464100979e-40
8.29443626647919e-45	0.354409989527926	0.346	0.182	2.67785874863281e-40
8.80510965691897e-45	-0.423112773306113	0.103	0.266	2.84272965273629e-40
9.04236653614998e-45	-0.551703716806547	0.032	0.169	2.91932803619602e-40
9.90019203286186e-45	-0.509773469066043	0.42	0.569	3.19627699780945e-40
1.03906274834566e-44	0.333013349906221	0.396	0.224	3.35461408303395e-40
1.10688324080092e-44	-0.329643237769499	0.014	0.143	3.57357254292576e-40
1.36528698316234e-44	0.269933065374502	0.43	0.249	4.40782902513963e-40
1.6014235339517e-44	0.418589027741099	0.892	0.771	5.17019587936308e-40
2.63859455089335e-44	-0.382383801101367	0.021	0.153	8.51870250755918e-40
3.06234164605047e-44	0.340167993651629	0.753	0.563	9.88677000427393e-40
3.83380445484704e-44	0.3053572647633	0.616	0.401	1.23774376824737e-39
4.28659242638272e-44	-0.527769804053043	0.117	0.274	1.38392636485766e-39
4.95655557550715e-44	0.385822467824136	0.684	0.507	1.60022396755248e-39
5.18749139371056e-44	0.259041920161442	0.586	0.379	1.67478159645945e-39
6.87609938833988e-44	0.291260339096187	0.641	0.413	2.21994868752553e-39
7.1068684505898e-44	0.271354959568461	0.659	0.446	2.29445247927292e-39
9.45827077955557e-44	-0.409005037469307	0.015	0.141	3.05360272117952e-39
9.70334763685061e-44	0.290329328713951	0.832	0.623	3.13272578455722e-39
1.12281331417119e-43	0.382890453333786	0.502	0.319	3.6250027848017e-39
1.16787274948465e-43	-0.343708562709173	0.009	0.131	3.77047717171119e-39
1.33910083282843e-43	-0.456217308692456	0.024	0.155	4.32328703878658e-39
1.41071876452333e-43	-0.56150732237796	0.266	0.418	4.55450553126356e-39
1.51973077236829e-43	0.301595264048161	0.922	0.796	4.90645079859102e-39
1.7443747082506e-43	0.258905949713093	0.505	0.31	5.63171374558706e-39
1.8024184347675e-43	0.301089130160644	0.643	0.444	5.81910791664687e-39
1.8096092185079e-43	-0.36908721519615	0.018	0.146	5.84232336195274e-39
1.9200298369552e-43	0.308246531148394	0.829	0.634	6.19881632860986e-39
1.92617777410437e-43	-0.531851213598277	0.372	0.486	6.21866494369595e-39
2.77444432760066e-43	-0.55211456616114	0.278	0.431	8.95729351165873e-39
2.84847555325966e-43	0.297999675820952	0.866	0.709	9.19630332369881e-39
3.02740413634755e-43	0.29355740379747	0.85	0.645	9.77397425419806e-39
3.39166610557841e-43	-0.483608994094762	0.221	0.386	1.09499940218599e-38
3.97101715396535e-43	0.289567890571028	0.825	0.618	1.28204288815771e-38
6.02176800153807e-43	0.299728165034939	0.51	0.322	1.94412779929656e-38
7.18016125969157e-43	-0.43668581779856	0.119	0.28	2.31811506269142e-38
7.49247835897609e-43	0.360452232258917	0.943	0.856	2.41894663819543e-38
8.33862959646515e-43	0.27520295985328	0.928	0.799	2.69212656521878e-38
8.84744666012844e-43	0.25917593786604	0.548	0.349	2.85639815422247e-38
9.02352374048496e-43	0.258671135863705	0.498	0.306	2.91324463961557e-38
9.77938326894975e-43	0.263220666880424	0.793	0.585	3.15727388838043e-38
1.81914318939592e-42	0.29804218689745	0.37	0.211	5.87310378696474e-38
1.820643849864e-42	-0.591890434861331	0.367	0.518	5.87794866928593e-38
2.30122205111051e-42	-0.505148891921213	0.168	0.326	7.42949539201028e-38
2.85935257851837e-42	0.32957273406549	0.49	0.313	9.23141979974656e-38
3.03792693512084e-42	0.270116964681796	0.895	0.728	9.80794711003763e-38
3.52750988882844e-42	0.290694546301788	0.943	0.85	1.13885656760826e-37
3.8698732480091e-42	0.305144750922218	0.643	0.446	1.24938857811974e-37
4.22192790715207e-42	0.273218021477065	0.345	0.19	1.36304942482404e-37
4.22844620066528e-42	0.258083865723112	0.616	0.415	1.36515385588479e-37
6.14558700957232e-42	0.362258935764411	0.879	0.734	1.98410276604042e-37
6.42917108239357e-42	-0.458196552648886	0.449	0.545	2.07565788395076e-37
6.82287203949241e-42	0.367552735982118	0.579	0.398	2.20276423795012e-37
8.31648729288559e-42	-0.484205470864965	0.805	0.84	2.68497792250811e-37
8.56949547287671e-42	0.307175157912407	0.897	0.744	2.76666161341824e-37
8.7585737560669e-42	0.311047213599949	0.656	0.458	2.8277055371462e-37
8.90800185318668e-42	0.34536435513908	0.703	0.486	2.87594839830132e-37
1.01108298362899e-41	0.256682813964087	0.995	0.982	3.2642814126462e-37
1.0853541811168e-41	-0.251279597095922	0.024	0.152	3.50406597373559e-37
1.23673371520888e-41	-0.55372994819454	0.372	0.513	3.99279479955186e-37
1.79532950699351e-41	0.291928729590663	0.906	0.751	5.79622131332854e-37
1.91560685037399e-41	-0.350307322398204	0.028	0.157	6.18453671643242e-37
2.21694331481994e-41	0.256291794083027	0.483	0.299	7.15740149189616e-37
2.47991618291305e-41	0.259522818360725	0.555	0.356	8.00640939653477e-37
2.70038030006868e-41	-0.412206100443172	0.076	0.221	8.71817779877174e-37
2.81786448935089e-41	-0.731917872965061	0.042	0.175	9.09747550386936e-37
3.43474766743725e-41	0.252641099688096	0.463	0.279	1.10890828443212e-36
3.5657237988407e-41	0.309270318126664	0.651	0.456	1.15119392845572e-36
4.41916258622178e-41	0.296424700101702	0.836	0.649	1.4267266409617e-36
4.95839773514217e-41	-0.467479542756654	0.733	0.749	1.60081870879065e-36
6.65512457407046e-41	-0.421736386715424	0.127	0.282	2.14860696873865e-36
6.90390520027221e-41	-0.533600980116464	0.516	0.626	2.22892579390788e-36
9.61990075814344e-41	0.250330592649024	0.409	0.241	3.10578495976661e-36
1.04856915915271e-40	0.279678171306027	0.682	0.459	3.38530553032454e-36
1.07262002973307e-40	0.285286445542251	0.725	0.522	3.4629537659932e-36
1.21965190344501e-40	-0.502627294536178	0.376	0.519	3.93764617027222e-36
1.34360165846352e-40	0.269027938454688	0.405	0.235	4.33781795434947e-36
1.3954577511234e-40	-0.552665583139468	0.34	0.496	4.5052353495019e-36
1.4442152714226e-40	0.27407966911329	0.667	0.471	4.66264900378787e-36
1.52641052988213e-40	0.261044247983274	0.316	0.169	4.92801639572446e-36
1.82447446863457e-40	0.276694899093163	0.584	0.389	5.89031582198672e-36
2.06923982902303e-40	-0.274564268439182	0.009	0.123	6.68054078800084e-36
2.56781536323024e-40	-0.505941445872376	0.84	0.859	8.29019190018882e-36
2.78388978077818e-40	0.296524961285454	0.751	0.549	8.98778815724235e-36
2.79972989284438e-40	0.327859211989469	0.714	0.529	9.03892795904807e-36
3.4827763622486e-40	0.280995354124581	0.561	0.369	1.12441434855196e-35
4.65012139570022e-40	0.254607104786931	0.95	0.847	1.50129169260182e-35
5.01845515660434e-40	-0.482928499569342	0.042	0.171	1.62020824730971e-35
5.34153202979055e-40	0.307862876934832	0.317	0.173	1.72451361581788e-35
5.36599469789992e-40	0.332900895841844	0.726	0.542	1.73241138821699e-35
6.01249591824813e-40	0.278930450810705	0.903	0.762	1.94113430720641e-35
6.37353008996076e-40	-0.449095477392845	0.06	0.198	2.05769418954383e-35
8.40773204655902e-40	0.272505065324891	0.655	0.456	2.71443629123158e-35
8.64393097877758e-40	-0.298436310606589	0.004	0.114	2.79069311649834e-35
8.75601685866994e-40	0.255610926153628	0.577	0.377	2.82688004282159e-35
9.107037829891e-40	-0.329189382411201	0.011	0.127	2.94020716338031e-35
9.39657731387366e-40	-0.500412732475199	0.321	0.454	3.03368498578411e-35
1.08751443052736e-39	-0.570667186050471	0.005	0.115	3.5110403389576e-35
1.12138382392153e-39	-0.368985356792011	0.053	0.189	3.62038767553067e-35
1.12785886992763e-39	0.273370997273313	0.715	0.509	3.64129236156135e-35
1.3957353566721e-39	0.284157040250564	0.822	0.613	4.50613159901588e-35
1.45444377353871e-39	-0.542670952295768	0.254	0.42	4.69567172286974e-35
2.05799670712213e-39	-0.269922756326316	0.017	0.135	6.64424236894381e-35
2.60463792242449e-39	0.274486439256325	0.905	0.749	8.40907353254747e-35
2.90146669905919e-39	0.318236315320302	0.785	0.595	9.3673852379126e-35
2.97533089908852e-39	0.250880900644797	0.227	0.107	9.60585580770729e-35
3.09728263352523e-39	0.270865140788776	0.636	0.435	9.9995769823362e-35
3.28883473133707e-39	-0.419646192243325	0.021	0.139	1.06180029301217e-34
3.37474567862493e-39	-0.732525925705751	0.098	0.237	1.08953664234406e-34
4.64174763500756e-39	-0.341547848060828	0.02	0.138	1.49858822396219e-34
4.73108107645709e-39	0.259953332662012	0.469	0.285	1.52742952553417e-34
4.82152445179451e-39	0.28951469934264	0.81	0.596	1.55662916926186e-34
5.85698969578938e-39	-0.291637515977007	0.007	0.117	1.8909291232856e-34
6.59805773384477e-39	-0.505851198579763	0.822	0.787	2.13018293937179e-34
7.1027767485928e-39	-0.610189410747813	0.074	0.208	2.29313147328318e-34
8.51846767421825e-39	-1.25563247137555	0.237	0.364	2.75018728862136e-34
8.60583886988981e-39	0.350503653732473	0.947	0.882	2.77839507914393e-34
1.07678207542483e-38	-0.541902770025844	0.013	0.127	3.47639093050906e-34
1.10282204780215e-38	0.279897058312224	0.905	0.717	3.56046098132923e-34
1.81883720880292e-38	0.264188768254995	0.928	0.811	5.87211592862021e-34
2.25561102656661e-38	0.347365014024175	0.532	0.348	7.28224019927031e-34
2.32756380678506e-38	0.294743012476866	0.51	0.339	7.51453975020556e-34
2.78556616489268e-38	-0.449856906728694	0.519	0.611	8.99320036335603e-34
3.31171268126532e-38	-0.402913648831079	0.125	0.278	1.06918643914651e-33
3.88614096231557e-38	0.265316274033335	0.89	0.725	1.25464060968358e-33
3.91055424486154e-38	-0.342257461707965	0.948	0.92	1.26252243795355e-33
4.84086066283229e-38	0.325592436660941	0.723	0.542	1.5628718649954e-33
7.1215987099438e-38	0.280874439483834	0.209	0.097	2.29920814350536e-33
1.3219756325715e-37	0.280073804200987	0.512	0.331	4.26799832975708e-33
1.58376326585944e-37	0.27127396343552	0.758	0.564	5.11317970382721e-33
1.65350278088904e-37	-0.394620029303115	0.035	0.156	5.33833372810025e-33
1.72649765650703e-37	0.274298092982233	0.849	0.654	5.57399768403295e-33
1.8782690445782e-37	-0.504287040113958	0.165	0.314	6.06399161042072e-33
1.93736112471513e-37	-0.720534394153826	0.635	0.649	6.25477039114279e-33
2.02514635379364e-37	-0.448972804430885	0.325	0.459	6.53818500322276e-33
2.0386264588743e-37	0.283649879572288	0.962	0.891	6.58170552247567e-33
2.04246005922187e-37	0.304439764521663	0.606	0.415	6.59408230119782e-33
2.36455074350574e-37	-0.413220350331832	0.718	0.754	7.63395207540827e-33
2.63333121946713e-37	-0.323367265701512	0.039	0.162	8.50170984204964e-33
2.74429298001768e-37	-0.510145142571462	0.459	0.577	8.85994988598709e-33
3.9972358646166e-37	0.25300153852827	0.48	0.305	1.29050759889147e-32
4.64763870712485e-37	0.266612561089454	0.832	0.656	1.50049015659526e-32
5.11828783958729e-37	0.264791887624116	0.514	0.332	1.65243922901076e-32
5.12057533024678e-37	-0.399499771305785	0.068	0.198	1.65317774537017e-32
1.01154383677423e-36	0.317206422157887	0.507	0.334	3.2657692770256e-32
1.1871489036406e-36	0.294065851216018	0.599	0.418	3.83271023540368e-32
1.34533389691201e-36	0.304411351646128	0.512	0.341	4.34341048618043e-32
1.92651597218217e-36	-0.341640023563953	0.029	0.146	6.21975681619012e-32
2.55211298646959e-36	-0.643550387506024	0.114	0.248	8.23949677681708e-32
2.89871908029331e-36	-0.263724854200086	0.021	0.134	9.35851455072694e-32
2.90536715959278e-36	0.299064090354748	0.597	0.41	9.37997787474529e-32
3.1622397111367e-36	0.259469176343658	0.736	0.558	1.02092909074048e-31
3.17132192163876e-36	0.394289597527055	0.692	0.525	1.02386128240108e-31
3.84935605119861e-36	-0.45549718572149	0.092	0.226	1.24276460112947e-31
3.87459724636185e-36	-0.444035789323296	0.076	0.205	1.25091372098792e-31
5.19885765381871e-36	0.311154251770825	0.428	0.273	1.67845119353537e-31
5.37008670889189e-36	-0.270922814235938	0.003	0.103	1.73373249396575e-31
5.67132315128874e-36	0.261923153944864	0.596	0.405	1.83098667939357e-31
7.04028318026846e-36	-0.349406099880628	0.011	0.115	2.27295542474967e-31
7.22892158716798e-36	-0.65768166445836	0.15	0.283	2.33385733441718e-31
7.44071404521198e-36	0.263956632936238	0.536	0.359	2.40223452949669e-31
7.91640978617265e-36	-0.337329536139457	0.02	0.129	2.55581289946584e-31
8.21486437611678e-36	0.329425867649823	0.904	0.79	2.6521689638293e-31
9.10239165654052e-36	0.380219746504364	0.337	0.197	2.93870714631411e-31
1.02822845705011e-35	-0.670309907215467	0.222	0.338	3.31963557358629e-31
1.11509212554573e-35	0.368398288733462	0.681	0.515	3.60007492732438e-31
1.13867350428695e-35	0.273446936373649	0.326	0.186	3.67620740859043e-31
1.17846209111424e-35	-0.288983292620606	0.022	0.133	3.80466486116231e-31
1.22844049676951e-35	0.250888985176646	0.742	0.549	3.96602014382037e-31
1.59903639963864e-35	-0.259421704079593	0.017	0.125	5.16248901623336e-31
2.2466644832878e-35	-0.280106766288041	0.021	0.131	7.25335628429466e-31
2.44209448598635e-35	-0.419775504698467	0.703	0.719	7.88430204800692e-31
3.23532746702503e-35	0.275985026278899	0.525	0.353	1.04452547272903e-30
3.25874238345361e-35	-0.444953305219488	0.142	0.29	1.052084978498e-30
3.82075745772188e-35	0.274562398706197	0.49	0.325	1.23353154522551e-30
4.20330636149217e-35	0.262832085925656	0.816	0.627	1.35703745880775e-30
4.29617104678266e-35	-0.263746020480091	0.017	0.125	1.38701882245378e-30
4.52957700802322e-35	-0.411062849789396	0.163	0.306	1.4623739370403e-30
4.79609817126257e-35	-0.394411010356882	0.816	0.82	1.54842029459212e-30
4.83330115748075e-35	-0.302681840784279	0.057	0.183	1.56043127869266e-30
5.26696049204162e-35	-0.399842836825238	0.12	0.256	1.70043819485564e-30
5.70256835881566e-35	0.295968551096853	0.817	0.636	1.84107419464364e-30
6.69892607200722e-35	0.327345696160911	0.593	0.423	2.16274828234753e-30
6.7719007472663e-35	0.250998049800248	0.787	0.577	2.18630815625492e-30
7.64350535785115e-35	0.399239419219877	0.184	0.084	2.46770570478224e-30
7.69026973082992e-35	-0.375603244127513	0.006	0.104	2.48280358259844e-30
7.78297560044099e-35	-0.464915107459235	0.063	0.187	2.51273367260237e-30
7.82765489095173e-35	-0.47774187268415	0.314	0.441	2.52715838154376e-30
8.45084792828248e-35	0.390355051800727	0.706	0.549	2.728356253646e-30
8.64252826718786e-35	0.305253772416256	0.482	0.32	2.7902402510616e-30
9.33775165145508e-35	0.28478357987496	0.6	0.42	3.01469312067227e-30
9.86502860796669e-35	-0.342259955173948	0.795	0.792	3.18492448608205e-30
1.60805284834466e-34	-0.51183075139721	0.614	0.69	5.19159862088072e-30
1.62646413502752e-34	-0.30033320970279	0.05	0.17	5.25103945993634e-30
1.78424244344852e-34	0.275850390656645	0.757	0.567	5.76042672867356e-30
1.81823611495048e-34	-0.312361616466391	0.045	0.163	5.87017529711762e-30
2.06341063996182e-34	-0.368559822436668	0.062	0.187	6.66172125111672e-30
2.33883562442709e-34	-0.446825751712674	0.683	0.731	7.55093081346286e-30
2.36387949895648e-34	-0.292473080605474	0.025	0.135	7.63178496238099e-30
3.17115495897533e-34	-0.554289718170202	0.751	0.807	1.02380737850518e-29
3.92190658052893e-34	-0.44903624454386	0.241	0.387	1.26618753952376e-29
4.46837461539705e-34	-0.470312515626616	0.553	0.693	1.44261474458094e-29
4.72079371030552e-34	-0.337239426365977	0.032	0.145	1.52410824937214e-29
5.36955411170552e-34	-0.36297380067564	0.125	0.263	1.73356054496413e-29
5.38295332289896e-34	-0.30555028301139	0.03	0.141	1.73788648029793e-29
5.43454090212756e-34	0.286085263431762	0.436	0.276	1.75454153025188e-29
5.55327302885869e-34	-0.322430848072576	0.018	0.122	1.79287419736703e-29
5.76945669115563e-34	-0.441441074336667	0.142	0.277	1.8626690927396e-29
7.54088746360005e-34	-0.354397642196065	0.059	0.181	2.43457551762328e-29
8.09390569836442e-34	0.275663310900929	0.416	0.262	2.61311745471695e-29
8.49323811121783e-34	-0.436453268067969	0.136	0.273	2.74204192420668e-29
8.77690789858297e-34	-0.435911960391865	0.737	0.751	2.83362471505751e-29
8.95184290157936e-34	0.322083824971131	0.397	0.246	2.8901024807749e-29
9.05844066416638e-34	-0.466046612874174	0.377	0.493	2.92451756842612e-29
1.16754354363189e-33	0.307876737641133	0.873	0.732	3.76941433061555e-29
1.40177446018779e-33	0.254079288858129	0.536	0.354	4.52562884471627e-29
1.74429660133129e-33	-0.424639109820227	0.112	0.244	5.63146157739808e-29
1.84411204534643e-33	-0.31960884317868	0.082	0.21	5.95371573840095e-29
2.30968920586789e-33	-0.367484677722898	0.012	0.112	7.45683160114447e-29
2.78572868651293e-33	0.281089942142983	0.938	0.862	8.993725064407e-29
3.4457508671568e-33	-0.363693813256428	0.124	0.264	1.11246066746157e-28
4.20138478193222e-33	-0.470964083562303	0.155	0.287	1.35641707684682e-28
4.20882205905618e-33	-0.30085185447728	0.021	0.125	1.35881820176629e-28
4.2247218274062e-33	-0.264742704660114	0.042	0.156	1.36395144197809e-28
6.73142426505207e-33	0.30694698317193	0.911	0.799	2.17324032397206e-28
6.83469121214699e-33	-0.696551125947698	0.166	0.312	2.20658005784166e-28
8.34083864031089e-33	0.408526141305639	0.336	0.201	2.69283975502437e-28
8.84001882629486e-33	-0.428978427521493	0.512	0.623	2.8540000780693e-28
9.80390987315177e-33	-0.416056107539334	0.373	0.49	3.16519230254705e-28
1.23340646119237e-32	0.269495870087017	0.793	0.617	3.98205275995956e-28
1.32702666040902e-32	-0.497399930006038	0.336	0.464	4.28430557313054e-28
1.38488745224714e-32	0.251459948656164	0.4	0.248	4.4711091395799e-28
1.40785153660563e-32	-0.366670514523698	0.037	0.145	4.54524868593127e-28
1.72749954567102e-32	0.309967716424245	0.28	0.159	5.57723228319889e-28
2.01089559022363e-32	-0.349539695349359	0.117	0.247	6.49217641303698e-28
2.06553465488654e-32	0.306382355762302	0.492	0.333	6.6685786333012e-28
2.15628727233521e-32	0.336588053243512	0.2	0.097	6.96157345873424e-28
2.22512662768803e-32	-0.273981742382254	0.021	0.124	7.1838213174908e-28
2.27231464505413e-32	-0.307100373784332	0.037	0.147	7.33616783155726e-28
2.31104928091215e-32	-0.38706161380381	0.017	0.117	7.46122260342486e-28
2.43846275021334e-32	-1.19989694107233	0.231	0.345	7.87257698906377e-28
2.50988314847192e-32	0.363068452889724	0.87	0.766	8.10315774484159e-28
2.72432009144175e-32	-0.387407231722438	0.746	0.766	8.79546741521969e-28
3.39175766810985e-32	-0.276885408614208	0.02	0.121	1.09502896314926e-27
3.82158711264925e-32	-0.383304428435731	0.222	0.351	1.23379939931881e-27
3.86101675277877e-32	-0.456747963435783	0.515	0.605	1.24652925863463e-27
4.06503906260722e-32	-0.476631116801755	0.05	0.163	1.31239786136274e-27
4.35995302622804e-32	-0.360736824396747	0.061	0.178	1.40761083451772e-27
4.81292603718256e-32	-0.38301377141171	0.084	0.208	1.55385317110439e-27
5.49715220067815e-32	-0.358142332878818	0.129	0.26	1.77475558798894e-27
8.92070539866045e-32	0.322468198658457	0.616	0.448	2.88004973795753e-27
9.91820025182007e-32	-0.396662546504114	0.161	0.295	3.20209095130011e-27
1.07361574321842e-31	-0.298953551046296	0.036	0.144	3.46616842698066e-27
1.22160481216901e-31	-0.308504421399193	0.069	0.19	3.94395113608764e-27
1.26730520369307e-31	-0.273748850141098	0.008	0.1	4.09149485012309e-27
1.27361922805332e-31	0.286153547782727	0.618	0.452	4.11187967777015e-27
1.36602720925705e-31	-0.732992850941866	0.009	0.1	4.4102188450864e-27
1.46760645854305e-31	-0.351592681507218	0.048	0.158	4.73816745140624e-27
1.49681616083816e-31	-0.666456596137087	0.469	0.55	4.83247097526601e-27
1.5851683062839e-31	0.264822476063953	0.801	0.607	5.11771587683758e-27
1.58547661667432e-31	0.270637322017564	0.804	0.651	5.11871125693304e-27
1.63344637589379e-31	0.26161199070912	0.649	0.458	5.2735816245731e-27
1.69935724931731e-31	-0.302667485243588	0.047	0.158	5.48637487942093e-27
1.93036817362107e-31	0.260888713040718	0.804	0.633	6.23219364853563e-27
2.03470464061613e-31	-0.423437158087669	0.445	0.547	6.56904393222918e-27
2.44287105678687e-31	-0.359397039883672	0.826	0.774	7.88680920683639e-27
2.66930070956437e-31	-0.373259940758199	0.881	0.838	8.61783734082857e-27
3.74735477806536e-31	-0.409956455621557	0.172	0.304	1.2098334900984e-26
9.16541087439824e-31	-0.295569295442455	0.052	0.164	2.95905290079947e-26
1.00846038992766e-30	0.257199441500008	0.801	0.637	3.25581436888146e-26
1.36485706030511e-30	0.255173921659552	0.486	0.325	4.40644101919506e-26
1.44186555326388e-30	-0.418318980937522	0.108	0.229	4.65506293871242e-26
1.70029392632335e-30	-0.342914769599297	0.062	0.175	5.48939894113494e-26
1.73091179247586e-30	-0.372198866323536	0.995	0.987	5.58824872200832e-26
2.18755611848e-30	-0.455808345743651	0.127	0.253	7.06252492851266e-26
2.47165883481402e-30	-0.292103317789811	0.048	0.157	7.97975054819706e-26
2.54067521864589e-30	-0.493329906643922	0.479	0.564	8.20256994339827e-26
2.92249141435862e-30	-0.677531214689732	0.17	0.283	9.43526353125679e-26
3.03726133499675e-30	-0.341704159131707	0.087	0.203	9.805798220037e-26
3.40180125136395e-30	-0.365215301833733	0.12	0.244	1.09827153400285e-25
3.82324175018347e-30	0.285430181307909	0.537	0.376	1.23433359904673e-25
4.34324955559216e-30	0.254589432326112	0.687	0.517	1.40221811902293e-25
4.9221778864933e-30	-0.370027085614332	0.827	0.808	1.58912513065436e-25
6.01561681728398e-30	-0.429899099690931	0.453	0.532	1.94214188946013e-25
6.15001414115588e-30	0.251593504798103	0.612	0.439	1.98553206547217e-25
6.78098611897681e-30	-0.350907547376363	0.1	0.223	2.18924136851166e-25
7.23313048275088e-30	-0.418968805107141	0.406	0.498	2.33521617635612e-25
8.45822896997509e-30	0.268689646225341	0.929	0.823	2.73073922295646e-25
9.85126189425901e-30	-0.481029373140819	0.274	0.388	3.18047990256152e-25
1.20957288406681e-29	-0.475235441646571	0.323	0.43	3.9051060562097e-25
1.21176831440677e-29	-0.495935827835717	0.24	0.365	3.91219400306225e-25
1.33849047777548e-29	-0.432802390016271	0.02	0.115	4.32131650749813e-25
2.24822451275414e-29	-0.397405254767941	0.119	0.241	7.25839283942673e-25
2.60859354108099e-29	-0.265277181630076	0.013	0.102	8.42184424737999e-25
3.50347236562493e-29	-0.366874657114679	0.307	0.422	1.13109605324201e-24
5.54105427217905e-29	-0.377922515999479	0.897	0.902	1.78892937177301e-24
1.08943497654505e-28	-0.433783396377	0.06	0.168	3.5172408217757e-24
1.14006204648812e-28	-0.367746831558329	0.167	0.293	3.6806903170869e-24
1.28848487158975e-28	-0.397203393226193	0.477	0.539	4.1598734079275e-24
1.321858695191e-28	-0.259756260909858	0.062	0.17	4.26762079742413e-24
1.32807804271486e-28	-0.516385509001466	0.73	0.683	4.28769996090494e-24
1.37390875743706e-28	-0.431580821181443	0.302	0.4	4.43566442338553e-24
1.41383864193375e-28	0.297886453546647	1	0.996	4.56457805548311e-24
1.62985517455489e-28	-0.354827862783878	0.223	0.347	5.26198743105048e-24
2.08865064055215e-28	0.257971893026297	0.198	0.101	6.7432085930226e-24
2.09496937885747e-28	-0.524360791432058	0.995	0.994	6.76360863964133e-24
2.17262410968229e-28	-0.280487288609004	0.07	0.185	7.01431693810929e-24
2.71053271621805e-28	-0.318459944936629	0.075	0.187	8.75095487430999e-24
2.77816457228979e-28	-0.459677053504631	0.494	0.565	8.9693043216376e-24
3.15152377525436e-28	-0.512298068161783	0.271	0.398	1.01746945084087e-23
3.8734954812753e-28	-0.387532467628179	0.748	0.766	1.25055801612973e-23
4.23705179268873e-28	-0.310346842019664	0.106	0.229	1.36793217126955e-23
4.97222601746833e-28	-0.511759341782758	0.05	0.154	1.60528316973965e-23
4.99091854749872e-28	-0.257758139762326	0.021	0.112	1.61131805305996e-23
6.10810523826657e-28	-0.340958695080199	0.887	0.847	1.97200177617436e-23
6.67248939652599e-28	0.275571482970986	0.844	0.703	2.15421320166842e-23
7.56268477989469e-28	-0.352078492967306	0.197	0.324	2.441612781189e-23
8.61544148066174e-28	-0.343572525600541	0.145	0.264	2.78149528203164e-23
1.07701738485483e-27	-0.365643485626598	0.107	0.223	3.47715062700383e-23
1.29477876408385e-27	0.27250103628021	0.457	0.309	4.18019323984472e-23
1.42614481743476e-27	0.258312393181524	0.586	0.428	4.60430854308811e-23
2.47447154355348e-27	-0.384174977142258	0.585	0.626	7.98883137836242e-23
2.47520450678636e-27	0.354477039887142	0.418	0.286	7.99119775015976e-23
3.16531987982497e-27	0.25208524723158	0.241	0.137	1.02192352320149e-22
3.4015911689006e-27	-0.366323534519022	0.577	0.618	1.09820370887956e-22
4.78034713234202e-27	-0.550034559193956	0.71	0.684	1.54333507167662e-22
5.3748265447373e-27	-0.351431114032291	0.196	0.311	1.73526274996844e-22
6.1729889529378e-27	-0.406287895129236	0.163	0.281	1.99294948345597e-22
8.60306460103627e-27	-0.416016617587323	0.293	0.399	2.77749940644456e-22
9.50859304458617e-27	0.459752713092801	0.588	0.463	3.06984926444464e-22
1.02318289764468e-26	0.260325210761062	0.891	0.765	3.30334598504585e-22
1.15596308784885e-26	0.256656513679753	0.577	0.422	3.73202682912002e-22
1.35790330099967e-26	-0.489973126777072	0.469	0.553	4.38399080727745e-22
1.90489414178636e-26	0.318688330187312	0.627	0.48	6.14995073675727e-22
1.93066819350028e-26	-0.268891767785353	0.023	0.11	6.23316226271564e-22
2.32486142221614e-26	-0.295860704133779	0.05	0.149	7.50581510162481e-22
2.55405178908052e-26	-0.424255314726282	0.482	0.556	8.24575620104647e-22
2.6027989228247e-26	-0.378459059193943	0.326	0.427	8.40313632233956e-22
2.75993009671581e-26	-0.343325197218166	0.289	0.398	8.91043431724698e-22
2.77311439746209e-26	0.264770426887184	0.596	0.448	8.95299983220637e-22
2.79293524095227e-26	-0.419277797133281	0.213	0.33	9.01699142541441e-22
2.8263029664555e-26	-0.378646183631984	0.265	0.385	9.12471912720157e-22
2.88666449756052e-26	-0.442583139156016	0.691	0.722	9.31959633037414e-22
2.92814107295424e-26	-0.404271963509377	0.197	0.311	9.45350345403277e-22
3.35672648687374e-26	-0.287651511644531	0.107	0.229	1.08371914628719e-21
4.13975599569301e-26	-0.424218282028251	0.22	0.328	1.33652022320949e-21
5.26609841833658e-26	-0.364497767535507	0.425	0.5	1.70015987435997e-21
6.32932747407035e-26	-0.419717198888171	0.57	0.632	2.04342337500361e-21
6.66854245367913e-26	-0.288557780628775	0.067	0.17	2.15293893117031e-21
7.14048777087963e-26	-0.437214198645928	0.1	0.208	2.30530647682849e-21
9.01942907269751e-26	-0.465323794943052	0.384	0.492	2.91192267612039e-21
1.75825022849162e-25	-0.339032286063642	0.061	0.159	5.67651086268521e-21
2.58248078485067e-25	-0.389042171257905	0.409	0.505	8.3375392138904e-21
2.77340701135204e-25	-0.407351464037284	0.213	0.324	8.95394453615006e-21
3.20336689444712e-25	0.253385790320119	0.423	0.287	1.03420700187225e-20
3.42821416534145e-25	-0.383755250637027	0.52	0.585	1.10679894328049e-20
3.77234583374057e-25	-0.317788596558042	0.391	0.525	1.21790185242314e-20
3.82852819195517e-25	-0.337867477360022	0.026	0.112	1.23604032677273e-20
3.99706254523355e-25	-0.371750534945793	0.18	0.294	1.29045164272865e-20
4.47561484839333e-25	-0.398914504408289	0.59	0.613	1.44495225380379e-20
4.65984837633463e-25	-0.489479838032933	0.43	0.481	1.50443204829963e-20
5.83976678181841e-25	-0.561604883297744	0.324	0.401	1.88536870551007e-20
7.62913150984439e-25	0.264845232613616	0.605	0.452	2.46306510795326e-20
1.19228570078884e-24	0.260904948433634	0.782	0.642	3.84929438499677e-20
1.27014478313625e-24	-0.395700146038653	0.297	0.399	4.10066243235539e-20
1.31850894131496e-24	-0.288398411157183	0.11	0.219	4.25680611703535e-20
1.62608279214346e-24	-0.268574355040193	0.095	0.209	5.24980829443517e-20
1.94729714112851e-24	0.262571473060573	0.964	0.933	6.28684882013339e-20
2.02309082426182e-24	-0.353398093681655	0.632	0.673	6.53154872612928e-20
2.05199344860837e-24	-0.36470111875945	0.597	0.64	6.62486084883214e-20
2.1963981991267e-24	-0.369398173093296	0.304	0.408	7.09107158588054e-20
2.73005302877159e-24	0.519993976382243	0.558	0.434	8.81397620338907e-20
3.35029695872508e-24	-0.432419066071991	0.212	0.321	1.08164337312439e-19
3.60048903427475e-24	-0.484350419327421	0.29	0.37	1.1624178847156e-19
3.84172523793008e-24	-0.381107705424108	0.416	0.509	1.24030099306573e-19
4.64715976407957e-24	-0.318274106116839	0.148	0.258	1.50033552983309e-19
5.37106852444816e-24	-0.458466606834766	0.095	0.198	1.73404947311809e-19
5.73939293100367e-24	-0.32985208771266	0.654	0.656	1.85296300777454e-19
5.80644579330792e-24	-0.465212387770389	0.615	0.614	1.87461102436946e-19
5.83968024249388e-24	-0.393254777659123	0.568	0.615	1.88534076628915e-19
6.2480677813043e-24	-0.414936211812522	0.559	0.611	2.01718868319409e-19
6.7073280332302e-24	-0.364265166520513	0.701	0.74	2.16546085552837e-19
6.79583759902299e-24	-0.44143013065147	0.433	0.531	2.19403616884457e-19
8.03004739480341e-24	-0.393856418331361	0.433	0.525	2.59250080141228e-19
1.03098138771319e-23	-0.378553560242708	0.555	0.61	3.32852341023205e-19
1.26371463795234e-23	-0.390066292510357	0.506	0.564	4.07990270862912e-19
1.6015098484308e-23	-0.40054911802344	0.309	0.409	5.17047454565883e-19
1.96840473618158e-23	-0.48609592402151	0.259	0.367	6.35499469076224e-19
2.07133624206409e-23	0.253095629457797	0.677	0.538	6.68730905750392e-19
2.45204693238821e-23	-0.331391265865486	0.51	0.563	7.91643352121535e-19
2.47839056343804e-23	-0.365432857776979	0.508	0.557	8.00148393405972e-19
2.57289278281023e-23	-0.318869194136297	0.078	0.176	8.30658434930284e-19
2.71869317653231e-23	-0.34099294027529	0.632	0.66	8.77730092043458e-19
4.24496629317885e-23	-0.438748046310959	0.453	0.515	1.37048736775279e-18
4.77685175031306e-23	-0.338471560911919	0.149	0.257	1.54220658758857e-18
5.51850367421639e-23	-0.285125057223056	0.109	0.212	1.78164891122076e-18
8.47471191768767e-23	-0.382358492934012	0.687	0.719	2.73606074262546e-18
9.38508215276859e-23	-0.467514084410111	0.37	0.46	3.02997377302134e-18
1.56642998008765e-22	-0.299380943873195	0.809	0.779	5.05721919071299e-18
1.73383990622619e-22	-0.296801870855696	0.086	0.182	5.59770213725125e-18
2.07877646630798e-22	0.283259929090813	0.834	0.693	6.71132982147531e-18
2.20104758765477e-22	-0.293931795204741	0.131	0.243	7.10608213674343e-18
2.27348883780618e-22	-0.324207497920193	0.104	0.204	7.33995871285725e-18
2.34966647787363e-22	0.399634033987629	0.534	0.391	7.58589822381501e-18
2.74095573237782e-22	-0.385523051802116	0.467	0.529	8.84917558198179e-18
2.89618386253745e-22	-0.348153094657133	0.139	0.243	9.35032960020215e-18
3.08192893530917e-22	-0.296839535161462	0.773	0.744	9.95000756764564e-18
3.37406931489413e-22	-0.415300227543816	0.376	0.467	1.08931827831357e-17
5.75494199222603e-22	-0.274615024036872	0.861	0.808	1.85798302219017e-17
6.15891864050533e-22	-0.486134233715144	0.407	0.463	1.98840688308714e-17
7.28686353580961e-22	-0.295747043502461	0.744	0.782	2.35256389253613e-17
8.10253863168733e-22	-0.328340241751931	0.455	0.516	2.61590459724025e-17
8.24689735045568e-22	-0.327997754526272	0.455	0.581	2.66251080959462e-17
8.61749257534323e-22	-0.360852163785176	0.916	0.858	2.78215747794956e-17
9.39384338039196e-22	-0.274612372801645	0.037	0.119	3.03280233535955e-17
9.68699394849365e-22	-0.31292330305225	0.742	0.82	3.12744599627117e-17
1.62802489966963e-21	-0.382563525484892	0.162	0.266	5.25607838858341e-17
1.73716434589528e-21	-0.275283546919907	0.115	0.215	5.60843509072291e-17
2.22033959544933e-21	-0.28198014421273	0.144	0.247	7.16836638390815e-17
2.25120880613468e-21	-0.288890977417173	0.117	0.214	7.26802763060581e-17
3.24079972540346e-21	0.301363901799072	0.37	0.258	1.04629219134651e-16
4.19420780744686e-21	-0.252001965080225	0.053	0.139	1.35409999063422e-16
4.5630151857702e-21	-0.409185871583658	0.314	0.414	1.47316945272591e-16
4.60235082567051e-21	-0.302704505901045	0.148	0.25	1.48586896406772e-16
5.12045721927377e-21	-0.285450952163793	0.081	0.172	1.65313961324254e-16
5.19347545489169e-21	-0.405279095075559	0.524	0.562	1.67671355061178e-16
5.73936178411728e-21	0.338341062176366	0.438	0.311	1.85295295200226e-16
6.04981505584497e-21	-0.297654380975938	0.054	0.139	1.95318279077955e-16
6.30659626391332e-21	-0.341043066411539	0.202	0.297	2.03608460380441e-16
7.04647519900074e-21	-0.321782825131782	0.164	0.27	2.27495451799739e-16
8.17041472513618e-21	-0.260835984324603	0.063	0.148	2.63781839401021e-16
9.00656957759489e-21	-0.292615938591624	0.174	0.273	2.90777098812651e-16
1.02430828996778e-20	-0.400128044371629	0.237	0.329	3.30697931416098e-16
1.26374509854441e-20	-0.302762869430207	0.509	0.603	4.08000105065064e-16
1.39803090117283e-20	-0.469859766245881	0.483	0.5	4.51354276443648e-16
1.92881934162131e-20	-0.368695932194367	0.458	0.511	6.2271932444244e-16
2.52660345407311e-20	-0.279059206470195	0.174	0.274	8.15713925147504e-16
4.53575935889354e-20	-0.360853882886946	0.254	0.347	1.46436990901878e-15
4.65600845650785e-20	-0.509673003877903	0.144	0.234	1.50319233018356e-15
4.73932495092127e-20	-0.303718806638637	0.214	0.308	1.53009106040493e-15
5.17108262815615e-20	-0.390148980525038	0.368	0.45	1.66948402650021e-15
5.19263659040219e-20	-0.327234716382207	0.673	0.687	1.67644272321135e-15
5.42561388453011e-20	-0.286393423726379	0.875	0.872	1.75165944262054e-15
5.63937263211963e-20	-0.332956164744156	0.292	0.382	1.82067145427982e-15
5.67992107074319e-20	-0.281782910706804	0.067	0.152	1.83376251768944e-15
6.69262820537474e-20	-0.304506194401529	0.113	0.209	2.16071501610523e-15
7.05891619605124e-20	-0.31071435428405	0.574	0.589	2.27897109389514e-15
7.33602750909429e-20	-0.343356697015146	0.272	0.365	2.36843648131109e-15
7.33632502910744e-20	-0.280435931516255	0.157	0.256	2.36853253564734e-15
1.04964379933164e-19	-0.350051200856394	0.573	0.587	3.3887750061422e-15
1.05134152221136e-19	-0.350307042362923	0.444	0.481	3.39425610445936e-15
1.09986867023875e-19	0.269529460762193	0.135	0.069	3.55092600186581e-15
1.11534803316118e-19	-0.283737945967457	0.142	0.239	3.60090112506087e-15
1.15450750090431e-19	-0.42894651617689	0.296	0.389	3.72732746666958e-15
1.2738990081217e-19	-0.31091878522734	0.805	0.78	4.11278294772092e-15
1.77099304217081e-19	-0.340328775700922	0.407	0.474	5.71765103664846e-15
1.82684906678274e-19	-0.309728736781901	0.675	0.646	5.89798221210808e-15
1.84838721661032e-19	0.30662683523756	0.416	0.296	5.96751812882642e-15
2.03236877059006e-19	-0.255360972145482	0.872	0.829	6.56150257585e-15
2.18414310711521e-19	-0.438641747742852	0.35	0.435	7.05150602132144e-15
2.19606976722884e-19	-0.41335913406675	0.307	0.39	7.09001124349832e-15
2.24585356407179e-19	-0.259665399433772	0.867	0.845	7.25073823160577e-15
2.73873065008939e-19	-0.26383398055265	0.469	0.574	8.84199190381359e-15
3.18198589881602e-19	-0.329390959088622	0.596	0.599	1.02730414743275e-14
3.50110952489401e-19	-0.33725729865953	0.174	0.264	1.13033321011203e-14
3.56853614160156e-19	-0.275866042746901	0.086	0.176	1.15210189331606e-14
3.815883068641e-19	-0.425216925588749	0.719	0.664	1.23195784871075e-14
4.23365322916113e-19	-0.312110087593444	0.157	0.254	1.36683494503467e-14
4.42162985106147e-19	-0.374414850052009	0.204	0.295	1.42752319741519e-14
5.16086700783064e-19	-0.294569375890843	0.766	0.747	1.66618591347812e-14
5.41359979230101e-19	-0.326620075281808	0.133	0.227	1.74778069294438e-14
5.69939695413799e-19	-0.305653090903687	0.702	0.751	1.84005030664345e-14
7.17805669981029e-19	-0.323622248434166	0.374	0.445	2.31743560553375e-14
7.34046136015374e-19	-0.360835152527067	0.33	0.442	2.36986795012563e-14
8.56924822338644e-19	-0.328596094576935	0.432	0.497	2.76658178892031e-14
9.36660953289053e-19	-0.266852900832983	0.088	0.175	3.02400988769371e-14
1.06591909557509e-18	-0.288841667195151	0.204	0.307	3.44131980006416e-14
1.14985495826539e-18	-0.295629446104947	0.842	0.808	3.71230673275981e-14
1.49485828663804e-18	-0.415073894468374	0.618	0.602	4.8261499784109e-14
2.15517978504078e-18	-0.263196736097502	0.095	0.182	6.95799793600417e-14
2.19597614206031e-18	0.370999394846772	0.702	0.611	7.0897089746417e-14
2.59603505016975e-18	-0.331173301442273	0.605	0.628	8.38129915947305e-14
2.64318164373574e-18	-0.32661314925195	0.581	0.588	8.53351193680083e-14
3.08365578787617e-18	-0.361876759145691	0.3	0.392	9.95558271115822e-14
3.75120293344772e-18	-0.403355116601564	0.584	0.628	1.2110758670636e-13
4.17000128607933e-18	-0.411725221391379	0.454	0.514	1.34628491521071e-13
4.28582635438019e-18	-1.03323686075646	0.121	0.214	1.38367903851164e-13
4.80294535852956e-18	-0.276759155090381	0.066	0.143	1.55063090900127e-13
5.01929522707838e-18	-0.284257332862981	0.163	0.254	1.62047946406225e-13
5.78204108189267e-18	-0.343611252310296	0.881	0.849	1.86673196328905e-13
5.89836295245938e-18	-0.276773637667382	0.757	0.722	1.90428647920151e-13
6.46027572873792e-18	-0.298785867372489	0.979	0.939	2.08570001902304e-13
6.61951742600661e-18	-0.326745531919211	0.404	0.481	2.13711120098623e-13
7.11149308688116e-18	-0.328809861125715	0.153	0.242	2.29594554309958e-13
7.14937723968514e-18	-0.351583365880084	0.442	0.485	2.30817644183235e-13
1.01387367495909e-17	-0.297379707488957	0.298	0.386	3.27329115960541e-13
1.15350217735816e-17	-0.267209495268523	0.083	0.165	3.72408177960081e-13
1.19763258960633e-17	-0.337350343297516	0.113	0.199	3.86655681554402e-13
1.29347895320042e-17	-0.268424056700615	0.157	0.249	4.17599680040757e-13
1.31741243428915e-17	-0.38247714411016	0.395	0.471	4.25326604410253e-13
1.34360637815137e-17	-0.261787144136817	0.909	0.862	4.33783319186169e-13
1.40129110205753e-17	-0.431652653135219	0.442	0.5	4.52406832299273e-13
1.46636496101987e-17	-0.497384892700634	0.205	0.305	4.73415927665264e-13
1.61194094162559e-17	-0.342920609474944	0.761	0.751	5.2041513300382e-13
1.78703180217007e-17	0.32830353451992	0.596	0.473	5.76943217330606e-13
2.11075061145191e-17	-0.309012258391245	0.799	0.758	6.8145583490725e-13
2.54009517774636e-17	-0.359583607042678	0.437	0.501	8.20069728135411e-13
2.60759188696523e-17	-0.293020453246285	0.125	0.209	8.41861040706723e-13
2.71262749285159e-17	-0.460378216175881	0.341	0.397	8.75771786067135e-13
2.73492693220615e-17	-0.40313972808125	0.952	0.901	8.82971160062757e-13
2.75769224094107e-17	-0.384601995143774	0.292	0.368	8.90320939987823e-13
2.90628126838867e-17	-0.387339843631146	0.345	0.422	9.38292907499283e-13
3.72854075939505e-17	-0.254407971595469	0.14	0.227	1.20375938417069e-12
3.86149182670017e-17	-0.422859244722646	0.453	0.515	1.24668263625015e-12
4.55381365012628e-17	-0.292028790261877	0.216	0.308	1.47019873694327e-12
4.82105320207657e-17	-0.256167496794085	0.135	0.222	1.55647702629042e-12
5.09377130128863e-17	0.301308208921236	0.687	0.541	1.64452406462103e-12
5.69725974398803e-17	-0.319221601061805	0.764	0.763	1.83936030834654e-12
5.69739100190886e-17	-0.267277783731845	0.162	0.252	1.83940268496628e-12
6.40224397778683e-17	-0.31371189969283	0.04	0.11	2.06696446822848e-12
9.39339333161734e-17	-0.261688582844473	0.191	0.278	3.03265703711266e-12
9.71422146161357e-17	-0.357831664409874	0.305	0.383	3.13623639888194e-12
1.06299477366348e-16	-0.285747901409352	0.722	0.702	3.43187862677256e-12
1.34447748961832e-16	-0.353517752933576	0.345	0.418	4.34064557523276e-12
1.38335987647964e-16	-0.273809446141186	0.215	0.3	4.46617736121452e-12
1.57105971377e-16	-0.287745862490379	0.18	0.267	5.07216628590643e-12
1.66829956464816e-16	-0.327446155461648	0.189	0.274	5.38610514446658e-12
1.69819599250883e-16	-0.374371854289619	0.696	0.707	5.48262576181477e-12
1.73901047266926e-16	-0.336258063854427	0.344	0.409	5.6143953110127e-12
1.78039071178603e-16	-0.254507172866325	0.188	0.277	5.7479914130012e-12
1.87776788387805e-16	-0.355349126258777	0.219	0.3	6.06237361310029e-12
1.96418844480989e-16	-0.292560128398404	0.595	0.611	6.34138239406872e-12
2.00914273227045e-16	-0.297671327186886	0.219	0.305	6.48651731113516e-12
2.02979223862628e-16	-0.278397639339999	0.183	0.271	6.55318424240494e-12
2.11507596351188e-16	-0.310280093250019	0.251	0.325	6.8285227481981e-12
2.44251542703038e-16	-0.38431385567702	0.622	0.669	7.88566105616757e-12
3.00167265397497e-16	-0.370461599037905	0.347	0.42	9.6909001633582e-12
3.05683867508292e-16	-0.276151195850685	0.16	0.257	9.8690036625052e-12
3.4133180933452e-16	-0.350077344360433	0.758	0.777	1.1019897464365e-11
3.68116165688447e-16	-0.317383808515531	0.315	0.388	1.18846304092515e-11
4.45920712103e-16	-0.334000337119907	0.19	0.273	1.43965501902454e-11
4.92620720890568e-16	-0.281843059997245	0.062	0.133	1.5904259973952e-11
5.02090066013575e-16	-0.366008109299197	0.276	0.356	1.62099777812483e-11
5.27350332918655e-16	-0.458998708314871	0.418	0.477	1.70255054982788e-11
5.39261102734905e-16	-0.263244386201763	0.093	0.174	1.74100447017964e-11
6.60283575464052e-16	0.478870479426035	0.506	0.412	2.13172552338569e-11
6.83109041970721e-16	-0.306162423683923	0.335	0.409	2.20541754200247e-11
7.04516607164595e-16	-0.410666685782229	0.431	0.479	2.27453186623089e-11
7.15254267416063e-16	-0.362976000265911	0.377	0.451	2.30919840235276e-11
8.31772285078387e-16	-0.25172636851441	0.131	0.212	2.68537682237557e-11
1.09724221177558e-15	-0.321717180677151	0.394	0.44	3.54244648071747e-11
1.10331611244971e-15	-0.544704030156886	0.158	0.238	3.5620560690439e-11
1.28037090699264e-15	-0.364435967162155	0.351	0.417	4.13367747322574e-11
1.37096156533344e-15	-0.310202144741927	0.732	0.727	4.42614941367901e-11
1.43241913882064e-15	0.337416636050808	0.489	0.385	4.62456518968244e-11
1.6177285871979e-15	-0.301507709137797	0.288	0.37	5.22283674376842e-11
1.7820899326684e-15	-0.283672393381097	0.699	0.706	5.75347734761991e-11
1.79046053390837e-15	-0.346513268777392	0.3	0.363	5.78050183372316e-11
2.08034363488627e-15	-0.307244415886962	0.433	0.489	6.71638942523031e-11
2.17074575687191e-15	-0.292153814176441	0.254	0.338	7.00825267606097e-11
2.58085055488784e-15	-0.302175526798172	0.384	0.448	8.33227601645539e-11
2.61150405681209e-15	-0.266543352789389	0.216	0.294	8.43124084741782e-11
2.7809335097213e-15	-0.574502772224916	0.429	0.44	8.97824383613521e-11
3.23296909531764e-15	-0.271506122160111	0.215	0.301	1.0437640724233e-10
3.29111870151012e-15	-0.300994969549631	0.343	0.414	1.06253767278254e-10
3.56009718933462e-15	-0.278691422846743	0.321	0.396	1.14937737757668e-10
3.89744203254275e-15	-0.309842899277742	0.824	0.816	1.25828916020643e-10
4.93884746391827e-15	-0.282114808519815	0.793	0.789	1.59450690372601e-10
5.31519199210607e-15	-0.346624472473127	0.49	0.538	1.71600973465145e-10
6.84578190113037e-15	-0.342723793156057	0.345	0.415	2.21016068677994e-10
7.61673245445937e-15	0.281261809265124	0.355	0.268	2.45906207292221e-10
8.04023828256877e-15	-0.280053958620504	0.339	0.426	2.59579092952733e-10
9.70324859239676e-15	-0.286749349052681	0.239	0.32	3.13269380805529e-10
1.05348379299542e-14	-0.315221671306664	0.799	0.795	3.40117242568571e-10
1.11659759633982e-14	-0.378837095110933	0.599	0.606	3.60493533978312e-10
1.23150740129362e-14	-0.261905841830627	0.203	0.286	3.97592164507647e-10
1.47317166283146e-14	-0.293771331125118	0.559	0.546	4.75613471345136e-10
1.52369720572185e-14	-0.346489214434748	0.547	0.533	4.91925642867298e-10
1.92752086054073e-14	-0.321223310828093	0.296	0.384	6.22300109825573e-10
2.12272503458267e-14	-0.349022670166893	0.311	0.385	6.85321777415016e-10
2.3341486421524e-14	-0.296514672401884	0.288	0.37	7.53579889118904e-10
2.86810222105253e-14	0.329875604840658	0.526	0.405	9.2596680206681e-10
3.61869437496988e-14	-0.310197214041085	0.269	0.334	1.16829547895903e-09
4.8117358568994e-14	-0.289338985976817	0.451	0.531	1.55346892139997e-09
6.8585249690418e-14	-0.415434748387561	0.183	0.255	2.21427478625515e-09
7.17584062305849e-14	-0.28075560178704	0.443	0.51	2.31672014515443e-09
7.2533582400117e-14	-0.277415239042767	0.187	0.267	2.34174670778778e-09
8.10435851988876e-14	-0.250049829156831	0.656	0.688	2.61649214814609e-09
9.13095910515973e-14	-0.301756361689198	0.219	0.294	2.94793014710082e-09
9.34328621865193e-14	-0.321202573782083	0.504	0.539	3.01647995569178e-09
1.05871179836806e-13	-0.301842638323518	0.513	0.523	3.41805104103129e-09
1.08608819841377e-13	-0.28059763767237	0.457	0.494	3.50643574857887e-09
1.1011122383657e-13	-0.266820367307819	0.233	0.308	3.55494086156366e-09
1.19059165379201e-13	-0.266174496641733	0.182	0.257	3.84382515426752e-09
1.26666129550459e-13	-0.369020731074868	0.569	0.547	4.08941599253658e-09
1.32593729078776e-13	-0.285002123276905	0.431	0.469	4.28078854330829e-09
1.41899431857597e-13	-0.254014458484114	0.785	0.726	4.58122315752253e-09
1.53849462193233e-13	-0.306341636384661	0.416	0.484	4.96702988690853e-09
1.70809717666374e-13	-0.264166209316693	0.202	0.278	5.51459173485889e-09
1.79585392569347e-13	-0.253732133481336	0.197	0.274	5.79791439910138e-09
2.07403402790867e-13	-0.340313050050803	0.192	0.262	6.69601885910314e-09
2.08820559678598e-13	-0.25331120497822	0.425	0.474	6.74177176922353e-09
2.20770136169452e-13	-0.310857976582589	0.402	0.426	7.12756384623076e-09
2.30437743335976e-13	-0.300099599395053	0.269	0.334	7.43968254360199e-09
2.30898641131634e-13	-0.258850054557686	0.241	0.307	7.45456262893482e-09
2.43577917252577e-13	-0.27434057708031	0.239	0.311	7.86391305849946e-09
2.48652861201843e-13	-0.293898578295593	0.721	0.679	8.02775762390151e-09
2.52295856053211e-13	-0.336924892056598	0.52	0.539	8.14537171267791e-09
2.60551531285015e-13	-0.259944875635837	0.118	0.19	8.4119061875367e-09
3.19978931332545e-13	-0.305644180189491	0.098	0.167	1.03305197980712e-08
3.46602761932139e-13	-0.309221957199757	0.537	0.577	1.11900701689791e-08
3.69557942244025e-13	-0.408758952246038	0.221	0.298	1.19311781653483e-08
4.37364174510116e-13	-0.307400735335809	0.303	0.371	1.41203023740591e-08
4.7320973818642e-13	-0.450377225818093	0.871	0.834	1.52775763973486e-08
5.04365738186817e-13	-0.2803506401515	0.18	0.25	1.62834478573614e-08
5.79582022172071e-13	-0.3015245399986	0.337	0.408	1.87118055858253e-08
7.18043649377009e-13	-0.287960787321788	0.496	0.527	2.31820392201367e-08
7.42803459715638e-13	-0.286490945271682	0.541	0.582	2.39814096969194e-08
7.58667050434534e-13	-0.270755000416061	0.214	0.285	2.44935657232789e-08
7.88409384503579e-13	-0.25191854672155	0.22	0.292	2.54537969786981e-08
8.19105229777429e-13	-0.302167384781966	0.304	0.356	2.64448123433643e-08
1.07293532836982e-12	-0.306333980088514	0.666	0.641	3.46397170764197e-08
1.13794757011073e-12	-0.291519386923791	0.296	0.366	3.67386373010249e-08
1.24020433653681e-12	-0.28105461425201	0.5	0.549	4.00399970050911e-08
1.56221373351152e-12	-0.257170377605985	0.276	0.339	5.04360703864194e-08
1.59275050073788e-12	-0.430226016925703	0.269	0.319	5.14219499163224e-08
1.65932843999791e-12	-0.266696715876504	0.718	0.703	5.35714186853326e-08
1.7079220460868e-12	-0.321796702102524	0.404	0.474	5.51402632579123e-08
1.74561616899562e-12	-0.254967196187941	0.172	0.246	5.63572180160236e-08
1.99318094559627e-12	-0.295688524177088	0.403	0.435	6.43498468285757e-08
2.60144264800135e-12	-0.273427077824217	0.617	0.629	8.39875758907237e-08
2.81148555201164e-12	-0.255415412551994	0.08	0.144	9.07688110466957e-08
3.00682922019279e-12	-0.274235769756778	0.282	0.34	9.70754813739242e-08
3.02878623210318e-12	-0.263050926534556	0.198	0.264	9.7784363503451e-08
3.81330511664228e-12	-0.276121639589917	0.555	0.557	1.23112555690796e-07
4.21955213889118e-12	-0.297443809322383	0.296	0.348	1.36228240804102e-07
4.30297832950148e-12	-0.278709373298155	0.501	0.506	1.38921655367955e-07
4.60161871603637e-12	-0.300128901442737	0.349	0.396	1.48563260247234e-07
5.10765591350187e-12	-0.290333000412485	0.263	0.327	1.64900671167408e-07
5.37150161791401e-12	-0.255752497104956	0.82	0.766	1.73418929734354e-07
6.16020740941162e-12	-0.294631564790071	0.498	0.536	1.98882296212854e-07
7.13728033090333e-12	-0.33328125045729	0.231	0.287	2.30427095483214e-07
9.65848560977425e-12	-0.253333472306651	0.331	0.396	3.11824207911562e-07
1.03720839111442e-11	-0.288862823505047	0.256	0.322	3.34862729071289e-07
1.45123246221353e-11	-0.337982494097896	0.772	0.764	4.68530400425639e-07
2.39112761480801e-11	-0.270309357558989	0.475	0.5	7.71975550440767e-07
2.48474787799641e-11	-0.31586998474269	0.656	0.665	8.02200852411142e-07
2.86197472999586e-11	-0.265318135388719	0.302	0.366	9.23988541579165e-07
2.90978910654087e-11	-0.2984110430537	0.3	0.362	9.3942541304672e-07
3.82082018415220e-11	-0.258907829869913	0.645	0.658	1.23355179645354e-06
4.17564372569247e-11	-0.326731187078923	0.6	0.612	1.34810657683981e-06
4.63521890255423e-11	-0.279570692044552	0.476	0.489	1.49648042268963e-06
5.37159623949512e-11	-0.264004396615186	0.488	0.522	1.734219845921e-06
6.83562391669834e-11	-0.328485740493515	0.565	0.572	2.20688118150606e-06
7.93602500066861e-11	-0.274551930130376	0.249	0.314	2.56214567146586e-06
8.6764198770225e-11	-0.265297010995832	0.189	0.252	2.80118215729671e-06
8.94181566065559e-11	-0.272120991455105	0.221	0.289	2.88686518604266e-06
9.83878943768905e-11	-0.476330557710804	0.464	0.533	3.17645316995791e-06
1.11984715771721e-10	-0.25813975969764	0.518	0.55	3.61542654869002e-06
1.26251692571541e-10	-0.313055911286367	0.173	0.232	4.0760358946722e-06
1.30921327055949e-10	-0.34649083283509	0.372	0.414	4.22679504400131e-06
1.31668792154894e-10	-0.26912063501165	0.358	0.412	4.25092695472074e-06
1.40681640555754e-10	-0.269705974617227	0.643	0.634	4.54190676534251e-06
1.73430631667127e-10	-0.31936684604134	0.205	0.272	5.5992079433732e-06
1.74679260733913e-10	-0.263961022225414	0.579	0.569	5.63951993279439e-06
2.06188398903162e-10	-0.297941622879999	0.339	0.382	6.65679245858859e-06
2.52224558855022e-10	-0.346094258765997	0.598	0.594	8.1430698826344e-06
2.56642513020629e-10	-0.280173933910664	0.576	0.586	8.285703532871e-06
3.02551520204707e-10	0.303343301477034	0.37	0.3	9.76787582980896e-06
3.36234370357285e-10	-0.261118909164354	0.309	0.367	1.0855326646985e-05
4.56485767305695e-10	-0.259712955080277	0.307	0.372	1.47376429974644e-05
4.59928630061547e-10	-0.360892964103245	0.34	0.376	1.4848795821537e-05
4.96917574210505e-10	-0.263393327184371	0.476	0.5	1.60429838833862e-05
5.29832985611138e-10	-0.282041889265935	0.28	0.337	1.71056579404556e-05
5.41050150865503e-10	-0.254486213787466	0.432	0.473	1.74678041206928e-05
6.92124132546815e-10	-0.286153774139267	0.626	0.64	2.23452276192739e-05
7.59804882734455e-10	-0.274426578225011	0.252	0.309	2.45303006390819e-05
8.21972621022636e-10	-0.2518432528606	0.147	0.206	2.65373860697158e-05
9.92488221855587e-10	-0.250697588162371	0.409	0.43	3.20424822426076e-05
1.00023563838179e-09	-0.252732383111743	0.245	0.305	3.22926075851561e-05
1.11031124940488e-09	-0.259864099031088	0.479	0.507	3.58463986870365e-05
1.18306168453137e-09	-0.262890604811773	0.35	0.381	3.81951464850952e-05
1.28166448236796e-09	-0.25828642917322	0.427	0.449	4.13785378132496e-05
1.44792152327915e-09	-0.259395557388738	0.334	0.382	4.67461463790674e-05
2.22094421696832e-09	-0.260656969918778	0.269	0.326	7.17031840448221e-05
2.28835527915276e-09	-0.291225520957763	0.548	0.565	7.38795501874467e-05
3.30260170839949e-09	-0.330255286408082	0.394	0.431	0.000106624496155678
4.43628196956159e-09	-0.313384404299339	0.38	0.396	0.000143225363387296
4.86601934175391e-09	-0.349702326067509	0.111	0.165	0.000157099434448525
6.0855081219761e-09	-0.252058229530694	0.313	0.366	0.000196470629717998
1.00262124526035e-08	-0.528760653921814	0.062	0.108	0.000323696269032304
1.32017586532183e-08	-0.25867700472277	0.573	0.579	0.000426218778119151
1.47351868054557e-08	-0.282234905098509	0.402	0.435	0.000475725506014138
1.47728127552659e-08	-0.384137698599256	0.592	0.617	0.000476940259803759
1.50778061063361e-08	-0.25053727137921	0.588	0.597	0.000486786970143062
1.6359615582075e-08	-0.270237653235931	0.496	0.537	0.00052817018906729
1.96625722377767e-08	-0.252559079862775	0.395	0.438	0.000634806144696621
2.01558233775597e-08	-0.255841868697262	0.494	0.514	0.000650730757744513
2.10338127600264e-08	-0.295525173975505	0.277	0.32	0.000679076644957454
5.73485364609492e-08	-0.313619782807426	0.588	0.591	0.00185149749964175
6.89506317107162e-08	-0.262116454748018	0.307	0.36	0.00222607114478047
8.15918345160313e-08	-0.251850927749742	0.362	0.393	0.00263419237735007
8.57279066687565e-08	-0.375736232297885	0.277	0.33	0.0027677254668008
9.85205542871841e-08	-0.325665945056579	0.264	0.298	0.00318073609516174
1.37918262635105e-07	-0.719788885100682	0.27	0.31	0.00445269110917438
3.28041213426559e-07	-0.262511169553908	0.626	0.609	0.0105908105754765
4.84244802177938e-07	-0.266077379066252	0.69	0.671	0.0156338434383147
6.87339472864115e-07	-0.314164510967563	0.475	0.494	0.022190754881418
7.75645772275577e-07	-0.27672065632024	0.245	0.288	0.025041723757917
8.61195762525518e-07	-0.272611109102894	0.346	0.373	0.0278037051931364
1.18226022911147e-06	-0.318571335021667	0.381	0.421	0.0381692714968637
1.60593116008133e-06	-0.344624333141302	0.581	0.571	0.0518474875032258
2.01065055021589e-06	-0.276193882165487	0.482	0.488	0.0649138530137201
2.15841982479509e-06	-0.280957331731732	0.358	0.4	0.0696845840435095
3.34819178515249e-06	-0.390403920199549	0.968	0.95	0.108096371783648
3.48181047585812e-06	-0.285063108476105	0.449	0.473	0.11241025121308
3.5934084224189e-06	-0.329710197852095	0.312	0.341	0.116013190917794
1.33889630300041e-05	-0.271092897307924	0.213	0.25	0.432262671423682
2.54469796305704e-05	-0.265484558783677	0.41	0.426	0.821555737372964
4.44324916684509e-05	-0.281656783947579	0.284	0.316	1
9.45027510306837e-05	-0.292125354487373	0.218	0.248	1
0.000103258989042393	-0.270682861784274	0.889	0.831	1
0.000114558088168699	-0.252831791807392	0.648	0.651	1
0.000133738558810829	-0.344797444686295	0.26	0.29	1
0.000205971049251322	-0.263350780715695	0.184	0.217	1
0.000537938710788891	-0.267949527017337	0.325	0.333	1
0.00196207730094221	-0.271895353700902	0.696	0.608	1
0.00712011161041311	-0.321980369135649	0.436	0.408	1
0.014441423266869	-0.43810378710708	0.452	0.434	1
0.0373416291157201	-0.25657928601171	0.435	0.425	1
0.0419151403914271	-0.275884223213654	0.594	0.556	1
0.101217938115866	-0.28025375626839	0.388	0.375	1
0.444193990991222	-0.28260868827128	0.331	0.306	1
