p_val	avg_log2FC	pct.1	pct.2	p_val_adj
1.0623880828839e-221	-0.664670326208088	0	0.25	3.42991992559068e-217
1.0623880828839e-221	-0.499827405734013	0	0.25	3.42991992559068e-217
1.0623880828839e-221	-0.849435696428614	0	0.25	3.42991992559068e-217
1.0623880828839e-221	-0.849435696428614	0	0.25	3.42991992559068e-217
1.0623880828839e-221	-0.664670326208088	0	0.25	3.42991992559068e-217
1.0623880828839e-221	-0.664670326208088	0	0.25	3.42991992559068e-217
1.0623880828839e-221	-0.556958787210256	0	0.25	3.42991992559068e-217
1.0623880828839e-221	-0.271452202288426	0	0.25	3.42991992559068e-217
1.0623880828839e-221	-0.849435696428614	0	0.25	3.42991992559068e-217
9.97323570682978e-112	-0.271239066038299	0	0.25	3.21985914794999e-107
9.97323570682978e-112	-0.271191931249349	0	0.25	3.21985914794999e-107
9.97323570682978e-112	-0.849328037594344	0	0.25	3.21985914794999e-107
9.97323570682978e-112	-1.46186672615216	0	0.25	3.21985914794999e-107
9.97323570682978e-112	-0.664332243159732	0	0.25	3.21985914794999e-107
9.97323570682978e-112	-0.271328947534851	0	0.25	3.21985914794999e-107
9.97323570682978e-112	-1.16450729050182	0	0.25	3.21985914794999e-107
1.28090373109968e-111	-0.270302757776909	0	0.25	4.13539769585532e-107
4.94413175526356e-75	-0.55647290179112	0	0.25	1.59621293718684e-70
4.94413175526356e-75	-0.556535879932776	0	0.25	1.59621293718684e-70
4.94413175526356e-75	-0.664105422930686	0	0.25	1.59621293718684e-70
4.94413175526356e-75	-0.849006306028664	0	0.25	1.59621293718684e-70
4.94413175526356e-75	-0.664236229937781	0	0.25	1.59621293718684e-70
5.84223388191606e-75	-0.662231258146473	0	0.25	1.8861652087766e-70
5.84223388191606e-75	-0.662402114997191	0	0.25	1.8861652087766e-70
6.90290860578483e-75	-0.2705883366551	0	0.25	2.22860404337763e-70
1.14831552093475e-56	-1.37937908756481	0.001	0.25	3.70733665933784e-52
1.14831552093475e-56	-0.663859046351469	0.001	0.25	3.70733665933784e-52
1.14831552093475e-56	-0.848408284356887	0.001	0.25	3.70733665933784e-52
1.67170619390035e-56	-0.270426288616151	0.001	0.25	5.39710344700727e-52
1.23178860764084e-45	-0.848539107338623	0.001	0.25	3.97682951976844e-41
1.23178860764084e-45	-0.847994588026606	0.001	0.25	3.97682951976844e-41
1.23178860764084e-45	-0.663455834524096	0.001	0.25	3.97682951976844e-41
1.23178860764084e-45	-0.498556833274002	0.001	0.25	3.97682951976844e-41
1.23178860764084e-45	-2.64547145629931	0.001	0.25	3.97682951976844e-41
2.8275245363205e-38	-0.956433828277744	0.001	0.25	9.12866296551073e-34
2.8275245363205e-38	-0.847571568150772	0.001	0.25	9.12866296551073e-34
2.8275245363205e-38	-1.46085471718621	0.001	0.25	9.12866296551073e-34
3.07399542822495e-38	-0.661821316219113	0.001	0.25	9.92439424002424e-34
3.15253885260659e-34	-1.56328423727302	0.006	0.5	1.01779716856404e-29
5.17974289172471e-33	-0.55524519059841	0.001	0.25	1.67227999259332e-28
5.17974289172471e-33	-0.555124537155202	0.001	0.25	1.67227999259332e-28
4.62728290799449e-29	-0.663046828441298	0.002	0.25	1.49391828684602e-24
4.92690884068667e-29	-0.269996188719594	0.002	0.25	1.59065251921569e-24
4.92690884068667e-29	-0.661456743756043	0.002	0.25	1.59065251921569e-24
5.24577492916119e-29	-0.268855787279721	0.002	0.25	1.69359843587969e-24
5.94620479012408e-29	-0.269198357469698	0.002	0.25	1.91973221649156e-24
5.94620479012408e-29	-0.269376638382526	0.002	0.25	1.91973221649156e-24
5.94620479012408e-29	-0.269282975699595	0.002	0.25	1.91973221649156e-24
5.51213936401661e-26	-2.50076086706891	0.002	0.25	1.77959419367276e-21
5.51213936401661e-26	-0.847044727326947	0.002	0.25	1.77959419367276e-21
1.60137975314038e-23	-0.661210342080228	0.002	0.25	5.17005453301373e-19
1.60137975314038e-23	-1.45662275477565	0.002	0.25	5.17005453301373e-19
1.68388945565321e-23	-0.661116441680609	0.002	0.25	5.43643710757637e-19
1.68388945565321e-23	-0.846107650026787	0.002	0.25	5.43643710757637e-19
2.1639630520439e-23	-0.267885303677564	0.002	0.25	6.98635471352375e-19
2.1639630520439e-23	-0.267473393139421	0.002	0.25	6.98635471352375e-19
2.2751241650092e-23	-0.264823028730354	0.002	0.25	7.34523836673221e-19
1.63171926340721e-22	-1.17041869405536	0.01	0.5	5.26800564191018e-18
1.66632966521501e-21	-1.45842024440748	0.002	0.25	5.37974532414666e-17
2.05463547142915e-21	-0.994305826430629	0.01	0.5	6.633390619509e-17
2.89645061052174e-20	-2.26876417354076	0.025	0.75	9.35119079606945e-16
8.02475636681854e-20	-1.37596706255645	0.003	0.25	2.59079259302737e-15
8.02475636681854e-20	-2.60832143452158	0.003	0.25	2.59079259302737e-15
2.13596788159383e-18	-0.553729165125315	0.003	0.25	6.89597230572567e-14
2.13596788159383e-18	-0.6608833165234	0.003	0.25	6.89597230572567e-14
2.90953961508186e-18	-0.267751132162007	0.003	0.25	9.3934486472918e-14
3.02389098606761e-18	-0.26732613675514	0.003	0.25	9.76263204851926e-14
3.69780706758146e-17	-0.659284541005511	0.003	0.25	1.19383701176868e-12
4.58636392149713e-17	-0.267099012824595	0.003	0.25	1.48070759205535e-12
4.10246082935975e-16	-1.11189815064747	0.003	0.25	1.32447947875879e-11
4.10246082935975e-16	-1.28758520559837	0.003	0.25	1.32447947875879e-11
4.10246082935975e-16	-0.659486203242936	0.003	0.25	1.32447947875879e-11
4.10246082935975e-16	-0.84481093257414	0.003	0.25	1.32447947875879e-11
4.10246082935975e-16	-1.73727813473126	0.003	0.25	1.32447947875879e-11
5.01667740041097e-16	-0.26688372570535	0.003	0.25	1.61963429872268e-11
3.4837871886459e-15	-1.75955628686516	0.004	0.25	1.12474069385433e-10
3.4837871886459e-15	-0.84416284254068	0.004	0.25	1.12474069385433e-10
3.4837871886459e-15	-0.660376730901733	0.004	0.25	1.12474069385433e-10
3.4837871886459e-15	-0.844373198760775	0.004	0.25	1.12474069385433e-10
3.71017366977785e-15	-0.655998661934701	0.004	0.25	1.19782956928778e-10
2.30431077512873e-14	-0.495384974102757	0.004	0.25	7.43946733750309e-10
2.37365221754345e-14	-0.842182199292089	0.004	0.25	7.66333618433902e-10
2.91994384321048e-14	-0.48814828747644	0.004	0.25	9.42703869780502e-10
2.91994384321048e-14	-0.266210770516526	0.004	0.25	9.42703869780502e-10
1.34597043832025e-13	-0.54827760393809	0.004	0.25	4.34546556011691e-09
1.34597043832025e-13	-0.266689922562583	0.004	0.25	4.34546556011691e-09
1.42339869158089e-13	-0.490654798839163	0.004	0.25	4.59544267576889e-09
1.63663195152853e-13	-0.264541180464601	0.004	0.25	5.28386625550987e-09
3.70438191298492e-13	-0.819340816327074	0.018	0.5	1.19595970060718e-08
5.5762355607193e-13	-0.55118168588453	0.004	0.25	1.80028765077823e-08
5.5762355607193e-13	-0.659283329266739	0.004	0.25	1.80028765077823e-08
5.88027253343811e-13	-0.550324653627908	0.004	0.25	1.89844598742049e-08
7.07813561616537e-13	-0.264146103460784	0.004	0.25	2.28517608367899e-08
2.92727914429258e-12	-0.264221090270268	0.005	0.25	9.45072071734859e-08
7.39048086905492e-12	-0.842102933628647	0.005	0.25	2.38601674857438e-07
7.39048086905492e-12	-1.37450825232469	0.005	0.25	2.38601674857438e-07
7.39048086905492e-12	-0.842433158952846	0.005	0.25	2.38601674857438e-07
9.39432976360574e-12	-0.264673768699783	0.005	0.25	3.03295936418011e-07
2.25948122071293e-11	-1.37206774945966	0.005	0.25	7.29473512107169e-07
3.22090394391923e-11	-1.14672056148266	0.022	0.5	1.03986883829432e-06
6.27416094397845e-11	-0.550116677074119	0.005	0.25	2.02561286076344e-06
8.52569999639446e-11	-0.263413658861438	0.005	0.25	2.75252224383595e-06
1.63556580708564e-10	-0.656673644544369	0.006	0.25	5.28042420817599e-06
1.67036867799295e-10	-0.857480170301657	0.006	0.25	5.39278527690025e-06
1.97609718577715e-10	-0.263643290761394	0.006	0.25	6.37982976428153e-06
2.1488227047124e-10	-0.261024447548174	0.006	0.25	6.937474102164e-06
3.79554395490254e-10	-0.549638340327386	0.006	0.25	1.22539136584029e-05
4.64461276497058e-10	-0.264263843917694	0.006	0.25	1.49951323117075e-05
6.37082528545589e-10	-1.1555050578979	0.025	0.5	2.05682094340943e-05
8.42407843309968e-10	-0.65628786522096	0.006	0.25	2.71971372212623e-05
8.58963387278879e-10	-0.838572982419336	0.006	0.25	2.77316329582986e-05
8.58963387278879e-10	-0.839779045514395	0.006	0.25	2.77316329582986e-05
8.75836101376659e-10	-0.835030174677626	0.006	0.25	2.82763685329455e-05
3.50485939476183e-09	-0.549151218029174	0.007	0.25	0.000113154385559886
3.50485939476183e-09	-0.842723276834988	0.007	0.25	0.000113154385559886
3.68109162713562e-09	-1.32499917674895	0.027	0.5	0.000118844043182073
4.93486929507681e-09	-0.258614884960383	0.007	0.25	0.000159322255191555
6.18919886523736e-09	-1.14836890634527	0.028	0.5	0.000199818285364188
6.6467374640894e-09	-0.657261108656438	0.007	0.25	0.000214589919028126
6.88303541269326e-09	-1.10497876950318	0.007	0.25	0.000222218798298802
7.12749536627247e-09	-0.487835161049062	0.007	0.25	0.000230111187900107
8.1925542149956e-09	-0.261220635036399	0.007	0.25	0.000264496612831133
8.3361067590499e-09	-0.261642492893814	0.007	0.25	0.000269131206715926
2.12716374244908e-08	-1.28188226201917	0.069	0.75	0.000686754814249686
2.22165299545013e-08	-0.652231392735755	0.007	0.25	0.000717260669581075
3.5768998041564e-08	-0.841297686652104	0.008	0.25	0.00115480210177189
3.5768998041564e-08	-0.652840656682088	0.008	0.25	0.00115480210177189
3.5768998041564e-08	-0.656339547841342	0.008	0.25	0.00115480210177189
3.5768998041564e-08	-0.655263676598625	0.008	0.25	0.00115480210177189
5.86149898007881e-08	-1.01317193810162	0.008	0.25	0.00189238494571844
5.86149898007881e-08	-1.36775806497148	0.008	0.25	0.00189238494571844
5.9523396709306e-08	-0.839611518482306	0.008	0.25	0.00192171286275995
5.9523396709306e-08	-0.654051481606797	0.008	0.25	0.00192171286275995
6.13813123659892e-08	-0.651375469136868	0.008	0.25	0.00198169566973596
7.15463152773313e-08	-0.260182759757612	0.008	0.25	0.00230987278872864
1.13277571701585e-07	-0.261490840538146	0.008	0.25	0.00365716640238568
1.90549001817824e-07	-0.258716999044331	0.008	0.25	0.00615187452368843
2.01351043987623e-07	-0.956196677358192	0.034	0.5	0.00650061845514041
2.22415764269919e-07	-1.10297303207627	0.009	0.25	0.00718069294945432
2.2877932675298e-07	-0.854433216486586	0.009	0.25	0.00738614056421997
2.70818953337707e-07	-0.259904261052105	0.009	0.25	0.00874338990850787
3.33763759842386e-07	-1.70533685477707	0.036	0.5	0.0107755629865114
4.52086330520985e-07	-0.986951123868792	0.037	0.5	0.01459560718087
1.02795808986022e-06	-0.643561095661039	0.01	0.25	0.0331876269311372
1.15199147239402e-06	-0.258818525541102	0.01	0.25	0.0371920446862409
1.18144809484857e-06	-0.259948362162052	0.01	0.25	0.0381430517421861
1.29559817168028e-06	-1.44626530193566	0.01	0.25	0.041828386972698
1.29559817168028e-06	-1.10372890490148	0.01	0.25	0.041828386972698
1.59885389980607e-06	-0.260355364343249	0.01	0.25	0.0516189981552389
2.25867125362115e-06	-1.32920996136402	0.1	0.75	0.0729212014231587
2.34857778215689e-06	-0.256297122676351	0.01	0.25	0.0758238336969353
2.38118035317658e-06	-0.542772123827016	0.01	0.25	0.076876407702306
3.18142592554953e-06	-0.833491549962992	0.011	0.25	0.102712336006367
3.21846352882111e-06	-0.830251295457347	0.011	0.25	0.10390809502799
3.30501012997284e-06	-1.12983512533599	0.044	0.5	0.106702252046173
3.48882165443292e-06	-1.69575445332484	0.201	1	0.112636607113367
4.1032416361733e-06	-4.67686879852642	0.011	0.25	0.132473156223855
5.23504157909712e-06	-1.09766816533435	0.011	0.25	0.169013317381151
5.29342385042858e-06	-0.541228755285137	0.011	0.25	0.170898189011087
5.59480909928271e-06	-0.646276796841977	0.011	0.25	0.180628411770342
6.75668315817493e-06	-0.83026172287452	0.011	0.25	0.218139515761678
9.10070149105635e-06	-0.538073343419967	0.012	0.25	0.293816147638754
9.59749249103938e-06	-1.02779542233496	0.106	0.75	0.309855045073206
1.03689109025958e-05	-0.929035322627567	0.109	0.75	0.334760288490305
1.07765878541477e-05	-0.255449579842381	0.012	0.25	0.347922138871158
1.12394728197153e-05	-0.256912755680494	0.012	0.25	0.362866379984509
1.12807155551285e-05	-2.15595504834042	0.048	0.5	0.364197901697323
1.32677220087134e-05	-0.65019422710303	0.012	0.25	0.428348405051311
1.39622483408359e-05	-0.639748834622007	0.012	0.25	0.450771187683887
1.39622483408359e-05	-0.644538054370182	0.012	0.25	0.450771187683887
1.64943062226134e-05	-0.64893911027893	0.012	0.25	0.532518676397074
1.64943062226134e-05	-0.83343032151622	0.012	0.25	0.532518676397074
1.66602939929549e-05	-0.484114817480862	0.012	0.25	0.537877591562548
1.67690229391049e-05	-1.50738708059823	0.049	0.5	0.541387905589001
1.71678623293765e-05	-0.641164403450791	0.012	0.25	0.554264435303919
1.9747286275074e-05	-2.31495813835103	0.013	0.25	0.637541137390763
2.09477180918885e-05	-0.250328923303284	0.012	0.25	0.676297078596621
2.11523988915085e-05	-0.633728041338537	0.013	0.25	0.682905198212352
2.93799928524446e-05	-0.827942333515841	0.013	0.25	0.948533069241174
3.71327898862616e-05	-1.1684676717608	0.055	0.5	1
4.04360035128455e-05	-0.250613706160981	0.013	0.25	1
4.17454440061775e-05	-1.37609137457084	0.014	0.25	1
4.30618759513685e-05	-0.254951351949006	0.013	0.25	1
4.63026309805878e-05	-0.844164321348652	0.056	0.5	1
4.6346273583516e-05	-0.253091100532491	0.013	0.25	1
4.93137898543351e-05	-0.539227666697531	0.014	0.25	1
5.74192836175083e-05	-0.83002709703875	0.014	0.25	1
5.79272945260567e-05	-0.641246012778966	0.014	0.25	1
5.79286493765376e-05	-0.483225363986725	0.014	0.25	1
7.80212216427581e-05	-1.71028069631833	0.015	0.25	1
7.93655501098567e-05	-0.82685123504687	0.015	0.25	1
8.18551284515033e-05	-0.252954442390397	0.014	0.25	1
8.8508416859003e-05	-1.16615182071243	0.06	0.5	1
0.000101492570068126	-0.252978932078637	0.015	0.25	1
0.00010572511038192	-0.642839109539793	0.015	0.25	1
0.000111266354412092	-0.252300596631488	0.015	0.25	1
0.000118290583047381	-2.13229161741542	0.015	0.25	1
0.000120233963700304	-0.640741292980819	0.015	0.25	1
0.000122839667306621	-0.670166566232194	0.059	0.5	1
0.000132955718108816	-1.14435461603402	0.138	0.75	1
0.000149404078549103	-2.2409235292712	0.16	0.75	1
0.000152743026807668	-0.907277650371398	0.059	0.5	1
0.000168914525924273	-0.252872906550662	0.016	0.25	1
0.000171028206434849	-1.3504246179142	0.316	1	1
0.000176940742278556	-0.931641686527552	0.016	0.25	1
0.000182529983707831	-0.666618848303251	0.016	0.25	1
0.000188284897992558	-0.626363680617795	0.016	0.25	1
0.000188556227137113	-0.251526611689381	0.016	0.25	1
0.000189624098849651	-2.14596724209914	0.268	1	1
0.000202848240466613	-0.476676196211082	0.016	0.25	1
0.000221373069720959	-2.30836962886212	0.017	0.25	1
0.000227764438495747	-0.660257646107178	0.063	0.5	1
0.000230055326687108	-0.251043987841623	0.016	0.25	1
0.000235794787622126	-1.17278966402039	0.306	1	1
0.000263916643510402	-0.913030124154899	0.064	0.5	1
0.000292504733338891	-0.901561547524613	0.069	0.5	1
0.000309406999100469	-0.643724575157528	0.017	0.25	1
0.000316208944479203	-0.533112823869685	0.017	0.25	1
0.00032315067632112	-2.96800795136456	0.017	0.25	1
0.000346330952342592	-0.643194289799097	0.018	0.25	1
0.000400357404348955	-0.530910267470514	0.018	0.25	1
0.00041230490405632	-2.30686166609469	0.387	1	1
0.000424215182967708	-0.654854716568793	0.069	0.5	1
0.000435196970058217	-0.742721733839056	0.068	0.5	1
0.000507616259735477	-0.620858401120018	0.018	0.25	1
0.000542422147927983	-2.41894885277478	0.809	1	1
0.000560168583454615	-0.648296548625022	0.019	0.25	1
0.000563934687848295	-0.828763926170145	0.019	0.25	1
0.000565545973287755	-2.60208625195187	0.988	1	1
0.000567724373837314	-0.535302743841154	0.019	0.25	1
0.000587031074199505	-0.663180410388299	0.019	0.25	1
0.000629553828068385	-0.634616893544159	0.019	0.25	1
0.000655619300125778	-1.21572586223906	0.197	0.75	1
0.000691779556309857	-1.93037751669061	1	1	1
0.000778549116429467	-2.02113706062593	0.973	1	1
0.00078589834061014	-1.04127931505232	0.173	0.75	1
0.000793600755834046	-0.642910819440411	0.02	0.25	1
0.000866820789199997	-0.825988323924618	0.02	0.25	1
0.000866820789199997	-0.990635257576704	0.02	0.25	1
0.000872298839676083	-1.08125290577958	0.02	0.25	1
0.000933154383958554	-1.23757653355661	0.02	0.25	1
0.000941133381968949	-0.922800857905058	0.18	0.75	1
0.000962646634361269	-0.534333596777604	0.02	0.25	1
0.000978081349170313	-0.929667879969864	0.082	0.5	1
0.000993000146590004	-0.651962781148357	0.02	0.25	1
0.00101233069853746	-1.24279715190584	0.18	0.75	1
0.0011025325064211	-0.91771174631446	0.021	0.25	1
0.00116789740288842	-1.77776938571502	0.083	0.5	1
0.00116884975882504	2.67156413519222	0.938	0	1
0.00118789290648363	-0.635962157052992	0.021	0.25	1
0.0011924672851477	-1.1345686751482	0.215	0.75	1
0.00127017031384823	-0.634432894979291	0.021	0.25	1
0.00130847432946475	-1.0731259181237	0.021	0.25	1
0.00134784187314533	-0.896272707698707	0.021	0.25	1
0.00136415626370518	-1.70280614404087	0.022	0.25	1
0.00145336380210449	-0.737394314387001	0.082	0.5	1
0.0014725999797625	-1.03043469737716	1	1	1
0.00156254426211334	-1.07025590295709	0.528	1	1
0.00156990041836488	-1.25692317718535	0.186	0.75	1
0.00158443109311149	-0.813106517501776	0.022	0.25	1
0.00167350542611252	2.36432547686505	0.993	0.5	1
0.00168422925101252	-0.819394482126166	0.022	0.25	1
0.00173119756474652	-0.736498078911049	0.084	0.5	1
0.00174274592179971	-1.02953014820873	0.199	0.75	1
0.00180827790933571	-1.31938868383296	0.023	0.25	1
0.00182561087529109	-1.05955900585842	0.496	1	1
0.00185984122696159	-0.629730232804387	0.023	0.25	1
0.00189363973412688	2.01577403218814	0.897	0	1
0.00189586196975505	-0.636497911442638	0.023	0.25	1
0.00195837853161034	1.9504692532166	0.921	0.25	1
0.00196614749362147	2.39347386531571	0.971	0.5	1
0.00198824368950757	-1.01655904599207	0.092	0.5	1
0.00201087239536709	1.37893246076863	0.993	0.75	1
0.00206495719664483	2.53729564115883	0.947	0.25	1
0.0021589740261901	-0.637730530261491	0.023	0.25	1
0.00222430675176115	-0.808943689746043	0.086	0.5	1
0.00229321593978361	-0.817575677187547	0.023	0.25	1
0.00245575630564732	-1.09593761255725	0.249	0.75	1
0.00246743592996027	2.06275948095998	0.874	0	1
0.00251323860010363	-0.894777399348559	0.095	0.5	1
0.0027721553313993	-0.631445428696977	0.024	0.25	1
0.00287038098830485	-0.527717993811242	0.024	0.25	1
0.00289063388289733	-0.459779638262505	0.024	0.25	1
0.00300015920997389	-1.01023502609862	0.22	0.75	1
0.00303189052514439	-0.817937653432959	0.025	0.25	1
0.00304754027574436	-0.525950928935905	0.025	0.25	1
0.00308536467607497	-1.28929978643273	0.661	1	1
0.00311895073848306	-0.889889180038508	0.093	0.5	1
0.00313062421208658	-1.11445267567856	0.101	0.5	1
0.00314008446870575	-1.05006758940131	0.1	0.5	1
0.00324993101205057	1.26074278918517	0.998	1	1
0.00331631793574763	-0.62795063198253	0.093	0.5	1
0.00338942867962822	-0.815548324657392	0.025	0.25	1
0.00340127408077684	1.45648823339493	0.982	0.75	1
0.00344729520369205	-1.14262789758093	0.274	0.75	1
0.00358959955620025	2.51027971592461	0.839	0	1
0.00359479211119525	1.6676237730719	0.882	0.25	1
0.00366373527260402	-1.04344686167921	0.257	0.75	1
0.0038301906739374	-0.523915242041502	0.026	0.25	1
0.00385534809831738	1.58858847492273	0.833	0	1
0.00385567555055722	-1.07284319385959	0.094	0.5	1
0.00396277662022627	-1.20391808658085	0.591	1	1
0.00398374801562953	-0.847488735825887	0.22	0.75	1
0.00412016570167493	-0.428309594368206	0.025	0.25	1
0.00416510607009838	-0.811792907370391	0.026	0.25	1
0.00418416332945484	-0.589428110452362	0.025	0.25	1
0.00425586137263262	-1.33407665178717	0.647	1	1
0.00429992277742707	-1.2192504100259	0.534	1	1
0.00437003300876686	-0.525447692082822	0.026	0.25	1
0.00441236060208332	-0.629435126499144	0.026	0.25	1
0.0044518573840207	-1.10392883668753	0.684	1	1
0.00447654895322752	-0.52061603796414	0.026	0.25	1
0.00449813235309092	-0.903221832486114	0.026	0.25	1
0.00465919760308447	-1.28429835230759	0.282	0.75	1
0.0047246967252419	-0.889173125249588	0.439	1	1
0.00475331751984149	-1.07745688048138	0.027	0.25	1
0.00480756094118065	2.1521511730214	0.812	0	1
0.00484460758401266	1.56232610658672	0.811	0	1
0.00489029170253872	-0.803631415646973	0.027	0.25	1
0.00489550677490344	-1.0102198404509	0.693	1	1
0.00490103472314168	-0.706809276630478	0.098	0.5	1
0.0049392218790893	1.66303181300387	0.993	0.75	1
0.0050222959067287	-0.629128153548617	0.027	0.25	1
0.0051174341605196	-0.621132167551742	0.027	0.25	1
0.00516561150768466	-0.622963147084898	0.027	0.25	1
0.00516659963256893	-1.25836032919733	0.292	0.75	1
0.00521553488888637	-1.06411967074624	0.278	0.75	1
0.00540939230825076	-1.10601605368067	0.113	0.5	1
0.0055244125736702	2.16522183527466	0.925	0.5	1
0.00555598508860397	2.41961351558914	0.973	0.5	1
0.00558474883237691	-2.33832488753781	0.111	0.5	1
0.00560346401598472	2.12875680720733	0.969	0.75	1
0.00567252839595888	-0.679055845862297	0.099	0.5	1
0.00568266240364425	1.73625329429726	0.858	0.25	1
0.0056831873785093	-1.15816523959507	0.428	1	1
0.00584418123720873	1.59143225043713	0.978	0.75	1
0.00591340225214796	2.05048673394108	0.791	0	1
0.00592082342504193	1.23157131413865	0.971	0.75	1
0.00602997564401052	1.57151497040333	0.907	0.25	1
0.006046496404965	-0.845956612557602	0.636	1	1
0.0060741359943227	0.937533776767721	0.999	1	1
0.00609756229120417	-0.981591305839518	0.24	0.75	1
0.00611174006967833	-0.319828100003019	0.098	0.5	1
0.00613584345552468	-1.07499887058712	0.495	1	1
0.00614104684205437	-1.53701459452135	0.288	0.75	1
0.00622909027127443	-1.56826836616547	0.308	0.75	1
0.00625520691340634	-1.45551550597251	0.713	1	1
0.00644892584413834	-1.05096481666769	0.84	1	1
0.00653041736114104	-1.08983587935441	0.78	1	1
0.00663406821779766	-1.02101075929374	0.116	0.5	1
0.00665741707208779	2.00740075314466	0.78	0	1
0.00681627545711433	-0.577723937630473	0.028	0.25	1
0.00684844048381518	-0.82199334509038	0.249	0.75	1
0.00685807244199072	-0.870973705190077	0.107	0.5	1
0.00688849149373608	-0.517656854161808	0.029	0.25	1
0.00696636631077932	-0.891487632649169	0.118	0.5	1
0.00699494728622505	0.80523685775319	0.999	1	1
0.00701290477162297	1.50180607150637	0.908	0.25	1
0.00710511515795226	-0.522734733274258	0.029	0.25	1
0.00724930017228622	1.3529636622203	0.771	0	1
0.00734971458874417	-0.764949194512201	0.578	1	1
0.0073872814503326	-0.826307014836508	0.255	0.75	1
0.0074573378161955	-1.00793509706913	0.258	0.75	1
0.00761335543776269	-0.627752844204683	0.03	0.25	1
0.00761335543776269	-0.810513041404341	0.03	0.25	1
0.00781054501054408	1.51056598050006	0.763	0	1
0.00781301655217331	-0.512856823953983	0.03	0.25	1
0.00788060528854408	-0.617484279757293	0.03	0.25	1
0.00801494584297359	-0.691397259559605	0.109	0.5	1
0.00801881070166182	-1.30323342609726	0.736	1	1
0.00821979492622253	-1.05974893008864	0.299	0.75	1
0.00839525642838413	-0.923450350459358	0.255	0.75	1
0.00840840268955832	2.47517842332022	0.756	0	1
0.00853639833708085	-1.46084456156601	0.671	1	1
0.0085549285989248	-0.947364083416095	0.11	0.5	1
0.0086996984134796	-0.514368088547607	0.03	0.25	1
0.00874601454351692	1.40386222795348	0.819	0.25	1
0.00883864307542209	-0.948303787299318	0.311	0.75	1
0.00885864269980558	-0.656884434419824	0.108	0.5	1
0.00890739063941433	-0.799256748044093	0.031	0.25	1
0.00894472104749075	-0.620464380340414	0.031	0.25	1
0.00898139239438058	1.34113461807669	0.749	0	1
0.0090532419160783	2.06133385111323	0.885	0.25	1
0.00909083998327008	1.25286943543571	0.951	0.5	1
0.00911666652078612	-0.629025614559396	0.031	0.25	1
0.00913629058070875	-1.21210365718857	0.123	0.5	1
0.00919273822138316	-0.623809170265418	0.031	0.25	1
0.00920374707580711	0.994363037565411	1	1	1
0.00923427578137172	1.61255700390171	0.903	0.5	1
0.00927819337122861	-0.870767603191769	0.125	0.5	1
0.00937202782707703	-0.698821544503681	0.114	0.5	1
0.00941063747442193	1.83343493602935	0.744	0	1
0.00949853637529969	1.800301676376	0.743	0	1
0.0095121157266748	-0.90274509053704	0.255	0.75	1
0.00952061916498718	1.36641846443146	0.743	0	1
0.00974827621123495	-1.03880952430805	0.343	0.75	1
0.00975203213126506	-0.59632627516272	0.113	0.5	1
0.0097612259698968	1.75134128872251	0.817	0.25	1
0.00979367759162996	-0.923537151438802	0.779	1	1
0.00980034960238399	-0.672679209809103	0.112	0.5	1
0.00984051693231969	-0.61259048411017	0.031	0.25	1
0.0098981167907756	-0.623973301045848	0.031	0.25	1
0.0098981167907756	-0.514218740734923	0.031	0.25	1
0.0101101918629969	1.5863476717199	0.736	0	1
0.0102270300610982	1.43668380198558	0.735	0	1
0.0103625036967557	-1.48144829687656	0.128	0.5	1
0.0104706898772481	1.38325956897889	0.811	0.25	1
0.0104784319227598	2.10755642603034	0.859	0.25	1
0.0106673792060794	-1.76224385475274	0.128	0.5	1
0.0107090250274538	1.47335724406124	0.956	0.75	1
0.010750064668797	-0.844473888930036	0.332	0.75	1
0.0108310342740255	-1.00045101193554	0.338	0.75	1
0.010903569295351	-0.77091140901352	0.56	1	1
0.0109522066767806	2.7012437653635	0.727	0	1
0.011019008929045	-0.742647123201282	0.644	1	1
0.0110520838879051	1.28615182827815	0.726	0	1
0.0110682538826284	-0.789990206857217	0.497	1	1
0.0113120815234134	-0.617382635096849	0.032	0.25	1
0.0113778593770021	-0.757187168270836	0.655	1	1
0.0113819851753032	1.31270379233937	0.723	0	1
0.0114243772093349	1.63754952799793	0.868	0.25	1
0.0114704261171467	-0.847790832163266	0.118	0.5	1
0.0114790525442799	-1.6472902238094	0.134	0.5	1
0.0114992999594448	-1.42232458571162	0.033	0.25	1
0.0115110506957223	1.24657841869225	0.722	0	1
0.0115110507991625	1.3351171679792	0.722	0	1
0.0116560963855644	1.46718715123374	0.946	0.5	1
0.0117800383770901	-1.06006688110353	0.132	0.5	1
0.0119813709640703	-1.1954857163017	0.132	0.5	1
0.0120295749770137	-0.590965222268094	0.118	0.5	1
0.0121277633886789	-2.62606534219162	0.409	0.75	1
0.0121477700810044	1.21279048713901	0.716	0	1
0.0122501092315238	-0.811483623591208	0.033	0.25	1
0.0122825024233446	-2.38195157758878	0.265	0.75	1
0.0122840625274933	2.06664209333353	0.715	0	1
0.0123389358174006	1.27637468290228	0.714	0	1
0.0123442354659345	-0.679104107142375	0.119	0.5	1
0.0124647426781829	-0.826269846612265	0.568	1	1
0.0125514316306167	-0.740067951188378	0.681	1	1
0.0125750835667176	-1.33606236494465	0.352	0.75	1
0.0126285347448485	-1.05954427168404	0.135	0.5	1
0.0129465610192908	-0.918894969042448	0.916	1	1
0.0130252610215598	1.52546199128628	0.963	0.5	1
0.0131682677013032	-0.642276458910227	0.116	0.5	1
0.0132006960124926	1.78919280864316	0.985	0.5	1
0.0132034304032118	1.48989743950836	0.856	0.25	1
0.0132740380451886	-0.582371105094794	0.119	0.5	1
0.0134228337366956	1.78912522895496	0.849	0.25	1
0.0134506054369837	1.28011531190686	0.705	0	1
0.0135299584846047	1.19069852883707	0.798	0.25	1
0.0135622609458416	1.39915361375326	0.894	0.25	1
0.0136648476228096	-0.76994884793117	0.527	1	1
0.0137436141175584	-0.452045389197516	0.034	0.25	1
0.0138694811081329	1.41540733232489	0.701	0	1
0.0138966796846033	1.18564371047769	0.893	0.5	1
0.0140639974837354	-0.670226965475367	0.121	0.5	1
0.0141948843625767	-0.946288164622107	0.664	1	1
0.0143614206749426	1.20038760521992	0.697	0	1
0.0144022524338924	-0.978747544167466	0.327	0.75	1
0.0145467319785204	-0.556971965821242	0.118	0.5	1
0.0146591843708942	-1.23441021856501	0.035	0.25	1
0.0148240987836461	-0.618260939763859	0.035	0.25	1
0.0148762014420647	1.92150421780392	0.84	0.25	1
0.0148998921539695	1.45634802933447	0.693	0	1
0.0149349479866969	-0.797973127753979	0.035	0.25	1
0.0150629557656633	-1.02543244056931	0.269	0.75	1
0.015224383537738	2.04312950728232	0.691	0	1
0.0153630725583319	-0.995205729427384	0.293	0.75	1
0.0154657183315352	-0.844614733706421	0.14	0.5	1
0.0155363602348819	-0.859997284634903	0.615	1	1
0.0156105274988465	1.21190197636157	0.784	0.25	1
0.0156884820679712	1.26499716812379	0.687	0	1
0.0156884821846515	1.46653109398237	0.687	0	1
0.015722074651651	1.24005410243117	0.687	0	1
0.015754340772655	1.13640071229632	0.966	0.75	1
0.0157748940103852	0.582007437803383	1	1	1
0.0159549406579399	-1.29455509174231	0.313	0.75	1
0.01596122430493	0.792313496559802	0.998	1	1
0.0159878704489801	-0.590372865182123	0.034	0.25	1
0.0160615391366758	-0.980649741053341	0.14	0.5	1
0.0160641722284775	1.21594897968128	0.773	0.25	1
0.0161267793259986	-0.800195166782239	0.035	0.25	1
0.0161773493643748	-0.850590548529669	0.142	0.5	1
0.0161793886771128	-1.07374342149618	0.562	1	1
0.0162973945531366	1.14932776305102	0.781	0.25	1
0.016438631824876	-0.795460474192328	0.124	0.5	1
0.0164462267227286	-0.747686703809526	0.666	1	1
0.0164762925008211	1.24931347984202	0.681	0	1
0.0164810839549142	-0.715576586083742	0.137	0.5	1
0.0165008124988717	-1.21385671732278	0.369	0.75	1
0.0166023336567192	-0.684412510838688	0.26	0.75	1
0.0166307946156209	1.99998771805899	0.869	0.25	1
0.016725356990589	-0.702205808355105	0.478	1	1
0.0167913585900393	-0.868289198402185	0.295	0.75	1
0.0168644504964165	1.23285924086157	0.679	0	1
0.0168960378064065	-0.930146602597837	0.373	0.75	1
0.0170043363834122	-0.77018242402679	0.329	0.75	1
0.0170272432894117	-0.619235706053026	0.036	0.25	1
0.0171779509616658	-1.04578075952251	0.807	1	1
0.0171905812326489	1.53106442731832	0.919	0.5	1
0.0172399341417509	1.5501589978677	0.769	0.25	1
0.0174791305483884	1.13089375549476	0.674	0	1
0.0174928302947582	-0.771868489991795	0.339	0.75	1
0.0176481996192394	-0.679187616417429	0.13	0.5	1
0.0176633870905228	1.18725361674675	0.673	0	1
0.0178024985033436	-0.642794599263175	0.036	0.25	1
0.0178257507443263	-0.90887269845764	0.036	0.25	1
0.0179089450259776	-1.05859189761071	0.148	0.5	1
0.0181434538311226	-1.34711471915601	0.301	0.75	1
0.018332110054273	-0.88133108231979	0.371	0.75	1
0.0184568081446463	-0.869671543188872	0.36	0.75	1
0.0184906357145197	-0.790179882789432	0.037	0.25	1
0.0187058052633987	-1.33140293533849	0.037	0.25	1
0.0189199344083814	1.09452588143014	0.665	0	1
0.0189584569612178	-1.03510083918321	0.741	1	1
0.0190377100896078	1.44827178431839	0.664	0	1
0.0191476429437462	-1.31334664706424	0.373	0.75	1
0.0191711732929072	-0.506794709736341	0.037	0.25	1
0.0192107373539916	-1.0732889757035	0.831	1	1
0.0195550319896946	1.10503468873636	0.661	0	1
0.0195740381544072	1.36752555627209	0.904	0.5	1
0.0196159364305344	-0.756016461453235	0.345	0.75	1
0.0196707759467663	-0.570196434447185	0.131	0.5	1
0.0196861441488818	-0.816215164836167	0.131	0.5	1
0.019716503285229	1.56757292727929	0.66	0	1
0.0199348165850005	-0.861698065587283	0.306	0.75	1
0.0199527839055895	1.08874274244075	0.925	0.5	1
0.0200567751702398	0.876961119099732	0.967	1	1
0.0200576948365084	-0.560207408508372	0.13	0.5	1
0.0200875742548802	-0.613555274465048	0.037	0.25	1
0.0202065906839865	-0.717557202287555	0.294	0.75	1
0.0202156150739029	-0.595340215823391	0.037	0.25	1
0.0202426127563537	-0.576252057942461	0.036	0.25	1
0.0203542574313144	1.44623810666549	0.96	0.75	1
0.0204502184480435	1.34005201751599	0.975	0.75	1
0.0206384020545954	1.41678535460674	0.944	0.75	1
0.0206968734107082	0.633052180621432	0.999	1	1
0.0209438078013898	-0.90869415845837	0.377	0.75	1
0.0212624309549222	1.09835418440414	0.651	0	1
0.021609346775884	1.1320362390271	0.649	0	1
0.0216371399079019	-0.839418095729665	0.138	0.5	1
0.0218131463778532	-0.664429888701899	0.136	0.5	1
0.0218210905283739	-0.632875322587789	0.628	1	1
0.0218285004495845	1.09946871298504	0.648	0	1
0.0218285005182865	1.17680852813693	0.648	0	1
0.0220556765625063	1.38208805224252	0.888	0.25	1
0.0221519595497423	-0.793208957131131	0.152	0.5	1
0.0224480937592146	-1.69207158633872	0.45	0.75	1
0.0225419805455705	1.06211096334261	0.644	0	1
0.0225419806095559	1.0652465042065	0.644	0	1
0.0225684740162463	-0.959580223389475	0.154	0.5	1
0.0226778451897185	1.29025077065469	0.643	0	1
0.0227250418253293	-0.804365264441538	0.039	0.25	1
0.0228062501057137	-0.774627271073972	0.039	0.25	1
0.0228062501057137	-0.506738090605951	0.039	0.25	1
0.0228600322105486	1.00613633342685	0.642	0	1
0.0228600322946098	1.16952123875966	0.642	0	1
0.0230990046396265	-0.655177687011449	0.137	0.5	1
0.0231066514829817	1.15049356777122	0.848	0.25	1
0.0231965546009561	-0.673250749402083	0.763	1	1
0.02341811780845	-0.871046791053028	0.151	0.5	1
0.0234490455242883	-1.3164729314432	0.389	0.75	1
0.0234603667511523	1.0484542857199	0.639	0	1
0.0236679625515248	-0.599455299457951	0.724	1	1
0.0237673836753099	-1.22653240230418	0.481	0.75	1
0.0238641807700987	0.803624659893921	0.999	1	1
0.02394757541998	-0.618833088113332	0.039	0.25	1
0.0239782754666195	1.49453923679985	0.636	0	1
0.024248043014557	1.66999932472827	0.884	0.5	1
0.0242965903447133	-0.897670676116999	0.412	0.75	1
0.0243173684629822	-0.844752485990475	0.406	0.75	1
0.0243453616689284	-0.554413764265715	0.136	0.5	1
0.0243778390376478	-0.734421373065576	0.147	0.5	1
0.0246994062040157	1.02544509223495	0.632	0	1
0.0248457173284992	1.18948841009168	0.632	0	1
0.0248804030689484	0.888424435925022	0.99	1	1
0.0248946429896611	1.15377026863493	0.631	0	1
0.0249056964876794	1.19910789421661	0.819	0.25	1
0.025023361580462	1.1134802283663	0.745	0.25	1
0.0251891188199892	-0.83005827258743	0.32	0.75	1
0.025287253106084	-0.607462478265254	0.04	0.25	1
0.0252915325068001	1.27567730780716	0.836	0.25	1
0.0253384910377765	1.04417415065272	0.629	0	1
0.0254613414764	-0.821147316414031	0.142	0.5	1
0.0254958386704382	-0.639589328365117	0.138	0.5	1
0.0256379269233582	1.04815184323621	0.628	0	1
0.0256528419215677	-0.706454350951038	0.317	0.75	1
0.0256623949982504	1.15925909529585	0.832	0.25	1
0.0257887133068567	1.29606110746562	0.627	0	1
0.0258859642835174	1.80378806820902	0.883	0.5	1
0.02592038364558	-2.38410050047927	0.53	0.75	1
0.0259908743213546	1.14187493928518	0.626	0	1
0.0261640893257774	-0.662400700277604	0.864	1	1
0.0262984886477345	1.06247906878605	0.739	0.25	1
0.026347733119573	1.01480357461769	0.624	0	1
0.0264504158815851	1.29084798849288	0.624	0	1
0.0264865280228904	1.18001153197924	0.822	0.25	1
0.0264885012701439	1.07183727423886	0.87	0.5	1
0.0267917588008392	-0.834366272711726	0.333	0.75	1
0.0268912627902058	1.55839236604378	0.875	0.5	1
0.0269147958404234	-0.854811104732509	0.397	0.75	1
0.0269164876022186	1.19108694399571	0.622	0	1
0.0269208027946047	-0.481617193911966	0.04	0.25	1
0.0270691738755526	1.15616394022653	0.871	0.5	1
0.0270693329484066	-0.609524081883778	0.041	0.25	1
0.0270984257777156	-1.11656637768122	0.719	1	1
0.0272073635583951	-1.20286775578864	0.33	0.75	1
0.0272689465116121	1.15935160545619	0.856	0.5	1
0.0273035656910297	1.14670487266548	0.96	0.5	1
0.0274484254372161	-0.963439049098565	0.164	0.5	1
0.0277353588727718	-0.505113232795002	0.041	0.25	1
0.0277613848224353	1.07539259586081	0.618	0	1
0.027761384919634	1.14778505690152	0.618	0	1
0.027778268986761	1.15309519199097	0.819	0.25	1
0.0278589932060555	-1.0440879566028	0.398	0.75	1
0.0279221532816187	1.5051736426556	0.617	0	1
0.0280190188800753	-1.01368309570957	0.165	0.5	1
0.028071212239108	-0.752764529529233	0.04	0.25	1
0.0282308589791764	-0.50482285039036	0.041	0.25	1
0.0282331872912834	-0.66383647033458	0.153	0.5	1
0.028408955243395	1.02676979397414	0.615	0	1
0.0284614234767459	-1.44381485374118	0.389	0.75	1
0.0285180542167186	1.00633132916333	0.614	0	1
0.0286975928644902	1.15318499503079	0.814	0.25	1
0.0287242070461326	-0.601151772478141	0.714	1	1
0.0288200429418459	-0.505447357292482	0.041	0.25	1
0.02895782130058	1.01037474214846	0.612	0	1
0.0290562917603109	-0.700317365827821	0.329	0.75	1
0.0290656604523826	-1.01237252646563	0.439	0.75	1
0.0295514461718129	-0.787547158072172	0.042	0.25	1
0.0296840407888775	1.59970377669902	0.609	0	1
0.0297344170798873	-0.852476568217023	0.403	0.75	1
0.0297405033598384	1.88038625911482	0.609	0	1
0.0298219856283113	-0.98579589265192	0.471	0.75	1
0.02983007571325	1.10373505886792	0.814	0.25	1
0.0298597347507866	1.14921231221787	0.884	0.5	1
0.0299104066759429	1.00317363333151	0.608	0	1
0.030081087800808	1.05134847991506	0.607	0	1
0.0301398639982845	-0.61462066941615	0.142	0.5	1
0.0304107462145651	-1.35055872110042	0.598	1	1
0.0304401195474762	-0.666121738091497	0.313	0.75	1
0.0305010776903625	1.19084129968169	0.921	0.25	1
0.0305262109309203	-0.78513831949322	0.042	0.25	1
0.0306355538416388	1.58660600890227	0.829	0.5	1
0.0307282644980576	-0.66077776074236	0.157	0.5	1
0.0308297460524463	1.08042552397293	0.604	0	1
0.0308297461332642	1.21977333941791	0.604	0	1
0.0311216317779366	1.08098942297893	0.603	0	1
0.0311873914929574	1.06393221295798	0.965	0.75	1
0.0312390030666197	0.976920342161418	0.602	0	1
0.0312497533854476	-0.488539949549093	0.042	0.25	1
0.0312924479258397	1.43080709735276	0.795	0.25	1
0.0313173249147539	1.17640532302963	0.805	0.25	1
0.0316047952400452	1.14848353075538	0.852	0.25	1
0.0317495804207727	-0.868204607202206	0.823	1	1
0.031988651801325	-1.23064295586612	0.515	0.75	1
0.0320705501080484	1.14073841473774	0.599	0	1
0.0320886693555771	1.26459801555155	0.847	0.5	1
0.0322734027679987	-0.60881731457927	0.043	0.25	1
0.0323113538635209	0.972530657856834	0.598	0	1
0.032328304069645	-0.825533443019634	0.042	0.25	1
0.0323717801216555	1.55238454441207	0.598	0	1
0.032463058563943	-0.978024465844311	0.171	0.5	1
0.0325390692501747	-0.847315762239683	0.406	0.75	1
0.0325692714802009	-0.800095143423484	0.043	0.25	1
0.0325718554032092	-0.900395125859669	0.151	0.5	1
0.0327042562308906	-0.659471439661902	0.302	0.75	1
0.032731490138797	0.578481694097641	1	1	1
0.0327362328164797	0.976136535155706	0.596	0	1
0.0327984331862914	-0.610233365040229	0.043	0.25	1
0.0330424379588309	0.948199526294357	0.595	0	1
0.03304243808643	1.01267180475167	0.595	0	1
0.0332150069163688	-0.841751577097042	0.174	0.5	1
0.0332272548895807	0.993296626823621	0.594	0	1
0.0332890432562793	1.06635372017881	0.594	0	1
0.0335276433089115	-0.791039109531213	0.043	0.25	1
0.03355682317115	-0.62334922509725	0.146	0.5	1
0.0335781344507743	1.09725328278941	0.798	0.25	1
0.0337241316061461	1.10088716955468	0.592	0	1
0.0337554969278036	-0.797926967501399	0.044	0.25	1
0.0339067915320367	-0.491048186729591	0.043	0.25	1
0.0339751855938044	-0.89409506660207	0.445	0.75	1
0.0340919889072202	1.69620029025171	0.812	0.25	1
0.0343839712336521	1.06093831167337	0.858	0.25	1
0.0344112838545875	-0.610706788283623	0.565	1	1
0.0344467345113173	-0.491500470945262	0.043	0.25	1
0.0346286581242935	-0.585354913478526	0.043	0.25	1
0.0346992137051466	-0.502843295475917	0.044	0.25	1
0.0348637556401947	1.01667120456207	0.588	0	1
0.0350105762017007	-0.605146359422016	0.044	0.25	1
0.0352081322851691	1.20239995194959	0.91	0.5	1
0.0352324441242139	1.08594332365357	0.81	0.25	1
0.0355478453858672	1.86056142427928	0.955	1	1
0.0355751338530431	0.909712203292945	0.585	0	1
0.0356553080538168	1.09198276095489	0.82	0.25	1
0.0356780728699662	1.29481017862109	0.71	0.25	1
0.0357057055948844	0.900477701730501	0.584	0	1
0.0358647346911552	-0.922491683290252	0.175	0.5	1
0.0359022768646844	0.995142174964037	0.584	0	1
0.0359679912454912	1.00580344728236	0.583	0	1
0.0359755436712715	-0.992999874998438	0.176	0.5	1
0.0360338014377601	0.994704451459919	0.583	0	1
0.0360338015284316	0.988178110081811	0.583	0	1
0.0361102926703389	-0.948308407541322	0.445	0.75	1
0.0364317429210786	-0.888273612869114	0.045	0.25	1
0.0365559454032845	-0.931071375239976	0.506	0.75	1
0.036630403144141	1.12436438480765	0.581	0	1
0.0367413862690549	-0.495053903702919	0.044	0.25	1
0.0367802549876637	-0.802536410770855	0.458	0.75	1
0.0368074768031307	-0.793028834328358	0.154	0.5	1
0.0370635704765751	-1.27691878438936	0.98	1	1
0.037242958477732	-1.1524722603109	0.945	1	1
0.0373051448780672	-0.787722582402852	0.045	0.25	1
0.0374137222587728	-0.665777369166163	0.346	0.75	1
0.0374380331233096	0.933439885204174	0.578	0	1
0.0376398157694707	-4.10100940081871	0.045	0.25	1
0.037728541233814	1.10015940254489	0.712	0.25	1
0.037984248273858	0.888578767677146	0.576	0	1
0.0379842486037259	1.4146717986053	0.576	0	1
0.0380694848540126	1.09429009245165	0.705	0.25	1
0.0381021124988329	-0.606251338189319	0.553	1	1
0.0381217832003203	0.924607435508072	0.576	0	1
0.0384007395436644	0.951967247301684	0.708	0.25	1
0.0385250224318948	-1.6515862328186	0.178	0.5	1
0.0387019882682792	1.19605329089466	0.701	0.25	1
0.0388153835993637	0.974376960911604	0.573	0	1
0.0388153838291742	1.1413545157183	0.573	0	1
0.0388153844037004	3.01843549497535	0.573	0	1
0.0388852890469529	0.959286361688357	0.573	0	1
0.0388852892578902	0.938837146748329	0.573	0	1
0.0389717536381308	-0.449468145128279	0.045	0.25	1
0.0389743072627053	-1.64402165661102	0.046	0.25	1
0.0390811447303831	-0.906331617320193	0.045	0.25	1
0.0392255558899014	-1.09220928158157	0.515	0.75	1
0.0393068158950806	1.01467399840876	0.571	0	1
0.0393068161560094	1.38558302342635	0.571	0	1
0.0394465713448734	0.998502605034065	0.856	0.5	1
0.0394749274616988	-0.763741882559351	0.154	0.5	1
0.0395314248794022	-0.595206452949043	0.707	1	1
0.0395390433658134	-0.761347404112694	0.045	0.25	1
0.0396516455144359	-0.60797709943541	0.046	0.25	1
0.0396851271887178	0.502003833741136	1	1	1
0.0397319474182348	1.32217221566846	0.57	0	1
0.0398716509139309	-0.805034318703016	0.183	0.5	1
0.0400987708000254	0.678762365841155	0.999	1	1
0.0400987709623082	0.512974170911368	1	1	1
0.0402193491064078	-0.886780477067429	0.046	0.25	1
0.0404151414247502	-2.52790445704538	0.44	0.75	1
0.040565006187797	-1.28349990033152	0.046	0.25	1
0.0406916937453781	0.997888821648048	0.93	0.5	1
0.0410120897791916	-1.86419793007285	0.046	0.25	1
0.0410291737837593	1.17665431228387	0.565	0	1
0.0411079054121819	-2.00910357622283	0.596	0.75	1
0.0413041155641324	0.91838285166912	0.908	0.75	1
0.0415264782985666	1.04731871871756	0.698	0.25	1
0.0417029169204037	1.14155708838891	0.925	0.5	1
0.0417558592229377	1.2127060003808	0.823	0.5	1
0.0418382234454751	0.878967138066062	0.563	0	1
0.04193630133089	-0.785831926176457	0.047	0.25	1
0.0421355216941637	1.84289578864567	0.562	0	1
0.0421873371427763	-0.596792638140792	0.046	0.25	1
0.0421933579045494	-0.758946774979566	0.35	0.75	1
0.0422575652901814	-0.653152858512374	0.36	0.75	1
0.0422824180725602	0.910614718453266	0.7	0.25	1
0.0422934645897618	0.983047847957198	0.703	0.25	1
0.0423595846395363	0.886285311602319	0.561	0	1
0.0423595847518106	1.07290368271381	0.561	0	1
0.0425001878424008	-0.894175845787755	0.502	0.75	1
0.042659794470012	0.965428358891706	0.56	0	1
0.0427029452508446	-0.820501740229021	0.772	1	1
0.0432390991876761	1.00165532239827	0.688	0.25	1
0.0433413914892634	0.870992532798205	0.558	0	1
0.04334516833027	-0.754671574237265	0.354	0.75	1
0.0434176507736542	1.16763129438979	0.558	0	1
0.0436054464966956	-0.739876362379032	0.175	0.5	1
0.0437237420343056	0.983110080897683	0.557	0	1
0.0437485978242535	0.972481042700831	0.908	0.5	1
0.0437526177306708	-0.872225847869681	0.187	0.5	1
0.0437775248504164	1.00187157518702	0.791	0.25	1
0.0438005291965558	0.909718086507652	0.556	0	1
0.0438248684853194	-0.517445845108172	0.156	0.5	1
0.0441066190767187	-0.714375890480238	0.17	0.5	1
0.0441215924326597	-1.16733555023882	0.569	0.75	1
0.0442103905912715	1.15039937082922	0.968	0.5	1
0.04427002921027	-0.557753915006399	0.952	1	1
0.0447689754668373	-0.644554277377218	0.952	1	1
0.0448006171088392	1.00840226231362	0.695	0.25	1
0.044965113540983	0.927349235517636	0.553	0	1
0.0451487594319914	-0.441826487132664	0.047	0.25	1
0.0452536000911454	-0.970375447157949	0.378	0.75	1
0.0452648038453404	-1.10095249248132	0.187	0.5	1
0.0453375024181663	-1.8946643463121	0.048	0.25	1
0.045337502489339	-0.785570964886788	0.048	0.25	1
0.0453539698780496	1.33346348500253	0.764	0.25	1
0.0455168400041295	0.863619262159109	0.551	0	1
0.0455871116905508	-0.786026031622911	0.048	0.25	1
0.0456110532357579	-1.20335226174241	0.614	0.75	1
0.0456754481476105	0.884043599584283	0.55	0	1
0.0458344891605171	0.832293321544036	0.55	0	1
0.0459786104930243	-0.580385945139248	0.609	1	1
0.0460738657186696	0.939286758628952	0.549	0	1
0.0461807966151785	-0.780901738517583	0.048	0.25	1
0.0462339941151752	0.871104596835558	0.549	0	1
0.046314221361797	0.898703506145078	0.548	0	1
0.0464386503341018	-0.981804299890811	0.192	0.5	1
0.0465583110200812	0.880935858016553	0.958	0.75	1
0.0466063509798159	1.05000112931053	0.842	0.5	1
0.046776457612781	-0.785052927605226	0.048	0.25	1
0.0468272922853245	0.924997799650729	0.681	0.25	1
0.0468769809896179	-0.746451820800185	0.47	0.75	1
0.0468975306084486	-0.675723886423205	0.994	1	1
0.0469386753568775	0.992823210360553	0.787	0.25	1
0.0471225143680308	0.824005582229706	0.546	0	1
0.0473669986901039	-0.588346853737516	0.048	0.25	1
0.0473671449812553	0.806273823144106	0.545	0	1
0.0474089918815129	-0.833593240984755	0.37	0.75	1
0.0474898007315487	0.968025224549901	0.682	0.25	1
0.0476581521623971	-0.636549993807646	0.37	0.75	1
0.0476948652158144	0.873992488491199	0.544	0	1
0.0477445357852025	1.05403868141645	0.829	0.25	1
0.0478144728565996	0.827321327083354	0.917	0.75	1
0.0480538132747302	1.0034175023359	0.803	0.25	1
0.0482726445013563	0.827610913021075	0.542	0	1
0.0485607456317156	-1.02420990143036	0.541	0.75	1
0.0485803211639461	-0.773957708186029	0.467	0.75	1
0.0486052545700168	0.967689328402647	0.541	0	1
0.0488020031315973	1.02117585730692	0.983	0.75	1
0.0488823570374012	-1.05968398799449	0.198	0.5	1
0.0490235351055246	0.872954358655285	0.54	0	1
0.0493614445041713	0.871582951531551	0.693	0.25	1
0.0495291811157203	0.925995252559983	0.539	0	1
0.0496138504158318	0.956750511538602	0.538	0	1
0.0496829884236953	-0.871325955060209	0.615	1	1
0.0496999879476094	1.02410601225681	0.682	0.25	1
0.0498389078601112	-0.600912527747106	0.049	0.25	1
0.0500695105192909	-0.765451476728459	0.172	0.5	1
0.0501606624425917	-0.490631607273921	0.049	0.25	1
0.0502097055373829	0.901934541474829	0.537	0	1
0.05023845033279	2.07853499613648	0.745	0.25	1
0.050432931202699	0.94797737518014	0.684	0.25	1
0.0504667766893588	0.914435576459969	0.536	0	1
0.0505203657126469	-0.680179431737507	0.803	1	1
0.0506387270777376	0.82583432219307	0.535	0	1
0.0506589045704673	-1.02359551838999	0.612	0.75	1
0.0507248737997559	0.832384686850567	0.535	0	1
0.0508111348905241	0.879944465866745	0.535	0	1
0.0508748955097011	-0.422460789039418	0.047	0.25	1
0.0509840007636335	0.82640814635941	0.535	0	1
0.0511573248050799	0.819604528088546	0.534	0	1
0.0511715068671964	0.92852871942419	0.869	0.5	1
0.0512470637932376	-1.1676166219093	0.393	0.75	1
0.0514504096776887	0.95550965187156	0.956	0.5	1
0.0515053523339285	0.817831753535962	0.533	0	1
0.0516050464070637	-0.747245626208439	0.379	0.75	1
0.0516324907634845	0.895270295104651	0.679	0.25	1
0.0516800573957261	0.964676930093744	0.533	0	1
0.0517339471069206	1.09857153335657	0.883	0.5	1
0.0517425476536565	-0.959874020505429	0.615	0.75	1
0.0520325364610189	-0.60777671712944	0.167	0.5	1
0.0520527375035052	-0.379454330616944	0.998	1	1
0.0521188419078504	0.821121370641707	0.531	0	1
0.0521848796806979	-0.419142967755632	0.048	0.25	1
0.0523282958576786	-0.515817959995122	0.167	0.5	1
0.0524259175233968	-0.591918148999417	0.05	0.25	1
0.0527025084378294	-0.586467724042406	0.05	0.25	1
0.0527380129434526	0.924384798708204	0.53	0	1
0.0528269319067284	0.861494126704583	0.529	0	1
0.0528288647184941	-0.726172919493311	0.496	0.75	1
0.0528407679810636	-0.789377021271383	0.05	0.25	1
0.0528863393434713	-0.564528163803606	0.798	1	1
0.0530051197899176	0.803467742956635	0.529	0	1
0.0530051197899176	0.780170190528067	0.529	0	1
0.0531084063693328	1.02493541968814	0.82	0.25	1
0.0531830201358506	1.2773482384241	0.863	0.5	1
0.0535424939071922	0.808827148597399	0.527	0	1
0.0537225583357816	0.839094489455256	0.527	0	1
0.0537225585540607	1.00887052648569	0.527	0	1
0.053793231441227	-1.17736159551284	0.537	0.75	1
0.054356498067243	2.65707756624807	0.525	0	1
0.0543750902370285	0.949929554148118	0.776	0.25	1
0.0544153611968114	-0.64523743021438	0.932	1	1
0.054488345979281	0.928653681885381	0.794	0.25	1
0.0545386873600946	0.851844613072099	0.525	0	1
0.0546299603741897	0.821606323556551	0.524	0	1
0.0547145119439431	0.937256338720196	0.921	0.5	1
0.0548385276365061	-0.985749966436834	0.527	0.75	1
0.0549650747570699	-1.263421570703	0.174	0.5	1
0.0552722025609714	0.907995705180324	0.523	0	1
0.0555492392376304	0.807265663751931	0.522	0	1
0.055606131366628	1.06813189447881	0.787	0.25	1
0.0556418240899607	0.86891961489434	0.522	0	1
0.0557579842499089	-0.516441697042977	0.17	0.5	1
0.0560133636606215	0.833335597851803	0.521	0	1
0.0560133638480789	0.848784099293737	0.521	0	1
0.0562370533248604	-0.823065156933132	0.699	1	1
0.0568563743879158	0.9052686842854	0.518	0	1
0.0569166028798933	-0.579351405878527	0.05	0.25	1
0.0570746061302201	-0.752596574370082	0.172	0.5	1
0.0571332624564201	-0.656131809953673	0.472	0.75	1
0.0571395555477692	0.975021237828388	0.518	0	1
0.0572341919730605	0.816351017316393	0.517	0	1
0.057234192303069	1.07938600193875	0.517	0	1
0.0573062668807072	-1.46895822018105	0.208	0.5	1
0.0576887968858058	-0.563341811070776	0.051	0.25	1
0.0578828605307891	-0.592265913628864	0.457	0.75	1
0.0578932654910986	0.884373969635157	0.963	0.75	1
0.0581047520625634	1.25775211170682	0.733	0.25	1
0.0583604590851199	1.27691572096432	0.755	0.25	1
0.0583793453411112	0.830594013675354	0.514	0	1
0.0583793454956086	1.02105189362518	0.514	0	1
0.0583943369879578	-0.591680985915365	0.052	0.25	1
0.0585004167706615	-0.964695669057893	0.58	0.75	1
0.0585860988077013	-0.912477341298039	0.543	0.75	1
0.0587649843978867	1.16829202483556	0.513	0	1
0.0587803256590777	-1.09121635417553	0.205	0.5	1
0.0589585427518137	0.831125897583226	0.513	0	1
0.0589652912694367	1.14970881231865	0.658	0.25	1
0.0592890235119189	-0.558400518859316	0.881	1	1
0.0593517654997428	-1.02390540571191	0.193	0.5	1
0.0595039837884983	-0.538262093905124	0.604	1	1
0.0595350387131115	0.999990891767598	0.83	0.5	1
0.0596985288857104	-1.29662932380823	0.483	0.75	1
0.0597377230689896	0.842240799097175	0.511	0	1
0.0599337579773446	0.84897039076088	0.511	0	1
0.0600319627830039	1.07613845437712	0.51	0	1
0.06027723766014	-1.26327617674753	0.052	0.25	1
0.0602941502510976	1.18400404007393	0.87	0.5	1
0.0606238078175977	0.933189636356614	0.509	0	1
0.0606813369133334	-1.0276215402605	0.535	0.75	1
0.0607228859467654	0.795528806345561	0.509	0	1
0.0611455263173878	-1.17154822996627	0.58	0.75	1
0.061174711558534	-0.801206402443703	0.679	1	1
0.0613766535197122	-0.607328051698227	0.985	1	1
0.0615083062038007	-0.457302182769734	0.699	1	1
0.0617205766739677	0.810167321503805	0.506	0	1
0.0619126073320613	-1.0453821406761	0.053	0.25	1
0.0619225071562015	0.861918765021005	0.847	0.5	1
0.0619348214472332	0.803738628734873	0.934	0.75	1
0.0620223417177301	0.761277335618045	0.505	0	1
0.0620223420001115	0.746806462156724	0.505	0	1
0.0620223421614724	0.841416754933881	0.505	0	1
0.0620223423631733	0.86177189189697	0.505	0	1
0.0620514918229454	-0.630276397890486	0.503	0.75	1
0.0621052566073283	-0.942488173587927	0.211	0.5	1
0.0621908168433716	1.03446386098834	0.801	0.25	1
0.0622275305762151	-0.615303726680955	0.442	0.75	1
0.0624264689687671	0.758866630445601	0.504	0	1
0.0625431791453714	0.570485582945056	0.983	1	1
0.0626292948374337	1.32168104351142	0.504	0	1
0.0627154351025044	-1.05131818577289	0.053	0.25	1
0.0628326284063979	0.800864099786065	0.503	0	1
0.0628633211587462	0.96989193818011	0.799	0.5	1
0.063066736097714	1.18924684787758	0.945	0.75	1
0.0633431956913321	0.863750144046384	0.502	0	1
0.0634636059757354	-0.483850203682622	0.053	0.25	1
0.0636510706287476	1.08518155818002	0.501	0	1
0.0637589618491329	-0.756572381855797	0.206	0.5	1
0.063783582855776	0.970679911477689	0.77	0.25	1
0.0638569612775508	0.772570792695718	0.501	0	1
0.0639379101779586	1.21354963773719	0.652	0.25	1
0.0639486588626074	-0.940106271202386	0.491	0.75	1
0.0639600996878418	0.752511618667525	0.501	0	1
0.0641667619217426	0.790079017536828	0.5	0	1
0.0642998652541273	-0.648567563954121	0.189	0.5	1
0.0643739393354525	0.750960383245588	0.5	0	1
0.0643739399983416	1.60999762803933	0.5	0	1
0.0646469978855334	-1.86824752953138	0.054	0.25	1
0.0647898427727158	0.783376843858031	0.499	0	1
0.0651151412365855	-1.03471746966594	0.602	0.75	1
0.0652682521762974	-0.495935784832025	0.173	0.5	1
0.0654849997621409	0.843756764581437	0.661	0.25	1
0.0655226599636755	0.822689270042171	0.497	0	1
0.0659181160841842	-0.951092606999563	0.58	0.75	1
0.0659271010955493	0.834948437949731	0.652	0.25	1
0.0660865015895699	0.637631225785233	0.967	1	1
0.0661105645792724	0.874083960755991	0.955	0.75	1
0.0661380002948474	-0.840298944561764	0.204	0.5	1
0.0662357337067765	-1.07312220646007	0.392	0.75	1
0.0663679748487337	0.743340903229413	0.495	0	1
0.0664427076411963	-1.1735859756898	0.054	0.25	1
0.0664742277264777	0.811835583806221	0.495	0	1
0.0665129518478582	-0.959155321598936	0.217	0.5	1
0.0665806114900325	0.864292472606328	0.494	0	1
0.066580611546622	0.755430868152225	0.494	0	1
0.0665806116032115	0.952680792971081	0.494	0	1
0.0666786564605644	-0.888137792603658	0.215	0.5	1
0.0666871262289664	0.771047573066525	0.494	0	1
0.0670399475069571	0.902009046582832	0.805	0.25	1
0.0672145348993646	-0.737463109840635	0.564	0.75	1
0.0675070443738453	0.813294220509404	0.658	0.25	1
0.0675244956928882	-0.569507569806846	0.383	0.75	1
0.0677547396341557	-0.590261422552478	0.055	0.25	1
0.0677595125602481	0.759292353523474	0.492	0	1
0.0677595128037909	0.85872126379407	0.492	0	1
0.067867477275319	0.824178418065136	0.491	0	1
0.067867477390058	0.773219852342751	0.491	0	1
0.0679755742608898	0.76691588380248	0.491	0	1
0.0680838040237011	0.775713329451733	0.491	0	1
0.0681885076991526	-0.907051877316961	0.436	0.75	1
0.0683006615832712	0.970486505070156	0.49	0	1
0.0683171496735717	-0.578605462421481	0.384	0.75	1
0.0683655763583948	1.09361882787643	0.878	0.25	1
0.0684092891426363	0.779232762042185	0.49	0	1
0.0685065016155795	-0.690198595815181	0.202	0.5	1
0.0685489602481691	-0.600412740677324	0.054	0.25	1
0.0686421330085751	1.18137183338784	0.73	0.25	1
0.0687359710517689	0.743347917205307	0.489	0	1
0.0687524762117533	-0.670127236736674	0.571	0.75	1
0.068845131252527	0.883536436461689	0.489	0	1
0.0690325053548024	-0.720024328026904	0.054	0.25	1
0.0690473219836607	-1.79182274456578	0.17	0.5	1
0.0690638519631457	0.71919577775428	0.489	0	1
0.0690638521228941	0.790568136888973	0.489	0	1
0.0692541188176816	-0.595162463818278	0.055	0.25	1
0.0693277066664331	1.3912582221419	0.801	0.5	1
0.0694570848818883	0.924804613570231	0.823	0.5	1
0.0697691218933373	0.806800660873196	0.817	0.5	1
0.0700547207638731	0.90461506029274	0.487	0	1
0.0701654884200944	0.898761602999405	0.486	0	1
0.0701839413646443	-0.560588086122208	0.491	0.75	1
0.0704556945254132	-0.535468273089671	0.958	1	1
0.0704985995791349	0.722887522077153	0.486	0	1
0.0706099062920134	0.831634659323939	0.485	0	1
0.0708329255866525	0.756983069405244	0.485	0	1
0.0708329258232481	0.856616262632204	0.485	0	1
0.0709030913112218	1.23109673489811	0.852	0.5	1
0.0710564858394484	0.711411796917879	0.484	0	1
0.0710944721306655	-0.478613806695654	0.055	0.25	1
0.0711684689259001	0.731249559735366	0.484	0	1
0.0712805877020211	0.732295869584471	0.484	0	1
0.0714465614247839	-0.766722710916367	0.486	0.75	1
0.071617759125495	1.00121318175493	0.483	0	1
0.0717400697571978	-0.856395756168615	0.22	0.5	1
0.0717761843216776	-1.11088330306706	0.8	0.75	1
0.0718432197021935	0.715451946379889	0.483	0	1
0.0719445103113186	-1.08003792945646	0.22	0.5	1
0.0721111160627873	-0.588409852503336	0.056	0.25	1
0.0721793660596187	0.597136090828245	0.999	1	1
0.0722765444695613	-0.488010871745007	0.056	0.25	1
0.0722845300500765	-1.04382289764434	0.056	0.25	1
0.0723074756322835	-0.864609642409553	0.217	0.5	1
0.0723267263019638	-0.670519147257477	0.539	0.75	1
0.0723470877446274	-0.815630274224292	0.382	0.75	1
0.0727385968791247	-0.505945392495918	0.185	0.5	1
0.0727505192195225	0.778310940632297	0.481	0	1
0.0727505198977501	1.61822577513864	0.481	0	1
0.0730833034589784	-0.566251469374753	0.181	0.5	1
0.073207455321938	0.71050508589677	0.48	0	1
0.0732095429598956	1.198411805162	0.719	0.25	1
0.0736460266729477	-0.85626589850786	0.222	0.5	1
0.0738875816771154	0.793655458214801	0.64	0.25	1
0.0739299171596533	0.962515190030198	0.94	0.75	1
0.0740123913287186	0.738293706453246	0.478	0	1
0.0740242431923398	-0.871345378112187	0.223	0.5	1
0.0741279343282398	0.922697847109931	0.478	0	1
0.0742148866834371	-0.586536821448835	0.186	0.5	1
0.074361004204924	-0.861795533696114	0.586	0.75	1
0.0745654852454805	0.96748319880496	0.928	0.75	1
0.0747013315818907	0.929731897568094	0.643	0.25	1
0.0747045479936591	-0.818689827555817	0.441	0.75	1
0.0748241012210486	1.00400054605505	0.476	0	1
0.0749368471453337	-0.862914961959719	0.407	0.75	1
0.0749406145871201	0.857196954707736	0.476	0	1
0.0750450767354917	-0.976112960251424	0.206	0.5	1
0.0750644100857865	0.782400024791271	0.648	0.25	1
0.0754080612093959	0.690019171595049	0.475	0	1
0.0755252715829609	0.739146812105919	0.475	0	1
0.0757751694959857	0.872601573950357	0.735	0.25	1
0.0758259266964876	-0.732808445400694	0.432	0.75	1
0.0759554011357518	0.647015288389994	0.992	1	1
0.0759748319504047	0.87123978439347	0.75	0.25	1
0.0760094700548938	-0.887899558606153	0.482	0.75	1
0.0763794427965505	0.930240816929714	0.734	0.25	1
0.076428182243852	-0.431078465442193	0.788	1	1
0.0764893907651637	-0.485691499329152	0.057	0.25	1
0.0766655246494612	0.48941341922959	0.996	1	1
0.0767050710083394	1.12928237305676	0.472	0	1
0.0768904388641433	-0.744179301282618	0.22	0.5	1
0.0770617492052559	0.932200447011735	0.471	0	1
0.0770665711043181	-0.756589599213277	0.057	0.25	1
0.0771809236455258	0.680954654925215	0.471	0	1
0.0771809237712861	0.699515139756839	0.471	0	1
0.0773002395172181	0.723398629175082	0.471	0	1
0.0773313078886731	-0.477241735582426	0.183	0.5	1
0.0773897354811086	-0.860139659266937	0.225	0.5	1
0.0774196969447151	0.805542447751018	0.471	0	1
0.0774196969919789	0.944030902392606	0.471	0	1
0.0776000077871651	-0.592762548697015	0.057	0.25	1
0.0777631117971409	0.810137073826353	0.78	0.25	1
0.0777888663149333	-1.10925492910921	0.75	1	1
0.07795730030144	-0.575873390627612	0.057	0.25	1
0.0781364481494847	-0.578016171714066	0.057	0.25	1
0.0781394115027696	0.685389235052742	0.469	0	1
0.0781394115027696	0.685914565401433	0.469	0	1
0.0782741528838811	-1.03365676952795	0.587	0.75	1
0.0785370183010253	0.944253931054822	0.994	1	1
0.0786220599562175	0.697718189921874	0.468	0	1
0.0787382061784787	-0.585286023064696	0.782	1	1
0.078798353705109	-0.589699378157429	0.058	0.25	1
0.0788642383709655	0.737730266373321	0.468	0	1
0.078946457495446	-0.877576673288503	0.415	0.75	1
0.0790813034756427	0.631716286452882	0.975	1	1
0.0791569047746515	0.453173316131485	1	1	1
0.0792048648351749	-0.686523358764115	0.181	0.5	1
0.0792285758510528	0.701184165994948	0.467	0	1
0.0793069778833764	-0.768639930613263	0.058	0.25	1
0.0793503074056306	0.762606654771166	0.467	0	1
0.0794731775465321	1.08939121545348	0.756	0.25	1
0.0795906928126725	1.04772197738087	0.806	0.25	1
0.0795942002538297	0.683350792984751	0.466	0	1
0.0798833343099495	-0.577122637498956	0.058	0.25	1
0.079961114135722	0.693797647923811	0.465	0	1
0.0800080405103087	0.835918388524051	0.636	0.25	1
0.0800837057587382	0.703870970071209	0.465	0	1
0.0802064414156442	0.870756609271375	0.465	0	1
0.0803293206661192	0.794785630658919	0.465	0	1
0.0803591825235764	-0.756681837458629	0.058	0.25	1
0.0805187715476915	-0.868002000759194	0.23	0.5	1
0.080686363905159	-0.985612880236572	0.46	0.75	1
0.0808878002797991	-0.631482086999299	0.516	0.75	1
0.0808956391086357	-0.845841263882513	0.228	0.5	1
0.0810504026937372	0.766204835282537	0.636	0.25	1
0.0812181903762	1.56284774117807	0.819	0.5	1
0.0813175463014875	0.705438367968933	0.463	0	1
0.0815349698801356	-0.540333347048975	0.72	1	1
0.0816031287780534	0.916224443825993	0.628	0.25	1
0.0817949469591925	-0.940152395732899	0.234	0.5	1
0.0818151310520802	0.662444907156977	0.462	0	1
0.0819655173177716	-1.11844463683867	0.239	0.5	1
0.0821389158594475	-1.00550684183341	0.488	0.75	1
0.0821913749198141	0.970183969924879	0.772	0.25	1
0.0822180785762135	-1.08974808695761	0.239	0.5	1
0.0823150398508684	0.758146041601886	0.461	0	1
0.0824403808938792	0.672725092006714	0.461	0	1
0.0826340743119123	-0.420053055935687	0.792	1	1
0.0830692759617878	0.665984836259411	0.459	0	1
0.0831545208895163	-0.670005255705798	0.409	0.75	1
0.0831954934279006	0.699692966233305	0.459	0	1
0.0833218575136382	0.67693218630953	0.459	0	1
0.0838971092024931	1.15917150537954	0.701	0.25	1
0.0839558784064429	0.717726004736176	0.458	0	1
0.0840700105904648	-0.639803597913458	0.397	0.75	1
0.0840831232352173	0.7099512126813	0.457	0	1
0.0842105157036697	0.671583823779091	0.457	0	1
0.0843380553370557	0.705083308484883	0.457	0	1
0.0844325978395666	-0.881096140807395	0.65	0.75	1
0.0844657425297276	0.686831351206115	0.457	0	1
0.0844710818490175	1.04308476889926	0.95	0.5	1
0.0845935771068197	0.709324106870295	0.456	0	1
0.0846482565409809	0.814025069416484	0.748	0.25	1
0.0847215591106459	0.671230011293109	0.456	0	1
0.0848709155383806	-0.776434928584643	0.408	0.75	1
0.0850478160223694	-0.897953940196827	0.234	0.5	1
0.0850995480880463	-0.613703114552179	0.18	0.5	1
0.0851063934722146	0.796245929344877	0.455	0	1
0.0853636891547895	0.663211512734566	0.455	0	1
0.0854879621547844	0.677853248014421	0.917	0.75	1
0.0854925599318757	0.774421712368177	0.455	0	1
0.0855864501990126	-2.19739844587449	0.06	0.25	1
0.0855912486900495	1.09636706368125	0.85	0.5	1
0.0858020461310242	-0.707283551540982	0.441	0.75	1
0.0858800627827941	0.686974887054838	0.454	0	1
0.0858800629693513	0.751257601945932	0.454	0	1
0.0860786427544067	1.03838355993996	0.618	0.25	1
0.086437400989707	0.970776182502123	0.994	1	1
0.0865263165801274	0.797115606971621	0.825	0.5	1
0.0869410125677693	-0.936513523729323	0.455	0.75	1
0.0872248739431006	1.03388070463765	0.981	0.75	1
0.0872335132603789	-0.793420589145532	0.216	0.5	1
0.0875131651598121	-0.846206541335448	0.236	0.5	1
0.0875747510355561	0.72079759483735	0.451	0	1
0.0877061602652623	0.999012741966272	0.45	0	1
0.0877285784160538	0.789463717899515	0.624	0.25	1
0.087811913789115	-0.418474624032685	0.06	0.25	1
0.0879387485182453	1.24520018316511	0.909	0.5	1
0.0879876412916483	-0.469083402204084	0.192	0.5	1
0.0880038560908059	-1.02453956717931	0.231	0.5	1
0.0881012899034844	1.00372094263326	0.45	0	1
0.0882034158559234	-0.547424688244229	0.416	0.75	1
0.0882333002032953	0.672462304486397	0.449	0	1
0.0882368532491676	1.03572841498964	0.948	1	1
0.0882991921212137	-0.698732417507928	0.228	0.5	1
0.0883912769627196	-0.4754785295689	0.06	0.25	1
0.0886302379643213	0.719207506807169	0.449	0	1
0.0886302381377548	0.859416159205613	0.449	0	1
0.088762852530266	0.661161909368274	0.448	0	1
0.0888325706548156	-0.765316330095264	0.061	0.25	1
0.0888956184595913	0.716289735986272	0.448	0	1
0.0889035785781181	-0.841452307777611	0.061	0.25	1
0.0890263137548056	-0.593617279378947	0.061	0.25	1
0.0890706987259395	0.888518132499875	0.87	0.25	1
0.0891616043515261	0.755860639867402	0.448	0	1
0.0892390937469669	-0.506222351942278	0.531	0.75	1
0.0892659967929859	0.723719120478053	0.922	0.25	1
0.0892948245373042	0.895762954915107	0.447	0	1
0.0893284305528257	-0.649433535780897	0.226	0.5	1
0.0893520633623733	0.850162752697255	0.816	0.25	1
0.0894281960626133	0.652123442515338	0.447	0	1
0.0894604789794574	-0.429531598388188	0.97	1	1
0.0895038589930534	-0.725180536835111	0.584	0.75	1
0.0895441837607022	0.753558281462132	0.98	0.75	1
0.0895617192478662	0.736228537014815	0.447	0	1
0.0896953950790649	0.764705751762524	0.447	0	1
0.0897703253058979	-0.420447398925468	0.18	0.5	1
0.0898027384289969	-0.915397524491182	0.244	0.5	1
0.0898292225148671	0.72962760946851	0.446	0	1
0.0899575742263132	0.728072475297292	0.901	0.75	1
0.0899632020340249	0.668660187185465	0.446	0	1
0.0899632021391925	0.779787614056536	0.446	0	1
0.0900358304917207	0.846856826244406	0.842	0.25	1
0.0900803109674475	0.765825070671155	0.627	0.25	1
0.0902689377251548	0.787079241881529	0.966	1	1
0.0905006430241188	0.662676741424297	0.445	0	1
0.0906353844980942	0.646930557934184	0.445	0	1
0.0909153325482072	-0.912735523034865	0.663	0.75	1
0.0910272079879834	-1.31683011616662	0.244	0.5	1
0.0911665229531786	0.855891320250167	0.621	0.25	1
0.0915077869579955	0.965679666382105	0.75	0.25	1
0.0915828608702703	0.78563799538167	0.443	0	1
0.0917214937698196	-0.704212698561455	0.196	0.5	1
0.0917294818723155	-0.765374626931135	0.062	0.25	1
0.0918549479883548	0.657714594164891	0.443	0	1
0.0919912224971288	0.638080389762341	0.442	0	1
0.0921648626938106	0.752294833609311	0.62	0.25	1
0.0923489378184498	-0.979481166101671	0.245	0.5	1
0.0925376700428435	-0.598692766132404	0.593	0.75	1
0.0925378606734128	0.684946713288221	0.442	0	1
0.0925378608164696	0.642893454517491	0.442	0	1
0.0929029983500217	-0.536958304234911	0.194	0.5	1
0.0929450798992316	-0.77885681299975	0.062	0.25	1
0.0929731550746366	-0.559598217228548	0.061	0.25	1
0.0931907889314404	-0.570445885946741	0.96	1	1
0.0932246321229507	0.671168095624672	0.44	0	1
0.0932757133966527	-0.549134355493864	0.196	0.5	1
0.093362450454889	0.741764827075876	0.44	0	1
0.0933624506168428	0.672972921728543	0.44	0	1
0.0934977108310297	-0.654031304789603	0.822	1	1
0.093833643765355	-0.475733339252684	0.062	0.25	1
0.0939152759076171	0.680977460365559	0.439	0	1
0.094098223091288	-0.415238889783692	0.061	0.25	1
0.0945238185851664	-0.443623828846542	0.786	1	1
0.0946290853905633	0.602899865315952	1	1	1
0.0948418055336421	-0.473196847967266	0.062	0.25	1
0.0948887109550648	0.655455119187368	0.437	0	1
0.0949557511553429	0.804660037175509	0.744	0.25	1
0.0950283973172841	0.682650776593863	0.437	0	1
0.0951682405436596	0.826185611711325	0.437	0	1
0.0953082397087549	0.981324574729488	0.437	0	1
0.0954402651006469	0.788386460483388	0.749	0.25	1
0.0955204939376522	-0.835451683494406	0.528	0.75	1
0.0955348216281209	-0.954279664649478	0.602	0.75	1
0.0955887080604609	0.703510429016274	0.436	0	1
0.0955952880540304	-1.31787483266172	0.248	0.5	1
0.0956662022121325	-0.569095763861795	0.062	0.25	1
0.0960363331713903	-0.694290378117231	0.728	0.75	1
0.0961515278616939	0.703543406007938	0.435	0	1
0.0961599206190343	0.570393675046583	0.998	1	1
0.0962926256905112	0.706652341424928	0.435	0	1
0.0962926257089045	0.695227712569265	0.435	0	1
0.0962926259664095	0.659886786986269	0.435	0	1
0.0964338810095536	0.611171863093498	0.435	0	1
0.0964338811752645	0.656704691349523	0.435	0	1
0.0965255006670961	-0.698736358497728	0.243	0.5	1
0.0965885034940155	0.521479449339371	0.99	1	1
0.0966228671956545	-0.476634736286779	0.539	0.75	1
0.0967052237306802	-0.682382086931082	0.459	0.75	1
0.0967064683328925	0.752820971842179	0.612	0.25	1
0.0967168645214768	0.692569569364104	0.434	0	1
0.0970538010867095	0.899908035006013	0.781	0.5	1
0.0971425226020302	0.660308695239525	0.433	0	1
0.0972847257145378	0.73000670481639	0.433	0	1
0.0974270861201713	0.622116003468504	0.433	0	1
0.0975007868339583	-0.770832075098716	0.063	0.25	1
0.0978551181311984	0.826128818222135	0.432	0	1
0.0978723693296359	-0.732869832111278	0.207	0.5	1
0.0980515219926517	0.977585220374793	0.726	0.25	1
0.0981454850049243	-0.536898724277151	0.198	0.5	1
0.0983745277476154	0.816855018877207	0.618	0.25	1
0.0984272874680095	-0.583672046159589	0.237	0.5	1
0.0984280498666441	1.00614841632317	0.431	0	1
0.0987154694420004	0.690690610577959	0.431	0	1
0.0989740792376233	0.401955901909353	1	1	1
0.0990102107050121	0.769013721093048	0.858	0.25	1
0.0991132133392699	-0.661190757362302	0.528	0.75	1
0.0992922230862649	0.820625088192916	0.43	0	1
0.0996036990823678	0.81020505230286	0.841	0.5	1
0.0997271472057143	-0.651473846873126	0.196	0.5	1
0.100009068526597	-0.448443422832591	0.062	0.25	1
0.100047959263012	0.819306510811491	0.715	0.25	1
0.100162150107858	0.651882500313231	0.428	0	1
0.100162150240254	0.688127136986753	0.428	0	1
0.100162150278081	0.686711528657459	0.428	0	1
0.100320171222368	-0.551904665014951	0.063	0.25	1
0.100502946128859	0.838859787722253	0.905	0.5	1
0.100613402758029	0.917244775449819	0.61	0.25	1
0.100727507278071	0.614022243041398	0.932	0.25	1
0.100745310632387	0.644514498627272	0.427	0	1
0.101027396572818	-0.718086750949529	0.245	0.5	1
0.101094063440804	0.599736228904071	0.993	1	1
0.101183232922867	0.591921908480114	0.998	1	1
0.101219842807605	-1.23591307566674	0.638	0.75	1
0.101331046952065	0.696355535400375	0.426	0	1
0.101603170438801	-0.762178303448277	0.064	0.25	1
0.101813417281166	-0.764198402500876	0.064	0.25	1
0.101845420614693	-0.729076629367891	0.527	0.75	1
0.101919367485323	2.86464195434179	0.425	0	1
0.101955048863581	-0.922776454250456	0.737	0.75	1
0.102066851272512	0.730494522099579	0.425	0	1
0.102362305878865	0.616748906302805	0.424	0	1
0.102510276971697	0.89228010212541	0.424	0	1
0.102510277240868	0.786695171625869	0.424	0	1
0.102672967347298	0.810028821866124	0.605	0.25	1
0.102854190357903	-0.694159281712739	0.492	0.75	1
0.103032199883268	-1.03617048447549	0.261	0.5	1
0.103103785430996	0.665519636654487	0.423	0	1
0.103252569538018	0.717174207562878	0.423	0	1
0.103345226587846	-1.02802976769776	0.56	0.75	1
0.103418413980856	1.11853333152872	0.693	0.25	1
0.103587701556863	-0.446711881763504	0.199	0.5	1
0.103593763808821	-1.25398112319876	0.265	0.5	1
0.10379962568671	-0.551504654335403	0.063	0.25	1
0.103849336350081	0.599889320291715	0.422	0	1
0.103851792344838	0.727077338585284	0.609	0.25	1
0.103939484159189	-0.559882470637786	0.808	1	1
0.103978925200105	0.771696633731459	0.833	0.25	1
0.103998936516719	0.615498358693924	0.422	0	1
0.104064261429422	-0.462585600016008	0.064	0.25	1
0.104148700107734	0.649199511300943	0.421	0	1
0.104148700243839	0.639745285181868	0.421	0	1
0.104183244351266	0.862304214014743	0.698	0.25	1
0.104298627532246	0.719373090870232	0.421	0	1
0.104403519536226	0.742184734915662	0.847	0.25	1
0.10444871836285	0.63165573243025	0.421	0	1
0.104448718401816	0.620373876793314	0.421	0	1
0.104448718655097	0.732478118725905	0.421	0	1
0.104749392465557	0.627737483919359	0.42	0	1
0.104793911195941	0.736448540383168	0.609	0.25	1
0.104821117313594	-0.752090456966511	0.065	0.25	1
0.104968726667415	-0.61600341826848	0.431	0.75	1
0.105140004017338	-0.925240509849477	0.874	1	1
0.105201634385097	0.625771194555069	0.42	0	1
0.105201634659252	0.644695552526595	0.42	0	1
0.105204457269383	-0.756963483827474	0.8	1	1
0.105352711303533	0.682850443217178	0.419	0	1
0.10536524181728	-0.607849993538491	0.571	0.75	1
0.105634958438547	0.718484678294468	0.603	0.25	1
0.105701149027749	1.1889985577695	0.723	0.25	1
0.105706992602659	-0.39527862955206	0.064	0.25	1
0.105806928238827	0.696148768422541	0.419	0	1
0.105806928691057	0.868387420792635	0.419	0	1
0.106064767290951	-0.679274873361772	0.203	0.5	1
0.106089016107125	0.473373921013021	0.997	1	1
0.106110564025261	0.593487213446834	0.418	0	1
0.10611056449811	0.645586997486902	0.418	0	1
0.106188187450255	-0.720213724292504	0.213	0.5	1
0.106414861410299	0.775289682668853	0.418	0	1
0.106415749051086	-0.574056568538024	0.422	0.75	1
0.106545873551611	-0.585398312482432	0.065	0.25	1
0.106567257684874	0.678945136314321	0.418	0	1
0.106719819922612	0.633263268087694	0.417	0	1
0.106719820278689	0.677950074452444	0.417	0	1
0.106984176628979	-1.00273396352575	0.066	0.25	1
0.107017397315661	0.86193022429234	0.781	0.25	1
0.107025441459088	0.672264632401231	0.417	0	1
0.107102116629935	0.847569377438243	0.831	0.5	1
0.107129081676536	-0.736008880104057	0.066	0.25	1
0.107331726952161	0.615424397002408	0.416	0	1
0.107461691303366	0.751496963357681	0.605	0.25	1
0.107485119032473	1.21823808211384	0.416	0	1
0.107486823375435	-0.543454790556272	0.564	0.75	1
0.107596020451538	0.304577132509407	0.946	0.25	1
0.107718004097609	-0.586691772552354	0.636	0.75	1
0.107792401082847	0.589147404136566	0.416	0	1
0.108100349590211	0.619011691754897	0.415	0	1
0.108254573712027	0.59819962935096	0.415	0	1
0.108254574031755	0.611342823703289	0.415	0	1
0.108386020435709	-0.534443454107544	0.205	0.5	1
0.108535819711794	0.751159602667217	0.816	0.25	1
0.108873141232123	0.685599681247825	0.414	0	1
0.108933269416522	-0.673328764431464	0.481	0.75	1
0.10899406758139	-0.88899830986091	0.568	0.75	1
0.109171734313594	0.892316671679406	0.604	0.25	1
0.109207592598858	-0.472429648446556	0.209	0.5	1
0.109341675790631	0.71449502540842	0.606	0.25	1
0.109494386777595	0.588556044762963	0.413	0	1
0.10949493519661	-0.695918212448202	0.249	0.5	1
0.109504688403569	0.708014579275983	0.607	0.25	1
0.109595647417812	0.935726101636115	0.834	0.5	1
0.109650117166871	0.665604421978405	0.413	0	1
0.109650117308026	0.646881297207917	0.413	0	1
0.109650117872646	1.02866588852656	0.413	0	1
0.109733614539509	0.737366106700899	0.606	0.25	1
0.109806016097075	0.622789838404011	0.412	0	1
0.109962082780864	0.741797568336024	0.412	0	1
0.110024929736141	-0.760272736120013	0.067	0.25	1
0.110259695743803	-0.540679425327227	0.519	0.75	1
0.110274720230418	0.641775952163693	0.412	0	1
0.110274720453127	0.64747385151428	0.412	0	1
0.110426010947506	-0.457903294191752	0.066	0.25	1
0.110439791051366	0.791599271936795	0.843	0.25	1
0.110533824942037	0.768507224603702	0.726	0.25	1
0.110687280395358	-0.584125908355451	0.067	0.25	1
0.110748625056969	-0.769922021354144	0.067	0.25	1
0.110902018632037	0.690646987818437	0.411	0	1
0.11090201922154	1.09899501138137	0.411	0	1
0.111030050962415	0.812585187519805	0.597	0.25	1
0.111216680703348	0.611787008429582	0.41	0	1
0.111250581242767	-1.67920826187514	0.067	0.25	1
0.111296757652237	-1.06915478540994	0.473	0.75	1
0.111374265368655	0.701419237302174	0.41	0	1
0.111689942664639	0.592766071301732	0.409	0	1
0.111800262684691	-0.880328776240907	0.265	0.5	1
0.112006298013623	0.61455637992194	0.409	0	1
0.112139101216058	-0.750468572403589	0.067	0.25	1
0.112270741771591	-0.917831751125288	0.843	0.75	1
0.112293506893247	-0.359525109594711	0.744	1	1
0.112388354760358	-0.880107536702424	0.266	0.5	1
0.112495114321278	-0.678368358896457	0.457	0.75	1
0.112585454993864	-0.755588616415812	0.067	0.25	1
0.112800160150439	0.676789427389329	0.408	0	1
0.112810872521453	0.727155292216932	0.711	0.25	1
0.112919498526944	0.734730338202667	0.594	0.25	1
0.113001522943137	-0.940841613316561	0.519	0.75	1
0.113049134999577	0.768492326476565	0.791	0.25	1
0.11320447626994	-0.343366526300539	0.061	0.25	1
0.11331081320023	0.51026525710169	0.997	1	1
0.113421373618209	-0.58396208811763	0.942	1	1
0.113438315439746	0.601878630992307	0.407	0	1
0.113469803675383	-0.58194183107388	0.625	0.75	1
0.113590291262915	-1.27954952931952	0.068	0.25	1
0.114073204597945	-0.890236160281369	0.591	0.75	1
0.114079204926048	0.66097143919965	0.406	0	1
0.114079204967524	0.621556329306541	0.406	0	1
0.114264855439401	-0.74620895514666	0.068	0.25	1
0.114722835470204	0.578915276076678	0.405	0	1
0.114722835865803	0.770252944790899	0.405	0	1
0.114727740411493	-0.557696038256993	0.067	0.25	1
0.114953908837162	-0.554323916712623	0.572	0.75	1
0.115026996954504	0.52248887250095	0.987	1	1
0.115207362754597	0.562616065210536	0.404	0	1
0.115309919256731	-0.384780191342695	0.81	1	1
0.115332257667993	0.763021179153764	0.822	0.25	1
0.115369215715085	0.606834750351336	0.404	0	1
0.115623439784988	-0.725345671200829	0.068	0.25	1
0.115683527669707	0.719626172260377	0.774	0.25	1
0.115693439540068	0.752236733749531	0.403	0	1
0.115855132152316	0.779743215588407	0.593	0.25	1
0.116088975169567	-1.57028976883143	0.265	0.5	1
0.116181069415661	0.582315436008809	0.402	0	1
0.116343958088389	0.611646091659916	0.402	0	1
0.11634395825662	0.63134178466048	0.402	0	1
0.116343958277649	0.566150118416624	0.402	0	1
0.11650702027015	0.555232397272436	0.402	0	1
0.116507020480646	0.593498240638654	0.402	0	1
0.116507020649044	0.656997171868127	0.402	0	1
0.116507021006889	0.862654424514155	0.402	0	1
0.116507385245133	0.456373394512826	0.966	0.5	1
0.116537701959821	-0.848008506991432	0.265	0.5	1
0.116653323963804	-0.858561777073581	0.26	0.5	1
0.116754700740523	0.820653695252395	0.74	0.25	1
0.116852295831661	-0.725147943245893	0.255	0.5	1
0.117271199826281	-0.46682268863386	0.068	0.25	1
0.117489034576552	0.598463879782268	0.4	0	1
0.117653128217433	-0.886708815142474	0.274	0.5	1
0.117653311524306	0.580452603176539	0.4	0	1
0.117653311651483	0.59475962473252	0.4	0	1
0.117850000071735	-0.544939476150827	0.417	0.75	1
0.118008468182154	-0.63762373955288	0.469	0.75	1
0.118147187696797	0.729415270474376	0.399	0	1
0.118266841956918	-0.62990693906852	0.257	0.5	1
0.118312162002218	0.776829528041894	0.399	0	1
0.118642633165755	0.601687289825558	0.399	0	1
0.118697735726939	-1.07836197295652	0.773	1	1
0.118808131679066	0.592599542182356	0.398	0	1
0.118886326373971	-0.884899101458628	0.275	0.5	1
0.118973804480367	0.608151852694998	0.398	0	1
0.118973804587188	0.639064373313473	0.398	0	1
0.118973804651281	0.648706286525694	0.398	0	1
0.118973804993111	0.685376694112402	0.398	0	1
0.119139652825896	0.680983522297894	0.398	0	1
0.119266508301715	-0.45011067584979	0.213	0.5	1
0.119329826470781	-0.455530333155407	0.917	1	1
0.119446749942616	-0.94028729443242	0.251	0.5	1
0.119471874040566	0.554682279158619	0.397	0	1
0.119471874297698	0.603015299170695	0.397	0	1
0.119736461456479	-0.883941366692887	0.276	0.5	1
0.119804797692775	0.58675522278675	0.397	0	1
0.119855505498326	-0.51154568251485	0.211	0.5	1
0.119895630186886	0.879598475613227	0.758	0.25	1
0.119971523263131	0.663400849823827	0.397	0	1
0.119971523521023	0.765402998711454	0.397	0	1
0.120138424185339	0.72922523863987	0.396	0	1
0.12014483455623	0.793771797604672	0.798	0.5	1
0.120287960699424	1.20476215220993	0.73	0.25	1
0.120305500755661	0.571711364970502	0.396	0	1
0.120387948869523	-0.469618211974544	0.065	0.25	1
0.120675202145409	-0.982803177070168	0.466	0.75	1
0.120742375559035	-0.755221857939262	0.069	0.25	1
0.120975570421381	0.584585042721309	0.395	0	1
0.121143528708585	0.557417865340673	0.395	0	1
0.121400172702735	1.15473403418238	0.858	0.5	1
0.121515538446282	0.735568151056649	0.707	0.25	1
0.121648464446731	0.660265039780384	0.394	0	1
0.121817130412839	0.593163119144702	0.394	0	1
0.121817130586637	0.574687142476774	0.394	0	1
0.121921425659302	-0.551948610991836	0.257	0.5	1
0.121985974152614	0.782332655390305	0.394	0	1
0.122030942134792	-0.586190591767165	0.764	1	1
0.122061570647674	-0.517075000023219	0.55	0.75	1
0.122172847057268	0.903493557056976	0.819	0.5	1
0.122324191957512	0.546380595047613	0.393	0	1
0.122480993381568	-0.439941677449253	0.548	0.75	1
0.122536090132267	-0.556373891744067	0.259	0.5	1
0.122663120656576	0.567231840011519	0.393	0	1
0.12266312100588	0.951135194982258	0.393	0	1
0.122707494429778	0.686799375415555	0.586	0.25	1
0.123172847042177	0.559029577958923	0.392	0	1
0.123185620971723	0.894166476951444	0.696	0.25	1
0.123218764647464	-0.456336314104592	0.203	0.5	1
0.123231380349706	-0.527492762648137	0.219	0.5	1
0.123343294538039	-1.41715946869706	0.447	0.75	1
0.123492471709924	0.794107141264863	0.859	0.5	1
0.123513555988717	0.598800927791983	0.392	0	1
0.123513556339735	0.571838907983223	0.392	0	1
0.123513556405551	0.807165404934288	0.392	0	1
0.123513556602999	0.86662763224013	0.392	0	1
0.1235975761933	0.719518755477841	0.802	0.25	1
0.123645041553177	-0.703327664795096	0.222	0.5	1
0.123854978730415	0.693327260518355	0.391	0	1
0.124145044816352	-0.476162780339091	0.432	0.75	1
0.124221141002351	-0.808185062584184	0.265	0.5	1
0.124252194929853	-0.584026578310237	0.576	0.75	1
0.124327312867264	-0.848802318983614	0.274	0.5	1
0.124539969409776	0.710098057834708	0.39	0	1
0.124711664637061	0.683234333632021	0.39	0	1
0.124959324360574	-0.546105262630427	0.069	0.25	1
0.124980818044483	-0.724388934574099	0.817	1	1
0.125055593281752	0.542185633516761	0.389	0	1
0.125467284301124	1.27833129239239	0.605	0.25	1
0.125532357532525	-0.868800514328682	0.278	0.5	1
0.12574560711825	0.587574717082311	0.388	0	1
0.125813145882596	-1.30008221760803	0.07	0.25	1
0.125830618518101	-0.868445164672414	0.071	0.25	1
0.125918560329598	0.558139985624699	0.388	0	1
0.125918560596485	0.631673184538802	0.388	0	1
0.126265008549293	0.611346943298239	0.388	0	1
0.126438502723872	0.595383960222394	0.387	0	1
0.126492515091972	-0.559370725161271	0.07	0.25	1
0.12678603427669	0.79641445240465	0.387	0	1
0.12696007155729	1.02735895654608	0.387	0	1
0.127134288580334	0.539078457676814	0.386	0	1
0.127134288737082	0.654869000056757	0.386	0	1
0.127134288916223	0.61909717712852	0.386	0	1
0.1272322358115	-0.725922716938501	0.07	0.25	1
0.127234236169362	0.666552729290816	0.587	0.25	1
0.127264205283504	-0.574896144063132	0.071	0.25	1
0.127308687623127	0.562455605837273	0.386	0	1
0.127308687892099	0.556874756867812	0.386	0	1
0.127483268122048	0.575136495803172	0.386	0	1
0.127589366320913	-0.564164505356988	0.694	0.75	1
0.127658029960039	0.594387982999076	0.386	0	1
0.127737095493953	-0.264124909028655	0.065	0.25	1
0.127832973603659	0.921217876104173	0.385	0	1
0.127933597932968	0.702126854199108	0.831	0.5	1
0.128015612332178	-0.344263798693755	0.758	1	1
0.128057782286609	-0.633485743179796	0.268	0.5	1
0.128181356155275	-0.457622665520015	0.07	0.25	1
0.128182375689425	-0.529310500356397	0.253	0.5	1
0.128200091636799	-0.843995332596574	0.28	0.5	1
0.128358892953312	0.657344262793516	0.385	0	1
0.128398322392241	0.65902374515342	0.821	0.25	1
0.12842906807886	-0.415821351019166	0.068	0.25	1
0.128685667534641	0.560473053085466	0.962	1	1
0.12871041683433	0.556741473703588	0.384	0	1
0.12871041735388	0.90378272724444	0.384	0	1
0.128732537999076	-0.841201455493526	0.071	0.25	1
0.128743688436382	-1.12796759304438	0.275	0.5	1
0.128899398395651	-0.522201989757012	0.576	0.75	1
0.12912429255617	-0.644776737290709	0.831	0.75	1
0.129224227928771	-1.34240686379721	0.071	0.25	1
0.129415652790058	0.565550290080426	0.383	0	1
0.129415652835412	0.687688409536493	0.383	0	1
0.129415652926119	0.596021587078087	0.383	0	1
0.129466089906796	-0.577814800115992	0.071	0.25	1
0.12947265788168	-1.66372480802433	0.072	0.25	1
0.129475384399884	0.988007263486513	0.844	0.5	1
0.129592418215842	0.533229220643578	0.383	0	1
0.129592418488227	0.559395206391396	0.383	0	1
0.129592418669817	0.67089593923948	0.383	0	1
0.129592418669817	0.703019243548311	0.383	0	1
0.129636108919121	-1.13081120968793	0.697	0.75	1
0.129769367267549	0.553746870062115	0.383	0	1
0.130122374671364	-0.543946348743426	0.856	1	1
0.130123814139057	0.615879973787316	0.382	0	1
0.13012381434394	0.566419756606868	0.382	0	1
0.130154696112741	0.475027372547254	0.875	0.25	1
0.130163961095498	-0.433123185499272	0.557	0.75	1
0.130301312401839	0.576377325601243	0.382	0	1
0.130301312720854	0.907661760834922	0.382	0	1
0.13049432844694	0.661271577136129	0.58	0.25	1
0.13086453839425	0.572963757282179	0.996	1	1
0.130994540816238	0.888878571446154	0.716	0.25	1
0.131155552484787	-0.427624327417006	0.213	0.5	1
0.131191559490302	0.534340679206892	0.381	0	1
0.131215327783465	-0.86304145946362	0.806	1	1
0.131370160718374	0.549804077386227	0.38	0	1
0.13154894638756	0.589395466387972	0.38	0	1
0.131603758804477	-0.532167765362339	0.432	0.75	1
0.131654230907667	-0.562595157515616	0.071	0.25	1
0.131727916354668	0.530647604428793	0.38	0	1
0.131727916446522	0.629017957586826	0.38	0	1
0.13172791656134	0.578860445796031	0.38	0	1
0.1319000069485	-0.459227141490273	0.071	0.25	1
0.131907071394987	1.08247764023336	0.38	0	1
0.131933169808777	0.842259814773964	0.844	0.5	1
0.132000385503014	-0.989643977500105	0.277	0.5	1
0.132265934028828	0.605992191050681	0.379	0	1
0.132409466272757	-1.37481282272441	0.291	0.5	1
0.132445643197819	0.554083267562236	0.379	0	1
0.132556226331568	-0.84115722971782	0.795	0.75	1
0.132633444541305	0.739639063843016	0.579	0.25	1
0.13275774270981	-0.556995796765484	0.744	0.75	1
0.132770058914523	1.25176329075285	0.615	0.25	1
0.132805617075678	1.04359940944015	0.378	0	1
0.133166330784819	0.519129994714884	0.378	0	1
0.133166331247645	0.551612280580542	0.378	0	1
0.133166331779894	0.884764430534964	0.378	0	1
0.133244840121929	0.965464446105471	0.847	0.5	1
0.133346966835798	0.564219492238893	0.378	0	1
0.13334696697478	0.563668941887866	0.378	0	1
0.133679126714693	-0.674316010593976	0.277	0.5	1
0.133708795659961	0.637744044248882	0.377	0	1
0.133810741345012	0.701245440983191	0.69	0.25	1
0.133875690459534	0.666482560234243	0.929	0.5	1
0.133889988837733	0.522664699077961	0.377	0	1
0.133889988977116	0.600786425197827	0.377	0	1
0.133889989302343	0.703821115848363	0.377	0	1
0.134021629012961	0.876713148780147	0.909	0.5	1
0.134071368803993	0.947643759832128	0.377	0	1
0.134383937644686	0.675503183893456	0.802	0.5	1
0.13461662521454	0.591728867144746	0.376	0	1
0.134798750276313	0.67705972255417	0.376	0	1
0.13479875034634	0.560656384843919	0.376	0	1
0.134819247407554	-0.742480782995467	0.912	1	1
0.1348535895763	-0.746193279455331	0.073	0.25	1
0.134945286310359	0.765805322016758	0.904	0.75	1
0.134988697298012	-0.400374075667243	0.872	1	1
0.135092793978939	-0.745815343275274	0.073	0.25	1
0.135109146817526	-0.737390665552182	0.072	0.25	1
0.135144244197788	-0.572612487011727	0.66	0.75	1
0.135163561185112	0.528587398214658	0.375	0	1
0.135163561418984	0.654495753146591	0.375	0	1
0.135269065137632	-0.876415591252448	0.528	0.75	1
0.135346247300858	0.548308014578587	0.375	0	1
0.135529120836293	0.537091462970085	0.375	0	1
0.135582148523387	0.825619889495203	0.744	0.25	1
0.135712181480819	0.566385717345135	0.374	0	1
0.135767105053171	-0.550616814966685	0.737	1	1
0.135775252474943	0.709523737401891	0.782	0.5	1
0.13582972296804	-0.972345188994672	0.286	0.5	1
0.135895429720467	0.538960333563553	0.374	0	1
0.136082766925772	-0.330516656086557	0.881	1	1
0.136262488772576	0.543237430316257	0.374	0	1
0.136353435220213	0.468761045194663	0.991	1	1
0.136446300324863	0.554369549619455	0.373	0	1
0.136573368844896	-0.756889217615455	0.073	0.25	1
0.136622500567844	0.890898638441686	0.745	0.5	1
0.136630299918215	0.547001445257236	0.373	0	1
0.13663030013032	0.601296951181279	0.373	0	1
0.136729014208766	-0.658968861175147	0.28	0.5	1
0.136814487334004	0.556418158263891	0.373	0	1
0.136823036441312	-0.738218367548464	0.073	0.25	1
0.136998863226029	0.533151634564883	0.373	0	1
0.136998863627439	0.56948961727877	0.373	0	1
0.137055992875427	0.724020141854652	0.851	0.5	1
0.137183427352065	0.546111391588252	0.372	0	1
0.137183427517509	0.551289616984202	0.372	0	1
0.137183427706589	0.53550702937574	0.372	0	1
0.137368180012689	0.52393283666813	0.372	0	1
0.137368180533156	0.553760708120789	0.372	0	1
0.137368180580472	0.594356832163711	0.372	0	1
0.137553122243323	0.555014003432477	0.372	0	1
0.137571440700227	-0.72642111899786	0.463	0.75	1
0.137738252262307	0.589366476626223	0.372	0	1
0.137739612386358	-0.837867599172483	0.517	0.75	1
0.137853039652923	-0.559107740602123	0.073	0.25	1
0.137923571792149	0.569867868148301	0.372	0	1
0.138011060423671	-0.548090107156085	0.456	0.75	1
0.138043094452617	-1.01818756434317	0.074	0.25	1
0.138109079569278	0.510372154612614	0.371	0	1
0.138193956878204	-0.32297783617471	0.716	1	1
0.138252896820739	-0.432055993895603	0.865	1	1
0.138480665063798	0.593314431196292	0.371	0	1
0.138666741390683	0.531751174437939	0.371	0	1
0.138666741414499	0.577625474825752	0.371	0	1
0.139140427813484	0.888259741023466	0.755	0.5	1
0.139226109251933	0.532832885987158	0.37	0	1
0.139232912454862	-0.684333508894355	0.228	0.5	1
0.139325981867279	0.670966264429039	0.572	0.25	1
0.139339118706767	-0.459496927050726	0.073	0.25	1
0.139412945679625	0.576230493115107	0.37	0	1
0.139412946014329	0.792980232963707	0.37	0	1
0.139599971512924	0.519903425618143	0.369	0	1
0.139599971656505	0.54951801287215	0.369	0	1
0.13978718820413	0.605786755543934	0.369	0	1
0.139787188563426	0.686655672293917	0.369	0	1
0.139846583126255	-0.459827697373177	0.073	0.25	1
0.139974594765154	0.590967611305193	0.369	0	1
0.139974595220696	0.579752012790921	0.369	0	1
0.139974595364551	0.534593778559801	0.369	0	1
0.140162192699607	0.528205378358767	0.369	0	1
0.140349981042216	0.557356882447752	0.368	0	1
0.140349981330475	0.659548386623228	0.368	0	1
0.140521742459997	-0.84179107689631	0.074	0.25	1
0.140568502612417	-0.561580291725405	0.074	0.25	1
0.140726130581842	0.565408101135908	0.368	0	1
0.140801286990293	-0.354493255016818	0.809	1	1
0.140914491982425	0.51266013149066	0.368	0	1
0.140914491982425	0.552497425337712	0.368	0	1
0.141019612996159	-1.3222100998059	0.296	0.5	1
0.141029362606655	-0.735127666566301	0.074	0.25	1
0.141054187959403	-0.564671910065732	0.074	0.25	1
0.141103044316529	0.559414393329564	0.367	0	1
0.141103044364755	0.577005267559315	0.367	0	1
0.141103044412982	0.547698127071623	0.367	0	1
0.141186266103361	1.31870464320982	0.648	0.25	1
0.141282503392724	-0.32220596667351	0.941	1	1
0.141291788686743	0.536472946697291	0.367	0	1
0.141291788952241	0.543988181159516	0.367	0	1
0.141333011897046	-0.553265603950319	0.074	0.25	1
0.141480724508323	0.530291710925806	0.367	0	1
0.141630952500124	-0.731339496065	0.743	0.75	1
0.141660027987234	1.06367515171936	0.705	0.25	1
0.141669851604996	0.543479495645054	0.367	0	1
0.141848731713637	-0.610376120398318	0.272	0.5	1
0.141859170985474	0.531988719518337	0.366	0	1
0.141928617533384	-0.915633823649891	0.468	0.75	1
0.141991066403478	-0.496606798567778	0.617	0.75	1
0.142048682111317	0.521409675961393	0.366	0	1
0.142071124072393	0.71607571800695	0.567	0.25	1
0.142238385460186	0.486693490836141	0.366	0	1
0.142238385532939	0.551878896563313	0.366	0	1
0.142428281001407	0.520105442137569	0.366	0	1
0.142428281025681	0.61638669164226	0.366	0	1
0.142650318838642	0.905162923601502	0.648	0.25	1
0.142699701158323	-0.597598257181852	0.217	0.5	1
0.142715401352678	0.635447140849453	0.979	0.75	1
0.142947619819466	-0.57890147834501	0.598	0.75	1
0.143013808317286	0.667725314245376	0.564	0.25	1
0.143181076447075	0.849925580999747	0.558	0.25	1
0.143237923757511	-0.910537457123116	0.789	0.75	1
0.143367765954537	-0.923809563380137	0.783	0.75	1
0.143380647922243	0.548072431041103	0.364	0	1
0.143471395307733	0.935025266141195	0.555	0.25	1
0.143521230826345	0.589810807712548	0.829	0.25	1
0.143571699418426	0.536400387221715	0.364	0	1
0.143571700053158	0.5153207267524	0.364	0	1
0.143577190113509	0.827137912442791	0.715	0.25	1
0.14371351574581	-0.325432007672567	0.852	1	1
0.143920672960088	-0.434098696878699	0.231	0.5	1
0.143954384424836	0.530117088262258	0.364	0	1
0.144071485216313	0.765532805920558	0.67	0.25	1
0.144146016309767	0.53518858501478	0.363	0	1
0.144146016725965	0.611844927253708	0.363	0	1
0.144146016872859	0.825920303436644	0.363	0	1
0.144167949490455	0.722764892214774	0.689	0.25	1
0.144212568132979	-0.512095013720568	0.229	0.5	1
0.144337842517908	0.523714920771449	0.363	0	1
0.144508835406794	-0.570674808978423	0.474	0.75	1
0.14465690806498	0.695435187648085	0.571	0.25	1
0.144798239853261	0.65447587240726	0.924	0.5	1
0.145492872762645	0.515025352664956	0.362	0	1
0.145492872811935	0.516322888011474	0.362	0	1
0.14549287288587	0.51812801614118	0.362	0	1
0.145492873107675	0.535304055059	0.362	0	1
0.1454928732309	0.612460473367791	0.362	0	1
0.145648080734271	0.761770592022663	0.885	0.5	1
0.145686058228963	0.571747261592859	0.361	0	1
0.145720214957702	-1.01758940929583	0.304	0.5	1
0.145930700356046	0.660520994873553	0.568	0.25	1
0.145954705409971	0.535572612804125	0.833	0.25	1
0.14607301404346	0.496585108150019	0.361	0	1
0.146073014364755	0.589449901591528	0.361	0	1
0.146099898351793	-0.644544748139585	0.226	0.5	1
0.146266784700396	0.759346280421231	0.361	0	1
0.146266784725134	0.664570503078167	0.361	0	1
0.146481867254886	-0.450254321931982	0.663	0.75	1
0.146642626639514	-0.720430447356509	0.48	0.75	1
0.146654910415686	0.561983025451006	0.36	0	1
0.146849267343344	0.802106425270083	0.36	0	1
0.146901575964501	-0.438732319095686	0.586	0.75	1
0.1470438190197	0.69975779611642	0.36	0	1
0.147043819292851	0.509906101322588	0.36	0	1
0.147238566951719	0.530936292473489	0.359	0	1
0.147238566951719	0.54176872416406	0.359	0	1
0.147238567100851	0.512627073673761	0.359	0	1
0.147274050328542	-0.536115012847569	0.429	0.75	1
0.147541786325449	-0.881085896019602	0.686	0.75	1
0.147823986655931	0.548482999624922	0.359	0	1
0.147862590944545	0.656092132093607	0.992	1	1
0.14794650368485	-0.748568833619183	0.076	0.25	1
0.148019518753165	0.504121693206459	0.358	0	1
0.148215247698004	0.508181425102696	0.358	0	1
0.14830970080755	-0.765953014080533	0.236	0.5	1
0.14841117345979	0.524403865750025	0.358	0	1
0.148607295531975	0.484342008331395	0.358	0	1
0.148803614958408	0.560512281138704	0.357	0	1
0.149141746455633	-0.931269292545197	0.279	0.5	1
0.149196844823175	0.604579686047171	0.357	0	1
0.149198228909293	0.793375065418014	0.555	0.25	1
0.149263323388934	-0.542700650793735	0.284	0.5	1
0.149590864080813	0.535553914500741	0.356	0	1
0.149854701046877	0.647705362201084	0.571	0.25	1
0.149985673835064	0.613292296017518	0.356	0	1
0.150133384884651	0.661658660398096	0.757	0.5	1
0.150183375421421	0.582373103422281	0.356	0	1
0.15033598928896	0.588050473170656	0.992	1	1
0.150520261608937	-0.420307266071056	0.622	0.75	1
0.150568973328377	-0.459021914231343	0.076	0.25	1
0.150579373796338	0.873003948928511	0.355	0	1
0.150777669561966	0.500136560316822	0.355	0	1
0.150878173597129	-0.423547458560434	0.232	0.5	1
0.150931018551267	0.627751015549703	0.825	0.5	1
0.150976164831915	0.497065834506589	0.355	0	1
0.151031755544664	-0.693873797905442	0.468	0.75	1
0.151373751283545	0.515402180170805	0.354	0	1
0.151572842553153	0.526557855688697	0.354	0	1
0.151761410159596	-1.03174757979026	0.301	0.5	1
0.151770067184282	-0.509808264285929	0.648	0.75	1
0.151772133000185	0.476770831957006	0.354	0	1
0.151772133101782	0.611212684306875	0.354	0	1
0.151915999124542	0.632551443369351	0.562	0.25	1
0.151961428964033	0.675660976719916	0.692	0.25	1
0.151971622770924	0.535548914362188	0.353	0	1
0.151979526411888	0.785573837987863	0.745	0.25	1
0.152007869534303	-0.943650786976361	0.286	0.5	1
0.152137412419488	0.604531576449905	0.85	0.5	1
0.152171311553766	0.499600865954569	0.353	0	1
0.152355202894134	0.657082658138852	0.76	0.25	1
0.152371200512853	0.51651058531749	0.353	0	1
0.152571288827719	0.520055183483244	0.353	0	1
0.152911874494151	-0.660382167160321	0.234	0.5	1
0.153137189708813	-1.01616376469646	0.078	0.25	1
0.153152856624728	0.75333752360808	0.808	0.5	1
0.153172753410785	0.500768483220097	0.352	0	1
0.153172753487485	0.492908790692883	0.352	0	1
0.15317275358975	0.532050250490755	0.352	0	1
0.153373642196558	0.546237703105884	0.352	0	1
0.153764871981704	-0.311470579715692	0.988	1	1
0.153977510804529	0.499584211088623	0.351	0	1
0.153977510907178	0.517857311277105	0.351	0	1
0.15398818435173	0.707479890248938	0.785	0.5	1
0.153997485821589	-0.559985525223809	0.077	0.25	1
0.154179202523422	0.743221639424861	0.351	0	1
0.154179202549108	0.70038503692712	0.351	0	1
0.154231048197924	0.689949168029115	0.562	0.25	1
0.154343108534222	-0.9162504772424	0.659	0.75	1
0.154381093996324	0.573277052006556	0.35	0	1
0.154583187349407	0.527018925865917	0.35	0	1
0.154722207494826	-0.961346845380076	0.295	0.5	1
0.154987978441279	0.611848735481594	0.35	0	1
0.155526469550291	-0.439118386801866	0.077	0.25	1
0.155545108596845	0.62734812335671	0.567	0.25	1
0.155872243981626	-0.739078201730158	0.077	0.25	1
0.155941827096179	-1.23352681324594	0.242	0.5	1
0.155950838772041	0.734675543321232	0.555	0.25	1
0.156003485936757	0.533725250807646	0.349	0	1
0.156071812360407	-0.726535332402167	0.286	0.5	1
0.156207193749415	0.563030700078832	0.348	0	1
0.156207193904981	0.545589509612368	0.348	0	1
0.156273203781348	-0.748935137102682	0.836	1	1
0.156276291212986	0.826465428808365	0.944	0.75	1
0.157024052346145	0.511598963080774	0.347	0	1
0.157024052762538	0.619940341812472	0.347	0	1
0.15707397406952	0.683573952924457	0.705	0.25	1
0.157157684258178	-0.552831676354355	0.908	1	1
0.157228774166586	0.57458254090233	0.347	0	1
0.157433699395673	0.48727653193893	0.347	0	1
0.157433699552111	0.558251330044175	0.347	0	1
0.157523490363148	-0.627671359074983	0.843	0.75	1
0.157622807627314	-0.559011649843639	0.078	0.25	1
0.157844160762746	0.980607464370376	0.346	0	1
0.157856207055156	0.655827641056487	0.561	0.25	1
0.157859940106101	-1.20364082893044	0.305	0.5	1
0.158146364148457	-1.14213237378754	0.879	1	1
0.158461379634214	0.509700410009268	0.346	0	1
0.158461379922358	0.496279170782379	0.346	0	1
0.158508733028508	-0.551790113927037	0.078	0.25	1
0.158564031982744	0.748748365679409	0.913	0.5	1
0.158667527443522	0.491159047041424	0.345	0	1
0.158667527705715	0.486765701625278	0.345	0	1
0.158704076316633	0.655485063340513	0.683	0.25	1
0.158844316392555	-0.49145029930807	0.701	0.75	1
0.15887388000959	0.521811721771312	0.345	0	1
0.158874815669212	-0.510462431526783	0.28	0.5	1
0.159080437170334	1.08900086686045	0.345	0	1
0.159162582663616	1.03462163397475	0.615	0.25	1
0.159273545603473	0.33268235580803	1	1	1
0.15943989935272	-0.892676634732775	0.644	0.75	1
0.159494164017225	0.481239594675957	0.344	0	1
0.159701335032609	0.552767545466227	0.344	0	1
0.159701335217	0.611673704682007	0.344	0	1
0.15990871085639	0.483863779173972	0.344	0	1
0.15990871085639	0.488901345755872	0.344	0	1
0.160324078858229	0.465416092518376	0.343	0	1
0.160324079043136	0.530977594767211	0.343	0	1
0.160562438954621	-0.441512041417182	0.851	1	1
0.160740268719264	0.489557737660747	0.343	0	1
0.160832854590594	0.662730327563252	0.55	0.25	1
0.160940016870966	-0.797722897305994	0.303	0.5	1
0.161040016157864	0.640240549088009	0.726	0.25	1
0.161157282248538	0.523505224620547	0.342	0	1
0.161157282381106	0.470950655758727	0.342	0	1
0.161363617202716	-0.831660573577764	0.31	0.5	1
0.161784348964578	0.63115203476511	0.342	0	1
0.161784349070929	0.535000688718005	0.342	0	1
0.16194508686102	-0.457966905627186	0.079	0.25	1
0.161980279226539	-1.16293506874809	0.664	0.75	1
0.162187455709889	0.673677541179425	0.554	0.25	1
0.162413274726564	0.496584822463183	0.341	0	1
0.162413275206474	0.468641358559994	0.341	0	1
0.162494890852525	-0.545777615936767	0.079	0.25	1
0.162506738382497	-1.15362554611968	0.301	0.5	1
0.162623330718108	0.484871047534993	0.341	0	1
0.162623331118404	0.477677058360511	0.341	0	1
0.162623331171777	0.537591064716161	0.341	0	1
0.163044064645669	0.51750995028592	0.34	0	1
0.163090056902599	0.730085278987279	0.882	0.5	1
0.163254742839222	0.471738858242912	0.34	0	1
0.163254743080069	0.538344723700093	0.34	0	1
0.163254743347676	0.572376902975336	0.34	0	1
0.163465629235768	0.652242263878802	0.34	0	1
0.163676722169519	0.480061607506808	0.339	0	1
0.163676722223139	0.487880340782579	0.339	0	1
0.163676722598484	0.492042205788603	0.339	0	1
0.163743411701668	0.624715620386206	0.891	0.75	1
0.163869314666399	-0.671568371094003	0.89	1	1
0.163888024127575	0.593627497516979	0.339	0	1
0.163942279710408	-0.398857397737735	0.444	0.75	1
0.164015305473165	-0.752437352618929	0.666	0.75	1
0.164081945683813	0.622689591612026	0.554	0.25	1
0.164099533979767	0.484844966140999	0.339	0	1
0.164529342763386	0.688147664661328	0.964	0.75	1
0.16473531426399	0.613935891725184	0.338	0	1
0.164780926762811	-1.17756357974559	0.308	0.5	1
0.164781829344537	0.686475728454684	0.548	0.25	1
0.164804082779157	-0.73855665261312	0.08	0.25	1
0.164947658224101	1.01379375529806	0.338	0	1
0.165083303836439	-0.695085870924024	0.079	0.25	1
0.165137350736635	-1.20369068554192	0.295	0.5	1
0.165586772170967	-0.684785684035738	0.605	0.75	1
0.165724539877631	0.643804508521443	0.879	0.5	1
0.165729797356329	-0.557566892051179	0.08	0.25	1
0.165898676524794	-0.420060876867618	0.078	0.25	1
0.166012515343898	0.474421494626409	0.337	0	1
0.166025402811019	-0.726778695861234	0.301	0.5	1
0.166102883599738	-0.459025470585802	0.08	0.25	1
0.166226115862371	0.479510463107579	0.336	0	1
0.166653945900383	0.492383188753553	0.336	0	1
0.166746200155793	-0.549782346053475	0.08	0.25	1
0.166965566695551	-0.672975821844885	0.477	0.75	1
0.166982039002182	1.02456215931271	0.896	0.75	1
0.167082616648336	0.514734943855781	0.335	0	1
0.167204823400239	-0.54831405115163	0.08	0.25	1
0.167297267519138	0.475536341440387	0.335	0	1
0.16741270484327	0.790285731080418	0.779	0.5	1
0.167454648272376	0.630724250297074	0.898	0.75	1
0.167512129378352	0.50062537324145	0.335	0	1
0.167542809979441	0.750343815962267	0.805	0.5	1
0.167550353978658	0.514743652263746	0.999	1	1
0.167692779871451	-1.10620456165344	0.872	0.75	1
0.167727202359134	0.501892786697622	0.335	0	1
0.167727202413705	0.516775478493231	0.335	0	1
0.168373686709936	0.477720293839404	0.334	0	1
0.168379694375339	-1.75287350921225	0.672	0.75	1
0.168539312492757	-0.530662333405037	0.079	0.25	1
0.168571668110429	-0.729608941505896	0.081	0.25	1
0.168589604275754	0.475724691560702	0.334	0	1
0.168651602738981	0.938341238436234	0.614	0.25	1
0.168805733737831	0.496884225097834	0.333	0	1
0.169095700633628	-0.608332519487772	0.655	0.75	1
0.169552289836782	0.607359626220209	0.551	0.25	1
0.169672370618128	0.499036158091461	0.332	0	1
0.169672370893259	0.548595097640225	0.332	0	1
0.169672370948285	0.524512671433947	0.332	0	1
0.169672371058337	0.52987358963243	0.332	0	1
0.169802262269113	0.309356696986256	0.998	1	1
0.169856154733221	-0.382917443888031	0.079	0.25	1
0.169889560966527	0.450480257712123	0.332	0	1
0.169889561076681	0.488970903842716	0.332	0	1
0.170023900773724	0.783386268393836	0.633	0.25	1
0.170319541411496	-0.413731500282332	0.469	0.75	1
0.170324578715304	0.63812167337724	0.332	0	1
0.170324578770483	0.487704448495084	0.332	0	1
0.170978704041238	1.30540570450756	0.331	0	1
0.171092301628466	0.873391920420241	0.645	0.25	1
0.171197171261182	0.481072209182165	0.331	0	1
0.171415853375598	0.456583389520826	0.33	0	1
0.171465923967064	-0.698609005879547	0.294	0.5	1
0.171619722968326	-0.792965162327438	0.312	0.5	1
0.171724368142686	-0.556534817219614	0.082	0.25	1
0.171794392390506	0.585569098195002	0.551	0.25	1
0.171853857929904	0.498016301347261	0.33	0	1
0.171853858263116	0.612660038415523	0.33	0	1
0.171853858429721	0.631589105999637	0.33	0	1
0.171906619805912	-0.404419773597484	0.24	0.5	1
0.172073181584473	0.464401378278158	0.33	0	1
0.172073181751232	0.450240226305296	0.33	0	1
0.172105361370672	0.735525132467945	0.756	0.25	1
0.172354806578822	-0.507364380006466	0.485	0.75	1
0.172509221865289	0.662744252472808	0.867	0.5	1
0.172512471580456	0.493764370887225	0.329	0	1
0.172512471663989	0.592170591357559	0.329	0	1
0.172512471719677	0.469160729395264	0.329	0	1
0.172801662456585	-0.447626795201372	0.081	0.25	1
0.172907851001671	-0.748596142113804	0.082	0.25	1
0.172917044997311	-0.497819386625471	0.244	0.5	1
0.172961168708033	-0.41921099597008	0.079	0.25	1
0.172991567387625	-0.429934193291573	0.645	0.75	1
0.173173015726954	0.483256696170291	0.328	0	1
0.173173015978245	0.51123017657177	0.328	0	1
0.173173016201615	0.554948690916295	0.328	0	1
0.173393627422592	0.475658017345661	0.328	0	1
0.173393627562326	0.480703149605081	0.328	0	1
0.17388009635774	0.634867232828966	0.548	0.25	1
0.174086352252364	-0.836097367223019	0.083	0.25	1
0.174134410255664	0.642094811011795	0.697	0.25	1
0.174278227615856	0.505167575905989	0.327	0	1
0.174721822225435	0.580947196319781	0.327	0	1
0.174943943585653	0.492954077031563	0.326	0	1
0.17529360145535	-0.424621626838827	0.501	0.75	1
0.175378763298107	0.593955801534255	0.55	0.25	1
0.175396625917354	1.29970986312536	0.58	0.25	1
0.175653624958346	-0.743695632353587	0.25	0.5	1
0.175689426757336	0.645778995436701	0.544	0.25	1
0.175736591285415	-0.405003948705539	0.242	0.5	1
0.176057800856349	0.458962667623829	0.325	0	1
0.176219354872908	0.679168181702246	0.641	0.25	1
0.176281223352406	0.515433400810962	0.325	0	1
0.176281223465536	0.587190984470393	0.325	0	1
0.176281223578665	0.642650542244665	0.325	0	1
0.176281223833207	0.485956593630225	0.325	0	1
0.176686665930783	-0.740463795094589	0.083	0.25	1
0.176728721014254	0.468841080962785	0.325	0	1
0.17691879075965	0.593235548075838	0.546	0.25	1
0.176933286865951	0.620635929679728	0.648	0.25	1
0.177401599783614	0.443418204064008	0.324	0	1
0.177401600266623	0.465061691530399	0.324	0	1
0.177626329616314	0.528688281188649	0.324	0	1
0.177806965575585	0.539977652331014	0.77	0.25	1
0.17797689875153	0.65683153999656	0.684	0.25	1
0.17807644377411	0.448011240263837	0.323	0	1
0.178076444002034	0.472264836402119	0.323	0	1
0.178301829321456	0.472541069029097	0.323	0	1
0.178321705284782	0.616491141397088	0.663	0.25	1
0.178400663060249	-0.919193906575906	0.326	0.5	1
0.178650355389584	0.662573358383143	0.81	0.5	1
0.178728015073661	0.582218707566589	0.551	0.25	1
0.178753256894335	0.487148874546807	0.322	0	1
0.178753257037179	0.492684384582942	0.322	0	1
0.178830575351867	-0.543888594168362	0.083	0.25	1
0.178979298917222	0.496273221151377	0.322	0	1
0.178979299231767	0.50747521977183	0.322	0	1
0.178987493759586	-0.449580042920846	0.083	0.25	1
0.178990880736433	1.12469873472617	0.512	0.25	1
0.17931359560915	-0.724673068295171	0.316	0.5	1
0.179658744101088	0.454588881386009	0.321	0	1
0.179658744387824	0.489277237332798	0.321	0	1
0.179885665984221	0.637231234962447	0.321	0	1
0.179937155490317	-0.593472502014798	0.305	0.5	1
0.180340168876788	0.461626070184835	0.321	0	1
0.18034016902055	0.610130051735709	0.321	0	1
0.180340169049302	0.477596050740574	0.321	0	1
0.181023577462585	0.474927535055908	0.32	0	1
0.181045992381187	-1.2397982724519	0.084	0.25	1
0.181100569852659	-0.754081322831332	0.548	0.75	1
0.181157981167197	-0.595225091097737	0.3	0.5	1
0.181251822166452	0.451474925649973	0.32	0	1
0.181251822253025	0.433973167181085	0.32	0	1
0.181310530593744	-0.442490720773324	0.083	0.25	1
0.181480287979327	0.458271365508944	0.319	0	1
0.18148028849924	0.465408015214113	0.319	0	1
0.181480288585892	0.531141333382416	0.319	0	1
0.181591106468511	-2.38083074115761	0.323	0.5	1
0.181708975248248	0.465285171329368	0.319	0	1
0.181708975363889	0.45559216384344	0.319	0	1
0.181758362270031	-0.922719698396059	0.336	0.5	1
0.181806055311976	-0.697133551765158	0.31	0.5	1
0.181827016385224	0.593975586811341	0.677	0.25	1
0.181937884118578	0.4965495873986	0.319	0	1
0.182032794120935	-0.518168323492027	0.083	0.25	1
0.182167014504118	0.437333589971854	0.319	0	1
0.182387028078226	-0.553196417807937	0.615	0.75	1
0.182396366868773	0.442731373234922	0.318	0	1
0.182625941561695	0.588106744488009	0.318	0	1
0.182736783968459	-0.578983977878302	0.302	0.5	1
0.18285573785834	0.447614366433396	0.318	0	1
0.183085756978773	0.43402511712673	0.318	0	1
0.183227680580226	-0.448979628935544	0.084	0.25	1
0.183315998168616	0.425047321844112	0.317	0	1
0.183374392584737	-0.56782456660265	0.933	0.75	1
0.183418772177119	0.655857089011822	0.677	0.25	1
0.183546462242958	0.472964567717675	0.317	0	1
0.18400805969266	0.440446579429775	0.317	0	1
0.18423919324628	0.430626773310703	0.316	0	1
0.184239193596706	0.47282055623083	0.316	0	1
0.184271873451291	0.541000863254597	0.959	0.75	1
0.184287880283925	0.55900109008866	0.537	0.25	1
0.18447055001116	0.481018863404382	0.316	0	1
0.184470550537279	0.502877673208801	0.316	0	1
0.184547573663748	-0.547647093574931	0.084	0.25	1
0.184589822179585	0.658148429067997	0.641	0.25	1
0.184702130397742	0.473289564550568	0.316	0	1
0.184702130836575	0.436345391674871	0.316	0	1
0.184702130953597	0.473360472427793	0.316	0	1
0.184702131012108	0.529808376231074	0.316	0	1
0.184702131187641	0.676771317028768	0.316	0	1
0.184933934993274	0.427191208344725	0.316	0	1
0.184933935168967	0.491774790640211	0.316	0	1
0.184942311917088	-0.41975016264476	0.507	0.75	1
0.184956797344241	0.616138586529047	0.536	0.25	1
0.185072312430818	0.855919945249906	0.915	0.5	1
0.185165963126478	0.443592952697771	0.315	0	1
0.185165963390258	0.476847184242746	0.315	0	1
0.185269473529276	0.673791537035594	0.699	0.25	1
0.185317203687726	0.648982251130224	0.534	0.25	1
0.185398215854041	0.443514475283236	0.315	0	1
0.185398216264739	0.504832176537328	0.315	0	1
0.185428339299258	-0.396669634380914	0.085	0.25	1
0.185433618958684	-0.440055687077886	0.084	0.25	1
0.185630692826727	0.474571117684948	0.315	0	1
0.185630692914814	0.466694442720264	0.315	0	1
0.185633615995472	0.601234910631931	0.537	0.25	1
0.185722431909064	-0.386820744695003	0.481	0.75	1
0.185811680248799	0.673882246850866	0.744	0.5	1
0.185863393811195	0.48810829386279	0.315	0	1
0.185863393811195	0.425271279306059	0.315	0	1
0.185863394075698	0.47221326391286	0.315	0	1
0.186096319690674	0.437792357975721	0.314	0	1
0.186096319955418	0.45363874436664	0.314	0	1
0.186096320426073	0.495217421972336	0.314	0	1
0.186152671748168	0.619361050941902	0.649	0.25	1
0.186200556543339	0.593908153053862	0.974	1	1
0.186285354518491	-0.73075333706962	0.086	0.25	1
0.186329471115688	0.459997674151237	0.314	0	1
0.186486159776195	0.605054024266937	0.653	0.25	1
0.186562847265264	0.460147715288965	0.314	0	1
0.186608244118358	-1.63519713266073	0.085	0.25	1
0.186730255938317	-0.488259184887035	0.081	0.25	1
0.186735376994277	-0.718216210929895	0.085	0.25	1
0.186796448170447	0.427915187707496	0.314	0	1
0.186796448288433	0.449828332811536	0.314	0	1
0.187078038378008	-0.396458462650375	0.251	0.5	1
0.187263338766958	0.555603058380989	0.548	0.25	1
0.187372830476556	-1.03616003925399	0.339	0.5	1
0.18746519278921	-0.565904784791732	0.301	0.5	1
0.187479047582756	0.570584675655367	0.82	0.5	1
0.187498604280892	0.4392525113985	0.313	0	1
0.187498604369624	0.460996789801109	0.313	0	1
0.187498604902012	0.485238878345557	0.313	0	1
0.187498604931589	0.483536752503583	0.313	0	1
0.187498605109052	0.488648953173204	0.313	0	1
0.187599333377251	-0.734956455016298	0.086	0.25	1
0.187733108455014	0.438540187548629	0.313	0	1
0.187784142536218	-0.36887102299344	0.469	0.75	1
0.187841435660659	-0.58378422814458	0.313	0.5	1
0.188091057543966	0.724033856350207	0.525	0.25	1
0.188202794925846	0.504464260332765	0.312	0	1
0.188481633935503	0.619312096779581	0.834	0.5	1
0.188562355419721	-0.38157000947647	0.634	0.75	1
0.188673387330225	0.436327650142296	0.312	0	1
0.188673387567921	0.448682631385035	0.312	0	1
0.18890902351455	0.461009410282972	0.311	0	1
0.188918591141358	0.606209159086291	0.89	0.75	1
0.189048293951478	-0.736105594725728	0.086	0.25	1
0.18913959943168	-0.70081826852243	0.619	0.75	1
0.18914488649666	0.423861786220588	0.311	0	1
0.189144886734789	0.43977597359619	0.311	0	1
0.189144886734789	0.477855450556313	0.311	0	1
0.18914488688362	0.440588485442578	0.311	0	1
0.189144887181281	0.446873736278461	0.311	0	1
0.189144887181281	0.487509242641525	0.311	0	1
0.189319110492189	-0.4722937045372	0.871	1	1
0.189380977471285	0.459674752724874	0.311	0	1
0.189380977501078	0.474369542043764	0.311	0	1
0.189475715275624	0.619090781690663	0.535	0.25	1
0.189617295519877	0.448608743985	0.311	0	1
0.189617295579518	0.494509762525149	0.311	0	1
0.189617295877721	0.601356074725646	0.311	0	1
0.189853841331917	0.446997404562905	0.31	0	1
0.189891619681949	-0.484700174455159	0.302	0.5	1
0.190003011799647	-1.11958647179103	0.728	0.75	1
0.190090614433901	0.441705771416409	0.31	0	1
0.190131400754831	-0.594728825411437	0.319	0.5	1
0.190327615755602	0.428987660696581	0.31	0	1
0.190677139486384	-0.482810942631493	0.256	0.5	1
0.190757880550025	-0.395353077707858	0.085	0.25	1
0.190802302987803	0.42501505761962	0.309	0	1
0.190812388170355	-0.480658092054632	0.771	0.75	1
0.191011942412425	-0.457835377383047	0.248	0.5	1
0.191045552018981	0.626253341995267	0.535	0.25	1
0.191172058530485	0.327849999382237	0.994	1	1
0.191277904083744	0.419541241244646	0.309	0	1
0.191277904143765	0.530486666931635	0.309	0	1
0.191277904143765	0.443363885677295	0.309	0	1
0.191328399340094	-0.442423427020594	0.086	0.25	1
0.191361436704776	0.656712116413749	0.677	0.25	1
0.191516047743391	0.460512117944991	0.309	0	1
0.191516047863543	0.439636427019441	0.309	0	1
0.191516048133885	0.46411503627131	0.309	0	1
0.191754420851789	0.444248487754255	0.308	0	1
0.19175442091192	0.428391145598401	0.308	0	1
0.191772499644917	0.637809440851536	0.904	0.5	1
0.191993023174233	0.432623407839604	0.308	0	1
0.192470915179472	0.42490933330855	0.308	0	1
0.192470915601535	0.553764365813222	0.308	0	1
0.192470915631682	0.440987096055729	0.308	0	1
0.19247091566183	0.481636950573962	0.308	0	1
0.192470915752271	0.426364616690095	0.308	0	1
0.19257783227787	-0.404440148001438	0.505	0.75	1
0.192710206620778	0.456733785656367	0.307	0	1
0.192710206741477	0.476471971063736	0.307	0	1
0.192829569141588	-1.33630501981835	0.087	0.25	1
0.192887470301357	-0.937230312761445	0.344	0.5	1
0.192949727598632	0.601683246451413	0.307	0	1
0.193189478691766	0.476450365365485	0.307	0	1
0.193189478782455	0.427914869819883	0.307	0	1
0.193362378976187	0.513001904413829	0.931	0.5	1
0.193429460178059	0.417782745767843	0.307	0	1
0.193429460299087	-0.54324826805068	0.306	0.5	1
0.193429460359601	0.478516620024773	0.307	0	1
0.193669671881748	0.406336783000918	0.306	0	1
0.193669671881748	0.416609817143356	0.306	0	1
0.19366967209374	0.438995336723794	0.306	0	1
0.193669672275447	0.438795135489696	0.306	0	1
0.193826841974307	0.666746991477908	0.802	0.5	1
0.193931082630803	0.612204171879181	0.535	0.25	1
0.194150788479475	0.443998289959183	0.306	0	1
0.194150788873889	0.440337452811546	0.306	0	1
0.194171352572183	0.648033853318503	0.628	0.25	1
0.194259010937742	-0.282148289691386	0.419	0.75	1
0.194391693204956	0.436565149855445	0.306	0	1
0.194632829355621	0.419338024450735	0.305	0	1
0.194632829598779	0.410409529942087	0.305	0	1
0.194678935255912	0.529468743992459	0.539	0.25	1
0.194749133161555	-0.720009140630631	0.088	0.25	1
0.194874197303393	0.426054072605015	0.305	0	1
0.194874197303393	0.417525543236149	0.305	0	1
0.19487419739466	0.466728497573765	0.305	0	1
0.19509840716965	-0.462601076225448	0.249	0.5	1
0.195115796172713	0.433646529054927	0.305	0	1
0.195115796385863	0.400863769950513	0.305	0	1
0.195115796446762	0.427006451980212	0.305	0	1
0.195115796629461	0.463128503817777	0.305	0	1
0.195115796842611	0.528000777296237	0.305	0	1
0.195115797116659	0.99409719010797	0.305	0	1
0.195357627827435	0.458120811239636	0.305	0	1
0.195453841448006	-1.19052895404978	0.261	0.5	1
0.195607069170138	0.578033136830832	0.668	0.25	1
0.195841986080201	0.455323403489708	0.304	0	1
0.195841986477128	0.481388427488992	0.304	0	1
0.195933742888758	0.379722918645776	0.801	0.25	1
0.196055972649088	-0.371447279544454	0.085	0.25	1
0.196084514523391	0.452490687435221	0.304	0	1
0.19618619615784	0.532810080170589	0.939	0.75	1
0.196362181210774	-0.632172005361521	0.259	0.5	1
0.196570267759279	0.425584495045543	0.303	0	1
0.196570268494064	0.43454619027472	0.303	0	1
0.197277866307641	0.531429293231273	0.533	0.25	1
0.19761711655481	0.746045823975668	0.849	0.5	1
0.197663097909107	-0.424786773902657	0.245	0.5	1
0.197873698332947	-0.374067483206556	0.085	0.25	1
0.19797481055151	-0.385638409625116	0.254	0.5	1
0.197978932960909	0.708356370773296	0.848	0.5	1
0.198033128853167	0.411475500603407	0.302	0	1
0.198155983576276	-0.848400930773955	0.302	0.5	1
0.198183973716581	0.542618868006888	0.527	0.25	1
0.198277757172219	0.405558178152424	0.302	0	1
0.198370759874282	0.676102330416855	0.86	0.5	1
0.198656690227817	0.559233502963176	0.719	0.25	1
0.198680977834425	-0.37854102941267	0.25	0.5	1
0.198767717593223	0.433841366669784	0.301	0	1
0.199013049682753	0.44233136878444	0.301	0	1
0.199013049837226	0.564391338969189	0.301	0	1
0.199258616658567	0.438884829303383	0.301	0	1
0.199258616967794	0.442072878315851	0.301	0	1
0.199504419179714	0.478023708594668	0.301	0	1
0.199504419674926	0.433084696895954	0.301	0	1
0.199525465302568	-0.544654196984875	0.088	0.25	1
0.199529840473459	-0.651194454110093	0.572	0.75	1
0.199564079299844	-0.72368918993252	0.263	0.5	1
0.199671385206061	-0.732737177994143	0.089	0.25	1
0.199750456853968	0.501501164762734	0.3	0	1
0.199840969065024	0.667062771778855	0.904	0.5	1
0.199996730403539	0.725434879518827	0.3	0	1
0.200124524191671	0.582898451500455	0.758	0.5	1
0.200243239280439	0.828861258550757	0.3	0	1
0.200410399374881	0.415403852578969	0.911	0.5	1
0.200549164309291	-0.712339703457122	0.333	0.5	1
0.200736964636617	0.431034649193147	0.299	0	1
0.200736964760982	0.41504783287344	0.299	0	1
0.200736964760982	0.435530795870895	0.299	0	1
0.200820864406195	0.667077643665243	0.94	0.5	1
0.20098418206884	0.422979993183614	0.299	0	1
0.200984182442272	0.544020317005753	0.299	0	1
0.200984182473392	0.516592094847132	0.299	0	1
0.201038159788499	-0.475134040652232	0.283	0.5	1
0.20104789478554	0.598669648486884	0.848	0.5	1
0.201231635738073	0.406784712077295	0.299	0	1
0.20123163589381	0.5245201553546	0.299	0	1
0.201479326682854	0.560081362444211	0.299	0	1
0.201552367492522	0.774863881437965	0.745	0.5	1
0.201622933366998	0.586564760240119	0.979	1	1
0.201727253667213	0.432758928575541	0.298	0	1
0.201727253823233	0.450503972469703	0.298	0	1
0.201727253916845	0.439000644675435	0.298	0	1
0.201975418635999	0.633641595408189	0.298	0	1
0.202018891348812	-1.29892929823253	0.09	0.25	1
0.202436792780192	-0.770876793381977	0.718	0.75	1
0.202472459451074	0.41927319283954	0.298	0	1
0.202516046898515	0.645699475978881	0.633	0.25	1
0.2025870866831	0.535397886109177	0.533	0.25	1
0.202721336632714	0.442103627173866	0.297	0	1
0.202721336695348	0.408800859488962	0.297	0	1
0.202721336883251	0.596486170074889	0.297	0	1
0.202836993548235	0.438227058273581	0.997	1	1
0.202923367453053	-0.538320354625635	0.089	0.25	1
0.202970451690156	0.458104194452702	0.297	0	1
0.202970451721502	0.447432749180262	0.297	0	1
0.203219804791833	0.42865384290882	0.297	0	1
0.203219804823207	0.551029630839939	0.297	0	1
0.20321980501145	0.477982677331507	0.297	0	1
0.203410253530001	-0.44520281241242	0.253	0.5	1
0.203445997352279	-0.883488931525879	0.326	0.5	1
0.203542217353544	-0.511204219825036	0.3	0.5	1
0.203550191032921	-0.553803552816439	0.09	0.25	1
0.203646528367346	-0.541957839641745	0.089	0.25	1
0.203719225614156	0.415093927705067	0.296	0	1
0.20371922583417	0.401351205321118	0.296	0	1
0.203719226054185	0.405057158143414	0.296	0	1
0.203739277475042	-0.435631609487692	0.089	0.25	1
0.203969294364551	0.407809180371296	0.296	0	1
0.204165071460575	-0.716167894909224	0.09	0.25	1
0.204463003324422	0.473884711023182	0.748	0.25	1
0.204470148607995	0.423885362136942	0.296	0	1
0.204485345790008	-1.08734392187852	0.262	0.5	1
0.20451249371727	-0.435334807998476	0.089	0.25	1
0.204720934157243	0.412656474630366	0.295	0	1
0.204720934472688	0.417859292687781	0.295	0	1
0.204720934725044	0.448736835102459	0.295	0	1
0.204720934819678	0.431265188259458	0.295	0	1
0.205223224951102	0.420377856133696	0.295	0	1
0.205223225140712	0.448676842394181	0.295	0	1
0.205474729780646	0.437107523402066	0.295	0	1
0.205474730096948	0.415346865225407	0.295	0	1
0.205474730160209	0.419379164116773	0.295	0	1
0.205474730255099	0.466039239512487	0.295	0	1
0.205474730444881	0.428709692221777	0.295	0	1
0.205576976213237	-0.546850103435712	0.97	1	1
0.205686363916137	-0.504405053940622	0.533	0.75	1
0.20572647508249	0.426435181095856	0.294	0	1
0.205957349182199	-0.738028841507637	0.648	0.75	1
0.206113386073042	-0.453983750175276	0.301	0.5	1
0.206483153457177	0.430821463209117	0.294	0	1
0.206483153647645	0.397520560869281	0.294	0	1
0.206483153869859	0.39133747758273	0.294	0	1
0.206483154123817	0.464308253633884	0.294	0	1
0.206686408446023	0.599772502922254	0.649	0.25	1
0.206988810634696	0.581365368627173	0.293	0	1
0.206988810666498	0.513505295001799	0.293	0	1
0.20705477449197	-0.368601821991852	0.254	0.5	1
0.207149271770637	-0.448722520863726	0.09	0.25	1
0.20717162761449	0.545031616462559	0.528	0.25	1
0.207242000592205	0.404568453840576	0.293	0	1
0.20724200075136	0.454376265310198	0.293	0	1
0.207242000783191	0.443001713692322	0.293	0	1
0.207366738806685	-0.381945505055418	0.089	0.25	1
0.207495432775907	0.472579020952235	0.293	0	1
0.207588422667869	0.652333148293049	0.523	0.25	1
0.208003021398567	0.428466749606483	0.292	0	1
0.208003021558154	0.460845437352327	0.292	0	1
0.208003021653906	0.449223478836979	0.292	0	1
0.208003021685823	0.408567991216241	0.292	0	1
0.208003021813493	0.419347581223278	0.292	0	1
0.208144440199603	0.545738010021682	0.715	0.25	1
0.208190449588593	-0.567728483822665	0.555	0.75	1
0.208257179526526	0.467528956400126	0.292	0	1
0.20839850296533	0.623924473675758	0.885	0.5	1
0.208615667096629	-0.559382444506229	0.314	0.5	1
0.209303537208178	-0.720482116199181	0.091	0.25	1
0.209531607534771	0.437853873034501	0.291	0	1
0.209531607727316	0.401994640315294	0.291	0	1
0.209583450536379	0.563323790567669	0.827	0.75	1
0.209603649455951	0.602503885438721	0.828	0.5	1
0.209918029150045	0.539688738014455	0.529	0.25	1
0.209957171579935	0.579613245489574	0.522	0.25	1
0.210043081548293	0.410259421956794	0.29	0	1
0.210043082126972	0.613913001441106	0.29	0	1
0.210085340443257	0.626052078811887	0.752	0.5	1
0.210190219384344	-0.435782222903023	0.251	0.5	1
0.21029299491611	0.524060970901268	0.972	0.75	1
0.21029918474932	0.41917356598239	0.29	0	1
0.210384724868216	-0.558964924420271	0.767	0.75	1
0.210555531234019	0.387822165107461	0.29	0	1
0.210555531298433	0.395727025707079	0.29	0	1
0.210672740492471	-0.510141022135265	0.63	0.75	1
0.210768743636775	0.513903464947757	0.525	0.25	1
0.210812121791105	0.404274754779916	0.289	0	1
0.210812121855577	0.410951814032139	0.289	0	1
0.210949075694034	0.613300253119637	0.626	0.25	1
0.210956661344251	-0.547973817860936	0.091	0.25	1
0.21099576679315	0.637528524439449	0.88	0.75	1
0.211068957340824	0.534094950865345	0.289	0	1
0.211508480888091	0.680416904320103	0.632	0.25	1
0.211704209518512	-0.352889157750155	0.989	1	1
0.211981419064471	-0.473669907958445	0.268	0.5	1
0.21209874815626	0.418123664001228	0.288	0	1
0.212103097972731	-1.1081230242068	0.347	0.5	1
0.212356808880567	0.407970564645337	0.288	0	1
0.21235680952879	0.428518763942263	0.288	0	1
0.212586353498674	0.567477374911516	0.524	0.25	1
0.212603626919571	-0.362695406001952	0.919	1	1
0.212615115744347	0.386707815576043	0.288	0	1
0.212873668410266	0.392127565852319	0.287	0	1
0.212914462001891	-0.743787443093678	0.349	0.5	1
0.212940122330615	-0.544916581053784	0.335	0.5	1
0.213132467156869	0.417541302273332	0.287	0	1
0.213212328938931	-0.344277067349254	0.084	0.25	1
0.213307773709606	0.345572252049743	0.775	0.25	1
0.213391512653661	0.495005381078352	0.287	0	1
0.213391512848831	0.423015080989005	0.287	0	1
0.213566432445754	0.658654161270396	0.816	0.5	1
0.213650804628003	0.449515716903049	0.287	0	1
0.213650805279159	1.66937875246035	0.287	0	1
0.213920860535112	-0.376898638621239	0.683	0.75	1
0.214044562253234	-0.736268793438165	0.344	0.5	1
0.214170128868923	0.39211746193715	0.286	0	1
0.214286139655527	-0.357555809150919	0.256	0.5	1
0.214375855587471	0.365141894230286	0.767	0.25	1
0.214430162121251	0.408053606839612	0.286	0	1
0.214446002630389	-1.02052987539196	0.766	0.75	1
0.214468696668469	0.676916912985765	0.718	0.5	1
0.214690442550295	0.387290343698531	0.286	0	1
0.214780160906954	0.550335967923648	0.517	0.25	1
0.214905612007584	0.692220949579986	0.61	0.25	1
0.214950970568211	0.429448713976246	0.285	0	1
0.214950970797147	0.443150719164835	0.285	0	1
0.215011644155256	-0.414349518728421	0.09	0.25	1
0.215211746522792	0.434099411958988	0.285	0	1
0.215211746915607	0.552230913458229	0.285	0	1
0.215472771090342	0.409078603785894	0.285	0	1
0.215883056460071	0.41886157550242	0.747	0.25	1
0.215949878244026	-0.999701586227282	0.093	0.25	1
0.215969163697623	-1.69945428430948	0.36	0.5	1
0.215995564217408	0.434862173031713	0.284	0	1
0.215995564414348	0.401532158580175	0.284	0	1
0.21599570362331	-0.632817716818324	0.318	0.5	1
0.216257334492977	0.396065654867278	0.284	0	1
0.216519353173195	0.409991991267721	0.284	0	1
0.216519353304725	0.668689963577789	0.284	0	1
0.216528566744517	0.581243768951071	0.702	0.25	1
0.216632085070932	-0.468468644367475	0.269	0.5	1
0.216781620805112	0.502856001534613	0.284	0	1
0.216781621101322	0.448694759041095	0.284	0	1
0.217044138793861	0.446028608563732	0.283	0	1
0.217100085387313	-0.493048489104411	0.636	0.75	1
0.217306905713697	0.440548056199901	0.283	0	1
0.217306905779641	0.405168748452619	0.283	0	1
0.217306906043414	0.41216755363664	0.283	0	1
0.217385410325056	-0.614129378236668	0.27	0.5	1
0.21756992287246	0.396728901245341	0.283	0	1
0.217591531826354	0.711350070935011	0.876	0.5	1
0.217729293139073	-0.899116181280773	0.573	0.75	1
0.217736632552317	0.517533680881615	0.523	0.25	1
0.217833189699546	0.408598453271634	0.283	0	1
0.217833190161984	0.406875162058729	0.283	0	1
0.218096707638629	0.471300786599336	0.282	0	1
0.218196361929617	0.319340389741906	0.999	1	1
0.218338317625489	0.658483615066046	0.809	0.5	1
0.218594488729259	0.53038208332098	0.525	0.25	1
0.21861272151214	0.726675456251668	0.824	0.5	1
0.21873445384276	-0.425884881078566	0.302	0.5	1
0.21888876370805	0.38304797696078	0.282	0	1
0.218888763741201	0.398879994936551	0.282	0	1
0.218888763940105	0.414650974795416	0.282	0	1
0.218888764105859	0.399851821315619	0.282	0	1
0.219153284883904	0.411110772018153	0.281	0	1
0.219153284883904	0.3954426084442	0.281	0	1
0.219153285016626	0.390343482006	0.281	0	1
0.219359884646407	-0.602217711909634	0.268	0.5	1
0.219363972417647	-1.23811420460404	0.093	0.25	1
0.219486068155367	0.551373502570436	0.699	0.25	1
0.2196369162814	-1.11105588482489	0.267	0.5	1
0.219683081561068	0.483157758182286	0.281	0	1
0.219948356845193	0.424923523896192	0.281	0	1
0.219948357111358	0.388678315257192	0.281	0	1
0.220213885466999	0.433553413747123	0.28	0	1
0.220305410506514	-0.540878429782111	0.327	0.5	1
0.220348482271774	-1.14120056979789	0.325	0.5	1
0.220479665588675	0.415128261737687	0.28	0	1
0.220482255199558	0.529777607258802	0.637	0.25	1
0.22065039823356	-0.310468692332876	0.593	0.75	1
0.220745698301125	0.407624279090436	0.28	0	1
0.220918248419075	-0.460879519989738	0.089	0.25	1
0.22101198429812	0.406705549384579	0.28	0	1
0.221434097249484	-0.560129279785576	0.093	0.25	1
0.221451672907584	-0.377034611991016	0.785	1	1
0.221616547163792	-0.455703782634064	0.319	0.5	1
0.221812360193783	0.418094447734205	0.279	0	1
0.22207965862705	0.38810075532854	0.279	0	1
0.222079659464837	0.460687743216412	0.279	0	1
0.222373377493014	-0.611574829922028	0.316	0.5	1
0.222615019598527	0.394349008311905	0.278	0	1
0.222675957578179	-0.71205244360281	0.094	0.25	1
0.222759714532954	-0.666192568599253	0.09	0.25	1
0.222883081220923	0.403462530546273	0.278	0	1
0.222905831160048	0.274223964104005	0.856	0.5	1
0.223067241512185	0.542427720106574	0.671	0.25	1
0.223116851643597	-0.441036594597322	0.68	0.75	1
0.223151397419144	0.448272989987601	0.278	0	1
0.223151397452777	0.556676712221557	0.278	0	1
0.223288755226651	0.580388328294106	0.633	0.25	1
0.223419968187594	0.385611098530979	0.278	0	1
0.223419968557887	0.428751898650437	0.278	0	1
0.223688794227832	0.405862179889966	0.277	0	1
0.223868792738725	-0.521452275742107	0.093	0.25	1
0.223957875906325	0.400226796170988	0.277	0	1
0.22395787604122	0.403238133651343	0.277	0	1
0.223957876108667	0.483620508987578	0.277	0	1
0.223996642797194	0.574889718003725	0.63	0.25	1
0.224270677546407	-0.367725331850491	0.263	0.5	1
0.224480326343986	0.542432822044986	0.689	0.25	1
0.224496805418842	0.396931619115131	0.277	0	1
0.224496805722903	0.400637264028511	0.277	0	1
0.224512935798207	-1.60500940029629	0.35	0.5	1
0.224591408455604	0.543812034774855	0.757	0.5	1
0.224766653783573	0.404454985082719	0.276	0	1
0.224766653952649	0.381093864005662	0.276	0	1
0.224827890169729	-0.637685059569635	0.323	0.5	1
0.224889355935747	0.580987969242001	0.65	0.25	1
0.224949554980199	0.584790119331537	0.517	0.25	1
0.225036759054342	0.402040205397486	0.276	0	1
0.225307119772448	0.409783651367115	0.276	0	1
0.225307120212838	0.392589136685491	0.276	0	1
0.225307120585477	0.413544062264242	0.276	0	1
0.225533444981102	0.632221656596149	0.713	0.5	1
0.225574516289694	-0.432000845463324	0.094	0.25	1
0.225701233996413	-0.704864438940324	0.094	0.25	1
0.226016567391409	0.269934409656584	0.764	0.25	1
0.226032779730603	-0.492235768033246	0.091	0.25	1
0.226119745346953	0.366422322151503	0.275	0	1
0.226146092671996	-0.815432530903987	0.095	0.25	1
0.226200095956581	-0.385049126102389	0.267	0.5	1
0.226247003553081	-0.340486032378646	0.582	0.75	1
0.226474845903468	-0.610374476717665	0.275	0.5	1
0.226849432578538	-0.294173694994934	0.628	0.75	1
0.226875448640705	0.529959084153759	0.649	0.25	1
0.226934687157319	0.422224354401914	0.274	0	1
0.226983195780722	-0.652000766108499	0.935	1	1
0.227206850159295	0.439707972609845	0.274	0	1
0.227231028267263	-0.726772436054162	0.095	0.25	1
0.227479272086742	0.364402869302417	0.274	0	1
0.22747927225735	0.433172957087903	0.274	0	1
0.227751952188247	0.378792408196139	0.274	0	1
0.227751952188247	0.444656505251973	0.274	0	1
0.227751952427313	0.374127883895013	0.274	0	1
0.227784752156582	-0.428321532124174	0.094	0.25	1
0.227927964115054	-0.712932526348355	0.331	0.5	1
0.228024890529691	0.381985098674105	0.273	0	1
0.228024890768973	0.445762273535199	0.273	0	1
0.228024890974072	0.395762012804848	0.273	0	1
0.228024891247537	0.375517236156612	0.273	0	1
0.228262353893263	-0.376843999729329	0.661	0.75	1
0.228298088750654	0.39306722519569	0.273	0	1
0.228298088853296	0.403327564001429	0.273	0	1
0.228298088853296	0.418480079532196	0.273	0	1
0.22829808888751	0.393421068936976	0.273	0	1
0.22829808905858	0.428547197800979	0.273	0	1
0.22831089407058	-1.00208911194367	0.096	0.25	1
0.228320412373757	-0.460901993073492	0.273	0.5	1
0.228350916542688	-1.13061541114078	0.368	0.5	1
0.228571546373066	0.407794929928181	0.273	0	1
0.228845262848189	0.383251182612906	0.273	0	1
0.228845263019568	0.373343967399151	0.273	0	1
0.228845263088119	0.413892191244887	0.273	0	1
0.228845263293774	0.378168334769892	0.273	0	1
0.229052783030333	-0.462576022014966	0.54	0.75	1
0.229131140271366	-0.434375287734154	0.749	0.75	1
0.229196387938216	0.634362897144329	0.503	0.25	1
0.229280252469073	0.547171858472623	0.645	0.25	1
0.22931718813756	0.695978342307254	0.496	0.25	1
0.229393476364894	0.411752214355568	0.272	0	1
0.229526995772939	-0.601996046261539	0.277	0.5	1
0.229654203440207	0.541947592529417	0.514	0.25	1
0.229667972926993	0.370889237195774	0.272	0	1
0.229667973167574	0.35996634946415	0.272	0	1
0.229667973683105	0.408059771450112	0.272	0	1
0.229942729919438	0.381126762661405	0.272	0	1
0.229972391742409	-0.641359812634853	0.765	0.75	1
0.230341617221705	0.867999573114063	0.925	0.75	1
0.230395158593566	-0.967247330621809	0.606	0.75	1
0.230407732990776	0.521054691054313	0.51	0.25	1
0.230493027816189	0.374395905804854	0.271	0	1
0.230493027850651	0.472611575137919	0.271	0	1
0.230493028298656	0.599600542499827	0.271	0	1
0.230768567966275	0.375633125934043	0.271	0	1
0.230768568104247	0.607846881040932	0.271	0	1
0.23076856813874	0.409547614167964	0.271	0	1
0.230933329118107	-0.600981563234599	0.341	0.5	1
0.231044369620114	0.390679942888659	0.271	0	1
0.231085368298871	-1.02421818301417	0.343	0.5	1
0.231284122444047	-0.720276289276096	0.096	0.25	1
0.23132043333248	0.477385870993229	0.27	0	1
0.23132043333248	0.48313730273538	0.27	0	1
0.231510426422016	0.519955826565387	0.67	0.25	1
0.231596758725924	0.371191800978878	0.27	0	1
0.23167944701064	-0.456232505935068	0.54	0.75	1
0.231777028770451	-0.916475109882947	0.879	1	1
0.23198094047539	-0.323576465658663	0.465	0.75	1
0.232006430723669	-0.424981008704877	0.095	0.25	1
0.232075448097152	-0.67741998939274	0.757	0.75	1
0.23232492886703	-0.880261296845309	0.093	0.25	1
0.232427309480549	0.368379713872393	0.269	0	1
0.232427309515229	0.371694098384975	0.269	0	1
0.232427309515229	0.462220936743823	0.269	0	1
0.232610609705718	0.492347671780932	0.513	0.25	1
0.232704685016243	0.414009980667278	0.269	0	1
0.23270468515509	0.370738877402511	0.269	0	1
0.232782741244168	-0.323605718040293	0.825	1	1
0.232959038472912	0.548728975935128	0.508	0.25	1
0.232982324049971	0.374227374900934	0.269	0	1
0.233065448752021	0.792414575686097	0.903	0.75	1
0.233368464120065	-1.61355062796617	0.36	0.5	1
0.233395049608014	-0.857493094307847	0.366	0.5	1
0.233411004054587	0.523232341781568	0.672	0.25	1
0.233538392072645	0.35480387633354	0.268	0	1
0.233558546855876	-0.694697870260261	0.35	0.5	1
0.233966431395968	1.08718133712213	0.483	0.25	1
0.233982650834917	0.68922766764332	0.826	0.5	1
0.234095516646277	0.383627713208051	0.268	0	1
0.23410712334665	0.485104004790448	0.675	0.25	1
0.234374475187311	0.376125564048371	0.268	0	1
0.234374475361812	0.378338405175814	0.268	0	1
0.234653698544359	0.389331670922897	0.267	0	1
0.234730502309617	0.512766721386053	0.51	0.25	1
0.234933186618396	0.356302978563169	0.267	0	1
0.234933186688322	0.363957194620116	0.267	0	1
0.234933186758249	0.384814404535419	0.267	0	1
0.234933187002991	0.455745105118437	0.267	0	1
0.235065423609668	-0.702381197162618	0.097	0.25	1
0.235212939449628	0.363901995820655	0.267	0	1
0.235367562098253	-0.419593831027395	0.314	0.5	1
0.235435047769004	-1.12101230888326	0.097	0.25	1
0.235492959039499	0.434556444285944	0.267	0	1
0.235967181557398	-0.681135718823136	0.097	0.25	1
0.236053793832711	0.356669193059414	0.266	0	1
0.236434250814588	0.534499786138729	0.626	0.25	1
0.236498243746243	-0.870845693418543	0.289	0.5	1
0.236615693262738	0.368493125475724	0.266	0	1
0.236817944367946	0.480624675810592	0.512	0.25	1
0.236922574599574	0.680206699668687	0.798	0.5	1
0.237058674826682	0.466766388638926	0.677	0.25	1
0.237178659428394	0.401067458282308	0.265	0	1
0.237178659780561	0.371515205349612	0.265	0	1
0.237178659921428	0.421967963291962	0.265	0	1
0.237291545088093	-0.443117009814497	0.336	0.5	1
0.237309446638073	-1.05625028234739	0.659	0.75	1
0.237415826720221	-0.362143094843448	0.267	0.5	1
0.237460543468591	0.367754188841405	0.265	0	1
0.237460543680083	0.352219830727262	0.265	0	1
0.237660709302661	-0.375638756325781	0.277	0.5	1
0.23768826335482	0.534721322668796	0.504	0.25	1
0.237742694790275	0.35405941321671	0.265	0	1
0.237871366425652	-0.352056213332811	0.626	0.75	1
0.237875825481124	-0.491820722473419	0.094	0.25	1
0.238025113860854	0.454651191392157	0.264	0	1
0.238307801078351	0.365728423265033	0.264	0	1
0.238307801078351	0.361121100005752	0.264	0	1
0.23859075592206	0.361074410682293	0.264	0	1
0.238873979816448	0.387644278461594	0.264	0	1
0.238873979922672	0.40125320798564	0.264	0	1
0.238873980170529	0.357754275658018	0.264	0	1
0.238932007083428	-0.377657937480993	0.28	0.5	1
0.239157472347864	0.432459080772065	0.263	0	1
0.2393902193104	0.516310132522202	0.502	0.25	1
0.239441234023045	0.401342906303998	0.263	0	1
0.239725264001011	0.373071036916078	0.263	0	1
0.239725264356054	0.40805582100963	0.263	0	1
0.239725264569079	0.352574612782032	0.263	0	1
0.239725264675592	0.34931429748103	0.263	0	1
0.239725264711096	0.355382231788376	0.263	0	1
0.239725264853113	0.631394315933979	0.263	0	1
0.239725264888617	0.522707876946926	0.263	0	1
0.239776413003325	0.605867258266465	0.504	0.25	1
0.240009564706697	0.367358868497594	0.263	0	1
0.2402394663184	0.666130813602865	0.732	0.5	1
0.240294134909869	0.38135620452462	0.262	0	1
0.240294134945438	0.449117670294323	0.262	0	1
0.240560433746103	-0.71236492119663	0.099	0.25	1
0.240637909927891	-0.343229739146457	0.266	0.5	1
0.240837182683171	0.360577379958785	1	1	1
0.24086408545559	0.361182731634198	0.262	0	1
0.240917891267244	0.475655803331319	0.515	0.25	1
0.24110938636047	-0.422051282434858	0.324	0.5	1
0.241435118157697	0.382942879518069	0.261	0	1
0.241461947217818	-0.530940816930196	0.098	0.25	1
0.241966596238822	0.597952091625026	0.932	0.75	1
0.241985279544327	-1.04658688712775	0.385	0.5	1
0.242007234760991	0.360962097230035	0.261	0	1
0.24208566941611	-0.87263312665838	0.601	0.75	1
0.242293700412637	0.352518091251108	0.261	0	1
0.242293700842168	0.436002728423487	0.261	0	1
0.242582471616328	-0.707490211329949	0.099	0.25	1
0.242690755569371	-0.697660212874156	0.944	1	1
0.242867448135124	0.354854611757814	0.26	0	1
0.242867448278561	0.374824137513331	0.26	0	1
0.243000810114612	-0.427701397007829	0.097	0.25	1
0.243154730666509	0.363003981144239	0.26	0	1
0.243328439009899	-0.485556369583747	0.33	0.5	1
0.243330064792102	-1.09186237304258	0.363	0.5	1
0.24344228548541	0.354042382361615	0.26	0	1
0.243730113577032	0.381636440237131	0.259	0	1
0.243980305093035	0.501785120953319	0.625	0.25	1
0.244018214814098	0.372513222893625	0.259	0	1
0.244066722922647	0.510690060161375	0.652	0.25	1
0.244206839709293	-0.497949353620706	0.096	0.25	1
0.244250988505555	-1.04333529896243	0.099	0.25	1
0.244269446159002	0.519790412789149	0.616	0.25	1
0.24430658935665	0.372538187008604	0.259	0	1
0.244504018622201	-0.423067268872755	0.098	0.25	1
0.24459523790574	0.443408200214658	0.259	0	1
0.244642800268297	-0.455025580335644	0.282	0.5	1
0.24466475128304	-0.591139576684692	0.279	0.5	1
0.244794270655924	0.490122220960862	0.5	0.25	1
0.244884160154133	0.38256246810965	0.258	0	1
0.244886045630942	0.424667502937025	0.926	1	1
0.245046219648631	-0.683382135216425	0.363	0.5	1
0.245173356659963	0.380499096684072	0.258	0	1
0.245173356876681	0.361540390594515	0.258	0	1
0.24533457380858	0.534698230979651	0.494	0.25	1
0.245491589091781	-0.354107920069454	0.095	0.25	1
0.245513120108303	-1.29391971989162	0.098	0.25	1
0.24568362022905	-0.562541604037563	0.654	0.75	1
0.245752574069502	0.350919411511883	0.258	0	1
0.246042595118673	0.352855629499903	0.257	0	1
0.246042595227327	0.363187160742598	0.257	0	1
0.24604259533598	0.35611486660676	0.257	0	1
0.246312934006406	0.478216839345615	0.507	0.25	1
0.246438651922272	-0.614427883010663	0.287	0.5	1
0.246473654972084	-0.340677073066535	0.527	0.75	1
0.246503992740815	0.461042332422243	0.674	0.25	1
0.246914312145556	0.35508522844853	0.257	0	1
0.246914312581351	0.457318284394859	0.257	0	1
0.247205436427271	0.348673387813393	0.256	0	1
0.247239885808471	-0.489772174158522	0.332	0.5	1
0.24727458964239	-0.430301855892657	0.099	0.25	1
0.247413573934722	-0.655684026599738	0.366	0.5	1
0.247496837366452	0.36111821615981	0.256	0	1
0.247496837548363	0.417653881494843	0.256	0	1
0.247788514874883	0.34145043019942	0.256	0	1
0.247788514984128	0.378530667126526	0.256	0	1
0.247788515384695	0.514359210159377	0.256	0	1
0.248080469701945	0.35836587182078	0.256	0	1
0.248080469774841	0.455727545679332	0.256	0	1
0.248263164919142	-0.530763545697771	0.093	0.25	1
0.248398726410591	-0.838773475654736	0.578	0.75	1
0.248504333616559	-0.42120556441452	0.273	0.5	1
0.24856393545353	0.433906815725052	0.999	1	1
0.248571237948787	-0.632906580240308	0.578	0.75	1
0.248665211290456	0.377748510150684	0.255	0	1
0.248693137441968	-0.650199230255071	0.917	0.75	1
0.249251063804154	0.516661006312554	0.255	0	1
0.249251063840734	0.390250015948536	0.255	0	1
0.249251064169958	0.804961595522781	0.255	0	1
0.249382466426677	-0.334581590299921	0.532	0.75	1
0.249427162847473	0.553146908865672	0.604	0.25	1
0.249544407234748	0.401577904184768	0.255	0	1
0.249544407857179	0.376420882784611	0.255	0	1
0.249720800086594	0.54515520337421	0.759	0.5	1
0.249838030277053	0.369367258488915	0.254	0	1
0.24983803053358	0.351796137357218	0.254	0	1
0.250131931930137	0.339667698417956	0.254	0	1
0.250137341568665	-0.794171664152871	0.346	0.5	1
0.25019511164689	0.628947384987802	0.903	0.5	1
0.250426112547437	0.361363099116476	0.254	0	1
0.25042611280443	0.358882346503597	0.254	0	1
0.250426113061423	0.39889536634914	0.254	0	1
0.250430477587716	-0.439949886607954	0.747	0.75	1
0.250605851666637	-0.41122661624232	0.809	0.75	1
0.250650410714538	0.604103705181844	0.952	0.75	1
0.250720572887497	0.345344690840735	0.254	0	1
0.25072057307123	0.378693913361386	0.254	0	1
0.250720573254963	0.376355617146472	0.254	0	1
0.250720573365203	0.375839751617283	0.254	0	1
0.250871027356646	-0.851701918004187	0.29	0.5	1
0.250959248330848	-1.09469335355557	0.35	0.5	1
0.250991793653024	-0.824642304801094	0.38	0.5	1
0.251015313380206	0.340838881314928	0.253	0	1
0.251015313453766	0.360179635872467	0.253	0	1
0.251015313637666	0.386910581528963	0.253	0	1
0.251220511091024	0.361365517730027	0.716	0.25	1
0.251310333830796	0.378858741515212	0.253	0	1
0.251310333867609	0.33069015869683	0.253	0	1
0.251605634227633	0.356509044922408	0.253	0	1
0.251605634559254	0.337017083244353	0.253	0	1
0.251663224386103	0.564339122795298	0.492	0.25	1
0.251860029324229	-0.343512455862866	0.938	1	1
0.251901215665061	0.372052391769618	0.253	0	1
0.251901215812581	0.416537186889108	0.253	0	1
0.252029894765122	-0.415631194706399	0.099	0.25	1
0.252029945808065	0.37811020997242	0.712	0.25	1
0.252197077985939	0.360505061335254	0.252	0	1
0.252197078059767	0.409188083140014	0.252	0	1
0.252277256564192	0.508653002877077	0.502	0.25	1
0.252389081240048	-0.37395685599373	0.099	0.25	1
0.252493221771114	0.37864802317404	0.252	0	1
0.252493221771114	0.349184123427061	0.252	0	1
0.252789646308823	0.327811315007529	0.252	0	1
0.252789646493726	0.363053927500909	0.252	0	1
0.252789646789572	0.388808429445766	0.252	0	1
0.252812465546339	-0.433449233066409	0.101	0.25	1
0.252916771420264	-0.660321561197145	0.304	0.5	1
0.252948396349059	-0.355509073341326	0.094	0.25	1
0.253086353512343	0.339928750813599	0.252	0	1
0.253086353697414	0.460451237952005	0.252	0	1
0.253117799624392	0.71384341426352	0.773	0.5	1
0.253231611106256	-0.394629556657833	0.839	0.75	1
0.253383342597018	0.324847297521612	0.251	0	1
0.253383342671114	0.354879799737237	0.251	0	1
0.253383342782257	0.340260651851818	0.251	0	1
0.253680613739068	0.354731486508921	0.251	0	1
0.253680614109883	0.337147761110103	0.251	0	1
0.253978168117074	0.355599031423944	0.251	0	1
0.253978168339765	0.403073853701395	0.251	0	1
0.253978168451111	0.376490673754579	0.251	0	1
0.254012200971973	0.486016204286704	0.5	0.25	1
0.254253445091544	-0.638516678864262	0.746	0.75	1
0.25427600490747	0.345611167906088	0.251	0	1
0.254574125291168	0.340866167583909	0.25	0	1
0.25465356536968	0.352559258148366	0.715	0.25	1
0.254819214887381	0.542398247210025	0.883	0.5	1
0.255231870912489	-0.580340460403176	0.338	0.5	1
0.255416104728298	0.346499848232617	0.722	0.25	1
0.255470188721877	0.344946746201674	0.25	0	1
0.255470188871014	0.329439855334282	0.25	0	1
0.255470188908298	0.369536791795395	0.25	0	1
0.255470189281139	0.459219082089356	0.25	0	1
0.255728424151501	0.498377115756344	0.496	0.25	1
0.255769445168208	0.354092622260139	0.249	0	1
0.255769445168208	0.73289410976937	0.249	0	1
0.25576944569066	0.440620364490368	0.249	0	1
0.256029352812871	-0.414799799902375	0.532	0.75	1
0.256068986371603	0.34198471861016	0.249	0	1
0.256078830049065	-0.369603584189229	0.281	0.5	1
0.256201293000753	0.520523878268804	0.495	0.25	1
0.256246299814068	-0.424426376080516	0.101	0.25	1
0.256368812177605	0.391856614340486	0.249	0	1
0.256368812214991	0.349132095001374	0.249	0	1
0.256668923254038	0.357790152064169	0.249	0	1
0.256668923403718	0.371475010622783	0.249	0	1
0.256696348325767	0.490342346569276	0.493	0.25	1
0.256924260819676	-0.526418680390771	0.308	0.5	1
0.256969320158408	0.352879949659906	0.248	0	1
0.256969320570402	0.375048096532877	0.248	0	1
0.256969320682764	0.344239264464211	0.248	0	1
0.257141367575535	0.47622093883489	0.494	0.25	1
0.257270003187442	0.33932058013541	0.248	0	1
0.257270003262418	0.348533475094802	0.248	0	1
0.257270003299906	0.674730581151801	0.248	0	1
0.257282845368023	-0.515940722768936	0.354	0.5	1
0.257570972413423	0.504032818675376	0.248	0	1
0.257621794306581	-0.4245914544643	0.102	0.25	1
0.257934254363108	0.498218716310405	0.606	0.25	1
0.258015024866291	0.536159812810335	0.624	0.25	1
0.258074290288235	0.544972044054668	0.489	0.25	1
0.258173769669534	0.320932449942865	0.247	0	1
0.258173769932666	0.3271773350149	0.247	0	1
0.258173770083028	0.629868175955808	0.247	0	1
0.258173770083028	0.389535522195949	0.247	0	1
0.258321181224774	-0.469195609665666	0.33	0.5	1
0.258475599461312	0.389665342087773	0.247	0	1
0.258645689350261	-0.713502652885641	0.103	0.25	1
0.258647359757474	0.49216256310254	0.61	0.25	1
0.258777715627722	0.390996220756037	0.247	0	1
0.258777716117287	0.364707475558317	0.247	0	1
0.258777716192605	0.336491887621617	0.247	0	1
0.258777716343241	0.318825236278171	0.247	0	1
0.258777716343241	0.410096744584024	0.247	0	1
0.258994836759782	-0.520019594524432	0.102	0.25	1
0.259080120124764	0.359284129695514	0.247	0	1
0.259080120652468	0.45091551133642	0.247	0	1
0.259080120765547	0.360834672683924	0.247	0	1
0.259080120765547	0.314542489374429	0.247	0	1
0.25908012091632	0.415129979279484	0.247	0	1
0.259159653731327	0.5189899702682	0.975	0.75	1
0.259382812802435	0.348780056445036	0.246	0	1
0.259382812953345	0.362631581405097	0.246	0	1
0.259382813104254	0.35055783953765	0.246	0	1
0.259462167457067	1.12806081402403	0.756	0.5	1
0.259685793736365	0.336416563628138	0.246	0	1
0.259725944926044	-0.610723897127041	0.293	0.5	1
0.259800107989782	0.973540988919386	0.73	0.5	1
0.259888384473005	-1.05093362192546	0.4	0.5	1
0.259989062964273	0.360848353423478	0.246	0	1
0.260059810352318	0.57420575676864	0.884	0.5	1
0.260292621166744	0.335630940267808	0.246	0	1
0.260492056011765	0.550284664904787	0.95	0.75	1
0.260596468685668	0.360814689165551	0.245	0	1
0.260596468837129	0.362696096888494	0.245	0	1
0.260596468950724	0.329662579336068	0.245	0	1
0.260596469026454	0.363375350389255	0.245	0	1
0.260596469177914	0.367128131698022	0.245	0	1
0.261019503739124	-1.06561606302744	0.89	0.75	1
0.261205032437767	0.38074629019551	0.245	0	1
0.261205032437767	0.352409639128101	0.245	0	1
0.261205032779174	0.35446833006125	0.245	0	1
0.261316747719595	-0.372610036006051	0.097	0.25	1
0.26150974916806	0.373895201741558	0.245	0	1
0.261509749206028	0.35250865800242	0.245	0	1
0.261814756589493	0.374976962340567	0.244	0	1
0.261963049640994	0.454724447236622	0.496	0.25	1
0.262120055124337	0.451263795410014	0.244	0	1
0.26242564378732	0.347841823813957	0.244	0	1
0.262425643825393	0.335636267058854	0.244	0	1
0.262425643825393	0.361252796971455	0.244	0	1
0.262452992891319	-0.410018624468419	0.102	0.25	1
0.262540561696129	0.515963984343909	0.594	0.25	1
0.262602432539694	-1.07408236801804	0.388	0.5	1
0.262731523951845	0.361836860891939	0.244	0	1
0.262731524142382	0.327460542333671	0.244	0	1
0.262854866457904	-0.899221477028831	0.397	0.5	1
0.263034941308814	0.524295617075291	0.489	0.25	1
0.263037696500087	0.327774819932634	0.243	0	1
0.26306797179462	0.809936755637382	0.538	0.25	1
0.263298475123176	0.477198260876329	0.617	0.25	1
0.263344160599089	0.358323615759258	0.243	0	1
0.26365091674987	0.354097853681534	0.243	0	1
0.263957965913849	0.322768587149941	0.243	0	1
0.263957965990342	0.358372289220627	0.243	0	1
0.263957965990342	0.411592155415069	0.243	0	1
0.264141931435895	-0.427317340419905	0.282	0.5	1
0.264265307332895	0.332699396882673	0.242	0	1
0.264553085654052	-0.601361838409417	0.363	0.5	1
0.264572942468075	0.318651061791382	0.242	0	1
0.264572942544708	0.379994643082679	0.242	0	1
0.265189093191752	0.391860997707191	0.242	0	1
0.265189093460457	0.326767347772059	0.242	0	1
0.265189094036255	0.388189096189904	0.242	0	1
0.26549761017832	0.361303834912473	0.241	0	1
0.265542374433812	0.45190813317972	0.985	1	1
0.265806420876212	0.333476365122783	0.241	0	1
0.265806421337692	0.31566808551306	0.241	0	1
0.265806421376149	0.388336132147006	0.241	0	1
0.26583438240944	-0.526835281469851	0.104	0.25	1
0.26602623116972	0.520326312650509	0.488	0.25	1
0.266115527294106	0.354261358367672	0.241	0	1
0.266115527448074	0.333801832849482	0.241	0	1
0.266115527525057	0.51806026994575	0.241	0	1
0.266207862347721	-0.351650786458737	0.307	0.5	1
0.266424928211371	0.328596112309084	0.241	0	1
0.266424928249898	0.349931759142953	0.241	0	1
0.266424928326952	0.330243188765169	0.241	0	1
0.266734624446313	0.357747439972007	0.24	0	1
0.266734624639124	0.37600865661594	0.24	0	1
0.266734624909059	0.350352124523893	0.24	0	1
0.266734624909059	0.341360970636545	0.24	0	1
0.266788692363885	-0.470947845671906	0.555	0.75	1
0.266809087249024	-0.664061362982541	0.383	0.5	1
0.267039945963295	0.736186431153564	0.555	0.25	1
0.267044617244411	0.601668952557091	0.24	0	1
0.267252210713791	0.516960820584172	0.606	0.25	1
0.267354904919225	0.32066397020319	0.24	0	1
0.267354904996491	0.339447197956524	0.24	0	1
0.267354905151022	0.328226414668636	0.24	0	1
0.267665489412546	0.357596155840499	0.24	0	1
0.267694130759431	0.421799551302876	0.666	0.25	1
0.267819010512645	0.472163073133605	0.614	0.25	1
0.268232852889477	-0.520298872260744	0.105	0.25	1
0.268287549140151	0.349505444591881	0.239	0	1
0.268287549643756	0.340623823387245	0.239	0	1
0.268317970418867	-0.402631990616694	0.281	0.5	1
0.268325479995057	-0.29755303903844	0.582	0.75	1
0.268354487479921	-0.68279974202001	0.392	0.5	1
0.268375076535655	-0.843734982341024	0.384	0.5	1
0.268559047818837	0.52927047916716	0.483	0.25	1
0.268599025059666	0.34734794517004	0.239	0	1
0.268599025563731	0.356046321268077	0.239	0	1
0.268822651789813	-0.662801956205714	0.815	0.75	1
0.26891079874323	0.324764858125154	0.239	0	1
0.269165125080735	-0.429414663804532	0.29	0.5	1
0.269222870088723	0.318740580150467	0.238	0	1
0.269407452890464	0.497256608888861	0.924	0.75	1
0.269535239693112	0.320792322388535	0.238	0	1
0.269535240198564	0.450148198036129	0.238	0	1
0.26961331075135	0.54168311574449	0.483	0.25	1
0.26978996708105	-0.457416198019245	0.875	0.75	1
0.269847908699992	0.359651548385263	0.238	0	1
0.270160875841725	0.327696739014668	0.238	0	1
0.270160875880678	0.531323675721896	0.238	0	1
0.270187013975883	0.979761787844039	0.81	0.5	1
0.270251480606263	0.373004396059506	0.692	0.25	1
0.270409007559843	0.519300207155948	0.606	0.25	1
0.270474142340853	0.320151046402967	0.237	0	1
0.270474142613767	0.345283988271131	0.237	0	1
0.270474142886682	0.33137159861022	0.237	0	1
0.270614134863028	0.473705237143046	0.493	0.25	1
0.27078770911182	0.601461016873693	0.237	0	1
0.27078770911182	0.335018305616635	0.237	0	1
0.270787709150843	0.319379930974288	0.237	0	1
0.270787709189867	0.321945831765531	0.237	0	1
0.27078770922889	0.369786844796081	0.237	0	1
0.270787709306937	0.315870176909425	0.237	0	1
0.271101575236246	0.406867406569981	0.237	0	1
0.271101575431542	0.330192574966743	0.237	0	1
0.271101575587779	0.3134944641688	0.237	0	1
0.271102506798268	-0.371506658343289	0.766	1	1
0.271189903234305	-0.651421149768005	0.383	0.5	1
0.271314945076881	-0.838206473896781	0.408	0.5	1
0.271415741903123	0.314591165104101	0.237	0	1
0.271415742059504	0.310197976459762	0.237	0	1
0.271415742137694	0.323420453571119	0.237	0	1
0.271415742254979	0.309638693183246	0.237	0	1
0.271415742294074	0.329998229720087	0.237	0	1
0.271415742333169	0.342251518914239	0.237	0	1
0.271531866356626	0.497816298889172	0.49	0.25	1
0.271730209601059	0.320721167850581	0.236	0	1
0.271761773620897	-0.625372418119149	0.885	1	1
0.27204497795839	0.336395633047131	0.236	0	1
0.272226048650678	-0.371452647610881	0.793	0.75	1
0.272360047424952	0.318780470774082	0.236	0	1
0.272360047424952	0.327872097793569	0.236	0	1
0.272360047581762	0.358013313835208	0.236	0	1
0.272675418530319	0.299282771079426	0.236	0	1
0.272675418765751	0.327025561264363	0.236	0	1
0.272675418844228	0.357014242205062	0.236	0	1
0.272675419001183	0.337416057110285	0.236	0	1
0.272812865333189	0.565364667438278	0.712	0.5	1
0.272991091844893	0.41640942838797	0.235	0	1
0.272991091884167	0.344314617226322	0.235	0	1
0.273061134238904	-0.514331078511046	0.105	0.25	1
0.2730740645419	0.731192991216108	0.544	0.25	1
0.273307067508358	0.343284859779781	0.235	0	1
0.273307067822844	0.343440235273391	0.235	0	1
0.273460491667001	-1.52182361347248	0.327	0.5	1
0.273623346132683	0.457911298234259	0.235	0	1
0.273736586179496	-0.428072179707359	0.106	0.25	1
0.273868753086392	-0.412348642984375	0.104	0.25	1
0.273935547430521	0.516865285443548	0.486	0.25	1
0.273939926795753	0.311217908237715	0.235	0	1
0.273939927110817	0.34495098220617	0.235	0	1
0.273939927189582	0.321065744610431	0.235	0	1
0.273939927228965	0.52958142074535	0.235	0	1
0.273983907801026	-0.65816283692947	0.588	0.75	1
0.274065015847888	0.714713407564958	0.47	0.25	1
0.274256811409852	0.381240331147425	0.234	0	1
0.274274224670848	-0.625418328073386	0.383	0.5	1
0.274583982875759	-0.591107256427342	0.392	0.5	1
0.274677927326205	-0.350888683491483	0.644	0.75	1
0.274719083971986	0.528450352170903	0.846	0.5	1
0.274725598186101	0.752705144484329	0.859	0.5	1
0.274878136945611	0.342649088924024	0.701	0.25	1
0.274891491485332	0.327577303443868	0.234	0	1
0.274891491524824	0.317865230395727	0.234	0	1
0.274891491643298	0.424822439661272	0.234	0	1
0.274891491998722	0.316583253219927	0.234	0	1
0.27496196075399	0.505662680903803	0.487	0.25	1
0.275174967231214	-0.509010686725684	0.105	0.25	1
0.275209288258794	0.383841071974222	0.234	0	1
0.275209288298322	0.321241750272859	0.234	0	1
0.275450925198851	0.498620612692102	0.631	0.25	1
0.275459430291861	0.443230856125444	0.49	0.25	1
0.275527389319407	0.356170090154368	0.233	0	1
0.275616026715877	0.430327684655257	0.645	0.25	1
0.275619658006696	-0.969706281152866	0.107	0.25	1
0.275692073967099	0.512102318681504	0.643	0.25	1
0.275719530405322	-0.697862392876572	0.38	0.5	1
0.27584579532529	0.327622569834673	0.233	0	1
0.276150622297276	0.370966792737632	0.684	0.25	1
0.276321697829888	-0.946342189337303	0.107	0.25	1
0.276400052869962	0.716079204160151	0.574	0.25	1
0.276488673444935	0.452022482090355	0.638	0.25	1
0.276641123605348	-0.372247541403551	0.101	0.25	1
0.276672691362117	0.48445356165272	0.608	0.25	1
0.276741443056147	-0.393596231807924	0.284	0.5	1
0.276802847005396	0.316772511767027	0.233	0	1
0.277122477543766	0.313693509006201	0.232	0	1
0.277122477663005	0.567018852759407	0.232	0	1
0.277122477782244	0.304272049849395	0.232	0	1
0.2777626579079	0.318283474893199	0.232	0	1
0.278004000032834	-0.711517830394984	0.108	0.25	1
0.278083208427461	0.328911552949194	0.232	0	1
0.278259998786559	0.650292131711789	0.596	0.25	1
0.27840406745959	0.321696170864485	0.231	0	1
0.278404067619162	0.330331524909001	0.231	0	1
0.278404067659055	0.311881434487722	0.231	0	1
0.278725234318435	0.332210251310911	0.231	0	1
0.279043942114243	0.553570163288174	0.839	0.5	1
0.279046709953846	0.2953816621082	0.231	0	1
0.279046710193645	0.36686187659471	0.231	0	1
0.279065380571144	0.54833575502105	0.473	0.25	1
0.279368494278697	0.359999392401971	0.231	0	1
0.279368494638727	0.348097461917561	0.231	0	1
0.279625534838533	-1.0441091030526	0.363	0.5	1
0.279690587565509	0.310346567454276	0.23	0	1
0.279690587645589	0.332352846228304	0.23	0	1
0.279690587885831	0.338361869751944	0.23	0	1
0.279690587885831	0.329146148585266	0.23	0	1
0.279690587885831	0.349914841170536	0.23	0	1
0.279926479356947	0.542430395764937	0.807	0.5	1
0.280012990688574	0.303464071353197	0.23	0	1
0.280020646714628	0.54433710131371	0.592	0.25	1
0.280335703923308	0.337931338925766	0.23	0	1
0.280640442928793	-0.659297855027461	0.107	0.25	1
0.280658726943479	0.324265641309545	0.23	0	1
0.280658727264688	0.327769383225067	0.23	0	1
0.280814530487637	0.28562983626597	0.999	1	1
0.280982060908222	0.31235250470566	0.229	0	1
0.280982061149351	0.308498359790298	0.229	0	1
0.280982061350292	0.433934453079058	0.229	0	1
0.281305706135832	0.329804376132755	0.229	0	1
0.281431209371133	-1.4140531137527	0.651	0.75	1
0.281629662099873	0.392571206883335	0.229	0	1
0.281655609784005	0.35349951161632	0.684	0.25	1
0.281839398945011	0.597762727501175	0.559	0.25	1
0.281953929923854	0.321120364479491	0.229	0	1
0.281953929964153	0.340793925738067	0.229	0	1
0.282153449639071	0.380462377161067	0.999	1	1
0.282278510049318	0.31667897471155	0.228	0	1
0.282300959523654	-0.633531230822409	0.365	0.5	1
0.282603402273065	0.408209327792655	0.228	0	1
0.282603402838302	0.31283402372241	0.228	0	1
0.282743184052941	-0.620593050733766	0.392	0.5	1
0.282928607562677	0.349617023768478	0.228	0	1
0.282928607603088	0.421686944685271	0.228	0	1
0.282928607683911	0.345798548216804	0.228	0	1
0.283254125918153	0.399072116107986	0.228	0	1
0.283396827234198	0.457634252731906	0.487	0.25	1
0.283473857550742	0.38452807024386	0.668	0.25	1
0.283557887911079	0.922896843525311	0.527	0.25	1
0.283579957217642	0.303328032611535	0.227	0	1
0.283906103283579	0.306367162949209	0.227	0	1
0.28390610352672	0.312401443490013	0.227	0	1
0.283906103607767	0.378207475325291	0.227	0	1
0.283906103729338	0.30557133390773	0.227	0	1
0.283955657071807	0.503283543747719	0.707	0.5	1
0.28401148707614	0.353161664577206	0.688	0.25	1
0.284232563592212	0.370675448421138	0.227	0	1
0.284624129542174	0.650878658397077	0.674	0.5	1
0.284886427675412	0.691596122559635	0.226	0	1
0.284886427878592	0.317586248277568	0.226	0	1
0.28521383238906	0.306690098346969	0.226	0	1
0.285213832470408	0.350184630792335	0.226	0	1
0.285235680671641	0.50928294118263	0.86	0.75	1
0.28554155289999	0.298449037217167	0.226	0	1
0.285541553225682	0.390561931032275	0.226	0	1
0.285703461810541	-0.728654757492593	0.406	0.5	1
0.285869589538649	0.321565250649354	0.226	0	1
0.285869589538649	0.422830857868515	0.226	0	1
0.285869589742394	0.310639714974559	0.226	0	1
0.285869589783143	0.319170980064022	0.226	0	1
0.286010079910482	0.489881359595183	0.477	0.25	1
0.286182368161368	-0.620480697339836	0.104	0.25	1
0.286197942881035	0.307089239940251	0.225	0	1
0.286417679791817	-0.307588330680118	0.697	0.75	1
0.2865266125251	0.327498800948034	0.225	0	1
0.286526612565925	0.322367959315909	0.225	0	1
0.28652661260675	0.34137017114668	0.225	0	1
0.286526612729224	0.304850908170885	0.225	0	1
0.286559271931891	-0.611965460348079	0.708	0.75	1
0.286601545837889	0.433979509352856	0.62	0.25	1
0.286855599456235	0.316605745482463	0.225	0	1
0.286855599987448	0.315876120218068	0.225	0	1
0.287122140561486	-0.466021808875775	0.364	0.5	1
0.287184904663094	0.359009427064664	0.225	0	1
0.287184904990297	0.402918961321087	0.225	0	1
0.287514527418198	0.330301542686926	0.224	0	1
0.287514527500074	0.298636138525351	0.224	0	1
0.28753306844306	-0.636250114590215	0.394	0.5	1
0.287844468589048	0.402308826699398	0.224	0	1
0.287877601925903	-0.413117436013129	0.108	0.25	1
0.28792858818223	0.475991550242838	0.605	0.25	1
0.288021607831257	-0.427983385226229	0.109	0.25	1
0.288038960218571	-0.436083501892494	0.81	1	1
0.288077203910857	0.345718959636075	0.681	0.25	1
0.288174728143661	0.309368307288855	0.224	0	1
0.288210511652868	-0.342584442863948	0.763	0.75	1
0.288783108297045	-0.78846624582533	0.301	0.5	1
0.288836205191101	0.349645651444217	0.223	0	1
0.288836205232191	0.311407924659363	0.223	0	1
0.288836205396554	0.298301899951192	0.223	0	1
0.289128402450406	-0.468550288324344	0.761	0.75	1
0.289167423486521	0.34371558368583	0.223	0	1
0.289167423651035	0.429882935364805	0.223	0	1
0.289167423651035	0.350935241150286	0.223	0	1
0.289167423692164	0.290861336890653	0.223	0	1
0.289370070356255	0.55083161620024	0.737	0.5	1
0.289681821517985	-0.339059262108078	0.317	0.5	1
0.28983082079078	0.331687903081793	0.223	0	1
0.289830821079216	0.624522858560278	0.223	0	1
0.289851563960356	0.447542759211925	0.478	0.25	1
0.289887199471883	0.368326785956214	0.991	1	1
0.289892267080269	-0.406471038983899	0.107	0.25	1
0.289967795349154	-0.322812420123735	0.288	0.5	1
0.28998654814116	-0.411024382152943	0.109	0.25	1
0.290073059149711	0.346191552557875	0.674	0.25	1
0.290163001060934	0.383823495587254	0.222	0	1
0.290290837895817	-0.469891043387331	0.368	0.5	1
0.290468225653826	0.347447426197175	0.676	0.25	1
0.290495502180577	0.31216200599622	0.222	0	1
0.290495502675959	0.335656224573982	0.222	0	1
0.290598411005815	-0.943368495012322	0.111	0.25	1
0.29065088043763	-0.282388949998021	0.585	0.75	1
0.290828325732631	0.333514312657836	0.222	0	1
0.290828325815272	0.356816415255004	0.222	0	1
0.291130307260552	0.519667017737601	0.567	0.25	1
0.291161470782641	0.333955998407252	0.222	0	1
0.291161470865359	0.298752511849608	0.222	0	1
0.291161470989435	0.289529516533293	0.222	0	1
0.291494938834709	0.341929687652572	0.221	0	1
0.291494938958901	0.31291504004448	0.221	0	1
0.291494939083092	0.298546064593526	0.221	0	1
0.291494939124489	0.682700630181987	0.221	0	1
0.291790799699064	-0.426737478759355	0.301	0.5	1
0.291828729574979	0.322611075499983	0.221	0	1
0.291828729740721	0.295073397384363	0.221	0	1
0.291828729865028	0.333807261273002	0.221	0	1
0.291828729906464	0.458794247041131	0.221	0	1
0.291995574478019	0.798613713197364	0.464	0.25	1
0.292162843724886	0.310216711235482	0.221	0	1
0.292391345367186	-0.477577331945159	0.381	0.5	1
0.293007938273896	-0.446536939351761	0.634	0.75	1
0.293167130678837	0.363957083877795	0.22	0	1
0.293480906183539	-1.02027906160515	0.304	0.5	1
0.293510726885415	-0.295615328119489	0.279	0.5	1
0.293656813088045	-0.385650757292165	0.368	0.5	1
0.293838278071745	0.29850687339514	0.22	0	1
0.293933909174203	-0.702224131109304	0.112	0.25	1
0.29413818900548	-0.307162913679101	0.665	0.75	1
0.294174340481212	0.331284043506855	0.219	0	1
0.294174340648039	0.328233904607786	0.219	0	1
0.294174340731452	0.307264234565325	0.219	0	1
0.294275182579092	-0.554107854462438	0.69	0.75	1
0.294420861624848	0.481823328602853	0.595	0.25	1
0.294510728771203	0.369676834113532	0.219	0	1
0.294510729021677	0.313508938885878	0.219	0	1
0.294510729021677	0.318370678586468	0.219	0	1
0.294510729146914	0.325855431247809	0.219	0	1
0.294847444217567	0.298526526230366	0.219	0	1
0.294876008563141	-1.22892125937561	0.112	0.25	1
0.294925511567075	-0.516029308705151	0.111	0.25	1
0.295015676738132	-0.696333302037344	0.112	0.25	1
0.295376204741918	-0.494559685712801	0.109	0.25	1
0.29552185479734	0.301252650015935	0.218	0	1
0.295521854839203	0.31754411260443	0.218	0	1
0.295521855006654	0.341305513252198	0.218	0	1
0.295521855132242	0.323399485281664	0.218	0	1
0.295580896066141	0.776518116496426	0.543	0.25	1
0.295859551695329	0.419543398794998	0.218	0	1
0.295859551737231	0.323342114228528	0.218	0	1
0.296065936235171	-0.52011316533043	0.892	0.75	1
0.296308971608649	-0.652865215990431	0.111	0.25	1
0.296473411767699	0.363989294010704	0.999	1	1
0.296535929971283	0.30568715630412	0.218	0	1
0.296535930181184	0.307796770943749	0.218	0	1
0.296535930223164	0.30937632005937	0.218	0	1
0.296535930433065	0.342256557458927	0.218	0	1
0.296585422490816	0.444578530271583	0.884	0.5	1
0.296777908098524	-0.451186007845878	0.765	0.75	1
0.296874612285013	0.314841185098319	0.217	0	1
0.29700390124528	0.43291889178087	0.471	0.25	1
0.297213623952609	0.30009227001508	0.217	0	1
0.297213623994667	0.354630819861447	0.217	0	1
0.297490781238289	0.450798407620656	0.474	0.25	1
0.297552964961072	0.288159431329945	0.217	0	1
0.2977198970116	0.614793387652617	0.581	0.25	1
0.297875727480266	-0.630783280069451	0.106	0.25	1
0.297892637277428	0.656200130282349	0.217	0	1
0.297998739319214	0.395766455997539	0.634	0.25	1
0.298104277008495	0.312673773535805	0.677	0.25	1
0.298160289439829	0.333389640487816	0.998	1	1
0.298168157102254	-0.574377284463103	0.387	0.5	1
0.298232638657981	0.291014309671435	0.216	0	1
0.298232638826689	0.297631541897246	0.216	0	1
0.298266838560802	-2.21618211506929	0.113	0.25	1
0.298342748976148	-0.804165556833587	0.113	0.25	1
0.298501773455188	-0.338623262134551	0.107	0.25	1
0.298572971873992	0.30522967360101	0.216	0	1
0.298572971873992	0.325340956150375	0.216	0	1
0.298572972000642	0.418089815828092	0.216	0	1
0.298913635945937	0.299898354623526	0.216	0	1
0.298913636072705	0.313673001396455	0.216	0	1
0.298913636199474	0.324900219448682	0.216	0	1
0.298935240592766	-0.453771511525963	0.108	0.25	1
0.298995180897273	-0.452525444510511	0.373	0.5	1
0.299254631793527	0.30237446833339	0.216	0	1
0.299254632005005	0.351011446485532	0.216	0	1
0.299254632216483	0.29356694388255	0.216	0	1
0.299254632554848	0.308457202233789	0.216	0	1
0.299595960297195	0.31002470817407	0.215	0	1
0.29959596033953	0.306902212921951	0.215	0	1
0.299595960551206	0.28852917977472	0.215	0	1
0.299595960593542	0.306559185169985	0.215	0	1
0.299937620984287	0.338082504707035	0.215	0	1
0.299937621747037	0.330062057559073	0.215	0	1
0.299937621789411	0.435729659823015	0.215	0	1
0.30014869126414	-0.823367637167966	0.357	0.5	1
0.300163287501169	-0.846537738730708	0.421	0.5	1
0.300252881078352	0.268623842140817	0.995	1	1
0.300279615203815	0.28739423043767	0.215	0	1
0.300289332401593	-0.482291726073623	0.727	0.75	1
0.300325196515383	0.444838314554493	0.632	0.25	1
0.300335931995541	0.578970101669745	0.462	0.25	1
0.300621942781102	0.304520491937738	0.215	0	1
0.30094523001728	-0.412114019830879	0.305	0.5	1
0.300964576634479	-0.50873135255119	0.112	0.25	1
0.301110172675954	-0.677088348638645	0.399	0.5	1
0.301171914024858	0.456522500557405	0.931	0.75	1
0.301179900127703	0.652504876423986	0.826	0.5	1
0.301307599261569	0.308140738656605	0.214	0	1
0.301307599644378	0.454041805461925	0.214	0	1
0.301650929474211	0.295464322288245	0.214	0	1
0.301650929644508	0.295211832313819	0.214	0	1
0.301650929772231	0.332799904078541	0.214	0	1
0.301650929942528	0.360958061942433	0.214	0	1
0.301724835527174	0.542515630410986	0.459	0.25	1
0.301865986635544	-0.620483496081689	0.54	0.75	1
0.301994594813815	0.295222551362413	0.214	0	1
0.301994595069501	0.282897275694787	0.214	0	1
0.301994595112115	0.29795286759522	0.214	0	1
0.302143745679553	-0.571562920731404	0.386	0.5	1
0.30227611654119	-0.470528278768773	0.385	0.5	1
0.302338595747234	0.291978613057264	0.213	0	1
0.302338595917852	0.286005490105846	0.213	0	1
0.30233859600316	0.318632883923129	0.213	0	1
0.302338596088469	0.301499068950795	0.213	0	1
0.302584395149663	-0.408756196336412	0.112	0.25	1
0.302618073323832	1.0851334717793	0.623	0.5	1
0.302682932998852	0.505870828053574	0.213	0	1
0.302842343637041	0.694738542319962	0.452	0.25	1
0.303027605799672	0.285012601646674	0.213	0	1
0.303027606184284	0.292548511884103	0.213	0	1
0.303027606312488	0.346961486134541	0.213	0	1
0.303042283544197	0.510106321971713	0.463	0.25	1
0.303149610328811	-0.5175398525143	0.69	0.75	1
0.303226980348854	0.426681824533983	0.474	0.25	1
0.303372615858355	0.295225308560035	0.213	0	1
0.303372616243329	0.288617298305457	0.213	0	1
0.303394970145847	-0.387764068957696	0.295	0.5	1
0.303599819840459	0.594220042233458	0.456	0.25	1
0.303717962962925	0.310465419961531	0.212	0	1
0.303717963391076	0.294636827166472	0.212	0	1
0.303850730068364	0.341701851614234	0.922	1	1
0.304063648742998	0.291953027204945	0.212	0	1
0.304080268533894	0.435755195328258	0.592	0.25	1
0.304180731464046	0.365299669452368	0.647	0.25	1
0.304317457685457	-0.785835559813031	0.114	0.25	1
0.304409671788338	0.345224721231702	0.212	0	1
0.304558667624389	-0.773483045612779	0.779	0.75	1
0.304610348467242	0.396527896734107	0.642	0.25	1
0.304756033602662	0.35844478861622	0.212	0	1
0.305098523247987	0.52292228898371	0.462	0.25	1
0.305198305451271	-0.787946757890809	0.866	0.75	1
0.305446300166377	-0.406113684076509	0.112	0.25	1
0.305449773944302	0.28589639086399	0.211	0	1
0.305473977078069	0.544477103715137	0.699	0.5	1
0.30579715459069	0.307890321218776	0.211	0	1
0.306144874760465	0.293301697309666	0.211	0	1
0.306144874932859	0.409253034871301	0.211	0	1
0.306374739072953	-0.772844993940628	0.429	0.5	1
0.306449737193912	0.414262878163253	0.475	0.25	1
0.306492935839483	0.294895038759077	0.21	0	1
0.306492935882622	0.288602159894939	0.21	0	1
0.306696923938617	-0.702044525682897	0.115	0.25	1
0.306717352970458	-0.342925384223287	0.723	0.75	1
0.306841338182131	0.359067542351085	0.21	0	1
0.306867606587541	-0.535553368721856	0.4	0.5	1
0.307034109545833	0.458928727144975	0.745	0.5	1
0.30719008192764	0.397118307691627	0.21	0	1
0.307429210350223	0.35158853622092	0.646	0.25	1
0.307539167777773	0.509781751803306	0.21	0	1
0.307888595743722	0.389282971684817	0.209	0	1
0.30788859587363	0.304735229107568	0.209	0	1
0.307888595916932	0.295748576999333	0.209	0	1
0.307888596003537	0.278547130549034	0.209	0	1
0.307888596133445	0.271387737609858	0.209	0	1
0.308238367310005	0.275002920061635	0.209	0	1
0.308238367440036	0.277621314949606	0.209	0	1
0.308238367483379	0.287776383046121	0.209	0	1
0.308238367526723	0.329787346859988	0.209	0	1
0.308501836742223	-0.279626800191697	0.281	0.5	1
0.308588481710378	0.288853272694781	0.209	0	1
0.308588482187607	0.302502289653034	0.209	0	1
0.308669439322552	-0.280350734004133	0.288	0.5	1
0.308780196705677	-0.654137087323579	0.607	0.75	1
0.30878310347631	0.502366247518237	0.71	0.5	1
0.308886107875391	-0.658228674738189	0.113	0.25	1
0.308938940693982	0.314327314629156	0.209	0	1
0.308938940780834	0.318797236973393	0.209	0	1
0.309262147008651	-1.01362658916853	0.409	0.5	1
0.309289743538598	0.31398951053693	0.209	0	1
0.309289743538598	0.268419330926423	0.209	0	1
0.309593244669881	0.57240155831196	0.724	0.5	1
0.309640891302696	0.298040241217909	0.208	0	1
0.309640891346204	0.315082623888358	0.208	0	1
0.30964089143322	0.340175485048426	0.208	0	1
0.309907550677203	-0.330959229695231	0.11	0.25	1
0.30999238417739	0.307687035782151	0.208	0	1
0.30999238417739	0.303161537307022	0.208	0	1
0.309992384220939	0.292113678417316	0.208	0	1
0.310089943411482	-0.419939593093242	0.311	0.5	1
0.310092341768027	-0.355415842029042	0.331	0.5	1
0.310279881966848	-0.875205595858568	0.113	0.25	1
0.31033206903448	-1.00644226718882	0.667	0.75	1
0.310344222354124	0.288563765393023	0.208	0	1
0.310605324575715	0.445212408827297	0.643	0.25	1
0.310696407071845	0.303164736668619	0.208	0	1
0.31069640720274	0.277387738545441	0.208	0	1
0.310960835275731	0.341101673789181	0.975	1	1
0.311048938481979	0.309374104700794	0.207	0	1
0.311048938700345	0.365328797007277	0.207	0	1
0.31119852780154	0.279025638593829	0.672	0.25	1
0.311401816342709	0.288231969416989	0.207	0	1
0.311401816517567	0.297231927755247	0.207	0	1
0.31140181673614	0.291936198713322	0.207	0	1
0.311449046721413	-0.343557088482791	0.111	0.25	1
0.311672271143519	0.45092254133597	0.466	0.25	1
0.311755042292417	0.277984426434524	0.207	0	1
0.311755042423685	0.303810290635254	0.207	0	1
0.312108615347463	0.353981794007393	0.207	0	1
0.312108615522654	0.2859804696926	0.207	0	1
0.312108615610249	0.272847589726902	0.207	0	1
0.312108615741642	0.291772418689141	0.207	0	1
0.312108615829238	0.271196580862058	0.207	0	1
0.312108615829238	0.274892830374963	0.207	0	1
0.312462537632669	0.292483365136058	0.206	0	1
0.312462537720347	0.462095562513461	0.206	0	1
0.312495924385469	0.516330532131872	0.905	0.75	1
0.312738043056631	0.620243544697626	0.444	0.25	1
0.312816808340519	0.267456403049933	0.206	0	1
0.312816808340519	0.269559368395172	0.206	0	1
0.312816808647686	0.307831867890803	0.206	0	1
0.313013681550859	0.602797182126003	0.828	0.5	1
0.313171428460869	0.277068228223992	0.206	0	1
0.313171428856173	0.267291848636326	0.206	0	1
0.313526398415411	0.288449016051169	0.206	0	1
0.313526398855056	0.304388131520496	0.206	0	1
0.313624305982439	0.938002584338152	0.905	0.75	1
0.313881718847087	0.277925176488182	0.205	0	1
0.313930928119846	-0.570050510904957	0.6	0.75	1
0.314171542680503	-1.05172832429996	0.115	0.25	1
0.31423738956398	0.362573040303783	0.205	0	1
0.314237389740173	0.30410480412817	0.205	0	1
0.31423738982827	0.280049268856962	0.205	0	1
0.314326099329324	0.715190067788244	0.716	0.5	1
0.314336791099845	-0.804810409549524	0.642	0.75	1
0.314493533716742	0.433917426867637	0.601	0.25	1
0.3145934119603	0.303972526926696	0.205	0	1
0.314605450297638	0.447143564542233	0.465	0.25	1
0.314949785625761	0.290654447815599	0.205	0	1
0.314949786067083	0.260149416470666	0.205	0	1
0.314949786111215	0.414889259157067	0.205	0	1
0.314980285802935	0.603819282342858	0.45	0.25	1
0.315033578474761	-0.505321252111605	0.113	0.25	1
0.315088417730697	0.587481534261738	0.815	0.5	1
0.315306511517525	0.274257268653986	0.204	0	1
0.315306511738397	0.27497125402442	0.204	0	1
0.315306511782571	0.489381825870652	0.204	0	1
0.315663590198072	0.278233091648514	0.204	0	1
0.315663590242288	0.365878945064107	0.204	0	1
0.315663590242288	0.332639150484525	0.204	0	1
0.315787583650865	-1.39013014774238	0.454	0.5	1
0.316021021744791	0.293149083972261	0.204	0	1
0.31616361031603	0.775253438027926	0.74	0.5	1
0.316336235105468	-0.399124135248214	0.114	0.25	1
0.316378807032396	0.305184662197198	0.204	0	1
0.316378807120997	0.284422188044719	0.204	0	1
0.316544747012572	0.738585855245516	0.7	0.5	1
0.316589539307017	-0.690178618496332	0.117	0.25	1
0.316736946317746	0.279964692502182	0.203	0	1
0.316736946317746	0.290723947548777	0.203	0	1
0.316736946406433	0.332322910491201	0.203	0	1
0.316736946583805	0.293651131686531	0.203	0	1
0.316736946672492	0.263093311355188	0.203	0	1
0.317095439680754	0.302445350571201	0.203	0	1
0.317095440080224	0.269469847746424	0.203	0	1
0.317095440080224	0.268216013192848	0.203	0	1
0.31709544012461	0.281525245121052	0.203	0	1
0.317095440346538	0.289011012259893	0.203	0	1
0.317101546182197	0.341713479562365	0.637	0.25	1
0.317131611000202	0.457595857006594	0.631	0.25	1
0.317283044869201	0.897377027245779	0.936	1	1
0.317325980166484	-0.485109462992626	0.115	0.25	1
0.317454288756226	0.276705065408454	0.203	0	1
0.31745428888951	0.274476355756474	0.203	0	1
0.31745428888951	0.315010829284373	0.203	0	1
0.317634622159913	-0.344462679455345	0.114	0.25	1
0.317813492961312	0.270858289958588	0.203	0	1
0.317813493183664	0.30455410644037	0.203	0	1
0.317934488646999	-0.298009033018163	0.298	0.5	1
0.317969556393362	-1.14351822950614	0.115	0.25	1
0.317987548554793	-0.283106114446586	0.667	0.75	1
0.318173053134955	0.282467252300451	0.202	0	1
0.318173053179468	0.347006518878469	0.202	0	1
0.318173053268494	0.292114798078099	0.202	0	1
0.318173053313007	0.281138549243531	0.202	0	1
0.318173053535572	0.272652905236613	0.202	0	1
0.31826259453249	0.317895229119141	0.65	0.25	1
0.31847881841157	0.408749500823363	0.465	0.25	1
0.31853297007437	0.316279911148361	0.202	0	1
0.318552093243765	-0.540621000580391	0.387	0.5	1
0.318893243152289	0.273381852060038	0.202	0	1
0.31889324364287	0.36867433799722	0.202	0	1
0.319253874551036	0.276979269836113	0.202	0	1
0.319553905697422	0.585243882059288	0.524	0.25	1
0.319614863422417	0.265282268042516	0.201	0	1
0.319614863601152	0.264371546040202	0.201	0	1
0.319614863824571	0.270483227430359	0.201	0	1
0.319620348996347	-0.461429762701694	0.398	0.5	1
0.319627992693826	-0.404090361802072	0.116	0.25	1
0.319933959759215	-0.527325188266312	0.377	0.5	1
0.31996460490445	-0.293852355432199	0.297	0.5	1
0.319976210927293	0.284479661485715	0.201	0	1
0.320255392443289	-0.329536412487995	0.999	1	1
0.32033791729043	0.30670119805706	0.201	0	1
0.320337917379969	0.27893077478712	0.201	0	1
0.320337917424738	0.349247459766345	0.201	0	1
0.320502013289406	-0.403848125633435	0.314	0.5	1
0.320687000095524	-0.553184058399342	0.396	0.5	1
0.320699982602633	0.293142100492677	0.201	0	1
0.320699982916321	0.307224755050634	0.201	0	1
0.320699983050758	0.350285743393933	0.201	0	1
0.321062408390045	0.266330636780321	0.2	0	1
0.321062408659178	0.277527519970894	0.2	0	1
0.321129137281649	-0.608074478641358	0.424	0.5	1
0.321405842692165	0.413822729294844	0.464	0.25	1
0.321425194163846	0.292901517088155	0.2	0	1
0.321425194253643	0.281775549818194	0.2	0	1
0.321425194612832	0.29694469017456	0.2	0	1
0.32142519465773	0.270655775710873	0.2	0	1
0.321425194792426	0.365823382631797	0.2	0	1
0.321508923417306	0.453193524158004	0.697	0.5	1
0.321582668067518	-0.503005205956048	0.117	0.25	1
0.32171182707216	0.358642800009348	0.623	0.25	1
0.321788341455329	0.320741473651661	0.2	0	1
0.321803134231849	0.403477145178562	0.592	0.25	1
0.321964104674295	-0.367612758516894	0.376	0.5	1
0.322097418970675	-0.56740203947846	0.4	0.5	1
0.322173768824646	0.287097926107872	0.658	0.25	1
0.322321298204436	-0.576249819185231	0.408	0.5	1
0.3225157194945	0.276359682242078	0.199	0	1
0.322515719629584	0.297853089648363	0.199	0	1
0.322515719854725	0.271552223582828	0.199	0	1
0.322879952146554	0.286116488441056	0.199	0	1
0.322879952191626	0.283551906777075	0.199	0	1
0.322879952191626	0.323009388200508	0.199	0	1
0.32287995232684	0.302250639752699	0.199	0	1
0.322879952462055	0.335300524534824	0.199	0	1
0.322897747416717	-0.367122257680732	0.113	0.25	1
0.323084654271834	0.454955781232381	0.572	0.25	1
0.32318197538505	-0.957247481949921	0.44	0.5	1
0.323244547562927	0.260742718241449	0.199	0	1
0.323609506294903	0.26527644202839	0.199	0	1
0.323609506340061	0.272395796242078	0.199	0	1
0.323609506430378	0.274931599798155	0.199	0	1
0.323609506565853	0.26352629207767	0.199	0	1
0.323888513189958	0.528212511388126	0.447	0.25	1
0.323902924634921	0.441098613693185	0.458	0.25	1
0.323974829121517	0.277981094399183	0.198	0	1
0.323974829121517	0.300081564938086	0.198	0	1
0.323974829166719	0.28806124064572	0.198	0	1
0.32397482943793	0.297752427633376	0.198	0	1
0.323992488457285	-0.679652136587794	0.118	0.25	1
0.324232010718693	0.270196954988225	1	1	1
0.324340516190984	0.272681077875093	0.198	0	1
0.324480827409963	-0.439046029104508	0.296	0.5	1
0.324706568331041	0.264181313175771	0.198	0	1
0.324737209924351	-0.321404134331087	0.696	0.25	1
0.324789290885211	0.424816984076229	0.459	0.25	1
0.324995232391408	-0.677276518793819	0.119	0.25	1
0.32502192077831	-0.35301539418304	0.112	0.25	1
0.325072985918904	0.271571345047841	0.198	0	1
0.325072985964237	0.309825562456531	0.198	0	1
0.325072986145568	0.275985619252948	0.198	0	1
0.325439769468992	0.270622880643985	0.197	0	1
0.325439769514368	0.282950717936394	0.197	0	1
0.325439769695874	0.268364913641123	0.197	0	1
0.325806919497321	0.276144751958476	0.197	0	1
0.325806919542742	0.254715358346885	0.197	0	1
0.325806919724423	0.385213855735916	0.197	0	1
0.325857961552522	-0.445702603088948	0.884	0.75	1
0.325909317007377	-0.763848035301284	0.669	0.75	1
0.325986150944893	-0.360872292546828	0.381	0.5	1
0.326050462908754	-0.443769465540377	0.406	0.5	1
0.326174436385127	0.263905575259275	0.197	0	1
0.326254399593955	0.39905382935173	0.6	0.25	1
0.326542320969814	0.279303098056255	0.197	0	1
0.326542321197354	0.285309621305999	0.197	0	1
0.326617818874098	-0.510406444653186	0.118	0.25	1
0.326643072283025	-0.297235167293794	0.73	0.75	1
0.326647285416284	0.515946981692104	0.77	0.5	1
0.326910573135044	0.270733891650934	0.196	0	1
0.326910573317253	0.256129809090397	0.196	0	1
0.326910573408357	0.297542421295263	0.196	0	1
0.326910573545014	0.263629986316793	0.196	0	1
0.326910573590566	0.358334903660372	0.196	0	1
0.326910573636118	0.278416363602714	0.196	0	1
0.327076907845941	0.407072980339655	0.994	1	1
0.327112188363693	0.500978160633441	0.549	0.25	1
0.327123424860303	-0.673711080781779	0.119	0.25	1
0.327137573945754	0.372064211336325	0.612	0.25	1
0.327279195043457	0.340088902259359	0.196	0	1
0.327311828204363	0.90234363526419	0.864	0.75	1
0.327445698132637	-1.03524471041646	0.326	0.5	1
0.327648184849329	0.389985821331144	0.196	0	1
0.32764818498625	0.308365502058759	0.196	0	1
0.328017544080057	0.273800236832478	0.196	0	1
0.328017544582586	0.322151083017932	0.196	0	1
0.328017544628271	0.272973893380827	0.196	0	1
0.328387274451489	0.289535474975989	0.195	0	1
0.328387274451489	0.37065598780815	0.195	0	1
0.328387274588675	0.261485748405521	0.195	0	1
0.328495154205551	0.495793543802462	0.452	0.25	1
0.328675305109993	0.462435582898237	0.614	0.25	1
0.328887367093721	-0.303929028535024	0.306	0.5	1
0.329127846668452	0.267901644916529	0.195	0	1
0.329127846760087	0.277812843201749	0.195	0	1
0.329127846943357	0.253173511822367	0.195	0	1
0.329171422809165	0.281343808954968	0.652	0.25	1
0.329498690354796	0.276390231515684	0.195	0	1
0.329498690584106	0.331734355172283	0.195	0	1
0.329512003559591	0.50484395336107	0.772	0.5	1
0.329545912658502	0.97504302204281	0.802	0.75	1
0.329762457830387	0.42401091103971	0.46	0.25	1
0.329788812615109	0.435711903623838	0.458	0.25	1
0.329869905752766	0.271272654910946	0.194	0	1
0.329978372276832	0.454528380100001	0.714	0.5	1
0.330048484069262	0.441456752335482	0.587	0.25	1
0.330060332591322	-0.987518367004978	0.408	0.5	1
0.330241494315593	0.259558832145783	0.194	0	1
0.330241494499397	0.285768239646948	0.194	0	1
0.330405143421618	0.405772481857812	0.579	0.25	1
0.330416866885092	0.269948921195018	0.649	0.25	1
0.330613456489868	0.252230603265647	0.194	0	1
0.330613456627855	0.271823965850424	0.194	0	1
0.330655743409688	-0.440985834051328	0.409	0.5	1
0.330985791848765	0.271135390206212	0.194	0	1
0.331223043429593	-0.832680525665977	0.439	0.5	1
0.33135850212942	0.270228973039794	0.193	0	1
0.331358502544187	0.306387042304	0.193	0	1
0.331731587599189	0.279013227655123	0.193	0	1
0.331885987773006	0.325639754766861	0.909	0.75	1
0.332105048387558	0.262968105776866	0.193	0	1
0.332150974646129	-0.291672825587082	0.302	0.5	1
0.332286714477076	0.4279235708412	0.589	0.25	1
0.332357732030163	-0.507252170457799	0.382	0.5	1
0.33243302924988	0.448371739385785	0.457	0.25	1
0.332447558861419	-0.896416343709531	0.465	0.5	1
0.332478884901456	0.324229578562346	0.193	0	1
0.332478884947676	0.273832574551776	0.193	0	1
0.332478885086336	0.28695959676326	0.193	0	1
0.332478885363656	0.357623849288831	0.193	0	1
0.332853098196726	0.257952402452182	0.192	0	1
0.332853098289256	0.320824432673814	0.192	0	1
0.332853098659376	0.342104856390529	0.192	0	1
0.333227688406746	0.302186689436282	0.192	0	1
0.333227688545676	0.253272667652518	0.192	0	1
0.333227688777227	0.255461594445601	0.192	0	1
0.333227688962468	0.693996700299445	0.192	0	1
0.333227689008778	0.324194225657923	0.192	0	1
0.333602657055692	0.305194544478722	0.192	0	1
0.333686665729821	0.401016696374614	0.462	0.25	1
0.33381317639594	-0.494770691486049	0.118	0.25	1
0.333834811694009	-0.5716706165884	0.411	0.5	1
0.33397800326048	0.274128449188109	0.192	0	1
0.333990559060757	0.535095153153284	0.579	0.25	1
0.334025958308822	-0.501061807388804	0.12	0.25	1
0.334353728131367	0.297517670065648	0.191	0	1
0.334353728874501	0.729597109430406	0.191	0	1
0.334462824111827	0.415088128968738	0.456	0.25	1
0.33453509370589	0.426947588820743	0.718	0.5	1
0.334729833200991	0.268322361544781	0.191	0	1
0.335106316936179	0.254248798679052	0.191	0	1
0.335106317122326	0.379177229215595	0.191	0	1
0.335106317680767	0.262381706838489	0.191	0	1
0.33533710277432	-0.268176995466456	0.547	0.75	1
0.33548318222269	0.261658729060284	0.191	0	1
0.335483182688513	0.355689358556665	0.191	0	1
0.335754308639303	-0.674721943108302	0.121	0.25	1
0.335860427993839	0.282699892496887	0.19	0	1
0.33586042841349	0.260764538732229	0.19	0	1
0.335919497935325	0.315010571157034	0.974	1	1
0.336058519631279	0.401628161090505	0.46	0.25	1
0.336139368485169	0.42185829555911	0.455	0.25	1
0.336238055745418	0.29281472116993	0.19	0	1
0.336272267489868	-0.507600260215511	0.121	0.25	1
0.336382264500425	-0.705985726892748	0.44	0.5	1
0.336616065343532	0.260827750146617	0.19	0	1
0.336616065717286	0.275262558337849	0.19	0	1
0.336616065997601	0.273143409489946	0.19	0	1
0.336752607169541	-0.40728662140244	0.121	0.25	1
0.336779794700001	-0.372601185650124	0.312	0.5	1
0.336994458056331	0.258916650665384	0.19	0	1
0.336994458477216	0.255632435741888	0.19	0	1
0.337322838531049	0.450948704634924	0.445	0.25	1
0.337325195300399	-0.59408991813137	0.729	0.75	1
0.337373233986289	0.278277905624839	0.189	0	1
0.337618436755615	0.393271163395189	0.459	0.25	1
0.33775172485519	0.569739913616443	0.923	0.5	1
0.337752393798184	0.273715415713371	0.189	0	1
0.337752393938755	0.321459756577366	0.189	0	1
0.337752394032469	0.261199579203541	0.189	0	1
0.337752394079326	0.281155993683838	0.189	0	1
0.337978962921269	0.293294147158947	0.636	0.25	1
0.338131937643095	0.281554833016161	0.189	0	1
0.338131937877609	0.26174307088818	0.189	0	1
0.338297229107205	-0.537558596172475	0.322	0.5	1
0.338411343915052	-1.01917030660069	0.325	0.5	1
0.338491079256174	-0.392573395101354	0.12	0.25	1
0.338511867362476	0.265363448512955	0.189	0	1
0.338511867409425	0.289314033271175	0.189	0	1
0.338538316834198	-0.452205285089754	0.774	1	1
0.33889218198494	0.254369840618377	0.188	0	1
0.33889218226691	0.26997228207388	0.188	0	1
0.338941944336032	-1.10399304652463	0.468	0.5	1
0.339151793819953	-0.381774665472707	0.119	0.25	1
0.339272883075129	0.255587641869253	0.188	0	1
0.339272883310335	0.293084778304464	0.188	0	1
0.339272883310335	0.273762344309596	0.188	0	1
0.339586178976057	0.402597812717349	0.565	0.25	1
0.339599268331505	-0.782200552622551	0.122	0.25	1
0.3396539705554	0.267796141566873	0.188	0	1
0.33965397074375	0.264257058126887	0.188	0	1
0.339653970790837	0.25488189869655	0.188	0	1
0.339653970979188	0.276492047575779	0.188	0	1
0.339744543885584	-0.509602945770787	0.122	0.25	1
0.339923257094887	-0.29255484441881	0.312	0.5	1
0.340035445855713	0.255029566187907	0.188	0	1
0.340035445949981	0.266236006000698	0.188	0	1
0.340035445949981	0.38602110491549	0.188	0	1
0.340035446044249	0.250678096305613	0.188	0	1
0.340150221192798	-0.350491543689353	0.383	0.5	1
0.340417309090237	0.260829585854922	0.187	0	1
0.340556966935497	-0.500469377751308	0.383	0.5	1
0.34070761164577	0.435137825138633	0.45	0.25	1
0.34074086313988	-0.661049133990674	0.122	0.25	1
0.340794457465301	-0.389147875275216	0.12	0.25	1
0.34079956051489	0.257977495668851	0.187	0	1
0.340799560609344	0.268594542174162	0.187	0	1
0.340799560703798	0.257290226076516	0.187	0	1
0.340799560798251	0.25729340243001	0.187	0	1
0.340799560892705	0.322696876391726	0.187	0	1
0.341182200953507	0.261219098350062	0.187	0	1
0.341182201189874	0.251477245939996	0.187	0	1
0.341182201189874	0.277040002141585	0.187	0	1
0.341443852871185	-0.53523174671742	0.326	0.5	1
0.341888818760658	-0.544385502788737	0.326	0.5	1
0.342332464113146	0.265472671574947	0.186	0	1
0.342563218392087	-0.486922157614728	0.122	0.25	1
0.34271666653013	0.258251673830731	0.186	0	1
0.342716666814893	0.268074043892241	0.186	0	1
0.342716666909814	0.257587707251607	0.186	0	1
0.342716666909814	0.259668649663887	0.186	0	1
0.342716666957274	0.271607565883375	0.186	0	1
0.342716667099656	0.263087078249293	0.186	0	1
0.343101261976427	0.27981656656055	0.186	0	1
0.343101262071442	0.28338639818045	0.186	0	1
0.343101262261471	0.253688443364115	0.186	0	1
0.343107850112639	-0.339109289793285	0.12	0.25	1
0.343113829505676	-0.50656003970128	0.123	0.25	1
0.343197663061858	0.392205622195428	0.456	0.25	1
0.343486249533374	0.260149096753694	0.186	0	1
0.343486249866254	0.304218347338292	0.186	0	1
0.343626534501739	-0.400996305965699	0.121	0.25	1
0.343871630610764	0.26645035924894	0.185	0	1
0.343871631039178	0.275560248938403	0.185	0	1
0.34397820007589	-0.258651379805444	0.563	0.75	1
0.344257405718282	0.259373513017689	0.185	0	1
0.344260946835781	-0.504530475656291	0.123	0.25	1
0.344376167546284	0.416048863278996	0.55	0.25	1
0.344613098277752	-1.63135555312691	0.479	0.5	1
0.344643575224169	0.258610919907626	0.185	0	1
0.345016169255485	0.491990925142389	0.441	0.25	1
0.345030139688727	0.301916987563802	0.185	0	1
0.345030139831956	0.260871020329182	0.185	0	1
0.345075504513099	0.434514760355098	0.454	0.25	1
0.34541709991306	0.267047232142896	0.184	0	1
0.345417100008641	0.279749950663988	0.184	0	1
0.345417100056432	0.27033509649504	0.184	0	1
0.345417100199803	0.339873902932983	0.184	0	1
0.345417100247594	0.293195635550894	0.184	0	1
0.345417100247594	0.250452370502098	0.184	0	1
0.345417100343175	0.291276086400229	0.184	0	1
0.345447345135181	0.418618816255321	0.446	0.25	1
0.345804456461892	0.267534820575512	0.184	0	1
0.34580445698811	0.255274747910991	0.184	0	1
0.345804457035948	0.327637804117679	0.184	0	1
0.345869655101632	-0.508661588725363	0.123	0.25	1
0.346121766665096	-0.359705264254429	0.313	0.5	1
0.346232569023911	-0.301548598625806	0.317	0.5	1
0.346564311275379	0.497256998804826	0.982	1	1
0.346580361280648	0.268372197459	0.184	0	1
0.346580361664113	0.257244773933042	0.184	0	1
0.346662303633777	0.398194478343917	0.446	0.25	1
0.346796033071838	-0.32356172097224	0.119	0.25	1
0.347101805198371	-0.485131834351289	0.123	0.25	1
0.347357858703241	0.251535591177165	0.183	0	1
0.347357858847327	0.303851286806055	0.183	0	1
0.347357858991412	0.260212065757333	0.183	0	1
0.347364337760905	0.463293416228371	0.443	0.25	1
0.347495088059245	-0.788700633383622	0.688	0.25	1
0.347552048435619	-0.338188778776829	0.121	0.25	1
0.347747205845372	0.269640632747004	0.183	0	1
0.347747206374212	0.256066005272375	0.183	0	1
0.347747206422289	0.265509331773676	0.183	0	1
0.348004393904388	-0.364596374926984	0.12	0.25	1
0.348136953655195	0.261525750100688	0.183	0	1
0.348321752750748	-0.417628760491667	0.39	0.5	1
0.348527101701849	0.252789703078276	0.182	0	1
0.34852710194271	0.283842806294302	0.182	0	1
0.348527102039055	0.377446151920573	0.182	0	1
0.348917651674074	0.258454537486026	0.182	0	1
0.348951746461709	0.385446714084984	0.572	0.25	1
0.349014591565782	-0.391184335084927	0.32	0.5	1
0.349072459821517	0.389467378656887	0.558	0.25	1
0.349234218983557	0.449445217297912	0.586	0.25	1
0.349308602563954	0.259006467328525	0.182	0	1
0.349308602805296	0.250755192579196	0.182	0	1
0.349944974473167	0.332192478068889	0.601	0.25	1
0.350568870977168	-0.436164754458759	0.309	0.5	1
0.350569855101346	-0.940471687547447	0.126	0.25	1
0.350839026436032	-0.650833660835348	0.125	0.25	1
0.350876440444542	0.341697457349801	0.181	0	1
0.351267222058667	0.411504242756784	0.546	0.25	1
0.351285335802414	-1.32534058286166	0.481	0.5	1
0.35162401959074	0.469377560188377	0.441	0.25	1
0.35166278734706	0.257713276458356	0.18	0	1
0.351831342401951	-0.663503364127781	0.125	0.25	1
0.352046445867163	0.48543791153734	0.526	0.25	1
0.352056570139274	0.276185455528182	0.18	0	1
0.352137505885877	0.40459189133455	0.448	0.25	1
0.352845357601681	0.268620373353528	0.18	0	1
0.352845357845206	0.318951791379509	0.18	0	1
0.352873498764493	-0.482934621352909	0.124	0.25	1
0.353240363868933	0.327721818432358	0.179	0	1
0.353262048251867	-0.369719014734006	0.114	0.25	1
0.353394436479286	-0.386774330364817	0.123	0.25	1
0.353635778424262	0.273545440480141	0.179	0	1
0.353635778765884	0.262274610069104	0.179	0	1
0.353635778765884	0.285920057597927	0.179	0	1
0.353656634578283	-0.540883127413173	0.437	0.5	1
0.353692584422807	0.3989319115631	0.443	0.25	1
0.353727838694459	0.471889056975034	0.579	0.25	1
0.35387943504864	0.48997886389256	0.737	0.5	1
0.35399569575163	0.394085367948943	0.562	0.25	1
0.354031603193494	0.258569815519822	0.179	0	1
0.354031603291199	0.28085804855726	0.179	0	1
0.354031603486608	0.262518988745898	0.179	0	1
0.354427838104892	0.262283233373691	0.179	0	1
0.3544278383983	0.289939332562322	0.179	0	1
0.354427838496102	0.287347828466439	0.179	0	1
0.354489529469842	0.470346214347287	0.439	0.25	1
0.354587207494416	-0.502094286375297	0.125	0.25	1
0.354824484162975	0.254026787316438	0.178	0	1
0.354824484260876	0.307387071435241	0.178	0	1
0.35522154159195	0.255836401315889	0.178	0	1
0.355261152660443	0.419665202843351	0.679	0.5	1
0.355519952350319	0.421742988961538	0.868	0.5	1
0.35561901169565	0.250650053904606	0.178	0	1
0.355619011842798	0.31702892966807	0.178	0	1
0.355884033044956	0.369225285927048	0.575	0.25	1
0.356016894800833	0.304248875388174	0.178	0	1
0.356016894800833	0.262809045465336	0.178	0	1
0.356016895095425	0.258801631552415	0.178	0	1
0.35620867795115	-0.440280002052811	0.905	0.75	1
0.35681390250821	0.316457384923845	0.177	0	1
0.357211344588238	-0.320879914855955	0.701	0.75	1
0.357213028263589	0.28432634488351	0.177	0	1
0.357213028362085	0.260003286183016	0.177	0	1
0.357479657479453	0.3305317900262	0.599	0.25	1
0.357612570263096	0.375308742425051	0.177	0	1
0.358012528103964	0.267487607077931	0.176	0	1
0.358073767425483	0.39250376981651	0.448	0.25	1
0.35811826888992	-0.593217022959865	0.465	0.5	1
0.358412903258537	0.251328233578014	0.176	0	1
0.358412903307935	0.251238392051463	0.176	0	1
0.358412903307935	0.305644365974483	0.176	0	1
0.358526337930028	0.282143751749627	0.962	1	1
0.359214907367449	0.252236195527965	0.176	0	1
0.359459264070397	-0.423776324354777	0.428	0.5	1
0.359473781459273	-0.519502054114279	0.419	0.5	1
0.359627100032459	0.643927514725481	0.728	0.5	1
0.360421058739169	0.266436393464238	0.175	0	1
0.360421059285303	0.265520795529684	0.175	0	1
0.360640646662999	0.301120069074028	0.606	0.25	1
0.360823951335563	0.273680635292965	0.175	0	1
0.360857668796941	0.405253658340213	0.445	0.25	1
0.3612272652072	0.257146567910123	0.174	0	1
0.361289491529362	-0.459827530959586	0.124	0.25	1
0.361631001553386	0.251959988191015	0.174	0	1
0.361631001652986	0.256090038009022	0.174	0	1
0.361840831789255	-0.482281119280813	0.126	0.25	1
0.361855262081456	-0.742037145513631	0.872	0.75	1
0.362035161677661	0.272995920256487	0.174	0	1
0.362035161727512	0.284101797815016	0.174	0	1
0.362335216078573	-0.377133127954968	0.125	0.25	1
0.362439745591082	0.275500407252565	0.174	0	1
0.362844754403357	0.281147071632193	0.173	0	1
0.362844754403357	0.256014880808282	0.173	0	1
0.362962694415543	0.359070846049071	0.57	0.25	1
0.36309055285181	0.477420495639959	0.882	0.75	1
0.363120261420464	-0.313054528024174	0.123	0.25	1
0.363250188678333	0.260333505940416	0.173	0	1
0.363250188728336	0.327808512163925	0.173	0	1
0.363574825245903	0.369752833332527	0.561	0.25	1
0.363635872929049	0.358423431340494	0.572	0.25	1
0.363656048981805	0.263060989232899	0.173	0	1
0.36365604903186	0.327267793665174	0.173	0	1
0.36365604913197	0.322389650439756	0.173	0	1
0.363822615787834	0.450817049200828	0.921	0.75	1
0.364062335931641	0.267354472509291	0.173	0	1
0.364441615728167	0.383531001074358	0.549	0.25	1
0.364469051000557	0.261541118122676	0.172	0	1
0.364509310722302	0.29581763343235	0.999	1	1
0.364731146361753	0.316705678850718	0.595	0.25	1
0.364888147750496	-0.664742190155477	0.128	0.25	1
0.365177635341161	0.395339065311838	0.441	0.25	1
0.365283766841267	0.309971928865531	0.172	0	1
0.3656070169439	0.427608546557521	0.849	0.75	1
0.365691768766411	0.353601710034285	0.172	0	1
0.366323590395921	-0.755231333027268	0.992	1	1
0.366697292568085	-0.294172301367521	0.353	0.5	1
0.366892014143135	0.370067872219517	0.555	0.25	1
0.366918360450649	0.287568824367253	0.171	0	1
0.366918360955316	0.282498999880841	0.171	0	1
0.366918361157183	0.252299405268287	0.171	0	1
0.366929512370812	0.339557614373286	0.584	0.25	1
0.367043112451374	-0.643262299006323	0.129	0.25	1
0.367100771391596	0.375493148854069	0.591	0.25	1
0.367328089613123	0.25957191453365	0.171	0	1
0.367328089916235	0.265412360524528	0.171	0	1
0.368148847968138	0.293188995869525	0.17	0	1
0.368148848069383	0.276081122878278	0.17	0	1
0.368148848221251	0.264482177495743	0.17	0	1
0.368813623729862	-0.543112704409703	0.784	0.75	1
0.368835183135008	-0.302691757404221	0.717	0.75	1
0.36885230677736	0.424437070399672	0.437	0.25	1
0.368971346072612	0.289503444152223	0.17	0	1
0.369147067462499	-1.19114843919305	0.503	0.5	1
0.369726634485424	-0.383871358651658	0.127	0.25	1
0.369740278563085	0.568800158580109	0.851	0.5	1
0.369795590398185	0.251494760782452	0.169	0	1
0.369893196955354	0.362570910810044	0.577	0.25	1
0.370412953657827	0.415211715537247	0.962	0.75	1
0.370621586649583	0.254145987646354	0.169	0	1
0.370621586751457	0.265259350399569	0.169	0	1
0.370621586853331	0.285436200372061	0.169	0	1
0.371035243799754	0.293918017825429	0.168	0	1
0.371035243952723	0.270568008398362	0.168	0	1
0.371068974761361	0.408463494872263	0.913	0.75	1
0.37117031263789	-0.639229297588674	0.129	0.25	1
0.371216564215286	0.324024155066928	0.592	0.25	1
0.371449341134826	0.292416995088897	0.168	0	1
0.371486354303086	0.450058069716663	0.666	0.5	1
0.371704709883444	0.420503034153672	0.432	0.25	1
0.372196040925161	-0.486830841156862	0.401	0.5	1
0.37227885959508	0.263580049651884	0.168	0	1
0.372694282319914	0.269176908170642	0.167	0	1
0.372694282319914	0.269885430134298	0.167	0	1
0.373122721949606	-0.459044078538172	0.128	0.25	1
0.373262263452697	0.372895087613778	0.44	0.25	1
0.37349151916959	-0.659324519180705	0.426	0.5	1
0.373526458806212	0.329556975269411	0.167	0	1
0.37392351714965	-0.484235470737715	0.13	0.25	1
0.373943214185386	0.33415798974587	0.167	0	1
0.373982509832283	0.270904811524359	0.996	1	1
0.374103866107883	0.375278439190855	0.437	0.25	1
0.374316210876001	-0.464385328476685	0.128	0.25	1
0.37436041514837	0.259020163911978	0.166	0	1
0.374360415302615	0.259304135271006	0.166	0	1
0.374658642105573	-0.311795041530364	0.885	1	1
0.375099327964353	-0.370261371082087	0.127	0.25	1
0.375164030396694	0.307158027275674	0.595	0.25	1
0.375247766319233	0.329773730677819	0.981	1	1
0.375614700485795	0.251968804314703	0.166	0	1
0.375672087359954	-0.346157301250825	0.331	0.5	1
0.375933539739081	-0.350756029970282	0.33	0.5	1
0.376100355270203	0.395169374292118	0.684	0.5	1
0.376696562502783	-0.371901903377001	0.128	0.25	1
0.376873026045152	0.276736770917793	0.165	0	1
0.377292681069605	-0.473789179398078	0.896	1	1
0.377300827303369	-0.618208203172119	0.341	0.5	1
0.377714164938007	0.254736015481808	0.164	0	1
0.37771416530093	0.327369935335835	0.164	0	1
0.37771416530093	0.259669305048411	0.164	0	1
0.377714165612007	0.287700278732754	0.164	0	1
0.377808884116403	0.289155852556028	0.592	0.25	1
0.37813541372758	0.25760124202857	0.164	0	1
0.37813541377948	0.266434593827265	0.164	0	1
0.3782747606011	0.366866068244894	0.554	0.25	1
0.378382807429533	-0.668283560616762	0.133	0.25	1
0.378421214705818	-0.491411516970814	0.132	0.25	1
0.378542776054765	0.350899538781885	0.44	0.25	1
0.378615221948247	0.394610336026704	0.552	0.25	1
0.378891315757418	0.318586021765702	0.575	0.25	1
0.378979273252456	0.261970923583131	0.164	0	1
0.379303710588587	0.442031260587993	0.432	0.25	1
0.379451289841218	0.344473856583851	0.437	0.25	1
0.379756511945908	0.365278732203592	0.972	0.75	1
0.379824954312597	0.254983095514109	0.163	0	1
0.380134061720989	-0.280617190669942	0.327	0.5	1
0.380141059797133	-0.261648529743131	0.66	0.25	1
0.38024847991593	0.275649752300555	0.163	0	1
0.380409016772849	0.711411290142422	0.416	0.25	1
0.380519275579139	-0.695997674797873	0.493	0.5	1
0.380672463379337	0.252811130344299	0.163	0	1
0.381052211651884	-0.461304441412292	0.13	0.25	1
0.381096905905213	0.357597830832996	0.163	0	1
0.381282361900352	-1.04190847449227	0.468	0.5	1
0.381521807915621	0.251739263666485	0.162	0	1
0.381947170462822	0.292939791625783	0.162	0	1
0.382251774688303	0.37634569873511	0.933	0.75	1
0.382413369199288	-0.369859431011949	0.339	0.5	1
0.3825232235207	0.279727401837946	0.597	0.25	1
0.383059673064274	-0.379159526054282	0.93	1	1
0.38312723629471	0.411896233466989	0.434	0.25	1
0.383325029104331	0.375457365804223	0.431	0.25	1
0.383521724739936	0.266629226048922	0.878	0.75	1
0.383853355859891	0.386829676268811	0.527	0.25	1
0.383910272157328	-0.490591457265586	0.817	0.75	1
0.384499103664721	-0.457339338558886	0.332	0.5	1
0.384509061335611	0.333677393670497	0.161	0	1
0.384528439604897	-0.420206100276221	0.744	0.75	1
0.384937670839366	0.348981409685861	0.16	0	1
0.385667953289382	0.519931695471638	0.804	0.5	1
0.385830182802121	0.445132846008337	0.986	1	1
0.385885505474628	-0.550291533342074	0.469	0.5	1
0.386204617664856	-0.276371858777772	0.333	0.5	1
0.386656789594387	0.306015839284658	0.159	0	1
0.386668341496867	0.332066107058238	0.56	0.25	1
0.38687456335971	-0.472989264360618	0.133	0.25	1
0.387003703744659	-0.367971771242918	0.131	0.25	1
0.387272851046311	-0.504724510883729	0.133	0.25	1
0.387293848179096	0.439303284456312	0.807	0.5	1
0.387614846644627	0.495169932934237	0.688	0.5	1
0.387741135514657	0.543063651127376	0.79	0.5	1
0.388166962344271	0.341228339492788	0.556	0.25	1
0.388208923233208	0.678505685199434	0.497	0.25	1
0.388503558172295	-0.711496228505679	0.494	0.5	1
0.388830548868297	0.259156122207198	0.599	0.25	1
0.388839895233165	-0.54169087740546	0.333	0.5	1
0.389064870709597	0.463353509357211	0.74	0.5	1
0.389358722143025	-0.324785465194688	0.772	0.75	1
0.389487943759895	-0.379919436369336	0.133	0.25	1
0.389683407905617	0.369665599116521	0.158	0	1
0.389801927425806	0.535415594274271	0.419	0.25	1
0.390060013013883	-0.494288574607745	0.135	0.25	1
0.390096227684562	0.280421107187022	0.59	0.25	1
0.390328638030171	-0.462589932969648	0.132	0.25	1
0.390424937195031	-0.711149848468985	0.133	0.25	1
0.390481938361444	-0.729542740491099	0.909	1	1
0.390701464561524	0.311708302146603	0.879	0.5	1
0.390747919635877	-1.31347697056307	0.136	0.25	1
0.390987668613543	0.308044939966684	0.157	0	1
0.391079875565037	-0.487263113327935	0.135	0.25	1
0.391423380390916	0.252379263987117	0.157	0	1
0.391625796520141	-0.6518044773859	0.333	0.5	1
0.391893159876615	-0.332377124710858	0.133	0.25	1
0.392068114539369	-0.272362073868549	0.334	0.5	1
0.392101221145634	0.484213276793027	0.412	0.25	1
0.392351574304312	0.412075418106421	0.421	0.25	1
0.392532920372176	-0.668857716818668	0.496	0.5	1
0.392733404708258	0.32461765299384	0.156	0	1
0.39313785089432	0.368533453492665	0.429	0.25	1
0.393171045289077	0.548052424467541	0.156	0	1
0.393367026768828	0.363408646298834	0.538	0.25	1
0.393609170027351	0.292882890136529	0.155	0	1
0.393964650430726	-0.649817961267112	0.421	0.5	1
0.394329328861634	-0.505041011052697	0.134	0.25	1
0.394430774970433	-0.512558357227396	0.452	0.5	1
0.394651072981	-0.269313412268688	0.703	0.75	1
0.394827490855848	0.335798751666116	0.432	0.25	1
0.394926461472872	0.301235248669512	0.155	0	1
0.395196356912488	0.320330485877057	0.558	0.25	1
0.395240986605378	0.316242852696486	0.555	0.25	1
0.395300205861835	0.302433830582105	0.564	0.25	1
0.395366533852315	0.317923977165354	0.154	0	1
0.395454601305275	0.510845680959552	0.935	0.5	1
0.395511111509262	0.437913250897602	0.507	0.25	1
0.395601264239756	-0.264968610745722	0.332	0.5	1
0.395738613466958	-0.347491959648242	0.343	0.5	1
0.395807095130511	0.252584350265128	0.154	0	1
0.395807095510048	0.253106218784083	0.154	0	1
0.396065099787245	0.397255382329584	0.543	0.25	1
0.396079294939543	-0.442099085464005	0.812	0.75	1
0.39615327157921	0.3828296407133	0.93	0.75	1
0.396623481149131	0.395596556996056	0.425	0.25	1
0.396689690179677	0.312148383930153	0.154	0	1
0.397131725068901	0.27650185249828	0.153	0	1
0.397274064074959	-0.351464992520255	0.419	0.5	1
0.397312884930929	-0.379575961965063	0.135	0.25	1
0.397478952668541	-1.99138435680031	0.138	0.25	1
0.397481538967573	-0.468633846109427	0.337	0.5	1
0.397529849457355	0.401674988966093	0.795	0.5	1
0.397574253372773	0.279675848717873	0.153	0	1
0.398017275795694	0.312252690175677	0.153	0	1
0.398482967551708	-0.766066183685483	0.883	1	1
0.398860308748133	-0.389303934922437	0.135	0.25	1
0.39890480615813	0.268104418792197	0.152	0	1
0.399230411340735	-0.356442280909099	0.343	0.5	1
0.399390969604825	-0.458290703156256	0.134	0.25	1
0.39956438336843	0.312282514098349	0.56	0.25	1
0.399630596461072	-0.324440416534448	0.328	0.5	1
0.399794324532894	0.264529379425478	0.152	0	1
0.400146474466295	-0.569677989801818	0.448	0.5	1
0.400294391334615	-0.509085496190072	0.35	0.5	1
0.400512901787221	-0.680517352765403	0.138	0.25	1
0.400826525318229	-0.911259902943409	0.489	0.5	1
0.400929033441243	-0.494250071502646	0.459	0.5	1
0.401181339269914	0.52582060987649	0.517	0.25	1
0.401233563338607	-0.513933934961543	0.451	0.5	1
0.4012352775557	-0.656067015722277	0.138	0.25	1
0.401237731227476	-0.324079671143288	0.128	0.25	1
0.401375570098189	0.406756235489202	0.523	0.25	1
0.402055791108463	0.307104339211806	0.557	0.25	1
0.402098699789254	0.516581625740445	0.979	0.75	1
0.40249552381981	0.340975840096864	0.568	0.25	1
0.403039689670986	-0.357995158560106	0.134	0.25	1
0.403156054118763	-0.801316357533006	0.139	0.25	1
0.403285924862815	0.430511956801302	0.957	0.75	1
0.403733291028089	0.324953397919035	0.545	0.25	1
0.404272019221414	0.253667233776373	0.149	0	1
0.404505020935134	-0.606573234792581	0.474	0.5	1
0.404756896274105	0.407284273336374	0.828	0.5	1
0.404953262650518	-0.454621940535427	0.429	0.5	1
0.405073216491262	-0.338518182233429	0.34	0.5	1
0.405199950633836	-0.297902969694206	0.324	0.5	1
0.40556269671125	0.974980959120284	0.666	0.5	1
0.405626068723682	0.312924494319133	0.565	0.25	1
0.405897171851215	0.482343430332416	0.405	0.25	1
0.406237632540203	0.341490421148819	0.539	0.25	1
0.406460847246064	-0.620170445628805	0.138	0.25	1
0.406529897421289	0.698136400980104	0.148	0	1
0.406864489581305	-0.502833514556093	0.138	0.25	1
0.407029760866241	0.251385314801099	0.579	0.25	1
0.407048803839009	0.269167340260074	1	1	1
0.408346432402013	-0.670327507044742	0.459	0.5	1
0.408800637193043	0.323221727816259	0.147	0	1
0.409158981217537	-1.03010071093228	0.531	0.5	1
0.409495245331119	-0.345775918047219	0.135	0.25	1
0.409840935701562	0.308101206523859	0.548	0.25	1
0.409851970517446	-0.374564101748108	0.138	0.25	1
0.409956261908256	0.36621582456492	0.421	0.25	1
0.410169309923322	0.258638357119838	0.146	0	1
0.410180175498844	0.356484953610032	0.423	0.25	1
0.410787238489216	-0.30789363856318	0.137	0.25	1
0.411215295703713	0.341192179019384	0.528	0.25	1
0.411634005446348	0.381005620031217	0.417	0.25	1
0.411722164937186	-0.30033174908241	0.749	0.75	1
0.411728007996439	-0.479116105147621	0.14	0.25	1
0.411942495750384	0.413663925702868	0.799	0.5	1
0.412001535826163	0.250741858181905	0.145	0	1
0.412023553302538	-0.493676209385513	0.354	0.5	1
0.412291704764533	0.415340500116368	0.657	0.5	1
0.412948605447525	-0.263324477050451	0.343	0.5	1
0.413355232933726	-0.361380775447721	0.138	0.25	1
0.41373638096553	0.380264094241272	0.969	1	1
0.414102302551888	-0.492748137293879	0.357	0.5	1
0.414182689752891	-1.0441209275358	0.53	0.5	1
0.414422253293273	0.41887699843854	0.414	0.25	1
0.414582087715244	-0.400623216575749	0.634	0.25	1
0.414887490206477	0.289476594452465	0.553	0.25	1
0.415228284686562	0.28177106072583	0.143	0	1
0.415266879251539	0.340314679573795	0.422	0.25	1
0.415371996740994	0.367713081146109	0.807	0.5	1
0.415522448716797	0.519883908556295	0.526	0.25	1
0.415781418518175	-0.494415129024998	0.14	0.25	1
0.415944720056208	0.393215825278983	0.976	0.75	1
0.416059392267102	0.372878969984329	0.416	0.25	1
0.416366753678229	-0.480844974853802	0.141	0.25	1
0.416513493560664	-0.896599043998807	0.53	0.5	1
0.4165545200633	0.361078811334893	0.421	0.25	1
0.416956201976031	0.373894210947666	0.413	0.25	1
0.41780767507215	0.329667217780186	0.69	0.5	1
0.417909546219882	-0.968798369382573	0.389	0.5	1
0.41801493891024	0.253785069100381	0.142	0	1
0.418155023748177	-0.727633121487438	0.883	0.75	1
0.418284277825931	-0.273943595466357	0.872	0.75	1
0.418301340499839	0.296977764543286	0.552	0.25	1
0.418380151282601	0.322591986620748	0.528	0.25	1
0.418666541881924	0.460915168805368	0.653	0.5	1
0.418763317915689	-0.351044464485305	0.354	0.5	1
0.418821262171533	-0.2673395406074	0.346	0.5	1
0.419415574080325	0.354368383417488	0.141	0	1
0.419448204401331	0.486190847485569	0.934	0.5	1
0.419906897600521	-0.36108749286697	0.138	0.25	1
0.41993710297494	-0.326940965849825	0.423	0.5	1
0.420021317513331	-0.284796412500458	0.614	0.75	1
0.420130703453795	-0.300122702749113	0.135	0.25	1
0.420332851909408	0.316258818218346	0.529	0.25	1
0.420403504744228	-0.570960079993389	0.484	0.5	1
0.420795139331692	-0.369609746391794	0.14	0.25	1
0.421292720085059	0.392117625378743	0.41	0.25	1
0.421346501679293	0.267669563063155	0.564	0.25	1
0.421686951779465	-0.477044944597088	0.142	0.25	1
0.421956579419528	-1.05185945405392	0.406	0.5	1
0.422104007394267	-0.501046630419621	0.494	0.5	1
0.422231120825397	-0.564495010114488	0.429	0.5	1
0.422231619865401	0.255681939345875	0.14	0	1
0.422252578773508	-0.334613170387841	0.348	0.5	1
0.422862466001763	0.338336047049224	0.52	0.25	1
0.422908893184786	-0.47111458414404	0.455	0.5	1
0.422992465482981	0.31895608350546	0.539	0.25	1
0.423048676903151	-0.963254354726103	0.144	0.25	1
0.423048921504982	0.379831845049683	0.501	0.25	1
0.423080101854593	-0.450339812476325	0.915	1	1
0.423174715681053	0.347370836872225	0.139	0	1
0.42361365813859	0.319706844058615	0.523	0.25	1
0.423816897350833	0.439305960940706	0.88	0.75	1
0.423884416330884	-0.347011642915515	0.138	0.25	1
0.424041657156252	-0.522956436504511	0.443	0.5	1
0.424120034629756	0.253523788018604	0.139	0	1
0.424233755393722	-0.36598552054254	0.132	0.25	1
0.424396161457667	-0.367966491098631	0.141	0.25	1
0.424543254778484	-0.294132010702163	0.435	0.5	1
0.424618131695737	-0.350149443283537	0.139	0.25	1
0.424976084132543	-0.277814931712938	0.431	0.5	1
0.425653768291279	0.468810978113782	0.404	0.25	1
0.425896151032453	-0.489363693252097	0.361	0.5	1
0.426766211121553	0.348496712407747	0.518	0.25	1
0.426825399024472	-0.909419607758328	0.145	0.25	1
0.42705834702728	-0.353690525997392	0.141	0.25	1
0.427064457209154	-0.373324027901283	0.142	0.25	1
0.427225348671239	-0.34054523393282	0.139	0.25	1
0.427450001273186	0.459527021099181	0.8	0.5	1
0.427487954252525	0.323067260682059	0.419	0.25	1
0.428091208117669	-0.474665344949576	0.357	0.5	1
0.428285235518889	-0.462766596010687	0.463	0.5	1
0.428498466278108	0.390704192504643	0.494	0.25	1
0.428880332490003	0.42398490163393	0.136	0	1
0.428916883158473	0.498995353592176	0.868	0.75	1
0.429349826372871	-0.388820593422184	0.448	0.5	1
0.429359482107201	0.369143872475505	0.136	0	1
0.42937266636071	0.303143221108427	0.539	0.25	1
0.429547481125448	-0.636075140971971	0.145	0.25	1
0.429808477689619	0.445425565150271	0.5	0.25	1
0.430036944412578	0.310551256697687	0.521	0.25	1
0.430124308940088	-0.48000792814669	0.358	0.5	1
0.430680919406184	0.28451660341884	0.545	0.25	1
0.43070127148546	0.942397335039738	0.379	0.25	1
0.431042956331994	0.605178736610761	0.712	0.5	1
0.431424620934256	0.407130376913849	0.85	0.5	1
0.431453315567963	-0.781369857952508	0.509	0.5	1
0.43171712542743	-0.476318419901757	0.483	0.5	1
0.431763843846278	0.411077997611866	0.135	0	1
0.431903472934595	0.442024346338111	0.401	0.25	1
0.432581195781013	-0.346476789449039	0.459	0.5	1
0.432638556686529	0.644253080170683	0.865	0.75	1
0.432669154072288	-0.623501085915017	0.527	0.5	1
0.432729633073451	0.263730555156444	0.134	0	1
0.432859108396049	0.374328546405116	0.405	0.25	1
0.432999831062888	-0.363169437426558	0.144	0.25	1
0.433006894854655	-0.481286161622297	0.471	0.5	1
0.433213399860085	0.319323791750603	0.134	0	1
0.433697749794279	0.437911289673498	0.134	0	1
0.433697749794279	0.270288132235605	0.134	0	1
0.433697749913254	0.264186099306934	0.134	0	1
0.434257106928599	-0.320890926443427	0.417	0.5	1
0.434668204774315	0.268408082781041	0.133	0	1
0.434802281928186	0.342149620368004	0.415	0.25	1
0.435046418784728	-0.653158839206331	0.147	0.25	1
0.435175220352098	-0.385256716294011	0.878	0.75	1
0.435807476617802	-0.415158441839619	0.61	0.75	1
0.436563947356112	0.396733625290478	0.402	0.25	1
0.436584098152923	0.338086534592808	0.411	0.25	1
0.436767141768322	-0.343620593668048	0.142	0.25	1
0.436893904740675	-0.462197778313351	0.146	0.25	1
0.437057737419625	-0.454610117648269	0.145	0.25	1
0.437099013375035	-0.355407653259308	0.757	0.5	1
0.437104645115987	0.276614391163951	0.132	0	1
0.4371062138804	0.254052487791231	0.72	0.5	1
0.437364209015902	0.275218547989825	0.539	0.25	1
0.437511127062304	-0.482168807327494	0.364	0.5	1
0.437785158273828	0.374362878171207	0.665	0.5	1
0.437908076817834	-0.527960764056764	0.862	1	1
0.437998575097453	-0.314140727487882	0.419	0.5	1
0.438083372187696	0.574777887730501	0.132	0	1
0.438111252300596	-0.359593551815259	0.461	0.5	1
0.438171000767839	-0.595285146206258	0.145	0.25	1
0.438573630435865	0.264701288934258	0.131	0	1
0.438785410947642	-0.351801497118835	0.144	0.25	1
0.43901280537949	-1.05910641920946	0.661	0.75	1
0.439597244703934	0.263546708592071	0.543	0.25	1
0.440053137756732	0.59138850161352	0.392	0.25	1
0.440152577977902	-0.700909636390252	0.622	0.25	1
0.440468028488911	-0.32706577027946	0.62	0.25	1
0.440598059198922	0.342607649198853	0.936	1	1
0.441340854064199	0.367352291882253	0.402	0.25	1
0.44148215642191	-0.442677040298591	0.145	0.25	1
0.441604176063901	-0.315155266726105	0.139	0.25	1
0.441629775717851	0.267085461443864	0.541	0.25	1
0.441996624795198	0.342931378485001	0.407	0.25	1
0.442022283397659	0.265102607235038	0.13	0	1
0.442027736978881	-0.606288009274081	0.526	0.5	1
0.442120766163391	-0.634132810855666	0.707	0.75	1
0.442431529015411	0.574178582636693	0.917	0.75	1
0.443013070997153	0.258229822005453	0.129	0	1
0.443254594823515	-0.713959890928106	0.149	0.25	1
0.443372989913328	-0.624368658955613	0.482	0.5	1
0.443470853058173	-0.429144891079722	0.454	0.5	1
0.443509381438274	0.300074848020746	0.129	0	1
0.44350938168199	0.250964108224786	0.129	0	1
0.443581781014186	0.386164522099372	0.4	0.25	1
0.44370755641544	0.271041885291245	0.991	1	1
0.443777679112842	-0.504446472377486	0.471	0.5	1
0.443849618758982	-0.478297792289072	0.148	0.25	1
0.443988249216421	-0.402287222126886	0.139	0.25	1
0.444069802256917	0.328975658876195	0.504	0.25	1
0.44407514061059	0.372714721624619	0.639	0.5	1
0.444521182182747	0.308868994854965	0.696	0.5	1
0.444599564595068	0.4027013445929	0.836	0.5	1
0.445109224526499	-0.404489713823924	0.673	0.75	1
0.445296208940206	0.342172292911814	0.832	0.75	1
0.44541998795891	-1.35052477042588	0.563	0.5	1
0.44553238381881	0.45872424426374	0.717	0.5	1
0.445838763188954	-0.638860554708355	0.149	0.25	1
0.446177901648454	-0.348939622491822	0.145	0.25	1
0.446356211041004	0.450466504630467	0.628	0.5	1
0.446530034444801	-0.838346965447164	0.344	0.5	1
0.447163333160988	0.536617791605158	0.728	0.5	1
0.447188002581716	-0.723239128991028	0.149	0.25	1
0.447197649049159	0.501280553604599	0.453	0.25	1
0.447227530037566	-0.369943985321535	0.406	0.5	1
0.447408470827152	-0.717257630797573	0.15	0.25	1
0.44773950038779	-0.851950484244415	0.522	0.5	1
0.447897637441406	0.35158189421346	0.403	0.25	1
0.448459270381161	0.314517077859281	0.509	0.25	1
0.448541356253652	-0.582206794773879	0.5	0.5	1
0.448681578261272	0.317566305645349	0.507	0.25	1
0.448764866800278	-0.369283009121542	0.615	0.25	1
0.448985159640382	-1.49780047385021	0.151	0.25	1
0.449129507884671	0.323883478230185	0.403	0.25	1
0.449131971948795	0.439427061384891	0.391	0.25	1
0.449310949965608	0.383917278508342	0.738	0.5	1
0.449607651118861	-0.72470443731862	0.437	0.5	1
0.449638108244227	-0.302616255548465	0.145	0.25	1
0.4496420904393	-0.36444766773918	0.148	0.25	1
0.449642712315898	0.439994937657268	0.478	0.25	1
0.449796209927578	-0.639897773685834	0.15	0.25	1
0.450017800920147	0.274628033658994	0.126	0	1
0.450026429930383	0.367116803169785	0.394	0.25	1
0.450310210999557	0.32909430438899	0.504	0.25	1
0.450499553504345	0.321697841367909	0.41	0.25	1
0.450735991540823	0.366818515903427	0.791	0.5	1
0.450912197521139	-0.606561509940241	0.149	0.25	1
0.451240293012249	-0.336719173766178	0.466	0.5	1
0.451278707332969	-0.365200118612563	0.835	1	1
0.451605347587044	0.317214154782538	0.509	0.25	1
0.451648542222578	-0.92009533361444	0.368	0.5	1
0.45172671959071	0.316537531562489	0.498	0.25	1
0.45201244982693	-0.53476793990174	0.506	0.5	1
0.452019181926543	0.344199025126976	0.403	0.25	1
0.452486643244361	-0.465668798120189	0.151	0.25	1
0.452549366312201	0.349440023091034	0.124	0	1
0.453057598058987	0.280815612560419	0.124	0	1
0.453257016492771	-0.459114734936958	0.368	0.5	1
0.453809690724871	0.60726971222345	0.695	0.5	1
0.454033927130798	-0.586976530820253	0.15	0.25	1
0.454121536846642	-0.457636118567833	0.369	0.5	1
0.454423165361206	-0.414554857502379	0.72	0.75	1
0.454950432592913	-0.349424480053658	0.148	0.25	1
0.455157472602148	0.849191694405316	0.464	0.25	1
0.455260015227236	-0.634507303019016	0.148	0.25	1
0.4559919649281	0.310832233737203	0.513	0.25	1
0.456123779231883	-0.258120842633995	0.435	0.5	1
0.456154675644619	0.431382583876441	0.476	0.25	1
0.45616219841037	0.25263239548217	0.849	0.5	1
0.456228994534985	-0.313105804413849	0.451	0.5	1
0.456303443829601	0.345520855455237	0.402	0.25	1
0.456371579502208	-0.946658266635211	0.484	0.5	1
0.456633334216938	0.251959141179286	0.122	0	1
0.458751070616276	-0.630971548947709	0.542	0.5	1
0.458815038057196	-0.448977411072421	0.151	0.25	1
0.459685269682237	0.305413032476213	0.404	0.25	1
0.46008058890495	-0.438507660713342	0.15	0.25	1
0.460181943342236	-0.360408812591561	0.15	0.25	1
0.460301348979912	-0.349091127146181	0.149	0.25	1
0.460374745336759	0.329716054800551	0.395	0.25	1
0.460450663758935	0.370357253578868	0.391	0.25	1
0.460759247177625	0.306065465771246	0.12	0	1
0.460765549315442	0.319279996489113	0.812	0.5	1
0.460893156385868	-0.501396955961491	0.703	0.75	1
0.461015652500109	0.33993415760306	0.792	0.5	1
0.461277979565341	0.300910932554771	0.12	0	1
0.461277979692607	0.316279772064186	0.12	0	1
0.46127797975624	0.254249954359719	0.12	0	1
0.461583535953092	-0.758369356606075	0.415	0.5	1
0.461797383710857	0.419982715031518	0.12	0	1
0.461859451069875	0.300376850515908	0.508	0.25	1
0.462174913149531	-0.35112150807678	0.15	0.25	1
0.462179130042583	-0.461165036224023	0.454	0.5	1
0.462473838170547	-0.437082253374687	0.151	0.25	1
0.462865190272695	-0.468194132525636	0.152	0.25	1
0.462885387713427	-0.628597569263732	0.154	0.25	1
0.463011244078824	-0.502541093027984	0.469	0.5	1
0.463252343845032	0.333842002792212	0.4	0.25	1
0.463262315876104	0.416463332936053	0.746	0.5	1
0.463712372620968	-0.757666859620093	0.526	0.5	1
0.464270066281772	-0.624824008660929	0.153	0.25	1
0.464296742143132	0.319161068055653	0.402	0.25	1
0.464404534248231	0.293587221515064	0.119	0	1
0.464404534568843	0.923551006950925	0.119	0	1
0.464523898800506	0.484517152215769	0.631	0.5	1
0.465103948730975	-0.625001405963379	0.153	0.25	1
0.46567017510582	-0.640461879865413	0.868	0.75	1
0.466897367816123	0.396751160094566	0.387	0.25	1
0.466908960980317	-0.638202167721586	0.437	0.5	1
0.466957066173656	-0.458263448925689	0.154	0.25	1
0.467279297395872	-0.603027586859737	0.561	0.5	1
0.467555648113895	0.68710720074229	0.117	0	1
0.4679101621549	-0.867996189744271	0.155	0.25	1
0.468120048151799	-0.448391588788978	0.154	0.25	1
0.468636980754196	-0.27457358072967	0.353	0.5	1
0.468709867175144	-1.06301420747863	0.461	0.5	1
0.468782278464716	0.31299038909993	0.495	0.25	1
0.468847277915208	-0.32140052251139	0.149	0.25	1
0.468943435093945	0.317596528505433	0.393	0.25	1
0.469028864647875	0.339780359831984	0.394	0.25	1
0.469423211680533	0.33492395364824	0.492	0.25	1
0.469481946125391	-0.284348529529663	0.445	0.5	1
0.469879322056627	-0.258191553115081	0.144	0.25	1
0.469993227677128	-0.252134120854733	0.424	0.5	1
0.470200630570288	0.319477816061267	0.116	0	1
0.470200630700369	0.344892252659046	0.116	0	1
0.470275959070019	0.266941062976309	0.509	0.25	1
0.470794679428863	-0.555170456769609	0.532	0.5	1
0.470839904696253	0.312542152774422	0.493	0.25	1
0.471252310089122	-0.273305148860241	0.146	0.25	1
0.471254855274566	0.305775039477552	0.402	0.25	1
0.471710159957271	0.320236108017708	0.485	0.25	1
0.471836754196228	0.27573446029491	0.999	1	1
0.472576866341358	-0.355480234207731	0.154	0.25	1
0.47261941606749	-0.347868033658068	0.152	0.25	1
0.472782154955097	-0.32935570658483	0.478	0.5	1
0.473168671852574	-0.633360957710967	0.157	0.25	1
0.473442688711434	-0.690679394449885	0.381	0.5	1
0.474326001143866	0.478420813212994	0.891	0.75	1
0.474469275373699	0.543419961827662	0.114	0	1
0.475006071552261	0.272444311648072	0.114	0	1
0.475017535004825	0.379005807473583	0.808	0.5	1
0.475227488050922	-0.305557485381609	0.371	0.5	1
0.475236954984079	0.341510914826263	0.889	0.75	1
0.475512225312469	0.349811840152867	0.638	0.5	1
0.476123363795705	0.34321144704336	0.392	0.25	1
0.476335343082666	0.374494396975698	0.832	0.75	1
0.476502492087762	0.336197959485678	0.392	0.25	1
0.476524321235693	-0.450706931832591	0.156	0.25	1
0.476823367153819	-0.638311550255049	0.158	0.25	1
0.476895071378684	0.268863167512178	0.499	0.25	1
0.476922323224161	0.591560653667006	0.455	0.25	1
0.476923159749614	0.289503075100065	0.4	0.25	1
0.477182502068297	0.321106448289586	0.487	0.25	1
0.477804266108585	0.491587844619104	0.377	0.25	1
0.47836515888899	-0.454387647025097	0.157	0.25	1
0.47836816803761	0.345028621387226	0.473	0.25	1
0.478554141345458	-0.422368084889986	0.486	0.5	1
0.478944096603552	-0.406456432087047	0.482	0.5	1
0.479386773241248	-0.351506211742824	0.156	0.25	1
0.480624085185557	-0.256048931306553	0.354	0.5	1
0.481152979723198	-0.435258246872529	0.156	0.25	1
0.481596553564633	-0.284007362760955	0.146	0.25	1
0.482136261428166	0.283729904877927	0.906	1	1
0.482256849080245	-0.870095866303149	0.635	0.75	1
0.48331072077161	0.566241442676703	0.366	0.25	1
0.483822004111302	-0.306199794076485	0.586	0.25	1
0.484513695370263	0.304474838311758	0.391	0.25	1
0.484619546921768	0.258811477923616	0.502	0.25	1
0.484818601733574	-0.445492868401359	0.452	0.5	1
0.484923031399882	0.266342307188367	0.903	0.5	1
0.484983746177507	-1.39361067454269	0.877	0.75	1
0.485356097207745	0.370245266026772	0.384	0.25	1
0.485566665157942	-0.463921009754628	0.383	0.5	1
0.486088268845098	0.306793830026917	0.388	0.25	1
0.486205762599074	-1.45044385174293	0.605	0.5	1
0.486269443466498	0.30799762921109	0.392	0.25	1
0.486485607155941	-0.635749830853885	0.458	0.5	1
0.486503415448128	-0.29057829339276	0.462	0.5	1
0.487001886168661	0.280961648130559	0.108	0	1
0.487130605705652	-0.310196871710012	0.421	0.5	1
0.487445774191263	-1.15734444827046	0.162	0.25	1
0.487558508453661	0.385233960287974	0.723	0.5	1
0.488279127062932	-0.293697211887935	0.156	0.25	1
0.488400733845943	-0.334884575373363	0.155	0.25	1
0.488420707443531	0.269167081500733	0.498	0.25	1
0.488743958276316	-0.543879741976904	0.59	0.25	1
0.48885691649184	0.317761853498328	0.391	0.25	1
0.489336163950678	0.381336147658492	0.384	0.25	1
0.48954405046973	0.315063322863867	0.391	0.25	1
0.489700132361271	-0.400243974437132	0.416	0.5	1
0.490224169717294	-0.548201633086286	0.562	0.5	1
0.490473190146536	-0.484609566445345	0.161	0.25	1
0.490490123598198	0.312117955733594	0.829	0.75	1
0.491403558146719	-0.460605912452897	0.159	0.25	1
0.49181179840167	-0.841385574174866	0.379	0.5	1
0.492015300630565	0.266817110816804	0.106	0	1
0.492251603110219	-0.738978138509	0.163	0.25	1
0.49299015807639	0.304001685470773	0.393	0.25	1
0.493205676245935	-0.645021693306928	0.152	0.25	1
0.493452105196204	0.29415112398434	0.39	0.25	1
0.493576118630637	0.367539982083639	0.863	0.5	1
0.493811951584713	-0.434618790691545	0.159	0.25	1
0.494015665077139	-0.440443870575783	0.532	0.5	1
0.494533145061166	-0.687557069160456	0.479	0.5	1
0.494612168512723	0.288164977305729	0.486	0.25	1
0.494880520980349	-0.72798593813145	0.555	0.5	1
0.495398829957718	-0.903500909197486	0.506	0.5	1
0.495523207789174	-0.501413604174404	0.493	0.5	1
0.495600534245907	-0.294261652689314	0.479	0.5	1
0.495793261885781	-0.372449411286244	0.718	0.75	1
0.496452379428867	-0.662123552505073	0.387	0.5	1
0.496525441654903	0.300220384479606	0.104	0	1
0.496561590004536	0.359188656300717	0.631	0.5	1
0.496593798718614	-0.337483304787632	0.799	0.75	1
0.496633395470275	0.463569662810619	0.601	0.5	1
0.496636643809351	-0.49030309470805	0.151	0.25	1
0.496980518539452	0.418981888019987	0.997	0.75	1
0.497840346168612	0.311074613949017	0.386	0.25	1
0.497952701713206	0.349744070900922	0.919	1	1
0.498014770362506	0.341530642515526	0.826	0.5	1
0.498065190275093	-0.469125139373652	0.501	0.5	1
0.498287531897027	-0.737063289058131	0.736	0.5	1
0.498529255045699	-0.280384074619115	0.157	0.25	1
0.498546095417514	0.438412339897539	0.454	0.25	1
0.498632288327023	-0.464243110023297	0.163	0.25	1
0.49892206779749	0.309897344532976	0.385	0.25	1
0.499313182170583	-0.278038846050055	0.372	0.5	1
0.499427012993331	0.39189451227968	0.864	0.5	1
0.499525454497754	-0.512348375909124	0.486	0.5	1
0.500306471273882	-0.427218798185532	0.382	0.5	1
0.500494353307674	-1.08621315906897	0.955	1	1
0.500515390118977	-0.479984598121	0.722	0.75	1
0.500942876832156	-0.795052025819003	0.538	0.5	1
0.501087538330813	0.270252480764521	0.102	0	1
0.501279908346437	-0.615834814475477	0.522	0.5	1
0.501348526693778	0.39310089942724	0.464	0.25	1
0.501968920117305	-0.355114656457788	0.456	0.5	1
0.502272891133676	0.336533092266097	0.852	0.5	1
0.503571966630384	0.34914819478072	0.38	0.25	1
0.503965833727006	0.290256119816648	0.101	0	1
0.504241141945199	-0.392620254486702	0.846	0.75	1
0.504488544316918	-0.258932084878607	0.154	0.25	1
0.504491253136359	-0.737520755796954	0.51	0.5	1
0.504599057883696	-0.342245237540089	0.161	0.25	1
0.504834337274235	0.29910198480387	0.469	0.25	1
0.505152929696235	0.291419150325308	0.792	0.5	1
0.506239928121102	-0.722026729165394	0.577	0.25	1
0.506808083828197	-0.542360761389912	0.469	0.5	1
0.506876708743047	0.275372586281538	0.67	0.5	1
0.507415216604185	-0.617045186517319	0.166	0.25	1
0.507419058453895	0.258861364279131	0.481	0.25	1
0.507650028673344	-0.327915656992181	0.161	0.25	1
0.507670828920091	0.34540597234584	0.867	0.75	1
0.507693673975492	-0.2932384779251	0.156	0.25	1
0.507705445026043	-0.407478438381183	0.162	0.25	1
0.507845675713118	-0.283730742465965	0.905	0.75	1
0.508191967993409	-0.412696479348647	0.865	0.75	1
0.509782854350322	-0.438313846315357	0.392	0.5	1
0.509857904473632	-0.303259349981033	0.705	0.75	1
0.510368393408655	-0.457561214830385	0.164	0.25	1
0.510379232389615	0.285953397422029	0.387	0.25	1
0.510713825289057	0.482046666047795	0.365	0.25	1
0.511320328556339	-0.423607807859677	0.164	0.25	1
0.512203217904849	-0.329471306876013	0.163	0.25	1
0.512547086867385	0.30158833136183	0.801	0.5	1
0.513486129430005	0.406153923459806	0.369	0.25	1
0.513703534346789	0.534406618929828	0.457	0.25	1
0.513858973401449	0.270960830449968	0.384	0.25	1
0.513991240579796	-0.321280246199428	0.161	0.25	1
0.514405754325532	-0.363530494400815	0.866	0.75	1
0.514417294259823	-0.2870284751745	0.788	0.75	1
0.514814201022745	0.854666327874012	0.635	0.5	1
0.515527520498184	0.274193836671517	0.383	0.25	1
0.515625706648306	-0.293022547230899	0.47	0.5	1
0.515906396093779	-0.835320346670922	0.169	0.25	1
0.516515299755237	0.327741310995373	0.804	0.75	1
0.516617545125194	-0.659588377269828	0.395	0.5	1
0.517146952640405	-0.340788140270962	0.166	0.25	1
0.517366580245538	0.281508488249411	0.378	0.25	1
0.517433646212046	-0.516887750936828	0.571	0.25	1
0.518504870875942	0.383008176537015	0.458	0.25	1
0.518521474367505	0.279747419494004	0.469	0.25	1
0.518782865428377	0.277801026354492	0.389	0.25	1
0.518890866404614	-0.423511697088159	0.164	0.25	1
0.519302791093359	-0.272677505581518	0.483	0.5	1
0.519379752717498	-0.492358547793833	0.162	0.25	1
0.519618379474406	-0.274037741219688	0.161	0.25	1
0.520135739827367	0.382980114958032	0.762	0.5	1
0.520268136259687	-0.618385455279331	0.169	0.25	1
0.52165735249108	0.303655395613065	0.38	0.25	1
0.522445304940695	0.329692597592918	0.458	0.25	1
0.522927292953017	-0.60090964562889	0.17	0.25	1
0.523009770256773	-0.387608057270963	0.367	0.5	1
0.523051954198701	-0.549112430163273	0.401	0.5	1
0.523204401166393	-0.830279199228069	0.569	0.25	1
0.523387074298768	-0.823274953440491	0.17	0.25	1
0.52343604686697	-0.412575381303672	0.393	0.5	1
0.523603274427215	-0.433599814638795	0.169	0.25	1
0.523757834610237	0.297590608375242	0.375	0.25	1
0.52431878666851	-0.40601011003409	0.165	0.25	1
0.524890950733584	0.30917707905395	0.784	0.5	1
0.525810512953687	0.275682090161467	0.38	0.25	1
0.525850126656293	0.374729006494168	0.37	0.25	1
0.526062549522086	0.279342596596786	0.379	0.25	1
0.526825839486553	-0.802600032148898	0.503	0.5	1
0.527254247064487	-0.614912464049539	0.171	0.25	1
0.528483700140084	0.390512024756529	0.856	0.75	1
0.528510935699209	-0.262907838651379	0.162	0.25	1
0.529089293817277	0.295295419779863	0.769	0.5	1
0.529499412786096	-0.289948100804615	0.168	0.25	1
0.530095430915596	0.270520092848969	0.476	0.25	1
0.530548745539263	-0.438576669209833	0.403	0.5	1
0.530984350348944	0.268600876432657	0.458	0.25	1
0.531020588145986	0.299767853288267	0.372	0.25	1
0.531099685731561	0.288715503050469	0.641	0.5	1
0.531111384973307	0.37590301353638	0.451	0.25	1
0.531122318245544	-0.561858107561074	0.52	0.5	1
0.531678453185597	0.374976487488248	0.448	0.25	1
0.531720379411821	0.276423000522939	0.376	0.25	1
0.532996079707119	0.264517650562067	0.377	0.25	1
0.533168265092155	0.577668776290197	0.694	0.5	1
0.53352098398603	-0.287008348629233	0.163	0.25	1
0.534040733473075	-0.365533665713373	0.509	0.5	1
0.534092440130409	-0.40078763980562	0.558	0.5	1
0.535279834224334	-0.271466080849212	0.497	0.5	1
0.536281571052344	-0.272968156195288	0.517	0.5	1
0.536799562290192	0.306740739607087	0.369	0.25	1
0.537515530065181	0.397511111943517	0.358	0.25	1
0.537553824542592	-1.12265575484716	0.175	0.25	1
0.537680104063017	0.272031925094351	0.372	0.25	1
0.538199139637621	-0.729806515930275	0.724	0.5	1
0.539001974331118	-0.492640065486436	0.398	0.5	1
0.539489343328489	-0.300197053599131	0.165	0.25	1
0.539645575960181	0.477898567708087	0.796	0.75	1
0.539663200035494	-0.351171866431973	0.497	0.5	1
0.540630077335654	0.377257914819221	0.948	0.75	1
0.541387421025038	0.310824388056836	0.752	0.5	1
0.541893584939213	-0.366250229080226	0.392	0.5	1
0.542272931452498	-0.317588170491044	0.17	0.25	1
0.542421839678966	0.262618307518281	0.371	0.25	1
0.542605990011531	0.281064059851739	0.943	0.75	1
0.542780036175225	-0.274939295873136	0.163	0.25	1
0.543174485658122	-0.480053717608509	0.555	0.25	1
0.543379385068925	0.497011606546934	0.415	0.25	1
0.543540101863281	-0.370911582528315	0.549	0.25	1
0.543634748402157	-0.78020310261652	0.167	0.25	1
0.543720156062405	0.297689065137841	0.459	0.25	1
0.543904723218409	0.419904531748168	0.453	0.25	1
0.544377473912434	-0.430241571311	0.175	0.25	1
0.544824242255166	0.536463448526612	0.661	0.5	1
0.544857337694524	0.286652861803593	0.827	0.5	1
0.545187595622249	-0.516067913581631	0.718	0.5	1
0.545489864744282	0.267537525237392	0.368	0.25	1
0.545779693297089	-0.661962901739506	0.41	0.5	1
0.545811520305127	-0.397171018341151	0.551	0.5	1
0.54583657652856	0.31943601474354	0.457	0.25	1
0.546044819765739	-0.266207015704806	0.169	0.25	1
0.546173459706277	-0.525264225851841	0.568	0.5	1
0.546647730734538	0.429621641994122	0.586	0.5	1
0.547081551611106	-0.339057904884121	0.759	0.75	1
0.547160274726339	0.280407474785683	0.789	0.5	1
0.547359760786107	0.273882607905896	0.37	0.25	1
0.54764719995147	-0.254731146318726	0.5	0.5	1
0.547800731480775	-0.428971755437144	0.175	0.25	1
0.548227602036674	0.264017010826983	0.372	0.25	1
0.548243383892095	0.263523294691001	0.798	0.5	1
0.548334175095664	0.50093550571254	0.871	0.75	1
0.549022257713426	0.272452120259137	0.369	0.25	1
0.549296676576846	-1.16561391614176	0.179	0.25	1
0.549317058809844	-0.310064505067853	0.172	0.25	1
0.549608990950048	0.2646347007011	0.636	0.5	1
0.550992793440386	-0.848508156360615	0.632	0.5	1
0.551131319607281	0.483640262444265	0.588	0.5	1
0.552830071033868	-0.266087701299227	0.172	0.25	1
0.552875270592581	0.343775269385614	0.718	0.5	1
0.552910269835617	0.317318568345797	0.784	0.75	1
0.554513431543421	-0.396670974012291	0.171	0.25	1
0.555175659696437	0.270586380214939	0.361	0.25	1
0.555227134887294	-0.819569658739291	0.601	0.5	1
0.555366869589331	0.324794652833036	0.738	0.5	1
0.555993116052265	-0.274894350665123	0.167	0.25	1
0.556236289640433	0.264501270352125	0.368	0.25	1
0.556952506032518	-0.41777658217099	0.177	0.25	1
0.557033911381058	-0.253170547348009	0.169	0.25	1
0.557206289516778	0.407350468483053	0.602	0.5	1
0.557902529961756	-0.600796561794135	0.181	0.25	1
0.557936794378741	-0.318174966676672	0.696	0.5	1
0.55811386771615	-0.302563046504388	0.173	0.25	1
0.558331637788654	0.336892535452352	0.352	0.25	1
0.559193898653574	-1.12451653613094	0.182	0.25	1
0.559606632708164	0.272619759769161	0.636	0.5	1
0.559850429905559	-0.747640533988345	0.615	0.5	1
0.559948143234303	0.402159506040481	0.857	0.75	1
0.560181052042198	0.354928230355802	0.599	0.5	1
0.560263224051273	0.261137090731505	0.367	0.25	1
0.560390142019124	-0.270398041833371	0.176	0.25	1
0.560419896124958	-0.678219762207946	0.539	0.5	1
0.560803626747698	-0.392690702236754	0.175	0.25	1
0.560955301735694	-0.413969741199518	0.41	0.5	1
0.561470515477598	-0.315346670594383	0.176	0.25	1
0.561511036059434	0.258698267640214	0.363	0.25	1
0.561621389730008	0.325261651277915	0.781	0.5	1
0.561763475093419	-0.59238148795521	0.181	0.25	1
0.562054754793714	0.267040408303163	0.365	0.25	1
0.562252819046467	-0.250254492640886	0.396	0.5	1
0.562790871104539	0.266367992692045	0.362	0.25	1
0.562915120328691	0.2956196681394	0.864	0.5	1
0.563055377293003	-0.562372326049265	0.181	0.25	1
0.563843518677617	-0.363272661059066	0.175	0.25	1
0.564078976111609	-0.341173380208045	0.77	0.75	1
0.564288957245531	0.342378083862609	0.819	0.75	1
0.564311155469559	0.250336579949064	0.365	0.25	1
0.564647119160492	-0.740128513078172	0.578	0.5	1
0.56521534293742	0.284807434467182	0.895	0.75	1
0.565453538181837	0.364623463244356	0.747	0.5	1
0.56556339493068	-0.482238424569529	0.173	0.25	1
0.56600627038974	0.415028891839977	0.594	0.5	1
0.566866226531541	-0.348279925601153	0.952	1	1
0.56695476251246	0.279142430213234	0.364	0.25	1
0.567377704312219	-0.43266980713524	0.18	0.25	1
0.568029172659243	-0.526340062398579	0.179	0.25	1
0.568078800375768	-0.634069982284914	0.414	0.5	1
0.568133909440845	-0.261060104118944	0.723	0.75	1
0.568214492281006	-0.550155859855141	0.658	0.75	1
0.568400941222262	-0.893560425903866	0.602	0.5	1
0.569411035865274	-0.482733448549638	0.539	0.25	1
0.56995117713046	0.327128307715863	0.725	0.5	1
0.569972114345567	-0.288197643063198	0.174	0.25	1
0.570228621902791	0.425273764788836	0.909	0.75	1
0.570378142237129	-1.0454974329657	0.571	0.5	1
0.570447848976294	0.34983168247867	0.707	0.5	1
0.57063633896799	0.393739964015515	0.948	0.75	1
0.570720175345802	0.388355513109347	0.807	0.75	1
0.57129958627484	0.299158300879367	0.442	0.25	1
0.571723042052763	-0.3119386511725	0.179	0.25	1
0.572000351265442	-0.945994618981268	0.186	0.25	1
0.57202471781245	0.380294441626995	0.409	0.25	1
0.572167296884518	-0.307305943422831	0.179	0.25	1
0.572272499587713	0.291580294336634	0.356	0.25	1
0.572604681962269	-0.498921936149135	0.569	0.5	1
0.573408471434708	-0.283183255673628	0.54	0.5	1
0.573480783180804	-0.359948762386348	0.172	0.25	1
0.574065757336163	-0.285802772545452	0.534	0.25	1
0.574158776932925	0.289153833065351	1	1	1
0.574315327656713	-0.324152688151487	0.757	1	1
0.574734023524902	-0.316573521254594	0.181	0.25	1
0.575855273119522	-0.430546309307336	0.703	0.75	1
0.576830487231687	-0.416204259613084	0.183	0.25	1
0.576943643873409	0.300356805912526	0.357	0.25	1
0.576962977940501	0.360807210200588	0.343	0.25	1
0.577907705266446	-0.275838178975167	0.175	0.25	1
0.578022051896378	-0.309792888115108	0.18	0.25	1
0.578115562798862	-0.585630237283296	0.593	0.5	1
0.578445690784965	0.521762603761041	0.336	0.25	1
0.578658238587075	-0.278288286169038	0.56	0.5	1
0.579218627242599	-0.549163748426751	0.621	0.5	1
0.579563431127979	0.310949661854837	0.736	0.5	1
0.579885946027393	-0.697201052170338	0.187	0.25	1
0.579960854615824	-0.381431178167966	0.181	0.25	1
0.580442767347577	-0.368833848499738	0.18	0.25	1
0.580469968118609	-1.43707601127467	0.188	0.25	1
0.581533303495453	0.296432787090123	0.443	0.25	1
0.581906455884965	-0.474422131729775	0.412	0.5	1
0.584395358036777	0.284861774879059	0.763	0.5	1
0.585222094737481	-0.303859780255481	0.181	0.25	1
0.585844839600066	0.372480626803264	0.339	0.25	1
0.586937328265722	-0.295038515054807	0.182	0.25	1
0.58740085941034	0.258515058611127	0.779	0.5	1
0.587458803703076	-0.305343828269972	0.862	0.75	1
0.587680353977928	-0.739468803426709	0.189	0.25	1
0.587770583391302	-0.263967362697971	0.48	0.5	1
0.587772613084827	-0.735836244496331	0.612	0.5	1
0.587776263680809	-0.252864145085516	0.415	0.5	1
0.588235162775275	-0.400419137640417	0.571	0.5	1
0.589274115124089	-0.485459290993506	0.425	0.5	1
0.58938437858598	-0.585420162616603	0.19	0.25	1
0.589750607952273	-0.394829621627542	0.521	0.5	1
0.59017669703499	0.434242382523378	0.334	0.25	1
0.590506973454857	-0.411211804229103	0.187	0.25	1
0.591087288649874	-0.271783825130596	0.501	0.5	1
0.591258458391203	0.400757696609106	0.582	0.5	1
0.591291649642283	-0.405935173239648	0.188	0.25	1
0.59149085024457	-0.411827090624571	0.996	1	1
0.591678625551619	-0.525855280516719	0.408	0.5	1
0.591681595299199	-0.413910587906282	0.188	0.25	1
0.591774851608995	-0.614111122467895	0.422	0.5	1
0.59225886611566	-0.285509039937843	0.181	0.25	1
0.592505118025531	-0.494668627670426	0.522	0.5	1
0.592618142616286	-0.796238346631563	0.658	0.5	1
0.592787837588659	-0.305208675681461	0.186	0.25	1
0.592848336203065	0.256712570632654	0.351	0.25	1
0.593053841133946	-0.357022473837242	0.51	0.5	1
0.593090282673387	-0.256729949222139	0.77	0.75	1
0.593245281141173	-0.304660681839914	0.185	0.25	1
0.593781874479843	-0.409267247911005	0.497	0.5	1
0.594076062279606	0.257442934302361	0.437	0.25	1
0.59433582954622	0.255329266386851	0.809	0.5	1
0.594720571043903	-0.383119382560053	0.419	0.5	1
0.59606699513146	-0.613851912744337	0.192	0.25	1
0.596788041832023	0.264317485941234	0.628	0.5	1
0.597481375336667	-0.383448959160875	0.187	0.25	1
0.597708829440391	-0.694822221178488	0.193	0.25	1
0.598654874982932	0.296259803910446	0.722	0.5	1
0.598798145980945	-0.499988895548504	0.625	0.5	1
0.599034402314913	-0.589118392227809	0.192	0.25	1
0.599790856560915	0.289654273320547	0.739	0.5	1
0.599983594936895	-1.48864179196098	0.586	0.5	1
0.600403419295482	-0.306336266724305	0.523	0.5	1
0.600463791981907	-0.317771006594813	0.181	0.25	1
0.600654859141271	-0.356599405205006	0.505	0.5	1
0.600950746172675	0.275857707523458	0.346	0.25	1
0.601142440469638	0.325113961050208	0.727	0.5	1
0.601209925289697	-0.283882226797951	0.185	0.25	1
0.601466049962188	-0.270064857884976	0.182	0.25	1
0.601476241490727	0.256882736745005	0.349	0.25	1
0.601499118483482	-0.251238869905193	0.186	0.25	1
0.601554932865281	-0.738183073650742	0.665	0.5	1
0.602014252830728	0.261273484127121	0.42	0.25	1
0.602218765761689	-0.409569085319568	0.191	0.25	1
0.602622634322425	-1.26632494406486	0.191	0.25	1
0.603145135048943	0.425960181740634	0.33	0.25	1
0.603449528558549	-0.376416948930458	0.186	0.25	1
0.604134963435453	-0.584776351554982	0.193	0.25	1
0.604393168764765	-0.394548811985205	0.191	0.25	1
0.604752147965718	-0.254168885107599	0.558	0.5	1
0.604816514845554	-0.390790176745775	0.543	0.5	1
0.604982376872258	0.312151817057704	0.837	0.5	1
0.605265288248047	-0.592598036040574	0.194	0.25	1
0.605556485526128	0.512781981267526	0.846	0.75	1
0.605597796369576	0.26903529559164	0.812	0.5	1
0.606907359744412	-0.422354981737691	0.192	0.25	1
0.607396162148982	0.25741235546517	0.956	0.75	1
0.607542269867786	-0.291884756053344	0.187	0.25	1
0.608260965868597	-0.587955908482549	0.195	0.25	1
0.608918756442889	0.307241243699232	0.805	0.5	1
0.60894667382248	-0.370284133039063	0.609	0.5	1
0.609059479039737	0.322237150985268	0.864	0.75	1
0.609172767745876	0.434956357123213	0.581	0.5	1
0.609433797642623	0.369070275414295	0.892	0.75	1
0.609720526047892	-0.253470362031401	0.55	0.5	1
0.610557336578003	-1.34911452853112	0.197	0.25	1
0.610836872440045	-0.293045931092389	0.531	0.5	1
0.611596698046129	0.288881873441787	0.342	0.25	1
0.611680895396421	0.289385902287563	0.738	0.5	1
0.612175926945565	0.30579659805004	0.942	0.75	1
0.613157357412931	-0.958281096361191	0.651	0.5	1
0.613489016855007	-0.354905931563192	0.515	0.5	1
0.613706758818054	-0.267021309911571	0.51	0.5	1
0.614000600008461	-0.747956628867423	0.593	0.5	1
0.614247371887708	-1.09889432787326	0.198	0.25	1
0.614254478213988	-0.45370979646531	0.609	0.5	1
0.614732583967946	-0.691370378139839	0.515	0.25	1
0.614986935070111	-0.303009969901858	0.512	0.5	1
0.615026597089306	-0.292936420416617	0.19	0.25	1
0.6152634632234	0.296107285555039	0.41	0.25	1
0.616340922080609	0.275973023467405	0.343	0.25	1
0.616368373619887	-0.850653282519739	0.198	0.25	1
0.616790892301401	0.311629408393174	0.589	0.5	1
0.61697313394825	-0.577772134649279	0.197	0.25	1
0.617122557223645	0.252197282696109	0.629	0.5	1
0.617226315437879	-0.395040995871528	0.196	0.25	1
0.618145513649717	0.267592417755724	0.34	0.25	1
0.618579906245159	0.252161392195977	0.338	0.25	1
0.618891383778593	-0.51001378071861	0.558	0.5	1
0.619464797372755	-0.300643796439156	0.523	0.5	1
0.620383469719347	-1.11836504816889	0.2	0.25	1
0.621091441145255	-0.342299794357264	0.189	0.25	1
0.621274929194511	0.258285173405218	0.621	0.5	1
0.621467442346798	0.2702611993612	0.338	0.25	1
0.621497764917951	-0.398593917470324	0.196	0.25	1
0.622557584266475	-0.285345725610445	0.538	0.5	1
0.622561583863364	0.333873490976307	0.335	0.25	1
0.623442510892726	0.264417356826632	0.592	0.5	1
0.623685863110931	-0.365973850186455	0.192	0.25	1
0.624478493146035	-0.29610861890295	0.194	0.25	1
0.625920192971814	-0.584277918349766	0.2	0.25	1
0.626456279937277	-0.397478944261134	0.198	0.25	1
0.627163414306443	-0.494855126247716	0.653	0.5	1
0.627323737284535	-0.357244197597941	0.425	0.5	1
0.627341562687405	-0.845392360583438	0.5	0.5	1
0.628104826698706	-0.523544017866059	0.198	0.25	1
0.628915637861017	0.367618040872438	0.324	0.25	1
0.630345708466047	-0.296649806588488	0.196	0.25	1
0.63115013592832	-0.352975693290036	0.467	0.5	1
0.631614692332631	-0.291431995356127	0.196	0.25	1
0.631874929408103	-0.343453339718488	0.422	0.5	1
0.632024349419231	0.297365936050791	0.334	0.25	1
0.6320598763293	-0.546061315190915	0.2	0.25	1
0.632229376938921	-0.295517782799478	0.916	0.75	1
0.632435352124321	-0.342395323515011	0.614	0.5	1
0.6324904125608	-0.50848828867268	0.501	0.25	1
0.632935668786355	-0.397979993291666	0.513	0.5	1
0.632983811253037	-0.287142208375547	0.196	0.25	1
0.633440144650271	-0.826755874702824	0.435	0.5	1
0.634622332293367	-0.559330927740712	0.202	0.25	1
0.638079430552418	0.473875166428861	0.387	0.25	1
0.638252628337514	-0.543741168269278	0.204	0.25	1
0.639065246839715	-0.597883478294291	0.742	0.75	1
0.639157523107095	-0.273944466332446	0.196	0.25	1
0.639302826267442	-0.264335313730813	0.68	0.5	1
0.639365775271293	0.359913645365273	0.322	0.25	1
0.639427853094185	-0.40577672365326	0.764	0.75	1
0.640422055228825	-0.374486402896934	0.2	0.25	1
0.640803649643569	-0.379352817374976	0.2	0.25	1
0.640804324950836	-0.622758213657584	0.204	0.25	1
0.641314621230953	-0.57949839555763	0.205	0.25	1
0.641947338063141	-0.336147919058235	0.494	0.25	1
0.642904293911626	-0.288057690187194	0.199	0.25	1
0.64310301925418	-0.531918045107194	0.203	0.25	1
0.643342899893193	-0.398049659410172	0.202	0.25	1
0.64339238577497	-1.76367112432982	0.454	0.5	1
0.643537550626197	-0.294053121497741	0.19	0.25	1
0.644004543106792	-0.563057766885854	0.437	0.5	1
0.644107467516901	0.251954801968355	0.333	0.25	1
0.644357153832454	-0.573499445201135	0.205	0.25	1
0.644473499920703	-0.540152556672799	0.203	0.25	1
0.644905563530984	0.528132967757186	0.608	0.5	1
0.645829665329811	-0.61262668210911	0.442	0.5	1
0.645968751081554	-0.297239405607418	0.202	0.25	1
0.646299912937171	-0.540389675301097	0.807	0.5	1
0.646513272133709	-0.454738543800757	0.496	0.25	1
0.646673866828884	0.295843190739123	0.383	0.25	1
0.647022536539723	-0.558289496623235	0.207	0.25	1
0.64737541814448	-0.826320731968859	0.836	0.75	1
0.648415617026597	-0.443692093728861	0.625	0.5	1
0.648723011032944	-0.384435318747679	0.204	0.25	1
0.649602371852675	-0.36547453030834	0.202	0.25	1
0.649632281911158	-0.571935320933019	0.207	0.25	1
0.65109921737895	0.261900714375049	0.817	0.5	1
0.651521632920894	0.61337900260671	0.562	0.5	1
0.65207038016668	0.309327900748862	0.324	0.25	1
0.652074285755458	-0.319872754400199	0.94	1	1
0.652732735960729	-0.366492529669401	0.203	0.25	1
0.652749412245459	-0.773384524666178	0.207	0.25	1
0.65286514825997	-0.566562682544062	0.443	0.5	1
0.652967613149453	-0.393534777611883	0.207	0.25	1
0.653360600692989	0.30864052850498	0.717	0.5	1
0.654863861089826	-0.278755786092455	0.193	0.25	1
0.655367501599981	-0.676421935699294	0.589	0.5	1
0.655781370328845	-0.351582241773721	0.773	0.75	1
0.656200630547005	0.317739641814755	0.744	0.75	1
0.656315819430258	0.300835319652255	0.667	0.5	1
0.65644393419359	-0.385620469530537	0.49	0.25	1
0.657577500896467	-0.337562941228345	0.604	0.5	1
0.657594397187847	-1.04075832348635	0.211	0.25	1
0.657964683905456	-0.537804404166246	0.671	0.5	1
0.65807412941283	-0.270857571453979	0.889	0.75	1
0.659502217310527	-0.274881678304349	0.201	0.25	1
0.65956820723027	-0.605616009419078	0.49	0.25	1
0.659989395610987	-0.368814084884489	0.671	0.5	1
0.66062118037547	-0.26953974232713	0.55	0.5	1
0.660862300530549	-0.271826992437382	0.203	0.25	1
0.660899210511261	-0.827876082931627	0.201	0.25	1
0.661217356513713	-0.544545008900655	0.21	0.25	1
0.661440178747891	-0.828090305202093	0.45	0.5	1
0.662455736935324	-0.50923481491635	0.208	0.25	1
0.662875906077605	0.303700847329721	0.663	0.5	1
0.663312533473775	-0.270511549059797	0.204	0.25	1
0.663380700718756	-0.339224635431266	0.437	0.5	1
0.663445304813476	-0.268983502216553	0.203	0.25	1
0.664065574337071	-0.330745646991424	0.622	0.5	1
0.664658611441993	0.252075504714007	0.326	0.25	1
0.665123312674002	-0.644470732125434	0.212	0.25	1
0.66616747825445	-1.78273703590449	0.526	0.5	1
0.666335409605675	-0.369164930778495	0.446	0.5	1
0.666583589626172	-0.673559966107567	0.916	0.75	1
0.66674619930933	0.353409387089784	0.314	0.25	1
0.666847510444507	-0.45399143132751	0.206	0.25	1
0.667215721013676	-0.27379033719806	0.206	0.25	1
0.667301055137675	-0.540495531064127	0.212	0.25	1
0.667814115710923	-0.535836519415652	0.212	0.25	1
0.668210896688995	-0.313722202035182	0.528	0.5	1
0.668983137025919	-0.276137747365475	0.205	0.25	1
0.670161156493097	0.311261443566843	0.913	0.75	1
0.670245973039373	0.270505147849055	0.738	0.5	1
0.670929872219483	0.260293527768285	0.717	0.5	1
0.671084688306036	-0.310429220892222	0.444	0.5	1
0.671411216529388	-0.319469534771674	0.602	0.5	1
0.672254967872124	-1.0300168040677	0.214	0.25	1
0.672452787523973	-0.369367855618925	0.209	0.25	1
0.672587555434867	-0.284466796428686	0.547	0.5	1
0.673206728420328	-0.544594550909182	0.214	0.25	1
0.673734628462332	-0.2518049269859	0.478	0.25	1
0.674590660283767	-0.262513708808542	0.587	0.5	1
0.674934095170514	0.250095359647974	0.313	0.25	1
0.675634300751089	0.390922437191335	0.861	0.75	1
0.676322419614008	-0.250594948090374	0.203	0.25	1
0.6775184065566	-0.394618851755045	0.211	0.25	1
0.677719367946369	-0.417059137086792	0.65	0.5	1
0.67900696800045	-0.818343271491027	0.217	0.25	1
0.679526894796981	-0.570250976361355	0.217	0.25	1
0.679612254187498	-0.557803643221002	0.453	0.5	1
0.68020737474876	-0.699997103492957	0.215	0.25	1
0.680997059433865	-0.426979509841129	0.651	0.5	1
0.681424650815098	-0.309990825945084	0.44	0.5	1
0.681533023920148	-0.295383256665415	0.192	0.25	1
0.682563064461924	-0.407722228423929	0.215	0.25	1
0.682685549897052	-0.377199871505052	0.792	0.75	1
0.68379322969401	-0.548944563282904	0.217	0.25	1
0.684588227433159	0.332788488268861	0.626	0.5	1
0.685360089658782	-0.541929665850113	0.218	0.25	1
0.686289450067874	-0.255285248739628	0.209	0.25	1
0.686656600488605	-0.564389129976318	0.219	0.25	1
0.687124556779509	-0.32211349934663	0.45	0.5	1
0.68878892125161	-0.264704481031019	0.212	0.25	1
0.68961352551879	-0.740414470178267	0.219	0.25	1
0.69288397476208	0.331914001039163	0.549	0.5	1
0.693979102919018	-0.291870563429533	0.543	0.5	1
0.694450121638017	-0.580369643589718	0.977	1	1
0.694834455173785	-0.359115538405673	0.216	0.25	1
0.694847815416169	-0.510523762280988	0.219	0.25	1
0.695131325024361	-0.611452695332915	0.689	0.5	1
0.695156739155277	-0.547108973851534	0.221	0.25	1
0.695594984587787	-0.356862955025914	0.217	0.25	1
0.695742398562465	-0.691653382294006	0.472	0.25	1
0.696233643237353	-0.805783663653917	0.223	0.25	1
0.696511517563584	-0.27534433031	0.207	0.25	1
0.696556784001979	-0.301340637751091	0.454	0.25	1
0.696567372389665	0.256290590653371	0.858	0.75	1
0.696688710703557	-0.665241630251163	0.608	0.5	1
0.69684372136428	-0.627723335362205	0.22	0.25	1
0.697395100804632	0.263444260576865	0.31	0.25	1
0.698685148031413	-0.255525122854993	0.213	0.25	1
0.698795275011317	-0.54338698539932	0.668	0.5	1
0.699118467015038	-0.257825001809232	0.635	0.5	1
0.699222031237875	-0.536759162119772	0.637	0.5	1
0.699955381742844	-0.53303550976738	0.223	0.25	1
0.700445028107831	-0.343115204998663	0.463	0.25	1
0.700532468115831	-0.655967246356859	0.224	0.25	1
0.700967286166836	-0.669562509836761	0.224	0.25	1
0.70122968418254	-0.520121098392041	0.938	1	1
0.701267062277888	-0.377752372612678	0.221	0.25	1
0.701801936496219	-1.13533725277499	0.766	0.5	1
0.703012701629433	-0.779039235780723	0.769	0.75	1
0.703479188986736	0.290183239467153	0.868	0.75	1
0.703497607171823	-0.494111533368114	0.222	0.25	1
0.703988887024629	-0.328679751819003	0.216	0.25	1
0.704284803286634	-0.801169141102183	0.225	0.25	1
0.705254571388997	-0.549122372865173	0.225	0.25	1
0.705994787607499	-0.307313496588658	0.214	0.25	1
0.706194277032342	-0.326195031570922	0.218	0.25	1
0.70643917110786	-0.390388086714723	0.643	0.5	1
0.706948898186767	-0.574263453796807	0.465	0.25	1
0.707848817588535	-0.649693619326663	0.465	0.25	1
0.708140284788648	-0.390896226182254	0.223	0.25	1
0.708208562075367	-0.365039466246601	0.222	0.25	1
0.708269810866477	-0.322191450388184	0.635	0.5	1
0.708763060367216	-0.539540229577414	0.226	0.25	1
0.709223277045356	0.264093733486339	0.644	0.5	1
0.709259458816014	0.317410220092851	0.875	0.75	1
0.710271868759053	0.698408757949827	0.287	0.25	1
0.711611171135532	-0.342751841393903	0.222	0.25	1
0.712409980685631	-0.399970543893211	0.224	0.25	1
0.712720244400954	-0.324742129151626	0.671	0.75	1
0.714035047332934	-0.350494483560008	0.223	0.25	1
0.716094304645816	-1.16863158311716	0.229	0.25	1
0.718060558608693	-0.698999416953253	0.46	0.25	1
0.718492374933311	-0.543128147733269	0.472	0.5	1
0.719394757112138	-0.25069367060027	0.222	0.25	1
0.719541542091899	-0.482218977696483	0.224	0.25	1
0.719825032204958	-1.40131788055738	0.553	0.5	1
0.720099574475454	0.46262844183865	0.773	0.75	1
0.72016953883789	-0.411183892356914	0.222	0.25	1
0.721404262717825	-0.342361180623448	0.224	0.25	1
0.721634043975864	-0.536696050625415	0.231	0.25	1
0.722266706303368	-0.331271358823881	0.469	0.5	1
0.722943544670971	-0.608865644718003	0.23	0.25	1
0.723057098338586	-0.695139623226007	0.228	0.25	1
0.723262264399723	-0.541964628434543	0.231	0.25	1
0.724613148519945	-0.843875032886119	0.471	0.5	1
0.724785519433794	-0.319485259350835	0.438	0.25	1
0.725102094129889	-0.646131215881166	0.232	0.25	1
0.725233088607588	-0.500459479234808	0.229	0.25	1
0.725838891817523	-0.488195745037648	0.639	0.5	1
0.727208175893735	-0.359091864046202	0.578	0.5	1
0.727659760339307	-0.26380462265048	0.445	0.25	1
0.729416832394689	-0.727425750141558	0.455	0.25	1
0.729677166376768	0.284120276619999	0.297	0.25	1
0.730092990338348	-0.440582217620883	0.224	0.25	1
0.730103414283904	-0.356747603015727	0.658	0.5	1
0.730359544986093	-0.357687195217229	0.23	0.25	1
0.730412723616307	-0.258434528672432	0.226	0.25	1
0.730803182924207	-1.27699413187888	0.234	0.25	1
0.730908307303202	0.255666797746867	0.299	0.25	1
0.73183618224409	-0.513735759964099	0.232	0.25	1
0.732392195894592	-0.39162341645149	0.45	0.25	1
0.733609274123725	-0.791063712670857	0.235	0.25	1
0.733645323031591	0.306308508783391	0.679	0.5	1
0.733794967486335	-0.682063409118478	0.452	0.25	1
0.734073989715825	-0.608943144916608	0.234	0.25	1
0.735908334153905	-0.253977245636429	0.226	0.25	1
0.736214970116035	0.265844162250297	0.295	0.25	1
0.736509037033608	-1.25572937036948	0.638	0.5	1
0.737110823577617	-0.296796506223439	0.444	0.25	1
0.737754078348637	-0.870650574736677	0.95	0.75	1
0.738371979510036	-0.29747622450536	0.21	0.25	1
0.738870559749679	0.322818071224985	0.859	0.75	1
0.740423496681011	-0.269127206238868	0.44	0.25	1
0.74055137214082	-3.8596211868088	0.237	0.25	1
0.741628613927236	-0.272206915753055	0.431	0.25	1
0.742848360444062	-0.406525419044219	0.455	0.5	1
0.743577011169082	-0.258526735712383	0.951	0.75	1
0.744131607437936	-0.326604781613185	0.44	0.25	1
0.744334348825931	-0.52943894625657	0.475	0.5	1
0.74508217869057	0.304862858749083	0.163	0.25	1
0.745478938260779	-0.324391788838898	0.821	0.5	1
0.746650256189324	-0.495019385429441	0.755	0.5	1
0.748637193079136	-0.299964360255162	0.439	0.25	1
0.749919724907783	-0.495127632213641	0.237	0.25	1
0.749919725006216	-0.491019490349995	0.237	0.25	1
0.750315823652769	-0.307091720904266	0.911	1	1
0.751398592700075	-0.339115201459789	0.701	0.5	1
0.751701575357084	-0.378513574219161	0.609	0.5	1
0.753143203909031	-0.307362338988474	0.231	0.25	1
0.753693606965985	-0.297006127927267	0.229	0.25	1
0.754182476464348	0.448526447451324	0.9	0.75	1
0.756440343689193	-0.490908190230593	0.44	0.25	1
0.756461734934822	-0.338694263175383	0.237	0.25	1
0.757145084083001	-0.322601812143377	0.469	0.5	1
0.757237660920015	-0.511724975886707	0.232	0.25	1
0.757510164725794	-0.254505585226629	0.581	0.5	1
0.758646315783613	-0.339717427821649	0.237	0.25	1
0.758842343127795	-0.559093472243113	0.583	0.5	1
0.759467341484779	-0.608436596430095	0.236	0.25	1
0.762211007023033	-0.725406978682352	0.478	0.5	1
0.762513241657351	-0.479762813899927	0.24	0.25	1
0.762645164411236	-0.506466994981963	0.243	0.25	1
0.76297191566587	-0.313566954960166	0.236	0.25	1
0.763181895555016	0.270798677686048	0.684	0.5	1
0.763261819344789	-0.326972180931776	0.434	0.25	1
0.763831852104237	-0.548149215814235	0.762	0.5	1
0.763938068401339	-0.330981620770953	0.597	0.5	1
0.764028012670569	-0.514543288124496	0.244	0.25	1
0.764119319212879	-0.695421872342701	0.243	0.25	1
0.764330881540199	0.258676880850815	0.872	0.75	1
0.76491914266802	-1.04440045233456	0.434	0.25	1
0.765739689806933	-0.320985831390393	0.238	0.25	1
0.766068161584005	-0.599053188526874	0.435	0.25	1
0.766089946199737	-0.346941902226134	0.478	0.5	1
0.766962248388592	-0.342980375629961	0.239	0.25	1
0.7673227259825	-0.647632145757718	0.709	0.5	1
0.767685437229326	-1.07662123876752	0.488	0.5	1
0.768497252415167	-0.32213168876683	0.238	0.25	1
0.769431576765762	-0.509768326038495	0.245	0.25	1
0.770756347663172	-0.454317224475354	0.431	0.25	1
0.77139693222646	-0.384412311228278	0.426	0.25	1
0.772379196152773	-0.300513056087015	0.24	0.25	1
0.772517259385527	-0.43017211411815	0.813	0.75	1
0.772684777004724	-0.766098313945148	0.247	0.25	1
0.772726385148039	0.271494822447025	0.635	0.5	1
0.772780894113925	-0.535183584399261	0.242	0.25	1
0.77308185466945	-0.447735071004767	0.243	0.25	1
0.773081854740093	-0.330688389586842	0.243	0.25	1
0.773930957554625	-0.254096377357452	0.591	0.5	1
0.773936420577146	-0.435929926274693	0.636	0.5	1
0.774253917303402	-0.442272357008178	0.243	0.25	1
0.775639723155984	-0.423772630614211	0.241	0.25	1
0.776115807223233	-0.694360916477531	0.431	0.25	1
0.77644409527889	-0.503058741383801	0.248	0.25	1
0.777892316215335	-0.491145659684651	0.785	0.5	1
0.778028864723372	-0.265319034545509	0.472	0.5	1
0.779079746734567	-0.280312373032034	0.62	0.5	1
0.779684975512228	-0.765391704635102	0.25	0.25	1
0.78169169854697	-0.904694462308915	0.25	0.25	1
0.782039454834062	0.254563104849325	0.293	0.25	1
0.783154406350379	-0.336846436128159	0.718	0.5	1
0.783381833842365	-0.454468830572828	0.248	0.25	1
0.783562283545996	-0.516766841347421	0.25	0.25	1
0.784520004768575	-0.583049041702679	0.583	0.5	1
0.784554211458818	-0.484258026920369	0.41	0.25	1
0.784578743081908	-0.25468736059802	0.633	0.5	1
0.78484933543462	-0.6967688161819	0.591	0.5	1
0.786090301443802	-0.326490881952149	0.245	0.25	1
0.78619987260892	-0.516211084209722	0.788	0.75	1
0.787030583600999	-0.326348714300524	0.421	0.25	1
0.788543262321758	-0.306619701313086	0.244	0.25	1
0.788827791292988	-0.323444049914525	0.415	0.25	1
0.789766078312313	-0.327151508426389	0.249	0.25	1
0.790245257358965	-0.389533482733431	0.241	0.25	1
0.790504209174582	-0.623335825983546	0.47	0.5	1
0.794385616915794	0.277810028561305	0.326	0.25	1
0.794834256605393	-0.305083050188384	0.247	0.25	1
0.794975169983618	-0.486311903374142	0.254	0.25	1
0.7952656752421	-0.560337778014265	0.253	0.25	1
0.796083431629092	-0.326835830249803	0.935	0.75	1
0.796480841181577	-0.830935552400343	0.492	0.5	1
0.797282093702373	-0.559576046787963	0.254	0.25	1
0.798710883114161	-0.563132114667822	0.255	0.25	1
0.799766685229836	-0.32128547608842	0.25	0.25	1
0.800330434664367	-0.382825503567546	0.71	0.5	1
0.80144003075974	-0.486425067789893	0.255	0.25	1
0.801711490548767	-0.501253121486514	0.256	0.25	1
0.803388060978828	-0.253771783804729	0.61	0.5	1
0.803506593872494	-0.275841708579975	0.407	0.25	1
0.805684333806981	-0.304437735680683	0.74	0.5	1
0.806910045352329	-0.525377511952036	0.581	0.5	1
0.806980444046508	-0.341722218276814	0.701	0.5	1
0.807634707454044	-0.260984388285494	0.409	0.25	1
0.807742720432319	-0.298924447714208	0.251	0.25	1
0.808793049861277	-0.444733980335355	0.255	0.25	1
0.808918355627857	-0.511082554682304	0.752	0.5	1
0.809850076540311	-0.307980515323072	0.254	0.25	1
0.809869052060203	-0.322140956657438	0.253	0.25	1
0.810036899852371	0.320105448349707	0.716	0.75	1
0.810128698766419	-0.325454833879051	0.636	0.5	1
0.810303791082355	-0.3052784030094	0.253	0.25	1
0.810826470430178	-0.733447210290421	0.628	0.5	1
0.810895667837964	-0.397952019169477	0.771	0.5	1
0.811180718221925	-0.369103105762914	0.62	0.5	1
0.811249292979834	-0.292301929137158	0.25	0.25	1
0.811426424673884	-0.492212114839122	0.259	0.25	1
0.812250028532311	-0.432560345296326	0.799	0.5	1
0.812368130679626	-0.287804277230429	0.252	0.25	1
0.812388257233356	-0.297110428845135	0.251	0.25	1
0.812792183167284	-0.495621403129674	0.261	0.25	1
0.812991132196498	0.29119014300622	0.721	0.75	1
0.81472516878937	-0.343236083591061	0.259	0.25	1
0.815815827217425	-0.467911681394697	0.407	0.25	1
0.816451911758947	-0.437656056534685	0.259	0.25	1
0.818886333010885	-0.26391850336477	0.405	0.25	1
0.819390254846835	0.284362467256961	0.267	0.25	1
0.819636573550061	-0.270754700866287	0.248	0.25	1
0.819675125690413	-0.311092603078809	0.403	0.25	1
0.819701243242683	-0.433419903402847	0.78	0.5	1
0.820256443825446	-0.265506197892505	0.247	0.25	1
0.821351838422706	-0.392099209498175	0.405	0.25	1
0.82176088784061	-0.346828894848213	0.628	0.5	1
0.822278107962207	-0.285729628883305	0.255	0.25	1
0.823155997797528	0.273998728257175	0.268	0.25	1
0.823674363498559	0.283272775218507	0.183	0.25	1
0.823721575999063	-1.00329518808791	0.263	0.25	1
0.824972098855353	-0.802756506330992	0.642	0.5	1
0.825491359154214	-0.299843116561557	0.257	0.25	1
0.826781946389816	-0.253271569752732	0.4	0.25	1
0.830313172041938	-0.27243403575961	0.256	0.25	1
0.830571269935995	-0.405061554609274	0.259	0.25	1
0.831265536261358	-0.435493148644063	0.264	0.25	1
0.833573252862334	0.272418864393376	0.598	0.5	1
0.833637293215892	-0.71899591791572	0.265	0.25	1
0.834839964146102	-0.32247777611459	0.77	0.75	1
0.835302455211476	-0.801262227419989	0.404	0.25	1
0.835463791440403	-0.480320214312523	0.268	0.25	1
0.835885884908528	-0.741300675523784	0.27	0.25	1
0.836688521816362	-0.252470636853513	0.498	0.5	1
0.837329919614441	-0.311182307074458	0.947	0.75	1
0.837381917385276	-0.257825634034335	0.394	0.25	1
0.837761457017469	-0.777589941937241	0.394	0.25	1
0.83821368621783	-0.363507033238865	0.257	0.25	1
0.838590639204517	-0.256314198918221	0.256	0.25	1
0.839410187525544	-0.353104166056114	0.257	0.25	1
0.839497636301825	-0.273054452452158	0.394	0.25	1
0.839565206270045	-0.886380880256326	0.821	0.5	1
0.839683745921281	-0.396560933415869	0.872	0.75	1
0.84044189397223	-0.267473772863457	0.255	0.25	1
0.840552986736754	-0.329373068731836	0.88	0.75	1
0.840698419140193	-0.492303853417975	0.27	0.25	1
0.841567696724836	-0.284568962729438	0.263	0.25	1
0.841873478706754	-0.428074757120795	0.646	0.5	1
0.842786509674076	-0.323813869636602	0.266	0.25	1
0.843186222283504	-0.365130114751029	0.396	0.25	1
0.843610991927317	-0.899782265659731	0.4	0.25	1
0.843928897284578	-0.564786909433638	0.606	0.5	1
0.844148425069076	0.378831933951629	0.828	0.75	1
0.844204728516129	-1.17495863320067	0.4	0.25	1
0.847301893503541	-0.786188393414862	0.397	0.25	1
0.84881096767675	-0.371107542407283	0.494	0.5	1
0.849148946938654	-0.302378187414427	0.268	0.25	1
0.849536518066463	-0.253646125707554	0.506	0.5	1
0.850095002678134	-0.420660149362041	0.719	0.5	1
0.850479311501633	-0.285127566578356	0.392	0.25	1
0.850583716887089	-0.448199540060058	0.271	0.25	1
0.851182430335585	-0.389969400851592	0.688	0.5	1
0.852777371293207	-0.268225055373088	0.39	0.25	1
0.854041151148067	-0.43086553435459	0.503	0.5	1
0.854964029520378	-0.416323002225219	0.272	0.25	1
0.856529011537667	-0.362019380957649	0.655	0.5	1
0.856921848261937	-0.274943147596353	0.264	0.25	1
0.857637521137423	-0.426912950808858	0.274	0.25	1
0.858758175511011	-0.385176017982418	0.387	0.25	1
0.859582179652029	-0.504328069388599	0.603	0.5	1
0.860553012482199	0.447582086304881	0.465	0.5	1
0.860611153043438	0.331732956283693	0.535	0.5	1
0.861634668884832	-0.376976704208992	0.253	0.25	1
0.862769073546856	-0.264652067926681	0.27	0.25	1
0.862935473651997	-0.282559562835314	0.268	0.25	1
0.865229578252869	-0.323813697590122	0.756	0.5	1
0.866581765884444	-0.407206861083002	0.513	0.5	1
0.86669023336504	-0.54552374282743	0.279	0.25	1
0.868486973620965	-0.456961334697216	0.278	0.25	1
0.86890075862844	-0.531703606704775	0.279	0.25	1
0.870444299616293	-0.42152618039258	0.386	0.25	1
0.870493204378317	-0.475895377785468	0.281	0.25	1
0.870986049827741	-0.285034992552124	0.38	0.25	1
0.87101393569247	-0.634219249210154	0.281	0.25	1
0.871317074207568	-0.337348202246718	0.787	0.5	1
0.872536348160985	-0.570888231640709	0.386	0.25	1
0.873168185109891	-0.514942478596673	0.385	0.25	1
0.873951069296397	-0.975441072713144	0.387	0.25	1
0.875064888126671	-0.283748223580911	0.278	0.25	1
0.875609023125306	-0.299018434612147	0.378	0.25	1
0.876180347253534	-0.26850332894126	0.273	0.25	1
0.877695574505976	-0.848619858849409	0.283	0.25	1
0.878674067001108	-0.399316244506062	0.379	0.25	1
0.878835271023836	-0.682859812525189	0.285	0.25	1
0.879676420017068	-0.506206427785554	0.282	0.25	1
0.879906647315593	-0.379891750208011	0.482	0.5	1
0.880450115452246	-0.304622729652445	0.514	0.5	1
0.881399111577308	-0.312675446508089	0.27	0.25	1
0.881663879379986	-0.457137696574072	0.284	0.25	1
0.881889623207401	-0.453588215226706	0.526	0.5	1
0.882102925466081	-0.33682919255345	0.274	0.25	1
0.882830841742598	-0.53778966231172	0.284	0.25	1
0.884144188685243	-0.414197737959112	0.283	0.25	1
0.885948823100799	-0.310864355307314	0.374	0.25	1
0.88614658154364	-0.277684052242859	0.279	0.25	1
0.88616521413113	-0.301366141933016	0.374	0.25	1
0.886640464931409	-0.290993143469696	0.373	0.25	1
0.886787504734849	-0.464885471192707	0.285	0.25	1
0.887748604863506	-0.418187924777318	0.285	0.25	1
0.887804369277148	0.265750764310668	0.948	1	1
0.888014202311521	-1.05590089206144	0.38	0.25	1
0.888191699918868	-0.26677963921864	0.775	0.5	1
0.888795986265116	-0.448655302479541	0.286	0.25	1
0.889040379085462	-0.392176510673243	0.513	0.5	1
0.889518043630638	0.367063946433933	0.819	0.75	1
0.89007579232527	-0.252804749988821	0.272	0.25	1
0.892520776589633	-0.324413622988783	0.718	0.5	1
0.893046632477385	-0.437338158937214	0.288	0.25	1
0.893353679470242	-0.264196332003817	0.279	0.25	1
0.894058489666999	-0.304049451052486	0.371	0.25	1
0.894939588933713	-0.530434536829993	0.818	0.5	1
0.895404329002138	-0.402799337844796	0.286	0.25	1
0.897757223487918	-0.597429706452427	0.779	0.5	1
0.899489661784541	-0.83955560312477	0.375	0.25	1
0.900009951965546	-0.271872129183156	0.288	0.25	1
0.900207844752842	-0.253758166306896	0.282	0.25	1
0.900530025147922	-0.550768122237686	0.292	0.25	1
0.903334918816109	-0.28385775221059	0.587	0.5	1
0.903612650419228	-0.434447828509657	0.291	0.25	1
0.904188529539286	-0.252393928960812	0.28	0.25	1
0.904404432766743	-0.421457481312232	0.371	0.25	1
0.905581685931531	-0.270152734921667	0.288	0.25	1
0.905897158081674	-0.554872151057865	0.37	0.25	1
0.905963174486319	-0.376628164099025	0.523	0.5	1
0.906135639698648	-0.26605407894963	0.287	0.25	1
0.906784793535633	-0.436614399924623	0.293	0.25	1
0.907180076723154	-0.543054376352571	0.295	0.25	1
0.907733291809648	-0.443472530886242	0.294	0.25	1
0.908464080699637	-1.34431590726559	0.297	0.25	1
0.909852731156721	-0.257557914177817	0.286	0.25	1
0.909995408118658	-1.03432630100535	0.531	0.5	1
0.910832169747541	-0.561011127037166	0.592	0.5	1
0.910961726986172	-0.452272808433775	0.366	0.25	1
0.911019931455353	-0.446914458155739	0.296	0.25	1
0.911105205831343	-0.319594819318043	0.366	0.25	1
0.913109511452647	-0.557801788309999	0.298	0.25	1
0.913732322584571	-0.421707656902093	0.295	0.25	1
0.913748223708294	0.378005340462333	0.198	0.25	1
0.914116901270527	-0.913281339865158	0.299	0.25	1
0.914657840720338	-0.298246103442087	0.582	0.5	1
0.915887722778459	-0.448811639453706	0.298	0.25	1
0.915940848291006	-0.551184266869046	0.364	0.25	1
0.916961923995937	-0.388157357856673	0.294	0.25	1
0.917147978285736	-0.427234786027397	0.298	0.25	1
0.918092875425513	-0.549814100007961	0.277	0.25	1
0.918715712935055	-0.452235140189224	0.582	0.5	1
0.919346472110412	-0.417283987818331	0.297	0.25	1
0.919729079281114	-0.376765415938551	0.294	0.25	1
0.919743147375883	-0.258075186558247	0.35	0.25	1
0.919798206103583	-0.79229870106645	0.366	0.25	1
0.920331568408141	-0.5034933283717	0.296	0.25	1
0.921205848355319	-0.434662989742878	0.299	0.25	1
0.921307899886947	-0.305545607892332	0.356	0.25	1
0.921827335442321	-0.517571899944964	0.755	0.5	1
0.923484502749621	-0.265197929393716	0.35	0.25	1
0.925990610509678	-0.423633122732842	0.301	0.25	1
0.926084566730608	-0.333225152352645	0.58	0.5	1
0.927661588976111	-0.418913914999098	0.359	0.25	1
0.927910487491305	-0.362263233717578	0.353	0.25	1
0.928399544393626	-0.406989303622225	0.355	0.25	1
0.928435907629617	-0.34461674485511	0.292	0.25	1
0.930136892437859	-0.342989224240707	0.351	0.25	1
0.930181792156396	-0.300714743826177	0.351	0.25	1
0.930909427974087	-0.386988469643257	0.299	0.25	1
0.930918353239669	-0.580163297073875	0.361	0.25	1
0.932465041792236	-0.334453266542365	0.837	0.5	1
0.93348212806239	-0.371503288813873	0.729	0.5	1
0.9339700452344	-0.260613691226853	0.298	0.25	1
0.934368047275194	-0.44770839995609	0.303	0.25	1
0.934766821353549	-0.344096584631507	0.355	0.25	1
0.936310983681086	-0.369882119000307	0.886	0.75	1
0.937260881599774	-0.768333814790251	0.357	0.25	1
0.937662376462205	-0.515048121678445	0.539	0.5	1
0.938402040054639	-0.629621849670713	0.356	0.25	1
0.938741543584954	-0.295881421907936	0.988	0.75	1
0.938774267169569	-0.455403925389729	0.355	0.25	1
0.940903763755302	-0.634103045859757	0.304	0.25	1
0.941499590400623	-0.613981421748919	0.35	0.25	1
0.943391074586172	-0.279452994659483	0.344	0.25	1
0.943950575625796	-0.839229204843721	0.355	0.25	1
0.945992257789766	0.305017959652458	0.438	0.5	1
0.946343277317115	-0.424527263710782	0.658	0.5	1
0.946782801900202	0.261107192371944	0.208	0.25	1
0.94886833772871	-0.378631224967211	0.349	0.25	1
0.950878238100088	-0.297457536495978	0.526	0.5	1
0.950948714701724	-0.451845922066672	0.304	0.25	1
0.951073121206907	-0.291711093031689	0.34	0.25	1
0.951668140927158	0.466574197958757	0.231	0.25	1
0.953559010327473	-0.821235659020697	0.315	0.25	1
0.955642086556422	-0.394403379372056	0.31	0.25	1
0.955792843807333	-0.632649100308971	0.806	0.5	1
0.956363545441045	-0.553509812143536	0.341	0.25	1
0.957225650403512	-0.257245818124787	0.728	0.5	1
0.957453893508882	-0.337111647107096	0.74	0.5	1
0.958072635319931	-0.41688303568479	0.314	0.25	1
0.959224587342127	-0.656747362707402	0.541	0.5	1
0.960577606565682	-0.253431214494363	0.535	0.5	1
0.961528623783883	-0.442597683910194	0.312	0.25	1
0.961897714646475	-0.544343488710095	0.732	0.5	1
0.964066861242058	-0.356733756655039	0.342	0.25	1
0.964517886706303	-0.375907686300855	0.344	0.25	1
0.964734707367508	-0.35535384373016	0.303	0.25	1
0.965160645761163	-0.492868936210774	0.315	0.25	1
0.965986607227924	-0.269871008340922	0.875	0.5	1
0.966981364662234	-0.322315299147725	0.339	0.25	1
0.970054984853047	-0.302578610433549	0.333	0.25	1
0.970085644095247	-0.512432728879245	0.639	0.5	1
0.970430098916368	-0.357478655051474	0.339	0.25	1
0.970900966850547	-0.532496045706715	0.341	0.25	1
0.970978914432066	-0.628275733841043	0.344	0.25	1
0.97422470856033	-0.503697629619506	0.32	0.25	1
0.975389268952715	-0.879569332180582	0.343	0.25	1
0.976951327076291	-0.389172960048676	0.558	0.5	1
0.980198217676524	-0.578151321671293	0.32	0.25	1
0.982269398995355	-0.373412995633126	0.321	0.25	1
0.983457937942635	-0.324010444007134	0.33	0.25	1
0.98419884059425	-0.29860649149235	0.325	0.25	1
0.984616697196681	-0.80987563175517	0.326	0.25	1
0.984847473949849	-0.314027920796519	0.327	0.25	1
0.985734526684193	-0.34976135869435	0.318	0.25	1
0.986991287530927	-0.417815804758177	0.319	0.25	1
0.98793317177917	-0.381524729710678	0.329	0.25	1
0.988006922156956	-0.952117572066531	0.335	0.25	1
0.98858606855501	-0.500497742922505	0.622	0.5	1
0.988994968758545	-0.372853763400843	0.332	0.25	1
0.991980733678638	-0.36242694757871	0.323	0.25	1
0.992000320917099	-0.394954959520512	0.326	0.25	1
0.992277728514143	0.275715383905679	0.438	0.5	1
0.993263439469752	-0.515062836808061	0.331	0.25	1
0.993666371278558	-0.264532429508366	0.837	0.5	1
0.995690332120696	-0.37308177529464	0.325	0.25	1
0.99606113831352	0.279769003445446	0.826	0.75	1
0.996071508420182	-0.525279821227017	0.983	0.75	1
0.998974881082893	-0.548276350284971	0.326	0.25	1
0.999385226389939	-0.358543688021411	0.327	0.25	1
