p_val	avg_log2FC	pct.1	pct.2	p_val_adj
0	2.85489931941117	0.425	0.003	0
0	1.36520562518501	0.693	0.146	0
0	2.22355562100492	0.828	0.306	0
0	1.00324508450019	0.802	0.256	0
0	1.30830041513752	0.801	0.325	0
0	-1.08185583415273	0.025	0.366	0
0	-3.98611519860824	0.26	0.974	0
0	2.12575935052949	0.811	0.185	0
0	1.8368542445084	0.579	0.031	0
0	1.298746557069	0.95	0.529	0
0	-0.966688794984183	0.98	0.991	0
0	2.11155178287128	0.875	0.116	0
0	1.10108214231975	0.994	0.955	0
0	1.00291952462223	0.842	0.326	0
0	-1.03577589604514	0.026	0.383	0
0	-1.22648710109211	0.16	0.545	0
0	-1.93250493261586	0.302	0.785	0
0	-1.8277693172589	0.095	0.571	0
0	-2.07892599077997	0.328	0.745	0
0	2.1941649024589	0.755	0.071	0
0	0.96845769766829	0.826	0.336	0
0	0.859756618351911	0.689	0.202	0
0	0.982087169783901	0.45	0.007	0
0	-1.67465741142661	0.129	0.533	0
0	-1.61279181113809	0.628	0.887	0
0	1.13993439274868	0.767	0.201	0
0	0.907075979481445	0.848	0.364	0
0	-1.17419161753302	0.716	0.853	0
0	-1.9871883565258	0.388	0.866	0
0	0.814481225586811	0.536	0.035	0
0	1.46933082874109	0.791	0.204	0
0	1.94993496437289	0.975	0.497	0
0	0.718988463346856	0.528	0.07	0
0	1.53444771666834	0.981	0.785	0
0	-1.53719343596293	0.214	0.64	0
0	2.04931497411213	0.904	0.494	0
0	-1.24759651512831	0.083	0.46	0
0	1.2902439752049	0.816	0.27	0
0	1.22486090663488	0.591	0.082	0
0	-1.62472401075619	0.426	0.784	0
0	2.32940412124764	0.859	0.097	0
0	1.24796685332627	0.87	0.38	0
0	1.06274973604765	0.504	0.063	0
0	1.17905570401778	0.733	0.269	0
0	1.87106929809721	0.666	0.118	0
0	-1.87881177464328	0.617	0.854	0
0	-1.42425597734049	0.628	0.843	0
0	1.55175255251784	0.726	0.03	0
0	2.27680394718318	0.924	0.316	0
0	-1.11841222373142	0.801	0.88	0
0	2.64729445770911	0.764	0.012	0
0	0.949786325489628	0.441	0.016	0
0	-1.17451267401032	0.001	0.342	0
0	1.47275949012443	0.944	0.495	0
0	1.01142629692829	0.792	0.264	0
0	-1.6784327059675	0.809	0.956	0
0	1.46857941133979	0.615	0.096	0
0	0.718980146047496	0.999	0.991	0
0	0.838189077718112	0.447	0.019	0
0	1.11430022168811	0.822	0.29	0
0	2.33824878474408	0.913	0.12	0
0	1.54390762596504	0.84	0.349	0
0	0.845155256778721	0.931	0.576	0
0	1.28461865889411	0.758	0.13	0
0	1.09474136718208	0.882	0.407	0
0	-1.28081149631296	0.298	0.688	0
0	1.35953526574224	0.66	0.065	0
0	0.995264827022137	0.913	0.508	0
0	2.62509061175483	0.525	0.011	0
0	2.27961911788781	0.727	0.137	0
0	1.18576592774112	0.847	0.324	0
0	1.55651470918477	0.558	0.008	0
0	0.952772190388434	0.451	0.043	0
0	1.35012220688705	0.48	0.064	0
0	0.959293269180173	0.676	0.146	0
0	0.87617019538791	0.95	0.621	0
0	2.03950768339785	0.993	0.725	0
0	1.06457337424001	0.89	0.43	0
0	-1.06736574456382	0.881	0.929	0
0	1.02655444196806	0.773	0.287	0
0	0.929383117330096	0.82	0.296	0
0	1.28924883376783	0.858	0.339	0
0	-1.73893846598954	0.354	0.8	0
0	2.98941673713635	0.573	0.005	0
0	1.20629884617731	0.965	0.64	0
0	1.23069937935089	0.903	0.402	0
0	1.57044945892648	0.728	0.085	0
0	0.888801281406162	0.382	0.009	0
0	-0.762237491472087	0.985	0.981	0
0	1.27729949165794	0.722	0.285	0
0	1.13378873370343	0.919	0.497	0
0	1.28111783369022	0.851	0.309	0
0	1.28961015468387	0.621	0.063	0
0	0.733125230850323	0.436	0.037	0
0	0.872369710653168	0.492	0.036	0
0	1.16078639730719	0.456	0.012	0
0	1.69611324429671	0.97	0.591	0
0	1.26662620342421	0.604	0.157	0
0	-2.1974413217565	0.093	0.713	0
0	1.03963483265714	0.861	0.449	0
0	1.29896363336496	0.915	0.562	0
0	1.2781258228601	0.924	0.466	0
0	1.28681226678677	0.848	0.377	0
0	1.1891820309326	0.946	0.662	0
0	1.16487315915023	0.581	0.103	0
0	1.10608700269207	0.857	0.351	0
0	-2.59442500565833	0.304	0.894	0
0	1.63212236791529	0.968	0.594	0
0	-1.02740339088373	0.099	0.532	0
0	0.958049925185444	0.764	0.278	0
0	1.67218013300938	0.69	0.111	0
0	1.87422242921058	0.902	0.163	0
0	3.07963268897584	0.972	0.435	0
0	1.04008481839801	0.454	0.032	0
0	1.82959136834156	0.647	0.108	0
0	1.80853290027165	0.729	0.181	0
0	1.15063553592158	0.545	0.096	0
0	1.54275407426193	0.679	0.1	0
0	1.01576170033593	0.775	0.249	0
0	2.2646001485894	0.909	0.258	0
0	1.07248960788438	0.937	0.578	0
0	1.37225527968008	0.512	0.009	0
0	-2.4998886199637	0.115	0.646	0
0	1.49053164142276	0.7	0.086	0
0	0.935399670987988	0.648	0.149	0
0	1.76849766759502	0.73	0.031	0
0	-1.46287745996404	0.15	0.548	0
0	0.753412897764892	0.653	0.159	0
0	1.56348789900941	0.9	0.609	0
0	1.89284031453709	0.969	0.668	0
0	-2.03983130462787	0.988	0.999	0
0	1.21438237288603	0.811	0.335	0
0	-1.26971006740378	0.622	0.896	0
0	-0.609849720020197	0.998	0.997	0
0	-1.7057178689154	1	1	0
0	-1.91293501155483	0.973	0.999	0
0	0.767155253834049	0.647	0.156	0
0	1.82915360606765	0.839	0.241	0
0	0.993117164654601	0.735	0.21	0
0	0.778224838098253	0.993	0.923	0
0	1.09779197185649	0.619	0.073	0
0	0.716370664557053	0.396	0.005	0
0	1.07986148181523	0.686	0.157	0
0	1.29869128304128	0.716	0.146	0
0	1.51549092437839	0.91	0.376	0
0	1.06637024767017	0.499	0.017	0
0	0.84721682870045	0.678	0.184	0
0	1.53057092581087	0.885	0.452	0
0	1.46839119421245	0.714	0.209	0
0	-2.04419368362526	0.054	0.735	0
0	1.23102436614401	0.844	0.368	0
0	1.01915150220424	0.511	0.047	0
0	-1.74035076670991	0.095	0.532	0
6.58611299636684e-308	1.09093113073026	0.596	0.15	2.12632658087704e-303
1.06790852054492e-306	1.30893494904672	0.874	0.569	3.44774265857927e-302
3.95640343317823e-303	0.938430057533083	0.834	0.4	1.27732484840159e-298
6.82174111663515e-303	0.893231689917731	0.368	0.006	2.20239911950566e-298
8.27632723522573e-303	0.902621951052944	0.392	0.018	2.67201224789263e-298
1.97548531966854e-302	0.983233819714131	0.755	0.291	6.37785435454988e-298
3.76001452870578e-302	1.08597671562494	0.542	0.112	1.21392069059266e-297
8.6700250415701e-302	0.91915560351294	0.376	0.01	2.79911758467091e-297
1.26869788341634e-300	0.637651652172585	0.54	0.095	4.09599111660966e-296
1.30753679041663e-300	1.41427702218621	0.454	0.059	4.22138252786008e-296
1.85574213481599e-300	0.991734906667618	0.644	0.186	5.99126348225343e-296
6.01996878132192e-296	1.23971371250099	0.883	0.634	1.94354692104978e-291
7.60364632146122e-296	-1.41436178517893	0.053	0.396	2.45483721488375e-291
1.73296032000582e-290	1.41810508397235	0.755	0.333	5.59486239313881e-286
3.10977984427786e-290	1.17455438944967	0.868	0.484	1.00399242272511e-285
1.14373567257313e-289	-0.724901579875504	1	1	3.69255061890235e-285
2.95574554500552e-289	0.916772708360488	0.923	0.616	9.54262449205032e-285
3.47507891382205e-289	0.722940033473214	0.584	0.134	1.12192922732745e-284
4.37331232854279e-289	1.17747155586554	0.857	0.509	1.41192388527004e-284
5.99070225968146e-289	0.754533396769753	0.418	0.035	1.93409822453816e-284
9.59459693829253e-288	1.15924727424704	0.35	0.004	3.09761562152774e-283
3.48929588421578e-286	0.900626944675081	0.585	0.144	1.12651917621907e-281
9.10307112883547e-286	0.828448874186263	0.453	0.059	2.93892651394453e-281
3.62328894476481e-285	0.926763512873548	0.569	0.137	1.16977883581732e-280
4.78561126468392e-285	0.936685681446634	0.935	0.637	1.5450345968032e-280
1.29857106097253e-284	-1.18410726830875	0.266	0.672	4.19243667034981e-280
2.05047709053318e-284	0.833570659729125	0.78	0.324	6.61996528678638e-280
4.26642632905666e-283	0.888693093846721	0.699	0.242	1.37741574033594e-278
7.67593583589554e-283	0.831864248790699	0.409	0.035	2.47817588461887e-278
8.4091986714316e-283	0.604852208867138	0.344	0.003	2.71490979107169e-278
1.97442133484524e-282	1.48919841110987	0.44	0.058	6.37441927954784e-278
1.01335972786606e-281	-1.06493665695479	0.643	0.796	3.27163188141559e-277
6.78286870696348e-281	-1.12491384648323	0.611	0.777	2.18984916204316e-276
1.86007098619682e-280	0.792078376202436	0.938	0.608	6.00523917893642e-276
4.18595515949927e-279	0.947938790707967	0.745	0.303	1.35143562324434e-274
7.69593410570869e-279	0.848276071351821	0.436	0.056	2.48463232602805e-274
1.69740499461819e-278	1.00187943320282	0.338	0.003	5.48007202512484e-274
3.6887616463438e-278	-1.19306207174805	0.099	0.439	1.1909166975221e-273
1.31578145867266e-277	-1.28369960247155	0	0.278	4.24800043932468e-273
3.19367195079209e-274	0.972638326663931	0.895	0.561	1.03107698931322e-269
1.44043831453271e-273	0.87745417776781	0.849	0.421	4.65045509846886e-269
3.75429912224486e-273	0.959050533707128	0.794	0.374	1.21207547161675e-268
2.17649534570526e-272	0.832485085103873	0.737	0.288	7.02681522360942e-268
2.39951191947793e-272	-1.2996458157692	0.396	0.664	7.7468242320345e-268
1.58731383919319e-271	-1.04641322960667	0.661	0.814	5.12464272983522e-267
4.39559358849736e-271	-0.974760400820893	0.082	0.419	1.41911739004637e-266
6.65319497388676e-271	0.818168754201302	0.38	0.026	2.14798399731934e-266
1.50703884117975e-270	0.66018789929314	0.404	0.038	4.86547489874882e-266
4.38282952963588e-269	0.829766014682893	0.883	0.483	1.41499651364294e-264
4.68052553818514e-269	-1.51601094486777	0.551	0.729	1.51110767000307e-264
6.94050615617662e-269	0.733391276782571	0.514	0.104	2.24074241252162e-264
1.02450803754477e-267	0.746433880020932	0.437	0.057	3.30762419921328e-263
1.43972848889846e-266	1.09365686646089	0.379	0.029	4.64816342640868e-262
3.01238848827761e-266	0.828368695770284	0.855	0.465	9.72549623440426e-262
3.1030793947672e-265	0.850817959693526	0.809	0.369	1.00182918260059e-260
2.67860263654978e-264	-1.02023358720119	0.005	0.276	8.64786861210095e-260
4.46067224318873e-264	0.952108136842557	0.743	0.318	1.44012803371348e-259
1.11703445043963e-263	0.894095910691659	0.412	0.049	3.60634572324435e-259
2.38032478186966e-263	0.979277389737081	0.745	0.313	7.6848785582662e-259
1.81022518902474e-262	1.04212743672153	0.344	0.014	5.84431202276638e-258
6.74322568360374e-262	-1.12582958247256	0.218	0.533	2.17705041195147e-257
1.98828905864304e-261	0.698384532527758	0.513	0.106	6.41919122582905e-257
2.07733251882298e-258	0.878645944781857	0.538	0.126	6.70666803701999e-254
1.02310244659295e-256	-1.01147234614774	0.667	0.792	3.30308624882535e-252
2.68227073569086e-256	0.879525661352767	0.859	0.454	8.65971107017793e-252
3.78440528057623e-256	0.756509618006172	0.882	0.474	1.22179524483404e-251
7.82902322032624e-256	-1.27759933858999	0.848	0.88	2.52760014668233e-251
3.96052876023257e-255	0.86349231302315	0.96	0.727	1.27865671024109e-250
1.44710840896543e-254	0.858432835051329	0.945	0.612	4.67198949834489e-250
1.65902895055874e-254	0.623845707070467	0.542	0.127	5.3561749668789e-250
3.87956229587149e-254	1.28629981424877	0.608	0.218	1.25251668722211e-249
4.33886451220903e-254	0.617875126548237	0.402	0.046	1.40080240776669e-249
7.26892246169586e-252	1.30835231766621	0.561	0.176	2.34677161675851e-247
3.06729616102489e-251	0.788583042562479	0.577	0.158	9.90276565586886e-247
2.36072580915423e-250	0.835232338827971	0.755	0.323	7.62160327485444e-246
1.44531032059691e-248	-0.796493514131541	0.988	0.993	4.66618437004711e-244
5.63049602700879e-248	-1.14569461583097	0.263	0.587	1.81780564231979e-243
8.99597113100549e-248	0.537301968672859	0.45	0.073	2.90434927964512e-243
1.08636080178848e-246	-1.06762572417894	0.468	0.692	3.50731584857411e-242
5.26276530939881e-246	-1.04662255578907	0.104	0.429	1.69908378013941e-241
5.55099053522483e-246	-1.49766319669627	0.466	0.701	1.79213729429734e-241
1.88392639978401e-245	0.694996266592005	0.554	0.146	6.08225638170268e-241
3.49787218877336e-245	0.866621257894399	0.773	0.34	1.12928803614548e-240
3.51220600657454e-245	1.00168279094172	0.696	0.265	1.13391570922259e-240
8.26468234246156e-245	0.689314840412897	0.501	0.109	2.66825269426372e-240
1.04363217313662e-244	0.885956619816203	0.733	0.31	3.36936647097158e-240
3.67991384593859e-244	-0.795282830505938	0.903	0.92	1.18806018516127e-239
6.40245967634279e-244	0.935179827854745	0.429	0.069	2.06703410650727e-239
1.1858261367819e-243	0.705155438010698	0.898	0.528	3.82843968260036e-239
2.06956524571148e-243	1.32660550794296	0.608	0.227	6.68159139577951e-239
2.66397476448429e-243	-0.87139270061766	0.006	0.26	8.60064252713754e-239
5.32715795149434e-243	-0.921971453858063	0.049	0.343	1.71987294463995e-238
1.09184130862519e-242	0.659086770959266	0.448	0.076	3.52500966489642e-238
3.78966676018886e-242	0.893954756751299	0.323	0.012	1.22349391352697e-237
5.99613464430938e-242	-1.02725096358034	0.268	0.643	1.93585206991528e-237
1.22984536699084e-241	0.734101389023021	0.855	0.454	3.97055576732991e-237
1.65009005033479e-241	-0.968695429528722	0.591	0.777	5.32731572750586e-237
1.96094909197846e-241	1.22450867275421	0.331	0.018	6.33092414345247e-237
1.27943612203178e-239	-1.19775521710742	0.347	0.607	4.1306595199796e-235
1.46504698038692e-239	-0.854452106507927	0.01	0.266	4.72990417617918e-235
1.99109019522578e-238	0.858760879545481	0.811	0.433	6.42823469528643e-234
2.42453094318266e-238	0.687906828728192	0.808	0.365	7.82759815006521e-234
4.03188341354823e-238	0.988811093003163	0.387	0.049	1.30169356006404e-233
8.35284252540325e-237	0.846535332266424	0.679	0.254	2.69671520932644e-232
1.61268325004731e-236	0.820559833993737	0.463	0.094	5.20654787277774e-232
5.81006000381382e-236	0.807466091064878	0.464	0.096	1.87577787223129e-231
6.45599020853509e-235	0.900823261736702	0.346	0.029	2.08431643882556e-230
1.43470727818023e-234	0.934435285748675	0.379	0.048	4.63195244760487e-230
3.15788580486895e-234	0.78107233923944	0.696	0.284	1.01952343210194e-229
4.96807180495837e-234	0.787685686224053	0.817	0.413	1.60394198223081e-229
1.11563643545673e-233	0.884154101257189	0.679	0.262	3.60183223187204e-229
4.23927960722747e-232	0.694867733754381	0.722	0.287	1.36865142119339e-227
4.99909484160844e-232	-0.861049896325119	0.045	0.323	1.61395776961328e-227
9.9724150094649e-232	0.616676767320215	0.962	0.791	3.21959418580574e-227
3.44402658085494e-231	0.74654882633535	0.501	0.119	1.11190398162902e-226
8.39325940880433e-230	1.15207252323837	0.557	0.184	2.70976380013248e-225
1.78606183020552e-229	0.57526334759727	0.377	0.044	5.76630061881852e-225
3.0906092167696e-229	-1.02385141297985	0.454	0.665	9.97803185634066e-225
9.08193079633796e-229	1.0408128897758	0.876	0.564	2.93210135759771e-224
9.8350253673317e-228	0.726197258143732	0.946	0.719	3.17523793984304e-223
1.87936854832374e-227	1.01680286092423	0.637	0.245	6.0675413582632e-223
2.7710988146459e-227	0.904578133939651	0.302	0.011	8.94649252308427e-223
3.40816370273524e-226	0.802100414261399	0.779	0.376	1.10032565142807e-221
5.24922767837271e-226	-1.07625696333297	0.672	0.804	1.69471315596263e-221
2.85051749812296e-225	0.673060215933424	0.957	0.731	9.20289574268997e-221
4.22123524397199e-223	0.498166970330028	0.993	0.951	1.36282579851636e-218
1.9074471765959e-222	0.732363910420544	0.917	0.603	6.15819320963985e-218
2.29194354533515e-222	0.783644914943481	0.909	0.601	7.39953973611455e-218
2.1208471803219e-221	0.607855381496039	0.8	0.352	6.84715512166924e-217
7.36392901432446e-221	0.580096456613301	0.962	0.773	2.37744448227465e-216
2.09954655300518e-220	1.07947415674669	0.81	0.449	6.77838604637723e-216
2.29875281663697e-220	0.721045815099515	0.966	0.761	7.42152346851246e-216
2.46090672914559e-220	0.985879472568085	0.361	0.043	7.94503737504655e-216
3.16168949259501e-220	0.689391624460194	0.632	0.214	1.0207514526843e-215
4.7805328593881e-220	0.564479230030394	0.649	0.219	1.54339503365345e-215
9.38827829610504e-220	0.548852928864467	0.501	0.119	3.03100564789751e-215
1.18420089468364e-217	1.05548661844848	0.327	0.028	3.82319258848614e-213
1.46457896728542e-217	0.792239417325874	0.299	0.015	4.72839319588097e-213
3.11368177761407e-217	0.967755765285251	0.829	0.463	1.0052521619027e-212
1.59469883531315e-216	1.28186469565426	0.745	0.403	5.14848518980849e-212
2.16680956972288e-216	0.673524276365234	0.812	0.417	6.99554469585033e-212
2.82538171030142e-216	0.858043469852647	0.754	0.349	9.12174485170814e-212
1.97822203375684e-215	0.572796157848633	0.441	0.088	6.38668983598396e-211
6.5790760876569e-214	0.552127081775666	0.493	0.12	2.12405471490003e-209
1.588234615902e-213	0.427349254444693	0.999	0.995	5.12761545743961e-209
2.65868021521459e-213	-0.912107910797658	0.527	0.712	8.58354907482031e-209
1.74438262554527e-211	0.761648824883612	0.472	0.117	5.63173930657291e-207
8.91126999366439e-211	0.544509020553673	0.31	0.022	2.87700351745455e-206
4.85028593840987e-210	0.752423025020889	0.742	0.333	1.56591481521563e-205
2.04713405370914e-209	0.551225911181529	0.332	0.032	6.60917229239997e-205
2.68891524041166e-209	0.592318891351139	0.734	0.298	8.68116285366906e-205
3.21620787759336e-209	0.862439830118622	0.844	0.482	1.03835271328102e-204
2.78774205885934e-208	1.01167060406028	0.527	0.169	9.00022523702737e-204
1.40453194691976e-207	-0.673997736133678	0.938	0.955	4.53453139063043e-203
2.13967635332337e-207	0.724006749647797	0.823	0.434	6.90794510670449e-203
4.66870107674298e-207	0.586227006774253	0.271	0.006	1.50729014262647e-202
6.31484812203375e-207	0.619347045395207	0.543	0.159	2.0387487161986e-202
1.75502095726777e-206	-0.89386489807998	0.293	0.552	5.66608516053899e-202
6.34002926249804e-206	0.521221959738896	0.27	0.006	2.04687844739749e-201
7.75698806254337e-206	-0.951305729457538	0.079	0.357	2.50434359599213e-201
1.35675187258779e-205	0.474913191503748	0.394	0.066	4.38027342064967e-201
4.61111121199229e-205	-0.993253017970794	0.532	0.705	1.48869725479171e-200
8.08969286734214e-205	0.681107378355594	0.952	0.734	2.61175734222141e-200
1.2321777964297e-204	-0.981188235820215	0.955	0.988	3.97808601577329e-200
1.73710833105064e-204	0.52072903914438	0.64	0.223	5.60825424679698e-200
3.79978175570679e-204	-0.980209398031004	0.164	0.443	1.22675953982994e-199
6.36399105885914e-204	-1.18166812528452	0.534	0.715	2.05461451335267e-199
2.38048044426227e-203	-0.971035346281637	0.634	0.782	7.68538111430074e-199
3.49412590538034e-203	0.464378545549269	0.276	0.009	1.12807854855204e-198
4.92095239454521e-202	0.500161938468482	0.301	0.022	1.58872948057892e-197
5.26241227674385e-202	-1.36673626539925	0.164	0.464	1.69896980354675e-197
1.59347495555243e-201	0.485443424800947	0.377	0.059	5.14453389400102e-197
5.26718129977601e-201	0.569575514694149	0.533	0.158	1.70050948263269e-196
1.60860014023129e-200	0.662961301831857	0.692	0.283	5.19336555273671e-196
2.90842186766126e-200	0.618250842565009	0.966	0.755	9.38983999974438e-196
1.39040728609361e-199	0.700675636342495	0.449	0.108	4.48892992315321e-195
4.39949933775699e-199	-0.803350367314326	0.019	0.246	1.42037836119484e-194
5.48869451958205e-199	0.848236200335735	0.74	0.36	1.77202502564707e-194
1.24035364549698e-198	-0.625993957966363	0.025	0.258	4.004481744487e-194
1.36734240548601e-198	-0.796932312258741	0.058	0.313	4.41446495611159e-194
4.17913754405265e-198	-0.940150156784969	0.061	0.319	1.3492345560974e-193
4.20522174773445e-198	-0.883395512958511	0.028	0.264	1.35765584125607e-193
9.3785190234694e-198	0.523618493769432	0.491	0.127	3.0278548667271e-193
1.38570375379454e-197	-1.10969990139925	0.119	0.394	4.47374456912568e-193
4.8257759995387e-197	0.517199930934846	0.376	0.063	1.55800178145107e-192
2.87251445042769e-196	0.426726209274725	0.999	0.985	9.27391290320581e-192
7.84127223602003e-196	-0.725175773874323	0.039	0.281	2.53155474139907e-191
1.53291392285301e-195	-1.09000342241256	0.437	0.706	4.94901259993094e-191
1.59280152635152e-195	0.603716438927782	0.855	0.465	5.14235972782587e-191
2.12753502647422e-195	0.606812789801224	0.549	0.176	6.86874683297201e-191
1.41670086597967e-194	0.582534122184695	0.528	0.16	4.57381874581535e-190
1.92267552334858e-194	0.795022465687203	0.378	0.07	6.2073579271309e-190
3.2173304487094e-194	0.634258549834339	0.905	0.608	1.03871513536583e-189
3.93926061489972e-194	0.64257649167199	0.978	0.815	1.27179028952037e-189
4.24173190632245e-194	0.527100025885303	0.474	0.119	1.3694431459562e-189
5.68917105985519e-194	0.522635687194247	0.502	0.14	1.83674887667425e-189
2.59294611676226e-193	0.548768166490796	0.347	0.049	8.37132653796697e-189
3.30127179846462e-193	0.641492783653657	0.697	0.292	1.0658156001343e-188
7.06171989968755e-193	-1.02204813844511	0.162	0.443	2.27987626961413e-188
8.89079881252548e-193	-1.25901833498891	0.347	0.587	2.87039439662385e-188
3.77093945893207e-192	0.803699480696911	0.789	0.425	1.21744780431622e-187
6.38519445163383e-192	-0.757856099656861	0.863	0.866	2.06146002870998e-187
9.7132325597429e-191	0.619519716370689	0.733	0.339	3.135917131913e-186
1.26780879019024e-190	-0.821843827558696	0.835	0.858	4.09312067912918e-186
1.33324274517297e-190	0.675078195201645	0.355	0.056	4.30437420279093e-186
1.35148995828217e-189	-0.90672658775325	0.17	0.44	4.36328533031399e-185
1.36055483280794e-189	0.689071997195159	0.974	0.855	4.39255127772043e-185
1.37566678828288e-189	0.466571963706214	0.507	0.141	4.44134022597127e-185
3.10638986220382e-189	0.763083799363266	0.744	0.382	1.0028979670125e-184
1.54098046079935e-188	0.449041541439201	0.324	0.04	4.9750554176907e-184
4.15453756479647e-188	0.945039905133312	0.804	0.482	1.34129245279454e-183
4.8246029639915e-188	0.362449976174779	0.282	0.02	1.55762306692465e-183
1.16721902772255e-187	0.440430093412747	0.399	0.078	3.76836663100226e-183
1.849472303657e-187	0.699951302525203	0.653	0.27	5.97102133235663e-183
3.428954687491e-187	0.603257814711425	0.284	0.022	1.10703802085647e-182
4.01298136011753e-187	0.527116913095701	0.358	0.06	1.29559103211395e-182
5.00766427240101e-187	0.575960782680886	0.625	0.231	1.61672441034467e-182
7.73149761115527e-187	0.48915285108893	0.256	0.009	2.49611400376148e-182
1.05536075755089e-186	-0.625109817484796	0.023	0.245	3.40723220575306e-182
4.91579853437032e-186	0.640121720068716	0.285	0.023	1.58706555682146e-181
5.2217025770485e-186	0.547670719143805	0.641	0.241	1.68582667700011e-181
1.41931367199706e-185	0.583663899838698	0.712	0.305	4.58225419004251e-181
1.86132636185534e-185	-0.82205422746539	0.709	0.838	6.00929215924998e-181
2.12180014072679e-185	0.666377758160974	0.557	0.188	6.85023175433643e-181
2.70572663088652e-185	0.773422459901624	0.943	0.736	8.73543842781713e-181
2.85497763002748e-185	0.534297960876642	0.308	0.034	9.21729527854372e-181
6.08365213501637e-185	0.553782103510257	0.83	0.423	1.96410709179003e-180
1.87357450959812e-184	0.545808801947177	0.432	0.102	6.04883530423754e-180
4.81246669927722e-184	0.729779975985254	0.636	0.259	1.55370487386165e-179
1.23445751161344e-183	0.670569111838214	0.68	0.298	3.985446076244e-179
2.09700458158934e-183	-0.847954835275791	0.091	0.351	6.77017929166119e-179
2.34508854863014e-182	0.65561147027389	0.798	0.423	7.57111837925241e-178
2.44749270997211e-182	-0.852806370239617	0.135	0.418	7.90173021414496e-178
2.60695817021313e-182	0.541636871731278	0.35	0.059	8.41656445253311e-178
2.91671413225734e-182	-0.9738089727576	0.156	0.425	9.41661157599283e-178
3.01168687999187e-182	-1.1399654055587	0.094	0.359	9.72323109205375e-178
3.87743791493138e-182	-0.878852643474843	0.647	0.746	1.2518308308356e-177
1.45767435869686e-181	1.11511927509954	0.757	0.429	4.70610166705283e-177
1.46017123484286e-181	-0.721444385956439	0.033	0.259	4.71416283169018e-177
2.89429906561953e-181	0.923597241283909	0.871	0.611	9.34424453335266e-177
3.87071164317231e-181	0.593469027599673	0.475	0.133	1.24965925399818e-176
5.15801564762108e-181	0.793516356412359	0.837	0.535	1.66526535183446e-176
1.00608601351722e-180	-0.970512081597356	0.308	0.55	3.24814869464035e-176
1.55518028478624e-180	0.439080972336885	0.398	0.084	5.02089954943237e-176
2.31939477283054e-180	0.596520104254243	0.807	0.424	7.4881660240834e-176
7.11305824990807e-180	0.610439693936892	0.599	0.224	2.29645085598282e-175
1.53176964926533e-179	0.646918669947618	0.94	0.755	4.9453183126531e-175
2.30276982125766e-179	0.663306293345434	0.658	0.276	7.43449236793035e-175
3.462980636156e-179	0.648095429404131	0.543	0.187	1.11802329838296e-174
1.12660877805086e-178	0.436916221240748	0.432	0.102	3.63725643993721e-174
2.66964984152134e-178	0.526309340187461	0.29	0.029	8.61896451335164e-174
4.15834594351338e-178	0.397033644643388	0.259	0.014	1.34252198786329e-173
5.02365707323727e-178	0.754238893991446	0.806	0.49	1.62188768609465e-173
3.5460975033408e-177	0.499674698235678	0.241	0.007	1.14485757895358e-172
7.43395947762105e-177	0.43019588006314	0.27	0.02	2.40005381734995e-172
1.70352518511719e-176	-0.919406942558775	0.765	0.84	5.49983106015086e-172
2.93399745482269e-176	0.56310161712028	0.585	0.214	9.47241078289505e-172
1.45730468288221e-175	0.37845202945113	0.315	0.041	4.70490816868521e-171
2.03775302317976e-175	0.400768797587823	0.224	0.001	6.57888563533587e-171
4.07125399991389e-175	0.521532581214772	0.992	0.933	1.3144043538722e-170
4.62266139633918e-175	0.490180660635063	0.417	0.099	1.49242623180811e-170
8.7146986564115e-175	0.798643528442348	0.639	0.282	2.81354046122245e-170
2.91547090944679e-174	0.597462604831681	0.629	0.252	9.41259783114898e-170
1.18520309576587e-173	-0.675846524919639	0.072	0.316	3.8264281946801e-169
5.36746439658895e-173	0.894127560475672	0.737	0.376	1.73288588043874e-168
2.585823553308e-172	0.548778887289198	0.487	0.144	8.34833134185486e-168
4.68409190131546e-172	0.670448504287374	0.86	0.524	1.5122590703397e-167
7.99162256678796e-172	0.7128424877266	0.648	0.283	2.58009534568749e-167
1.65493543801136e-171	-0.721808981252877	0.064	0.298	5.34295906161966e-167
1.65554527795428e-171	0.47295018119733	0.32	0.048	5.34492792987539e-167
1.69013479855647e-171	1.0422176978869	0.819	0.541	5.45660019713955e-167
5.02128973687123e-171	-1.28828648805244	0.192	0.46	1.62112339154888e-166
3.65616184064741e-170	0.479973725421105	0.33	0.054	1.18039185025302e-165
7.15617481811435e-170	-0.645908426864495	0.11	0.363	2.31037104002822e-165
8.30002173073005e-170	-0.843503936359701	0.664	0.752	2.6796620157662e-165
9.61677899176074e-170	-0.849252679778435	0.68	0.741	3.10477709748996e-165
1.05555733232416e-169	0.592794861999689	0.965	0.782	3.40786684740856e-165
1.17096281674712e-169	0.593672862195739	0.932	0.653	3.78045345386808e-165
4.85175944343452e-169	0.6497835701367	0.224	0.004	1.56639053631283e-164
9.12417839694802e-169	0.47309779129957	0.998	0.987	2.94574099545467e-164
1.06042311459833e-168	0.658267094421883	0.555	0.213	3.42357602548071e-164
1.1547260293076e-168	-1.42700747893299	0.016	0.212	3.7280329856196e-164
1.3127675663475e-168	0.706356107333964	0.948	0.746	4.2382700879529e-164
1.4788569640998e-168	-0.768450221544701	0.808	0.834	4.77448970859621e-164
3.24416962036372e-168	-1.04137392447806	0.224	0.47	1.04738016193443e-163
4.83117664764951e-167	0.670045697491473	0.949	0.761	1.55974538069364e-162
2.72918137617422e-166	-0.986266710228362	0.21	0.445	8.81116207297846e-162
5.53012842671463e-166	0.52906109905181	0.526	0.18	1.78540196256482e-161
8.71751255619515e-166	0.469546302282722	0.35	0.067	2.81444892876761e-161
1.46692017784391e-165	-0.595214240029091	0.942	0.933	4.73595179416906e-161
5.07261855281787e-165	-0.838731658291705	0.173	0.427	1.63769489977725e-160
2.55774310852729e-164	-2.54111757261901	0.04	0.253	8.25767362588035e-160
2.73844906142127e-164	0.668360583622437	0.226	0.007	8.84108279479856e-160
2.97868767770564e-164	0.646212598571877	0.51	0.174	9.61669316747266e-160
4.79311654618249e-164	-0.907086307690164	0.622	0.707	1.54745767693502e-159
6.8457399743573e-164	0.602197007147229	0.618	0.258	2.21014715072126e-159
8.71742774030597e-164	-0.709977997863232	0.044	0.264	2.81442154595778e-159
1.19253114600043e-163	0.664767208903102	0.579	0.229	3.85008680486238e-159
1.03423443586509e-162	0.608063953440587	0.963	0.83	3.33902587619044e-158
3.85275080282797e-162	0.333789939458125	0.327	0.054	1.24386059669301e-157
2.42938431671336e-161	0.574447591182481	0.979	0.883	7.84326726650908e-157
4.16655355442762e-161	0.361777551355143	1	0.996	1.34517181504696e-156
1.00308787416065e-160	0.341709479147508	1	0.997	3.23846920172764e-156
7.56122798392055e-160	0.633254661043694	0.465	0.147	2.44114245460875e-155
8.17403059787932e-160	-0.658581519468201	0.037	0.246	2.63898577852534e-155
1.83471779575013e-159	0.616389332807997	0.378	0.09	5.9233864035793e-155
3.3304997747177e-159	0.501946329655213	0.21	0.003	1.07525185226761e-154
3.66113970563277e-159	-0.862384705450894	0.283	0.503	1.18199895396354e-154
6.69805441091092e-159	-0.544052662951674	0	0.166	2.16246686656259e-154
9.99819800349217e-159	-1.08979617757023	0.116	0.362	3.22791822542745e-154
1.24686936198302e-158	0.420298546579939	0.344	0.067	4.02551773516217e-154
3.63250290683925e-158	-0.712911117586419	0.045	0.259	1.17275356347305e-153
4.15702577274504e-158	0.602925088925918	0.868	0.555	1.34209577073074e-153
5.63150072829498e-158	-0.975147921309872	0.765	0.815	1.81813001013003e-153
5.65529827014596e-158	0.73597161984381	0.836	0.551	1.82581304651662e-153
5.80466887997582e-158	-0.870743289816846	0.233	0.479	1.87403734790019e-153
1.67626967663484e-157	0.55014014583627	0.805	0.431	5.41183665101559e-153
2.55530772461109e-157	0.491232409832566	0.486	0.156	8.2498109889069e-153
2.10220361203441e-156	0.347983380760009	0.411	0.103	6.78696436145311e-152
2.25651981575891e-156	0.534078434036127	0.33	0.066	7.28517422517763e-152
4.13540634173535e-156	0.525500788089191	0.47	0.148	1.33511593742926e-151
6.79001372640267e-156	0.594665187052386	0.56	0.213	2.1921559315691e-151
6.89561764958171e-156	0.552193516962933	0.237	0.016	2.22625015816746e-151
1.4493917543326e-155	-0.538060788088004	0.961	0.953	4.6793612788628e-151
9.98564701729101e-155	0.599996571178755	0.666	0.304	3.2238661395324e-150
3.63874450948486e-154	0.569810856583824	0.633	0.28	1.17476866488719e-149
8.27876231463018e-154	0.675649173967242	0.714	0.361	2.67279841327835e-149
1.97587203135777e-153	0.648375854048307	0.828	0.5	6.37910285323857e-149
2.69951898167352e-153	0.527404289538881	0.635	0.276	8.71539703233296e-149
6.29199532685756e-153	0.561820793929977	0.761	0.394	2.03137069127596e-148
1.47662325048884e-152	0.509444797541094	0.805	0.438	4.76727816420323e-148
1.78569541572073e-152	0.666736576482639	0.779	0.45	5.76511764965437e-148
3.21037662092405e-152	0.378441112759579	0.27	0.033	1.03647009206533e-147
4.9124512676624e-152	-0.636991569495817	0.027	0.22	1.5859848917648e-147
1.01048625799988e-151	-0.957804200031722	0.455	0.618	3.26235488395261e-147
1.61298786270882e-151	0.459463975597329	0.559	0.207	5.20753131475543e-147
5.53267823976761e-151	0.426004945124293	0.39	0.098	1.78622516970897e-146
7.31869211747306e-151	0.467518896579717	0.532	0.191	2.36283975012618e-146
1.79956907713263e-150	0.439855727172019	0.561	0.208	5.8099087655227e-146
2.05970590991611e-150	0.649009385739399	0.436	0.138	6.64976053016415e-146
2.10287953404396e-150	0.498143049504021	0.475	0.153	6.78914657566092e-146
2.76842992011774e-150	-0.926467847448487	0.216	0.458	8.93787599710011e-146
3.86637847995528e-150	-0.955968966347028	0.217	0.448	1.24826029225356e-145
2.0675782470082e-149	0.562891067771114	0.623	0.271	6.67517637046598e-145
2.84643641475234e-149	-0.564154715159539	0.952	0.94	9.18971996502792e-145
5.45597415179121e-149	0.374622416188533	0.457	0.137	1.76146125490579e-144
1.46108941711368e-148	-0.562646434424702	0.011	0.183	4.71712718315152e-144
3.78453092993812e-148	0.361036676290378	0.489	0.153	1.22183581073052e-143
4.35711511259452e-148	0.401568156703685	0.445	0.134	1.40669461410114e-143
1.41702311935678e-147	0.342270836841857	0.292	0.045	4.57485914084337e-143
2.61008838581153e-147	0.461605487228579	0.631	0.266	8.42667035359253e-143
4.12483195030233e-147	0.77142894178705	0.925	0.748	1.33170199515511e-142
6.41885061970219e-147	0.724278590889277	0.91	0.655	2.07232592257085e-142
6.64190008690696e-147	-0.838885022929182	0.103	0.33	2.14433744305791e-142
1.31457171060216e-146	0.560497513055048	0.759	0.402	4.24409476767906e-142
2.45046924961076e-146	0.628263670229128	0.221	0.014	7.91133997236832e-142
2.88993825556474e-146	0.403020016774683	0.207	0.008	9.33016565809078e-142
5.55863521830367e-146	0.517611968872987	0.586	0.242	1.79460538022934e-141
1.58191978683067e-145	0.516205010510575	0.719	0.357	5.10722803178281e-141
1.66616245145524e-145	0.485770761417895	0.549	0.212	5.37920547452323e-141
2.37331069124938e-145	0.421488110183935	0.998	0.982	7.66223356669861e-141
2.97150273158919e-145	0.445880856596399	0.648	0.28	9.59349656893569e-141
4.2512225169942e-145	0.701161895723884	0.191	0.002	1.37250718961158e-140
9.47427235875421e-145	0.625446999275947	0.29	0.05	3.0587688310238e-140
5.18492856634697e-144	-0.60008105808057	0.831	0.887	1.67395418764512e-139
5.48605342097455e-144	0.493986853763173	0.625	0.272	1.77117234696163e-139
1.11956342671395e-143	0.416686905982603	1	1	3.614510523146e-139
1.13204633179393e-143	-0.900859082975435	0.409	0.613	3.6548115821967e-139
1.35658793766296e-143	0.386088421433627	0.341	0.076	4.37974415674487e-139
4.37167463690561e-143	0.643649903332205	0.712	0.368	1.41139515652498e-138
6.33892221686324e-143	0.335614967673678	0.341	0.076	2.0465210377143e-138
8.86319554066701e-143	0.451956894811629	0.651	0.282	2.86148268030434e-138
1.12787460188414e-142	0.437470727318353	0.594	0.24	3.64134315218296e-138
1.42023179507747e-142	0.606346195551556	0.892	0.595	4.5852183504076e-138
1.48091297762304e-142	0.393952798352969	0.994	0.959	4.781127548256e-138
5.52968265206075e-142	0.4269735889709	0.455	0.148	1.78525804421781e-137
7.60373691067153e-142	0.349327110744646	0.448	0.136	2.4548664616103e-137
8.38807025885152e-142	0.557109274126358	0.813	0.467	2.70808848307021e-137
2.15132572980024e-141	0.635155686162624	0.984	0.912	6.94555511866007e-137
3.52142870058336e-141	-0.902946720537764	0.324	0.532	1.13689325598334e-136
8.52782926468759e-141	0.399285820812305	1	0.993	2.75320967810439e-136
9.41879572592014e-141	0.345051904601546	0.361	0.087	3.04085820011332e-136
1.60766268716879e-140	0.530962924122054	0.24	0.027	5.19033898552445e-136
9.16568952483842e-140	-0.846602897298048	0.543	0.656	2.95914286309408e-135
1.1968169389433e-139	0.357667579235835	0.259	0.035	3.86392348737844e-135
1.42867412075041e-139	0.304343622980143	0.239	0.025	4.61247439884268e-135
1.51749757137784e-139	0.417817612430827	0.234	0.023	4.89924090919335e-135
2.2637164504999e-139	0.46240588348001	0.712	0.338	7.30840856043894e-135
4.70187752393664e-139	0.532799607676899	0.484	0.177	1.51800115860294e-134
5.602222326774e-139	-0.63179422471083	0.885	0.935	1.80867747819898e-134
1.11607705841125e-138	0.489565541449355	0.319	0.071	3.60325478308072e-134
1.18999904615279e-138	0.489421550675513	0.94	0.744	3.84191192050427e-134
2.42306267271959e-138	0.377011087429284	0.188	0.003	7.82285783887521e-134
5.42314539794346e-138	0.492997984001417	0.642	0.292	1.75086249172605e-133
1.32703723660876e-137	-0.788897919691564	0.173	0.407	4.28433971839138e-133
1.36534069641455e-137	0.457955670858368	0.481	0.17	4.40800243837439e-133
1.68030231801868e-137	-1.02330056720941	0.63	0.715	5.42485603372331e-133
2.2025161686864e-137	0.433355708561547	0.61	0.258	7.11082345060404e-133
3.07493391133698e-137	0.460778979797327	0.558	0.221	9.92742413275144e-133
3.86407141531667e-137	-0.735412295043539	0.065	0.267	1.24751545643499e-132
4.69940512019011e-137	0.359358630465407	0.234	0.025	1.51720294305338e-132
5.69424586022031e-137	0.511168293760901	0.851	0.521	1.83838727597213e-132
6.71507097978623e-137	0.538346984087092	0.596	0.26	2.16796066582398e-132
1.0708962518182e-136	0.30806561296176	0.269	0.04	3.45738854899505e-132
1.3118576916679e-136	0.387283427361581	0.534	0.196	4.23533255754983e-132
1.34954813043382e-136	-0.711277862829005	0.856	0.848	4.35701613910559e-132
1.45012920198395e-136	0.363629982557721	0.31	0.064	4.68174212860518e-132
1.45115757815845e-136	0.471486319476619	0.959	0.779	4.68506224108455e-132
1.73152036408057e-136	0.590492173426926	0.745	0.413	5.59021349543412e-132
3.89740559359599e-136	0.547200935431021	0.545	0.22	1.25827739589246e-131
4.10051289117982e-136	0.596941354574233	0.963	0.851	1.32385058691741e-131
7.09968932672788e-136	0.622881696694294	0.431	0.149	2.2921346991341e-131
7.5001458915461e-136	0.526654524381636	0.582	0.253	2.42142210108566e-131
6.86730489586964e-135	0.692272028704156	0.703	0.383	2.21710938563151e-130
8.34261829423658e-135	-0.928242086632099	0.491	0.638	2.69341431629428e-130
1.16724234744663e-134	0.371104249747497	0.182	0.003	3.76844191873145e-130
1.86314461371929e-134	0.318950956258125	0.342	0.079	6.01516238539274e-130
1.07856246747892e-133	0.368636572130228	0.993	0.94	3.48213892625569e-129
1.5903321429092e-133	0.540224548278389	0.662	0.321	5.13438732338234e-129
4.09909698865045e-133	0.57250044172685	0.851	0.578	1.3233934627858e-128
1.07476399590849e-132	-0.726030254495481	0.089	0.298	3.46987556079056e-128
1.27810588886073e-132	0.304704450676599	0.192	0.008	4.12636486218686e-128
1.3391450799828e-132	0.488379420946751	0.718	0.353	4.32342989072447e-128
1.61067521548607e-132	0.598940720197941	0.918	0.68	5.20006493319676e-128
2.31712483670199e-132	-0.996989469463289	0.602	0.703	7.48083753529237e-128
2.45183554146562e-132	0.351862356573891	0.405	0.12	7.91575104562175e-128
2.97502231274847e-132	0.393110611469062	0.594	0.241	9.60485953670844e-128
3.74532345026836e-132	-0.531879832897689	0.026	0.201	1.20917767591914e-127
1.51734043008669e-131	0.473628310032817	0.615	0.27	4.89873357853488e-127
3.72498467866661e-131	0.434562207305138	0.599	0.252	1.20261130350752e-126
9.89069386856085e-131	0.753127350826574	0.821	0.553	3.19321051546487e-126
1.00367963304359e-130	-0.761908655483474	0.108	0.32	3.24037969528124e-126
2.34122450420905e-130	-0.696498869811497	0.705	0.779	7.55864331183892e-126
2.77679203955489e-130	0.559167902950872	0.875	0.621	8.96487309970295e-126
5.30350035614053e-130	0.457342694918009	0.93	0.684	1.71223508997997e-125
8.23592205527429e-130	0.298481474147397	0.332	0.077	2.6589674355453e-125
8.88353636896999e-130	0.446987492937369	0.857	0.511	2.86804971672196e-125
2.77151710170893e-129	0.501561237221146	0.832	0.506	8.94784296286729e-125
5.77010633143258e-129	0.596797949954881	0.416	0.141	1.86287882910301e-124
5.88000709535411e-129	0.410673678279831	0.508	0.195	1.89836029073507e-124
7.76717085518081e-129	0.549545176747481	0.805	0.483	2.50763111059512e-124
9.18108451181948e-129	0.576254217729089	0.817	0.508	2.96411313464092e-124
1.81389326570999e-128	-0.748263192734362	0.747	0.801	5.85615440834471e-124
1.82719135434564e-128	-0.643489388312143	0.055	0.248	5.89908728750491e-124
2.76990730769327e-128	0.520147964910535	0.263	0.048	8.94264574288771e-124
5.31868674460381e-128	0.669706814155809	0.386	0.122	1.71713801549534e-123
5.923263109517e-128	0.477188305168986	0.716	0.373	1.91232549490756e-123
6.85173778351926e-128	-0.490938867014606	0.025	0.196	2.21208354340919e-123
1.29256287522816e-127	0.421551443201002	0.784	0.407	4.1730392426741e-123
1.33760272641895e-127	0.337303205691079	0.251	0.038	4.31845040224357e-123
1.95437982968065e-127	0.526868197385598	0.962	0.805	6.30971528012399e-123
2.04586425801703e-127	0.467802655988753	0.721	0.364	6.60507275700799e-123
2.2650509291648e-127	-0.970319492994014	0.148	0.361	7.31271692480855e-123
5.78343278062366e-127	0.268749923141762	0.252	0.038	1.86718127322435e-122
1.01258337902674e-126	0.389101763840909	0.61	0.265	3.26912543918784e-122
1.4880277779983e-126	0.424361100159394	0.603	0.264	4.80409768126752e-122
1.60573589539729e-126	1.16310870784462	0.286	0.062	5.18411833829015e-122
2.09938678499492e-126	0.491231980610667	0.83	0.517	6.7778702353561e-122
2.56966757343294e-126	-0.437390160723572	0.018	0.176	8.29617176082824e-122
3.6928837362789e-126	0.600835780237063	0.826	0.539	1.19224751425764e-121
5.08687395698846e-126	0.402571032254439	0.66	0.303	1.64229725701372e-121
7.49805426563829e-126	-0.923140939149979	0.019	0.177	2.42074681966132e-121
8.20526255943711e-126	0.420936184940391	0.232	0.031	2.64906901731427e-121
8.7773208112286e-126	0.518368958266101	0.51	0.21	2.83375802390515e-121
1.88081506027281e-125	0.412714038063307	0.538	0.217	6.07221142209078e-121
3.05021701489141e-125	0.411415916271207	0.287	0.059	9.84762563257692e-121
7.37312162409514e-125	0.412238732032995	0.399	0.127	2.38041231633912e-120
7.51871544225978e-125	0.418177310644905	0.455	0.16	2.42741728053357e-120
1.08154870517417e-124	-0.67332346806777	0.663	0.708	3.49177999465482e-120
1.28845692971267e-124	0.496751991235877	0.94	0.746	4.15978319757734e-120
1.35175114619119e-124	0.410880224442247	0.5	0.193	4.36412857547825e-120
2.72771991429585e-124	0.417837880061495	0.486	0.184	8.80644374330416e-120
3.14188718653682e-124	-0.837877722448321	0.661	0.748	1.01435827817341e-119
3.73855236017886e-124	0.281222977706137	1	0.999	1.20699162948374e-119
4.45323728303934e-124	0.56301713236514	0.652	0.326	1.43772765682925e-119
6.63634153589817e-124	-0.613119452457283	0.762	0.831	2.14254286486473e-119
7.09094955492379e-124	0.432005371346863	0.573	0.248	2.28931306380714e-119
1.20164592548556e-123	0.340910707788912	0.281	0.056	3.87951387043014e-119
1.26737965713337e-123	0.414028831632635	0.297	0.067	4.0917352230551e-119
1.31413449058671e-123	0.510398947079388	0.786	0.452	4.24268320285919e-119
1.46291661311354e-123	0.415533320299785	0.532	0.208	4.72302628543707e-119
1.78318744946578e-123	0.420586565522473	0.633	0.284	5.75702068060026e-119
2.13808224794727e-123	-0.910001642089551	0.531	0.649	6.90279853749778e-119
2.57533366304115e-123	0.414254265882589	0.956	0.798	8.31446473112834e-119
5.78552862531193e-123	0.362882421744621	0.594	0.255	1.86785791668196e-118
6.24443759502213e-123	0.383511525595586	0.241	0.037	2.01601667755289e-118
7.08099886147615e-123	0.462256189556602	0.594	0.269	2.28610048242758e-118
9.21443407248394e-123	0.25380261485254	0.165	0.002	2.97488004030144e-118
1.12361369272056e-122	0.710366587155586	0.948	0.888	3.62758680694833e-118
1.77876697281393e-122	0.483714824496297	0.586	0.265	5.74274917172978e-118
2.59881434282715e-122	0.329885927265167	0.509	0.191	8.39027210581746e-118
7.41616584479388e-122	-1.06275996251993	0.01	0.154	2.3943091429917e-117
1.04297977277098e-121	0.495400983484937	0.336	0.092	3.3672601963911e-117
1.24862481920977e-121	0.452740982139148	0.945	0.735	4.03118522881874e-117
1.49228646046388e-121	0.47893717782251	0.35	0.103	4.81784683760762e-117
1.66663312872782e-121	0.389932889874994	0.33	0.087	5.38072505609778e-117
2.96002417811881e-121	0.318398187947625	0.427	0.141	9.55643805905657e-117
7.75171508840645e-121	0.416857396472559	0.704	0.351	2.50264121629202e-116
1.20002085030037e-120	0.336757240402697	0.463	0.166	3.87426731519473e-116
1.35586935968186e-120	-0.699028907290929	0.085	0.279	4.37742422773288e-116
1.47831675037154e-120	0.438817959600386	0.496	0.195	4.77274562857452e-116
2.06993443316863e-120	0.30471300592214	0.356	0.1	6.68278331748491e-116
2.40131328770019e-120	0.448429989080401	0.798	0.456	7.75263994934005e-116
2.8179544856374e-120	-0.580311746148089	0.872	0.851	9.09776605688035e-116
3.5575745111964e-120	0.368329445784657	0.451	0.16	1.14856293093976e-115
7.36717552012235e-120	-0.735012218369314	0.322	0.51	2.3784926166715e-115
9.58886636327255e-120	0.37132079274899	0.318	0.081	3.09576550538254e-115
1.18262336083918e-119	0.34186625795369	0.454	0.163	3.81809952046928e-115
1.3398956323294e-119	0.382223597330778	0.605	0.268	4.32585304897546e-115
2.58366035072656e-119	-0.604381389301607	0.048	0.227	8.34134744232069e-115
2.71982740680891e-119	0.329650244138921	0.315	0.078	8.78096278288256e-115
3.94491990356631e-119	0.535366042910921	0.868	0.594	1.27361739086638e-114
1.61331421891411e-118	0.308021791717762	0.487	0.181	5.20858495576421e-114
1.75805817644391e-118	0.433013010166371	0.743	0.388	5.67589082264918e-114
1.99305885525651e-118	0.367174300082543	0.157	0.001	6.43459051419564e-114
3.33989451470375e-118	0.5311427380381	0.891	0.65	1.0782849440721e-113
4.65061549706334e-118	-0.393857600983622	0.017	0.165	1.5014512132269e-113
4.76469494477811e-118	-0.864408170453245	0.314	0.481	1.53828176292161e-113
7.22262314489189e-118	0.566714887768679	0.764	0.449	2.33182388232835e-113
9.70781532794433e-118	0.482253243152262	0.702	0.364	3.13416817862683e-113
9.77045110633836e-118	0.340968680688998	0.383	0.118	3.15439013968134e-113
2.36650346206907e-117	0.41703451191449	0.207	0.023	7.64025642728998e-113
3.8716130052391e-117	0.314063184013344	0.49	0.182	1.24995025874144e-112
3.94002517085428e-117	-0.895377297627467	0.329	0.502	1.27203712641031e-112
5.08103149209946e-117	0.45938827092146	0.639	0.308	1.64041101722431e-112
5.79304153354282e-117	0.520999310445623	0.746	0.434	1.8702834591043e-112
7.43851890633576e-117	0.489744236583096	0.567	0.258	2.4015258289105e-112
1.29099382419261e-116	-0.608702853569296	0.947	0.95	4.16797356140585e-112
1.81297467502077e-116	0.349543697802749	0.389	0.125	5.85318873830455e-112
2.31713101255557e-116	0.428415862746135	0.809	0.476	7.48085747403564e-112
4.85144748611248e-116	0.362099008378494	0.562	0.24	1.56628982089141e-111
5.35687962691367e-116	0.455845666923879	0.456	0.174	1.72946858754908e-111
7.91486354603833e-116	0.438463800980876	0.621	0.291	2.55531369583847e-111
9.49958267238769e-116	-0.806804417513399	0.594	0.654	3.06694026578037e-111
1.26846971134173e-115	0.528045743070245	0.793	0.496	4.09525446306678e-111
3.8616780586346e-115	0.279196363164787	0.395	0.125	1.24674276123018e-110
3.92568519156293e-115	0.427126534485231	0.672	0.335	1.26740746409609e-110
5.3193396802875e-115	0.354568163568302	0.641	0.298	1.71734881578082e-110
5.43404491418973e-115	0.377207884490343	0.255	0.05	1.75438140054615e-110
6.15479989791778e-115	0.303841135688805	0.502	0.191	1.98707714704276e-110
6.83725014107353e-115	0.294580790035979	0.323	0.085	2.20740620804559e-110
7.54466570405315e-115	0.336661677562112	0.341	0.097	2.43579532255356e-110
1.16973926308008e-114	-0.732307371763416	0.674	0.712	3.77650321085404e-110
1.19772758430158e-114	0.353135697152818	0.376	0.119	3.86686350591765e-110
1.80008040734632e-114	0.288940028948604	0.999	0.994	5.81155959511759e-110
8.45630220640066e-114	0.439665750847112	0.828	0.507	2.73011716733645e-109
1.13675863881567e-113	-0.947690180654029	0.469	0.607	3.67002526541639e-109
1.25034232516168e-113	0.466247107995778	0.857	0.54	4.03673019678447e-109
1.65485231163461e-113	0.519104441220862	0.923	0.712	5.34269068811235e-109
2.04037938196565e-113	0.356485388030123	0.338	0.097	6.58736483467612e-109
2.72609452822082e-113	0.325612989528922	0.246	0.046	8.80119618436091e-109
3.63736756753134e-113	0.43065383035448	0.232	0.039	1.17432411917749e-108
8.4930636518616e-113	0.482211009756602	0.779	0.447	2.74198560000352e-108
8.68585277299268e-113	0.592127271237328	0.83	0.547	2.80422756776069e-108
1.37348253324083e-112	-0.398062818663981	0	0.12	4.43428835856801e-108
3.51469115314541e-112	-0.667524168652974	0.181	0.383	1.134718038793e-107
4.46851339136619e-112	-0.707543650588557	0.774	0.77	1.44265954840257e-107
5.61361145129952e-112	-0.597163048924585	0.042	0.208	1.81235445705205e-107
5.70754920270612e-112	0.3643709304513	0.298	0.076	1.84268226009367e-107
2.5732232159414e-111	0.401586870683323	0.35	0.106	8.30765115266682e-107
2.89554042471685e-111	0.492712983969416	0.438	0.172	9.34825226119835e-107
5.62544428622119e-111	0.389751365831485	0.967	0.831	1.81617468780651e-106
8.7782933806025e-111	-0.324983511031679	0.999	0.992	2.83407201792752e-106
8.78553919155893e-111	-0.677555647886578	0.17	0.394	2.8364113279948e-106
1.29758720852969e-110	0.700641409853391	0.73	0.429	4.18926030273809e-106
2.71439131051687e-110	-0.716990776966654	0.872	0.857	8.76341234600372e-106
4.17424812405304e-110	0.393583737137514	0.63	0.304	1.34765600685052e-105
7.18399588271793e-110	0.320594174215603	0.297	0.075	2.31935307073548e-105
8.34264447168642e-110	0.470317933825335	0.664	0.338	2.69342276768396e-105
8.72959618961754e-110	-0.654426414391439	0.051	0.218	2.81835012981802e-105
1.21409567685477e-109	0.439676438970862	0.758	0.427	3.91970789272564e-105
1.80110089785393e-109	0.439984399648092	0.443	0.168	5.8148542487214e-105
2.41561617684522e-109	0.396242653763249	0.592	0.278	7.7988168269448e-105
4.82329825760534e-109	-0.729800153532589	0.113	0.301	1.55720184246788e-104
5.50787972981732e-109	0.259822058382464	0.285	0.067	1.77821897077152e-104
6.50977773053489e-109	0.363980654658925	0.314	0.086	2.10168174030319e-104
6.83830369335669e-109	0.418075204411923	0.919	0.657	2.20774634740021e-104
7.30101984385844e-109	0.306672823060721	0.167	0.01	2.3571342565897e-104
1.101810253885e-108	0.570651208323681	0.847	0.574	3.55719440466773e-104
1.58135828809038e-108	-0.42985765181389	0.012	0.145	5.10541523309979e-104
2.87077690077406e-108	0.499535897591223	0.706	0.384	9.26830322414907e-104
5.63182612451807e-108	0.407852011318078	0.739	0.397	1.81823506430066e-103
1.40893100515873e-107	0.527642252227737	0.157	0.007	4.54873375015496e-103
1.89806416272217e-107	0.49969642725323	0.683	0.369	6.12790014934852e-103
2.10799425020875e-107	-0.683074480007526	0.163	0.35	6.80565943679894e-103
4.66666383493464e-107	-0.405732026439507	0.994	0.994	1.50663241910865e-102
1.23272045399958e-106	0.291091110422746	0.417	0.148	3.97983798573764e-102
1.3351559439937e-106	0.936372415197285	0.635	0.397	4.31055096518365e-102
1.38140611473811e-106	0.349370754674269	0.744	0.389	4.45986964143199e-102
1.77619913974979e-106	0.477549597017654	0.588	0.282	5.73445892268221e-102
2.33523776236469e-106	0.318054580370409	0.531	0.224	7.53931511579441e-102
2.63987787959761e-106	0.541771798162664	0.21	0.032	8.52284573428089e-102
3.1303643317198e-106	0.326408559702347	0.643	0.3	1.01063812449574e-101
5.75215165297544e-106	0.55989780672021	0.829	0.55	1.85708216116312e-101
7.56563090799233e-106	-0.791078268692784	0.353	0.497	2.44256393864532e-101
1.03114614549008e-105	0.300283238332529	0.536	0.227	3.32905533071471e-101
2.24545354790149e-105	0.368949392867489	0.714	0.374	7.24944677939995e-101
2.45744594099141e-105	0.398375795638459	0.476	0.196	7.93386422049076e-101
2.62647660607563e-105	0.523761986276885	0.409	0.156	8.47957972271517e-101
2.6571787011608e-105	0.504499314383216	0.86	0.611	8.57870143669764e-101
8.46825825240015e-105	0.415088172167409	0.526	0.238	2.73397717678739e-100
8.7710199480943e-105	0.421931334111812	0.867	0.57	2.83172379024224e-100
9.31455943408688e-105	-0.786764363696772	0.5	0.626	3.00720551329495e-100
3.52070616041295e-104	0.353399912557677	0.293	0.079	1.13665998388932e-99
4.3830614614154e-104	0.282810135247613	0.38	0.127	1.41507139281796e-99
4.50501638092688e-104	0.332698046649577	0.665	0.322	1.45444453858224e-99
1.19586976618288e-103	-0.788907295876964	0.441	0.562	3.86086554012144e-99
2.0755312602138e-103	0.363303785602697	0.742	0.393	6.70085267360025e-99
2.46868067377534e-103	0.492036272303353	0.877	0.629	7.97013555528369e-99
4.5043381603707e-103	-0.731062143549547	0.138	0.321	1.45422557507568e-98
4.70890286393254e-103	0.800000968663691	0.499	0.261	1.52026928962062e-98
6.63307798867375e-103	0.300135573696222	0.493	0.199	2.14148922864332e-98
1.04020674848657e-102	0.423787886706637	0.721	0.406	3.35830748748888e-98
1.53673006862466e-102	0.327248146367367	0.355	0.117	4.96133302655472e-98
1.85472762190675e-102	-0.531370065133757	0.799	0.8	5.98798812732593e-98
3.79972626396334e-102	0.284895332454073	0.996	0.974	1.22674162432057e-97
4.00109221005564e-102	0.320977232206889	0.67	0.331	1.29175262001646e-97
5.22414781520293e-102	-0.808604311779761	0.877	0.854	1.68661612213827e-97
6.04432061458374e-102	0.560520139054133	0.719	0.414	1.95140891041836e-97
7.5144283103278e-102	-0.552677353609002	0.078	0.25	2.42603317998933e-97
1.06004937788358e-101	-0.79867999063382	0.247	0.423	3.42236941649712e-97
2.24374491978976e-101	-0.739250325174755	0.131	0.335	7.24393047354125e-97
3.31835247957927e-101	-0.649283382519814	0.118	0.295	1.07133009803217e-96
4.75250619499934e-101	0.440529836683706	0.558	0.268	1.53434662505554e-96
9.06644671110997e-101	0.47733001639428	0.374	0.136	2.92710232068185e-96
1.67213479565392e-100	0.285184426015549	0.204	0.032	5.39848718776868e-96
2.1461031333999e-100	0.405706308527502	0.366	0.127	6.92869396618156e-96
2.84598743117482e-100	0.439210660525657	0.921	0.692	9.18827042154789e-96
3.12945831395128e-100	0.468746168145707	0.373	0.136	1.01034561665917e-95
7.62833893026244e-100	0.326272121822163	0.325	0.102	2.46280922363523e-95
1.02688015629477e-99	-0.895438853588766	0.569	0.666	3.31528258459767e-95
1.1070600974642e-99	0.292483521134853	0.562	0.247	3.57414352466316e-95
3.02681645735134e-99	-0.730221024807858	0.484	0.578	9.7720769325588e-95
4.7036450700337e-99	0.257213700641324	0.273	0.07	1.51857181086038e-94
5.55882082444707e-99	0.269327215417501	0.196	0.029	1.79466530317274e-94
6.15297969310917e-99	0.255094640677299	0.366	0.121	1.98648949392029e-94
9.52245659099405e-99	0.267758740800327	0.504	0.207	3.07432511040243e-94
1.28313891788924e-98	0.386177764561191	0.757	0.427	4.14261399640541e-94
2.06995088162203e-98	0.435168020014036	0.3	0.089	6.68283642131674e-94
2.2954278461217e-98	0.302606052817172	0.639	0.305	7.4107888012039e-94
2.80072482305532e-98	0.286681004295788	0.415	0.156	9.04214009123411e-94
3.38734049788209e-98	0.355731375176883	0.543	0.245	1.09360287974123e-93
3.56084967900432e-98	0.301125754041545	0.21	0.037	1.14962031886655e-93
3.5711184835124e-98	0.391177071158828	0.94	0.712	1.15293560240198e-93
5.11792923381703e-98	0.312843333301075	0.383	0.137	1.65232345313783e-93
5.27597212603065e-98	0.37203691971566	0.461	0.194	1.703347600889e-93
5.48127566064343e-98	0.45297441233153	0.582	0.295	1.76962984703873e-93
8.18617729000994e-98	-0.56142825965269	0.786	0.817	2.64290733807971e-93
9.89880030251667e-98	0.390581025450541	0.792	0.467	3.19582767766751e-93
1.00034888890682e-97	0.340040468118826	0.748	0.404	3.22962638783566e-93
1.29589994253844e-97	0.250547979779848	0.521	0.218	4.18381296448534e-93
3.22539217744952e-97	-0.522919636670213	0.089	0.255	1.04131786448958e-92
5.33983389286212e-97	0.293635380120994	0.634	0.306	1.72396537231053e-92
1.00186607223812e-96	0.354719036269236	0.138	0.004	3.23452461422078e-92
1.62495330725275e-96	0.383074881449413	0.699	0.368	5.2461617524655e-92
2.62498887270689e-96	0.321661177863104	0.172	0.019	8.4747765755342e-92
3.74996025436287e-96	0.322012956487537	0.58	0.277	1.21067466812105e-91
6.80693963822527e-96	0.416752661712221	0.772	0.471	2.19762046220103e-91
7.47932868478799e-96	0.347641687314301	0.263	0.067	2.4147012658838e-91
8.08067937186502e-96	0.381938973551363	0.756	0.438	2.60884733520662e-91
1.3787295690811e-95	0.302543197174344	0.671	0.332	4.45122841377834e-91
2.13052032899118e-95	0.404292026212752	0.871	0.575	6.87838488214804e-91
4.42218434811648e-95	-0.726835500513033	0.136	0.321	1.42770221678941e-90
6.30205716511296e-95	0.364648619082226	0.619	0.309	2.03461915575672e-90
6.70372407290843e-95	0.280939874430453	0.4	0.149	2.16429731693849e-90
8.57898460523819e-95	0.272809887950877	0.313	0.097	2.76972517980115e-90
1.30379974663829e-94	0.504511369086408	0.448	0.198	4.20931748202172e-90
2.19619131418633e-94	-0.676765007116114	0.135	0.305	7.09040365785058e-90
5.35434386475449e-94	0.442515937397281	0.887	0.624	1.72864991673599e-89
5.41852244499429e-94	-0.61453948264619	0.091	0.259	1.74936997136641e-89
1.06296671507037e-93	-0.587975463958052	0.816	0.794	3.43178803960471e-89
1.31412759070256e-93	0.39466430851478	0.53	0.248	4.24266092658322e-89
2.0525103364361e-93	-0.395413219423118	0.019	0.145	6.62652962118393e-89
2.06935208313287e-93	0.560007527090145	0.239	0.058	6.68090320039446e-89
2.27064148535399e-93	0.256869026462356	0.43	0.169	7.33076603546536e-89
3.95193716024836e-93	0.466332339373657	0.631	0.339	1.27588291218618e-88
5.88156062143341e-93	-0.284733880263646	0.002	0.106	1.89886184662978e-88
1.12696182130807e-92	-0.499575444590688	0.015	0.137	3.63839624009311e-88
1.76864276040247e-92	-0.692568790743835	0.227	0.394	5.71006315195939e-88
1.93512605453921e-92	0.36077969610778	0.719	0.402	6.24755446707985e-88
2.3998795187778e-92	0.411165084771134	0.86	0.584	7.74801102637412e-88
2.56784433691995e-92	0.252203676783886	0.129	0.003	8.29028544174606e-88
3.0340427059844e-92	0.355379669151946	0.956	0.799	9.79540687627064e-88
3.04614475466633e-92	-0.509578023161958	0.048	0.196	9.83447834044025e-88
5.44978142798558e-92	0.282675237262778	0.494	0.212	1.75946193402514e-87
1.20083637165772e-91	0.359157085853252	0.61	0.309	3.87690022589695e-87
1.25427032598829e-91	-0.739478207144205	0.47	0.566	4.04941174745319e-87
1.57585283471623e-91	0.604929469369091	0.846	0.631	5.08764087688135e-87
1.65222597846386e-91	0.252644133509597	0.433	0.172	5.33421157147056e-87
1.74680735086776e-91	0.389930699898329	0.815	0.515	5.63956753227655e-87
1.84969689790792e-91	0.421201141896375	0.406	0.165	5.97174643489573e-87
2.83739122748153e-91	0.520273688015857	0.929	0.749	9.16051757792411e-87
4.30429627245944e-91	0.533440379294078	0.409	0.171	1.38964205156353e-86
5.18697355347825e-91	0.517651159656504	0.695	0.411	1.67461441174045e-86
6.50410548186948e-91	0.27256875150578	0.413	0.16	2.09985045482156e-86
9.19491409860078e-91	-0.610398296634429	0.028	0.159	2.96857801673326e-86
1.32418595906963e-90	-0.529561135047357	0.874	0.847	4.27513436885631e-86
1.33768322721264e-90	0.371418367063406	0.84	0.552	4.31871029905602e-86
2.36682438159312e-90	0.264952857720198	0.548	0.249	7.64129251597339e-86
2.73419123661183e-90	0.378940875810056	0.392	0.157	8.8273364074013e-86
2.84127730020415e-90	0.453785329562971	0.875	0.628	9.17306376370909e-86
3.91703229016088e-90	-0.544674999756157	0.815	0.801	1.26461387487844e-85
6.63359081227849e-90	0.437326541736666	0.694	0.386	2.14165479374411e-85
7.64546179791244e-90	0.382647453919779	0.178	0.027	2.46833734145603e-85
7.7743048085119e-90	0.6000487179736	0.481	0.242	2.50993430742807e-85
7.95251400177535e-90	0.311133481189908	0.382	0.145	2.56746914547317e-85
1.18911114141886e-89	0.301440497498084	0.423	0.17	3.83904532007078e-85
1.19484630289488e-89	0.362139515874236	0.923	0.687	3.85756128889613e-85
1.23664492316834e-89	0.433682654066218	0.86	0.597	3.99250813444897e-85
1.82678265445739e-89	0.256072840623751	0.466	0.195	5.89776779991569e-85
2.00064426203576e-89	0.584622027045858	0.151	0.014	6.45907999998245e-85
5.06232777864037e-89	0.281690406067047	0.447	0.187	1.63437252333404e-84
5.55118529949106e-89	-0.682106537973263	0.453	0.552	1.79220017394069e-84
6.47256747293178e-89	0.374270731801512	0.65	0.346	2.08966840863603e-84
6.5010006920431e-89	0.484505398781613	0.809	0.533	2.09884807342611e-84
7.2681381232949e-89	0.267609096585211	0.391	0.149	2.34651839310576e-84
8.47519697715873e-89	0.381821492758398	0.937	0.747	2.7362173440757e-84
9.57794692809918e-89	0.320868158299513	0.658	0.34	3.09224016573682e-84
1.01565529677294e-88	0.304112735086467	0.12	0.001	3.27904312563145e-84
2.16252671044888e-88	0.351962408877148	0.928	0.698	6.98171748468422e-84
3.18279613390802e-88	-0.624608005480252	0.762	0.753	1.0275657318322e-83
1.18211376667081e-87	-0.585838146617223	0.108	0.277	3.8164542956967e-83
1.80867524788549e-87	-0.770889112310136	0.086	0.246	5.83930803779831e-83
2.14491574352368e-87	0.508582364617084	0.769	0.491	6.92486047796621e-83
3.03383483066409e-87	0.338474538234657	0.686	0.367	9.79473575079902e-83
3.81830493188125e-87	0.280925259483076	0.405	0.163	1.23273974725786e-82
3.818891195393e-87	0.25891338227482	0.332	0.113	1.23292902243263e-82
5.09278937702058e-87	0.374178362594012	0.859	0.571	1.6442070503711e-82
6.23110206473636e-87	0.32753750298484	0.74	0.419	2.01171130160013e-82
7.95952198861482e-87	0.29633639045051	0.6	0.298	2.56973167402429e-82
7.98835443149832e-87	0.252973258874572	0.133	0.007	2.57904022820923e-82
9.61221614233606e-87	0.423716061752973	0.454	0.205	3.1033039815532e-82
1.43121842481606e-86	-0.776439568304922	0.3	0.447	4.62068868451864e-82
2.67929441932827e-86	0.344449675553139	0.555	0.274	8.65010203280131e-82
4.26905202172939e-86	0.412176810876292	0.115	0	1.37826344521533e-81
6.44907880294788e-86	0.328077818254395	0.289	0.092	2.08208509153172e-81
7.21612719331868e-86	0.406818932020059	0.208	0.046	2.32972666436294e-81
8.57958652436898e-86	0.256731407018405	0.196	0.038	2.76991950939253e-81
1.12301442629865e-85	0.376551515946503	0.859	0.601	3.6256520753052e-81
1.41101142680462e-85	0.341954520103837	0.592	0.295	4.55545039143873e-81
1.76257462900389e-85	0.91292150629024	0.119	0.002	5.69047218973906e-81
1.93060421557503e-85	0.296863979308464	0.176	0.028	6.23295570998398e-81
1.96075936944097e-85	-0.493322574977219	0.058	0.203	6.33031162424018e-81
2.95740325562227e-85	0.313091086057429	0.501	0.228	9.54797641077651e-81
5.45432541892231e-85	-0.614305557913046	0.782	0.787	1.76092896149907e-80
5.47690683043941e-85	0.293524909602716	0.702	0.374	1.76821937020736e-80
6.16664015326547e-85	0.54282712144114	0.114	0	1.99089977348176e-80
8.55368124214379e-85	0.320626431364507	0.669	0.357	2.76155598902612e-80
9.65632800750276e-85	-0.696209533043789	0.22	0.382	3.11754549722226e-80
1.08116566998414e-84	0.260756636256132	0.184	0.033	3.49054336554379e-80
2.45381150944058e-84	-0.532257701048156	0.12	0.281	7.92213045822892e-80
2.4709909978313e-84	-0.647045835546369	0.423	0.531	7.97759443649834e-80
2.76296296513424e-84	-0.655585757971609	0.351	0.477	8.92022593293589e-80
4.69993489552433e-84	0.332923085445401	0.494	0.229	1.51737398102003e-79
5.11666130769312e-84	0.378429766734818	0.806	0.521	1.65191410318872e-79
9.4190411066749e-84	-0.733455051714271	0.301	0.445	3.04093742128999e-79
1.31543614719129e-83	0.413040283610149	0.12	0.003	4.24688560120708e-79
1.97273927953932e-83	-0.666991511254626	0.273	0.423	6.36898876399269e-79
2.36505097958339e-83	0.331120423463006	0.636	0.336	7.63556708758497e-79
2.4716120663022e-83	0.424234579333744	0.904	0.672	7.97959955605665e-79
3.16270860027448e-83	0.350023825946876	0.955	0.823	1.02108047159862e-78
4.50693315619345e-83	-0.694868459554697	0.46	0.545	1.45506336947706e-78
5.81445801840195e-83	0.443035869140713	0.768	0.484	1.87719777124107e-78
6.9566189342642e-83	0.284611204755963	0.269	0.082	2.2459444229272e-78
9.88592385936121e-83	0.535230662926696	0.415	0.192	3.19167051799477e-78
1.01078935458554e-82	0.495446559994883	0.863	0.658	3.26333343127943e-78
1.48881905991546e-82	0.358402137052042	0.835	0.536	4.80665233493707e-78
1.54965676150188e-82	0.308408469790062	0.717	0.409	5.00306685450882e-78
3.21924577106332e-82	0.377166868937284	0.79	0.499	1.03933349718779e-77
3.36468392228598e-82	0.274927147894948	0.397	0.162	1.08628820431003e-77
3.384780355675e-82	0.348114713105775	0.967	0.872	1.09277633782967e-77
3.69326752950219e-82	0.272969886395759	0.602	0.301	1.19237142189978e-77
4.28920102851438e-82	-0.733286715554185	0.281	0.449	1.38476855205587e-77
4.8310125743535e-82	0.264266915869171	0.628	0.311	1.55969240963003e-77
6.3211773977826e-82	0.342020474450483	0.788	0.463	2.04079212287411e-77
8.86334347527908e-82	0.290910402298881	0.114	0.002	2.86153044099385e-77
8.88344888391211e-82	0.272989187719691	0.64	0.329	2.86802147217102e-77
1.40823437859449e-81	0.294455018063109	0.673	0.358	4.54648469129232e-77
2.37550637506689e-81	0.26873767695684	0.632	0.32	7.66932233190345e-77
2.52927104176032e-81	-0.381278151673507	0.035	0.162	8.16575155832318e-77
3.41186329588562e-81	0.790712797171826	0.201	0.047	1.10152006507667e-76
3.54150417416538e-81	-0.704643848113671	0.519	0.605	1.14337462262929e-76
4.03109500819211e-81	0.292144048055069	0.322	0.116	1.30143902339482e-76
9.78607346650175e-81	0.260922859340019	0.517	0.24	3.15943381866009e-76
9.86745500829923e-81	0.276980207795349	0.432	0.188	3.18570784942941e-76
1.19632696229159e-80	0.352783861746828	0.792	0.495	3.86234159775839e-76
1.41992507893045e-80	0.285128396929309	0.113	0.002	4.58422811732696e-76
1.79182588447659e-80	0.401359967350047	0.699	0.413	5.78490986803266e-76
2.07108217352933e-80	0.275797923159132	0.614	0.313	6.68648879723943e-76
3.4037156351038e-80	0.274832834101075	0.191	0.04	1.09888959279326e-75
3.67201771508403e-80	0.359634394699964	0.536	0.271	1.18551091931488e-75
7.12098437764298e-80	0.327638229941251	0.236	0.066	2.29900980632204e-75
7.38640846272533e-80	0.411319394109468	0.955	0.812	2.38470197219087e-75
7.89641412639329e-80	-0.579829269429109	0.091	0.239	2.54935730070607e-75
1.39823481404901e-79	0.432072393112587	0.826	0.575	4.51420109715723e-75
1.44426561006084e-79	-0.591334492313496	0.155	0.335	4.66281152208141e-75
2.85349983340618e-79	-0.74375722052282	0.419	0.539	9.21252421215186e-75
4.40518953141991e-79	0.538331279362517	0.909	0.736	1.42221544021892e-74
4.44832207385111e-79	0.274262443970223	0.129	0.009	1.43614078154283e-74
9.02578318022135e-79	0.254651173133276	0.505	0.234	2.91397409973446e-74
1.01828486459081e-78	-0.480216401046064	0.07	0.211	3.28753268533142e-74
1.50313096050477e-78	-0.611518544668184	0.687	0.69	4.85285830598966e-74
1.7262297722283e-78	0.376277743876705	0.651	0.363	5.57313281963908e-74
1.86449834237253e-78	0.343818540534463	0.549	0.279	6.01953289834972e-74
2.5427195113238e-78	-0.735074475626847	0.457	0.549	8.20916994230888e-74
1.17061675239324e-77	0.253862224903881	0.465	0.214	3.77933618510158e-73
2.94366108371046e-77	0.287034331436122	0.703	0.391	9.50360980875921e-73
3.36071123648353e-77	0.385638046869492	0.853	0.574	1.08500562269871e-72
6.90226993193302e-77	0.253366992506816	0.504	0.236	2.22839784752458e-72
9.79959711391952e-77	0.337776725884334	0.204	0.05	3.16379992822892e-72
1.00125827706269e-76	0.347511575756063	0.603	0.321	3.2325623474969e-72
1.28961900401018e-76	0.471873558681498	0.742	0.468	4.16353495444687e-72
1.48463539759549e-76	0.278434186839051	0.632	0.33	4.79314538113704e-72
1.51855922604814e-76	-0.269213848015312	0.009	0.104	4.90266846129643e-72
1.60966792125952e-76	0.263253506493545	0.326	0.122	5.19681288378635e-72
5.492504569468e-76	0.341965983395165	0.429	0.19	1.77325510025274e-71
6.63575940307103e-76	-0.55985555172912	0.716	0.711	2.14235492328148e-71
7.03313663375461e-76	0.329113304051775	0.684	0.399	2.27064816220768e-71
8.69272903424186e-76	-0.587941510796857	0.181	0.335	2.80644756870498e-71
1.13827317007071e-75	0.347257349862716	0.466	0.223	3.67491492957328e-71
1.50180327079165e-75	-0.551855803398503	0.799	0.763	4.84857185975085e-71
2.47772298419397e-75	0.534109090927332	0.192	0.046	7.99932865447025e-71
2.66473774248189e-75	0.327424618035083	0.58	0.31	8.60310580160279e-71
2.7482432475077e-75	0.307388642200606	0.139	0.017	8.87270332457861e-71
3.71689365610191e-75	0.342998837006909	0.715	0.424	1.1999991168725e-70
3.90385979396134e-75	0.402891211235066	0.152	0.024	1.26036113448042e-70
4.61650113387022e-75	0.39201414431382	0.631	0.346	1.49043739107e-70
6.40723138115675e-75	-0.605031609587391	0.16	0.32	2.06857465140646e-70
6.79021084008699e-75	0.303570802392495	0.774	0.466	2.19221956972208e-70
9.47002386491787e-75	0.288646863290408	0.12	0.008	3.05739720478873e-70
1.45775507515885e-74	0.260942210263653	0.471	0.218	4.70636226015036e-70
1.51950398728771e-74	0.422571568888489	0.78	0.517	4.90571862295838e-70
2.76519326803338e-74	0.330097217945092	0.821	0.555	8.92742646584576e-70
3.42338885184322e-74	-0.276661002324527	0.012	0.109	1.10524109081758e-69
4.87320076556454e-74	0.302998485107673	0.976	0.87	1.57331286716251e-69
5.57252432459739e-74	0.268749695753126	0.18	0.038	1.79908947819627e-69
7.21560846500469e-74	0.270829027293376	0.446	0.205	2.32955919292676e-69
8.9097187038137e-74	0.331606762048664	0.703	0.414	2.87650268352625e-69
8.92007999623574e-74	0.434456676515538	0.866	0.672	2.87984782678471e-69
1.47520678133855e-73	0.397893370121001	0.872	0.625	4.7627050935515e-69
1.53639330780406e-73	0.339589765611949	0.798	0.522	4.96024579424541e-69
1.91706441727398e-73	0.336700221759197	0.831	0.553	6.18924247116904e-69
2.02079438823267e-73	0.325671515674833	0.667	0.385	6.52413468240919e-69
2.04423024677686e-73	-0.305419223170025	0.014	0.112	6.59979735171909e-69
2.69913099002296e-73	0.253668157685527	0.231	0.067	8.71414440128911e-69
5.27171450255612e-73	0.26844904344307	0.988	0.94	1.70197302715024e-68
9.35020176802791e-73	0.410390817159549	0.517	0.267	3.01871264080781e-68
1.25593478314907e-72	0.254955748891938	0.391	0.167	4.05478544739678e-68
1.2796286659851e-72	-0.608813436252149	0.162	0.308	4.13128114813289e-68
1.57472828365865e-72	0.263378833861575	0.102	0.002	5.08401026379194e-68
2.30103445425331e-72	0.255179322756905	0.583	0.3	7.42888973555681e-68
2.74421888912398e-72	-0.63346686310935	0.18	0.333	8.85971068353677e-68
3.12604036154297e-72	0.252291223457378	0.438	0.202	1.00924213072415e-67
3.15308865923099e-72	-0.502949254259644	0.896	0.918	1.01797467363272e-67
3.8197665027627e-72	-0.576569561861223	0.843	0.833	1.23321161541694e-67
1.013511249004e-71	0.418451366565758	0.183	0.042	3.2721210674094e-67
1.33439949121063e-71	0.265465228131727	0.62	0.328	4.30810875737353e-67
1.68642247424816e-71	-0.786528666800516	0.445	0.523	5.4446149581102e-67
1.8935619638232e-71	-0.352505835842461	0.013	0.108	6.11336480020319e-67
2.11424944791486e-71	0.656678217141244	0.117	0.009	6.82585434259313e-67
4.11652536946865e-71	0.329931005623639	0.798	0.507	1.32902021553295e-66
4.66663837060957e-71	0.317255022641642	0.803	0.507	1.5066241979513e-66
6.02979158894903e-71	-0.627248813901602	0.224	0.369	1.9467182144922e-66
7.42212172513984e-71	-0.631479632316068	0.389	0.508	2.3962319989614e-66
7.53597486673791e-71	-0.69346266984092	0.326	0.454	2.43298948572633e-66
9.56113154841662e-71	-0.645252310503563	0.483	0.577	3.08681132040631e-66
1.03705480647582e-70	0.36943162978778	0.873	0.64	3.34813144270717e-66
1.69697193643055e-70	0.261932489604764	0.99	0.93	5.47867389676602e-66
2.81587289304644e-70	0.312375613120009	0.974	0.902	9.09104563520043e-66
2.90099151777828e-70	0.306118191559903	0.237	0.075	9.36585111514718e-66
2.91949072311256e-70	-0.501340469210815	0.167	0.338	9.42557579956891e-66
3.07998973055289e-70	-0.287545640597577	0.995	0.985	9.94374684509001e-66
3.16225198689208e-70	-0.489898641908047	0.061	0.188	1.02093305396811e-65
3.35419882115341e-70	0.318396366992877	0.831	0.558	1.08290308940938e-65
4.17554763090835e-70	-0.503286718837846	0.05	0.175	1.34807555263876e-65
6.61913892153328e-70	0.274957688511014	0.513	0.255	2.13698900081702e-65
1.48881573079019e-69	0.278705409446868	0.484	0.236	4.80664158685612e-65
1.54063837087151e-69	0.472627137791638	0.704	0.459	4.97395098035868e-65
1.55047221351875e-69	0.455037683685227	0.903	0.725	5.00569954134529e-65
2.31585874286778e-69	-0.725085050113667	0.054	0.18	7.47674995134861e-65
2.75973939431416e-69	-0.357959786046119	0.038	0.153	8.90981863454326e-65
2.7729424055486e-69	0.384427928046178	0.398	0.187	8.95244455631365e-65
3.43567553592485e-69	0.425441190419364	0.248	0.086	1.10920784677334e-64
5.43187286700084e-69	0.256962391692581	0.492	0.243	1.75368015511122e-64
1.11882245156974e-68	-0.586613878103521	0.216	0.351	3.61211828489289e-64
1.20211922112441e-68	0.250724254071992	0.576	0.296	3.88104190540016e-64
1.46806622241378e-68	-0.582221585244517	0.609	0.649	4.73965179906288e-64
1.83700492331105e-68	-0.833214482185002	0.437	0.559	5.93077039490972e-64
5.95097591952042e-68	0.321673413349052	0.693	0.417	1.92127257561717e-63
1.4286821758612e-67	0.25482195282478	0.385	0.17	4.61250040476788e-63
1.61255448409634e-67	-0.720904698109311	0.49	0.532	5.20613215190504e-63
1.72629827853898e-67	0.264221265144964	0.609	0.328	5.57335399226311e-63
4.03571265436944e-67	0.259181846527702	0.974	0.897	1.30292983046317e-62
5.71443023744185e-67	-0.663440359075418	0.26	0.393	1.8449038021581e-62
6.18753470552532e-67	0.536052643254547	0.763	0.481	1.99764557967885e-62
1.20760593693106e-66	0.360490978463055	0.363	0.163	3.89875576738192e-62
1.35509298410729e-66	0.264482542490914	0.994	0.967	4.37491769919037e-62
2.6674347213936e-66	0.303588152653775	0.632	0.362	8.61181299801924e-62
2.74996020909695e-66	0.286686394979512	0.931	0.747	8.87824653506952e-62
3.55107860022087e-66	0.273709877001095	0.982	0.94	1.14646572608131e-61
4.82374016369523e-66	0.260635235739533	0.523	0.27	1.55734451184901e-61
6.48347861400399e-66	-0.639767253360198	0.263	0.39	2.09319107053119e-61
6.48604864080625e-66	0.301499182069784	0.92	0.725	2.0940208036843e-61
1.08306527981237e-65	-0.536357415485335	0.683	0.698	3.49667625587424e-61
1.5933042004542e-65	0.434525262167952	0.871	0.654	5.1439826111664e-61
2.03601904103957e-65	0.30937674660288	0.819	0.557	6.57328747399625e-61
2.22929393122255e-65	-0.623268706542189	0.345	0.462	7.19727545695199e-61
2.30895795593324e-65	0.362519348548801	0.476	0.242	7.45447076073047e-61
3.04989762377082e-65	0.457447595927688	0.906	0.745	9.84659447834409e-61
3.38237723377337e-65	-0.538310661470295	0.66	0.647	1.09200048992373e-60
3.50919020801867e-65	-0.671706287572358	0.401	0.5	1.13294205865883e-60
4.01542637397984e-65	-0.729235481035201	0.415	0.512	1.29638040483939e-60
4.63277081780072e-65	0.270397853238784	0.971	0.878	1.49569005852696e-60
6.23891575959466e-65	0.389431188009254	0.931	0.774	2.01423395298514e-60
9.57343944436807e-65	0.276015642337638	0.101	0.006	3.09078492461423e-60
1.16900478651882e-64	0.822426359535138	0.243	0.092	3.77413195327601e-60
1.78710788246773e-64	-0.555427558434741	0.779	0.768	5.76967779854708e-60
2.20064607085864e-64	0.274052103723049	0.719	0.427	7.10478583976712e-60
2.24580321932525e-64	0.277391983309032	0.929	0.687	7.25057569359157e-60
2.82951128829193e-64	-0.502357624577803	0.083	0.211	9.13507719425049e-60
3.57815169475565e-64	-0.493392614113523	0.109	0.239	1.15520627465186e-59
4.52080903994887e-64	-0.63480071248586	0.607	0.607	1.45954319854749e-59
1.06463161156566e-63	-0.600814166117139	0.479	0.576	3.43716315793974e-59
1.34062737196278e-63	-0.617328828290468	0.286	0.403	4.32821547038183e-59
1.36064166180837e-63	0.300676772073108	0.458	0.227	4.39283160514833e-59
1.87956795895336e-63	0.259208431316142	0.624	0.352	6.06818515548091e-59
2.21300143507142e-63	-0.286132737861157	0.022	0.118	7.14467513312807e-59
3.52392435514784e-63	0.269558255961242	0.848	0.573	1.13769897805948e-58
4.89947160528942e-63	-0.334637725752703	0.032	0.136	1.58179440776769e-58
5.23168696122897e-63	0.270596120162087	0.942	0.762	1.68905013543277e-58
5.4688079838255e-63	0.277067180680023	0.863	0.583	1.76560465757806e-58
7.80473614976687e-63	-0.563570093006461	0.167	0.304	2.51975906595223e-58
7.80737025538055e-63	-0.579878031700341	0.26	0.378	2.52060948694961e-58
9.28825267001069e-63	-0.441679036542921	0.115	0.249	2.99871237451295e-58
1.20952829276928e-62	0.347435536520088	0.927	0.721	3.90496209320562e-58
1.52918453489536e-62	0.292268677583119	0.737	0.452	4.93697227090966e-58
1.63325634125719e-62	-0.391007957396283	0.026	0.124	5.27296809774882e-58
1.73234827107377e-62	-0.521546799726462	0.124	0.258	5.59288639316167e-58
2.42552023157069e-62	0.306971330049159	0.783	0.523	7.83079206762599e-58
2.62436441449822e-62	0.286199423367575	0.908	0.696	8.47276051220749e-58
6.86992034690721e-62	0.252049048163693	0.268	0.102	2.21795378399899e-57
9.70402417679974e-62	0.25630688541913	0.832	0.538	3.1329442054798e-57
9.75208776968356e-62	0.285488810311664	0.602	0.334	3.14846153644234e-57
1.00617138271788e-61	0.286308150195228	0.271	0.102	3.24842430910467e-57
1.79026165201906e-61	-0.502727512847329	0.738	0.699	5.77985974354353e-57
1.98157749324083e-61	-0.335159897881698	0.031	0.133	6.397522936928e-57
2.11219360770768e-61	0.269737662197193	0.852	0.568	6.81921706248425e-57
3.29541139012311e-61	0.268678154325708	0.701	0.422	1.06392356730125e-56
4.08826759717873e-61	0.34221282980692	0.772	0.511	1.31989719374915e-56
4.23324690467697e-61	-0.608843684823908	0.338	0.441	1.36670376317496e-56
5.70763858230615e-61	-0.743860408209414	0.438	0.56	1.84271111629754e-56
1.03438798086476e-60	-0.372392260804024	0.018	0.108	3.33952159622187e-56
1.75722619880742e-60	0.291327800113394	0.788	0.503	5.67320478284976e-56
4.8718177010602e-60	0.528069344221845	0.7	0.472	1.57286634478729e-55
7.11803063600746e-60	-0.595456364809991	0.441	0.503	2.29805619083501e-55
1.02982489032974e-59	-0.4567041002857	0.023	0.116	3.32478965842958e-55
1.43123395087058e-59	0.326306121763944	0.671	0.418	4.62073881038566e-55
1.47183415260022e-59	-0.483501531202308	0.139	0.269	4.75181656166981e-55
1.51042188682526e-59	-0.614288611198114	0.547	0.598	4.87639706161536e-55
1.7111772047295e-59	0.299837861538502	0.831	0.572	5.5245356054692e-55
3.55844464308776e-59	-0.407242487021896	0.069	0.185	1.14884385302088e-54
3.61537103663822e-59	-0.558127667043682	0.071	0.189	1.16722253917865e-54
4.13880724159153e-59	-0.545408108017944	0.068	0.185	1.33621391794782e-54
4.84048761189438e-59	-0.59353540140917	0.617	0.612	1.5627514255001e-54
7.90820547254775e-59	-0.54886763961569	0.807	0.757	2.55316413681204e-54
1.07548081989815e-58	0.310145665231433	0.702	0.448	3.47218982704118e-54
1.33687718947549e-58	0.265920063544787	0.636	0.369	4.31610800622162e-54
1.74449478943607e-58	-0.318295386679817	0.029	0.125	5.63210142769435e-54
1.77857432735838e-58	-0.468137911054974	0.173	0.309	5.74212721587653e-54
2.04369043144813e-58	0.250773485481094	0.738	0.453	6.59805455793029e-54
2.3705874975974e-58	0.280140977899275	0.804	0.536	7.65344173599321e-54
3.1980263191079e-58	0.255899591596397	0.676	0.397	1.03248279712399e-53
5.63743969815672e-58	0.327378617152359	0.409	0.208	1.8200474065499e-53
8.55258797190877e-58	0.251283227195835	0.698	0.411	2.76120302673075e-53
1.11755251714644e-57	0.301673213509893	0.626	0.375	3.6080183016073e-53
3.08566529950205e-57	-0.526316434203563	0.056	0.166	9.96207041944238e-53
4.0923348011437e-57	0.365057012410382	0.911	0.766	1.32121029054924e-52
4.99844204868469e-57	0.542295176422722	0.597	0.378	1.61374701541785e-52
5.29643759700268e-57	0.303361309952075	0.763	0.492	1.70995487819232e-52
8.19873233165837e-57	-0.741550372877655	0.162	0.291	2.64696073327591e-52
1.64612871702356e-56	-0.277824720164813	0.027	0.118	5.31452656291056e-52
1.73510769553669e-56	0.263569174990696	0.704	0.431	5.60179519504019e-52
1.87647856348748e-56	-0.332763249370432	0.979	0.986	6.05821104221932e-52
2.66657890153587e-56	0.397831720478981	0.947	0.827	8.60904998360855e-52
2.76118134216599e-56	-0.41051170724468	0.881	0.823	8.91447396318289e-52
3.22058986441759e-56	0.448011248825217	0.247	0.101	1.03976743772722e-51
3.93881264256189e-56	0.477172882372939	0.305	0.138	1.2716456616511e-51
4.51798489224895e-56	0.349453670623757	0.933	0.761	1.45863142246257e-51
6.45761655394826e-56	0.439188483869552	0.863	0.618	2.08484150444219e-51
7.74367695155954e-56	-0.413650576081865	0.945	0.909	2.500046103811e-51
1.14867416310777e-55	-0.530676290324611	0.548	0.583	3.70849453559344e-51
1.26480310591079e-55	0.264389479194371	0.503	0.28	4.083416827433e-51
1.33598228608499e-55	-0.361165307326849	0.065	0.175	4.31321881062538e-51
1.69742894149485e-55	0.354283100301494	0.555	0.326	5.48014933761611e-51
1.97085903758524e-55	0.408835623639964	0.568	0.354	6.36291840284394e-51
2.87303262878631e-55	-0.564603918545694	0.599	0.617	9.2755858420366e-51
3.34286164347719e-55	-0.4844625325894	0.752	0.701	1.07924288159661e-50
5.27817055791319e-55	-0.542409454785862	0.171	0.302	1.70405736462227e-50
5.83201277985147e-55	0.317267943851346	0.389	0.198	1.88286532597505e-50
7.5713400598169e-55	-0.32803399553233	0.039	0.136	2.44440713831189e-50
8.06805217009892e-55	-0.271353971364181	0.019	0.102	2.60477064311644e-50
9.0509472421666e-55	0.26059883505989	0.908	0.689	2.92209831713349e-50
1.06352456272687e-54	-1.26809109808815	0.249	0.369	3.4335890507637e-50
1.29702274381934e-54	-0.463376605370212	0.722	0.687	4.18743792842073e-50
1.30201888159e-54	0.519180083178926	0.781	0.558	4.20356795921331e-50
2.47199117231173e-54	-0.573881748495103	0.214	0.334	7.98082349980843e-50
2.66725357691688e-54	0.26161085378911	0.979	0.905	8.61122817307614e-50
3.19962145278434e-54	-0.415311252521516	0.095	0.216	1.03299778603143e-49
6.55203311816229e-54	-0.509879933566609	0.618	0.617	2.11532389219869e-49
9.61556807825881e-54	0.254539357214862	0.587	0.337	3.10438615406586e-49
1.3082564834287e-53	-0.610469168894186	0.362	0.458	4.22370605674956e-49
1.52668295766056e-53	0.265827375416295	0.808	0.556	4.92889592880712e-49
2.08026671125349e-53	-0.553415726893243	0.383	0.46	6.71614107728191e-49
2.59580231796545e-53	-0.503201548781384	0.687	0.717	8.38054778355147e-49
5.07969258100992e-53	0.256389247395877	0.88	0.642	1.63997874977905e-48
6.6188844110216e-53	-0.301216194207284	0.036	0.131	2.13690683209832e-48
1.18002450185356e-52	0.313635463410162	0.855	0.63	3.80970910423423e-48
2.30060691441348e-52	0.351955498669717	0.977	0.887	7.42750942318392e-48
2.30702254559113e-52	-0.501994115098093	0.748	0.692	7.44822228844098e-48
2.35944361499207e-52	-0.513271971715049	0.183	0.303	7.61746371100191e-48
2.85853837494937e-52	-0.597173521119063	0.251	0.362	9.22879114352405e-48
5.72719014196401e-52	-0.69539752006562	0.678	0.676	1.84902333733308e-47
6.18805817902987e-52	-0.298773904496268	0.032	0.121	1.9978145830998e-47
6.37032609933255e-52	-0.483763365006291	0.765	0.705	2.05665978116951e-47
6.86480103960607e-52	-0.430506911044064	0.057	0.16	2.21630101563682e-47
8.74611553502555e-52	0.346845234605595	0.113	0.02	2.823683400483e-47
1.2726970848405e-51	-0.429408790411645	0.936	0.901	4.10890253840755e-47
1.82253399793612e-51	-0.505380617616481	0.186	0.306	5.88405101233676e-47
2.66595956566323e-51	-0.533800891135311	0.22	0.329	8.60705045774372e-47
3.15667871625179e-51	0.25301553596737	0.893	0.661	1.01913372354189e-46
3.83372703225845e-51	-0.590960411991111	0.461	0.524	1.23771877236464e-46
4.88336510826029e-51	0.281004667829996	0.96	0.86	1.57659442520183e-46
9.03427694848189e-51	0.29976134998365	0.79	0.55	2.91671631281738e-46
1.03969821466276e-50	-0.540703034622027	0.572	0.582	3.35666568603871e-46
1.55944475432025e-50	-0.557852582397298	0.437	0.489	5.03466738932292e-46
1.60274253838742e-50	0.273312073653167	0.874	0.655	5.17445428518379e-46
1.62027679126077e-50	0.28012162825933	0.324	0.154	5.23106362058541e-46
3.35392337901422e-50	0.305836455414913	0.871	0.633	1.08281416291474e-45
3.57102601437769e-50	0.354717846022383	0.655	0.431	1.15290574874184e-45
4.13242095550901e-50	-0.334769527965652	0.958	0.909	1.33415210548608e-45
6.38034142163524e-50	-0.634004230883206	0.317	0.419	2.05989322797494e-45
8.0030449931235e-50	-0.466432791190457	0.795	0.752	2.58378307602992e-45
1.97065940918324e-49	-0.394598023635457	0.082	0.192	6.3622739025481e-45
2.68071230210119e-49	-0.432209971905201	0.764	0.767	8.6546796673337e-45
1.26310418291413e-48	-0.456670247750943	0.75	0.701	4.07793185453828e-44
1.48484924998148e-48	-0.550685882042837	0.435	0.483	4.79383580356521e-44
5.71919311526244e-48	0.322113401885824	0.867	0.656	1.84644149726248e-43
7.28171092519741e-48	0.672842877121402	0.535	0.379	2.35090037219998e-43
8.09008111537475e-48	0.29226692012219	0.213	0.084	2.61188268809874e-43
8.2637332608238e-48	0.290512530791073	0.721	0.475	2.66794628325696e-43
8.73829254837197e-48	-0.719899558701814	0.526	0.576	2.82115774924189e-43
1.39368111674593e-47	-0.594763549312281	0.203	0.317	4.49949948541424e-43
1.72802275877938e-47	-0.54462429140491	0.206	0.314	5.57892147671923e-43
1.76985181104456e-47	0.26016171092025	0.583	0.356	5.71396657195735e-43
3.728063171979e-47	-0.435910542988392	0.827	0.755	1.20360519507342e-42
7.77915246767792e-47	-0.513658523635151	0.211	0.32	2.51149937418982e-42
8.91563867844678e-47	0.275917756036745	0.341	0.168	2.87841394733654e-42
1.31259573301101e-46	-0.371372357086553	0.045	0.138	4.23771532402605e-42
1.98477524907089e-46	-0.583908083592648	0.532	0.549	6.40784689162538e-42
3.01861377735786e-46	0.29843266918016	0.496	0.295	9.74559458019984e-42
9.10590456132345e-46	0.290501420639584	0.171	0.059	2.93984128762328e-41
1.92191714588869e-45	-0.343927160909269	0.071	0.171	6.20490950550163e-41
2.54438166459812e-45	-0.55081856973073	0.317	0.408	8.21453620415504e-41
6.17750861529895e-45	-0.627586436533326	0.401	0.491	1.99440865644927e-40
9.18012514476672e-45	0.262382973314326	0.916	0.728	2.96380340298794e-40
9.29268356866387e-45	-0.489828416721175	0.787	0.736	3.00014289014313e-40
9.59387283617618e-45	-0.546375532225876	0.589	0.6	3.09738184515948e-40
1.36341051573677e-44	-0.255044532765256	0.032	0.113	4.40177085005618e-40
5.20502354666629e-44	0.291048306719456	0.963	0.865	1.68044185204121e-39
5.8791962891118e-44	-0.530080398595144	0.429	0.508	1.89809852193975e-39
8.93318942099561e-44	-0.416183827687181	0.154	0.27	2.88408020456843e-39
2.52746875613303e-43	-0.502875318408673	0.465	0.55	8.15993287917548e-39
2.55761098523374e-43	-0.328615194143718	0.038	0.12	8.25724706582713e-39
4.65592202081399e-43	0.253870440769838	0.817	0.588	1.5031644244198e-38
8.94602978508751e-43	-0.5321537048478	0.226	0.323	2.8882257161155e-38
1.03117708035687e-42	0.297417118947351	0.714	0.463	3.32915520393217e-38
1.16808269011974e-42	-0.548756930833289	0.317	0.411	3.77115496505159e-38
1.50730075542102e-42	-0.463097927869017	0.046	0.136	4.86632048887676e-38
3.43938526305508e-42	-0.329462899971121	0.067	0.159	1.11040553217733e-37
6.83277820742299e-42	-0.554544098163814	0.385	0.479	2.20596244426651e-37
7.04700582089413e-42	-0.537162273929299	0.291	0.376	2.27512582927567e-37
1.11790912188204e-41	-0.492152165406834	0.181	0.288	3.60916959999615e-37
1.39692467243596e-41	0.385577246378411	0.87	0.696	4.50997130495951e-37
1.62556202201103e-41	-0.31642395126946	0.895	0.844	5.24812698806261e-37
2.27151015509216e-41	-0.567077294961796	0.221	0.326	7.33357053571505e-37
4.30200490750342e-41	0.31245406613703	0.517	0.306	1.38890228438748e-36
5.95255781534251e-41	0.412385076016678	0.938	0.877	1.92178329068333e-36
7.2145667483365e-41	-0.349606602684294	0.97	0.952	2.32922287470044e-36
7.44319426205164e-41	-0.584356476531191	0.47	0.52	2.40303526750337e-36
9.14764295337811e-41	-0.490522009742407	0.584	0.567	2.95331652749812e-36
1.12818062427502e-40	-0.625816946446967	0.651	0.634	3.6423311454719e-36
1.20440196096668e-40	0.358945964842456	0.917	0.788	3.88841173098093e-36
1.27785642978625e-40	-0.378032139753467	0.132	0.235	4.12555948356492e-36
1.35199187825636e-40	0.441585478089863	0.231	0.107	4.36490577895067e-36
1.81685758128661e-40	-0.517396064291743	0.35	0.422	5.86572470118382e-36
1.8377546492996e-40	-0.38021909009123	0.88	0.825	5.93319088526376e-36
3.22182160466111e-40	-0.528163420868325	0.423	0.463	1.04016510506484e-35
3.46049832611353e-40	-0.528798685486208	0.572	0.583	1.11722188458575e-35
4.92156915320154e-40	-0.250474665373401	0.994	0.984	1.58892860111112e-35
8.29503494026935e-40	-0.407612875510995	0.108	0.206	2.67805203046596e-35
1.60108813398627e-39	-0.3456722610348	0.054	0.14	5.16911304057466e-35
2.47566914419346e-39	-0.279395639493143	0.942	0.925	7.99269783202858e-35
3.16956579697652e-39	0.255353348944479	0.878	0.676	1.02329431755387e-34
3.81131388321813e-39	0.266891603046064	0.976	0.902	1.23048268719697e-34
4.94225322983596e-39	-0.571256846553227	0.658	0.625	1.59560645525254e-34
6.80155471281694e-39	-0.489640933522705	0.343	0.421	2.19588193903295e-34
7.31923844331097e-39	-0.459444941183285	0.863	0.795	2.36301613142295e-34
8.58637114813599e-39	-0.363119882058774	0.828	0.78	2.77210992517571e-34
8.89318072301708e-39	-0.59089501844898	0.538	0.556	2.87116339642606e-34
1.03709643174779e-38	-0.250834828010598	0.032	0.105	3.34826582989775e-34
2.83685127030182e-38	-0.510686918471006	0.441	0.466	9.15877432616943e-34
2.94367794095149e-38	0.301832899012001	0.112	0.03	9.5036642323619e-34
3.15048690900503e-38	-0.447806439120654	0.787	0.728	1.01713469857228e-33
1.50868886228326e-37	-0.497447650582946	0.318	0.392	4.87080199188151e-33
3.44927309795448e-37	0.347165844498026	0.608	0.416	1.11359781967461e-32
5.0030144240087e-37	-0.47585839535579	0.489	0.502	1.61522320679121e-32
5.04727187751971e-37	-0.5307649460421	0.456	0.488	1.62951172565724e-32
5.77208629289647e-37	-0.564318363453815	0.638	0.632	1.86351805966162e-32
1.11415005841078e-36	0.370984455221922	0.917	0.792	3.5970334635792e-32
1.40497242027257e-36	-0.474499001952332	0.198	0.29	4.53595345884998e-32
1.80228535152633e-36	-0.590841536726444	0.387	0.434	5.81867825740274e-32
1.98556102246216e-36	-0.413389706702521	0.777	0.722	6.41038376101907e-32
2.16692610014367e-36	-0.497998155672229	0.526	0.521	6.99592091431384e-32
2.51582705222308e-36	-0.448656631653574	0.264	0.347	8.12234763810221e-32
4.15146927112559e-36	-0.557727697244655	0.353	0.414	1.3403018541829e-31
5.12173195934735e-36	-0.519991880882134	0.447	0.472	1.65355116307529e-31
5.41322969389649e-36	-0.469443881885341	0.605	0.588	1.74766120667448e-31
7.51253227271518e-36	-0.452630921940779	0.815	0.772	2.4254210442461e-31
1.35019025516574e-35	0.279345875102264	0.723	0.514	4.35908923880258e-31
2.11274686480044e-35	-0.474192440885446	0.256	0.344	6.82100325300823e-31
2.41727190518379e-35	-0.519551251343503	0.495	0.504	7.80416234588587e-31
3.01067486910404e-35	-0.288743859545421	0.926	0.876	9.7199638149024e-31
3.18988117016432e-35	-0.309928042981664	0.894	0.822	1.02985313578755e-30
3.63524312001246e-35	-0.417570267124724	0.823	0.745	1.17363824129602e-30
3.7080472458792e-35	-0.26902909561438	0.034	0.104	1.1971430533321e-30
1.05034221813359e-34	-0.416755796003971	0.182	0.27	3.39102985124431e-30
1.76144102494348e-34	-0.368717858882488	0.113	0.201	5.68681234903004e-30
4.21860965357058e-34	0.359599484510526	0.737	0.548	1.36197812665526e-29
4.44037179529216e-34	0.282626986567097	0.495	0.314	1.43357403411008e-29
5.28501003089596e-34	-0.501865456066013	0.529	0.52	1.70626548847476e-29
6.2159350728942e-34	0.282615661560228	0.235	0.117	2.00681463828389e-29
7.26729904279227e-34	-0.480913326099764	0.574	0.59	2.34624749596548e-29
7.32034999235458e-34	-0.557726426643753	0.935	0.869	2.36337499503168e-29
1.2234865143925e-33	-0.333536127358194	0.828	0.76	3.9500262117162e-29
2.45444991632054e-33	-0.604730719803024	0.265	0.35	7.92419155484086e-29
2.78791467903248e-33	-0.356073539140579	0.096	0.181	9.00078254125635e-29
2.9784975960836e-33	-0.476442835614114	0.48	0.497	9.61607948895589e-29
3.39339177614793e-33	-0.392034134191231	0.8	0.725	1.09555653492936e-28
4.26112413984831e-33	-0.332564639041262	0.931	0.865	1.37570392855003e-28
6.63037993965448e-33	-0.601319614420723	0.387	0.434	2.14061816351745e-28
8.03674232081115e-33	-0.303936264701429	0.897	0.838	2.59466225827388e-28
1.14440107609923e-32	-0.304855973268504	0.198	0.308	3.69469887418636e-28
1.20661723989542e-32	-0.264676088802663	0.069	0.148	3.89556375900236e-28
2.00230337678499e-32	-0.399180779889778	0.7	0.657	6.46443645195033e-28
4.66676771748886e-32	-0.431968629440219	0.214	0.291	1.50666595759128e-27
5.59841672897849e-32	-0.524347870704335	0.505	0.511	1.8074488409507e-27
1.31829114720645e-31	-0.400818059366668	0.784	0.721	4.25610296875602e-27
1.40741063767566e-31	-0.476990370157175	0.214	0.304	4.54382524373587e-27
2.56605909083668e-31	-0.451531921523991	0.729	0.676	8.28452177476622e-27
3.54214632348143e-31	-0.512128175096155	0.596	0.607	1.14358194053598e-26
3.6390030252756e-31	-0.425650880203434	0.644	0.594	1.17485212671023e-26
4.80629358270661e-31	0.294613341315178	0.281	0.156	1.55171188317683e-26
5.06441979744566e-31	-0.488854889782085	0.216	0.302	1.63504793160533e-26
6.01485423016366e-31	-0.36355286539622	0.138	0.221	1.94189568820834e-26
6.54674779773231e-31	-0.400713113119219	0.732	0.688	2.11361752649788e-26
9.44802747837652e-31	-0.3535333127545	0.818	0.765	3.05029567139386e-26
1.2528298574187e-30	-0.28338901986166	0.07	0.147	4.04476119467628e-26
1.63809425541063e-30	-0.280287389665387	0.072	0.148	5.28858730359322e-26
1.7210075005141e-30	0.3201746959229	0.381	0.239	5.55627271540977e-26
2.84079277450657e-30	-0.403498952400091	0.749	0.68	9.17149947249445e-26
4.60528469350653e-30	-0.494137893760503	0.313	0.364	1.48681616329858e-25
7.64673786587457e-30	-0.393301332049194	0.148	0.233	2.4687493199976e-25
8.59822557069818e-30	-0.568643576925774	0.4	0.442	2.77593712549991e-25
9.77541295862784e-30	-0.562098313993484	0.163	0.258	3.155992073693e-25
1.45596798226387e-29	-0.369979807099309	0.739	0.668	4.7005926307389e-25
4.16066196543289e-29	0.351613884009905	0.909	0.817	1.34326971554001e-24
4.88837153855065e-29	-0.417822570865921	0.696	0.647	1.57821075122108e-24
5.03773117440405e-29	-0.352080281733538	0.154	0.234	1.62643150965635e-24
5.32609327561013e-29	-0.517399774490376	0.521	0.509	1.71952921403073e-24
5.52610592043418e-29	-0.319506045183147	0.416	0.514	1.78410329641217e-24
7.92321747061946e-29	-0.251726036378149	0.056	0.125	2.55801076038949e-24
8.7398129923186e-29	-0.416153774286376	0.244	0.314	2.82164862457006e-24
9.15301704033799e-29	-0.277624486954835	0.043	0.109	2.95505155147312e-24
9.44533411738273e-29	-0.367551578190865	0.85	0.798	3.04942611979701e-24
1.27330786760614e-28	-0.332116773988682	0.707	0.678	4.11087445056642e-24
1.34026221022533e-28	-0.438698081509515	0.287	0.356	4.32703654571249e-24
1.80993420911181e-28	-0.482080101045289	0.774	0.706	5.84337259411747e-24
3.33134919021493e-28	-0.494189702731451	0.33	0.381	1.07552608606089e-23
3.4758987035155e-28	0.455903033826846	0.721	0.598	1.12219389642998e-23
4.5899769293301e-28	-0.312061233321024	0.912	0.885	1.48187405163422e-23
5.66928600049406e-28	-0.421671529668648	0.171	0.249	1.83032898525951e-23
6.61730657668104e-28	0.281970807103197	0.497	0.336	2.13639742828147e-23
7.03932673479823e-28	-0.272101644678782	0.074	0.149	2.27264663632961e-23
7.94328078959756e-28	-0.319708588846228	0.785	0.707	2.56448820292157e-23
8.39870155815431e-28	-0.716512320943673	0.272	0.331	2.71152079805012e-23
8.49642242205085e-28	-0.321472423502331	0.101	0.177	2.74306997895912e-23
1.06739037864285e-27	-0.334441419452362	0.809	0.742	3.44606983744844e-23
1.41375027793359e-27	-0.296599095594708	0.082	0.158	4.56429277230861e-23
2.10799910604982e-27	-0.455245301388562	0.407	0.44	6.80567511388183e-23
9.00353225361758e-27	0.27318013149214	0.994	0.973	2.90679038808044e-22
1.22149094329253e-26	-0.413163222263887	0.721	0.663	3.94358351041993e-22
1.50643750978497e-26	-0.473843030072919	0.256	0.32	4.86353350034077e-22
1.34585421745936e-25	-0.263299808575354	0.063	0.128	4.34509034106753e-21
2.09338515844372e-25	-0.311656351075778	0.812	0.73	6.75849398403555e-21
2.16436314096554e-25	-0.439927203400788	0.484	0.481	6.98764640060726e-21
2.16984430089812e-25	-0.427114705088307	0.486	0.526	7.00534232544957e-21
1.49975435989066e-24	-0.429686413479733	0.429	0.458	4.84195695090699e-20
1.6421007863416e-24	-0.426889026659654	0.51	0.521	5.30152238870387e-20
1.89160209510897e-24	-0.583255657308717	0.234	0.307	6.10703736405932e-20
2.17922829874236e-24	-0.330189748705816	0.05	0.111	7.03563856248969e-20
3.54353793407e-24	-0.262630562142866	0.07	0.136	1.1440312220145e-19
4.12934532366218e-24	-0.437413662740722	0.326	0.39	1.33315913774433e-19
5.10096146275543e-24	0.270803853367224	0.883	0.757	1.64684540825059e-19
6.57501951388598e-24	-0.524850913683316	0.358	0.394	2.12274505005809e-19
7.02185039129651e-24	-0.452808112283394	0.453	0.452	2.26700439883008e-19
7.73297142703699e-24	-0.29170177432709	0.078	0.146	2.49658982521889e-19
1.12281617890394e-23	-0.352168074798782	0.124	0.193	3.62501203359139e-19
1.42570599782705e-23	-0.295153647142229	0.094	0.162	4.60289181398463e-19
1.44783521313323e-23	-0.252907001333311	0.071	0.135	4.67433598560064e-19
1.85078552014276e-23	-0.477311555958748	0.56	0.553	5.9752610517809e-19
1.95908423366852e-23	-0.261988493888679	0.058	0.12	6.32490344839881e-19
1.9624736879832e-23	-0.354912134949722	0.2	0.266	6.33584630165377e-19
4.36616309952829e-23	-0.312683971386435	0.771	0.754	1.40961575668271e-18
4.5671219007265e-23	-0.337814336411121	0.74	0.654	1.47449530564955e-18
7.52137981525762e-23	-0.382096115927205	0.196	0.264	2.42827747335592e-18
1.01346740634074e-22	-0.300379988736643	0.453	0.538	3.27197952137107e-18
1.40321940983982e-22	-0.424570544270571	0.566	0.538	4.53029386466786e-18
1.71932549735378e-22	-0.315952877514478	0.794	0.708	5.55084236820669e-18
1.90479897222544e-22	-0.284844718838932	0.079	0.144	6.14964348182985e-18
2.33960060513803e-22	-0.448991417381418	0.334	0.364	7.55340055368814e-18
3.47351096478755e-22	-0.436318672249536	0.434	0.443	1.12142301498166e-17
3.56353422467468e-22	-0.391027973475658	0.73	0.664	1.15048702443622e-17
5.32449543115733e-22	-0.361526257167217	0.66	0.605	1.71901334994915e-17
5.82394017210133e-22	-0.32294326164235	0.679	0.609	1.88025908456291e-17
1.36900246688418e-21	-0.476678106581569	0.047	0.103	4.41982446433557e-17
1.4304960764143e-21	-0.421182528879908	0.296	0.34	4.61835658270357e-17
1.59515846322169e-21	-0.468163924022806	0.098	0.169	5.14996909851122e-17
1.60754947081453e-21	-0.389758045453299	0.182	0.256	5.18997346652472e-17
1.66808063067274e-21	-0.327577093751179	0.21	0.278	5.38539831612694e-17
1.7443514749011e-21	-0.341573448300929	0.153	0.223	5.6316387367182e-17
1.77794133752697e-21	-0.286510652392009	0.094	0.158	5.74008360820583e-17
1.93812946651699e-21	-0.414762844987811	0.659	0.613	6.2572509826501e-17
2.22196505538493e-21	-0.421578014058904	0.155	0.224	7.17361418131025e-17
2.46138332868353e-21	-0.266656236798863	0.072	0.137	7.94657607665478e-17
3.04690962179808e-21	-0.379417873090037	0.53	0.498	9.83694771397509e-17
3.82759442431331e-21	-0.250363991761122	0.932	0.935	1.23573885988955e-16
4.37742785376919e-21	-0.396851150676711	0.114	0.182	1.41325258258938e-16
5.37308183609061e-21	-0.396428687408671	0.592	0.562	1.73469947078185e-16
5.47351417028407e-21	-0.378549486860011	0.705	0.664	1.76712404987621e-16
6.66397759822912e-21	-0.346844748264366	0.77	0.678	2.15146516758827e-16
1.18872767238329e-20	-0.352785775131145	0.186	0.247	3.83780729028946e-16
1.70830627603807e-20	-0.547580835271524	0.429	0.441	5.51526681218892e-16
1.92593603999285e-20	-0.413432087581532	0.506	0.479	6.21788450511692e-16
2.17843905478289e-20	-0.390444472022945	0.703	0.636	7.03309048836657e-16
3.14715921250201e-20	-0.420068923113111	0.306	0.351	1.01606035175627e-15
3.35623160931034e-20	-0.334668296766495	0.112	0.176	1.08355937506584e-15
4.22100820979336e-20	-0.298249350544887	0.642	0.597	1.36275250053179e-15
1.02906729372663e-19	-0.413101809915046	0.562	0.537	3.32234375779641e-15
1.0865794486289e-19	-0.486854890459155	0.32	0.358	3.50802174989841e-15
1.31898744711755e-19	-0.347653884949029	0.79	0.726	4.25835097301901e-15
1.54507411221069e-19	-0.438062532762	0.688	0.642	4.98827177127222e-15
1.75999368331009e-19	-0.311108060850032	0.809	0.717	5.68213960656661e-15
2.4311744984748e-19	-0.381981959659097	0.271	0.318	7.84904686832589e-15
6.06198669548454e-19	-0.417861115374184	0.287	0.322	1.95711240463718e-14
7.82444690277763e-19	-0.386055098736989	0.328	0.365	2.52612268256176e-14
9.49466797222052e-19	-0.352310478203225	0.217	0.277	3.0653535548314e-14
1.01626990517508e-18	-0.341373515264626	0.595	0.536	3.28102738885775e-14
1.22060566865396e-18	-0.308041807782576	0.118	0.177	3.9407254012493e-14
1.3383532592865e-18	-0.289012689094928	0.868	0.771	4.32087349760647e-14
2.43883517549023e-18	-0.395642665032743	0.45	0.478	7.87377936407021e-14
5.64993374306095e-18	-0.302322785149244	0.819	0.713	1.82408110894723e-13
5.74897901201078e-18	-0.387353512652461	0.468	0.457	1.85605787402768e-13
6.15589163498491e-18	-0.25561480934698	0.083	0.139	1.98742961435488e-13
7.11552343477334e-18	-0.432184416363133	0.44	0.429	2.29724674091657e-13
8.33516801994048e-18	-0.252119957685219	0.066	0.119	2.69100899523778e-13
9.00150565922424e-18	-0.35696384910287	0.157	0.212	2.90613610208055e-13
1.03400191199334e-17	0.334264871828753	0.148	0.081	3.33827517287049e-13
1.29119877388173e-17	-0.548453245467477	0.446	0.443	4.16863524147718e-13
1.33832984388978e-17	-0.394373322204673	0.61	0.566	4.32079790099815e-13
1.39232877300583e-17	-0.414088917518686	0.867	0.775	4.49513344364933e-13
1.57999616530514e-17	-0.261325213975368	0.928	0.872	5.10101761968765e-13
1.58073008201234e-17	0.285054450931583	0.802	0.771	5.10338706977683e-13
1.81413904743633e-17	-0.28125104832072	0.769	0.673	5.85694791464819e-13
3.35600136198239e-17	-0.340702244231355	0.211	0.26	1.08348503971601e-12
3.48032530179473e-17	-0.407665396556638	0.497	0.475	1.12362302368443e-12
3.78299742264615e-17	-0.37082464480791	0.191	0.243	1.22134071790131e-12
4.23268595993496e-17	-0.358962758570021	0.723	0.639	1.366522662165e-12
6.12068103160565e-17	-0.41254149137277	0.478	0.487	1.97606187105388e-12
6.68210990861393e-17	-0.260582973581531	0.07	0.122	2.15731918399601e-12
7.76849189434628e-17	-0.359437270380553	0.596	0.529	2.5080576080897e-12
8.17314829415535e-17	-0.366854225533108	0.66	0.609	2.63870092676806e-12
9.12845717804831e-17	-0.457320879540323	0.45	0.451	2.9471223999329e-12
1.03396189186568e-16	-0.386744236399484	0.422	0.454	3.33814596788834e-12
1.20853994934912e-16	-0.321118203872247	0.115	0.169	3.90177122647364e-12
1.26340681331873e-16	-0.28401153861412	0.128	0.184	4.07890889679952e-12
1.31052426499372e-16	-0.391850858956741	0.268	0.307	4.23102758953221e-12
1.32962481620955e-16	-0.342653199685285	0.215	0.27	4.29269371913253e-12
1.55173798921522e-16	-0.267278156678986	0.847	0.746	5.00978609818133e-12
1.60497411584489e-16	-0.367886082961163	0.701	0.649	5.18165893300522e-12
2.18665064247405e-16	-0.432485341638892	0.304	0.341	7.05960159922748e-12
5.10105097912247e-16	-0.277175050643267	0.149	0.202	1.64687430860969e-11
6.30515456512936e-16	-0.312725532918602	0.684	0.65	2.03561915135201e-11
6.60693416599632e-16	-0.387555114151156	0.313	0.342	2.13304869549191e-11
9.96922027956896e-16	-0.339129641908542	0.129	0.185	3.21856276725884e-11
1.27752300725012e-15	-0.289088541380042	0.134	0.185	4.12448302890702e-11
1.31382383854489e-15	-0.325264009957095	0.176	0.228	4.24168026274217e-11
2.99351096880346e-15	-0.379674482039087	0.384	0.381	9.66455016278196e-11
3.12268922606473e-15	0.40761133900293	0.406	0.298	1.008160216635e-10
3.6312515917346e-15	-0.368167714337495	0.295	0.318	1.17234957639151e-10
3.77062092914696e-15	-0.340145066294558	0.2	0.248	1.2173449669751e-10
5.09756630222099e-15	-0.472889507454228	0.497	0.482	1.64574928067205e-10
5.44019624636661e-15	-0.326640685046738	0.251	0.29	1.75636735813946e-10
6.76464778566832e-15	-0.354938232459476	0.148	0.202	2.18396653760302e-10
1.2397587119212e-14	-0.397230371222264	0.434	0.431	4.00256100143758e-10
1.51270275705228e-14	-0.35091776021373	0.219	0.259	4.88376085114327e-10
1.68945704319081e-14	-0.335284206583458	0.197	0.24	5.45441206394153e-10
1.76379799613286e-14	-0.306980171362503	0.142	0.193	5.69442183051495e-10
1.91703673158016e-14	-0.357841481002861	0.24	0.277	6.18915308790655e-10
4.25727045144288e-14	-0.309114719980643	0.636	0.591	1.37445976524833e-09
4.59041775264615e-14	-0.327707619890027	0.204	0.248	1.48201637144181e-09
6.32081864295497e-14	-0.363575269285256	0.45	0.431	2.04067629887801e-09
6.54025845853316e-14	-0.289098960248815	0.155	0.201	2.11152244333743e-09
1.35398737760524e-13	-0.286382578222695	0.808	0.754	4.37134824859851e-09
1.54409330682038e-13	-0.372249967957682	0.392	0.385	4.9851052410696e-09
1.7872096752667e-13	-0.36882518922953	0.292	0.318	5.77000643659855e-09
3.08121343821863e-13	-0.359703137620674	0.507	0.461	9.94769758528885e-09
4.25677070543546e-13	-0.254025275928404	0.978	0.946	1.37429842224984e-08
4.43468417462346e-13	-0.297766377316024	0.131	0.177	1.43173778577718e-08
6.95514328593648e-13	-0.375016525700179	0.319	0.337	2.24546800986459e-08
9.07730376716606e-13	-0.378499334601183	0.245	0.283	2.93060752122956e-08
1.72840355828526e-12	-0.342078065132401	0.313	0.33	5.58015088792397e-08
2.01191935577371e-12	-0.258702915337605	0.819	0.722	6.49548164011542e-08
2.14693621745006e-12	-0.308534908985337	0.609	0.533	6.93138357803753e-08
2.22801728268288e-12	-0.293789755494586	0.151	0.198	7.19315379714167e-08
2.72346101545191e-12	-0.424939020402719	0.506	0.456	8.7926938883865e-08
3.01440544635724e-12	-0.452774234766798	0.444	0.44	9.73200798356434e-08
3.1886186245134e-12	-0.267599410099528	0.106	0.15	1.02944552292415e-07
3.5114136662364e-12	-0.340892633345136	0.412	0.399	1.13365990214442e-07
3.79036255804466e-12	-0.27963658318048	0.856	0.752	1.22371855186472e-07
4.43488115325266e-12	-0.436912051304918	0.616	0.57	1.43180138032762e-07
4.54040931702966e-12	0.52792244549665	0.464	0.381	1.46587114800302e-07
5.76773122473926e-12	-0.269063456335163	0.974	0.931	1.86211202590707e-07
6.54061675927553e-12	-0.307249650376323	0.257	0.295	2.11163812073211e-07
6.94273842659555e-12	-0.277353864225725	0.668	0.568	2.24146310102637e-07
7.82737936194852e-12	-0.369055340227871	0.409	0.391	2.52706942700508e-07
7.93854221084888e-12	-0.385465706973775	0.384	0.382	2.56295835277256e-07
9.0418914130867e-12	-0.267779342798987	0.747	0.66	2.91917464271504e-07
9.34415034305897e-12	-0.252130888759754	0.146	0.188	3.01675893825659e-07
1.14269329960853e-11	-0.266237813990908	0.165	0.205	3.68918531778614e-07
1.27551521982843e-11	-0.361856422628084	0.172	0.214	4.11800088721609e-07
1.39010341974351e-11	-0.26555843639008	0.778	0.692	4.48794889064192e-07
1.62749602419075e-11	-0.297043460329571	0.159	0.201	5.25437091409984e-07
2.06302966997389e-11	-0.25535847307956	0.132	0.173	6.6604912895107e-07
2.92635373928409e-11	-0.339692294676081	0.36	0.361	9.44773304727869e-07
3.42259826030618e-11	-0.287841512546714	0.116	0.156	1.10498584833985e-06
3.44312686424568e-11	-0.290757199650498	0.196	0.236	1.11161350812172e-06
3.67114215966808e-11	-0.315549541641857	0.264	0.295	1.18522824624884e-06
4.2031700696797e-11	-0.635577531146073	0.253	0.299	1.35699345699609e-06
5.21794556559195e-11	-0.286014920370802	0.74	0.631	1.68461372585136e-06
5.91926948253517e-11	-0.288660461157895	0.19	0.227	1.91103615243648e-06
5.99722772207999e-11	-0.302533809641615	0.447	0.454	1.93620497007353e-06
6.08016780659357e-11	-0.375918073322163	0.302	0.313	1.96298217635873e-06
1.02574261050298e-10	-0.319776699993621	0.272	0.289	3.31161001800885e-06
1.06532650832605e-10	-0.367716316384225	0.457	0.424	3.43940663213066e-06
1.39826148240653e-10	-0.302397598327916	0.666	0.554	4.51428719594948e-06
1.43735013425253e-10	-0.324676450896459	0.184	0.222	4.64048490843431e-06
1.46557979589796e-10	-0.286183934838432	0.178	0.217	4.73162437105657e-06
1.48417655474755e-10	-0.300388885380297	0.451	0.451	4.79166400700246e-06
1.70349309951268e-10	-0.312107218341949	0.133	0.174	5.4997274717767e-06
1.7847506751525e-10	-0.359668398872788	0.433	0.417	5.76206755472984e-06
2.18513168848555e-10	-0.359200768570827	0.255	0.278	7.05469765627561e-06
2.61070173549923e-10	0.27494001065449	0.864	0.786	8.42865055305927e-06
2.91481862335099e-10	-0.289767168479831	0.159	0.2	9.41049192548869e-06
4.97037768308675e-10	-0.334037827521941	0.553	0.498	1.60468643498456e-05
6.59322289734389e-10	-0.254355572771833	0.125	0.162	2.12862201240747e-05
8.67400219032877e-10	-0.326329133981095	0.549	0.506	2.80040160714764e-05
8.79893354874498e-10	-0.34779725379995	0.248	0.278	2.84073569621232e-05
8.92521381401074e-10	-0.31087276686529	0.207	0.235	2.88150527985337e-05
1.05505328319065e-09	-0.284159119442544	0.695	0.603	3.406239524781e-05
1.1134729254285e-09	-0.364012504604782	0.285	0.304	3.5948473397459e-05
1.16533530405399e-09	0.343885143109748	0.597	0.519	3.7622850291383e-05
1.56296155550493e-09	-0.252256533087374	0.77	0.668	5.04602138194768e-05
1.75962143575138e-09	-0.279637918504556	0.096	0.134	5.68093780532333e-05
1.76479774692923e-09	-0.290875195012267	0.166	0.197	5.69764952596101e-05
2.03677315123172e-09	-0.301490706428594	0.669	0.567	6.57572211875162e-05
2.05234655267266e-09	-0.286590205207019	0.565	0.492	6.6260008453037e-05
2.33902891725051e-09	-0.251744069578937	0.154	0.188	7.55155485934327e-05
2.49896735177181e-09	-0.34409200286598	0.601	0.542	8.06791609519529e-05
2.52907166257371e-09	-0.384030798392295	0.368	0.365	8.16510786261922e-05
2.56466687943602e-09	-0.304145667985023	0.738	0.664	8.2800270202592e-05
2.9560370802281e-09	-0.251445538087294	0.102	0.137	9.54356571351641e-05
3.13398666336409e-09	-0.330620711941577	0.271	0.284	0.000101180759426709
3.60854201892952e-09	-0.26090737533702	0.893	0.767	0.000116501779081139
4.45283535683892e-09	-0.36230023695657	0.31	0.312	0.000143759789495545
5.26257168081021e-09	-0.296519856558174	0.717	0.624	0.000169902126714958
5.88961065115818e-09	-0.332394715923531	0.222	0.247	0.000190146079872642
6.29299215857804e-09	-0.263327876214747	0.125	0.16	0.000203169251839692
6.38980927904923e-09	-0.307892446410312	0.285	0.297	0.000206294992574104
1.25092272430932e-08	-0.261983588728097	0.194	0.223	0.000403860401543264
1.42199641399095e-08	-0.287589407499627	0.51	0.444	0.000459091542256979
1.87218891961312e-08	-0.270691153271458	0.19	0.217	0.000604436192697097
1.87415762319484e-08	-0.263181241036887	0.718	0.606	0.000605071788648453
2.31702861649968e-08	-0.39583718709398	0.388	0.368	0.000748052688836921
2.38069233244739e-08	-0.320344491839708	0.179	0.21	0.00076860651953064
2.6992846405185e-08	-0.319714774322377	0.241	0.261	0.000871464046191398
2.81068707835643e-08	-0.294098683274684	0.243	0.263	0.000907430323247374
3.48481101778902e-08	-0.308431162470058	0.253	0.27	0.00112507123709319
4.03706243828482e-08	-0.300929047885396	0.411	0.398	0.00130336560820025
4.48058890866059e-08	-0.320981407131452	0.255	0.273	0.00144655812916107
4.97446262787552e-08	-0.419138260912502	0.359	0.361	0.00160600525940961
5.68847367954546e-08	-0.303217749877019	0.636	0.537	0.00183652372744125
6.27132992003828e-08	-0.25561996824389	0.708	0.597	0.00202469886468436
7.54444165017943e-08	-0.267859825678621	0.777	0.67	0.00243572298676043
7.95902057317099e-08	-0.355440714440338	0.664	0.559	0.00256956979204826
9.2055845482142e-08	-0.332213495214838	0.386	0.358	0.00297202297139095
9.47467125875976e-08	-0.41512088307368	0.323	0.332	0.00305889761589059
1.08786908208632e-07	-0.315606172704455	0.284	0.292	0.0035121853315157
1.09396383454446e-07	-0.318337745675286	0.392	0.375	0.00353186223982681
1.10602581595525e-07	0.299140786721666	0.779	0.737	0.00357080434681151
1.13718402732042e-07	-0.351321685997506	0.208	0.228	0.00367139863220397
1.16244953531507e-07	-0.301451703844759	0.231	0.245	0.0037529683247647
2.26528619363053e-07	-0.321323719803643	0.259	0.27	0.00731347647613617
2.63372695019978e-07	-0.335056580462959	0.398	0.375	0.00850298745871998
2.7658274461847e-07	-0.290160348522428	0.393	0.366	0.00892947391000731
2.78716338367643e-07	-0.347208526837554	0.467	0.426	0.00899835698419936
3.11408763481018e-07	-0.296969093002219	0.522	0.457	0.0100538319289847
3.55193925161467e-07	-0.26532578107004	0.701	0.58	0.011467435873838
4.35727388639038e-07	-0.306429391196357	0.344	0.333	0.0140674587422114
4.44094960733188e-07	-0.310179287757662	0.503	0.44	0.014337605807271
4.44817515610005e-07	-0.320723472357339	0.244	0.26	0.014360933491469
4.94876429337783e-07	-0.329280629760089	0.643	0.545	0.0159770855211703
5.78757409630418e-07	-0.32475464422532	0.497	0.439	0.018685182969918
5.93855498078255e-07	-0.31105371443352	0.354	0.338	0.0191726247554565
7.2612015121615e-07	-0.39793848141848	0.37	0.351	0.0234427890820134
7.62248353788621e-07	-0.296001130247018	0.221	0.234	0.0246091881020656
8.36750509396981e-07	-0.290280849264162	0.648	0.537	0.0270144901958815
8.77253512362343e-07	-0.312082282273912	0.369	0.348	0.0283221296466182
8.9206719635041e-07	-0.277684796654712	0.647	0.539	0.028800389434173
9.81700014312699e-07	-0.274938412335882	0.215	0.23	0.0316941849620855
1.03760373972323e-06	-0.324910486938415	0.286	0.292	0.0334990367369645
1.11371026852352e-06	-0.271918382728866	0.89	0.778	0.035956136019282
1.46322799718162e-06	-0.281748819736169	0.288	0.293	0.0472403158890087
1.65936143656361e-06	-0.506109670031826	0.479	0.431	0.0535724839794562
1.68618053688431e-06	-0.272264430619195	0.255	0.267	0.05443833863331
1.72196614175957e-06	-0.294008097527271	0.657	0.553	0.0555936768867076
1.88271185104225e-06	-0.292665532036901	0.257	0.261	0.0607833521108991
1.8936444877548e-06	-0.269023932951091	0.652	0.547	0.0611363122871637
1.96286564033825e-06	-0.327810566377056	0.421	0.393	0.0633711171983203
1.98960236731414e-06	-0.262505810699785	0.238	0.248	0.0642343124287371
2.03947219199922e-06	-0.321034247934473	0.387	0.369	0.0658443597186947
2.74812037994182e-06	-0.292813706541994	0.899	0.813	0.0887230664664215
2.83942797625568e-06	-0.307392496837064	0.232	0.245	0.0916709322134146
3.10615808675064e-06	-0.252663895318508	0.698	0.59	0.100282313830744
3.22438257158186e-06	-0.30083916780073	0.488	0.441	0.10409919132352
3.64408953303376e-06	-0.2601550456336	0.175	0.196	0.117649430573995
3.78579158144113e-06	-0.288171338041162	0.622	0.566	0.122224281206827
4.30544438655834e-06	-0.273907439868992	0.46	0.445	0.139001272020036
4.92301717208057e-06	-0.29835682705696	0.203	0.219	0.158939609400621
5.52872081301732e-06	-0.303189902270907	0.238	0.247	0.178494751448264
5.59926498214572e-06	-0.337519341543413	0.704	0.588	0.180772269948575
9.48077057621088e-06	-0.265829663632663	0.188	0.204	0.306086678052968
1.00813230673322e-05	-0.376981541274651	0.449	0.409	0.32547551522882
1.21943882562063e-05	-0.303369261015114	0.275	0.279	0.39369582485162
1.2346259410456e-05	-0.256202180306611	0.462	0.417	0.398598985066572
1.27781001457721e-05	-0.303434263856658	0.403	0.367	0.412540963206254
1.28663108605445e-05	-0.296366828788959	0.407	0.368	0.415388846132679
1.49163203715989e-05	-0.377230950957002	0.458	0.411	0.48157340319707
1.65667841056466e-05	-0.338285181848284	0.356	0.336	0.5348586248508
2.43406425241124e-05	-0.306802226669662	0.25	0.253	0.78583764389097
2.76757047818994e-05	-0.393941618907661	0.385	0.357	0.893510128883622
3.2155993641613e-05	-0.323440113609366	0.495	0.436	1
3.4456744282091e-05	-0.306839682460206	0.356	0.338	1
3.48342789439427e-05	-0.268458066679319	0.205	0.215	1
4.32803402290699e-05	-0.297104644761107	0.339	0.323	1
4.74291913563939e-05	-0.27687768328117	0.305	0.293	1
4.89684743907877e-05	-0.262485736333948	0.213	0.222	1
5.33682833422316e-05	-0.27521055029304	0.305	0.292	1
5.34784666318487e-05	-0.288372833759665	0.525	0.458	1
6.40417535954861e-05	-0.30824225744436	0.347	0.322	1
6.51168159938073e-05	-0.262497773935205	0.54	0.48	1
7.59870178087659e-05	-0.271287534589856	0.295	0.288	1
7.82518088995714e-05	-0.26619827537252	0.555	0.469	1
0.000108670585184137	-0.287628243732665	0.267	0.263	1
0.000115979343635016	-0.31288036175163	0.377	0.348	1
0.000119038750457609	-0.28323887417086	0.203	0.213	1
0.000130553942361622	-0.291456077509424	0.474	0.403	1
0.000133397316113718	-0.297045653668487	0.504	0.432	1
0.000184174854714179	-0.278305897067558	0.212	0.22	1
0.000186363692494811	-0.281466885752946	0.176	0.188	1
0.0001973957674165	-0.294927848443909	0.44	0.396	1
0.000214210719738564	-0.256976137861627	0.237	0.239	1
0.000253641103932421	-0.267469062634872	0.249	0.245	1
0.000255117362722424	-0.27813897233686	0.357	0.333	1
0.000261598213168013	-0.32482031370201	0.203	0.213	1
0.000305675712551559	-0.272730296217587	0.232	0.231	1
0.000331494496366108	-0.255020594663177	0.325	0.318	1
0.00038470324226031	-0.256797361900063	0.267	0.259	1
0.000409950464595239	-0.285194447203877	0.294	0.282	1
0.000490312124251231	-0.348230974873563	0.596	0.494	1
0.000491140557614081	-0.263408615635144	0.552	0.456	1
0.000508501227593499	-0.271449082999293	0.487	0.423	1
0.000597416214613985	-0.291668614177921	0.423	0.375	1
0.000689451194617371	-0.25411363287147	0.494	0.425	1
0.000717919865361387	-0.299600999031128	0.369	0.334	1
0.000861782735753175	-0.296417323392441	0.316	0.294	1
0.000881392067968321	-0.272552117243307	0.498	0.422	1
0.000973262480287856	-0.293150130492825	0.326	0.317	1
0.00125987034507586	-0.283508789104785	0.38	0.351	1
0.00126415494640696	-0.264298144454345	0.237	0.238	1
0.00145241080277383	-0.291034679182126	0.212	0.212	1
0.00151323411445637	-0.25085639163884	0.255	0.252	1
0.00178271443535275	-0.258510157071392	0.199	0.204	1
0.00206315409728977	-0.274590438320003	0.215	0.217	1
0.00211349608120511	-0.291747977167929	0.383	0.348	1
0.00238964909459903	-0.284658914710276	0.282	0.271	1
0.00241111620216884	-0.257931498993507	0.203	0.204	1
0.00255759333390286	-0.27153884763287	0.272	0.259	1
0.00313839879713259	-0.283138356012866	0.368	0.332	1
0.00316105509084404	-0.259962338357175	0.33	0.305	1
0.00328937994677972	-0.277396875347786	0.497	0.42	1
0.00337286466015349	-0.331728472815482	0.621	0.522	1
0.00339951100415082	-0.262328777479206	0.323	0.301	1
0.00382228032219397	0.262282214081478	0.237	0.193	1
0.00404772434224376	-0.283938586541172	0.542	0.45	1
0.00415073779687399	-0.268452451076293	0.247	0.241	1
0.00432001603395557	-0.269112717438123	0.28	0.265	1
0.00522627299600897	-0.252407337570764	0.592	0.496	1
0.00548489515134488	-0.274665917226899	0.318	0.291	1
0.00650242459991955	-0.263789433636754	0.482	0.403	1
0.00714050385784662	-0.301824437565697	0.302	0.287	1
0.0090703169519668	-0.276053297325323	0.295	0.276	1
0.00921913212402349	-0.261893028473791	0.346	0.318	1
0.0103359928528443	-0.265106874420584	0.352	0.315	1
0.0104973653834309	-0.321402645697907	0.446	0.369	1
0.0115617119906861	-0.349014651130595	0.287	0.285	1
0.0120588001876987	-0.319982752292247	0.358	0.32	1
0.0124971830889279	-0.286131560459209	0.492	0.423	1
0.0144117757077445	-0.278114561188511	0.517	0.444	1
0.0146535403821108	-0.250451501501225	0.301	0.273	1
0.0155799293036296	-0.259304867595704	0.409	0.35	1
0.0159566502268428	-0.258249018301654	0.333	0.304	1
0.0160746337423664	-0.250118174703002	0.578	0.476	1
0.0163822322516175	-0.256623545833032	0.498	0.416	1
0.0236947262603441	-0.257559161057258	0.205	0.201	1
0.0241605287282972	-0.265729115870039	0.494	0.415	1
0.0278667255219686	-0.277276254401019	0.422	0.355	1
0.0302527493356526	-0.276755975598872	0.523	0.442	1
0.03166797846868	-0.266647456837696	0.363	0.316	1
0.0522744666059484	-0.326592912814424	0.241	0.227	1
0.0624573222732893	-0.260866757450295	0.376	0.344	1
0.0636243180670275	-0.276655418436425	0.313	0.276	1
0.0735660286736216	-0.252266673605472	0.334	0.292	1
0.078439479238659	-0.267424751157368	0.329	0.288	1
0.079373034590928	-0.257184398053959	0.24	0.222	1
0.0902540605841298	-0.253193279232449	0.327	0.292	1
0.112814462003782	-0.268533721032879	0.359	0.306	1
0.119938443312254	-0.250428035569184	0.48	0.393	1
0.127824291392802	-0.265258258869762	0.119	0.124	1
0.186452070425235	-0.26609736863703	0.372	0.312	1
0.211140217395962	-0.277971469880921	0.236	0.213	1
0.259920482270538	-0.255573658932114	0.528	0.412	1
0.263326457090912	-0.255412378404056	0.494	0.416	1
0.295655479023651	-0.253173901226297	0.579	0.446	1
0.296034062518181	-0.255582586736902	0.303	0.24	1
0.339221496335974	-0.260211553744874	0.471	0.378	1
0.382932898433837	-0.251662620285326	0.446	0.378	1
0.420352896388425	-0.252319078666103	0.614	0.483	1
0.632917328536062	-0.259118938675221	0.403	0.332	1
0.680207126106718	-0.305714617476989	0.295	0.25	1
0.840298057520152	-0.300675440772562	0.341	0.279	1
0.868402294360912	-0.266310038576714	0.326	0.275	1
0.90654967751729	-0.29051324758929	0.413	0.331	1
0.907093904111392	-0.323594012112152	0.55	0.419	1
