p_val	avg_log2FC	pct.1	pct.2	p_val_adj
Il18r1	0	2.41092715493608	0.742	0.127	0
Ctla4	0	2.51447819646787	0.981	0.29	0
Rgs2	0	1.9253819603222	0.853	0.139	0
Rabgap1l	0	2.77707713558254	0.991	0.662	0
Sell	0	-1.84830703624469	0.039	0.657	0
Camk1d	0	-1.34976592561605	0.921	0.982	0
Prkcq	0	-1.51183165459485	0.817	0.957	0
Arhgap15	0	-1.3865308215292	0.989	0.999	0
Nr4a2	0	2.54146636633226	0.776	0.028	0
Pag1	0	-1.84239861937966	0.191	0.734	0
S100a4	0	2.74872875476227	0.691	0.023	0
S100a11	0	1.71810989637774	0.864	0.188	0
S100a10	0	1.79756676604437	0.97	0.545	0
Slc22a15	0	1.89571762532467	0.759	0.023	0
Ptpn22	0	1.69653331913013	0.967	0.577	0
Lef1	0	-2.05500264732136	0.708	0.97	0
Nfkb1	0	1.7677002315238	0.971	0.651	0
St6galnac3	0	2.68608904399773	0.878	0.193	0
Nr4a3	0	2.51630119050286	0.847	0.069	0
Fosl2	0	1.41496555276166	0.685	0.045	0
Rbpj	0	2.17333818866655	0.878	0.216	0
Igfbp7	0	2.33985053585094	0.669	0.026	0
Kdm2b	0	2.14422560556971	0.932	0.249	0
Rilpl2	0	1.48838978504957	0.715	0.065	0
Cdk8	0	-1.68078380578175	0.806	0.95	0
Gimap6	0	-1.82603452504019	0.727	0.969	0
Osbpl3	0	1.6576098898254	0.673	0.033	0
Capg	0	1.59561019840261	0.8	0.128	0
Foxp1	0	-2.52259754046028	0.732	0.989	0
Bhlhe40	0	2.46228714595876	0.876	0.038	0
Lag3	0	1.65855020818258	0.749	0.028	0
Ptms	0	1.69178571796746	0.884	0.16	0
Ybx3	0	1.45417568736131	0.711	0.053	0
Rpl13a	0	-0.836059052456375	0.998	1	0
Uba52	0	1.35057478297463	0.94	0.357	0
Junb	0	1.84086941757814	0.99	0.663	0
Maf	0	2.56197365627298	0.863	0.051	0
Ubash3b	0	2.45704036154389	0.962	0.243	0
Dennd4a	0	2.08623439415494	0.865	0.239	0
Rora	0	2.65342760179017	0.86	0.112	0
Nt5e	0	2.58241113034314	0.843	0.043	0
Bcl2a1d	0	1.50211386232672	0.644	0.024	0
Stx11	0	2.00890534335694	0.71	0.033	0
Phactr2	0	2.16778949931105	0.737	0.038	0
Scml4	0	-2.07129136043755	0.269	0.844	0
Srgn	0	1.69776172643193	0.981	0.572	0
Eea1	0	2.10687139300915	0.852	0.165	0
Gm15283	0	1.62047547766153	0.838	0.205	0
Hif1a	0	2.21241104842909	0.945	0.328	0
Gdi2	0	1.605584783828	0.957	0.506	0
Ripor2	0	-1.54916478839355	0.791	0.965	0
Atxn1	0	2.01901110573521	0.867	0.229	0
Tnfsf11	0	2.15980603414013	0.703	0.052	0
Tbc1d4	0	1.9060591086505	0.775	0.14	0
Trps1	0	2.42454648468874	0.903	0.186	0
Gm2682	0	-2.81599618403561	0.384	0.968	0
Sla	0	1.45904165923994	0.922	0.34	0
Il2rb	0	1.67504936613204	0.861	0.124	0
Lgals1	0	2.13386275789331	0.911	0.262	0
Grap2	0	-1.47131230465414	0.71	0.966	0
Prr13	0	1.42209673843073	0.835	0.124	0
Arhgap31	0	2.08448920791208	0.885	0.305	0
Cblb	0	1.94447471257393	0.97	0.655	0
Cmss1	0	-2.02832338355522	0.986	0.998	0
Gm42418	0	-2.0026993150892	1	1	0
AY036118	0	-2.49211681908988	0.967	0.997	0
Ccnd3	0	-1.46193016460775	0.903	0.985	0
Satb1	0	-1.94799373695978	0.57	0.973	0
Crem	0	1.84689885598956	0.812	0.136	0
Ndfip1	0	1.71331256071541	0.989	0.681	0
Ahnak	0	2.19599660177047	0.854	0.042	0
Ms4a4b	0	-2.20869881507907	0.354	0.947	0
Dusp4	5.91035936986348e-308	1.22207224057424	0.671	0.04	1.90815952256042e-303
Litaf	1.23391463309248e-307	1.53153472455292	0.638	0.023	3.98369339293908e-303
Icos	5.73903683225792e-305	1.65703298710773	0.848	0.213	1.85284804129447e-300
Ell2	2.3400619481422e-304	1.81080102728248	0.634	0.026	7.55488999957711e-300
Gna13	1.42207264272596e-303	1.40284244455006	0.924	0.39	4.59116152704078e-299
Ablim1	1.60009190750348e-303	-1.28706712545765	0.843	0.979	5.16589672337498e-299
Farp1	1.15017752698183e-302	1.78925443491274	0.654	0.04	3.71334814586083e-298
Rpl12	3.08947504252428e-301	-0.837327422328038	0.998	1	9.97437017478962e-297
Timp2	2.68726641622412e-299	1.37999426821285	0.799	0.151	8.67583962477957e-295
Bcl11b	3.37142782048333e-296	-1.42838415765737	0.841	0.945	1.08846547184304e-291
St6gal1	6.24026649568579e-296	-1.76898449696368	0.231	0.738	2.01467003813216e-291
Tnfrsf1b	1.3411092455816e-293	1.29620412317078	0.735	0.097	4.32977119936021e-289
Tnfaip3	7.21795880218299e-292	1.45249507191405	0.9	0.313	2.33031799928478e-287
Atp2b4	3.42458231906693e-291	1.32889187336225	0.632	0.03	1.10562640171076e-286
Nrgn	7.11610815454285e-289	3.15900352723719	0.593	0.013	2.29743551769416e-284
Creb3l2	5.13873175186228e-285	1.70409488699499	0.663	0.06	1.65903954608874e-280
Dgka	6.45529012583717e-285	-1.42800949929623	0.734	0.917	2.08409041712653e-280
Ctsb	2.29237374936579e-284	1.20174897267549	0.794	0.148	7.40092864982746e-280
Odc1	8.62378549032018e-283	1.49029515510154	0.749	0.132	2.78418914554987e-278
Galnt10	6.45715921800381e-279	-1.67519170762017	0.175	0.66	2.08469385353253e-274
Raf1	4.93922273488204e-278	1.68918309663603	0.871	0.329	1.59462805995667e-273
Itgav	3.44370784338633e-277	1.84992063067389	0.786	0.191	1.11180107723728e-272
Chst11	6.63943614975665e-276	1.52280443480152	0.605	0.03	2.14354196094893e-271
Ctsw	9.68572855252922e-276	1.46996946923155	0.654	0.066	3.12703746318406e-271
Ifrd1	3.84564907615179e-274	1.49323294794928	0.83	0.239	1.2415678042356e-269
Dusp16	1.21122590035537e-272	1.37213023536872	0.654	0.062	3.91044281929732e-268
Dusp1	9.79142118081236e-272	1.26808576838091	0.692	0.086	3.16116032822527e-267
Rab43	1.66771959462117e-269	1.25916589406754	0.788	0.169	5.38423271123445e-265
Tox2	9.81081408087312e-268	1.41019563981073	0.558	0.008	3.16742132600989e-263
Themis	3.63392654997506e-267	-1.49159905160561	0.807	0.938	1.17321318665945e-262
Ccr6	3.85995645092257e-267	1.69993216821201	0.577	0.021	1.24618694018035e-262
Mdfic	1.13873510985016e-264	1.2762974730555	0.618	0.046	3.67640630215123e-260
Reep5	6.37193466059697e-264	1.16136809690735	0.891	0.296	2.05717910517373e-259
Oaz1	6.39062681923419e-264	0.890466894611119	0.99	0.877	2.06321386858976e-259
Jak2	4.19642339034594e-263	1.58253446284053	0.859	0.329	1.35481529157319e-258
Irak2	6.90275043388495e-263	1.3276371151811	0.694	0.1	2.22855297757975e-258
Anxa2	4.28991003272584e-262	1.39151337480225	0.612	0.045	1.38499745406554e-257
Bcl2a1b	1.63927234513217e-261	1.42871849756468	0.611	0.046	5.29239076625922e-257
Fam129a	4.61009747777275e-261	1.18884470969371	0.618	0.045	1.48836997069893e-256
Prelid2	1.2076819834878e-256	1.11455798245507	0.602	0.041	3.89900128369036e-252
Tgif1	3.118033488647e-254	0.984454548299213	0.639	0.06	1.00665711180969e-249
Impa2	1.58512714389835e-253	1.16076344546046	0.677	0.092	5.11758298407581e-249
Raph1	2.37119035475686e-253	1.07554406283008	0.59	0.035	7.65538806033251e-249
Ppm1h	1.8537825793808e-251	-1.53374310191761	0.641	0.864	5.9849370575309e-247
Gm36975	8.01919331560675e-250	1.48885250461419	0.829	0.269	2.58899656194364e-245
Mmd	3.54646409196545e-247	1.46675126309456	0.71	0.131	1.14497593209105e-242
Nsg2	5.93150135246939e-247	-1.47479245628135	0.085	0.537	1.91498521164474e-242
Rgs10	3.74204970854541e-246	1.16119227193957	0.969	0.635	1.20812074840389e-241
Gpr68	8.36705824305119e-246	0.972224812080956	0.592	0.045	2.70130475376907e-241
Emb	9.19907406066102e-244	1.65202113109199	0.963	0.804	2.96992106048441e-239
Gem	9.52903687593683e-244	1.24238098944396	0.556	0.027	3.07644955539621e-239
Ms4a6b	3.38000475920393e-243	-1.4112450314754	0.671	0.884	1.09123453650899e-238
Gm45716	4.1016663115198e-243	1.20924860035911	0.594	0.048	1.32422296867417e-238
Actn1	1.66003126164389e-242	-1.4909690898841	0.381	0.752	5.3594109282173e-238
Adamts6	3.20603568194131e-242	1.68501793565593	0.842	0.33	1.03506861991475e-237
Lrrc8d	2.93308267720841e-241	1.25472587776747	0.749	0.166	9.46945742336735e-237
Uhrf2	4.96108931572962e-240	1.46566804438291	0.874	0.361	1.60168768558331e-235
Tpm4	2.04445229002045e-239	1.15048617591158	0.893	0.375	6.60051421833101e-235
Furin	2.07442749722137e-238	1.6452918825149	0.617	0.07	6.69728917477919e-234
Gapdh	2.15946359516043e-238	1.18163206382129	0.955	0.675	6.97182821697544e-234
Arhgef18	5.38525882843349e-238	-1.46447564581308	0.465	0.824	1.73863081275975e-233
Apbb1ip	1.60662933826439e-237	-1.41973608213003	0.667	0.855	5.18700281858658e-233
Lgals3	2.61507593830589e-236	1.89210938707005	0.539	0.026	8.44277266682057e-232
Cd44	4.72591874133467e-236	1.20715017345376	0.686	0.116	1.5257628656399e-231
Rgs1	7.80729212591161e-236	1.48513122542616	0.66	0.105	2.52058426285056e-231
Arf4	1.4982313817393e-235	1.22483828577549	0.908	0.42	4.83704001594533e-231
Endod1	1.11690291984229e-234	0.972821942393174	0.524	0.018	3.60592107671082e-230
Dgat1	1.3452867374175e-234	1.21750158216009	0.622	0.077	4.34325823175241e-230
Runx2	3.80321007991674e-232	1.23157727309273	0.615	0.071	1.22786637430112e-227
A430093F15Rik	1.36582335468662e-230	1.06228415749583	0.591	0.056	4.40956070060575e-226
Lgals7	4.72212379917007e-230	2.58593248315696	0.506	0.013	1.52453766856206e-225
Gm49180	7.06738032212511e-230	1.25436302727491	0.498	0.008	2.28170373699809e-225
Ostf1	2.2184406632879e-229	1.20574571200541	0.873	0.372	7.16223568142498e-225
Mapkapk3	3.04670466558135e-229	1.20271807727787	0.721	0.154	9.83628601282939e-225
Nr4a1	3.76476596967392e-229	1.08410719586595	0.649	0.093	1.21545469330923e-224
Neurl3	9.62957556749025e-227	1.2919695238117	0.634	0.094	3.10890847196423e-222
Cd82	1.22758473991951e-226	1.12500288216975	0.761	0.192	3.96325733283015e-222
Skil	1.68281172818133e-226	1.07930517244769	0.822	0.245	5.43295766443342e-222
Ccdc50	6.08401949018717e-226	0.926788757174762	0.65	0.091	1.96422569240693e-221
Actg1	2.66863299348965e-223	1.14928889491386	0.992	0.865	8.61568161948135e-219
Cysltr2	9.02031026074975e-223	1.39432751036331	0.533	0.034	2.91220716768306e-218
Ccn4	3.7956143262145e-222	1.32987045423275	0.492	0.011	1.22541408521835e-217
Plekho1	4.74587828224739e-221	0.826477368440573	0.536	0.033	1.53220680342357e-216
Gadd45b	9.54109974641664e-221	1.77431096645131	0.57	0.066	3.08034405313061e-216
Itpr2	1.48078558818069e-219	-1.31232716831435	0.652	0.849	4.78071627144137e-215
Ifi213	3.09337788586658e-218	-1.70979978857442	0.089	0.508	9.98697050452026e-214
Tnfrsf4	6.91729272986842e-217	1.16544112620647	0.682	0.126	2.23324795783802e-212
Fosb	3.52540104119618e-216	1.32746100272756	0.515	0.029	1.13817572615019e-211
Ptprj	6.72443906226836e-216	1.2877821172689	0.55	0.048	2.17098515125334e-211
Pdcd1	7.6251226553291e-216	1.16588747995696	0.501	0.023	2.461770849273e-211
Samsn1	1.00564657964492e-215	1.25739611822772	0.755	0.2	3.24672998238363e-211
Rpl5	1.59314643756838e-215	-0.651453475685423	0.995	0.999	5.14347327368952e-211
Rel	9.06858071584984e-214	1.58922694629869	0.833	0.348	2.92779128411212e-209
Dusp5	1.10425855427289e-212	1.15070738601239	0.645	0.115	3.56509874247004e-208
Cd200	1.99936816885865e-212	1.06979973503421	0.565	0.06	6.45496013316015e-208
Sp100	2.44816819047819e-209	-1.28535254096327	0.804	0.887	7.90391100295884e-205
mt-Nd2	8.57081554140327e-209	-0.875468298902377	0.962	0.99	2.76708779754204e-204
Lrig1	9.39849313052835e-209	1.29715957961056	0.716	0.195	3.03430350719108e-204
Tmsb10	1.95229379028445e-208	0.756333406774919	0.999	0.996	6.30298050193336e-204
Rps17	3.4061802905286e-208	-0.707000788360957	0.981	0.997	1.09968530679716e-203
Nedd4l	2.18868734100652e-207	-1.3693252835744	0.062	0.459	7.06617708043956e-203
Fam117b	8.98167986366344e-207	1.316970764149	0.824	0.286	2.89973534398374e-202
Smpdl3a	2.35063418969347e-206	1.00399878127995	0.79	0.224	7.58902248142538e-202
Rnf216	9.29846385545081e-204	0.806041091065782	0.623	0.091	3.00200905573229e-199
Pdk1	1.1877127610366e-203	-1.4480901220238	0.161	0.553	3.83453064900665e-199
Mxi1	3.43645225392957e-203	1.39480276864968	0.661	0.15	1.10945861018116e-198
Rbm3	1.0582449517557e-202	0.965376752113903	0.954	0.602	3.41654382674328e-198
Pmaip1	1.16438897712422e-201	0.886491787746539	0.476	0.019	3.75922981264554e-197
Nrip1	4.10978143193769e-201	1.18454089038099	0.951	0.586	1.32684293530108e-196
Irf2bp2	9.72670101340603e-201	0.974569952284613	0.809	0.252	3.14026542217814e-196
Rapgef4	7.65675655158059e-200	-1.5045357987365	0.079	0.47	2.47198385267779e-195
Gm10076	3.44390250586138e-199	0.965073708006897	0.934	0.537	1.11186392401735e-194
Ubl3	6.65748708265922e-199	1.0917275773368	0.837	0.302	2.14936970463653e-194
Coq10b	1.46921013975175e-198	0.954723865484438	0.78	0.227	4.74334493618854e-194
Med14	6.38134676158205e-198	1.23075297176697	0.831	0.344	2.06021780197676e-193
Orai1	6.91094460304978e-198	0.999197607252849	0.871	0.341	2.23119846509462e-193
Ric1	3.83305978786191e-197	0.921594267239226	0.659	0.129	1.23750335251122e-192
Gramd1b	1.70842796364871e-196	1.37808277523649	0.789	0.286	5.51565968063985e-192
Sik3	9.31619457104087e-196	1.11148086255427	0.934	0.552	3.00773341726055e-191
Tgfb1	1.05839187276037e-195	1.19066880372158	0.805	0.296	3.41701816120687e-191
Rps16	2.11820824256971e-195	-0.537727530009771	1	1	6.83863531113631e-191
Ece1	2.19494266173176e-195	1.71109414918202	0.635	0.15	7.08637238340099e-191
Cox7c	2.15880544903913e-194	0.870594417493638	0.957	0.657	6.96970339222282e-190
Podnl1	6.84781574408574e-194	0.85502555079	0.481	0.029	2.21081731297808e-189
Nrp1	1.13918119914512e-193	1.22196455223799	0.496	0.038	3.67784650144003e-189
Vamp8	5.845695304406e-193	1.00168132346866	0.798	0.249	1.88728272902748e-188
Rapgef6	7.73445902869443e-193	-0.995221375554073	0.931	0.959	2.497070097414e-188
Cox8a	2.26824143011253e-192	0.845778508217959	0.961	0.669	7.3230174571183e-188
Rnh1	4.28159960824851e-191	0.834551279862533	0.648	0.126	1.38231443352303e-186
Trat1	1.35725837407782e-190	-1.15450489001704	0.018	0.366	4.38190866071023e-186
Rps24	3.26585010562292e-190	-0.481070859753015	0.999	1	1.05437970660036e-185
Cpd	5.89781158334683e-190	0.852499539884194	0.473	0.027	1.90410846968352e-185
Ikzf1	8.90663976488925e-190	-0.937327430954654	0.915	0.977	2.87550864809449e-185
Nsd2	2.97081808185096e-188	0.825281638489217	0.617	0.103	9.59128617725584e-184
Hivep1	2.68881842273667e-187	0.98734553487182	0.737	0.21	8.68085027780533e-183
Nmrk1	2.9980967196588e-187	0.982279553453681	0.462	0.026	9.67935525941844e-183
Fos	7.1196146038241e-187	1.20671612185673	0.602	0.111	2.29856757484461e-182
Capns1	8.48676276643626e-187	0.834403510886438	0.787	0.225	2.73995135914395e-182
Arpc1b	1.22597723739692e-186	0.866573687101105	0.957	0.647	3.95806751093597e-182
Arpc3	2.42587433310211e-186	0.854681474818069	0.948	0.634	7.83193528442016e-182
Lamc1	7.92593164592702e-186	1.00293390672022	0.469	0.028	2.55888703188754e-181
Nt5dc3	1.15969880649298e-185	1.0728431334312	0.503	0.05	3.7440875967626e-181
Rflnb	2.19182654785336e-185	-1.28920825053342	0.073	0.444	7.07631200974457e-181
Myo1f	8.52253046755616e-185	1.04794588455096	0.464	0.029	2.75149896145051e-180
Cyth4	1.98325965833555e-184	0.885917587619323	0.752	0.212	6.40295380693633e-180
Ifi206	3.47975614490296e-184	-1.56040922302927	0.137	0.522	1.12343927138192e-179
Arhgap18	7.22829350727512e-184	1.01844850155905	0.6	0.107	2.33365455882377e-179
Il6st	1.05937318837351e-183	-1.23540812007714	0.124	0.515	3.42018633866386e-179
Ckb	1.99841451356508e-182	1.0722439409655	0.516	0.062	6.45188125704487e-178
Lrmp	5.00066729128398e-182	0.862027900282237	0.629	0.125	1.61446543499103e-177
Gm17745	1.21166338020362e-181	0.832200773247562	0.428	0.013	3.91185522298737e-177
Plek	2.77731194247429e-181	1.05057207617292	0.427	0.012	8.96655160627826e-177
Ucp2	6.17696085167772e-181	1.27408355235427	0.9	0.53	1.99423181096415e-176
Fgf13	5.25441901939321e-178	-1.79017919768453	0.046	0.401	1.6963891804111e-173
Tmem163	7.10106238630727e-178	1.39910909050899	0.441	0.021	2.2925779914193e-173
Dtx1	1.3570720295559e-177	-1.10718177609924	0.002	0.309	4.38130704742122e-173
Pik3r5	1.79206033164954e-177	-1.26351888695845	0.094	0.46	5.78566678073054e-173
Cox17	3.22145754331495e-177	0.975036112398535	0.836	0.333	1.04004756785923e-172
Myo1e	5.74564053068059e-177	1.34240501020483	0.442	0.028	1.85498004533023e-172
D16Ertd472e	7.00956220600169e-177	1.07181340267605	0.722	0.217	2.26303715820764e-172
Rpl23a	8.70388176389201e-177	-0.598051585396679	0.991	0.999	2.81004822747254e-172
Rnf125	3.97788354529196e-176	0.907774829994332	0.685	0.173	1.28425970259751e-171
Ifi208	7.34586792503877e-176	-1.33728832935619	0.085	0.448	2.37161345959877e-171
Kbtbd11	6.50694089725026e-175	-1.22873017848973	0.212	0.571	2.10076586867725e-170
Malt1	9.74930822381359e-175	1.36297979343252	0.843	0.413	3.14756416005822e-170
Plscr1	2.40499068156495e-174	0.789527642901311	0.431	0.021	7.76451241543243e-170
Slc4a7	6.06640461226847e-173	0.891340607987353	0.633	0.134	1.95853872907088e-168
Cox6c	7.34632239269447e-173	0.8575361864976	0.927	0.571	2.37176018448141e-168
Gm37529	9.80168174627586e-173	0.640402892661691	0.418	0.015	3.16447295178516e-168
Spty2d1	1.02791960337225e-172	0.906369546167818	0.648	0.149	3.3186384394873e-168
Flnb	2.2875504079077e-171	1.36855724902886	0.6	0.142	7.38535649193001e-167
Rbbp8	3.41252496862442e-171	0.945593450666127	0.56	0.094	1.10173368612039e-166
H1f0	4.73614095439211e-171	0.815019649359957	0.455	0.035	1.52906310712549e-166
Rab11fip1	5.31636336075027e-171	0.897471528248038	0.611	0.126	1.71638791101823e-166
Tmem256	1.04611742722953e-170	0.707884323442207	0.555	0.085	3.37739011381055e-166
Ccdc28b	2.08170688624779e-170	0.657056371077391	0.426	0.021	6.72079068225099e-166
Lmnb1	2.40573218903876e-170	0.914674852940061	0.716	0.2	7.76690637231164e-166
Gm31718	2.45393051365896e-170	0.797124489513425	0.417	0.016	7.92251466334795e-166
Fgfr1op	7.17210929831647e-170	0.803146839659921	0.582	0.103	2.31551548696147e-165
Itpr1	8.12125886913373e-169	1.13095878131056	0.826	0.388	2.62194842589983e-164
Ifit1bl1	1.84344496573672e-168	-1.0321071007944	0.006	0.307	5.95156207188101e-164
Ptprc	2.34308062515119e-168	-0.709152430228395	0.979	0.994	7.56463579830062e-164
Pnrc1	2.45110309365178e-168	0.826196322726001	0.963	0.648	7.91338633785478e-164
Gfod1	1.29508867457777e-167	0.804613915511206	0.52	0.073	4.18119378587433e-163
Rps23	1.58451001869949e-167	-0.504582390645712	0.998	0.999	5.1155905953713e-163
Ttc39c	1.90096980939477e-167	0.918948256275922	0.4	0.011	6.13728102963102e-163
Slfn1	7.69427537861016e-167	-1.40118157391299	0.411	0.695	2.48409680598429e-162
Crlf2	3.01795409121445e-166	0.691552155941331	0.584	0.105	9.74346478348585e-162
Atp1b1	3.71120442050062e-165	-1.0080750928033	0.032	0.355	1.19816234715863e-160
Stat4	4.52044036512192e-165	1.16430172313076	0.892	0.517	1.45942417187961e-160
Prdx2	1.53669428399423e-164	0.821539508872852	0.815	0.297	4.96121749587536e-160
AU020206	1.93404052400409e-164	1.08348031919348	0.768	0.286	6.24404983174721e-160
Glud1	8.29253216967947e-164	0.991463583202388	0.824	0.331	2.67724401098102e-159
Ehd4	1.82873668432365e-163	0.749867119260447	0.457	0.042	5.9040763853389e-159
S100a13	5.13575154201903e-163	0.850321624355962	0.809	0.294	1.65807738534084e-158
Nebl	7.08677395717656e-163	1.22828462447798	0.394	0.013	2.28796497207445e-158
Ehd1	8.25633821046418e-163	0.673055356464095	0.431	0.03	2.66555879124836e-158
Prkcb	1.97351660611586e-162	-1.29627790958589	0.521	0.751	6.37149836284505e-158
Smap1	2.17135183990607e-162	0.866753798236744	0.872	0.382	7.01020941513675e-158
Rpl41	7.41751767639242e-162	0.617017587482976	0.998	0.993	2.39474558182329e-157
Rps6	1.31177345907181e-161	-0.580849161942267	0.991	0.998	4.23506061261334e-157
Nup98	1.93982237708487e-161	0.913714766444709	0.846	0.367	6.26271654441851e-157
Stat3	7.96499238399787e-161	1.0807607937256	0.909	0.563	2.57149779117371e-156
Reep3	1.37764259915801e-160	0.910878920679504	0.732	0.227	4.44771913138165e-156
Vim	2.3033855105274e-160	1.19842106518838	0.806	0.343	7.43648012073772e-156
Cyfip1	1.52839940166779e-159	0.758578866250439	0.452	0.045	4.93443746828446e-155
Rab8b	2.03272061108067e-159	0.997978600067707	0.838	0.375	6.56263849287393e-155
Gch1	2.29067383100397e-159	0.806227076510369	0.49	0.064	7.39544046339633e-155
Mrps6	2.92941703417919e-159	0.770215572825373	0.629	0.143	9.45762289484751e-155
Vax2	4.28148627314715e-159	0.724442548650665	0.372	0.006	1.38227784328556e-154
Slc3a2	1.14872680515424e-158	0.782891755108527	0.715	0.208	3.70866449044045e-154
Pdcd1lg2	1.81475250360841e-158	0.711793381216848	0.408	0.022	5.85892845789974e-154
Ifngr1	4.27186875379558e-158	1.06750542117931	0.788	0.315	1.3791728271629e-153
Gm26532	9.47311357491038e-158	0.724144210797302	0.395	0.018	3.05839471765982e-153
Tnfrsf9	4.11203324099511e-157	1.25161276346402	0.488	0.073	1.32756993185527e-152
Lsp1	5.95606263281476e-157	0.943941872629156	0.926	0.576	1.92291482100424e-152
Myb	5.96400384079944e-157	1.03615445370866	0.555	0.11	1.9254786400021e-152
Atpif1	8.44918934771227e-157	0.732813945943533	0.679	0.173	2.72782078090891e-152
Nfil3	1.47945600624765e-155	0.649963545198015	0.388	0.016	4.77642371617055e-151
Gm12840	2.10139717389898e-155	-1.26107471946824	0.405	0.679	6.78436077593284e-151
Syt11	2.82984307403094e-155	0.659876609329074	0.524	0.083	9.13614836450889e-151
Ptpn11	3.66411741152783e-154	0.792291428523163	0.619	0.15	1.18296030631176e-149
Ubb	5.23846041400349e-154	0.662228407109505	0.991	0.964	1.69123694466103e-149
Chp1	7.49099500964017e-154	0.754991995617286	0.647	0.163	2.41846773886233e-149
Oprm1	3.5377574333552e-153	-1.28241277006367	0.357	0.652	1.14216498735873e-148
Calm3	8.19555060607634e-153	0.783981163726141	0.798	0.289	2.64593351317175e-148
Rpl38	1.57128232242281e-152	0.520255622754477	0.997	0.987	5.07288497794203e-148
Bach2	3.48785354004372e-152	-0.858301740841751	0.805	0.967	1.12605351540312e-147
Ifi209	4.31539724609564e-152	-1.31114237333237	0.167	0.506	1.39322600090198e-147
Ndrg1	4.35957402981073e-152	0.893835675082113	0.427	0.04	1.40748847552439e-147
Ttc39b	4.51384346349564e-152	0.75808711456412	0.772	0.255	1.45729436218957e-147
Tespa1	7.28813385249813e-152	-1.29418976903752	0.363	0.642	2.35297401427902e-147
Nfatc1	8.17083760306392e-152	0.986209317625296	0.807	0.355	2.63795492014919e-147
Otud7b	1.34491187341455e-151	0.693693930884501	0.613	0.139	4.34204798331887e-147
Pkp3	1.81162402029915e-151	0.826977679679988	0.593	0.138	5.84882814953582e-147
Srgap3	2.52747450613357e-151	0.867066809680466	0.376	0.014	8.15995144305222e-147
Chka	3.25511922302747e-151	0.847416134833648	0.6	0.141	1.05091524115442e-146
Nfkbia	3.2827905206795e-151	1.28211883272997	0.847	0.428	1.05984891960138e-146
Slc29a1	3.8524336400797e-151	0.702610178928751	0.45	0.05	1.24375820069973e-146
Nucb1	3.88479930251972e-151	0.59358765200408	0.569	0.11	1.25420745481849e-146
2310001H17Rik	4.93651909675296e-151	0.925297579842315	0.632	0.171	1.59375519038669e-146
Anp32a	8.06162416435493e-151	0.856011138927573	0.944	0.63	2.60269536146199e-146
Pfkp	2.54819164320461e-150	0.82158717302959	0.767	0.272	8.22683672008609e-146
Gnas	2.68134851553405e-150	0.790572212302377	0.94	0.641	8.65673368240166e-146
Ptprs	5.77036867435045e-150	0.643356068941255	0.406	0.028	1.86296352651404e-145
Slc38a1	8.78035642212816e-150	0.880546568117932	0.811	0.33	2.83473807088408e-145
Chsy1	2.7163169135668e-149	0.674561594854572	0.403	0.028	8.76962915545042e-145
Cdc14a	3.50742977434603e-149	0.812046519593644	0.628	0.161	1.13237370264761e-144
Rps20	4.22346670501054e-149	-0.536051747187993	0.999	1	1.36354622571265e-144
Ppfibp1	1.21948484046569e-148	0.593806732525069	0.383	0.018	3.93710680744347e-144
Cd80	1.85727817582077e-148	0.871160295995426	0.403	0.031	5.99622259063735e-144
E130308A19Rik	3.76601503942115e-148	0.997202204531546	0.499	0.087	1.21585795547712e-143
Sh3pxd2a	4.39816892582223e-148	-0.950761905394259	0.028	0.32	1.41994883770171e-143
Gng2	6.20079554819429e-148	0.784085337426192	0.736	0.242	2.00192684273453e-143
A630014C17Rik	9.26616921981569e-148	-1.23197397271518	0.182	0.505	2.9915827326175e-143
Unc119	3.61404088908976e-147	0.575946837718234	0.413	0.035	1.16679310104263e-142
Eml4	1.9431846882578e-146	0.875536343291168	0.888	0.476	6.27357176604032e-142
Plxdc2	6.2022780427848e-146	1.14670590793001	0.41	0.04	2.00240546611307e-141
Elk3	7.13036290231504e-146	0.847760315433971	0.812	0.323	2.30203766301241e-141
Gstp3	8.02927781502434e-146	0.698612912671322	0.606	0.144	2.59225234258061e-141
Myl6	1.29057885351776e-145	0.719634105254357	0.985	0.884	4.16663382858208e-141
Tbx21	1.32146612683468e-145	0.835757782839953	0.364	0.013	4.26635339048577e-141
Tob2	1.3503067107229e-145	0.829168495945263	0.688	0.213	4.35946521556889e-141
AW112010	1.55514197863853e-145	1.11631368301499	0.841	0.411	5.02077587803449e-141
Serf2	2.00730699828251e-145	0.642856628560429	0.975	0.829	6.48059064395508e-141
Ifitm2	3.36689675542865e-145	0.863262354439525	0.385	0.024	1.08700261749014e-140
Sh3rf1	1.17282346259769e-144	0.860177424608487	0.522	0.097	3.78646054899665e-140
Cerk	1.44538505431132e-144	0.753384322001426	0.517	0.094	4.66642564784411e-140
Dip2b	1.97243628587483e-144	0.985163699901158	0.91	0.58	6.36801054894688e-140
Hip1	2.19765249857894e-144	0.888047153452166	0.385	0.024	7.09512109166211e-140
Rere	2.96686803800998e-144	-1.18534018878927	0.427	0.679	9.57853346071522e-140
Prkar1a	7.33474952476051e-144	0.765782148180862	0.88	0.427	2.36802388406893e-139
Rgs16	1.09645390177591e-143	0.868999980502846	0.365	0.016	3.53990142188352e-139
Sh2d2a	5.09205981741124e-143	0.745232007842344	0.75	0.259	1.64397151205122e-138
Adarb1	9.74574011102528e-143	0.941231142195757	0.355	0.012	3.14641219484451e-138
Lclat1	1.15730952743651e-142	0.796651973243272	0.555	0.121	3.73637380932877e-138
Pik3ip1	1.27859432861705e-142	-0.942692657491107	0.041	0.332	4.12794178994015e-138
Isy1	2.01330147641632e-142	0.790695340004347	0.709	0.228	6.49994381661008e-138
Sytl3	2.19419398617198e-142	0.735306847768868	0.4	0.034	7.08395528435624e-138
Unc119b	3.14575837075753e-142	0.585141894690965	0.504	0.084	1.01560808999907e-137
Shld1	4.75983999558964e-142	0.820406405858193	0.567	0.129	1.53671434257612e-137
Mpc1	6.11631221996812e-142	0.749934668439155	0.735	0.252	1.97465140021671e-137
Ldha	7.45636849198245e-142	0.809861425264192	0.93	0.587	2.40728856763653e-137
Gm15472	1.06572679285758e-141	0.62494089671885	0.529	0.102	3.44069895074069e-137
Lrrfip2	1.82470789765604e-141	0.734998634002406	0.551	0.116	5.89106944758252e-137
Gnai2	2.74850857948222e-141	0.668794731153193	0.963	0.742	8.87355994885834e-137
Adora2a	5.71990360774169e-141	0.563064934522198	0.389	0.028	1.8466708797594e-136
Znrf3	6.51822452422698e-141	-1.26983494361464	0.273	0.59	2.10440878764668e-136
Rps15	8.94602567803856e-141	-0.496834855250323	0.993	0.999	2.88822439015475e-136
Pmepa1	1.01325755104111e-140	0.843421845204951	0.667	0.213	3.27130200353623e-136
Stat5a	2.02891413734801e-140	0.836962269817056	0.613	0.168	6.55034929242806e-136
Eif1	2.81693259050261e-140	0.51114249858748	0.995	0.97	9.09446686843766e-136
Cstb	3.45322929152663e-140	0.701388578154513	0.684	0.198	1.11487507676937e-135
Rps19	4.22549386727018e-140	-0.541404477605434	0.996	1	1.36420069504818e-135
Jazf1	4.93309491922634e-140	1.12199820159168	0.427	0.054	1.59264969467223e-135
Rps14	4.95546289952931e-140	-0.407658701484615	1	1	1.59987119711304e-135
Susd3	5.01475523291695e-140	0.679850692501873	0.575	0.133	1.61901372694724e-135
Atf6	6.44044224233081e-140	0.634109047499643	0.434	0.051	2.0792967779365e-135
Rpl19	2.10966442581585e-139	-0.423591081150738	1	1	6.81105159874646e-135
Rrbp1	2.38118418259058e-139	0.70864319717526	0.731	0.235	7.68765313349368e-135
P2rx7	2.99597877255452e-139	0.679168266130287	0.418	0.046	9.67251746719228e-135
Ptger2	3.01434864682229e-139	0.578351457761638	0.338	0.007	9.73182460626576e-135
Klf2	2.88170214218021e-138	-1.11764686033022	0.252	0.607	9.3035753660288e-134
Cd101	4.52567711475616e-138	0.664327421008276	0.376	0.026	1.46111485649903e-133
Fnbp1	5.65908426677715e-138	0.900465695741647	0.944	0.689	1.827035355529e-133
Galnt2	7.0834524157714e-138	0.830589274018647	0.713	0.25	2.2868926124318e-133
Tpi1	3.29815988727999e-137	0.759479408628388	0.615	0.165	1.06481091960834e-132
Nkg7	5.35598965244643e-137	1.35992214955489	0.368	0.024	1.72918125929233e-132
Dock10	6.81209716500163e-137	-0.864172487303798	0.901	0.954	2.19928556972078e-132
Ppp1cc	7.82281243201191e-137	0.740367929938003	0.873	0.416	2.52559499367505e-132
Cers4	8.30696206231843e-137	0.673619756087909	0.438	0.058	2.6819027018195e-132
Zyx	9.03402985098358e-137	0.589838552157703	0.496	0.086	2.91663653739005e-132
Hspa4l	1.67542921766965e-136	0.707808396267569	0.595	0.146	5.40912322924647e-132
Slc25a3	2.93366487959163e-136	0.709089033752265	0.911	0.537	9.47133706376156e-132
Fxyd5	1.64181791293812e-135	0.680018009343476	0.974	0.807	5.30060913192071e-131
Id2	2.11947345452333e-135	0.771932662082593	0.467	0.077	6.84272004792857e-131
Jund	1.41944815789225e-134	0.852375793077991	0.973	0.802	4.58268837775513e-130
Crip1	1.62240206402319e-134	1.06122375446278	0.872	0.454	5.23792506369886e-130
Sik1	1.96890557030663e-134	0.663609065689347	0.733	0.245	6.35661163373496e-130
1110008P14Rik	2.30079506203977e-134	0.527490562058802	0.579	0.129	7.42811685779539e-130
Vdr	2.74028993331141e-134	0.796327299936205	0.328	0.007	8.8470260496959e-130
H2afz	5.90054229825864e-134	1.04897405481485	0.936	0.627	1.9049900809928e-129
Traf1	7.0737629555564e-134	0.757505647665562	0.706	0.235	2.28376437020138e-129
Sfr1	1.01545745946363e-133	0.693341864411503	0.758	0.268	3.27840440787834e-129
Pde4d	1.31112600754797e-133	0.835823478907925	0.887	0.471	4.23297031536861e-129
Cd38	2.59550786758739e-133	0.521860109213272	0.331	0.009	8.37959715050588e-129
Txn1	7.99052467613724e-133	0.848201492107274	0.852	0.428	2.57974089169091e-128
Ldlrad4	8.27990002419472e-133	0.933713523225169	0.883	0.508	2.67316572281127e-128
Stk39	1.03940092275929e-132	0.799313854872327	0.808	0.355	3.35570587912837e-128
Slc7a1	1.80609725579923e-132	0.874680378389371	0.607	0.175	5.83098499034782e-128
Cst3	1.86520272127829e-132	0.618109797500264	0.658	0.186	6.02180698564695e-128
Hipk2	2.4623840692726e-132	0.931962108544998	0.644	0.209	7.9498069676466e-128
Casp3	2.64649329433333e-132	0.529555263003263	0.443	0.061	8.54420360075516e-128
Skap1	3.78076603407218e-132	-0.62480204079198	0.988	0.991	1.2206203141002e-127
Slc1a5	1.85848163916998e-131	0.67442735548241	0.607	0.161	6.00010797206028e-127
Pde3b	1.93001880562637e-131	-1.31917200820841	0.485	0.733	6.23106571396472e-127
Ube2q2	2.37401591520281e-131	0.690861228250627	0.622	0.169	7.66451038223226e-127
S100a6	2.50653579881358e-131	0.994776747898459	0.362	0.024	8.09235082646964e-127
Atp5e	5.38049223801236e-131	0.663676372357373	0.952	0.667	1.73709191904229e-126
Tjp2	5.80991937250174e-131	0.682274964087942	0.345	0.019	1.87573246941219e-126
Gm13684	1.13661484643875e-130	0.797103885122952	0.414	0.055	3.66956103172749e-126
Rps4x	1.37359083337306e-130	-0.449880342482587	0.997	0.999	4.43463800554493e-126
Sestd1	2.17181586763192e-130	0.574146751733257	0.359	0.024	7.01170752864965e-126
Ubl5	4.39457995132628e-129	0.698664304904979	0.89	0.485	1.41879013728569e-124
Npc2	6.30435228532186e-129	-0.8952069514742	0.78	0.822	2.03536013531616e-124
Tnfrsf18	1.8844603134269e-128	0.693774712018905	0.647	0.191	6.08398012189875e-124
Mapre2	1.93791695473346e-128	0.607796201277096	0.458	0.075	6.25656488835696e-124
Tex2	2.33387597437096e-128	0.931947666686393	0.678	0.241	7.53491858325665e-124
Chst2	2.4043249955468e-128	0.529871083986684	0.316	0.007	7.76236324812285e-124
Tnfrsf13b	3.54216774389832e-128	0.570966448000523	0.504	0.099	1.14358885611757e-123
AA467197	3.91403525943101e-128	0.649342204326259	0.348	0.02	1.2636462835073e-123
Ss18	5.38256703973076e-128	0.843239894452859	0.832	0.412	1.73776176877708e-123
Atl3	7.89199695965097e-128	0.742828117811457	0.636	0.196	2.54793121842332e-123
Ahr	1.03668828899854e-127	0.680092796412772	0.334	0.015	3.3469481410318e-123
Fgf2	1.31892487284201e-127	0.523777419804502	0.312	0.005	4.25814895197044e-123
Phlda1	3.16062831380204e-127	0.601691452320206	0.39	0.041	1.02040885111099e-122
Comt	6.30392559560377e-127	0.529974339059682	0.486	0.09	2.03522237854068e-122
Spag9	7.75537862712822e-127	0.872478193831646	0.849	0.439	2.50382398976834e-122
Ssr4	2.44772444948993e-126	0.755349495525184	0.833	0.378	7.90247838517823e-122
Csrnp1	4.65470134689112e-126	0.557364136625693	0.486	0.093	1.5027703298438e-121
Lpxn	6.09220552500272e-126	0.717718094967527	0.537	0.128	1.96686855374713e-121
Aebp2	6.99043271990829e-126	0.797517550651701	0.881	0.468	2.25686120362239e-121
Ptpn3	7.15724153663883e-126	0.583974682484652	0.333	0.016	2.31071543010385e-121
Mctp2	8.72049423890766e-126	-1.02210884278204	0.07	0.352	2.81541156503134e-121
Hip1r	8.87285736575757e-126	0.580847823071458	0.383	0.04	2.86460200053483e-121
Mxd1	1.24959606080744e-125	0.596259851837036	0.525	0.117	4.03432088231683e-121
Ctnna1	1.57375971642816e-125	0.51203210527542	0.412	0.053	5.08088324448831e-121
Syngr2	3.92400511073666e-125	0.46461249179462	0.419	0.056	1.26686505000133e-120
Zbtb1	7.24405570326765e-125	0.767788415775492	0.716	0.264	2.33874338379996e-120
Peli1	7.55507743128189e-125	-0.908329241651242	0.88	0.91	2.43915674868936e-120
Ech1	7.94647993839097e-125	0.601676253304362	0.576	0.144	2.56552104810952e-120
Atp5md	9.36109394745682e-125	0.688830668900637	0.836	0.374	3.02222918093643e-120
Maml2	1.07710240335195e-124	-1.00995738792269	0.821	0.903	3.47742510922179e-120
Zfpm1	1.30359715975605e-124	0.544505125007025	0.516	0.109	4.2086634302724e-120
Emp1	1.61014913626713e-124	0.687353003927627	0.314	0.009	5.19836648643842e-120
Grina	1.78345615596648e-124	0.509249755602953	0.476	0.087	5.75788819953779e-120
Tspan2	6.65825630869477e-124	0.544777734699248	0.303	0.004	2.1496180492621e-119
Gabarapl1	8.45780330062302e-124	0.442368044997624	0.324	0.014	2.73060179560614e-119
Ier5l	9.92329648051605e-124	0.694181976650994	0.306	0.006	3.20373626873461e-119
Ier2	1.06070493538904e-123	0.772905475934879	0.794	0.336	3.42448588390351e-119
Mif4gd	2.04870029161096e-123	0.51424574567471	0.552	0.128	6.614228891466e-119
Bcl7c	3.43088648439134e-123	0.479832010817088	0.536	0.117	1.10766170148574e-118
Bag1	8.97590953782871e-123	0.615313552125134	0.743	0.257	2.897872394288e-118
A330040F15Rik	1.03580939251472e-122	-1.33332979749345	0.077	0.357	3.34411062373377e-118
Smc4	1.38986092713277e-122	-1.27047312586202	0.739	0.801	4.48716600324815e-118
Sgip1	1.72519738489233e-122	0.80379251190558	0.322	0.015	5.5697997571249e-118
2610035D17Rik	2.94495544389842e-122	-1.32614712238505	0.251	0.525	9.50778865062604e-118
Cdc25b	5.59334017114618e-122	0.62749948050671	0.35	0.029	1.80580987425454e-117
Gnb2	6.62213023819759e-122	0.674468395183971	0.806	0.331	2.13795474740209e-117
Rpl31	9.66216913291259e-122	-0.558615532865453	0.966	0.982	3.11943130456083e-117
Ifi27l2a	1.83863956361381e-121	0.975649116777964	0.975	0.8	5.93604783112718e-117
Chst12	2.26493175373455e-121	0.467102419229167	0.402	0.052	7.31233216693199e-117
Acsbg1	2.50757914574588e-121	0.687650251949956	0.321	0.016	8.09571927204057e-117
Relb	3.16559193698667e-121	0.555351489750594	0.563	0.142	1.02201135685615e-116
Mcm6	5.78168582798161e-121	0.622490518399269	0.543	0.132	1.86661726956386e-116
Uqcrh	6.87470863055554e-121	0.571760713193388	0.974	0.795	2.21949968137486e-116
Wdfy1	9.4034574354454e-121	0.485503855855973	0.444	0.074	3.03590623303355e-116
Ap1s2	9.87962115391011e-121	0.542905063858171	0.429	0.067	3.18963568953988e-116
Dst	1.89077248811819e-120	0.628416147643525	0.442	0.078	6.10435897788958e-116
Zmiz1	4.17083525219389e-120	0.666686853931634	0.73	0.27	1.3465541611708e-115
Tspan5	4.69029581309425e-120	0.889114084683707	0.711	0.281	1.51426200325748e-115
Sirt2	5.35903243617742e-120	0.500508344671034	0.562	0.137	1.73016362201988e-115
Dusp14	6.44188531634225e-120	0.768353356921933	0.306	0.011	2.07976267438109e-115
Arl4c	7.46357838890488e-120	-1.08443325171725	0.321	0.581	2.40961628285794e-115
Cmip	9.05965808021887e-120	0.749320144503659	0.931	0.643	2.92491061119866e-115
Tcf7	1.00021959281513e-119	-0.835910982999776	0.764	0.893	3.22920895540364e-115
Bmpr2	1.32494206129445e-119	0.653985688082369	0.387	0.05	4.27757544488913e-115
Arid5b	1.37460440398087e-119	0.945670658404508	0.887	0.555	4.43791031825225e-115
Fhl2	1.61232489987336e-119	0.553548111222454	0.307	0.011	5.20539093924115e-115
Card19	1.64353323222782e-119	0.502187564643218	0.48	0.094	5.30614704024751e-115
Tg	2.60567146369605e-119	0.638229760156311	0.577	0.158	8.4124103205427e-115
Pglyrp1	3.4596054505574e-119	0.544585388571555	0.373	0.041	1.11693361971246e-114
Wsb1	4.5892093894171e-119	0.582863593026408	0.635	0.189	1.48162625137331e-114
Zfand5	8.09898155426897e-119	0.628554874964517	0.741	0.268	2.61475619479574e-114
Itga4	1.06862794536185e-118	1.11094443228236	0.892	0.583	3.45006532160075e-114
Sdcbp2	1.57933509411595e-118	0.505972011543821	0.358	0.035	5.09888335135334e-114
Itgb1	2.17809146783287e-118	0.939478500102856	0.55	0.145	7.03196830389843e-114
Slc35d1	2.46725334405272e-118	0.725084228048572	0.563	0.153	7.96552742127422e-114
Cemip2	2.74057616761541e-118	0.494868574970829	0.312	0.014	8.84795015714635e-114
Fam107b	4.11201359675483e-118	0.860965900099682	0.915	0.588	1.3275635897123e-113
Gm14085	4.59446527383173e-118	-1.19100857106264	0.048	0.309	1.48332311365657e-113
Sept11	6.11090986146497e-118	0.673056623938473	0.504	0.117	1.97290724877397e-113
Scyl2	1.6910904831264e-117	0.636766781029278	0.513	0.123	5.45968562477357e-113
Mapkapk2	2.80243131237452e-117	0.520137239071699	0.614	0.171	9.04764949200115e-113
Ubac2	5.33066998192005e-117	-0.955309278004515	0.661	0.759	1.72100680366289e-112
Il17a	5.41956441921456e-117	1.71231518762009	0.297	0.009	1.74970637274342e-112
Irs2	5.6423059710307e-117	0.629546402474109	0.402	0.06	1.82161848274726e-112
Cwc25	1.11977745593423e-116	0.618092741245294	0.507	0.115	3.61520151648367e-112
Hsd11b1	3.02205422080568e-116	-1.28138483562971	0.288	0.541	9.75670205187115e-112
Tspan3	3.53276880485255e-116	0.598090785847457	0.449	0.084	1.14055440864664e-111
Cox6b1	3.87467192997679e-116	0.637235390759316	0.9	0.51	1.25093783259301e-111
Msi2	5.37109702538334e-116	0.721454474619868	0.951	0.73	1.73405867464501e-111
Add3	1.7844858810816e-115	-1.02738069333391	0.574	0.721	5.76121266707195e-111
Zeb2	1.86950179670481e-115	0.851953173269178	0.294	0.009	6.03568655066149e-111
Il18rap	3.4175651205066e-115	0.646228562932679	0.296	0.009	1.10336089915556e-110
Rac2	1.52952380168143e-114	0.598189765252186	0.964	0.798	4.9380675937285e-110
Slc15a3	4.04123831707371e-114	0.551082190315698	0.297	0.011	1.30471379066725e-109
Rhoh	4.75457783837765e-114	-0.878787634586573	0.793	0.822	1.53501545512023e-109
Pgam1	5.25643247695027e-114	0.622239378161817	0.632	0.198	1.69703922518339e-109
Ppp1r16b	5.39048270603484e-114	0.760659680408581	0.873	0.485	1.74031734164335e-109
Kras	6.3842307383465e-114	0.687024029334157	0.864	0.442	2.06114889387517e-109
Slc25a24	8.09550251267093e-114	0.491738906260296	0.33	0.026	2.61363298621581e-109
Angptl2	9.64676596169494e-114	0.605252807126644	0.351	0.037	3.11445839073321e-109
Alcam	4.62747559651518e-113	1.00074633324027	0.318	0.022	1.49398049633493e-108
Ablim3	5.18095665011934e-113	0.922183478423345	0.285	0.007	1.67267185449103e-108
Selenos	6.54308082153619e-113	0.682626970556065	0.686	0.25	2.11243364323296e-108
Pold4	1.38389975124789e-112	0.489605439677223	0.565	0.15	4.46792034690382e-108
Atox1	1.38908977707018e-112	0.603480111776752	0.749	0.281	4.48467634527108e-108
Sik2	1.57999705561826e-112	0.83939144976438	0.777	0.363	5.10102049406355e-108
Ddx60	2.56737110132258e-112	-1.28863908713053	0.099	0.37	8.28875760061996e-108
Plp2	3.1269068814419e-112	0.450084755782818	0.355	0.038	1.00952188667352e-107
Spn	3.25433747810069e-112	0.694371655607093	0.818	0.392	1.05066285480481e-107
Lypd6b	6.17352560491915e-112	-0.843503228503435	0.018	0.242	1.99312274154815e-107
Eif3h	1.17984402764494e-111	0.587467268977827	0.95	0.715	3.8091264432517e-107
Sdf4	2.25316732013533e-111	0.786007764993427	0.835	0.42	7.2743506930569e-107
Nsmaf	2.58255898941098e-111	0.592845622033448	0.611	0.188	8.33779169731336e-107
Ptpn1	7.34317564164325e-111	0.684163716523974	0.902	0.538	2.37074425590452e-106
Sec61g	7.80933545277024e-111	0.642590265724515	0.833	0.415	2.52124395092687e-106
Prr5l	1.55686715668594e-110	0.565458456068039	0.277	0.005	5.02634561536057e-106
Mxd4	2.24682117571236e-110	0.628305901179536	0.723	0.279	7.25386216578737e-106
Smim3	2.71494000810058e-110	0.479929703860897	0.289	0.011	8.76518381615271e-106
Cst7	2.71882091814052e-110	0.489687478250376	0.339	0.033	8.77771333421666e-106
Cirbp	3.14901631541845e-110	0.544957976163912	0.573	0.159	1.01665991743285e-105
Xist	3.33585275867156e-110	-1.50861676016914	0.1	0.399	1.07698006313711e-105
Plod2	5.52656065128909e-110	0.575822809930252	0.307	0.019	1.78425010626868e-105
Zap70	7.59820028947448e-110	0.684530648986654	0.77	0.332	2.45307896345683e-105
Cox5b	9.7197262783384e-110	0.658821618305101	0.824	0.397	3.13801362896155e-105
Baz1a	1.41035783995086e-109	0.765334865101013	0.813	0.384	4.55334028628134e-105
Gm20559	1.50591466443416e-109	-0.956225605437638	0.075	0.333	4.8618454941257e-105
Trerf1	2.42801897369193e-109	0.906312593969957	0.761	0.351	7.83885925656439e-105
Rps21	2.52631767813034e-109	0.393550473793295	0.997	0.996	8.1562166238438e-105
Pced1b	2.75757323165401e-109	-1.12451594404643	0.463	0.637	8.90282517839496e-105
Slbp	3.33396153757287e-109	0.460750009607137	0.602	0.169	1.0763694824054e-104
St8sia1	4.3885090749647e-109	-0.994598474280763	0.379	0.659	1.41683015485235e-104
Glipr2	5.40330820252029e-109	0.466781316145534	0.403	0.066	1.74445805318367e-104
Prkca	1.23036073029572e-108	1.01536563571089	0.935	0.792	3.97221961775973e-104
Rorc	2.27301769190271e-108	0.529835165820275	0.279	0.008	7.3384376183079e-104
mt-Atp6	2.41659775925981e-108	-0.385862272970528	0.997	1	7.80198586577028e-104
Dctn2	3.00349994878478e-108	0.419476778895657	0.52	0.124	9.69679958465166e-104
Dap	3.61217987289985e-108	0.474399694653324	0.503	0.118	1.16619227196572e-103
Acot7	6.58682780534084e-108	0.417846971929407	0.362	0.046	2.12655735695429e-103
Hnrnpll	1.38564104997437e-107	0.624251286570843	0.582	0.175	4.47354212984225e-103
Tagln2	1.38985387752204e-107	0.68700977369007	0.719	0.293	4.48714324357991e-103
Abtb2	1.69568975422109e-107	-1.212282735341	0.586	0.724	5.47453437150279e-103
Dtl	1.82421251740028e-107	0.584650989515586	0.313	0.025	5.88947011242681e-103
Gng10	2.81251273350358e-107	0.410731974682979	0.479	0.104	9.0801973601163e-103
Rpl8	3.17046295339296e-107	-0.407537561569968	0.998	0.999	1.02358396450292e-102
Cotl1	3.23959558593404e-107	0.662211325094667	0.918	0.589	1.0459034349188e-102
Optn	3.55610069643739e-107	0.46488901681817	0.276	0.008	1.14808710984481e-102
Rcsd1	4.12503697753125e-107	-1.078757158417	0.428	0.613	1.33176818819596e-102
Man1a	5.20588653778488e-107	-1.01358547345856	0.62	0.753	1.68072046872385e-102
Gm20275	5.43915889446118e-107	0.856284632580788	0.791	0.397	1.75603244907679e-102
Axl	7.38467621326307e-107	0.462332822822632	0.288	0.014	2.38414271545198e-102
Arid1a	7.57134061765667e-107	-0.874896381446715	0.739	0.762	2.44440731841045e-102
Klf3	1.15117985003056e-106	-1.06396347165651	0.171	0.451	3.71658414582365e-102
Rasgrp2	2.53000010734972e-106	-0.903896425639976	0.116	0.392	8.16810534657856e-102
Tff1	3.04149453518359e-106	1.08340518710778	0.274	0.008	9.81946510684022e-102
Sgk3	8.77158264508722e-106	-0.686390908233114	0.008	0.211	2.83190545696641e-101
Ankrd12	1.17142208209273e-105	0.798538234902182	0.934	0.678	3.78193619203637e-101
Zfp652	1.22656948760151e-105	-1.07771877111443	0.273	0.525	3.95997959072148e-101
Rps9	1.30001887673188e-105	-0.377679514997086	0.998	1	4.19711094352887e-101
Dr1	1.55078619930101e-105	0.646220970458995	0.484	0.118	5.0067132444433e-101
Ube2m	1.82995142468721e-105	0.522547556772664	0.673	0.223	5.90799817460266e-101
Ifi214	2.41456385805626e-105	-0.943359605072662	0.048	0.289	7.79541941573463e-101
Homer1	2.42929169562272e-105	0.67307778581146	0.427	0.087	7.84296823931794e-101
Tox	2.67933861602887e-105	1.09065626769289	0.946	0.834	8.6502447218492e-101
Nfkbil1	3.69817269136098e-105	0.453769442013229	0.463	0.1	1.19395505340589e-100
Aopep	5.56346894162208e-105	0.817730337567806	0.821	0.434	1.79616594780269e-100
Ndrg3	1.65287763981366e-104	-1.14236136171986	0.239	0.488	5.33631546013842e-100
Tbcb	1.80472442308823e-104	0.404573401864632	0.522	0.13	5.82655279994036e-100
Rnf10	2.57513396504433e-104	0.444888162298368	0.597	0.176	8.31382000614562e-100
Hmgb1	2.66569700126255e-104	0.62595543375755	0.958	0.733	8.60620276857613e-100
Twsg1	7.05837182569943e-104	0.458858168710913	0.426	0.083	2.27879534392706e-99
Clint1	1.95851159746657e-103	0.703505465974732	0.952	0.701	6.32305469242082e-99
Ssbp4	2.22290489998815e-103	0.44530659497547	0.554	0.151	7.17664846961174e-99
Ramp1	2.63564763023303e-103	1.07102526084072	0.748	0.416	8.50918837420732e-99
Hadha	3.14771739287772e-103	0.490634609772471	0.678	0.228	1.01624056029057e-98
Gsap	3.16486938148262e-103	0.469879766134584	0.377	0.06	1.02177807981167e-98
Cenpb	3.17905347883372e-103	0.394384089314327	0.37	0.055	1.02635741564147e-98
Itga3	3.30845225096594e-103	0.47870904518171	0.271	0.009	1.06813380922435e-98
Hivep3	3.69178645471631e-103	0.897720082318284	0.464	0.116	1.19189325690516e-98
Rplp1	3.86791530758008e-103	-0.365901212706931	1	1	1.24875645705223e-98
Batf	4.56033182809855e-103	0.640465594399654	0.529	0.153	1.47230313070162e-98
Parp11	9.70423535426028e-103	-1.14763663147624	0.133	0.389	3.13301238412293e-98
Rreb1	9.91246579534198e-103	-1.04529596486749	0.16	0.422	3.20023958202616e-98
Rps7	1.02771496929241e-102	-0.385715183296602	0.997	1	3.31797777836056e-98
Vps54	1.27576600141062e-102	0.782966982711298	0.815	0.422	4.11881053555417e-98
Mfsd14a	2.6805959615257e-102	0.486010212339574	0.591	0.179	8.65430406178571e-98
Prelid1	3.27259851418334e-102	0.590941994373254	0.779	0.333	1.05655843030409e-97
Atp5l	4.88770246179633e-102	0.589428058376077	0.939	0.623	1.57799473979095e-97
Nf1	6.64127831502095e-102	0.546304720607743	0.546	0.159	2.14413670400451e-97
Fam20a	1.51326253081748e-101	0.634525622127699	0.301	0.025	4.88556808074423e-97
Vps29	3.74299441653634e-101	0.452064030931599	0.609	0.181	1.20842574737876e-96
F730043M19Rik	1.30423743325564e-100	0.414925096467549	0.301	0.025	4.21073055326582e-96
Sept7	1.33500967682545e-100	0.633267011548219	0.933	0.644	4.31007874163098e-96
Rnf11	2.01072782540113e-100	0.408966344191571	0.385	0.065	6.49163478430755e-96
Rpl34	1.00311595655224e-99	0.359815637363317	0.999	0.998	3.23855986572889e-95
Gimap5	1.62180774730272e-99	0.573930715383743	0.711	0.272	5.23600631216684e-95
Plekhb2	2.08720020042737e-99	0.375551673342911	0.391	0.068	6.73852584707977e-95
Mir142hg	2.11772650425433e-99	-0.780920919158488	0.846	0.905	6.83708001898511e-95
S1pr1	2.18466088236735e-99	-0.898067889446358	0.286	0.583	7.053177658723e-95
Ssbp2	3.74885712583247e-99	-1.12082645396452	0.542	0.704	1.21031852307501e-94
Map2k3	4.84057622124246e-99	0.444573810276156	0.389	0.069	1.56278003302813e-94
Thap12	5.03915207841189e-99	0.564127913441017	0.551	0.167	1.62689024851528e-94
Atp8b4	5.17403103786173e-99	-0.911395142650817	0.053	0.289	1.67043592057366e-94
Atad2	5.73877602350936e-99	0.663712927764877	0.634	0.227	1.85276383919e-94
Slc9b2	7.6861221449195e-99	0.406576705280115	0.261	0.009	2.48146453448726e-94
Ankrd44	1.43630130352513e-98	-0.642196071878343	0.94	0.951	4.63709875843089e-94
Raet1e	1.45773692000934e-98	0.727986194173882	0.726	0.318	4.70630364625015e-94
Dgkz	3.03373892052678e-98	0.588335781467402	0.726	0.294	9.7944261049207e-94
Foxn3	3.73866324385721e-98	-0.908306764792711	0.885	0.92	1.2070274282793e-93
Eprs	5.94654176421004e-98	0.909183167857805	0.732	0.343	1.91984100857521e-93
Tmbim4	6.83728368674689e-98	0.372235173000931	0.454	0.101	2.20741703826623e-93
Galm	6.85003926160239e-98	0.484477745308271	0.34	0.047	2.21153517560833e-93
Vgll4	8.59867353843108e-98	0.802314262990332	0.805	0.47	2.77608175188247e-93
St3gal3	1.36160155514204e-97	0.688628961139841	0.424	0.097	4.39593062077607e-93
Samd9l	1.38191234631114e-97	-1.05906740543305	0.167	0.42	4.4615040100655e-93
Elob	2.56908332473261e-97	0.589659487669302	0.91	0.549	8.29428551389923e-93
Arhgap26	2.75497808047922e-97	0.674833896234327	0.692	0.277	8.89444673282716e-93
Usp18	3.50804047419339e-97	-1.0996065810473	0.064	0.298	1.13257086709334e-92
Lpgat1	3.61036315875302e-97	0.42716971228685	0.417	0.085	1.16560574580341e-92
Golm1	4.3448556156637e-97	0.444072548255159	0.293	0.024	1.40273663551702e-92
Fau	4.35408596335798e-97	0.329154560434261	1	1	1.40571665327012e-92
Clasp2	6.85289671658033e-97	0.7433319284187	0.758	0.354	2.21245770494796e-92
Adam9	7.05979846086693e-97	0.441970525994457	0.309	0.033	2.27925593309089e-92
Cmtm7	7.31667036468557e-97	0.62164585353638	0.571	0.186	2.36218702723874e-92
Ap2m1	1.02868771002372e-96	0.413369572006116	0.551	0.156	3.32111827181158e-92
Acads	1.435693181585e-96	0.346965859484867	0.4	0.076	4.63513543674719e-92
Slc5a3	1.63527691484482e-96	0.465927145091106	0.386	0.071	5.2794915195765e-92
Etfb	2.76905832919278e-96	0.441600380033	0.545	0.153	8.93990481579888e-92
Cd27	2.95511710462517e-96	-0.917884923649092	0.392	0.61	9.54059557228235e-92
Atp5k	3.8571810534615e-96	0.542361480485488	0.709	0.276	1.24529090311004e-91
Ifitm3	1.93465526646448e-95	0.842451329591561	0.376	0.073	6.24603452778059e-91
Nfkb2	2.00087379391165e-95	0.392281875270104	0.412	0.084	6.45982104364375e-91
Arf6	2.84060529452731e-95	0.43819618287678	0.581	0.176	9.17089419338141e-91
Cmah	4.21805994291743e-95	-1.0521637636543	0.482	0.666	1.36180065257089e-90
Bcl2l1	8.53239334201316e-95	0.874373308238387	0.413	0.099	2.75468319046895e-90
Evl	1.15309198811269e-94	-0.971191546051567	0.619	0.695	3.72275748362183e-90
Tspo	1.30924233016495e-94	0.593444561029808	0.918	0.574	4.22688886293753e-90
Itpripl2	1.38115428746229e-94	0.355078153428849	0.25	0.008	4.45905661707199e-90
Tpt1	1.38951816512878e-94	-0.295582176047891	1	1	4.48605939611828e-90
Csnk1g3	1.62976482680793e-94	0.647567518425158	0.817	0.419	5.2616957433494e-90
Cdk6	1.83408832115292e-94	0.669598288318421	0.562	0.19	5.92135414484219e-90
Cd3e	2.08460690814308e-94	0.547137772055493	0.968	0.766	6.73015340293993e-90
Adk	3.83049740280567e-94	1.04818358325595	0.639	0.276	1.23667608649581e-89
Prnp	4.10028107153876e-94	0.367424264654418	0.282	0.022	1.32377574394629e-89
Nfat5	4.32105708314922e-94	0.703723963619024	0.822	0.436	1.39505327929473e-89
Tet2	5.85276383531239e-94	0.498978686137362	0.6	0.199	1.88956480423061e-89
Ciapin1	5.97802926860008e-94	0.422266503206746	0.505	0.136	1.93000674936754e-89
Ifit1	7.32384039224363e-94	-1.22563934156033	0.043	0.262	2.36450187063586e-89
Dzip1	1.02713778450322e-93	-0.697999955169124	0.024	0.225	3.31611433726864e-89
Dhrs3	1.10032280056924e-93	0.47778427967958	0.247	0.008	3.55239216163779e-89
Lamp2	2.02678968578285e-93	0.465268799115548	0.516	0.148	6.54349050054992e-89
Vamp5	2.73466358971215e-93	0.439036382188901	0.354	0.059	8.82886139938568e-89
March3	2.88064121889937e-93	0.716772567300444	0.319	0.043	9.30015017521661e-89
Stk4	4.05532658552167e-93	-0.672034602319715	0.856	0.876	1.30926218813567e-88
Hcls1	5.43328575497345e-93	0.510572380662567	0.735	0.291	1.75413630599318e-88
Ern1	6.49968474385304e-93	0.537821300772452	0.333	0.05	2.09842321955295e-88
Coro2a	1.11142537652157e-92	0.6108762297634	0.356	0.063	3.58823682809989e-88
Jarid2	1.71291097807959e-92	0.798321617240674	0.911	0.638	5.53013309272996e-88
Akt1	2.39069499096067e-92	0.310124524441461	0.408	0.083	7.71835877831652e-88
Phlpp1	3.50602351085357e-92	0.782924717853285	0.464	0.131	1.13191969047908e-87
Pgls	4.16509769684283e-92	0.433472145120494	0.661	0.227	1.34470179142571e-87
Slfn8	4.78022383982593e-92	-1.05525393886073	0.158	0.399	1.5432952666878e-87
Patj	5.01932226284741e-92	-1.07916322451261	0.234	0.476	1.62048819256029e-87
Clic4	5.58182041674368e-92	0.523800662854272	0.317	0.042	1.8020907215457e-87
P2ry10	8.23672626447448e-92	0.570854960775727	0.682	0.272	2.65922707448559e-87
Lnx2	9.77962928604021e-92	0.476617368197747	0.515	0.148	3.15735331499808e-87
Psmd8	1.11594971987895e-91	0.482784510201668	0.728	0.282	3.60284367062921e-87
Col4a3bp	1.22907639845572e-91	0.681952974558612	0.798	0.402	3.96807315241431e-87
Utrn	2.50636799447394e-91	-0.597160290803531	0.944	0.967	8.0918090701591e-87
Hmox2	3.54691224384799e-91	0.487342162797027	0.67	0.253	1.14512061792632e-86
Rnf213	3.7499447309372e-91	-1.5692544111835	0.264	0.482	1.21066965638308e-86
Ubr5	4.71555467410269e-91	0.573805061458378	0.799	0.38	1.52241682653405e-86
P4hb	4.78465441351967e-91	0.388431636812074	0.548	0.161	1.54472567740482e-86
Il1r1	5.13850690635693e-91	0.731865535045342	0.247	0.011	1.65896695471733e-86
Mlf2	9.6861947916446e-91	0.352048271172932	0.493	0.129	3.12718798848246e-86
Ifit3	1.21046119431192e-90	-0.970212106811481	0.017	0.205	3.90797396583604e-86
Uqcr10	1.394144552602e-90	0.582404172375749	0.821	0.412	4.50099568807557e-86
Jak1	1.49351865495731e-90	-0.612278829898236	0.947	0.944	4.82182497752967e-86
Ppp2r2d	1.50646078434001e-90	0.382631169986168	0.536	0.156	4.86360864224171e-86
Csnk1d	1.59249554350845e-90	0.43691521897966	0.643	0.225	5.14137186221704e-86
Clic1	1.87591301888659e-90	0.522816353455739	0.933	0.654	6.05638518147535e-86
Gna15	2.56227610010955e-90	0.43432838727514	0.243	0.009	8.27230838920369e-86
Plk3	3.30934592290254e-90	0.399033401300125	0.319	0.045	1.06842233120908e-85
Chpt1	3.54237983816332e-90	0.440228910901335	0.295	0.033	1.14365733075103e-85
Mettl26	3.8245176862564e-90	0.357005933492082	0.494	0.134	1.23474553500788e-85
Dctn4	3.92690258288875e-90	0.402540189587906	0.603	0.202	1.26780049888563e-85
Tmem258	4.43755070772668e-90	0.465149509923346	0.688	0.256	1.43266324598956e-85
Sipa1l1	4.46820591861649e-90	-0.882680410573388	0.525	0.685	1.44256028082534e-85
Plekha2	4.80443718717874e-90	0.550597550721237	0.72	0.304	1.55111254588066e-85
Josd1	5.1904122982607e-90	0.40678608201593	0.397	0.083	1.67572461049347e-85
Cd83	6.05719072948134e-90	0.84149425607105	0.238	0.008	1.95556402701305e-85
Cks2	8.30213785381851e-90	0.353661238843971	0.425	0.095	2.68034520610531e-85
Ap2s1	1.32735615307263e-89	0.43813826995037	0.661	0.235	4.28536934019499e-85
Ufc1	1.36699431447816e-89	0.401544532041515	0.558	0.172	4.41334114429274e-85
Ap3s1	1.60873195791119e-89	0.541186983486743	0.705	0.284	5.19379112611628e-85
Cyth3	1.6457672277657e-89	0.495532577303042	0.386	0.081	5.31335949484155e-85
Arl6ip1	1.71076268334276e-89	0.598877793701087	0.938	0.654	5.52319732317209e-85
Itm2c	2.00883585585162e-89	0.433238519441554	0.511	0.146	6.48552656061696e-85
Sigirr	2.02982250516868e-89	0.358828157269847	0.424	0.097	6.55328195793707e-85
Soat1	2.17980963073146e-89	0.359398477864893	0.452	0.112	7.03751539281651e-85
2610204G07Rik	2.88054958215239e-89	0.542952865463723	0.276	0.025	9.29985432597899e-85
Sh3bgrl	3.19652906069181e-89	0.43078666944199	0.466	0.125	1.03199940724435e-84
Thada	3.24241327650957e-89	-0.991963406774369	0.611	0.726	1.04681312632112e-84
Tmsb4x	3.66120303622012e-89	0.436047189141562	1	1	1.18201940024367e-84
Sh3bgrl3	6.24570607120253e-89	0.572066112449335	0.944	0.691	2.01642620508774e-84
Ntrk3	6.70346271924482e-89	0.878014068108787	0.491	0.159	2.16421293890819e-84
Mpp7	6.85616349024988e-89	0.991656020811756	0.552	0.22	2.21351238282717e-84
Gabarap	8.28981393563024e-89	0.523588762600527	0.853	0.426	2.67636642911822e-84
Fam78a	1.14947425972853e-88	-1.02145114313985	0.246	0.462	3.71107764753357e-84
Gldc	1.34296630919151e-88	0.500467547527415	0.228	0.004	4.33576672922479e-84
Sh2d1a	2.09343658025807e-88	0.697537589801133	0.744	0.353	6.75865999936319e-84
Gtf2ird1	2.7599427497085e-88	0.425367160274267	0.364	0.069	8.91047516743391e-84
Mical1	4.37990143457332e-88	0.338743048475002	0.346	0.059	1.414051178152e-83
Tcf4	4.70558079159549e-88	0.502854791215277	0.299	0.038	1.5191967585666e-83
Klhdc2	5.05559255972757e-88	0.398972644403234	0.417	0.096	1.63219805790805e-83
Gpr18	5.71539189430831e-88	-0.9541711185226	0.196	0.427	1.84521427307744e-83
Arntl	5.74787100206429e-88	0.467555349686934	0.615	0.217	1.85570015301645e-83
Mrpl52	8.44690642264647e-88	0.516472479182837	0.781	0.345	2.72708373855141e-83
Matk	8.78219001393747e-88	0.434494812297178	0.283	0.03	2.83533004599971e-83
Ssh1	1.45535638583797e-87	0.316719172731275	0.348	0.06	4.6986180916779e-83
Btg2	2.01661495277101e-87	0.685368235226377	0.937	0.674	6.51064137502121e-83
Abhd12	2.19097668930351e-87	0.439034229973155	0.509	0.152	7.07356824141637e-83
Lta	2.32736107519504e-87	0.663208308860498	0.418	0.105	7.51388523126719e-83
Atp6v0c	3.9926872484389e-87	0.486885759267845	0.752	0.311	1.2890390781585e-82
B9d2	5.59792709380452e-87	0.350231179235511	0.337	0.056	1.80729076223479e-82
Marcksl1	9.1792622567978e-87	0.478128641749911	0.258	0.019	2.96352481960717e-82
Fam162a	1.3189364813051e-86	0.603943399847575	0.621	0.244	4.2581864298935e-82
Pkm	1.70786587155327e-86	0.586674864808479	0.874	0.532	5.51384496630974e-82
Tcf20	1.83030029018775e-86	-0.831610102204432	0.732	0.776	5.90912448687114e-82
Midn	2.44745696306869e-86	0.45265817393898	0.554	0.18	7.90161480526726e-82
Fbxw8	3.25186460170079e-86	0.330554178743621	0.264	0.022	1.0498644866591e-81
Stk38l	3.67208389098791e-86	0.427299776855288	0.393	0.087	1.18553228420545e-81
Slc25a4	4.61249771310013e-86	0.49097915923031	0.657	0.259	1.48914488667438e-81
Cplane1	5.22322579403391e-86	0.462612338152937	0.53	0.166	1.68631844760385e-81
Dynlt3	5.39523397803766e-86	0.31570161964884	0.315	0.046	1.74185128980946e-81
Carnmt1	1.03555498521536e-85	0.473684238754479	0.525	0.164	3.34328926976779e-81
Smc6	1.34165056883829e-85	-0.926228368111106	0.664	0.708	4.33151886149442e-81
Lamtor4	1.35804527174956e-85	0.392478708924487	0.589	0.193	4.38444915984345e-81
Far1	1.76311823443978e-85	0.386792056514215	0.535	0.164	5.69222721988884e-81
Gpr160	4.01959079142722e-85	0.463625016925164	0.248	0.017	1.29772488701228e-80
Apaf1	4.02541222195452e-85	0.477712491910471	0.48	0.139	1.29960433585802e-80
Pik3cd	4.39412445663616e-85	-0.959428997275381	0.594	0.669	1.41864308082499e-80
Gpr132	4.40469717930922e-85	0.647556104864066	0.817	0.448	1.42205648433998e-80
Sat1	5.45981799742378e-85	0.56504065615073	0.751	0.336	1.76270224046827e-80
Gm11808	5.68013352621863e-85	0.345535981672578	0.528	0.157	1.83383110893969e-80
Aplp2	6.42501943353448e-85	0.463325284617897	0.583	0.2	2.07431752411661e-80
Dtx3	6.61378464271878e-85	0.322786575260615	0.3	0.04	2.13526037190176e-80
Hopx	9.49967781624129e-85	0.465707792274144	0.258	0.021	3.0669709829735e-80
Ccr4	9.84832898863769e-85	0.443193951894356	0.269	0.027	3.17953301398168e-80
Ndufb1-ps	1.23512038365186e-84	0.528428700280611	0.779	0.366	3.98758615862004e-80
Timm17b	1.37712722289369e-84	0.343409887789017	0.443	0.113	4.44605523911228e-80
Diaph3	1.72750986287712e-84	0.462379613640125	0.348	0.067	5.57726559229878e-80
Syap1	1.96801594437173e-84	0.364828307368297	0.46	0.124	6.35373947640414e-80
Ppme1	2.31411498072983e-84	0.442279404350124	0.515	0.158	7.47112021528627e-80
Arf5	2.34396685539629e-84	0.533418502017117	0.915	0.614	7.56749699264694e-80
Ei24	3.05488603448926e-84	0.329844809583731	0.344	0.063	9.86269956234858e-80
Vdac1	3.65076535121491e-84	0.393543639890979	0.527	0.163	1.17864959363973e-79
Egln3	3.68110203665947e-84	0.42725790342634	0.283	0.033	1.18844379253551e-79
Gpx1	3.79240723654683e-84	0.562940467468231	0.689	0.283	1.22437867631914e-79
Smarca5	4.79338369293897e-84	0.592434246639744	0.858	0.502	1.54754392526535e-79
Xbp1	4.84609129307323e-84	0.361612146782178	0.391	0.087	1.56456057396869e-79
Chd3	5.17260345269004e-84	-0.891015001950313	0.648	0.715	1.66997502470098e-79
Cd5	6.08722495786295e-84	0.45816141934213	0.663	0.257	1.96526057764605e-79
Cetn2	6.42100855959733e-84	0.360464240476756	0.517	0.154	2.073022613466e-79
Mafg	1.02399878768714e-83	0.333797555888009	0.294	0.039	3.30598008604793e-79
Got1	1.10278138584458e-83	0.495921297957217	0.428	0.113	3.56032970419922e-79
Ptpn7	1.94131871701626e-83	0.429624658660136	0.65	0.242	6.26754747788699e-79
Ftl1	2.28952646313336e-83	0.539356618277555	0.964	0.795	7.39173618622607e-79
Hvcn1	3.20064630388368e-83	0.348076715897886	0.47	0.129	1.03332865920885e-78
Wdyhv1	3.54659417604832e-83	0.422468803505613	0.425	0.109	1.1450179297372e-78
Romo1	4.26925307185513e-83	0.380026327601924	0.603	0.207	1.37832835424843e-78
Wdr26	5.07681877917487e-83	0.585832143471155	0.861	0.472	1.63905094285661e-78
Ssr2	5.34619106384087e-83	0.33759782194631	0.517	0.153	1.72601778496102e-78
Rps3	6.15706839546802e-83	-0.351326798375294	0.996	0.999	1.98780953147685e-78
Pim3	6.35510866932293e-83	0.427628321398935	0.324	0.055	2.05174683389091e-78
Tigit	9.12085559520968e-83	0.354786793299869	0.24	0.016	2.94466822891344e-78
Prickle1	9.18348324118142e-83	0.771877638941812	0.41	0.11	2.96488756441542e-78
Slc12a7	9.36295945939272e-83	-0.848561435329232	0.118	0.341	3.02283146146494e-78
Dut	1.13311187446936e-82	0.536231710538631	0.594	0.217	3.65825168672434e-78
Atp5d	1.71462408674759e-82	0.516339307121987	0.896	0.538	5.53566386406458e-78
Rpl18a	1.8661911385116e-82	-0.336304447462665	0.999	1	6.0249980906847e-78
Sap18	1.88082458419142e-82	0.408903259623538	0.612	0.212	6.07224217006199e-78
Cxcr3	1.92298916015425e-82	0.378170830019739	0.232	0.013	6.208370503558e-78
Akt3	1.93179658899593e-82	0.584633610967238	0.846	0.467	6.23680528757336e-78
Aprt	2.18591726107847e-82	0.518351818328082	0.692	0.281	7.05723387739183e-78
Ndufb8	2.75075521271602e-82	0.479287177098687	0.718	0.291	8.88081320425368e-78
Gabarapl2	3.05352494463532e-82	0.482997908138343	0.767	0.338	9.85830528375512e-78
Xylt1	3.3453505165799e-82	0.636617397855217	0.496	0.167	1.08004641427782e-77
Slfn5	3.82906847874426e-82	-1.56698421088338	0.256	0.464	1.23621475836258e-77
Oas2	3.98978331959217e-82	-0.539409263913098	0.002	0.155	1.28810154473033e-77
Ppp3ca	4.39113499419149e-82	-1.01758281102705	0.276	0.502	1.41767793287472e-77
Tmem126a	5.38364984971974e-82	0.364516586376931	0.542	0.171	1.73811135398202e-77
Rpl9	1.25166655341473e-81	-0.338606572014523	0.996	0.999	4.04100546769945e-77
Abhd17a	1.28929492434112e-81	0.359227999733125	0.554	0.178	4.1624886632353e-77
Mtch1	1.35478621886412e-81	0.331880260184983	0.504	0.148	4.37392730760281e-77
Gm16337	1.41839640086738e-81	-0.671905589462916	0.034	0.224	4.57929278020035e-77
Sec11c	1.44602468843943e-81	0.510082111558919	0.66	0.261	4.66849070662671e-77
Csnk2b	1.9446453003514e-81	0.46902667893588	0.67	0.264	6.2782873521845e-77
Cd4	1.94752947494852e-81	0.536107292980285	0.916	0.621	6.2875989098713e-77
Nenf	2.27160062932918e-81	0.272831348216146	0.279	0.033	7.33386263178925e-77
Prkcsh	2.57696276075106e-81	0.299227237849463	0.44	0.113	8.31972427308481e-77
Zswim4	2.67788381345829e-81	0.354283368585971	0.273	0.03	8.64554789175009e-77
Ubald2	3.01880741749143e-81	0.485231395355978	0.629	0.237	9.74621974737109e-77
Txndc17	3.16984902008289e-81	0.381512945459821	0.629	0.226	1.02338575613376e-76
Cep250	3.63384001813106e-81	0.360606732633295	0.429	0.11	1.17318524985361e-76
Eya2	3.71544694186464e-81	-0.610866113864587	0.012	0.18	1.199532045181e-76
Txnl1	5.6435430906984e-81	0.382092212973131	0.657	0.239	1.82201788683198e-76
Aim2	6.01000030670093e-81	0.395642031644118	0.41	0.103	1.9403285990184e-76
Atp2b1	6.5430737017235e-81	0.63603373062551	0.842	0.45	2.11243134460143e-76
Cd3d	6.56209345320109e-81	0.432976609364351	0.983	0.92	2.11857187136597e-76
Inf2	6.706449020451e-81	0.319527017446257	0.29	0.04	2.16517706625261e-76
Tmem160	7.97801373424426e-81	0.430549132287092	0.725	0.296	2.57570173410076e-76
Adipor1	9.19336793304897e-81	0.299379097053031	0.517	0.154	2.96807883718486e-76
Hmces	1.22646266840429e-80	0.344988706087488	0.364	0.078	3.95963472494326e-76
Pou2f2	1.28442195015687e-80	0.543182734849664	0.376	0.089	4.14675626608146e-76
Irf4	1.33276099429848e-80	0.605961817671784	0.326	0.063	4.30281887009264e-76
Gnpda1	1.46882928104969e-80	0.307814911797889	0.304	0.046	4.74211533386894e-76
Zbtb38	1.77549785092056e-80	0.392368583742103	0.522	0.166	5.73219481169703e-76
Ppp2r3a	2.66870381781073e-80	0.599273858807372	0.414	0.116	8.61591027580193e-76
Asnsd1	3.92598292068057e-80	0.332509092979399	0.452	0.124	1.26750358594172e-75
Fuca1	4.40814448634387e-80	0.347086773015045	0.482	0.14	1.42316944741612e-75
Hilpda	4.56580589616853e-80	0.51762729355537	0.336	0.067	1.47407043357801e-75
Itgb8	4.60856277770691e-80	0.836214479877732	0.211	0.005	1.48787449278268e-75
Trim8	7.07252835524136e-80	0.372171187957311	0.482	0.144	2.28336577948967e-75
Hmg20b	7.33686548269577e-80	0.321865943713087	0.397	0.095	2.36870702108833e-75
Lgalsl	7.50259256731535e-80	0.384886051004618	0.221	0.009	2.42221201035776e-75
Pabpn1	1.14523390419992e-79	0.4593421245179	0.828	0.397	3.69738765970945e-75
Eva1b	1.22513716491888e-79	0.331988496077764	0.493	0.148	3.95535533694061e-75
Crlf3	1.33802428336974e-79	-0.910278392885747	0.715	0.742	4.31981139885922e-75
Ccr8	1.39023564153907e-79	0.337033136290482	0.208	0.004	4.48837576870888e-75
Gypc	1.47876908806988e-79	0.500571543552498	0.405	0.107	4.77420600083361e-75
Ifit2	1.54046126668914e-79	-0.824329810566432	0.078	0.287	4.97337919950587e-75
Klf4	2.12472432743788e-79	0.668671298892477	0.229	0.014	6.85967249113319e-75
Spock2	2.47657775673108e-79	0.469700598180725	0.227	0.013	7.99563128760628e-75
Per1	2.65767362587046e-79	0.355118556394093	0.5	0.153	8.58029930112279e-75
Hcst	2.67105129056096e-79	0.578101077709656	0.83	0.451	8.62348909157607e-75
Golim4	2.88668886436695e-79	0.361354610790872	0.349	0.072	9.3196749986087e-75
Efhd2	3.97151292261483e-79	0.386453177474154	0.508	0.158	1.2822029470662e-74
Bsg	4.01400106827285e-79	0.445406818848262	0.689	0.272	1.29592024489189e-74
Rnf19b	6.31999256017714e-79	0.364697036524179	0.327	0.062	2.04040959805319e-74
Lpp	7.21473470184872e-79	-1.09693293350274	0.39	0.571	2.32927709849186e-74
Ahi1	7.84767230306895e-79	0.384525416919097	0.36	0.079	2.53362100304581e-74
Iqgap2	9.85816552606084e-79	-0.900288323720825	0.442	0.626	3.18270874008874e-74
Dennd4c	1.00479316418837e-78	0.440875291620833	0.466	0.142	3.24397473058216e-74
Rtp4	1.4620224577223e-78	-0.779994882536459	0.053	0.25	4.72013950475645e-74
Uqcr11	1.94405783757842e-78	0.394302221523187	0.649	0.24	6.27639072862194e-74
Aak1	1.97736459515933e-78	-0.761936791502313	0.752	0.77	6.38392159547189e-74
Notch2	2.24530702978033e-78	0.423916667407862	0.44	0.125	7.2489737456458e-74
Filip1l	3.12100643835491e-78	-0.983927694549238	0.37	0.532	1.00761692862288e-73
Arl1	3.2953832925604e-78	0.30230939852126	0.485	0.141	1.06391449600313e-73
Cfap20	5.54437405982477e-78	0.334261374784186	0.404	0.101	1.79000116521443e-73
Arhgef1	5.59067424319556e-78	-0.760164151914844	0.731	0.733	1.80494917941569e-73
Paxbp1	5.94884358137525e-78	0.559141233917318	0.68	0.295	1.920584150247e-73
Olfr60	8.87035712966109e-78	0.438207537581241	0.206	0.005	2.86379479931108e-73
Klf10	8.95007024481911e-78	0.36131987670883	0.3	0.049	2.88953017853985e-73
Ubc	1.00067243502824e-77	0.536111187161066	0.9	0.571	3.23067095648868e-73
Cops6	1.49453644034564e-77	0.342197425671517	0.507	0.158	4.82511089765591e-73
Zc3h12a	1.58439503301526e-77	0.31461629128405	0.411	0.106	5.11521936408975e-73
Trim12a	1.59908837128829e-77	-1.0398595234948	0.467	0.586	5.16265680670425e-73
Dynll2	1.61292217948054e-77	0.358181752440426	0.487	0.147	5.20731925645292e-73
Vasp	1.80988792236449e-77	0.49062278273366	0.775	0.36	5.84322315735377e-73
Nudt4	1.90944686041166e-77	0.348727293498268	0.438	0.122	6.16464918883903e-73
Aup1	2.4610942601236e-77	0.320693870711309	0.539	0.176	7.94564281880905e-73
Evi2a	2.52949021083042e-77	0.319046817043096	0.264	0.031	8.16645914566602e-73
Btbd9	2.54483794006501e-77	0.444432842594411	0.738	0.33	8.21600928949988e-73
Rgs3	2.68194807206189e-77	0.348203475556816	0.455	0.131	8.65866935065181e-73
Pdk3	2.77219937108839e-77	0.332049107388084	0.372	0.085	8.95004566955887e-73
Als2cl	2.79711564807721e-77	-0.771668575355701	0.118	0.331	9.03048786981728e-73
Amz2	3.10067177605869e-77	0.335983167961506	0.399	0.1	1.00105188290055e-72
Ergic1	3.6703835525241e-77	0.375165181983722	0.349	0.075	1.18498332993241e-72
Lars2	4.3187630504118e-77	-0.771010746223738	0.658	0.688	1.39431265082545e-72
Arl3	4.52149262206183e-77	0.300420420084896	0.367	0.082	1.45976389303266e-72
Ddx58	5.67609476452223e-77	-0.919673116902839	0.178	0.394	1.832527194726e-72
Azin1	5.775353907737e-77	0.402579266111664	0.557	0.192	1.86457300911289e-72
Idh3a	6.92935774393348e-77	0.322127531196521	0.365	0.082	2.23714314762892e-72
1810058I24Rik	7.65365322065302e-77	0.396037132679122	0.622	0.229	2.47098194228783e-72
Ninj1	7.96936008762692e-77	0.277502242514668	0.239	0.019	2.57290790429035e-72
Pbxip1	1.09090050992136e-76	0.37683317457559	0.586	0.21	3.5219722962811e-72
Tgfbr2	1.31802831435757e-76	-0.695122548829214	0.785	0.819	4.25525441290341e-72
Ncf4	1.32608369833198e-76	0.319845534496694	0.353	0.077	4.2812612200648e-72
Mkrn2	1.33401822925002e-76	0.314523108811475	0.409	0.105	4.3068778531337e-72
Pde4b	1.54970260246208e-76	0.650493253902257	0.849	0.547	5.00321485204881e-72
Rps15a	1.57739076815911e-76	0.340065106072225	1	1	5.09260609500169e-72
Mib1	2.75829097163981e-76	0.398266947038732	0.491	0.156	8.90514240193913e-72
Mast4	2.89657412145057e-76	0.538989297069864	0.439	0.131	9.35158955110318e-72
1500011B03Rik	3.13489137151444e-76	0.298482860591836	0.373	0.085	1.01209967929344e-71
Pglyrp2	3.57264181066353e-76	-0.671420321216712	0.061	0.257	1.15342740857272e-71
Hpcal1	4.79648792437995e-76	0.49481485894839	0.731	0.333	1.54854612638607e-71
Dipk1a	5.14915026096726e-76	-1.00007038461087	0.286	0.487	1.66240316175328e-71
Nfkbie	5.50699482456185e-76	0.309105973481458	0.337	0.068	1.77793327910979e-71
Sqstm1	5.54132123779529e-76	0.472428897085294	0.694	0.298	1.78901556162221e-71
Rpl37	6.82236850246538e-76	0.374765920688825	0.998	0.994	2.20260167102095e-71
Rpl24	8.28019794815938e-76	0.375827723367777	0.997	0.996	2.67326190756326e-71
Tnfrsf25	9.53570459686189e-76	0.37077884028617	0.342	0.072	3.07860222909686e-71
Calm2	1.03311990558449e-75	0.52234576474332	0.897	0.579	3.33542761517954e-71
Lin54	1.36725337141971e-75	0.562843921836896	0.442	0.139	4.41417750962853e-71
Mycbp2	1.37433895854873e-75	-0.643047329074907	0.899	0.888	4.43705332767457e-71
Adipor2	1.45405131718104e-75	0.402645207568558	0.675	0.267	4.69440467751898e-71
Socs2	1.48751474594141e-75	0.470057353709456	0.304	0.055	4.80244135727184e-71
Synj2	1.64600458803082e-75	0.358348704301689	0.358	0.081	5.31412581245751e-71
Ppp1ca	1.74368553688588e-75	0.510338000000728	0.906	0.576	5.62948875583606e-71
Hint1	1.7678187937649e-75	0.510969528092362	0.875	0.532	5.70740297566998e-71
Glmp	2.19048689743569e-75	0.267290809833402	0.387	0.094	7.07198694837112e-71
Cdkn1a	2.23418669399952e-75	0.549014635978711	0.284	0.046	7.21307174157745e-71
Slc16a5	2.64546095839623e-75	-0.435890136135399	0	0.137	8.54087070418222e-71
Trib1	2.75111068754515e-75	0.366886930216357	0.243	0.024	8.88196085473951e-71
Hacd3	4.69019597514982e-75	0.449435680824388	0.555	0.205	1.51422977057712e-70
Vcl	6.11473187628113e-75	0.37266900539488	0.279	0.041	1.97414118625736e-70
Gm17173	8.32918058561632e-75	0.308561517093094	0.239	0.023	2.68907595206623e-70
Myo1g	8.74623224227928e-75	0.446346528243311	0.575	0.214	2.82372107941987e-70
Mthfr	9.02919948743848e-75	0.341426906212919	0.249	0.027	2.91507705451951e-70
Slc25a39	1.08458072796851e-74	0.268125951010484	0.309	0.056	3.50156888024632e-70
Tfdp2	1.69775999998386e-74	0.353828467266505	0.436	0.126	5.48121815994789e-70
Golph3	2.02820691926799e-74	0.393432220964627	0.679	0.269	6.54806603885669e-70
Cyth1	2.07277210019693e-74	-0.745862355436203	0.718	0.743	6.69194472548578e-70
Incenp	2.13760699402128e-74	0.342773114310932	0.327	0.065	6.90126418019771e-70
Ipcef1	2.3763671953384e-74	-0.802931746502329	0.648	0.743	7.67210149015003e-70
Ctsz	2.45877759153016e-74	0.269627139491355	0.392	0.097	7.93816345425513e-70
Commd3	2.664498305265e-74	0.31355782531179	0.516	0.166	8.60233277854804e-70
Emd	3.11266189371863e-74	0.305543007894138	0.473	0.143	1.00492289238706e-69
Atp5mpl	3.23740761729377e-74	0.476618292937518	0.773	0.371	1.0451970492433e-69
Snrpg	4.50434309961693e-74	0.489680589459453	0.926	0.659	1.45422716971132e-69
Vps37a	4.50878673685467e-74	0.341917945103034	0.51	0.166	1.45566179799353e-69
Ndufa2	5.1162097979066e-74	0.466080636091619	0.847	0.441	1.65176833325415e-69
1700062C10Rik	7.02302021679664e-74	-0.94426692602798	0	0.136	2.26738207699279e-69
Adprh	7.30251959315549e-74	0.296152305252596	0.448	0.129	2.35761845065025e-69
Mbnl1	8.56551994476441e-74	-0.418751016349348	0.984	0.988	2.76537811416719e-69
Fis1	1.34653183394634e-73	0.422626423074536	0.768	0.348	4.34727802589575e-69
Hivep2	1.3753204838973e-73	0.602493929947562	0.949	0.797	4.44022218226244e-69
Oasl2	1.67327193488403e-73	-0.658067043992569	0.009	0.159	5.4021584417731e-69
Acadl	1.86117354534614e-73	0.281207344264595	0.555	0.188	6.00879879115002e-69
Pfdn5	2.01451550100243e-73	0.43364567168238	0.961	0.78	6.50386329498635e-69
Stk11	2.01587519765766e-73	0.291820516575744	0.515	0.166	6.50825307563775e-69
B2m	2.19691333403816e-73	-0.386908472847209	0.992	0.997	7.09273469894219e-69
Slc26a2	2.42255442822906e-73	0.322156385133722	0.334	0.07	7.82121697153753e-69
Mphosph6	2.6313385753123e-73	0.268627069339157	0.3	0.053	8.49527659039577e-69
5830408C22Rik	3.03400423982224e-73	0.299545419459375	0.276	0.041	9.7952826882661e-69
Skap2	3.16266092864279e-73	0.311808785092998	0.367	0.089	1.02106508081232e-68
Rab4b	4.5948542883167e-73	0.301589394959485	0.556	0.191	1.48344870698305e-68
Slc25a19	4.7909889649597e-73	0.265245894553509	0.271	0.039	1.54677078733724e-68
Ipmk	5.00308489375316e-73	0.415875002847465	0.305	0.058	1.61524595794821e-68
Ube2a	5.52983370291218e-73	0.298530873443459	0.515	0.164	1.7853068109852e-68
Ptbp1	5.56801923334834e-73	0.3501489542495	0.63	0.239	1.79763500948651e-68
Eif3c	5.57433262645688e-73	0.465874157494419	0.868	0.485	1.7996732884516e-68
Pebp1	5.76249682565037e-73	0.420546654260478	0.724	0.316	1.86042210016122e-68
Atp5j2	6.72385632689939e-73	0.491201169122266	0.882	0.529	2.17079701513947e-68
Gm31814	7.14150884081496e-73	0.380108055558007	0.192	0.004	2.30563612925711e-68
Cd160	7.60541524712778e-73	0.556103335422661	0.216	0.015	2.4554083125352e-68
Fyb	9.12218931397081e-73	-0.481334754609605	0.94	0.964	2.94509882001548e-68
Tnf	1.11933044891841e-72	0.486504880650964	0.315	0.066	3.61375835433308e-68
Tceal9	1.43684687609592e-72	0.304729224441543	0.378	0.094	4.63886013947567e-68
Lrp10	1.6225751044476e-72	0.388046155055826	0.702	0.288	5.23848372470907e-68
Cox7a2	2.36958739782128e-72	0.493180020218985	0.851	0.485	7.65021291386601e-68
Mast2	2.87515175643046e-72	0.35922247879053	0.474	0.153	9.28242744563574e-68
Eif4ebp1	3.09518924646892e-72	0.267255248559885	0.265	0.037	9.99281848222491e-68
Pfdn1	3.16339366864462e-72	0.346923733185645	0.594	0.217	1.02130164592191e-67
Pbx3	3.6631630072853e-72	0.501672977531703	0.226	0.02	1.18265217690206e-67
Grn	4.73571330824486e-72	0.276578533096097	0.219	0.017	1.52892504156685e-67
Rpl37a	6.78870809614893e-72	0.301954899287627	1	0.997	2.19173440884168e-67
Cflar	7.31305514951956e-72	-0.905706615946123	0.481	0.584	2.36101985502239e-67
1700012B07Rik	1.03247378995477e-71	0.480384666621765	0.19	0.004	3.33334163086897e-67
Akr1a1	1.04758802557379e-71	0.397208519285254	0.725	0.308	3.38213794056497e-67
Sms	1.15932322903064e-71	0.400108186177732	0.647	0.259	3.74287504492543e-67
Polg2	1.21781804161734e-71	0.321727549658837	0.447	0.134	3.93172554736157e-67
Ptpmt1	1.22140481590078e-71	0.25335763346737	0.289	0.05	3.94330544813568e-67
Birc2	1.31971941874808e-71	0.407847347661165	0.582	0.223	4.26071414342819e-67
Fam110a	1.41308357252675e-71	0.327991965515409	0.24	0.026	4.56214031390261e-67
Nde1	1.96769820871527e-71	0.269559400688724	0.358	0.084	6.35271366683724e-67
Gm47015	1.97484294559725e-71	0.471378274968766	0.449	0.145	6.37578044986072e-67
Atp1a1	2.47226585049201e-71	0.438455378355398	0.687	0.292	7.98171029831345e-67
Btf3	2.54354958145874e-71	0.433615278254028	0.972	0.825	8.21184982373953e-67
Sidt1	2.82400595032642e-71	-0.92690880981394	0.181	0.405	9.11730321062883e-67
Anp32e	3.38563122950295e-71	0.448335378902563	0.642	0.263	1.09305104244503e-66
Rassf1	4.82552595025428e-71	0.391225942420927	0.5	0.171	1.55792105303959e-66
Ypel2	4.99103019566633e-71	0.361418024491833	0.343	0.078	1.61135409867088e-66
Pi4k2a	5.42016279331669e-71	0.281956430434696	0.427	0.122	1.74989955782229e-66
Dhrs7	8.10824192071378e-71	0.260100303234709	0.333	0.072	2.61774590410245e-66
Adam19	8.40072917803233e-71	0.498522058071876	0.609	0.255	2.71217541512774e-66
Lockd	9.21110220168645e-71	0.405094684387067	0.308	0.062	2.97380434581447e-66
Gtf2f1	9.26015312118544e-71	0.271577745344792	0.424	0.12	2.98964043517472e-66
Map1lc3b	9.94328891424559e-71	0.482981741339587	0.861	0.471	3.21019082596419e-66
Ptgfrn	1.03477416078459e-70	0.267978107542949	0.21	0.014	3.34076837809306e-66
Zfp52	1.11664624275314e-70	0.351008127003654	0.356	0.086	3.6050923947285e-66
Anxa5	1.70464800014947e-70	0.364365062034422	0.591	0.225	5.50345606848258e-66
Kmt5a	1.8252457934504e-70	0.32510119738708	0.508	0.171	5.89280604415461e-66
Larp1b	1.97683860674561e-70	0.368169025384353	0.439	0.136	6.38222344187819e-66
H2afy	2.11593360497418e-70	0.462945460897923	0.903	0.569	6.83129164365913e-66
Tmem123	2.1610163522722e-70	0.433193675087086	0.655	0.275	6.9768412933108e-66
Rtf2	2.63320136336251e-70	0.334917253730657	0.598	0.223	8.50129060161585e-66
Atp10a	3.39529513606151e-70	0.641707141978748	0.627	0.288	1.09617103467746e-65
Dot1l	3.81955847512776e-70	0.350516694318378	0.479	0.157	1.233144453695e-65
Yipf3	3.86954224767605e-70	0.251607770818449	0.433	0.125	1.24928171466221e-65
Fbxo11	3.90334236039916e-70	0.677627150005543	0.842	0.534	1.26019408105487e-65
Ube2j2	4.32050672423686e-70	0.348484495613735	0.618	0.238	1.39487559591987e-65
Txnip	5.45985601842289e-70	-0.872684646864356	0.497	0.615	1.76271451554783e-65
Lypla2	6.14034612665877e-70	0.25363919365135	0.424	0.121	1.98241074699178e-65
Rhoq	8.71402617328659e-70	0.424085789308189	0.22	0.019	2.81332335004558e-65
Ogt	1.10366179652696e-69	0.520945270803923	0.923	0.636	3.56317211008728e-65
Crybg1	1.20427353966557e-69	0.437313682513217	0.539	0.203	3.8879971228103e-65
Il7r	1.27148889558753e-69	1.03221261124848	0.691	0.392	4.10500189940434e-65
Adam12	1.27494971734815e-69	1.12004262217995	0.211	0.017	4.1161751624585e-65
Polr1d	1.39898518330311e-69	0.468053343723928	0.87	0.514	4.5166236642941e-65
Commd4	1.59784898060998e-69	0.291253407630649	0.457	0.14	5.15865543389932e-65
Ppp1r13b	1.81153513284829e-69	-0.853057704604525	0.27	0.461	5.84854117640071e-65
D8Ertd738e	1.91530267708999e-69	0.451544986549863	0.826	0.417	6.18355469298504e-65
Kdm6b	2.39975265113959e-69	0.479077601298463	0.61	0.259	7.74760143420416e-65
Ehbp1l1	2.43693648184573e-69	0.292589746799345	0.276	0.046	7.86764943163894e-65
Dpy19l3	2.97920315954046e-69	0.332633100806996	0.285	0.051	9.61835740057639e-65
Lactb	3.08050231307371e-69	0.338720444698422	0.389	0.106	9.94540171775847e-65
Gbp7	4.17179797992276e-69	-1.12120584107141	0.17	0.368	1.34686497781806e-64
Tmem65	4.48176198255297e-69	0.384563106106974	0.321	0.071	1.44693685606723e-64
Trappc6a	5.0169403689066e-69	0.251657553136988	0.375	0.096	1.6197191981015e-64
Nipal1	5.12866411905978e-69	0.447733025770487	0.301	0.062	1.65578921083845e-64
Mllt3	5.15523859029443e-69	-0.626072008333693	0.903	0.918	1.66436877887656e-64
Gm15511	6.24417163633035e-69	0.278691492736781	0.199	0.011	2.01593081278925e-64
Ndufb7	6.70717307180861e-69	0.426688361092997	0.766	0.358	2.16541082623341e-64
Nmb	8.1591452050858e-69	0.297195840501724	0.266	0.042	2.63418002946195e-64
Sec61b	9.452907344228e-69	0.472247198435467	0.885	0.552	3.05187113608401e-64
Ctsd	1.10786573093785e-68	0.600194557976781	0.635	0.278	3.57674451233284e-64
Rab11a	1.21182921234214e-68	0.276578364659784	0.524	0.18	3.91239061204659e-64
Plaat3	1.22995638294232e-68	0.322704701688804	0.555	0.198	3.97091418232928e-64
Tmem64	1.64041317225614e-68	0.454169692301119	0.375	0.105	5.29607392662896e-64
Slc39a14	1.64596729131742e-68	0.332881587035842	0.332	0.077	5.3140054000183e-64
Sin3b	1.80870588451581e-68	0.346717255814752	0.669	0.269	5.8394069481593e-64
Vwa8	1.93792426727501e-68	0.311885551226687	0.45	0.142	6.25658849689738e-64
Sec24d	2.43220670391437e-68	0.371425348235258	0.263	0.042	7.85237934358754e-64
Gm43065	4.24764830556025e-68	0.257335088714296	0.283	0.05	1.37135325545013e-63
Fam102a	4.25841588509303e-68	-0.809504399138505	0.482	0.585	1.37482956850228e-63
Tmx4	5.32677351697574e-68	0.306252115671621	0.414	0.121	1.71974882995562e-63
Pomp	6.3968052798967e-68	0.430068429606986	0.788	0.387	2.06520858461465e-63
Ube2v1	7.9982161214767e-68	0.283942266942268	0.527	0.183	2.58222407481875e-63
Faah	8.06216017703208e-68	0.392163678844821	0.552	0.206	2.60286841315481e-63
Tomm6	1.30087324623759e-67	0.427610806805861	0.745	0.341	4.19986927547805e-63
Cdc42	1.46386276834457e-67	0.442056566051078	0.958	0.763	4.72608094760045e-63
Uqcrq	1.69067163081196e-67	0.446509980211502	0.847	0.454	5.45833336007642e-63
Smdt1	1.82561467468286e-67	0.451837898951603	0.79	0.402	5.89399697721362e-63
Atp6v1f	1.91109672424403e-67	0.437114356710054	0.831	0.428	6.16997577422186e-63
Nfkbib	1.9596687053496e-67	0.291264326938286	0.423	0.125	6.32679041522117e-63
Sh3gl3	2.0266901493544e-67	0.372953247666195	0.185	0.006	6.54316914719067e-63
Cenpa	2.14402593013227e-67	0.443564450570374	0.476	0.164	6.92198771543204e-63
Ndufa1	2.28008043866346e-67	0.397937239761984	0.592	0.227	7.36123969622497e-63
Arhgef3	2.32673898803953e-67	-0.980183910627335	0.585	0.661	7.51187682288563e-63
Ube2j1	2.51959982932072e-67	0.380430545222915	0.675	0.281	8.13452804896194e-63
Synpo	2.52948960693749e-67	0.252672440733219	0.181	0.004	8.16645719599769e-63
Mrps21	2.75662626649559e-67	0.340149489005016	0.642	0.257	8.89976790138103e-63
Npepl1	2.78081125885034e-67	0.286462885078535	0.337	0.08	8.97784914919832e-63
Gm44148	2.91785664932481e-67	-0.798919910024401	0.071	0.255	9.42030019234515e-63
Alpk2	3.02910545037752e-67	0.377825095428804	0.181	0.005	9.77946694654381e-63
Ap3b1	3.88173618817395e-67	0.570310688783695	0.823	0.484	1.25321852835196e-62
Rpl39	4.81154714119308e-67	0.352900051343267	0.997	0.997	1.55340799453419e-62
Prrg1	5.23057354360476e-67	-0.825886177026787	0.072	0.258	1.6886906685528e-62
Arl2bp	7.61402289271569e-67	0.258798790260284	0.478	0.154	2.45818729091326e-62
Zcrb1	8.3529342908709e-67	0.330734952816971	0.631	0.247	2.69674483580767e-62
Eno1	9.08016269147197e-67	0.449757702427433	0.707	0.326	2.93153052494173e-62
Atp1b3	9.66077320164453e-67	-0.564987147797153	0.838	0.829	3.11898062815094e-62
Atp11b	9.69255078165333e-67	-0.638821332951926	0.759	0.769	3.12924001985678e-62
Map3k8	1.12804962282867e-66	0.348685883940101	0.255	0.04	3.64190820730235e-62
Dtnbp1	1.28855005136785e-66	0.273282325039266	0.434	0.133	4.16008384084111e-62
Crtam	1.315577839238e-66	0.524174607902565	0.214	0.021	4.24734305397988e-62
Psmb1	1.51840068124859e-66	0.437106478966642	0.912	0.609	4.90215659941107e-62
Ybx1	1.79070679000535e-66	0.479789175439453	0.941	0.743	5.78129687153227e-62
Rtn3	1.8180692746562e-66	0.542135680390121	0.848	0.502	5.86963665322755e-62
Sema4c	2.15721858914557e-66	0.266023488155131	0.182	0.006	6.96458021505647e-62
Got2	2.92501740455601e-66	0.251592420056736	0.459	0.144	9.44341869060907e-62
Slc38a10	3.33376436987583e-66	0.255051824441371	0.45	0.141	1.07630582681441e-61
Rps27a	3.60503664536669e-66	-0.28244249024078	0.999	0.999	1.16388608095664e-61
Pet100	3.63005188682614e-66	0.256811516359195	0.419	0.123	1.17196225166182e-61
Cd3g	4.44391842900412e-66	0.426147056053102	0.988	0.93	1.43471906480398e-61
Gtpbp1	5.03426829343342e-66	0.412071023246875	0.593	0.238	1.62531351853498e-61
Ppp1r15a	6.17891320955157e-66	0.372459020192133	0.544	0.205	1.99486212970372e-61
Cisd1	7.07581677876518e-66	0.282896412359226	0.342	0.083	2.28442744702434e-61
Cx3cr1	7.27994036268653e-66	0.320263876950853	0.236	0.031	2.35032874609334e-61
Ptpn9	7.49425458605633e-66	0.287904097696789	0.379	0.105	2.41952009310829e-61
Sdf2	9.78012936681122e-66	0.332024665339463	0.581	0.22	3.157514766075e-61
Vdac3	1.06969762912738e-65	0.2984568245911	0.533	0.188	3.45351879563774e-61
Etv6	1.1610180217797e-65	0.489076288427167	0.798	0.431	3.74834668331575e-61
Hras	1.18496914510889e-65	0.257151961643793	0.41	0.118	3.82567288498404e-61
Aqp3	1.33271652713455e-65	0.378487196500879	0.202	0.016	4.30267530785389e-61
Cyp51	1.52621696780293e-65	0.309387328935252	0.384	0.107	4.92739148055177e-61
Trpv2	1.53496508745223e-65	0.283213282607997	0.404	0.118	4.95563478483952e-61
Nedd9	1.93073751015623e-65	-0.710674250118989	0.806	0.817	6.2333860515394e-61
Pcmt1	2.04921284821387e-65	0.385582798606967	0.668	0.285	6.61588368045849e-61
Esd	2.273817139989e-65	0.352145623301566	0.672	0.278	7.34101863645449e-61
R3hdm4	2.41308210266954e-65	0.261295712779232	0.468	0.151	7.79063556846862e-61
Ppib	2.87311471635921e-65	0.433765126833905	0.891	0.598	9.27585086176571e-61
Ift20	3.22809822304955e-65	0.308489209370307	0.541	0.198	1.04219151131155e-60
Macf1	3.32627607876587e-65	-0.556788704006163	0.933	0.907	1.07388823202956e-60
Rwdd1	3.97354143404647e-65	0.384494526642898	0.695	0.296	1.2828578519819e-60
Xdh	4.10266372477881e-65	0.33812904382802	0.245	0.036	1.32454498354484e-60
Rpsa	4.28051787047897e-65	0.40467756053969	0.999	1	1.38196519448414e-60
Ccl5	4.48618924915404e-65	0.857888016641067	0.202	0.017	1.44836619908938e-60
Ndufb6	5.35745443153897e-65	0.264577476572832	0.466	0.151	1.72965416322236e-60
Gpsm3	5.40436846780348e-65	0.403205177511661	0.774	0.37	1.74480035983035e-60
Csnk1a1	6.37148700520483e-65	0.462788254617783	0.928	0.7	2.05703457963038e-60
Unc45a	9.30955210719828e-65	0.282015182718386	0.403	0.119	3.00558889780896e-60
Cntln	1.49006469701432e-64	0.311828876009156	0.188	0.011	4.81067387431073e-60
Ube2f	1.5075820915985e-64	0.26850215079351	0.445	0.14	4.86722878272577e-60
Snx18	1.90235547820287e-64	0.360329952876859	0.359	0.099	6.14175466137798e-60
Atg2a	1.93537326987742e-64	0.274201587177737	0.425	0.131	6.24835260179926e-60
Gatad2a	2.06911471961746e-64	0.364303410628794	0.718	0.319	6.68013687228498e-60
Rap1a	2.28304627830914e-64	0.444802697728504	0.939	0.697	7.37081490952105e-60
Rnaset2a	3.23991294155221e-64	0.302035747430703	0.374	0.104	1.04600589318013e-59
Cox20	3.28881550049379e-64	0.291832716633216	0.521	0.186	1.06179408433442e-59
Popdc2	3.80494190074078e-64	0.305732241488376	0.176	0.006	1.22842549265416e-59
Grk5	3.97782036129293e-64	0.371399812188401	0.327	0.082	1.28423930364342e-59
Braf	4.39012256912804e-64	0.491535238636435	0.674	0.315	1.41735107144299e-59
Phf21a	5.75336824789094e-64	-0.787863235624721	0.742	0.76	1.85747493883159e-59
Atg7	7.10456594338367e-64	0.302001611150191	0.479	0.166	2.29370911482142e-59
Kxd1	7.33214341239738e-64	0.271953610344202	0.512	0.179	2.36718250069249e-59
Bclaf3	7.78581984999904e-64	0.477218995147487	0.494	0.183	2.51365193857219e-59
Nfkbid	8.5220073052968e-64	0.472171689481016	0.504	0.196	2.75133005851507e-59
Mien1	9.23480617955624e-64	0.290665318353627	0.594	0.227	2.98145717506973e-59
Isg15	1.16899200802786e-63	-1.46909943361853	0.121	0.314	3.77409069791795e-59
Ift80	1.29982224833592e-63	-1.07756226859873	0.281	0.455	4.19647612875252e-59
Ciao2a	1.5959825826938e-63	0.259911498776645	0.516	0.181	5.15262976822694e-59
Map3k3	2.00831346047027e-63	-0.880774215191357	0.424	0.549	6.48384000712828e-59
Pon2	2.04222391609952e-63	0.318293608582968	0.542	0.202	6.59331991312729e-59
Ivns1abp	2.14751693005296e-63	0.291526598958419	0.523	0.19	6.93325840867599e-59
Kpna1	2.25592489479141e-63	0.405327188398331	0.62	0.271	7.28325352283406e-59
Gbp8	2.27161647401036e-63	-0.878099742854748	0.152	0.339	7.33391378634245e-59
Atxn7l1	2.6773370466583e-63	0.47331672920338	0.769	0.405	8.64378265513631e-59
Tec	2.80037404908579e-63	0.351388909783386	0.382	0.112	9.04100761747348e-59
Neat1	3.04028149899309e-63	0.435664477379373	0.627	0.272	9.81554881949919e-59
Hexb	3.90459871543796e-63	-0.832302625796929	0.345	0.486	1.26059969527914e-58
Wwp2	3.93793624073549e-63	0.35972605577186	0.657	0.282	1.27136271532145e-58
Kif13a	4.07086041661982e-63	0.317607916026871	0.228	0.031	1.31427728550571e-58
Hk2	4.78248929666946e-63	0.40981040270449	0.215	0.025	1.54402666942973e-58
Gpr107	4.87800459979507e-63	0.261217236655071	0.5	0.175	1.57486378504384e-58
Blmh	5.2100223084074e-63	0.271254083494265	0.46	0.154	1.68205570226933e-58
Plekhm3	5.30414931739701e-63	0.296342217296259	0.329	0.082	1.71244460712163e-58
Adap1	5.48234024541189e-63	0.260752161348554	0.207	0.021	1.76997354823123e-58
Maff	5.5238977008537e-63	0.327425710811541	0.245	0.039	1.78339037272062e-58
Psmd13	5.9201875333392e-63	0.287015953376926	0.553	0.203	1.91133254513856e-58
Areg	7.14537403956113e-63	0.740283929119734	0.165	0.003	2.30688400867231e-58
Hnrnpl	7.83125723847975e-63	0.448391517932808	0.83	0.445	2.52832139944319e-58
Spry1	7.9630390749244e-63	0.277770438143044	0.18	0.009	2.57086716533934e-58
Isyna1	1.03040728991836e-62	0.255216272344479	0.306	0.069	3.32666993550142e-58
Hsd17b10	1.28372499474924e-62	0.30091641927685	0.524	0.191	4.14450614554792e-58
Phf6	1.28550220122827e-62	0.504439733568281	0.612	0.279	4.15024385666547e-58
Cycs	1.4526927566747e-62	0.324195582924708	0.558	0.21	4.69001856492425e-58
Bdh2	1.53788751637825e-62	0.432728448339242	0.169	0.004	4.96506984662718e-58
Tsg101	1.87317577365882e-62	0.323811996272373	0.508	0.185	6.04754798525751e-58
B3gnt2	2.74929719421324e-62	0.483779638113432	0.745	0.378	8.87610599151746e-58
Rbms1	2.99396320803804e-62	-0.809479469125212	0.556	0.625	9.6660102171508e-58
Gabbr1	3.14280123359309e-62	0.260864662827787	0.323	0.078	1.01465337826553e-57
Serpinb6a	3.4111651666432e-62	0.378400343861337	0.551	0.223	1.10129467405076e-57
Sept1	3.4804558822184e-62	0.436541926045938	0.884	0.524	1.12366518157421e-57
Snx25	3.86424886958219e-62	0.357555831226928	0.485	0.176	1.24757274754461e-57
Naa20	4.11945455878743e-62	0.300770675696233	0.509	0.185	1.32996590430452e-57
Tle3	4.44574614379729e-62	0.31613956616077	0.524	0.194	1.43530914252496e-57
Polr2e	7.54944723716376e-62	0.282190675297082	0.532	0.195	2.43733904051832e-57
Abi2	7.5867553142531e-62	0.29510838106245	0.252	0.043	2.44938395320661e-57
Ndufa11	8.65997924740148e-62	0.327761137202874	0.665	0.277	2.79587430002357e-57
Srgap2	8.83391094946368e-62	0.370345301210499	0.688	0.319	2.85202815003435e-57
Rnf149	9.93111476060435e-62	0.298977732837722	0.3	0.069	3.20626040046111e-57
H2-Oa	1.36690322787425e-61	0.259223456366116	0.205	0.021	4.41304707119203e-57
Galnt9	2.04735302860405e-61	0.275991298941674	0.221	0.028	6.60987925284817e-57
Eif3f	2.16830312535697e-61	0.415698671451731	0.947	0.747	7.00036664021496e-57
Atf4	2.261119220134e-61	0.252274183831166	0.522	0.188	7.30002340220261e-57
Snf8	2.70009353719254e-61	0.263058826768757	0.588	0.224	8.71725198482612e-57
Sub1	2.82412520900647e-61	0.454571275550404	0.937	0.705	9.11768823727738e-57
Cxcr6	3.62551034658709e-61	0.585363220968687	0.224	0.033	1.17049601539564e-56
Cops9	4.80899460467479e-61	0.313890186690176	0.646	0.267	1.55258390811926e-56
Zbtb7a	6.13977048471963e-61	0.269197732684766	0.565	0.216	1.98222490099173e-56
Ppp1r2	6.85011290891214e-61	0.280020190485961	0.503	0.18	2.21155895264229e-56
Calcrl	8.7894927688698e-61	-0.875677352908621	0.184	0.372	2.83768774042961e-56
Cited2	1.08251576034043e-60	0.394141320380292	0.502	0.19	3.49490213225907e-56
Rnf157	1.20575981266713e-60	0.445493876479932	0.42	0.144	3.89279555519583e-56
Erh	1.26318924164121e-60	0.279994279282378	0.552	0.205	4.07820646663864e-56
Serpinb1a	1.28670244256236e-60	0.523349064835435	0.167	0.006	4.15411883581256e-56
Ost4	1.31865992792647e-60	0.313561059667883	0.633	0.259	4.2572935773106e-56
Cox4i1	1.62359040727906e-60	0.372497668989391	0.974	0.869	5.24176162990044e-56
Higd2a	1.72942410032274e-60	0.288726225335735	0.605	0.239	5.58344570789197e-56
Rgcc	2.88270577739836e-60	0.63117793800429	0.606	0.294	9.30681560233061e-56
Thy1	2.88796162099189e-60	0.476179834553099	0.864	0.526	9.32378409337231e-56
Ndufa13	2.99902777149372e-60	0.418798928005778	0.869	0.539	9.68236116026747e-56
Btg1	3.07388100613113e-60	-0.445383332823258	0.964	0.965	9.92402482829437e-56
Vmn2r97	3.5894014335088e-60	-0.661990374751534	0.059	0.225	1.15883825280831e-55
Hmgn1	4.533236729266e-60	-0.764752610922842	0.221	0.401	1.46355547804353e-55
Slc16a6	4.94768939752578e-60	0.383741146517076	0.382	0.121	1.5973615219912e-55
Ifi47	5.39430411672881e-60	-0.988209567173168	0.215	0.393	1.7415510840859e-55
Vipr1	5.6401509781549e-60	-0.415674193694652	0.011	0.138	1.82092274329731e-55
Cfap36	6.59954086144181e-60	0.271120593311161	0.36	0.103	2.13066176711649e-55
Rin2	8.36159628323083e-60	0.361470672786641	0.168	0.007	2.69954136004107e-55
Vipr2	8.66845675235229e-60	0.267659958492705	0.163	0.004	2.79861126249694e-55
Sgms1	9.05124880167122e-60	0.514457006192401	0.748	0.405	2.92219567561955e-55
Rheb	9.82734890830069e-60	0.373297391795115	0.689	0.306	3.17275959504488e-55
2900026A02Rik	1.06517807479761e-59	0.346422434077146	0.165	0.006	3.43892741448407e-55
Igflr1	1.18516752351957e-59	0.299017355550979	0.403	0.127	3.82631334968294e-55
Gm34006	1.27377962125281e-59	-0.540300905488606	0.039	0.191	4.11239750721469e-55
Bcl10	1.88462750859741e-59	0.257299729730665	0.552	0.21	6.08451991150675e-55
Ndufc2	2.07262579182792e-59	0.298331204674342	0.621	0.254	6.69147236891645e-55
Lig1	2.16766155064129e-59	0.392839703718109	0.294	0.07	6.99829531624541e-55
Dbi	2.39044862455832e-59	0.366296951427508	0.604	0.255	7.71756338438655e-55
AW011738	2.52466885527777e-59	-0.51681448818331	0.022	0.162	8.1508933992643e-55
Rasgrp1	2.59337149919575e-59	-0.805286459952649	0.525	0.605	8.37269988515348e-55
Herpud1	3.75668177491026e-59	0.288580281471345	0.452	0.156	1.21284471102978e-54
Cox5a	3.92268872473232e-59	0.426721813646727	0.824	0.458	1.26644005477983e-54
Fundc2	3.92523721863677e-59	0.281046460700462	0.553	0.214	1.26726283603688e-54
Abhd2	4.30152375609197e-59	0.444746513642338	0.62	0.281	1.38874694465429e-54
Top2a	4.32361604467862e-59	0.313882451545135	0.391	0.122	1.39587944002449e-54
Lmbrd1	4.89640338967193e-59	0.358198122749799	0.613	0.269	1.58080383435558e-54
Gm26827	5.75988630211452e-59	0.322078772794074	0.191	0.018	1.85957929263767e-54
Tnrc6c	7.29271345154614e-59	-0.62636160678693	0.79	0.771	2.35445253783167e-54
Serinc3	8.32548308193329e-59	0.432005256206667	0.787	0.402	2.68788221300216e-54
Higd1a	9.15686194398321e-59	0.306762505131805	0.623	0.257	2.95629287861498e-54
Psmc5	1.02910176650692e-58	0.25794090194218	0.546	0.205	3.32245505316758e-54
Eif5a	1.62912270544479e-58	0.46610446442627	0.867	0.518	5.25962265452849e-54
Fnip1	1.82069131803579e-58	0.469585761658685	0.69	0.341	5.87810192027854e-54
B4galt1	2.02270363109069e-58	0.482577200054891	0.739	0.397	6.53029867297628e-54
Bnip2	2.14821912652268e-58	0.258140563518583	0.558	0.211	6.93552544997847e-54
Ptpa	3.21283214096239e-58	0.258923214366359	0.506	0.185	1.03726285670971e-53
Hook3	3.30040055831758e-58	0.302781892184912	0.578	0.234	1.06553432025283e-53
Pim1	4.0144932060553e-58	0.791016479359734	0.577	0.299	1.29607913157496e-53
Bcl2l15	4.25838555396851e-58	0.333157892792154	0.17	0.009	1.37481977609873e-53
Txnrd1	4.3549828506062e-58	0.287005562323674	0.347	0.1	1.40600621331821e-53
Atp2a2	4.54770236492376e-58	0.304741066463451	0.638	0.271	1.46822570851564e-53
Mob3b	4.56673085893272e-58	-0.879715902096813	0.117	0.296	1.47436905780643e-53
Serp2	4.76920374923695e-58	0.289114720322202	0.16	0.005	1.53973743044115e-53
Cep112	5.05426600153048e-58	0.583724092208051	0.158	0.004	1.63176977859412e-53
Slc14a1	5.79001648231432e-58	-0.561108682167233	0.035	0.183	1.86930682131518e-53
Tpm3	7.6729257948249e-58	0.425120612506268	0.93	0.681	2.47720409285922e-53
Ramp3	8.38326109740895e-58	0.337494329408396	0.213	0.03	2.70653584529848e-53
Trib2	8.66130329729875e-58	-0.784615142429912	0.222	0.403	2.7963017695329e-53
Leo1	9.32612319373277e-58	0.253605285099551	0.317	0.082	3.01093887309662e-53
Rps26	1.08720537047328e-57	0.378989731354348	0.996	0.996	3.51004253857299e-53
Ube2b	1.18894215132729e-57	0.407123216665378	0.914	0.64	3.83849973556016e-53
Ubxn1	1.32703709395497e-57	0.363666570566785	0.781	0.38	4.28433925783362e-53
Akirin1	1.54049004543054e-57	0.284833182932416	0.624	0.257	4.97347211167248e-53
Snx2	1.7208341881372e-57	0.323472855636131	0.636	0.281	5.55571317640093e-53
Gm20139	1.84567142979215e-57	0.294319983367383	0.208	0.026	5.95875021108396e-53
Slk	3.24225587396678e-57	0.328810336124534	0.608	0.262	1.04676230891017e-52
Vdac2	3.52013046150032e-57	0.371860539502094	0.718	0.337	1.13647411949538e-52
Serf1	3.80063740972674e-57	0.293536215682012	0.193	0.021	1.22703578773028e-52
Cdip1	3.82373529472866e-57	0.285561228077817	0.474	0.173	1.23449293990315e-52
Rnf19a	3.98824301695129e-57	0.441297408785731	0.8	0.455	1.28760425802272e-52
Camk2n1	4.57570085555989e-57	0.312702928984774	0.189	0.019	1.47726502121751e-52
Il1r2	5.32102062157988e-57	0.712159592453595	0.164	0.008	1.71789150767706e-52
Chmp2a	5.44460841816740e-57	0.335675690011122	0.711	0.329	1.75779182780534e-52
Setx	6.24406667081306e-57	-0.726446932022355	0.683	0.689	2.015896924672e-52
Tmf1	6.75679944003905e-57	0.250903317093777	0.517	0.194	2.18143269921661e-52
Mkrn1	7.32344656849297e-57	0.285086066430698	0.645	0.272	2.36437472463795e-52
Gm31763	7.95839402506228e-57	0.26612570307204	0.272	0.06	2.56936751099136e-52
Glrx	1.08602940313786e-56	0.253258063722805	0.245	0.046	3.50624592803057e-52
Zfp318	1.10867968706036e-56	0.291386284325647	0.318	0.087	3.57937236967439e-52
Arrb1	1.2708350362189e-56	0.278415691064963	0.352	0.104	4.10289091443273e-52
Ndufc1	1.66039879478301e-56	0.271582260794625	0.536	0.208	5.36059750895696e-52
Pdap1	1.73035913745492e-56	0.300513679589168	0.658	0.284	5.58646447527322e-52
Atf7ip	1.7351201677314e-56	-0.778424394661714	0.623	0.662	5.60183546152082e-52
Ndufv3	2.02908327438481e-56	0.387326481757264	0.799	0.417	6.55089535135137e-52
Rtn4	2.03892119297961e-56	0.379652854529958	0.719	0.349	6.58265707153466e-52
Tcf12	2.31193333187783e-56	-0.584582206206089	0.863	0.856	7.46407676196757e-52
Zfp703	2.35742713410799e-56	0.253516336571314	0.195	0.022	7.61095350246766e-52
Tomm7	3.87130922307827e-56	0.398787702478638	0.791	0.414	1.24985218267082e-51
Slc49a4	3.98322368295455e-56	-0.715700319635954	0.115	0.29	1.28598376604188e-51
Dipk2a	4.11924323918853e-56	0.360461666652331	0.251	0.052	1.32989767977202e-51
Bzw2	4.13340109213357e-56	-0.788691714460757	0.41	0.547	1.33446854259532e-51
Dgkg	4.13987368447601e-56	0.465040001091797	0.18	0.016	1.33655821903308e-51
Iigp1	4.87671125070942e-56	-1.11879874112853	0.107	0.288	1.57444622729154e-51
Boll	5.47420633941435e-56	-0.563716884688271	0.028	0.167	1.76734751667992e-51
Igfbp4	5.48040961838209e-56	-0.878763085884005	0.081	0.254	1.76935024529466e-51
Zdhhc2	5.62213518593471e-56	0.330202374206348	0.236	0.043	1.81510634477902e-51
Nol4l	6.34523503134268e-56	0.32136192656771	0.184	0.018	2.04855912986898e-51
Ndel1	6.53731586865443e-56	0.325064492222715	0.593	0.249	2.11057242819508e-51
Tmem71	7.244109702461e-56	-0.844851369295059	0.311	0.467	2.33876081743953e-51
Arpc5	7.51850811199911e-56	0.422527224495548	0.874	0.57	2.42735034395891e-51
Herc6	8.40695336802653e-56	-1.20994930502887	0.303	0.45	2.71418489486737e-51
Prdx6	8.44475686379596e-56	0.449735151460502	0.792	0.426	2.72638975347653e-51
1810030O07Rik	8.57806982325069e-56	0.25591199397893	0.395	0.127	2.76942984243648e-51
Wnt5b	9.43587720575469e-56	-0.587914059443113	0.018	0.148	3.0463729558779e-51
Card11	9.76117006625368e-56	-0.816749883394042	0.604	0.643	3.15139375589e-51
Fcrl1	1.20067012221915e-55	0.281096219624907	0.153	0.004	3.87636348958452e-51
Atp8a1	1.41194486057365e-55	-0.890038815183796	0.41	0.525	4.55846398236202e-51
Gnaq	1.46006732371695e-55	0.406085504382676	0.274	0.067	4.71382735462016e-51
Slc41a1	1.5000452148681e-55	0.257687345601869	0.289	0.07	4.84289597620167e-51
Klf13	1.64406763819686e-55	-0.586015864142251	0.863	0.823	5.30787236991855e-51
Ccdc174	1.67424927872675e-55	0.260272022611247	0.509	0.195	5.40531379636932e-51
Stambpl1	1.90413921778596e-55	-0.840284678543232	0.428	0.538	6.14751346462197e-51
Uqcrb	1.9466971926547e-55	0.300673363879572	0.687	0.306	6.28491188648569e-51
Tsc22d2	2.20399493464572e-55	0.397442201769047	0.645	0.301	7.11559764650372e-51
Gm15655	2.61655692816573e-55	0.268007092293403	0.164	0.01	8.44755404258305e-51
Pdcd5	2.79553187821571e-55	0.294622636164955	0.678	0.298	9.02537466881943e-51
Ndufs5	2.81544218642913e-55	0.338536315939089	0.672	0.301	9.08965509888646e-51
Fasl	3.19504941500278e-55	0.291933745772472	0.206	0.03	1.03152170363365e-50
Fth1	3.87169114719957e-55	0.405075964419429	0.992	0.961	1.24997548687338e-50
4921524J17Rik	3.94090808982459e-55	0.281485212775289	0.505	0.195	1.27232217679987e-50
Ndufa3	3.99563914223088e-55	0.290592829182191	0.646	0.279	1.28999209706924e-50
Cd9	4.35258451312948e-55	0.329382593782298	0.453	0.166	1.40523191006385e-50
Treml2	4.81612458391262e-55	-0.722591061976643	0.109	0.279	1.55488582191619e-50
Plac8	4.8320554407386e-55	0.99452401224803	0.184	0.02	1.56002909904246e-50
Ints7	5.27625015782323e-55	0.401244658434823	0.511	0.208	1.70343736345323e-50
Tasp1	5.79028119967131e-55	-0.805140336254728	0.522	0.609	1.86939228531388e-50
Npas2	6.45885336873368e-55	0.313937104417557	0.157	0.007	2.08524081009567e-50
Grik4	6.66318604901038e-55	0.51819515397353	0.143	0.001	2.151209615923e-50
Bax	7.65894099858865e-55	0.330796951584715	0.681	0.305	2.47268910139435e-50
Fam49a	8.41924277345674e-55	-0.766640245944868	0.141	0.316	2.71815252941051e-50
Sidt2	8.55033097171928e-55	0.252001763678883	0.52	0.198	2.76047435421957e-50
Atp5a1	8.56214051735412e-55	0.396889112841678	0.912	0.637	2.76428706602778e-50
Cobll1	9.23998300216965e-55	0.307199359149272	0.179	0.017	2.98312851225047e-50
Vps28	9.43069469456743e-55	0.286827189361612	0.666	0.293	3.04469978214109e-50
Casp4	9.5396858142808e-55	0.305770943210754	0.192	0.023	3.07988756514056e-50
Lrrc58	9.74061239574162e-55	0.252731667269959	0.51	0.196	3.14475671196518e-50
Ccm2	1.23507753946918e-54	-0.69297911034486	0.659	0.692	3.98744783617624e-50
Csnk1g2	1.27023051315344e-54	0.280448875632336	0.639	0.274	4.10093921171589e-50
Cenpx	1.32032289669341e-54	0.252736980693489	0.498	0.188	4.26266247197466e-50
Fam49b	1.34946281345304e-54	-0.547503303990562	0.88	0.856	4.35674069323313e-50
Tnfaip8	1.54467570258515e-54	0.54981749028857	0.782	0.483	4.98698550579615e-50
Crim1	1.5936595795873e-54	-0.817534100211523	0.203	0.381	5.1451299526976e-50
Tcea1	2.34566754703653e-54	0.332927079168632	0.752	0.361	7.57298767560745e-50
Gm26917	2.34797131643027e-54	0.485703488942154	0.621	0.288	7.58042539509512e-50
Il21	2.39166292121631e-54	0.340135751133	0.141	0.001	7.72148374114685e-50
Oasl1	2.52286637683257e-54	-0.419128598820275	0.006	0.117	8.14507409760397e-50
Cd6	2.85056289034431e-54	0.321598209725881	0.588	0.255	9.20304229147661e-50
Rad51b	3.94487439038411e-54	0.493556862563031	0.239	0.05	1.27360269693551e-49
Ica1l	4.91440171752374e-54	0.271403258897083	0.218	0.036	1.58661459450254e-49
Glb1	5.13044899862254e-54	0.268454140985478	0.447	0.164	1.65636545920529e-49
Arhgap21	6.52204819343553e-54	0.27578516852971	0.182	0.019	2.10564325925066e-49
Ripk2	7.70052051463065e-54	0.34290381010442	0.325	0.095	2.48611304814851e-49
Tsix	7.7450858723545e-54	-0.718814326991723	0.062	0.221	2.50050097388965e-49
Dnajb6	8.18423726231305e-54	0.442548603901918	0.821	0.453	2.64228100013777e-49
Mtss1	1.32874488456178e-53	0.323847869356923	0.527	0.22	4.28985285980769e-49
Hspa5	1.51843536508657e-53	0.430134932444619	0.858	0.525	4.902268576182e-49
Map3k5	1.55763105682448e-53	0.380721499163012	0.655	0.315	5.02881186695783e-49
Gm17231	1.56049301351964e-53	-0.490592713464582	0.03	0.166	5.03805169414816e-49
Srp14	2.00290435930139e-53	0.403500439636535	0.832	0.46	6.46637672400453e-49
Egr2	2.0788838822243e-53	0.282947129188893	0.182	0.019	6.71167661376116e-49
Stx6	2.12023941458354e-53	0.310382495935924	0.597	0.26	6.84519294998296e-49
Mgll	2.30717103500395e-53	0.370442571855347	0.145	0.004	7.44870168651025e-49
Capzb	3.14295597500847e-53	0.396787462732876	0.876	0.57	1.01470333653148e-48
Kcnq5	3.27311700296379e-53	0.59647640763321	0.299	0.089	1.05672582440686e-48
1810037I17Rik	1.02580619790693e-52	0.323722138344907	0.701	0.323	3.31181530994254e-48
Usp38	1.0740281774869e-52	0.417844262958515	0.67	0.331	3.46749997101647e-48
Ywhah	1.15608102558277e-52	0.321011286766239	0.708	0.337	3.73240759109397e-48
Cbl	1.27548945553274e-52	-0.694124063126719	0.685	0.67	4.11791770718747e-48
Arhgap45	1.28664239537461e-52	-0.506057310121565	0.876	0.849	4.15392497346692e-48
Gbp4	1.35332454822667e-52	-0.809678039036378	0.137	0.304	4.36920830394982e-48
Celf2	1.60656562761565e-52	0.450146603726869	0.976	0.886	5.18679712875711e-48
Man1b1	1.676634594207e-52	0.286143126686415	0.315	0.09	5.41301478739731e-48
Ptpn6	1.79575064927666e-52	0.282364230958933	0.584	0.249	5.79758097118969e-48
Rtraf	1.99783794947013e-52	0.337204916855302	0.721	0.347	6.45001981986431e-48
Wnk1	2.08854958782763e-52	0.499502052127541	0.952	0.795	6.74288234430149e-48
Bmyc	2.2347738658302e-52	0.298462368561608	0.248	0.054	7.21496742583279e-48
Dnajc8	2.43976631666258e-52	0.370749029035339	0.79	0.423	7.87678555334514e-48
Aff1	3.04433882182105e-52	0.515779864682612	0.729	0.405	9.82864788624927e-48
Tecr	3.63290562815873e-52	0.306695460419898	0.652	0.289	1.17288358205105e-47
Bcl6	3.72752123122228e-52	0.477678381904609	0.481	0.205	1.20343022950011e-47
Aldoa	4.07643942329093e-52	0.509739599978956	0.761	0.446	1.31607846780948e-47
Rpl13	4.82680206138338e-52	-0.25224621051334	0.999	1	1.55833304551762e-47
Tma7	4.85806550904736e-52	0.389779527240862	0.912	0.614	1.56842644959594e-47
Tmed9	5.37647241168707e-52	0.372795904739691	0.806	0.421	1.73579411811317e-47
Ghitm	5.49512483664395e-52	0.274158733320404	0.622	0.268	1.7741010535105e-47
Os9	6.33361619590922e-52	0.265659362174574	0.603	0.257	2.04480798884929e-47
Dennd5a	6.851482347493e-52	0.434945456652314	0.234	0.05	2.21200107588812e-47
Dazap2	7.21745796445341e-52	0.321899671456728	0.764	0.369	2.33015630382378e-47
Stx5a	8.83961494917607e-52	0.263683269789222	0.562	0.234	2.8538696863415e-47
Ralbp1	1.06612885240321e-51	0.316831636423041	0.714	0.343	3.44199699998378e-47
Usp9x	1.21793439752573e-51	0.416024147096271	0.828	0.495	3.93210120241181e-47
Hook2	1.25104771959036e-51	0.251865927334174	0.194	0.028	4.03900756269748e-47
Sem1	1.29655758169816e-51	0.397339989253177	0.864	0.542	4.1859361525125e-47
Tshz2	1.36781230776572e-51	0.615001780099108	0.151	0.008	4.41598203562163e-47
Fbxo32	1.73436473568865e-51	0.298750378161717	0.315	0.092	5.59939654917081e-47
Gm2a	2.07115698281734e-51	0.260282598520146	0.5	0.196	6.68673031902577e-47
Coro7	2.16410963458787e-51	0.310957567493594	0.577	0.252	6.98682795526694e-47
Cdk17	2.87039415411075e-51	0.449145615304734	0.858	0.532	9.26706752654657e-47
Atp6v1e1	2.95723922701984e-51	0.261000483605234	0.604	0.257	9.54744684443355e-47
Stat1	3.11996711728327e-51	-1.02291808602505	0.769	0.733	1.0072813838149e-46
Laptm5	3.64454522272765e-51	0.359754198059973	0.963	0.834	1.17664142515762e-46
Prdx5	5.1421827611243e-51	0.302034466705453	0.702	0.323	1.66015370442898e-46
Rassf2	5.87269665640892e-51	-0.752160841208868	0.213	0.369	1.89600011552162e-46
Fndc3b	6.12531635566748e-51	0.254711260962717	0.153	0.009	1.97755838542725e-46
Trim24	7.92976738140202e-51	0.25969637768731	0.608	0.268	2.56012539908564e-46
Cebpb	8.3718913950208e-51	0.304026896315357	0.309	0.09	2.70286513688247e-46
Eif4e	9.88082774620482e-51	0.266076583039866	0.54	0.222	3.19002523786223e-46
Cul2	1.10133685990773e-50	0.254682272934336	0.448	0.172	3.55566605221212e-46
Hmgb2	1.24386746248147e-50	0.605727722103642	0.845	0.521	4.01582610262141e-46
Abcf1	1.49009102707208e-50	0.28376108913063	0.706	0.333	4.8107588809022e-46
Bard1	1.50306780116529e-50	0.292836995624487	0.2	0.033	4.85265439606215e-46
Metap2	1.66081231025704e-50	0.304907130650256	0.662	0.304	5.36193254366487e-46
Slc6a6	1.6726071952033e-50	0.275269611287418	0.585	0.252	5.40001232971385e-46
Ctse	1.68637894667863e-50	-0.764287690051417	0.347	0.471	5.44447442935196e-46
Cxcr4	1.87023296946941e-50	0.2894501346265	0.411	0.15	6.03804714193198e-46
Rras2	2.06113122277867e-50	-0.732603249481872	0.121	0.287	6.65436215274095e-46
Senp1	2.32278648663043e-50	0.353256200119501	0.572	0.259	7.49911617208635e-46
Ptprcap	3.23714856776334e-50	0.395356561925951	0.942	0.748	1.04511341510239e-45
Hnrnpf	3.96077881718839e-50	-0.449596454425273	0.927	0.902	1.27873744112927e-45
Crmp1	4.07960560710289e-50	0.275552560093329	0.158	0.013	1.31710067025317e-45
Pten	4.16294353941457e-50	-0.771599018194165	0.527	0.577	1.34400632169999e-45
Sacm1l	4.4837153146838e-50	0.252531137645805	0.531	0.222	1.44756748934566e-45
Sec31a	5.21381288719625e-50	0.262691282011315	0.54	0.225	1.68327949063131e-45
Cysltr1	8.0562236187804e-50	0.300548103760557	0.145	0.008	2.60095179532325e-45
Camk2g	8.28341565670081e-50	0.254306495568059	0.456	0.176	2.67430074476586e-45
Kif15	9.7897968345177e-50	0.301031271873681	0.203	0.035	3.16063590802404e-45
Gabpb1	9.85452958329278e-50	0.392448424790521	0.502	0.213	3.18153487596607e-45
Pqlc1	1.38735236442698e-49	0.27882543840102	0.189	0.028	4.4790671085525e-45
St8sia6	1.54455227756745e-49	-0.702989206935612	0.091	0.255	4.98658702812651e-45
Prkd2	1.78275978630978e-49	-0.839099411237012	0.362	0.475	5.75563997010113e-45
Tmem14c	1.80330781591777e-49	0.282949083149279	0.634	0.28	5.82197928369053e-45
Cd81	2.36423314936186e-49	0.697419339053482	0.349	0.131	7.63292672271477e-45
Cox14	2.96589346777756e-49	0.257676078722625	0.634	0.279	9.57538706071984e-45
Krt83	3.05482775653093e-49	0.299892508740684	0.141	0.006	9.86251141196011e-45
Slc38a2	3.13332323784388e-49	0.377254372047202	0.815	0.448	1.0115934073379e-44
Ms4a4c	3.93501801160586e-49	-0.614536533454604	0.066	0.215	1.27042056504695e-44
Zc3h13	4.23281746862585e-49	0.347436032115354	0.758	0.397	1.36656511974585e-44
Ltb4r1	4.42102356860207e-49	0.297199792419721	0.155	0.013	1.42732745912318e-44
H2afv	4.98093185392788e-49	0.328178352974757	0.795	0.4	1.60809384904062e-44
Setd3	6.47846566599942e-49	0.263518796396832	0.644	0.289	2.09157264026791e-44
Nptn	8.96750221483744e-49	0.415044013901068	0.762	0.414	2.89515809006027e-44
Pacs1	9.8223389922086e-49	-0.80622782773627	0.503	0.583	3.17114214363455e-44
Taf1	1.34807806451906e-48	0.287591554918863	0.534	0.227	4.3522700312998e-44
Cib2	1.58309602991188e-48	0.323076594935563	0.132	0.003	5.11102553257052e-44
Gm43647	2.05080982852976e-48	-0.437032224296025	0.016	0.129	6.62103953140833e-44
Usp3	2.92859943643004e-48	-0.636260932121885	0.747	0.721	9.45498328051439e-44
Tmem134	3.0362341759898e-48	0.270956089988437	0.697	0.32	9.80248203718308e-44
Acvr2a	3.10909356831775e-48	0.511067915147128	0.286	0.086	1.00377085853138e-43
Senp7	4.09373741527212e-48	-0.738560771679925	0.511	0.569	1.32166312452061e-43
Arid3b	7.2325843406769e-48	-0.528450463505717	0.058	0.2	2.33503985438754e-43
Arf1	7.79521674501112e-48	0.330501040325013	0.784	0.417	2.51668572612684e-43
Nol7	9.2756279982864e-48	0.411763256308971	0.809	0.487	2.99463649924677e-43
Nlk	1.02994129566522e-47	-0.716163027388326	0.673	0.68	3.32516547305515e-43
Zc3h15	1.07332060616253e-47	0.339940345006747	0.785	0.422	3.46521557699572e-43
Trmt61b	1.10708869870525e-47	0.445912264009693	0.221	0.048	3.57423586376988e-43
Stk24	1.31316613670967e-47	0.480734249096189	0.865	0.583	4.23955687236717e-43
Tshz1	1.32662540401187e-47	0.347943750962527	0.513	0.227	4.28301011685232e-43
Numb	1.38762964491473e-47	-0.731149227044594	0.57	0.616	4.47996230860721e-43
Siae	1.52998345331362e-47	0.268956041809936	0.216	0.044	4.93955157902301e-43
Sri	1.62127794828322e-47	0.369987981910586	0.858	0.542	5.23429585603238e-43
Gprin3	1.65204922731318e-47	0.310742488674348	0.442	0.178	5.33364093038059e-43
Atp9b	1.66310476737301e-47	0.356246783486583	0.758	0.411	5.36933374146375e-43
Dynlrb1	1.73087541580266e-47	0.282125632465794	0.682	0.318	5.58813127991889e-43
Rassf3	1.92979934163435e-47	0.359597999264375	0.42	0.168	6.2303571744665e-43
Rpl26	2.10298858073157e-47	-0.260544831046619	0.997	0.999	6.78949863289188e-43
Slc12a2	2.44746700440129e-47	0.254398564899909	0.191	0.032	7.90164722370956e-43
Myl12a	3.90495243633307e-47	0.397540643847394	0.821	0.496	1.26071389407013e-42
Map4	4.38013788856649e-47	0.318251024035343	0.712	0.367	1.41412751732369e-42
Art2b	4.38469076846817e-47	-0.547900347723894	0.07	0.214	1.41559741459995e-42
Rpl29	4.88581397161086e-47	0.30026752538356	0.991	0.976	1.57738504073457e-42
Peak1	7.04277357846584e-47	0.372677062237787	0.614	0.306	2.2737594498077e-42
Tcf25	8.12883012884106e-47	0.352430171191927	0.842	0.497	2.62439280709634e-42
A330023F24Rik	8.61375044580046e-47	0.261138470291284	0.195	0.034	2.78094933142668e-42
Ets2	1.4513674707964e-46	0.266268634466751	0.376	0.136	4.68573987946619e-42
St13	1.55381825188783e-46	0.334030631037105	0.762	0.412	5.01650222621987e-42
Luc7l2	2.0425827154211e-46	0.363549197471325	0.953	0.774	6.59447829673701e-42
Cltc	2.05375270961871e-46	0.270021134853156	0.685	0.325	6.63054062300399e-42
Cd28	2.23761205810209e-46	0.445164453638829	0.906	0.664	7.2241305295826e-42
Pdzd2	2.31714567365725e-46	0.330707707479074	0.151	0.014	7.48090480740245e-42
Gxylt1	2.98112499944147e-46	0.252298349118117	0.411	0.156	9.62456206069679e-42
Hspa4	3.30374116102707e-46	0.350248098136084	0.831	0.481	1.06661283383759e-41
Degs2	3.54777259305399e-46	-0.470875521167289	0.052	0.188	1.14539838166748e-41
Rrp1	3.78252783837006e-46	0.272249736052614	0.708	0.34	1.22118911261777e-41
Mboat1	7.43986250582748e-46	-0.647627166718899	0.099	0.25	2.4019596100064e-41
Rrad	7.55503200536205e-46	0.44104372525768	0.254	0.071	2.43914208293114e-41
Rpl7	8.07844508249656e-46	-0.265092854952713	0.996	1	2.60812599488401e-41
8030451A03Rik	1.01404516951277e-45	0.271346117135	0.122	0.002	3.27384482977198e-41
Hecw2	1.10736065158203e-45	0.539439934940665	0.152	0.016	3.5751138636326e-41
Rfx3	1.33085095473195e-45	-0.828141004928862	0.472	0.556	4.29665230735212e-41
Timm23	1.42728541514815e-45	0.290813705810146	0.749	0.382	4.60799096280581e-41
mt-Co1	1.55858141994881e-45	0.259337809611926	0.999	0.999	5.03188011430473e-41
Brk1	1.70412196198673e-45	0.320177375439171	0.79	0.429	5.50175775427415e-41
Ndufa7	2.12994641349286e-45	0.30129035161429	0.699	0.346	6.87653199596168e-41
Pdia3	2.21328302207054e-45	0.341136933549055	0.816	0.486	7.14558423675472e-41
Uqcrfs1	2.31544688590791e-45	0.256549785717913	0.603	0.271	7.4754202711537e-41
Dapl1	3.04467382627139e-45	-0.658447654346665	0.026	0.144	9.82972944811717e-41
Tln1	3.66538485290427e-45	0.367501096676378	0.894	0.613	1.18336949976015e-40
Prkd3	4.37061009236735e-45	-0.497131288304899	0.055	0.19	1.4110514683208e-40
Myo10	5.32813394862061e-45	0.430946016148328	0.368	0.141	1.72018804531216e-40
Itpk1	5.4670290736431e-45	0.28994945777852	0.609	0.289	1.76503033642567e-40
Acss1	5.56300360000548e-45	-0.527531575024083	0.058	0.196	1.79601571226177e-40
Ifi203	7.29797435674413e-45	-0.722878573584001	0.708	0.729	2.35615102107484e-40
Atrx	8.02510805020477e-45	0.392183923895078	0.937	0.738	2.59090613400861e-40
Abcg3	1.07841069575885e-44	-0.554586109505391	0.054	0.186	3.48164893125746e-40
Ube2n	1.31088966638253e-44	0.265501029244376	0.652	0.303	4.23220728791598e-40
Picalm	1.32895758834652e-44	0.437235609209886	0.882	0.596	4.29053957397675e-40
Usp24	1.83736046692333e-44	-0.770686756956298	0.47	0.525	5.93191826746198e-40
Gm6225	2.06362893862211e-44	0.312368537946517	0.181	0.031	6.66242602834148e-40
Tnik	2.28127765148985e-44	-0.548960510277536	0.92	0.895	7.36510489783499e-40
Rexo2	2.36541230782616e-44	0.258347913581852	0.584	0.266	7.63673363581676e-40
Klrd1	2.61523659556707e-44	0.474507919360773	0.173	0.028	8.44329134878828e-40
Wdr1	3.19537504105906e-44	0.282004439116742	0.703	0.34	1.03162683200592e-39
Med13	3.4315885644941e-44	0.408182618939925	0.809	0.47	1.10788836804692e-39
C9orf72	4.16098820012051e-44	0.255723073337159	0.222	0.052	1.34337504040891e-39
Lrrfip1	4.18980849276772e-44	0.394597255425641	0.897	0.618	1.35267967189006e-39
Slamf1	5.27602229200644e-44	0.330289267743647	0.4	0.159	1.70336379697428e-39
Lcp1	8.72187437181428e-44	0.433258620436165	0.918	0.718	2.81585714094024e-39
Uty	8.78021183763943e-44	0.460236406416232	0.436	0.196	2.83469139178189e-39
Gimap4	1.04382960771377e-43	-0.485407226332486	0.84	0.839	3.37000388850392e-39
Scand1	1.14699300467596e-43	0.307057842738087	0.801	0.423	3.70306691559633e-39
Snrpe	1.15414256484641e-43	0.338734258672519	0.871	0.564	3.72614927060664e-39
Cish	1.48120570522331e-43	0.339891174543289	0.3	0.1	4.78207261931347e-39
Frg1	1.55892759915834e-43	0.267279975436856	0.68	0.33	5.03299775388269e-39
Nabp1	1.68738519442347e-43	0.326773161159809	0.575	0.278	5.44772310019618e-39
Il23r	1.81385716835765e-43	0.456442229636484	0.115	0.001	5.85603786804268e-39
Sptan1	2.05183337600003e-43	0.32982057317184	0.719	0.379	6.62434405441611e-39
Iqgap1	2.0587493629613e-43	0.353540546744188	0.889	0.62	6.64667231832055e-39
Abl1	2.63679420818153e-43	0.263290052787662	0.455	0.193	8.51289010111406e-39
Smchd1	3.11249467120935e-43	-0.579107503368431	0.867	0.838	1.00486890459994e-38
Nek7	3.20683295174733e-43	0.385092033273515	0.806	0.488	1.03532601847163e-38
Gpi1	4.23800486124597e-43	0.320714049689038	0.769	0.417	1.36823986945326e-38
Tmem135	4.61115883376762e-43	0.273444425487883	0.597	0.288	1.48871262948188e-38
Rap2a	4.63867170996609e-43	0.251027763392766	0.219	0.053	1.49759516156255e-38
Fli1	4.67165048103226e-43	-0.557731855730051	0.705	0.75	1.50824235780127e-38
Mpc2	5.19186537675123e-43	0.260893539002576	0.647	0.308	1.67619373688413e-38
Stat5b	5.97580963745223e-43	0.51043458877948	0.873	0.667	1.92929014145145e-38
Clec2d	6.04388278579503e-43	-0.714733779831863	0.527	0.568	1.95126755739393e-38
Abi3	6.04765220801895e-43	-0.431462424549703	0.036	0.156	1.95248451535892e-38
Psma4	6.36798162180781e-43	0.301063214761317	0.723	0.375	2.05590286660065e-38
Eif3i	7.14499419565647e-43	0.322654360606216	0.766	0.419	2.30676137606769e-38
Nap1l1	8.36816676439132e-43	0.360148636559263	0.765	0.431	2.70166263988374e-38
Lncpint	9.29197025397646e-43	0.550173353942998	0.894	0.698	2.9999125964963e-38
Fam241a	9.96120068301647e-43	0.256102353622574	0.352	0.129	3.21597364051187e-38
Ppp1cb	1.03966939413498e-42	0.382459902481917	0.824	0.503	3.35657263896479e-38
Sdcbp	1.13676009323554e-42	0.286587900640969	0.739	0.379	3.67002996101093e-38
Rpl22	1.33002647850646e-42	0.261982205593621	0.993	0.977	4.29399048585811e-38
Srrm1	1.89287053245752e-42	0.299487435439709	0.824	0.462	6.1111325140391e-38
Psmd4	1.98648782295813e-42	0.299165452221022	0.764	0.401	6.41337593642031e-38
Ifi27	2.29168705216103e-42	0.314193316316151	0.556	0.265	7.39871164790187e-38
Arih1	2.30020527314115e-42	0.423814665554932	0.939	0.761	7.42621272433622e-38
Bcl9	2.69358386305882e-42	-0.690204642642604	0.101	0.242	8.6962355018854e-38
Sorcs2	2.7009224863872e-42	-0.330838793244028	0.008	0.1	8.71992824730107e-38
Vmn2r96	3.45895631871519e-42	0.387273381202619	0.397	0.168	1.1167240474972e-37
Tcrg-C2	3.76516254200439e-42	0.266579025003761	0.129	0.009	1.21558272668612e-37
Nmnat2	3.82319973756902e-42	0.263710323330257	0.13	0.009	1.23432003527416e-37
Insyn2b	4.05261991453247e-42	-0.552563087939072	0.588	0.638	1.30838833940681e-37
Gimap8	4.37462733058508e-42	-0.690889416608462	0.579	0.596	1.41234843367939e-37
Trim30a	4.4503131218378e-42	-0.953040384895768	0.579	0.599	1.43678359138533e-37
Gm12592	5.0921670931666e-42	-0.423232214922219	0.03	0.143	1.64400614602884e-37
Abcb1b	5.11895459677968e-42	0.37122364501154	0.182	0.035	1.65265449157032e-37
Trbc2	5.80042036761378e-42	0.33242832192669	0.991	0.965	1.87266571568411e-37
Gnptab	6.62216779121114e-42	0.327453619656244	0.318	0.115	2.13796687139252e-37
Traf3ip3	8.79541931676253e-42	-0.621622208964975	0.665	0.648	2.83960112641678e-37
Smg6	9.12427471730753e-42	0.379546344130833	0.893	0.642	2.94577209248274e-37
Acp5	1.0862779374711e-41	-0.779502831701422	0.324	0.433	3.50704832112543e-37
Nrros	1.11746922735247e-41	-0.636136595120675	0.115	0.258	3.60774940050743e-37
Gm32633	1.26468511455496e-41	-0.320583771876394	0.012	0.107	4.08303589234068e-37
Irf8	1.43954377411881e-41	0.258636234847125	0.239	0.065	4.64756707474259e-37
Chd1	1.59095722508861e-41	0.329460221649343	0.807	0.471	5.13640540119858e-37
Fkbp1a	1.74360176312718e-41	0.311714274854661	0.785	0.426	5.6292182922561e-37
Ikzf3	1.74922383939463e-41	0.572154728414537	0.752	0.495	5.64736916548556e-37
Capza2	2.41912926429469e-41	0.279703347639565	0.829	0.461	7.81015882977542e-37
Hnrnpd	2.86816309087828e-41	0.335933784615511	0.861	0.532	9.25986453890051e-37
Snrpd2	5.74475957859641e-41	0.28000031032112	0.767	0.407	1.85469562994985e-36
Nsa2	8.68508615013759e-41	0.334052486404986	0.9	0.621	2.80398006357192e-36
Gng5	1.55068147096762e-40	0.302064484893551	0.909	0.644	5.00637512901896e-36
Atp5j	1.59535732185162e-40	0.334398060058238	0.842	0.537	5.15061111359795e-36
Dad1	1.81184101038321e-40	0.340066308082126	0.803	0.45	5.84952870202219e-36
Chn2	2.0331534734902e-40	0.435352915022567	0.15	0.021	6.56403598916312e-36
Fam3c	2.79500380235778e-40	0.251093919030936	0.67	0.335	9.02366977591209e-36
Pgk1	3.47105299562175e-40	0.359119987329381	0.683	0.373	1.12062945963648e-35
H2afj	3.88751819918479e-40	0.288874668054612	0.81	0.46	1.25508525060681e-35
Rpl35	5.07815859353907e-40	0.305857938985605	0.991	0.96	1.63948350192409e-35
Cdk11b	5.22228206914386e-40	0.515817218592917	0.752	0.414	1.6860137660231e-35
Sumo2	6.63384855874596e-40	0.306463116824481	0.915	0.676	2.14173800719113e-35
Hormad2	6.63411213450137e-40	0.30118563525521	0.127	0.01	2.14182310262377e-35
Pmel	7.52676490866888e-40	-0.337436253169226	0.021	0.122	2.43001605076375e-35
Dennd2d	1.14768634583295e-39	-0.681777215502885	0.181	0.318	3.70530536752167e-35
Selenok	1.21787906490594e-39	0.298621537790062	0.839	0.473	3.93192256104882e-35
Gimap3	1.36486547031729e-39	-0.47398049089289	0.852	0.814	4.40646817091936e-35
Map3k14	1.76739890517283e-39	0.25862263427027	0.495	0.227	5.70604736535049e-35
H3f3a	1.84288750831482e-39	0.263064269040443	0.988	0.947	5.9497623205944e-35
Gnb1	1.9064950782507e-39	0.306109919446887	0.866	0.527	6.15511936013238e-35
Smg1	2.21903645884445e-39	-0.563388665245965	0.801	0.734	7.16415920737931e-35
Ppp2ca	2.46014734018452e-39	0.315418629908519	0.847	0.515	7.94258568778573e-35
Atp5g2	2.73593445054844e-39	0.334815934926267	0.889	0.638	8.83296437359563e-35
Tmem59	2.9643733686325e-39	0.310471364652673	0.804	0.464	9.57047942063004e-35
Igsf23	5.95468712136295e-39	-0.468520319697485	0.049	0.168	1.92247073713203e-34
Vcp	9.73217660580865e-39	0.273384309459372	0.726	0.392	3.14203321718532e-34
Zfp292	1.02288648072279e-38	-0.510594164264311	0.824	0.765	3.30238900301352e-34
Kmt2a	1.11943136565146e-38	-0.549255453711776	0.826	0.77	3.61408416400574e-34
Atp5g1	1.40277755962795e-38	0.280168959045132	0.775	0.427	4.52886735125883e-34
Eef1g	2.06348661599167e-38	-0.398378466298287	0.913	0.886	6.66196653972911e-34
Tmem234	3.4832143480891e-38	0.286852314448129	0.796	0.446	1.12455575228056e-33
Fchsd2	3.74185590996297e-38	-0.723692717032777	0.612	0.633	1.20805818053154e-33
Nck2	4.0586649678775e-38	-0.700606998877951	0.273	0.395	1.31033998487925e-33
Ifng	4.81077726751472e-38	0.405470508644239	0.109	0.004	1.55315944081713e-33
Ptpn4	5.17841421572086e-38	0.266199883999123	0.476	0.219	1.67185102954548e-33
Nipbl	1.15317981769297e-37	-0.449377565502461	0.926	0.881	3.72304104142177e-33
Gm10563	1.34088781169749e-37	0.324183237984738	0.26	0.085	4.32905630006535e-33
Rpl36	2.10260225915521e-37	0.251448185410667	0.997	0.992	6.78825139368259e-33
Il6ra	2.6434794255314e-37	-0.723922713761276	0.309	0.423	8.53447332532813e-33
Btbd11	2.65322029569271e-37	0.285115386360052	0.27	0.092	8.56592172464391e-33
Ggt5	5.07892045605473e-37	-0.342343179578813	0.014	0.102	1.63972946923727e-32
Rpl36al	8.41454927233121e-37	0.290652601832701	0.967	0.858	2.71663723257213e-32
Rpl6	1.12029820263264e-36	0.253455722044438	0.997	0.995	3.61688274719949e-32
Phf11c	1.21635708946953e-36	-0.551953728849874	0.076	0.2	3.92700886335239e-32
Casp8	1.46736542704222e-36	-0.716506292360806	0.516	0.53	4.7373892812058e-32
Dnm3	1.74883592336369e-36	0.288915434370652	0.112	0.008	5.64611677857968e-32
Cd226	1.84922325902897e-36	-0.72600005593634	0.382	0.497	5.97021729177502e-32
Aff4	2.22269445526525e-36	0.347895241771755	0.78	0.478	7.17596904882386e-32
Tdrp	4.52677440398927e-36	-0.448813680246449	0.058	0.176	1.46146911632794e-31
Chd4	5.42399254144297e-36	0.376467751744919	0.876	0.662	1.75113599200486e-31
Dnaja1	9.86806987260824e-36	-0.45152509257952	0.893	0.836	3.18590635837157e-31
Sumo1	1.19664681993891e-35	0.283961358912169	0.875	0.562	3.86337425817278e-31
Nedd8	2.21323038724894e-35	0.301825431440246	0.827	0.499	7.14541430523319e-31
Cd53	2.42737135771205e-35	-0.425109089182159	0.824	0.787	7.83676842837336e-31
Gpm6b	2.56391116523475e-35	0.460615713809128	0.155	0.03	8.2775871969604e-31
Ccr7	2.60847342232942e-35	-0.472126314961062	0.37	0.515	8.42145644399053e-31
Gm26740	2.74400182983334e-35	0.538174722259459	0.907	0.761	8.85900990761694e-31
Pum2	3.58125950859485e-35	-0.519229865279316	0.794	0.719	1.15620963234985e-30
Tanc1	3.59876098159921e-35	-0.59934370288084	0.11	0.238	1.1618599829093e-30
Smarca2	5.45403029077916e-35	-0.65502767180222	0.548	0.573	1.76083367937805e-30
Ints6	6.32363122496293e-35	0.269926690773753	0.652	0.346	2.04158434097928e-30
Smad3	7.59041738571501e-35	-0.621046954492035	0.153	0.289	2.45056625297809e-30
Acsl4	9.86729583865307e-35	0.281918868622622	0.596	0.307	3.18565646150914e-30
Actb	9.89626295182939e-35	0.327264340684414	1	1	3.19500849399812e-30
Morf4l1	1.17498377093387e-34	0.279253750271101	0.925	0.682	3.79343510446001e-30
Snx9	1.70397587553906e-34	0.257782508766775	0.144	0.026	5.50128611417786e-30
Itgal	1.99847529537562e-34	0.293624336732742	0.794	0.474	6.45207749112018e-30
Sec62	2.73270796221783e-34	0.253080836523739	0.855	0.519	8.82254765602027e-30
Chchd2	3.24911904336693e-34	0.26373843580528	0.949	0.787	1.04897808315101e-29
Bptf	3.47580070289331e-34	-0.465055258276649	0.834	0.761	1.12216225692911e-29
Zfp36	6.57287486728129e-34	-0.659741767503206	0.221	0.347	2.12205265090176e-29
Bst2	8.72676686438926e-34	-0.948934512994553	0.373	0.446	2.81743668216807e-29
Agbl1	9.23600187820034e-34	0.346899362702648	0.106	0.008	2.98184320637698e-29
A930015D03Rik	9.3336784909956e-34	-0.741757736702288	0.378	0.455	3.01337810081793e-29
Rsrc2	2.57913853027581e-33	0.253287312145506	0.847	0.513	8.32674874499547e-29
Gls	2.83185256097489e-33	0.376083763320581	0.858	0.598	9.14263599310745e-29
Fam172a	3.43767447260764e-33	-0.525467947964799	0.873	0.824	1.10985320348138e-28
Ighm	3.80020827752781e-33	-0.593962249972313	0.351	0.463	1.22689724239985e-28
E130307A14Rik	6.08762152593234e-33	-0.717577214999396	0.183	0.306	1.96538860964726e-28
Mndal	6.41128514870203e-33	-0.641350787168021	0.766	0.733	2.06988341025845e-28
Cdkn1b	7.01349865438418e-33	0.26390360517485	0.795	0.474	2.26430804056793e-28
Kat2b	8.29336485969792e-33	-0.702038763443368	0.537	0.56	2.67751284495347e-28
Arl5b	1.17840696660847e-32	0.257204396154531	0.446	0.212	3.80448689169545e-28
Ctla2a	1.69286584044888e-32	0.283747294632931	0.163	0.038	5.46541736588922e-28
Gm2245	1.70384812771825e-32	-0.613916090401735	0.438	0.512	5.50087368033836e-28
Dgkh	1.77073827279331e-32	0.257213026200892	0.199	0.059	5.71682851371319e-28
Cdc42se2	2.40367791552194e-32	-0.655794472623649	0.595	0.583	7.76027415026258e-28
Mapk14	2.53052912200654e-32	0.285247995016901	0.628	0.345	8.16981327039811e-28
Cox7b	3.25141458351802e-32	0.29498346557102	0.822	0.522	1.04971919828879e-27
Dock8	3.61860624735228e-32	-0.431599614972917	0.85	0.822	1.16826702695768e-27
Srp9	3.98105607533147e-32	0.255957811422871	0.854	0.524	1.28528395392076e-27
Mrtfa	4.34912335466333e-32	-0.582394950022112	0.67	0.651	1.40411447505306e-27
Ikzf2	7.81166185945904e-32	0.757171687362313	0.289	0.127	2.52199503132635e-27
Sox4	1.02217313324635e-31	-0.388444258461383	0.023	0.112	3.30008596068584e-27
Arhgef11	1.181731289974e-31	-0.550949343099804	0.1	0.22	3.81521946968107e-27
Lrrc1	1.29680690404541e-31	-0.627601362211404	0.145	0.264	4.18674108971059e-27
Cfl1	1.58741062427967e-31	0.276102035389843	0.967	0.869	5.1249552004869e-27
Bcl2l11	2.04447951336797e-31	0.292566829273055	0.408	0.198	6.60060210890849e-27
H2-D1	2.11626296264073e-31	0.27663224860588	0.993	0.979	6.83235497488558e-27
Wwox	2.86838553143318e-31	0.282649506977724	0.643	0.383	9.26058268823202e-27
Ddx24	4.07407045778694e-31	0.261479524285418	0.816	0.48	1.31531364729651e-26
Tent5a	7.89141065219394e-31	0.408109421903153	0.156	0.038	2.54774192906081e-26
Parp14	8.97949393734788e-31	-0.908927957640282	0.458	0.495	2.89902961767276e-26
Fut8	1.10280913165033e-30	0.308098933553238	0.536	0.291	3.56041928153309e-26
Map4k4	1.13210212346356e-30	0.389855367273627	0.881	0.648	3.65499170560209e-26
Eefsec	2.09043390006198e-30	-0.689639936856955	0.272	0.37	6.74896584635011e-26
Plcb4	3.28599739800333e-30	0.327166338932807	0.147	0.033	1.06088425994537e-25
Tbc1d1	6.64468913345437e-30	-0.656915820935743	0.647	0.626	2.14523788673574e-25
Gm11944	8.22160305200658e-30	-0.455077810789411	0.058	0.161	2.65434454534032e-25
Tax1bp1	8.35729997143017e-30	0.276068049902259	0.903	0.65	2.69815429577623e-25
Phf20l1	1.1255490786094e-29	-0.507661408974333	0.808	0.735	3.63383520029045e-25
Mir155hg	1.31052620288451e-29	0.352457297001779	0.139	0.031	4.23103384601266e-25
Srpk2	1.34883089692403e-29	0.396238177256505	0.805	0.537	4.35470055071923e-25
Txk	2.46146138795111e-29	-0.397864409344669	0.61	0.667	7.94682809100014e-25
Anp32b	2.58401469165732e-29	0.280019022512418	0.879	0.632	8.34249143201564e-25
Foxo1	3.51125428041191e-29	-0.478586672354075	0.775	0.729	1.13360844443098e-24
Airn	3.54141554703301e-29	-0.533846544860389	0.464	0.568	1.14334600935961e-24
Zfp710	4.54793182553892e-29	-0.599264005931619	0.128	0.241	1.46829978987524e-24
Itga6	5.1807672911292e-29	-0.652941022611784	0.368	0.449	1.67261071994106e-24
Mia2	6.42774707567412e-29	-0.609834744214523	0.462	0.493	2.07519814338139e-24
Khdrbs1	6.65749477043793e-29	0.363526049481027	0.852	0.602	2.14937218663588e-24
Inpp5d	7.64512836370713e-29	0.300168280516793	0.803	0.513	2.46822969222285e-24
Kmt2c	7.82610643015598e-29	-0.503304272638887	0.79	0.723	2.52665846097586e-24
A930037H05Rik	9.56352258987359e-29	-0.604811960087615	0.07	0.175	3.08758326814069e-24
2410006H16Rik	9.71481107526034e-29	0.274941832035202	0.77	0.474	3.1364267556478e-24
Stim2	1.32558430312141e-28	0.272488105802941	0.752	0.462	4.27964892262746e-24
Pde7a	1.76754135736762e-28	0.251125806499278	0.753	0.449	5.70650727226136e-24
Pecam1	1.81056231915308e-28	-0.449383130453896	0.758	0.74	5.84540044738571e-24
Fryl	4.15595762620161e-28	0.372047351891794	0.923	0.714	1.34175091961919e-23
Stt3b	5.14731179984932e-28	-0.681692407906887	0.418	0.458	1.66180961458135e-23
Pdlim1	5.7035378172697e-28	-0.550711052133311	0.241	0.354	1.84138718430552e-23
Hspa8	7.98450231381052e-28	-0.323642992531794	0.969	0.961	2.57779657201373e-23
Smyd3	8.44829179430274e-28	-0.576497318530792	0.688	0.697	2.72753100579064e-23
Stk17b	1.33637656593899e-27	-0.340273240727981	0.908	0.874	4.31449174313403e-23
Pkp4	1.37509285160771e-27	0.520115861256919	0.277	0.124	4.43948727141549e-23
Gbp2	1.44752081655927e-27	-0.615369288052466	0.098	0.205	4.67332095626161e-23
Naca	1.56011881835758e-27	0.251101735155177	0.988	0.96	5.03684360506745e-23
Nme2	2.41621049636634e-27	-0.397010193981897	0.83	0.792	7.80073558751872e-23
A930005H10Rik	2.51764559603883e-27	-0.54762130553602	0.155	0.264	8.12821880681136e-23
Sox5	3.10367366795446e-27	0.256025809339161	0.117	0.021	1.0020210436991e-22
Nsd1	3.38947409838733e-27	-0.446023761358787	0.815	0.738	1.09429171266435e-22
Etnk1	6.72862321022399e-27	-0.58900330617293	0.651	0.614	2.17233600342082e-22
Zbtb20	8.49379647623697e-27	-0.424058888059932	0.882	0.888	2.74222219235311e-22
D1Ertd622e	1.29191102868176e-26	-0.320793875906801	0.03	0.111	4.17093475609905e-22
Eif4a2	1.55583451321345e-26	-0.538016984449895	0.626	0.578	5.02301172590962e-22
Slc12a6	1.95252834146311e-26	-0.660617606604727	0.529	0.543	6.30373775041366e-22
Mier1	3.1932232646683e-26	0.374197609587096	0.867	0.628	1.03093213099816e-21
Fto	3.29479309200113e-26	-0.641904616763873	0.555	0.54	1.06372394975256e-21
Zc3hav1	4.68577567837738e-26	0.447254296044229	0.93	0.783	1.51280267776414e-21
Sh3kbp1	4.8598785264413e-26	-0.31633558551073	0.945	0.92	1.56901178226157e-21
Rps2	7.3228069640091e-26	0.33999630487988	0.978	0.935	2.36416822833034e-21
Tmie	8.28878513791559e-26	-0.412990859499914	0.055	0.147	2.67603428177605e-21
Dennd1b	8.33061579852183e-26	-0.527003383872978	0.661	0.631	2.68953931055277e-21
Itm2b	8.78588992183021e-26	0.284464300843852	0.964	0.86	2.83652456126288e-21
Rpl28	9.12379801887374e-26	0.260132607504692	0.997	0.999	2.94561819039339e-21
Washc4	9.21734137567034e-26	-0.674432921052221	0.362	0.419	2.97581866313517e-21
Stim1	1.05378353685116e-25	-0.520518723835715	0.785	0.716	3.40214014872396e-21
5830468F06Rik	1.28996016919631e-25	-0.285844560432099	0.026	0.102	4.16463640625029e-21
Zbp1	1.43142978337006e-25	-0.750736494459017	0.277	0.36	4.62137105561025e-21
Ranbp9	1.86715442550165e-25	-0.514339621198543	0.725	0.658	6.02810806273207e-21
Gimap9	3.20199308664809e-25	-0.633806950038506	0.461	0.482	1.03376346802433e-20
Ccr9	4.19200266512514e-25	-0.372458624409895	0.048	0.138	1.35338806043565e-20
4930469K13Rik	5.83712711644352e-25	-0.565692339125727	0.206	0.301	1.88451648954379e-20
Tubb5	5.85155765507992e-25	-0.49601447008485	0.658	0.613	1.88917538894255e-20
Il12rb2	7.22690659640538e-25	0.281938987994242	0.118	0.026	2.33320679464948e-20
Ms4a6c	1.22839186780846e-24	-0.565093602096256	0.188	0.289	3.9658631452196e-20
Ar	3.68146156024922e-24	0.355251677457619	0.249	0.11	1.18855986472646e-19
Ugcg	4.96444395003942e-24	-0.676179752085733	0.477	0.503	1.60277072927023e-19
Ptp4a2	5.27692410614812e-24	0.258632052779344	0.939	0.767	1.70365494766992e-19
Gbp9	5.94396350827201e-24	-0.494252811564147	0.112	0.212	1.91900861864562e-19
Zswim6	6.52966502205929e-24	0.269091600076332	0.797	0.552	2.10810235237184e-19
Lncppara	8.42211010587946e-24	-0.354637231036127	0.043	0.126	2.71907824768318e-19
Celf1	9.29908148784169e-24	-0.471534572474284	0.766	0.682	3.00220845834969e-19
Kmt2e	9.44457783438382e-24	0.267490581210153	0.928	0.756	3.04918195383082e-19
Dock11	1.03289766850105e-23	-0.417667593561875	0.813	0.758	3.33471012275563e-19
Clk1	1.73588600892652e-23	0.255852403698176	0.915	0.696	5.60430797981927e-19
Dph5	1.967762802778e-23	-0.560796828587138	0.195	0.289	6.35292220876877e-19
Fubp1	3.1979813857467e-23	-0.453663115453216	0.726	0.659	1.03246829038832e-18
Gramd4	3.66955854260702e-23	-0.606817451326653	0.17	0.265	1.18471697548068e-18
Fanci	5.17953661134034e-23	-0.282541515627591	0.028	0.101	1.67221339497123e-18
Slc44a2	7.48154905286537e-23	-0.654977856755201	0.451	0.46	2.41541811171759e-18
Ncoa2	9.44791261400721e-23	-0.38692954778504	0.861	0.817	3.05025858743223e-18
Tbxa2r	1.05488541860336e-22	-0.395264870055379	0.076	0.167	3.40569757396096e-18
Gm36756	1.10857700617e-22	-0.470790711173658	0.121	0.216	3.57904086441986e-18
Mylip	1.18692867203552e-22	-0.540600067879066	0.218	0.313	3.83199921766666e-18
Zfp36l1	1.8677712064942e-22	0.42553804408695	0.873	0.701	6.03009934016653e-18
Sntb1	1.90155175772223e-22	0.313179225559923	0.423	0.242	6.1391598498062e-18
Ano6	1.93848664849957e-22	-0.649092821108887	0.439	0.462	6.25840414468086e-18
Prf1	3.21932255369312e-22	-0.303174823410058	0.039	0.117	1.03935828645982e-17
Elovl5	3.96287335988678e-22	0.376552233916004	0.584	0.361	1.27941366423945e-17
Rasa3	4.19613585302425e-22	-0.4247625647132	0.484	0.538	1.35472246014888e-17
Tmem131l	5.81428073263746e-22	-0.63614594873206	0.38	0.424	1.877140534532e-17
Dnah8	7.23132194567239e-22	-0.513760382170136	0.092	0.184	2.33463229016033e-17
Prrc2c	7.49124210737642e-22	-0.292408056548668	0.965	0.947	2.41854751436648e-17
Gimap7	1.00328629093397e-21	-0.56647776258767	0.363	0.422	3.23910979028031e-17
Siah1a	1.31945266144973e-21	-0.602041325675411	0.269	0.34	4.25985291749045e-17
Otulinl	1.59651355875154e-21	-0.617161346096431	0.479	0.482	5.15434402442934e-17
Prkce	2.5009770079512e-21	-0.642450475665234	0.228	0.32	8.07440427017044e-17
Dennd1a	2.53917922451495e-21	-0.441622120507451	0.762	0.699	8.1977401263465e-17
Kdm7a	3.15566030363847e-21	0.326569190465702	0.726	0.468	1.01880492902968e-16
Tnrc6b	3.53796733040256e-21	-0.280663737349769	0.955	0.935	1.14223275262047e-16
Oas3	4.08907013812379e-21	-0.371060830502254	0.043	0.119	1.32015629409327e-16
Gm12185	5.45121508722466e-21	-0.664397852269173	0.291	0.361	1.75992479091048e-16
Phip	6.18819389264407e-21	-0.58871033224178	0.652	0.6	1.99785839824014e-16
Foxk1	7.15247658652374e-21	-0.553403669991232	0.21	0.289	2.30917706595919e-16
Zcchc7	1.33102721075845e-20	-0.417836543581167	0.835	0.763	4.29722134993364e-16
Pabpc1	1.60719623616616e-20	-0.297887239930382	0.947	0.923	5.18883304846245e-16
Igf1r	1.67663996063578e-20	0.308814823711463	0.463	0.281	5.41303211291263e-16
Plcl2	1.76914904010308e-20	-0.516178998456285	0.725	0.67	5.7116976759728e-16
Irgm1	2.01755069633598e-20	-0.542057383661036	0.118	0.207	6.5136624231207e-16
4930444A19Rik	2.76015405706513e-20	-0.60409277463143	0.527	0.517	8.91115737323478e-16
Gm27008	2.99998866835931e-20	-0.435747575008725	0.08	0.165	9.68546341579804e-16
Ly6a	3.38431033801887e-20	-0.849657494012372	0.12	0.215	1.09262459262939e-15
Slc25a27	3.62896801576573e-20	-0.304019814631212	0.037	0.109	1.17161232388997e-15
Ash1l	3.94261477040007e-20	-0.400355079614346	0.844	0.765	1.27287317862366e-15
Sfmbt2	6.34028819115613e-20	-0.416091467844997	0.067	0.148	2.04696204251476e-15
Fntb	6.38463295083009e-20	-0.540146203815053	0.165	0.251	2.06127874817549e-15
Parp9	7.34616647747967e-20	-0.702077919700903	0.336	0.382	2.37170984725431e-15
Tlk1	9.01197975940853e-20	-0.459269410126737	0.655	0.615	2.90951766532504e-15
Pitpnc1	9.30500617384185e-20	-0.286024642187232	0.932	0.917	3.00412124322484e-15
Bicdl1	1.27999731399953e-19	-0.57134251963068	0.34	0.406	4.13247132824749e-15
Gm48678	1.74323596003022e-19	-0.61882874137495	0.441	0.454	5.62803729695758e-15
Rev3l	2.29079600449757e-19	-0.552165071019476	0.612	0.569	7.39583490052041e-15
Camk4	2.36081886217504e-19	-0.310299202441028	0.852	0.859	7.62190369653212e-15
Fndc3a	3.39457410699522e-19	0.482967238060063	0.733	0.502	1.09593825044341e-14
Hspbap1	3.53487509618067e-19	-0.509938876757642	0.129	0.214	1.14123442480193e-14
Chchd3	4.01493844473705e-19	-0.506289197270206	0.7	0.626	1.29622287688336e-14
Plcxd2	5.77258697501479e-19	0.336496225180256	0.48	0.308	1.86367970488352e-14
Zmynd8	7.00023708834477e-19	-0.515278907162024	0.582	0.548	2.26002654397211e-14
Bicra	1.23914749836763e-18	-0.610572568354026	0.343	0.386	4.00058769847989e-14
Herc1	1.48058935268034e-18	-0.457426140862105	0.662	0.593	4.78008272512848e-14
Id3	1.72290044046471e-18	-0.488756623373154	0.08	0.161	5.56238407204031e-14
Trim56	1.73231923312403e-18	-0.544424626620429	0.251	0.316	5.59279264414094e-14
Morc3	1.87018621959251e-18	-0.573325343965483	0.409	0.424	6.03789620995442e-14
Cd2ap	2.43586407022017e-18	-0.608497579179131	0.449	0.451	7.86418715070581e-14
Usp25	2.77930251180435e-18	-0.573906030241083	0.648	0.579	8.97297815936033e-14
Larp1	2.86275698800797e-18	-0.552578983354865	0.513	0.49	9.24241093578373e-14
H2-T24	3.00197183602154e-18	-0.420731224953591	0.1	0.182	9.69186607259554e-14
Prkch	3.01907497446637e-18	0.274041427237731	0.964	0.878	9.74708355506467e-14
Mbnl2	3.82900458037092e-18	-0.428187847706758	0.755	0.706	1.23619412877275e-13
Irf7	3.96447355628539e-18	-0.539887260719942	0.151	0.233	1.27993028764674e-13
Lmo4	4.52297497805658e-18	-0.345055720154193	0.069	0.146	1.46024247166557e-13
Zdhhc17	5.62584747830241e-18	-0.510045501865856	0.171	0.25	1.81630485836993e-13
Herc3	6.11803856938022e-18	-0.600124463526935	0.502	0.498	1.9752087521244e-13
Irgm2	6.39789235556896e-18	-0.574577484597675	0.162	0.244	2.06555954699544e-13
Rfx7	6.61770182581005e-18	-0.53822719097293	0.677	0.613	2.13652503446277e-13
A530088E08Rik	8.06676997451215e-18	-0.352096397258373	0.055	0.127	2.60435668627125e-13
Rcbtb1	9.26313260883063e-18	-0.518140227159337	0.239	0.306	2.99060236276097e-13
Ppp2r5a	1.07330479939529e-17	-0.464778396057761	0.701	0.612	3.46516454484769e-13
Il27ra	1.11700534489315e-17	-0.599865046378446	0.442	0.44	3.60625175598753e-13
Focad	1.13709840749752e-17	-0.502786712558764	0.208	0.288	3.67112220860576e-13
Uvrag	1.16627873316946e-17	-0.526460412040799	0.664	0.584	3.7653308900376e-13
Pcsk1	1.16989051167617e-17	0.534825159853837	0.187	0.087	3.77699151694652e-13
Cpm	1.2098254588495e-17	0.49839088382381	0.466	0.299	3.90592149389562e-13
Rsu1	1.31653075501242e-17	-0.736552691292611	0.384	0.406	4.2504195425576e-13
Gm12216	1.43138975650684e-17	-0.432232364332919	0.112	0.193	4.62124182888233e-13
Crebbp	1.50198659397422e-17	-0.346797636463546	0.892	0.793	4.84916371864575e-13
Arl5c	1.58359481648386e-17	-0.451543043824825	0.181	0.263	5.11263586501814e-13
9930111J21Rik2	2.80739125847786e-17	-0.646695953920476	0.409	0.43	9.06366267799576e-13
Rpl22l1	3.07818411717597e-17	-0.321756901326161	0.871	0.81	9.93791742230262e-13
Runx1	3.21902667181393e-17	0.409719773443261	0.941	0.916	1.03926276099513e-12
Spata6	3.37562529058767e-17	-0.535762597942384	0.291	0.351	1.08982062506623e-12
Mark2	4.81585654217194e-17	-0.462478133022697	0.683	0.583	1.55479928464021e-12
Selenop	5.25745557294917e-17	-0.597791512854555	0.256	0.317	1.69736953172664e-12
Rph3al	5.29557680448547e-17	-0.381503024768219	0.058	0.128	1.70967697132813e-12
Slfn2	5.54959449345942e-17	-0.363481972258331	0.858	0.78	1.79168658221337e-12
Zfp148	6.10682869064233e-17	-0.458605807067321	0.75	0.653	1.97158964277387e-12
Map2k6	6.84089623309841e-17	-0.559528951361361	0.137	0.216	2.20858334885582e-12
Zfp280d	8.86800163924991e-17	-0.538658936764881	0.552	0.517	2.86303432923183e-12
Man1a2	1.53997702033254e-16	-0.507271640833467	0.574	0.532	4.9718158101436e-12
Dtx3l	2.31926172959816e-16	-0.649228616865012	0.287	0.335	7.48773649400766e-12
Trim12c	3.91157825034804e-16	-0.656093225366645	0.374	0.39	1.26285303812486e-11
Arid1b	4.15075563454253e-16	-0.35718662885892	0.849	0.755	1.34007145661206e-11
Gngt2	4.62734680080751e-16	-0.37683984946578	0.095	0.169	1.4939389146407e-11
Rap1gds1	5.91446073520317e-16	-0.410669684103333	0.787	0.713	1.90948364836034e-11
Kat6a	7.36946465592941e-16	-0.4591262767236	0.652	0.57	2.37923166416681e-11
4933406I18Rik	7.92573758697157e-16	-0.535013814498561	0.285	0.365	2.55882437995377e-11
Fam189b	8.76801318910843e-16	-0.512698473583529	0.289	0.337	2.83075305810366e-11
Arid4a	9.683081817501e-16	-0.391635889758548	0.778	0.684	3.1261829647802e-11
Gpr183	1.20489045896335e-15	-0.489206173750535	0.326	0.4	3.88998884676317e-11
H2-T23	1.40585910966457e-15	-0.384715167849795	0.745	0.65	4.53881613555207e-11
Zdhhc15	1.54700694344818e-15	-0.587914847937356	0.257	0.32	4.99451191692246e-11
Mcmbp	1.58645178806199e-15	-0.550506868521561	0.441	0.441	5.12185959775813e-11
Sesn1	1.67193623768294e-15	-0.56522733636708	0.324	0.374	5.39784614335936e-11
Mettl9	1.68443336522344e-15	-0.593083566808142	0.279	0.323	5.43819311962388e-11
Herc4	1.88726212414762e-15	-0.511160699741044	0.62	0.56	6.09302576781059e-11
Chd7	2.73269018077248e-15	0.250088920233273	0.774	0.554	8.82249024862394e-11
Inpp4b	2.81314110858641e-15	0.461971706771314	0.974	0.984	9.08222606907121e-11
Ahcyl2	2.95272807636882e-15	-0.565328792357211	0.468	0.481	9.53288259455674e-11
4932438A13Rik	3.27009845574143e-15	-0.329536115902915	0.865	0.778	1.05575128643612e-10
Mcl1	4.78626221714287e-15	-0.329833509871172	0.876	0.762	1.54524475680458e-10
Stab2	5.1625455339291e-15	0.254632627684416	0.487	0.319	1.66672782562901e-10
Tasor	5.59192491746272e-15	-0.504673176859952	0.588	0.527	1.80535295960284e-10
Desi2	6.14715049302735e-15	-0.596554115246174	0.361	0.384	1.98460753667388e-10
Gbp6	7.99034948504225e-15	-0.466908156957081	0.125	0.201	2.57968433124589e-10
Xrn1	1.03323418298257e-14	-0.463187425079611	0.654	0.573	3.33579655975923e-10
Xpo1	1.07510518182369e-14	-0.580471463895001	0.331	0.361	3.47097707951777e-10
Stk10	1.10237967034756e-14	-0.378898661859119	0.768	0.677	3.55903276571711e-10
Dop1a	1.17288272567432e-14	-0.548633984107308	0.254	0.308	3.78665187983954e-10
Tmem229b	1.23400180256051e-14	-0.404164971732422	0.116	0.186	3.98397481956661e-10
Trbc1	1.27328250168049e-14	0.304730709966762	0.903	0.81	4.11079255667548e-10
Sec11a	1.28446633099096e-14	-0.401339813611137	0.721	0.599	4.1468995496043e-10
Cul3	1.37444864810818e-14	-0.34871807240174	0.814	0.7	4.43740746041726e-10
B630019A10Rik	1.51620263643815e-14	-0.385894829125908	0.158	0.243	4.89506021174057e-10
Card6	1.7733381548064e-14	-0.450006976071151	0.158	0.227	5.72522223279246e-10
Lonp2	2.31959382360714e-14	-0.483150176852439	0.652	0.571	7.48880865951565e-10
Klf7	3.47399607306031e-14	-0.560378073041212	0.385	0.406	1.12157963218752e-09
Tesc	3.74057198443883e-14	-0.440054223123054	0.236	0.301	1.20764366517608e-09
Sesn3	1.07679985361452e-13	0.340953050430506	0.765	0.605	3.47644832739448e-09
Slc9a9	1.11298524155403e-13	-0.365591155361765	0.78	0.733	3.59327285235718e-09
Dock2	1.16709788251363e-13	0.255871526946263	0.984	0.984	3.76797551369526e-09
Cdyl2	1.50711945215481e-13	-0.582952813923822	0.262	0.318	4.86573515128181e-09
Esyt2	1.97978475549944e-13	-0.341247738844877	0.833	0.743	6.39173508312993e-09
Rundc3b	2.82154326344846e-13	-0.450813943315078	0.122	0.193	9.10935242604337e-09
Cnot4	3.39389883120047e-13	-0.400531377685009	0.764	0.658	1.09572023765307e-08
Dyrk1a	3.71446810608191e-13	-0.390704486368501	0.702	0.61	1.19921602804854e-08
Rtn4rl1	3.7896118895481e-13	-0.316043068253941	0.062	0.123	1.2234761985406e-08
Slc26a10	4.40213040581574e-13	-0.372733253331501	0.091	0.156	1.42122780151761e-08
Itsn2	4.48862068428914e-13	-0.410609783021429	0.764	0.652	1.44915118792275e-08
Tmlhe	5.03906597576241e-13	-0.551759016414234	0.182	0.247	1.62686245027489e-08
Cep350	7.79034697549734e-13	-0.448055686036461	0.64	0.559	2.51511352103932e-08
AI467606	8.35003181145297e-13	-0.491482165018597	0.254	0.299	2.69580777032759e-08
Gsk3b	8.8117529062161e-13	-0.394117219469522	0.783	0.661	2.84487442577187e-08
Hmg20a	1.07107818532947e-12	-0.529885410152217	0.374	0.389	3.45797592133621e-08
Il16	1.19856787551529e-12	-0.497804296725546	0.399	0.396	3.86957638610111e-08
Hdhd5	1.49895553930388e-12	-0.400130874288861	0.127	0.188	4.83937795864257e-08
Tbc1d22b	1.54885457879094e-12	-0.474614204014442	0.204	0.257	5.00047700762656e-08
Heca	2.52082938082403e-12	-0.428730090912176	0.634	0.571	8.13849765599038e-08
Dyrk2	2.76465471104865e-12	-0.472992713160659	0.236	0.282	8.92568773462056e-08
5330438D12Rik	3.55904169108007e-12	-0.485231231898925	0.56	0.503	1.1490366099652e-07
Erap1	4.14285739723852e-12	-0.566004492304847	0.319	0.34	1.33752151069846e-07
Dnajc3	5.03990806037662e-12	-0.43564171452398	0.622	0.542	1.62713431729259e-07
Kansl1l	5.4409668413055e-12	-0.558309236752352	0.367	0.389	1.75661614471548e-07
Pan3	5.74840596289591e-12	-0.347336114663697	0.83	0.711	1.85587286512094e-07
Xaf1	7.44059604264747e-12	-0.514977734906958	0.196	0.251	2.40219643236874e-07
Tmem245	1.21823982125968e-11	-0.512044474556374	0.277	0.314	3.93308726293687e-07
Creb1	1.24979417668664e-11	-0.481549843057493	0.664	0.579	4.03496049943281e-07
Lat	1.38316135090797e-11	-0.287250870776787	0.797	0.679	4.46553642140639e-07
Suclg2	1.40124989503506e-11	-0.501182346517907	0.243	0.289	4.52393528612071e-07
Fam169b	1.66504113142834e-11	-0.295990144058001	0.86	0.777	5.37558529281638e-07
Smurf2	1.73351993697113e-11	-0.524151779451278	0.573	0.52	5.5966691165113e-07
Trim44	1.7623287020399e-11	-0.541644043665627	0.465	0.444	5.6896782145358e-07
Nlrc5	1.76560862077068e-11	-0.468984377377929	0.639	0.578	5.70026743215814e-07
Gm10130	1.81088357097628e-11	-0.280680294001445	0.06	0.114	5.84643760889692e-07
Mfsd4a	1.86144271749276e-11	-0.49988483966174	0.321	0.34	6.00966781342538e-07
Txndc16	1.89880553482547e-11	-0.41335600777264	0.124	0.184	6.13029366918405e-07
Ube2h	2.06529276016391e-11	-0.286116758281088	0.866	0.774	6.6677976761892e-07
Map4k3	2.97497141962322e-11	-0.396771234964389	0.12	0.18	9.60469522825355e-07
Srsf5	4.73646383173208e-11	-0.277794380827012	0.881	0.766	1.5291673480747e-06
Plekha1	8.10795332585845e-11	-0.309627064258655	0.082	0.137	2.6176527312534e-06
Epsti1	1.05358431473869e-10	-0.591676849334607	0.664	0.599	3.40149696013387e-06
Mga	1.07395018344346e-10	-0.527113986007366	0.406	0.395	3.46724816724722e-06
Atp13a3	1.39328068626978e-10	-0.478835691280063	0.542	0.482	4.49820669562197e-06
Mllt10	1.56813790848982e-10	-0.345368959929949	0.801	0.682	5.06273323755938e-06
Rnf130	1.67452388121667e-10	-0.338809356885475	0.07	0.124	5.40620035050802e-06
Rev1	1.8445669222457e-10	-0.365459761007996	0.12	0.177	5.95518430847023e-06
Cyld	1.90144503856287e-10	-0.356716608201953	0.684	0.586	6.13881530700022e-06
Dgkd	2.13157529230896e-10	-0.378317774498134	0.679	0.585	6.88179083121947e-06
Lnpep	2.14300115933423e-10	-0.292870573294942	0.823	0.707	6.91867924291056e-06
Cers6	2.89524860979157e-10	-0.414523536816555	0.445	0.461	9.3473101367121e-06
Agfg1	2.98616987884012e-10	-0.446385946523914	0.628	0.535	9.64084945383532e-06
Galnt7	3.91113396978253e-10	-0.563654241408175	0.442	0.422	1.26270960214429e-05
Acss2	4.22261890308071e-10	-0.367252710075174	0.123	0.181	1.36327251285961e-05
Limd2	6.00447185140601e-10	-0.254976311448913	0.888	0.801	1.93854373722643e-05
Clip1	6.12866841222801e-10	-0.502167596467748	0.485	0.445	1.97864059688781e-05
Scmh1	6.97111770796213e-10	-0.481825466502118	0.119	0.173	2.25062535201557e-05
Galnt6	7.78965601109144e-10	-0.425242159688945	0.476	0.448	2.51489044318087e-05
Nup210	8.03817185388902e-10	-0.460604879403602	0.482	0.444	2.59512378302807e-05
Gm15564	9.19591095259364e-10	-0.348830074374466	0.143	0.195	2.96889985104486e-05
Nsmce1	1.00205779620924e-09	-0.469598507306362	0.228	0.264	3.23514359506152e-05
4930523C07Rik	1.07280256771282e-09	-0.258372784669138	0.773	0.7	3.46354308986083e-05
Ralgps2	1.30690268068582e-09	-0.423241183217883	0.497	0.473	4.21933530459417e-05
St8sia4	1.32200888844666e-09	-0.319261101406744	0.46	0.48	4.26810569635005e-05
Smad4	1.39828544943633e-09	-0.413121711198902	0.582	0.499	4.51436457350518e-05
Slco3a1	1.44655992970704e-09	-0.435921744223332	0.727	0.653	4.67021873305917e-05
Setd7	1.53458972165223e-09	-0.489404715086845	0.421	0.404	4.95442291635421e-05
Rab6b	1.65442646099539e-09	-0.45426005255851	0.224	0.261	5.34131582932362e-05
Bbx	1.77981995641237e-09	-0.555332611156651	0.492	0.449	5.74614872927735e-05
Arhgap25	2.06585249778685e-09	-0.456974567979988	0.523	0.476	6.66960478910484e-05
Unc5cl	2.6111470224779e-09	-0.297187813624306	0.071	0.12	8.43008816206991e-05
Atm	2.67265405177812e-09	-0.47021912156924	0.266	0.293	8.62866360616567e-05
Atp11c	3.00115553105554e-09	-0.522035771101619	0.38	0.386	9.6892306320128e-05
Armc7	3.05806157697184e-09	-0.469700598191833	0.221	0.257	9.87295180125357e-05
Zfp1	3.29746062233022e-09	-0.426007275860494	0.185	0.229	0.000106458516191931
Smad1	4.61369057397388e-09	-0.328982799960081	0.1	0.149	0.000148953000180747
Ankrd17	4.62116733002502e-09	-0.276310416339639	0.848	0.736	0.000149194387249858
Insr	4.82779807116238e-09	-0.46082260681442	0.269	0.299	0.000155865460727477
Rgs14	4.86960105773775e-09	-0.319945957547752	0.114	0.163	0.000157215070149063
Asap1	5.13352229221326e-09	-0.328023457395722	0.622	0.586	0.000165735767204105
Ptk2b	5.88277208935558e-09	-0.339478929544972	0.706	0.611	0.000189925296904845
Pcgf5	6.40886678250548e-09	-0.455489614276265	0.63	0.573	0.00020691026407319
Foxo3	7.16775809225112e-09	-0.496322230574757	0.297	0.317	0.000231411070008328
Fry	7.67029542627954e-09	-0.479296286437953	0.226	0.274	0.000247635487837435
Hsp90aa1	7.93880459737093e-09	-0.315003736058869	0.876	0.768	0.000256304306426121
Cyb5b	8.0709231570545e-09	-0.479931204234967	0.352	0.349	0.000260569754125504
Tecpr1	8.54394625645146e-09	-0.365631001910957	0.599	0.528	0.000275841304889535
Trim14	1.04817445491472e-08	-0.528527917405976	0.341	0.342	0.000338403122769217
Bbs9	1.05929555525093e-08	-0.511689519796767	0.236	0.276	0.000341993570012763
Spata13	1.06133645736753e-08	-0.475457126804048	0.488	0.444	0.000342652475261106
Atf7	1.07371348705549e-08	-0.472204459349598	0.497	0.452	0.000346648399295864
Klhl6	1.14143930728971e-08	-0.443875334523717	0.533	0.491	0.000368513680358482
Fbxw4	1.17103864517048e-08	-0.454929392742077	0.248	0.277	0.000378069826593289
Rbm6	1.24940344088573e-08	-0.342824526312451	0.725	0.615	0.000403369900889959
Klhdc1	1.40215159858858e-08	-0.401310259893338	0.15	0.196	0.000452684643604322
1700025G04Rik	1.4395933927554e-08	-0.33122194090576	0.139	0.192	0.000464772726851082
Zfp644	1.64328047692078e-08	-0.407263297689421	0.673	0.567	0.000530533101973875
Abcg1	2.06095973938705e-08	-0.518381619472308	0.353	0.351	0.000665380851861109
Hsph1	2.71691931845504e-08	-0.501704089532408	0.239	0.266	0.000877157401963208
Papola	2.76037155049473e-08	-0.301940049228593	0.749	0.616	0.000891185955077225
Ascc3	2.90368571400788e-08	-0.383119368495086	0.81	0.69	0.000937454932767445
Rasa2	3.43555667666586e-08	-0.422940572205071	0.56	0.493	0.00110916947306157
Abcb7	3.55730132915268e-08	-0.45614683353001	0.417	0.404	0.00114847473411694
Rictor	4.37185402034971e-08	-0.38850459625541	0.681	0.566	0.0014114530704699
Tle4	4.59297634064538e-08	-0.291511042389896	0.644	0.578	0.00148284241157736
Mbp	4.8740667275867e-08	-0.342843366400378	0.641	0.551	0.00157359244300137
Adcy3	5.13064488926967e-08	-0.264795716606148	0.068	0.112	0.00165642870250071
Traf5	5.41649739114113e-08	-0.389098313233179	0.284	0.309	0.00174871618272992
Patz1	5.65699457858251e-08	-0.345043523920472	0.124	0.168	0.00182636069969536
Sp110	5.98703247590084e-08	-0.443590957164325	0.52	0.447	0.00193291343484459
Rapgef2	6.01671703362465e-08	-0.435343793636005	0.524	0.481	0.00194249709430572
Vav1	6.03715168276188e-08	-0.503355849215079	0.434	0.39	0.00194909442077967
Dusp7	6.97556134200714e-08	-0.253414968507247	0.086	0.131	0.00225205997926701
Huwe1	7.24314804081096e-08	-0.305728130759484	0.79	0.658	0.00233845034497582
Stard5	7.39717586723528e-08	-0.364863014281485	0.167	0.207	0.00238817822873691
3300002I08Rik	8.50274885653985e-08	-0.287609427662016	0.084	0.128	0.00274511246833389
Kcnn4	9.3148572869819e-08	-0.41564975794327	0.552	0.483	0.00300730167510211
Ttc27	1.07467626567502e-07	-0.421665535019024	0.162	0.202	0.00346959232373181
Dusp10	1.09655417243232e-07	-0.324119267489412	0.469	0.469	0.00354022514569773
Rbl1	1.21613080407993e-07	-0.421126525667294	0.169	0.208	0.00392627830097205
Ccnd2	1.25750656496135e-07	-0.299193812474267	0.757	0.702	0.00405985994497773
Ppargc1b	1.36576156958658e-07	-0.259923389859214	0.078	0.121	0.00440936122741028
Tspan32	1.47679642316986e-07	-0.385866842825969	0.627	0.527	0.00476783725220389
Trim33	1.54443055471227e-07	-0.44313012920255	0.559	0.475	0.00498619404588858
Hspe1	1.55211854267656e-07	-0.335628447347856	0.704	0.59	0.00501101471503129
Gm26771	1.68089505977583e-07	-0.267360686522088	0.076	0.118	0.00542676970048627
Banp	2.05038925653927e-07	-0.438635216181281	0.286	0.299	0.00661968171473705
Akap10	2.13165511170216e-07	-0.463249746927148	0.397	0.383	0.00688204852813043
Xrcc4	2.32475905061761e-07	-0.526567057078139	0.445	0.423	0.00750548459491897
Dleu2	2.44453078295441e-07	-0.395229186613852	0.332	0.354	0.00789216763276831
Plekha7	2.60202352221445e-07	-0.293377574986068	0.08	0.123	0.00840063294146935
Rcbtb2	2.64647983235496e-07	-0.438520992808818	0.33	0.338	0.00854416013875798
Irf2	2.7989135225844e-07	-0.303214535612217	0.799	0.662	0.00903629230766372
Dnmt3a	3.20890921040876e-07	-0.483385885414601	0.386	0.366	0.0103599633858047
Prmt3	3.22196150033776e-07	-0.414470483263197	0.202	0.233	0.0104021027038405
Arhgap30	3.26112048200454e-07	-0.293167729423967	0.774	0.632	0.0105285274761517
Igtp	3.47037052281562e-07	-0.602544360116811	0.355	0.348	0.0112040912329102
Smurf1	3.59986703098523e-07	-0.455567635340416	0.312	0.317	0.0116221707095358
Trip12	3.78052162701243e-07	-0.267719759254795	0.809	0.671	0.0122054140728096
Zfp638	3.79392622959822e-07	-0.365706371211064	0.664	0.561	0.0122486908322579
Gbp5	4.87016815574327e-07	-0.273294828118197	0.064	0.104	0.0157233378908172
Prkacb	5.95319573813644e-07	-0.418816629353002	0.485	0.429	0.0192198924405735
Spsb1	6.18952007732942e-07	-0.355727170284343	0.132	0.173	0.019982865569658
R3hdm1	6.9093034873669e-07	-0.374679787488104	0.649	0.548	0.022306686308964
Itpkb	6.93687888384997e-07	0.260917474631976	0.873	0.757	0.0223957134765096
Dapk1	7.02280164239187e-07	-0.275412446357617	0.063	0.102	0.0226731151024622
Adar	7.33781397438227e-07	-0.450372864306536	0.315	0.313	0.0236901324162932
Bbip1	7.38117866445968e-07	-0.453692877375844	0.351	0.337	0.0238301353182081
H2-T22	7.57451336030054e-07	-0.446616817172741	0.253	0.267	0.0244543163837303
Sp4	7.71469274727189e-07	-0.42886584853383	0.432	0.406	0.0249068855345673
Il4ra	1.0071378654274e-06	-0.366883579797842	0.216	0.244	0.0325154459853236
Pacsin1	1.15884832653454e-06	-0.354474729466362	0.274	0.306	0.0374134182221676
Lrrc4	1.2671893740421e-06	-0.486605127277906	0.406	0.377	0.0409112089409491
Efr3a	1.35637716597069e-06	-0.431731616513325	0.531	0.456	0.0437906368033637
Msl2	1.35650307528386e-06	-0.439973856411435	0.472	0.417	0.0437947017855393
Brdt	1.3799961502258e-06	-0.258534070663212	0.067	0.105	0.0445531757100399
Snrpd3	1.53165322085392e-06	-0.405919821988278	0.535	0.451	0.0494494242352688
Ttc13	1.77777894988777e-06	-0.393070563859256	0.21	0.234	0.0573955933971267
Gigyf2	1.78213030475942e-06	-0.406475766512928	0.558	0.475	0.0575360768891577
Slc2a3	2.0212652492338e-06	-0.30091720369752	0.083	0.122	0.0652565485715133
Cep97	2.05247656155056e-06	-0.451360049424444	0.379	0.36	0.0662642057896597
Lcor	2.29054176582898e-06	-0.395970665893263	0.622	0.529	0.0739501409097886
Daxx	2.29569171375588e-06	-0.513188404419253	0.234	0.252	0.0741164069786086
Ccdc88c	2.47210252860996e-06	-0.316793732711618	0.667	0.548	0.0798118301361725
Ppm1b	2.76087117315135e-06	-0.375241017750049	0.664	0.537	0.0891347258251913
Agk	2.80663835907095e-06	-0.444372384834797	0.193	0.222	0.0906123194226057
Mical3	3.1154063136484e-06	-0.255190511047796	0.079	0.116	0.100580892836139
Gm50218	3.82369929607917e-06	-0.257374516694311	0.082	0.119	0.123448131773916
Mitd1	3.86311688704626e-06	-0.42808347610199	0.317	0.315	0.124720728698289
Ggact	4.18072499248775e-06	-0.366546661916035	0.138	0.173	0.134974706382467
Ifngr2	4.6262898288905e-06	-0.339261116971497	0.261	0.282	0.14935976712573
Scaf8	5.08873825415895e-06	-0.35213780880918	0.683	0.554	0.164289914535522
Sptbn1	5.58922119061418e-06	-0.265302638091506	0.784	0.655	0.180448006138979
Ctcf	5.6156162720941e-06	-0.319518556268265	0.747	0.601	0.181300171344558
Numa1	5.74202896471009e-06	-0.391569915964669	0.591	0.484	0.185381405125665
Rasal3	5.81751482682155e-06	-0.393046791337908	0.483	0.418	0.187818466183934
Gucd1	5.95200575556881e-06	-0.311028739845993	0.101	0.137	0.192160505818539
Cux1	6.12573303303214e-06	-0.280670534306576	0.655	0.559	0.197769290971443
L3mbtl3	6.50798927122884e-06	-0.471664424672529	0.345	0.341	0.210110433621623
Tmem260	6.65909166182457e-06	-0.371645824669484	0.125	0.159	0.214988774302006
Gm15563	6.99911235008315e-06	-0.393787381862742	0.221	0.245	0.225966342222434
Hs2st1	7.24970005733092e-06	-0.439493312651991	0.262	0.279	0.234056566350929
Sec63	7.40736995715848e-06	-0.394493822630552	0.605	0.501	0.239146939066862
Ddx39b	7.58415071378897e-06	-0.371135023606265	0.58	0.468	0.244854305794677
Fhit	1.02364384948146e-05	-0.26508997296506	0.064	0.1	0.33048341680509
Pkn2	1.09590614953707e-05	-0.367299897238004	0.619	0.51	0.353813300378044
Mettl8	1.17037348515641e-05	-0.272739796850116	0.09	0.124	0.377855079682747
Cd96	1.28457578485684e-05	-0.418345341402712	0.445	0.402	0.41472529214103
Tet3	1.51487358175967e-05	-0.319724718591119	0.693	0.575	0.489076935871108
Znrf2	1.52293188128444e-05	-0.296625158340436	0.745	0.59	0.491678557872682
Twf2	1.52794599011503e-05	-0.437698585588478	0.391	0.353	0.493297362908637
Mad1l1	1.80630482970775e-05	-0.45741003452346	0.324	0.312	0.583165514271146
Tmem154	1.8679120700282e-05	-0.32483877224155	0.158	0.188	0.603055411808606
Psmb10	2.02588248797637e-05	-0.418376364151262	0.488	0.414	0.654056161243172
Slc28a2	2.0990769932084e-05	-0.422284083283674	0.343	0.33	0.677687007257332
Ndufs4	2.19609840198976e-05	-0.375101700724732	0.696	0.541	0.709010369082395
Gm36279	2.20791573108196e-05	-0.36147101450727	0.155	0.184	0.712825593779812
Me2	2.403988495767e-05	-0.409064660758624	0.404	0.369	0.776127685858377
Mdm4	2.46260192626162e-05	-0.375483013442798	0.533	0.446	0.795051031893563
Lfng	2.9117021714885e-05	-0.354891097229492	0.23	0.247	0.940043046065063
Rab3ip	3.04789869412687e-05	-0.313300768123095	0.488	0.456	0.98401409339886
Cd84	3.06144788119004e-05	-0.360037611906632	0.602	0.517	0.988388448442203
Scarb2	3.60522923561451e-05	-0.42009637211701	0.276	0.277	1
Faf1	3.68183707486189e-05	-0.394310897336985	0.576	0.485	1
N4bp2	3.72070622378457e-05	-0.440067265668652	0.267	0.269	1
Gimap1os	3.8771544559496e-05	-0.347876227424977	0.157	0.184	1
Retreg1	4.15719953711731e-05	-0.272972027132894	0.777	0.66	1
Arid2	4.43336170280961e-05	-0.403251467091243	0.595	0.488	1
Arhgap10	4.50899267287103e-05	-0.437166128260329	0.376	0.352	1
Tnrc6a	4.78831488287865e-05	-0.298763119134224	0.73	0.584	1
Mef2a	4.87441755350577e-05	-0.320682315838751	0.606	0.514	1
BE692007	4.94284211295802e-05	-0.388989962224587	0.549	0.485	1
Ikbke	5.01676410179443e-05	-0.438488140622577	0.342	0.321	1
Ankrd28	5.64527118647612e-05	-0.448657017618514	0.334	0.328	1
Cdkal1	6.76462303812589e-05	-0.376630388381196	0.616	0.517	1
Tasor2	6.84347563847051e-05	-0.426036512884604	0.519	0.443	1
Il17ra	6.88691416745207e-05	-0.410374253691712	0.35	0.33	1
Phf3	7.41976605575943e-05	-0.278569166706101	0.753	0.596	1
Zfp592	7.49955376372079e-05	-0.400067719267388	0.385	0.352	1
Lipa	7.71785683961102e-05	-0.39950152836999	0.293	0.288	1
Rala	8.46006076119454e-05	-0.419956429765939	0.41	0.362	1
Cnot2	8.53138113250241e-05	-0.279747510458537	0.718	0.581	1
Nt5c3	8.90145396298865e-05	-0.43716102562668	0.241	0.245	1
Magt1	9.99005346994006e-05	-0.376538509010691	0.24	0.249	1
Arhgap4	0.000105790112891774	-0.390568030550022	0.428	0.38	1
Phf14	0.00011040996400916	-0.361640045272931	0.674	0.546	1
Atp6v1h	0.000113303653383312	-0.395300314470041	0.256	0.261	1
Klhl3	0.000113611236105725	-0.322385155128221	0.157	0.181	1
Sfmbt1	0.000114638900382445	-0.302233530913303	0.11	0.141	1
Hist1h1c	0.000131979093636289	-0.362438712324042	0.228	0.238	1
Mov10	0.000132390169186767	-0.335848569660252	0.138	0.163	1
Gpatch4	0.000135103622955616	-0.294289840704693	0.122	0.151	1
Elk4	0.000136684949390312	-0.400648974440305	0.509	0.425	1
Resf1	0.000158564544723361	-0.429459320397294	0.56	0.466	1
Ankib1	0.000159398391411181	-0.322572813647854	0.622	0.515	1
Pvr	0.000161131535477248	-0.320782322196205	0.156	0.181	1
Zfp407	0.000164358668143922	-0.389763658220799	0.604	0.513	1
Hsdl1	0.000164530133722166	-0.316937532790555	0.157	0.18	1
Trac	0.000180640011143293	-0.401362960658169	0.509	0.424	1
Sash3	0.000189274509257392	-0.385964525757036	0.461	0.395	1
Pbrm1	0.000205268903436324	-0.29124639151477	0.73	0.582	1
Gatad2b	0.000207042689402356	-0.334765674602361	0.723	0.572	1
Ly9	0.000209453408113107	-0.344226189053397	0.186	0.203	1
Kif21b	0.000216501624524186	-0.410924156875361	0.535	0.438	1
Polr1a	0.000235582203512099	-0.296203547403446	0.15	0.173	1
Gm11361	0.00026737368856969	-0.362747711382671	0.544	0.434	1
Tbcel	0.000270274883674421	-0.405975101688215	0.243	0.245	1
Hist1h1b	0.00029020628488248	-0.264159363671073	0.093	0.121	1
Erbin	0.000298639150471309	-0.275275143033914	0.786	0.633	1
Lims1	0.000309877489925735	-0.265660769624583	0.73	0.601	1
Tapbpl	0.000361625111994494	-0.322940638240455	0.166	0.185	1
Mdc1	0.000389085593082684	-0.259626762508772	0.114	0.139	1
Gm48719	0.000407519541344859	-0.262887441284566	0.101	0.126	1
4930557K07Rik	0.000445100740398265	-0.250289373877631	0.082	0.107	1
Itpr3	0.000454023673207593	-0.258455770847229	0.126	0.15	1
Msra	0.000486525973412867	-0.423308646196008	0.305	0.299	1
Tsc22d3	0.000561476729980688	-0.346254179379005	0.326	0.314	1
Zfp281	0.000693931756760432	-0.394113761851527	0.232	0.233	1
2610037D02Rik	0.000729495910804545	-0.427778284388388	0.239	0.243	1
Zdhhc20	0.000826746569466779	-0.271120034342656	0.733	0.593	1
Pds5a	0.000880828023799539	-0.302500781010398	0.708	0.559	1
Pml	0.000908465910740606	-0.479425532158377	0.261	0.257	1
Nmi	0.000910259353528562	-0.406554357992988	0.436	0.372	1
Zfp395	0.000918898502023434	-0.262596365030278	0.108	0.131	1
4632427E13Rik	0.000975929769998191	-0.318492723879219	0.159	0.176	1
Cbfb	0.00102489862438001	-0.355373398531511	0.581	0.472	1
Rbm33	0.00111174448200816	-0.314240989517049	0.63	0.502	1
Taok3	0.001124158438278	-0.267548975996681	0.754	0.588	1
Kidins220	0.00115577914416874	-0.353805613008473	0.458	0.389	1
Rif1	0.00123096996157258	-0.395613538312239	0.484	0.407	1
Klk8	0.0012562504638701	-0.350565122054471	0.284	0.274	1
Gab3	0.0013413098548079	-0.341689510427473	0.173	0.191	1
Aff3	0.00145201697372083	0.25939144314417	0.878	0.91	1
Tmem209	0.00155697966117359	-0.264226777967133	0.095	0.117	1
Ppm1k	0.00185499683383955	-0.259305776127048	0.124	0.144	1
Slc30a7	0.00185957945041973	-0.359125225869248	0.318	0.296	1
Mbd5	0.00221999347068608	-0.349313582531286	0.701	0.577	1
Zmynd11	0.00239322753466683	-0.326774544996089	0.523	0.441	1
Nr2c2	0.0024379386419661	-0.317559886468319	0.654	0.515	1
Sh2d3c	0.00265026221039815	-0.355458334061331	0.233	0.232	1
Ddb2	0.00270666246597957	-0.327921569819312	0.237	0.24	1
Gm37240	0.00291364567899176	-0.356799054936317	0.446	0.392	1
Limk2	0.00320586671153183	-0.404696303880767	0.35	0.316	1
Trim34a	0.00334926337694886	-0.386121000885803	0.236	0.233	1
Irf1	0.00339602862648379	-0.395340889330302	0.466	0.407	1
AW554918	0.00340587020684924	-0.443419129124215	0.404	0.365	1
Sit1	0.00348658302034206	-0.290395926126212	0.164	0.176	1
Git2	0.00354220565323059	-0.299106080642678	0.643	0.512	1
Il21r	0.00357579832476425	0.288774242343158	0.579	0.51	1
Asxl2	0.00449177025451906	-0.292505555737498	0.665	0.536	1
Aqr	0.00465861104517362	-0.398928345642121	0.409	0.348	1
Synj2bp	0.00485464312319291	-0.379826004779911	0.501	0.415	1
Gm16158	0.00488298304257161	-0.430992964650351	0.428	0.374	1
Ppp3cb	0.00558268902658364	-0.361500926091222	0.521	0.422	1
Rai1	0.00573310237487885	-0.39297101804429	0.43	0.364	1
Bcl9l	0.00592650928411299	-0.281680802479605	0.178	0.185	1
Gse1	0.00593432555299896	-0.377696957220736	0.306	0.281	1
Zup1	0.00602456588939714	-0.475361367312082	0.521	0.421	1
Nop10	0.00614879209083058	-0.318994002459235	0.615	0.476	1
Pik3c2a	0.00619981122325079	-0.369574105136146	0.396	0.35	1
Prdm2	0.00682744210750806	-0.306213739356154	0.636	0.5	1
Ldb1	0.0073019768517752	-0.366227753996544	0.358	0.311	1
Isg20	0.00753866017187376	-0.502445514167063	0.2	0.203	1
Diaph2	0.00823714902567163	-0.308141840235947	0.667	0.555	1
Fez2	0.00849514458286799	-0.263485089313046	0.127	0.141	1
Zfp831	0.00850778033349625	-0.309732982790128	0.576	0.478	1
Arhgap1	0.00907408081223831	-0.384211711716216	0.357	0.311	1
Bmt2	0.0101963025194283	-0.37144050087151	0.491	0.407	1
Lrp6	0.010200695920841	-0.373349783960004	0.34	0.303	1
Ppp1r21	0.0108258576848832	-0.353771119981211	0.215	0.213	1
Gm38604	0.0110271415201775	-0.27547685780132	0.101	0.117	1
Fgfr2	0.0116424408869581	-0.342394342487824	0.432	0.366	1
Dkc1	0.0130759021817905	-0.314048269606639	0.247	0.236	1
Rnf38	0.0133416270518115	-0.377803715984479	0.402	0.345	1
Alg14	0.013664099742088	-0.268305734090872	0.123	0.136	1
Fkbp4	0.0138637254680092	-0.378680963223222	0.32	0.283	1
Dram2	0.0138758998001022	-0.267100582954424	0.149	0.159	1
Rnf167	0.0138788762621988	-0.356340837533905	0.32	0.287	1
Gng12	0.0144819796699789	-0.332629912881906	0.161	0.17	1
Znfx1	0.0150824025545263	-0.362317135382189	0.202	0.201	1
Ube4a	0.0150868566333033	-0.36826011927095	0.319	0.284	1
Ngly1	0.0154440936672161	-0.337651804055672	0.343	0.302	1
Vti1a	0.0156103567762275	-0.306404877236372	0.7	0.575	1
Poc1b	0.0159156236198307	-0.292944815681212	0.153	0.162	1
Snd1	0.015941258441165	-0.266609178266411	0.701	0.55	1
Pym1	0.016059835764478	-0.374955156983964	0.263	0.244	1
Immp2l	0.0183125390128835	-0.401851294923988	0.208	0.219	1
Fdps	0.018314686720022	-0.31678400515569	0.168	0.173	1
Fam149b	0.0208088561895047	-0.310073729816477	0.18	0.183	1
Ppp1r12b	0.0209389092150094	-0.386370021848675	0.297	0.275	1
Cdkn2d	0.0211244960403348	-0.366325462768171	0.402	0.339	1
Lgals8	0.0213820258401409	-0.297488310466605	0.197	0.196	1
Emg1	0.0233235825058059	-0.30327810408379	0.608	0.459	1
Atrn	0.0234266133489099	-0.365878546599902	0.379	0.332	1
Pgs1	0.0238706104609134	-0.334926151581099	0.296	0.266	1
Phgdh	0.0248006268072792	-0.320710090440201	0.19	0.19	1
Gm43713	0.0263084228664556	-0.258310104405848	0.121	0.132	1
Gm42722	0.0273500638370685	-0.284599672406925	0.148	0.158	1
Armc8	0.02754289677417	-0.377150927806135	0.32	0.285	1
Tuba1b	0.0276668457785372	-0.351372996401995	0.347	0.302	1
Ttc17	0.0283582578528406	-0.361873537868849	0.37	0.324	1
Camk2d	0.028920456291872	-0.268444799502656	0.732	0.608	1
Rffl	0.029215689610025	-0.279044940658427	0.158	0.166	1
Lman2l	0.0295243350047475	-0.269262996014171	0.141	0.149	1
Nfyc	0.0352970357665075	-0.391496414465905	0.409	0.346	1
Mfhas1	0.0369806119124546	-0.356872999174883	0.406	0.35	1
Zfp236	0.0370633939956447	-0.319696435916967	0.282	0.258	1
Hmbox1	0.0382281391521787	-0.355760081244105	0.352	0.308	1
Osbpl9	0.0385160711415628	-0.290211801366704	0.608	0.479	1
Parp10	0.0422969557410283	-0.258746420793253	0.119	0.127	1
Cbr1	0.0445868402712685	-0.282451803490362	0.187	0.184	1
Xpnpep3	0.0455654826311534	-0.269870355598684	0.119	0.127	1
Tspan13	0.0466222927187324	-0.291055411251188	0.391	0.34	1
Zhx3	0.0491963187873329	-0.303522059134138	0.209	0.203	1
Taok1	0.0528550991598015	-0.289835045528169	0.598	0.468	1
Fam117a	0.0530392399972888	-0.298827748200293	0.292	0.266	1
Abcc5	0.0540412647547963	-0.27594587685829	0.169	0.169	1
Mtap	0.0565359653191953	-0.259956010112763	0.14	0.145	1
Zfp518a	0.057538445497634	-0.263835509864322	0.155	0.158	1
Jakmip1	0.0611682701716141	-0.315408713495399	0.365	0.316	1
Dennd6a	0.0626266581731141	-0.369167947678137	0.302	0.269	1
Ipo11	0.0658672316775398	-0.278463438569685	0.202	0.196	1
Elf4	0.0664132725517675	-0.336218191375252	0.53	0.42	1
Pot1b	0.0675476367144727	-0.295716807335253	0.173	0.173	1
Zfp277	0.0684125422257281	-0.357004066420892	0.285	0.256	1
Cox16	0.0687487248527665	-0.357598290832329	0.651	0.497	1
Chd6	0.069502466428195	-0.306468742884122	0.62	0.488	1
Shprh	0.0697461762637163	-0.378937630191549	0.354	0.302	1
Grk6	0.0703335082179553	-0.275681536454931	0.552	0.434	1
Naa15	0.070622645235135	-0.291468042426416	0.559	0.436	1
Ankfy1	0.0709702860960904	-0.391075274024016	0.365	0.306	1
Etv3	0.0736044293115113	-0.328632819211693	0.288	0.257	1
Vps13c	0.0738818729814131	-0.351310014149357	0.359	0.306	1
Ust	0.0745347795227111	-0.299197925239775	0.208	0.213	1
Snrk	0.0750524139540101	-0.253048918655124	0.365	0.265	1
Gm46367	0.0768454987702426	-0.279932520046573	0.162	0.161	1
Cab39l	0.0847959331039938	-0.38295821845594	0.385	0.329	1
Smap2	0.0850953777956332	-0.301469197569835	0.502	0.401	1
Lysmd4	0.0874412449336618	-0.343773103612537	0.205	0.195	1
Dcaf17	0.0906369754648155	-0.310260002179418	0.216	0.203	1
Taf15	0.0963726829264657	-0.255014027336357	0.642	0.489	1
Pdss2	0.101971099371267	-0.367098740345542	0.343	0.303	1
Tmco4	0.106426350642892	-0.355244447105442	0.229	0.212	1
Bcl2	0.109348864857994	-0.37017151260267	0.709	0.557	1
Baz1b	0.117899130683567	-0.298550450228811	0.568	0.439	1
Taf3	0.119415770671407	-0.40940766874371	0.461	0.369	1
Ctnnbl1	0.120416194600107	-0.350106499309496	0.356	0.297	1
Tango6	0.121743720295938	-0.276455156662674	0.176	0.173	1
Hibadh	0.131322289536677	-0.39598744745076	0.4	0.328	1
Tnfsf8	0.1316231304222	0.427630215021772	0.29	0.262	1
Tuba4a	0.132303001311225	-0.306404120414212	0.295	0.259	1
Tnfaip8l2	0.133669289936476	-0.359559346982926	0.376	0.308	1
Elp4	0.135123620874536	-0.272593204885022	0.394	0.304	1
Pibf1	0.135351806880343	-0.267306117991092	0.332	0.252	1
Setd1b	0.137904759915888	-0.291246925413981	0.312	0.271	1
Ralgapb	0.140668404760954	-0.364630370683136	0.349	0.296	1
Cdk19	0.153624322685785	-0.354497798758891	0.531	0.424	1
Usp40	0.154171586974442	-0.284323753408244	0.179	0.171	1
C1galt1	0.156310622323685	-0.31910681554445	0.395	0.33	1
Ralgapa2	0.157037105858339	-0.266136230022224	0.678	0.537	1
Arhgef6	0.171896535033616	-0.280680410784943	0.552	0.431	1
Nxn	0.17403493278465	-0.287461244329011	0.127	0.131	1
Tardbp	0.174094366682239	-0.317095591750397	0.496	0.38	1
Nfe2l2	0.180401206576118	-0.305081677523567	0.321	0.278	1
Lgals9	0.1835193299106	-0.319864517384656	0.448	0.358	1
Nop56	0.191882385498131	-0.318898074464259	0.345	0.289	1
Gprasp1	0.195235785897812	-0.310318607588548	0.239	0.216	1
Dym	0.199047326117767	-0.334117597266228	0.397	0.328	1
Mcu	0.204118419095475	-0.290390733361089	0.514	0.379	1
Chordc1	0.205530761502866	-0.286747778955904	0.563	0.422	1
Nup153	0.210996603675232	-0.252198334626765	0.658	0.492	1
Ifi35	0.21343932551706	-0.340528101221206	0.342	0.288	1
Pnpla7	0.231868158852215	-0.309410689366052	0.239	0.218	1
Klhl2	0.245847031076581	-0.259881484742053	0.308	0.239	1
Wdr37	0.247398279418391	-0.305529021430757	0.388	0.318	1
N4bp2l1	0.249835000874653	-0.288919378368195	0.333	0.249	1
Micall1	0.250903625873963	-0.302261530059372	0.179	0.167	1
Cwf19l2	0.252327156362415	-0.259901543603704	0.431	0.321	1
Add1	0.255922395092857	-0.297006036332348	0.627	0.47	1
1600014C10Rik	0.258039883449035	-0.265277286528776	0.2	0.186	1
Eml5	0.263867073222945	-0.275341660412718	0.234	0.216	1
Brwd1	0.270380346169206	-0.297908261220461	0.494	0.385	1
Dcaf5	0.272715575605079	-0.266294428448262	0.502	0.401	1
Mrps28	0.277219196628755	-0.328326986635899	0.258	0.23	1
Lsm14a	0.279630572209879	-0.286806500724959	0.632	0.464	1
Zfp398	0.285772766688176	-0.305785367019907	0.293	0.256	1
Chd8	0.287071646614218	-0.285381111848545	0.517	0.365	1
St3gal1	0.287974215173365	-0.316039814889307	0.428	0.351	1
D10Wsu102e	0.300450545353585	-0.251297588365477	0.235	0.187	1
Mapkap1	0.300561088336206	-0.251202780253866	0.541	0.388	1
Gm16599	0.301251144527171	-0.342492088344141	0.272	0.236	1
St3gal4	0.303869556914904	-0.255227875693665	0.294	0.234	1
Naa16	0.304070476802027	-0.262285700995632	0.367	0.276	1
Trpc4ap	0.312969437651536	-0.270623550821336	0.602	0.444	1
Zkscan3	0.318343800090496	-0.251902418091571	0.278	0.217	1
Pds5b	0.323726103501581	-0.307587029244965	0.568	0.433	1
1110059E24Rik	0.326121889294234	-0.292385957257466	0.187	0.175	1
Nxpe3	0.327930596038466	-0.27420216989908	0.578	0.461	1
Ptpn12	0.329020371070672	-0.293739474125798	0.244	0.195	1
Atg3	0.332317462075266	-0.269126770138104	0.415	0.304	1
Dcaf1	0.333517240943187	-0.260185923637541	0.263	0.234	1
Zfp438	0.339498381345744	-0.263518943669653	0.137	0.134	1
Orc3	0.347943075463454	-0.257556033482468	0.312	0.24	1
Phf20	0.355827567285488	-0.345531800222425	0.446	0.351	1
Sipa1l3	0.356940882400398	-0.287211910158011	0.189	0.175	1
2010016I18Rik	0.359712510651313	-0.291490473724824	0.208	0.188	1
Dmac1	0.36002214803019	-0.274679542258782	0.262	0.203	1
Stat2	0.365020506976959	-0.315267078869405	0.264	0.211	1
Clec2i	0.370679393285453	-0.258139517548063	0.242	0.215	1
Dmxl1	0.373192320102771	-0.275497039239636	0.576	0.438	1
Alkbh8	0.376981585758614	-0.321171777135436	0.299	0.252	1
Gm26510	0.377645624657968	-0.314275797514945	0.304	0.239	1
Wars2	0.395096492879414	-0.259244188244177	0.128	0.125	1
Atxn2l	0.408385598373331	-0.291899535373468	0.353	0.265	1
Snapc3	0.416218114275305	-0.295814614492001	0.317	0.265	1
Mosmo	0.417044073785411	-0.253324432027757	0.254	0.203	1
Zfp260	0.417406889930624	-0.269699909607801	0.246	0.217	1
Fkbp5	0.420877956873668	-0.266830517656458	0.335	0.264	1
Ube2d1	0.421963139389422	-0.314362422722063	0.277	0.237	1
Dhx30	0.422586588504296	-0.271057012011198	0.216	0.195	1
Cnp	0.427042986854695	-0.280120673848965	0.4	0.318	1
Erich1	0.436394658534534	-0.261488607012199	0.26	0.207	1
Usp7	0.45594836968648	-0.257049325219917	0.597	0.436	1
Zfp871	0.461023351611134	-0.270573343556821	0.446	0.325	1
Lrpprc	0.46218497704526	-0.298709009589386	0.239	0.21	1
Socs3	0.469824954136181	-0.32207952928037	0.27	0.237	1
Synrg	0.481623301930928	-0.3428025710511	0.41	0.322	1
Ccdc171	0.48720650989862	-0.261061821584349	0.206	0.17	1
Slc25a12	0.494841496658581	-0.343893476833086	0.459	0.355	1
Cpsf3	0.512410757020161	-0.25306862726106	0.243	0.195	1
Ube3c	0.517181469278196	-0.29369095008879	0.48	0.38	1
Slc35b3	0.518348959941432	-0.298742199988633	0.401	0.315	1
Tnpo3	0.519421793291129	-0.292124029226487	0.474	0.369	1
Sec24b	0.522366785533197	-0.31430870106803	0.497	0.375	1
AI504432	0.533666012526615	-0.274211676011454	0.218	0.195	1
Fancl	0.534077455309544	-0.264749862920794	0.161	0.15	1
Bmp2k	0.535926824231301	-0.322395725838715	0.298	0.251	1
Zcchc2	0.538005372962677	-0.282723512028994	0.279	0.222	1
Dnajb9	0.53976070871426	-0.295760008297912	0.31	0.258	1
Washc3	0.544554478384511	-0.309097371494455	0.388	0.293	1
Ddx10	0.546087487970206	-0.317152815996107	0.536	0.402	1
Spopl	0.547425540484793	-0.288023001630743	0.345	0.267	1
Stip1	0.5476634949882	-0.320307391129629	0.406	0.316	1
Cep68	0.551216498469609	-0.259245742626594	0.255	0.205	1
Kcnab2	0.552563479171239	-0.258405164991201	0.299	0.237	1
Pcm1	0.561722817565389	-0.289084667853668	0.563	0.424	1
Lin52	0.566462635312396	-0.267917705052141	0.239	0.2	1
Tnks	0.568742150349369	-0.255910320513696	0.399	0.306	1
Lrif1	0.570046707534162	-0.291132444091426	0.319	0.266	1
Tom1l2	0.576627028391433	-0.305719381978288	0.275	0.22	1
Tap2	0.578314609858405	-0.264058945786907	0.54	0.382	1
Pcca	0.583175235266086	-0.289732863695108	0.319	0.272	1
Rsf1os1	0.590098104737156	-0.25441938718555	0.203	0.181	1
Azi2	0.592756601478039	-0.267051847349404	0.397	0.301	1
Mllt6	0.596599897255754	-0.27866344159546	0.337	0.262	1
Relch	0.597531205678755	-0.283502453027435	0.531	0.401	1
Gpr174	0.611336623096202	-0.300785845149841	0.41	0.32	1
Xpo7	0.616340580157078	-0.270631120920353	0.521	0.386	1
Vrk3	0.620846952438282	-0.253147011700729	0.207	0.183	1
Brip1os	0.661410960618532	-0.259951048295965	0.365	0.29	1
Tapt1	0.676801470936147	-0.273961175481051	0.37	0.301	1
Slc38a9	0.677728476773557	-0.303887452532338	0.249	0.216	1
8030462N17Rik	0.680791778537711	-0.25651256231241	0.332	0.263	1
Zfp53	0.685074057840555	-0.369300086278265	0.467	0.359	1
Tbl1xr1	0.689378073621991	-0.267237428050322	0.634	0.471	1
Trappc12	0.691955239351021	-0.29813402729365	0.277	0.232	1
Snx29	0.701707624331271	-0.269108143673163	0.295	0.24	1
Prkdc	0.725773951577668	-0.277571567136951	0.39	0.301	1
Arhgap35	0.728796284571965	-0.280005014037897	0.229	0.2	1
3110056K07Rik	0.736967029248999	-0.25985206198293	0.229	0.19	1
Gabpb2	0.74208930202751	-0.26121460926883	0.482	0.361	1
Lta4h	0.744309024755603	-0.253479213679605	0.25	0.204	1
Cr1l	0.748400789549155	-0.285792622476726	0.463	0.345	1
Usp33	0.757132776440701	-0.281666713463402	0.258	0.212	1
Cept1	0.761742961931825	-0.301586365587193	0.529	0.399	1
Usp32	0.763793262625665	-0.312731339785044	0.514	0.392	1
Irf9	0.778168090194358	-0.323959537411185	0.338	0.271	1
Ncoa6	0.783245109829719	-0.296064377573306	0.389	0.309	1
Rabgap1	0.793736894712669	-0.323114957333156	0.458	0.355	1
Uqcc1	0.798188975287295	-0.265026447278788	0.174	0.156	1
Ldah	0.80043555205908	-0.316535504571717	0.308	0.253	1
Idnk	0.803946447110572	-0.298346676129379	0.474	0.347	1
Ifih1	0.818619053560073	-0.396769861327318	0.243	0.21	1
Mettl16	0.818717257954308	-0.2643139402136	0.27	0.22	1
Nin	0.819244354059547	-0.27315550421656	0.458	0.359	1
Ikbkb	0.85447639465992	-0.263576972868434	0.562	0.421	1
Zfp869	0.855063140166401	-0.259937237495669	0.285	0.23	1
Aatf	0.859147075992345	-0.298098282298807	0.343	0.273	1
Anapc16	0.874803254822265	-0.296516703346615	0.436	0.327	1
Acap2	0.875989072598022	-0.251872170848969	0.599	0.436	1
Gm44686	0.881152606799984	-0.280809452515694	0.424	0.32	1
Ccdc82	0.884692038303859	-0.282967784399695	0.424	0.328	1
Gm26749	0.885554571137382	-0.25272768366351	0.267	0.225	1
Irf3	0.902544043428925	-0.271593564811835	0.281	0.226	1
Kmt2d	0.912929100867148	-0.286097590232617	0.385	0.296	1
Sin3a	0.917113716263398	-0.29250382092282	0.37	0.286	1
Gm4876	0.92998773824713	-0.262850954111892	0.312	0.257	1
Map2k4	0.931476556099172	-0.299394390946172	0.505	0.384	1
Dicer1	0.932177770476494	-0.280665624536438	0.367	0.286	1
Vamp1	0.936458102732575	-0.277291056649772	0.28	0.231	1
Zhx2	0.943892103118814	-0.282797537542586	0.461	0.36	1
Zfp942	0.944475088213257	-0.259117541338125	0.242	0.205	1
Invs	0.945379659236644	-0.257087260580884	0.146	0.133	1
Zmym2	0.955060062603048	-0.272301141847108	0.474	0.36	1
Tmpo	0.960612309073903	-0.275245272565691	0.496	0.368	1
Asb3	0.961070613740779	-0.285984929654271	0.512	0.39	1
Mindy2	0.963249266066729	-0.265963707227017	0.518	0.387	1
Abl2	0.964998034096645	-0.287978887064942	0.355	0.289	1
Dido1	0.967231715339871	-0.274166704163119	0.461	0.346	1
Fam120b	0.986294036534065	-0.259955766355105	0.284	0.233	1
Enox2	0.987446041088438	-0.281282534070144	0.311	0.268	1
