p_val	avg_log2FC	pct.1	pct.2	p_val_adj
Neurl3	0	1.70518808411715	0.784	0.094	0
Il18r1	0	3.34035705577763	0.955	0.127	0
Ctla4	0	2.90437861028344	0.991	0.29	0
Icos	0	2.15375657256338	0.917	0.213	0
Pdcd1	0	1.82165931250838	0.722	0.023	0
Tmem163	0	2.26593109886701	0.777	0.021	0
Atp2b4	0	2.06097990836534	0.898	0.03	0
Rgs2	0	2.10422040866003	0.908	0.139	0
Rgs1	0	2.8211520139531	0.899	0.105	0
Fam129a	0	1.51882203191861	0.762	0.045	0
Lamc1	0	1.62704447380492	0.728	0.028	0
Rabgap1l	0	3.027063670126	1	0.662	0
Sell	0	-1.98341279765346	0.004	0.657	0
Prkcq	0	-2.05416399006613	0.738	0.957	0
Rpl12	0	-1.07512743559104	1	1	0
Arhgap15	0	-1.74699891061331	0.996	0.999	0
Nr4a2	0	2.06223245859742	0.721	0.028	0
Cd82	0	1.38224069186137	0.903	0.192	0
S100a4	0	3.64163601178044	0.965	0.023	0
S100a11	0	2.30286215977063	0.979	0.188	0
S100a10	0	2.09435793332698	0.997	0.545	0
Slc22a15	0	2.13124175258064	0.836	0.023	0
Ptpn22	0	1.75595756077643	0.986	0.577	0
Lef1	0	-2.46289857977739	0.656	0.97	0
Nfkb1	0	2.09497774225169	0.994	0.651	0
St6galnac3	0	3.44500590224809	0.958	0.193	0
Nr4a3	0	2.41196089822284	0.865	0.069	0
Tnfrsf1b	0	1.6977822368959	0.881	0.097	0
Fosl2	0	1.65486247466462	0.779	0.045	0
Rbpj	0	2.74496803915808	0.992	0.216	0
Igfbp7	0	2.83830918646116	0.902	0.026	0
Kdm2b	0	2.26355681924077	0.959	0.249	0
Cdk8	0	-1.71061125246544	0.804	0.95	0
Gimap6	0	-2.26141029195814	0.663	0.969	0
Osbpl3	0	1.76000575629687	0.783	0.033	0
Capg	0	2.13939007709241	0.921	0.128	0
Foxp1	0	-3.11286147247285	0.674	0.989	0
Bhlhe40	0	2.75651085262418	0.965	0.038	0
Lag3	0	1.5871908231702	0.768	0.028	0
Ptms	0	1.51204198302709	0.871	0.16	0
AU020206	0	1.79971060379058	0.948	0.286	0
Furin	0	3.134997543764	0.89	0.07	0
Junb	0	2.17306898474089	0.996	0.663	0
Maf	0	2.86649447956716	0.912	0.051	0
Ubash3b	0	2.22663755546285	0.972	0.243	0
Dennd4a	0	2.42341730460363	0.878	0.239	0
Rora	0	3.02180820801974	0.912	0.112	0
Nt5e	0	2.97481108029773	0.91	0.043	0
Bcl2a1d	0	2.00966577801352	0.841	0.024	0
Bcl2a1b	0	2.04515914489169	0.83	0.046	0
Mapkapk3	0	1.8447080310358	0.893	0.154	0
Cxcr6	0	2.28634446323229	0.796	0.033	0
Stx11	0	1.80432822984283	0.736	0.033	0
Ifngr1	0	1.90066298036734	0.959	0.315	0
Scml4	0	-2.75738318881982	0.085	0.844	0
Srgn	0	1.93856775324627	0.993	0.572	0
Oaz1	0	1.15247011282958	0.997	0.877	0
Dgka	0	-2.03760498324549	0.546	0.917	0
Tcf7	0	-2.04713130145247	0.367	0.893	0
Cpd	0	1.49567394687122	0.743	0.027	0
Hif1a	0	1.80106598606302	0.946	0.328	0
Gdi2	0	1.76035020175601	0.983	0.506	0
Ripor2	0	-1.97420815638851	0.724	0.965	0
Atxn1	0	2.62041021520696	0.977	0.229	0
Ell2	0	2.1941737932508	0.769	0.026	0
Emb	0	2.0630148798361	0.988	0.804	0
Gng2	0	1.5494351925738	0.947	0.242	0
Lgals3	0	2.22953221330393	0.806	0.026	0
Ctsb	0	1.36370779420352	0.869	0.148	0
Tnfsf11	0	2.19065926001828	0.758	0.052	0
Farp1	0	1.73061330771477	0.716	0.04	0
Trps1	0	2.20953175922671	0.912	0.186	0
Gm2682	0	-4.53153035786776	0.087	0.968	0
Sla	0	1.87872551457597	0.962	0.34	0
Dgat1	0	1.75208510782185	0.811	0.077	0
Il2rb	0	2.13549367819209	0.963	0.124	0
Lgals1	0	2.55039583472645	0.977	0.262	0
Prr13	0	1.67506011225107	0.919	0.124	0
Litaf	0	2.09177315263311	0.859	0.023	0
St6gal1	0	-2.30402153672374	0.024	0.738	0
Arhgap31	0	2.47407753348041	0.921	0.305	0
Cmss1	0	-2.06817081867042	0.989	0.998	0
D16Ertd472e	0	1.84079823508544	0.934	0.217	0
Myo1f	0	1.3120587604653	0.698	0.029	0
Gm42418	0	-2.05259064491653	1	1	0
AY036118	0	-2.45710956871787	0.979	0.997	0
Ccnd3	0	-2.17740302992893	0.818	0.985	0
Satb1	0	-2.39994174755063	0.537	0.973	0
Crem	0	2.2729156198502	0.878	0.136	0
Ndfip1	0	1.72615431396867	0.998	0.681	0
Ctsw	0	1.69630765715152	0.798	0.066	0
Ahnak	0	2.05343630158856	0.897	0.042	0
Ms4a4b	0	-3.14543789882619	0.134	0.947	0
Ostf1	0	1.57009196906036	0.958	0.372	0
Dusp5	0	1.84313434782807	0.876	0.115	0
Ablim1	0	-1.83579475244173	0.804	0.979	0
Gadd45b	9.54489478199533e-308	2.23254061973862	0.728	0.066	3.08156928036719e-303
Rab43	1.18124753246694e-306	1.48888951435091	0.869	0.169	3.81365765856952e-302
Tnfaip3	1.70244254602762e-306	1.71849625854303	0.941	0.313	5.49633575985018e-302
Uba52	1.60906813385127e-305	1.35589373643056	0.962	0.357	5.19487647013883e-301
Rpl13a	4.09356970803305e-304	-0.861871837416977	1	1	1.32160898023847e-299
Itgav	4.25929131980527e-304	2.10032520350642	0.86	0.191	1.37511220259913e-299
Irak2	2.5325867853771e-303	1.58937103822127	0.781	0.1	8.17645643658996e-299
Ramp1	4.92848766171585e-303	1.91669718695627	0.912	0.416	1.59116224158496e-298
Ptprc	7.58617662248385e-303	-1.25791767653436	0.979	0.994	2.44919712256891e-298
Il18rap	3.63924701724681e-301	1.45161374266622	0.64	0.009	1.17493089951813e-296
Lpxn	5.1824379478642e-301	1.5627042870037	0.811	0.128	1.67315009146796e-296
Hip1	3.95778532124873e-297	1.61418216304665	0.662	0.024	1.27777099096515e-292
Odc1	7.21774553518141e-296	1.6138540840618	0.809	0.132	2.33024914603332e-291
Pag1	7.29604066750348e-296	-1.99122537745741	0.133	0.734	2.3555267295035e-291
AW112010	1.17573725415416e-294	2.00066217970094	0.943	0.411	3.79586772503671e-290
Ifrd1	2.2059668348728e-293	1.80671220845102	0.87	0.239	7.12196392638684e-289
Il17a	2.33246452109432e-289	3.62064002810028	0.618	0.009	7.53036170635301e-285
Actn1	9.05723210234735e-286	-1.89418233459613	0.209	0.752	2.92412738424284e-281
Ptprj	3.66451136891948e-285	1.57670504484223	0.686	0.048	1.18308749545566e-280
Dusp4	3.31376501985099e-282	1.2403485936441	0.67	0.04	1.06984903665889e-277
Rgs10	8.06807884199034e-282	1.38592736624601	0.989	0.635	2.60477925413658e-277
Rab8b	1.05783566595072e-281	1.60928788293486	0.944	0.375	3.41522244752191e-277
Ms4a6b	2.55355233884802e-279	-1.81920100553668	0.568	0.884	8.24414372597084e-275
Bach2	1.76934428191158e-278	-1.6539589682862	0.68	0.967	5.71232801415152e-274
Runx2	2.54125257539338e-278	1.37560780614548	0.72	0.071	8.20443393965751e-274
Anxa2	9.29860631445388e-278	1.31612684388591	0.673	0.045	3.00205504862143e-273
Gem	6.18463537526163e-277	1.61227544565059	0.633	0.027	1.99670953090322e-272
Phactr2	1.22130288682511e-276	1.50876250863473	0.657	0.038	3.94297637011486e-272
Gm36975	4.00386597447147e-276	1.64945699988457	0.897	0.269	1.29264812985811e-271
Lsp1	8.11478337770041e-276	1.23135110593187	0.988	0.576	2.61985781349058e-271
Ikzf1	1.15992773016031e-275	-1.41239941524996	0.912	0.977	3.74482667682255e-271
Ckb	5.78227380496704e-275	1.51761636597651	0.685	0.062	1.86680709793361e-270
Reep5	2.17687525415334e-274	1.25937302858655	0.932	0.296	7.02804175803405e-270
Cd44	7.7519466165492e-274	1.37224187129543	0.777	0.116	2.50271596515291e-269
Actg1	8.71462519074363e-274	1.42413774695689	0.996	0.865	2.81351674283158e-269
Mxi1	9.31693318273368e-274	1.77082507632471	0.779	0.15	3.00797187804557e-269
Chsy1	2.40773608047364e-273	1.19170714814051	0.634	0.028	7.77337593580913e-269
Podnl1	1.34385893960134e-272	1.19409830696471	0.631	0.029	4.33864858650291e-268
Chst11	1.44377990296221e-272	1.30736827071371	0.635	0.03	4.6612434167135e-268
Mdfic	2.89645567098368e-268	1.2433629356541	0.659	0.046	9.35120713377081e-264
Arhgef18	4.2381239470788e-268	-1.88763022560276	0.413	0.824	1.36827831631439e-263
Lmnb1	5.32328322974517e-267	1.38836668299866	0.856	0.2	1.71862199072323e-262
Cmtm7	3.9218839620972e-266	1.35699436503989	0.84	0.186	1.26618023716308e-261
Serpinb1a	2.27726656962392e-264	1.79846686772342	0.574	0.006	7.35215512003083e-260
Fnbp1	2.36804397309066e-264	1.34256484313071	0.989	0.689	7.64522996712319e-260
Rpl5	8.83068521897088e-264	-0.840311619108599	0.997	0.999	2.85098672294475e-259
Cox7c	3.38632167946604e-263	1.21796802684235	0.98	0.657	1.09327395421561e-258
Vim	1.8810827450489e-261	1.553969798035	0.92	0.343	6.07307564239037e-257
Ybx3	5.81298434194654e-261	1.2818586025838	0.657	0.053	1.87672199479744e-256
Uhrf2	7.30598283742642e-261	1.81359107857195	0.898	0.361	2.35873655906312e-256
Camk1d	8.74267880052568e-260	-1.2032448545527	0.962	0.982	2.82257385074972e-255
Rps20	2.35169584120807e-259	-0.867486234785753	0.999	1	7.59245002334025e-255
Timp2	1.03302687048365e-257	1.29037597255245	0.795	0.151	3.33512725135646e-253
Prelid2	1.82006234962751e-257	1.21978621977078	0.633	0.041	5.8760712957724e-253
Ehd1	2.67108914956069e-256	1.06114258229147	0.61	0.03	8.6236113193567e-252
Klf2	3.80429355924806e-256	-1.90608965110561	0.045	0.607	1.22821617560324e-251
Malt1	1.16622332094074e-255	1.81989313177967	0.926	0.413	3.76515199165717e-251
Galnt10	2.19787142735912e-255	-1.80151289462998	0.11	0.66	7.09582790322893e-251
Vax2	4.13977640756107e-255	1.12687603816536	0.557	0.006	1.33652681318109e-250
Rps19	4.86603117965968e-253	-0.893191443229783	0.998	1	1.57099816635313e-248
Rps17	2.63760915760317e-252	-0.912439641429781	0.99	0.997	8.51552116532184e-248
Rnh1	2.86866469947882e-252	1.0619753444219	0.771	0.126	9.26148398226739e-248
Rilpl2	1.72694854114082e-251	1.23539116641806	0.671	0.065	5.57545336507315e-247
Ubl3	5.20343805053134e-251	1.38872595140624	0.908	0.302	1.67992997461404e-246
S100a13	9.40182888827728e-250	1.15907894639063	0.917	0.294	3.03538045658032e-245
Rbm3	2.63759027289757e-247	1.22165529003508	0.979	0.602	8.51546019604981e-243
AA467197	3.41308327831197e-247	1.24265905182948	0.579	0.02	1.10191393640302e-242
Dusp16	3.95166183499774e-247	1.32756950407447	0.652	0.062	1.27579402342902e-242
Tcrg-C2	7.3104271236141e-247	1.53213789035773	0.55	0.009	2.36017139685881e-242
Unc119	1.98951887723783e-246	0.950881855328	0.606	0.035	6.42316169516235e-242
Nsg2	6.87982628527233e-245	-1.62049048165069	0.003	0.537	2.22115191620017e-240
Rnf125	1.48643601181083e-243	1.24421936448262	0.808	0.173	4.79895866413127e-239
Tmsb4x	7.2071594782066e-243	0.801799467310217	1	1	2.326831437539e-238
Skil	4.59057127115084e-241	1.22910206257543	0.878	0.245	1.48206593489105e-236
Arpc3	8.21272744971352e-241	1.08247295086606	0.98	0.634	2.65147905714001e-236
Nrgn	2.53151570840688e-239	2.64598864891533	0.544	0.013	8.17299846459161e-235
Krt83	4.14968029343799e-239	1.35653290509073	0.533	0.006	1.33972428273646e-234
Impa2	3.27355677585959e-237	1.20791372799804	0.69	0.092	1.05686780508627e-232
Tgfb1	3.78068293287807e-237	1.41828151181053	0.878	0.296	1.22059348487968e-232
Tgif1	4.10872464993104e-237	1.01308184321482	0.645	0.06	1.32650175323024e-232
Tex2	9.50780004776495e-237	1.40525096933716	0.839	0.241	3.06959324542091e-232
Smim3	3.8157201746011e-236	0.978858581099915	0.538	0.011	1.23190525836996e-231
Smpdl3a	2.13441496175082e-235	1.16511575799731	0.856	0.224	6.89095870401254e-231
Lgals7	4.36221410012042e-235	2.63132594745148	0.537	0.013	1.40834082222388e-230
Ccn4	7.31643786920081e-235	1.41515773434409	0.535	0.011	2.36211196607148e-230
Galnt2	3.05260682875826e-234	1.25484689114139	0.856	0.25	9.85534114664606e-230
Il1r1	7.85413980764071e-234	1.65323261897038	0.532	0.011	2.5357090368968e-229
Samsn1	9.83699952006392e-234	1.40385404248266	0.814	0.2	3.17587529505264e-229
March3	1.15791283431397e-232	1.44923716090007	0.596	0.043	3.73832158558266e-228
Cerk	2.78158293495673e-231	1.20642119562279	0.681	0.094	8.98034050550779e-227
Ppp1r16b	3.68451516631189e-231	1.27842694494738	0.957	0.485	1.18954572144379e-226
Eea1	9.48200086040986e-230	1.40288708978238	0.769	0.165	3.06126397778332e-225
Aff3	2.57560738309172e-229	-1.56860089133661	0.558	0.91	8.31534843631162e-225
Tox2	3.02598198399642e-228	1.28169926622487	0.519	0.008	9.76938283533244e-224
Ucp2	3.86588499790304e-228	1.3635602114816	0.962	0.53	1.24810097157299e-223
Endod1	3.91645853843438e-228	0.873562567815479	0.539	0.018	1.26442863913354e-223
Hcst	9.6143602507198e-227	1.2097845756407	0.948	0.451	3.10399620694489e-222
Cox8a	1.34939499620753e-226	1.01075375801931	0.983	0.669	4.35652174525601e-222
Phlda1	1.63632541220013e-226	1.12451571389942	0.586	0.041	5.28287659328812e-222
Rps16	3.40050778390694e-223	-0.634403828015793	1	1	1.09785393803435e-218
Gna13	1.00580286033039e-222	1.22709863707676	0.922	0.39	3.24723453457667e-218
Il6st	1.14928676520177e-222	-1.53723204931519	0.015	0.515	3.71047232145391e-218
Il7r	4.03058320929786e-222	1.6724967966263	0.911	0.392	1.30127378912181e-217
Tpm4	2.95261053433519e-221	1.1810313049457	0.915	0.375	9.53250311010115e-217
Arf4	7.98244036555331e-221	1.27432648299758	0.941	0.42	2.57713087201889e-216
Bcl11b	1.31686071247004e-220	-1.29151206700367	0.871	0.945	4.25148481020954e-216
Gpr68	3.75733099130053e-220	0.925601842727547	0.581	0.045	1.21305431054138e-215
Cyth4	4.17093387164522e-220	1.04816422465837	0.838	0.212	1.34658600046066e-215
Ltb4r1	7.54111138869432e-220	1.12937982003743	0.514	0.013	2.43464781183996e-215
Ece1	7.56641022138294e-220	1.71374231908113	0.703	0.15	2.44281553997348e-215
Rps6	3.84224551178414e-218	-0.789632365589546	0.995	0.998	1.24046896347951e-213
Nmrk1	7.04598416458149e-218	1.13287332958236	0.536	0.026	2.27479598753513e-213
Ifitm3	3.81062827323236e-216	1.49081917367609	0.618	0.073	1.23026133801307e-211
Nkg7	2.64668898576748e-215	1.94153623782939	0.525	0.024	8.54483539055031e-211
Utrn	3.23073118441719e-215	-1.15859552484915	0.926	0.967	1.04304156288909e-210
Apbb1ip	3.60151631951653e-215	-1.50283261043133	0.651	0.855	1.16274954375591e-210
Ttc39c	8.96455735797728e-215	1.06751164521903	0.502	0.011	2.89420734302296e-210
Ifitm2	1.93644733093014e-214	1.13943419592661	0.529	0.024	6.25182020790797e-210
Pkp3	9.78177861745459e-214	1.19480985421746	0.709	0.138	3.15804722664521e-209
Slc35d1	2.2937587448343e-213	1.33172186117858	0.731	0.153	7.40540010769753e-209
Aebp2	3.96467238866267e-212	1.16563894064954	0.953	0.468	1.27999448067974e-207
A430093F15Rik	4.07189421752539e-212	1.05012159289123	0.59	0.056	1.31461104812807e-207
Slc3a2	2.95607523388399e-211	1.07612732396716	0.808	0.208	9.54368889259446e-207
Cblb	1.29533344021201e-210	1.47688006403036	0.964	0.655	4.18198401172447e-206
Coq10b	5.41960588842088e-210	1.12034987275884	0.829	0.227	1.74971976107668e-205
Slc16a6	1.10677505133152e-209	1.07412860099869	0.697	0.121	3.5732232532238e-205
Aopep	2.5499897043628e-209	1.32330970994222	0.922	0.434	8.2326417605353e-205
P2rx7	1.3026857873408e-208	1.02104920817712	0.562	0.046	4.20572106442978e-204
Spty2d1	1.77158909793268e-208	1.25683665403297	0.721	0.149	5.71957540267567e-204
Sh2d2a	2.14013811095733e-208	1.03028913690897	0.862	0.259	6.90943589122573e-204
Skap1	2.29107510267244e-208	-0.965408465305544	0.989	0.991	7.39673596897799e-204
A630014C17Rik	1.40411936349892e-207	-1.50135058103666	0.028	0.505	4.53319936505626e-203
Tmsb10	1.53860466074635e-207	0.835288034263098	0.999	0.996	4.96738514721959e-203
Cish	2.30799999864898e-207	1.06819033404328	0.657	0.1	7.45137799563824e-203
Plek	5.80135186330474e-205	1.29703271509217	0.486	0.012	1.87296644906794e-200
Id2	7.67522247784696e-205	1.14135757100164	0.61	0.077	2.47794557697289e-200
Vamp8	8.278868838045e-205	0.977751422654812	0.858	0.249	2.67283280436283e-200
Gm45716	2.60625891630947e-204	1.05564691960507	0.562	0.048	8.41430691130512e-200
S1pr1	8.77116638055233e-204	-1.61400367014705	0.105	0.583	2.83177106596132e-199
Mllt3	1.43150137166676e-203	-1.42926648338183	0.774	0.918	4.62160217842613e-199
Ric1	2.10939074721781e-203	1.01793757109832	0.7	0.129	6.8101680273927e-199
Rps24	9.33766365440399e-203	-0.549009634019736	1	1	3.01466471082433e-198
Thy1	3.96961314616706e-202	1.08537797414992	0.96	0.526	1.28158960424004e-197
Pdk1	4.25649611316381e-202	-1.55941234841331	0.081	0.553	1.37420977013494e-197
Plekho1	6.52438193133642e-202	0.817823725666297	0.527	0.033	2.10639670653196e-197
Olfr60	1.02850663940311e-201	0.911161940860535	0.466	0.005	3.32053368531294e-197
Sh3bgrl3	1.73565440362784e-201	1.00208737097462	0.981	0.691	5.60356024211248e-197
Ubl5	1.03044965408476e-200	0.98210592149039	0.96	0.485	3.32680670821264e-196
Cox6c	2.34460103196241e-200	0.982788319712565	0.964	0.571	7.56954443169063e-196
Rapgef6	2.45340135081567e-199	-1.14786884017208	0.938	0.959	7.92080626110839e-195
Cd27	4.32895195496834e-199	-1.50514632810857	0.148	0.61	1.39760213866153e-194
Fxyd5	5.63757471611898e-199	0.890971641055234	0.995	0.807	1.82009099709901e-194
Tspo	1.76921193134967e-198	0.96668031773907	0.98	0.574	5.7119007203624e-194
Lrrc8d	2.21288709823285e-198	1.19472277036219	0.729	0.166	7.14430599664477e-194
Ccdc50	8.54551740269673e-198	0.877076039324376	0.642	0.091	2.75892029346064e-193
Sept11	1.98811729561092e-197	0.982054127393112	0.673	0.117	6.41863668887987e-193
Nebl	2.14889773487923e-197	1.08895314776768	0.474	0.013	6.93771633705759e-193
Tcrg-C1	9.85650137435857e-197	1.17493124633227	0.452	0.003	3.18217146871166e-192
Capns1	1.59960142525381e-196	0.953301046490731	0.821	0.225	5.16431320143193e-192
Gm12840	1.9360750080302e-196	-1.59299366213564	0.253	0.679	6.2506181634255e-192
Cd38	4.83217303662665e-196	0.783633682094621	0.463	0.009	1.56006706487491e-191
Hivep1	5.59417707582368e-196	1.06511946024982	0.797	0.21	1.80608006892967e-191
Ccr7	6.40834873190602e-196	-1.41528616409428	0.05	0.515	2.06893538809586e-191
Cysltr2	4.68484609648744e-195	1.28770240712651	0.513	0.034	1.51250256225097e-190
St3gal3	4.81247170984413e-195	1.13675074680433	0.632	0.097	1.55370649152318e-190
Plod2	4.81325396866515e-195	1.18075184653654	0.483	0.019	1.55395904378354e-190
Nedd4l	7.50963309319457e-195	-1.46836977240757	0.009	0.459	2.42448504413787e-190
Chp1	1.08105170643523e-194	1.0038043223306	0.739	0.163	3.49017543422613e-190
Dusp1	2.14448470756615e-194	1.05652456559849	0.614	0.086	6.9234688783773e-190
Gm15283	3.42482253481971e-194	1.22221020893894	0.765	0.205	1.10570395536654e-189
Grap2	3.80531770396504e-194	-1.15136063657036	0.811	0.966	1.22854682072511e-189
Nr4a1	1.5173334893276e-193	1.01185591436488	0.63	0.093	4.89871117029416e-189
Rpl38	5.03731573678358e-193	0.624867707689118	0.999	0.987	1.62629738562058e-188
Pmepa1	5.23621431469164e-193	1.11510051773014	0.775	0.213	1.6905117914982e-188
Rpl23a	1.04772706085311e-192	-0.693376690335314	0.997	0.999	3.38258681596425e-188
Ablim3	1.78047427209562e-192	1.45692867363031	0.452	0.007	5.74826118746071e-188
mt-Nd2	7.0036420961252e-192	-0.926597786030688	0.98	0.99	2.26112585073402e-187
Tbx21	1.59958918864596e-191	1.03437121446706	0.465	0.013	5.1642736955435e-187
Hilpda	2.74084355586409e-191	1.08107136318846	0.572	0.067	8.84881342010722e-187
Arl6ip1	2.82595401839895e-191	1.08793830282112	0.979	0.654	9.12359254840099e-187
Rps15	1.7707709268609e-190	-0.652756230347999	0.999	0.999	5.71693393737042e-186
Sdcbp2	3.01983849367716e-190	0.799224955303904	0.511	0.035	9.74954857683672e-186
Rorc	3.70729871020778e-190	0.814928250732518	0.45	0.008	1.19690138859058e-185
Slfn1	4.91437156540618e-190	-1.66560567027117	0.29	0.695	1.58660485989138e-185
Klf3	5.15969014926785e-190	-1.45170889030759	0.009	0.451	1.66580596469113e-185
Orai1	3.22549835971575e-189	1.05485646056509	0.895	0.341	1.04135214543423e-184
Irf2bp2	1.6238504499799e-188	1.00149961387887	0.83	0.252	5.24260117776012e-184
Gnai2	3.11045477928809e-188	0.830634042472883	0.989	0.742	1.00421032549316e-183
Golm1	6.15158105454394e-188	0.795472980572734	0.486	0.024	1.98603794345951e-183
Gapdh	9.43728496209161e-188	1.02019571935435	0.97	0.675	3.04682745001128e-183
Mier1	2.35036705118862e-187	1.11827852454808	0.959	0.628	7.58816002476245e-183
Atf6	2.61881982905878e-187	0.91642867253872	0.54	0.051	8.45485981811627e-183
Raph1	1.34045392492113e-185	0.874827454039073	0.505	0.035	4.32765549660787e-181
Patj	1.0277451452582e-183	-1.53020985739229	0.037	0.476	3.31807520146611e-179
Ikzf3	1.54424302974537e-183	1.36761957973792	0.934	0.495	4.98558862153292e-179
Kbtbd11	1.68183006160639e-183	-1.39363698448266	0.13	0.571	5.42978835389624e-179
Gm37529	1.7079193528994e-182	0.737726904967424	0.452	0.015	5.51401763083572e-178
Sgip1	1.51952850281224e-181	1.05041469094537	0.449	0.015	4.90579777132933e-177
Rps4x	5.31303618739033e-181	-0.605133359396674	0.999	0.999	1.71531373309897e-176
Vdr	5.80632092309952e-181	1.0496565751483	0.43	0.007	1.87457071002268e-176
Plscr1	9.21823801920166e-181	0.857551126103478	0.461	0.021	2.97610814449926e-176
Rpl8	1.26497772080415e-180	-0.618460873787204	0.999	0.999	4.0839805716162e-176
H1f0	3.25755548479474e-179	0.864525911729985	0.491	0.035	1.05170178826598e-174
Sp100	3.82731027673044e-179	-1.29223130941206	0.806	0.887	1.23564712284242e-174
Mmd	8.12088232209784e-179	0.988197666369498	0.664	0.131	2.62182685768929e-174
Med14	8.98761277876085e-179	1.21472359171065	0.854	0.344	2.90165078562294e-174
Arpc1b	3.01831096436747e-178	0.874882014037084	0.978	0.647	9.74461694846037e-174
Gm17745	8.13087947970388e-178	0.751865580864675	0.438	0.013	2.6250544400224e-173
Tmem256	1.08066263790208e-177	0.753815142913025	0.597	0.085	3.48891932646685e-173
Cmah	1.08895449967383e-177	-1.66165363895093	0.268	0.666	3.51568960219697e-173
Myl6	1.35951129605676e-177	0.839530837053329	0.996	0.884	4.38918221931924e-173
Bcl2l1	1.78960729464054e-177	1.09885382184277	0.604	0.099	5.77774715074698e-173
Myo1e	8.31592606578719e-177	1.42472821887172	0.461	0.028	2.68479673033939e-172
Atp1b3	1.22464811511565e-176	-1.24523595660313	0.698	0.829	3.95377643965086e-172
Baz1a	1.51555256303546e-176	1.16016447179298	0.889	0.384	4.89296144975997e-172
Ctla2a	2.23252186192206e-176	1.36058543746939	0.486	0.038	7.20769683121536e-172
Card19	2.44927814679762e-176	0.749519215639289	0.612	0.094	7.90749449693613e-172
Creb3l2	2.28003402686773e-175	1.13915617757028	0.532	0.06	7.36108985574245e-171
Cox17	2.36863902270595e-175	1.00611688338831	0.875	0.333	7.64715108480617e-171
Sytl3	9.73827600615632e-175	0.901673553987592	0.479	0.034	3.14400240858757e-170
Ppp1cc	1.79314601585718e-174	0.940322064995225	0.926	0.416	5.78917191219491e-170
Prkcb	3.42255746093801e-173	-1.49875608129263	0.439	0.751	1.10497267626384e-168
Itpr2	6.18822757184908e-173	-1.2515737938111	0.67	0.849	1.99786927157148e-168
Nucb1	1.24245328009688e-172	0.75113516956044	0.632	0.11	4.01126041479279e-168
Rapgef4	6.86506594969678e-172	-1.55404285551405	0.048	0.47	2.21638654185961e-167
Crip1	2.64002899206736e-171	1.09858958144866	0.924	0.454	8.52333360088947e-167
Crlf2	2.70815827712774e-171	0.750338917222326	0.622	0.105	8.7432889977069e-167
Ctsd	4.39224990681785e-171	1.03911161897195	0.821	0.278	1.41803788241614e-166
Ech1	8.28193563805913e-171	0.826072792457126	0.686	0.144	2.67382292074739e-166
Tespa1	1.10809634028382e-170	-1.49264309726834	0.244	0.642	3.57748903460632e-166
H2afy	1.14377348409767e-170	0.860354493331212	0.964	0.569	3.69267269340932e-166
Cwc25	2.91414607772618e-170	1.0356590922831	0.619	0.115	9.40832061193898e-166
Cst3	9.61670641602416e-170	0.827013222177181	0.744	0.186	3.1047536664134e-165
Nfkbia	1.11069071956605e-169	1.48235120565355	0.879	0.428	3.585864988119e-165
Atp5l	8.12920519825583e-169	0.836435859973914	0.971	0.623	2.62451389825689e-164
Thada	1.01990373303395e-168	-1.66706247544657	0.415	0.726	3.29275920210012e-164
Gstp3	1.18656296106724e-168	0.825849612323598	0.677	0.144	3.83081851980559e-164
Cmip	1.34615791699625e-168	1.00590414476734	0.967	0.643	4.34607083502239e-164
Isy1	5.61580517187725e-168	0.974141873822141	0.767	0.228	1.81306269974057e-163
Rplp1	1.39100538548248e-167	-0.534860127758971	1	1	4.4908608870302e-163
Trgv2	3.1825459898545e-167	1.14545118718226	0.399	0.004	1.02748497282453e-162
Tff1	2.95404638712939e-166	1.47467163118403	0.405	0.008	9.53713876084724e-162
Plac8	3.01297284138189e-166	2.11659454471441	0.427	0.02	9.72738281840143e-162
Ifi213	3.06746195325673e-166	-1.69838339040572	0.087	0.508	9.90330091608936e-162
Cstb	3.15635926179958e-166	0.825454607832791	0.762	0.198	1.01903058767199e-161
Acsbg1	3.36037955878834e-166	0.695517402262656	0.423	0.016	1.08489854055482e-161
Chst12	9.14396145187623e-166	0.681647691236557	0.507	0.052	2.95212795473824e-161
Rab11fip1	1.94178616448553e-165	0.906861480866639	0.639	0.126	6.26905663204155e-161
Gm10076	4.42110711598279e-165	0.910541489821298	0.948	0.537	1.42735443239504e-160
Zyx	5.49467149149767e-165	0.73494916055441	0.574	0.086	1.77395469103002e-160
Gnas	1.0168558284514e-164	0.876013695319167	0.975	0.641	3.28291904215536e-160
Plk3	3.11277135765036e-164	0.723523930312399	0.486	0.045	1.00495823281742e-159
Rflnb	5.41320449036735e-164	-1.36316869539457	0.038	0.444	1.7476530697151e-159
Rps23	9.55809433493165e-164	-0.543776750062691	0.999	0.999	3.08583075603268e-159
Zap70	7.44178497400291e-163	0.897175375982398	0.864	0.332	2.40258027885684e-158
Ehd4	9.36100564975518e-163	0.845917895565868	0.474	0.042	3.02220067402346e-158
Serf2	1.27301857604424e-162	0.722252883410323	0.994	0.829	4.10994047275882e-158
Comt	1.35360934416485e-162	0.720168759581691	0.577	0.09	4.37012776763623e-158
Ap1s2	3.18670037446945e-162	0.764782278703873	0.53	0.067	1.02882621589746e-157
Socs2	3.7919001343822e-162	0.925037304953687	0.499	0.055	1.22421495838529e-157
Smc4	4.14496335266422e-162	-1.69116469283989	0.664	0.801	1.33820141840764e-157
Coro2a	1.61586108023947e-161	0.954824656516389	0.514	0.063	5.21680749755312e-157
Tcrg-C4	5.28321730535799e-161	0.850705638372928	0.394	0.007	1.70568670703483e-156
Hnrnpll	5.36290596021081e-161	0.967712937069477	0.695	0.175	1.73141418925406e-156
Lax1	5.95904563232712e-160	0.823340235105315	0.659	0.143	1.92387788239681e-155
Rere	8.24312835759861e-160	-1.38281669695238	0.324	0.679	2.66129399025071e-155
Mapkapk2	2.57834593056964e-159	0.787835547479382	0.71	0.171	8.32418983684408e-155
Rbbp8	4.33312937515594e-159	1.04032842730264	0.563	0.094	1.39895081876909e-154
Clic1	6.87170853107467e-159	0.80124674172464	0.978	0.654	2.21853109925746e-154
Rpl19	7.16622946599149e-159	-0.493203060924117	1	1	2.31361718309535e-154
Peli1	2.28053382201316e-158	-1.17336731837946	0.851	0.91	7.36270344436947e-154
Zbtb1	2.39708216876487e-158	1.00826856297337	0.779	0.264	7.73897978185738e-154
Txn1	3.34822761065541e-158	0.933060922370361	0.901	0.428	1.0809752841001e-153
Prkar1a	3.9667218099174e-158	0.866777607181706	0.915	0.427	1.28065613633183e-153
Fosb	1.11870361642704e-157	1.1560498162248	0.433	0.029	3.6117346256347e-153
Gm26532	1.48557593478074e-157	0.748468008695134	0.409	0.018	4.79618190543961e-153
Fgf13	1.49083394259307e-157	-1.92267468908583	0.016	0.401	4.81315738366174e-153
Rnf216	2.25889430238621e-157	0.722871262974713	0.572	0.091	7.29284025525388e-153
Fyb	1.76333912605763e-156	-0.887887833371309	0.924	0.964	5.69294036847706e-152
Prdx2	1.83109443772175e-156	0.848238944606319	0.846	0.297	5.91168839218467e-152
Calm3	3.24799705190269e-156	0.843587435884009	0.838	0.289	1.04861584820678e-151
Sirt2	4.46993499932403e-155	0.731244457846258	0.651	0.137	1.44311851453176e-150
Rac2	5.08331588656477e-154	0.731267106820427	0.988	0.798	1.64114853397744e-149
Gm49180	1.753299011115e-153	0.901033446023946	0.379	0.008	5.66052585738478e-149
Adamts6	1.21929645788013e-151	1.31569678644163	0.807	0.33	3.936498614266e-147
1110008P14Rik	2.3385268303645e-151	0.656455020952071	0.637	0.129	7.54993387183177e-147
Prrt1	3.5729538447894e-151	0.608230955860966	0.418	0.023	1.15352814879026e-146
Tnf	9.48365702138183e-151	0.908822119323469	0.495	0.066	3.06179866935312e-146
Pde4d	1.54822849028499e-150	0.964235370343328	0.917	0.471	4.9984556808851e-146
S100a6	1.74715682679014e-150	0.971323393817209	0.415	0.024	5.64069581529195e-146
Gpr183	2.10059144129998e-150	1.22969019758417	0.832	0.4	6.78175946823697e-146
Add3	5.32305705542549e-150	-1.3381003870138	0.465	0.721	1.71854897034412e-145
Bag1	9.55056323927047e-150	0.759213544108587	0.809	0.257	3.08339934179847e-145
Gnb2	1.27389138225499e-149	0.812289631038017	0.859	0.331	4.11275832761024e-145
Gpr132	8.36883851277509e-149	0.934167858121774	0.909	0.448	2.70187951384944e-144
Atp5md	9.35675712329775e-149	0.838457815094537	0.882	0.374	3.02082903725668e-144
Ppm1h	1.27502032142351e-148	-1.18256867430621	0.744	0.864	4.1164031077158e-144
Nsd2	1.75263416563612e-148	0.702113736781987	0.58	0.103	5.65837940375621e-144
Cdkn1a	3.33283481284817e-148	0.973095824480122	0.45	0.046	1.07600571932803e-143
Lig1	4.62484071590733e-148	1.13315796379755	0.495	0.07	1.49312982513068e-143
Atp1b1	5.35053375764043e-148	-1.07604988613389	0.001	0.355	1.72741982365421e-143
Cd3g	6.25378174811018e-148	0.733596218091368	0.997	0.93	2.01903343737737e-143
Ubb	7.34482066904904e-148	0.676567081838713	0.998	0.964	2.37127535300248e-143
Tob2	1.12758928782624e-147	0.994340119192797	0.709	0.213	3.64042201574701e-143
Fam117b	1.87414566812112e-147	1.30545292060638	0.763	0.286	6.05067928952903e-143
Atox1	3.57247537539981e-147	0.779701538384322	0.83	0.281	1.15337367494783e-142
Ccr6	9.72248809404708e-147	1.29099143732643	0.394	0.021	3.1389052811631e-142
Ssr4	2.16773050619682e-146	0.897153919684435	0.878	0.378	6.99851793925643e-142
Sik3	7.38847411203706e-146	1.02533704686973	0.932	0.552	2.38536886707117e-141
Zmiz1	8.1868755207878e-146	0.805540057129748	0.797	0.27	2.64313276188634e-141
Rps27a	1.30986237913921e-145	-0.496541397530079	0.999	0.999	4.22889069105093e-141
Il17re	3.64329457771478e-145	0.690835612751383	0.354	0.004	1.17623765441522e-140
Itga3	3.77212890478625e-145	0.731635863280669	0.367	0.009	1.21783181691024e-140
Syngr2	7.105664676477e-145	0.578986337693449	0.477	0.056	2.2940638408006e-140
Gm13684	7.98764090440031e-145	0.946410443445299	0.459	0.055	2.57880986598564e-140
Nup98	1.53067640029927e-144	1.01471383276391	0.844	0.367	4.94178875836619e-140
Rgs16	2.27943392237296e-144	0.781474233976098	0.38	0.016	7.35915241838109e-140
Fes	2.64117805313246e-144	0.796911175473569	0.37	0.011	8.52704334453814e-140
Pik3r5	2.89693624619665e-144	-1.28706378894085	0.078	0.46	9.35275867084589e-140
Man1a	3.01701800854962e-144	-1.34090206979416	0.486	0.753	9.74044264060244e-140
Nfil3	8.71747561652965e-144	0.668880018027396	0.379	0.016	2.8144370027966e-139
Uqcrh	1.31739762321205e-143	0.680733469116482	0.991	0.795	4.25321822654011e-139
Golim4	1.76310929955884e-143	0.718854839259344	0.504	0.072	5.69219837362572e-139
Cdc14a	1.90422291781652e-143	0.823760169869281	0.653	0.161	6.14778369017063e-139
Pfkp	3.06637965810854e-143	0.856837188113638	0.794	0.272	9.89980672620342e-139
Slc15a3	6.51418487488393e-143	0.70882766458461	0.365	0.011	2.10310458685628e-138
Rps14	1.29220452438452e-142	-0.441913979950612	1	1	4.17188230697543e-138
Cotl1	2.35396667132578e-142	0.875193419203294	0.951	0.589	7.59978139837529e-138
Srgap3	3.36620386487025e-142	0.879526066694814	0.372	0.014	1.08677891777336e-137
Cdk6	1.0794453607908e-141	0.933748350701818	0.679	0.19	3.48498934731309e-137
Oprm1	2.93343927143483e-141	-1.39614679463978	0.333	0.652	9.47060868782735e-137
Ldlrad4	6.47786882958436e-141	1.02518596615651	0.921	0.508	2.09137995163131e-136
Itm2b	1.14714972595088e-140	0.780861527311993	0.994	0.86	3.70357289023242e-136
Zeb2	2.95482592737041e-140	1.02839892412788	0.355	0.009	9.53965550651537e-136
Fth1	6.23508458211492e-140	0.67854009491997	0.997	0.961	2.0129970573358e-135
Cox6b1	1.28872446113864e-139	0.781363782135563	0.936	0.51	4.16064692278611e-135
Aqp3	1.75449446912732e-139	0.670737638233829	0.372	0.016	5.66438539357755e-135
Sub1	3.90400829390422e-139	0.773956532043533	0.982	0.705	1.26040907768698e-134
Fam110a	5.13201951814185e-139	0.628257403360931	0.397	0.026	1.6568725014321e-134
2610035D17Rik	5.83127140307538e-139	-1.50981073388966	0.162	0.525	1.88262597248289e-134
Gch1	7.05617904409093e-139	0.720021884455825	0.476	0.064	2.27808740438476e-134
Cers4	9.8397015856507e-139	0.729355843365445	0.462	0.058	3.17674765692733e-134
Prdx6	1.4065651564108e-138	0.835346959443032	0.905	0.426	4.54109560747227e-134
B4galnt4	2.02718560091167e-138	0.5531966910362	0.343	0.005	6.54476871254331e-134
Rrbp1	2.61005087654315e-138	0.799027555585702	0.749	0.235	8.42654925491956e-134
Glrx	2.74766880611945e-138	0.622482795115729	0.44	0.046	8.87084874055664e-134
Map2k3	8.00044066308002e-138	0.600168372829122	0.49	0.069	2.58294226807538e-133
Mast4	2.64490763730577e-137	0.966132610896361	0.58	0.131	8.53908430704167e-133
Themis	2.89486680054237e-137	-1.03462141122876	0.912	0.938	9.34607746555104e-133
Tbc1d4	3.13720170207064e-137	1.08291039786286	0.585	0.14	1.01284556951351e-132
Camk2n1	5.91897719865123e-137	0.666742558561813	0.375	0.019	1.91094178858455e-132
Atp5e	9.94006789319711e-137	0.746728411056125	0.972	0.667	3.20915091931869e-132
Atpif1	2.19728230238601e-136	0.663769701462361	0.685	0.173	7.09392591325324e-132
Pnrc1	2.50914389252275e-136	0.80737160221714	0.97	0.648	8.10077105700969e-132
Irf4	3.98499757949748e-136	0.870659849162461	0.461	0.063	1.28655646854076e-131
Fam20a	5.31859598103031e-136	0.842401493396024	0.385	0.025	1.71710871247563e-131
Abhd17a	8.06904810271557e-136	0.618901876446271	0.696	0.178	2.60509217996172e-131
Csnk2b	2.48871848155956e-135	0.718666967735345	0.791	0.264	8.03482761771505e-131
Gna15	6.63414355773452e-135	0.57828400048438	0.346	0.009	2.14183324761459e-130
Dap	8.08554498631849e-135	0.664870490616765	0.577	0.118	2.61041819883292e-130
Rhoq	3.61067500239304e-134	0.907354159517258	0.367	0.019	1.16570642452259e-129
Ctnna1	4.54153763732364e-134	0.616283308981482	0.447	0.053	1.46623542620994e-129
Arhgap18	5.38545195782372e-134	0.664041327669415	0.551	0.107	1.73869316458339e-129
Pmaip1	8.29647125414956e-134	0.62428684191082	0.368	0.019	2.67851574440219e-129
Gldc	4.67333567847497e-133	0.733279256883632	0.331	0.004	1.50878642379564e-128
Cst7	7.73101094848344e-133	0.572884877591498	0.401	0.033	2.49595688471788e-128
Tec	2.43277795006951e-132	0.729315959517306	0.555	0.112	7.85422361179941e-128
Lamtor4	3.27651199665412e-132	0.64026673352111	0.705	0.193	1.05782189811978e-127
Ifi209	3.8770080856965e-132	-1.35582657631681	0.144	0.506	1.25169206046711e-127
Got1	4.15820341348986e-132	0.796139125464789	0.549	0.113	1.3424759720452e-127
Rpl41	7.81366469473819e-132	0.560386380987907	1	0.993	2.52264164669622e-127
Slc39a14	8.07442105784994e-132	0.679217744348281	0.488	0.077	2.60682683852685e-127
Syt11	1.1598140138551e-131	0.5986389506089	0.505	0.083	3.7444595437312e-127
H2afz	1.23178091619896e-131	0.984174079018782	0.961	0.627	3.97680468794836e-127
Aprt	3.67770807765241e-131	0.78611629368284	0.786	0.281	1.18734805287008e-126
Sec11c	7.57136783767707e-131	0.783718567739082	0.758	0.261	2.44441610639404e-126
Gpr160	1.28363821156561e-130	0.657383098239804	0.355	0.017	4.14422596603956e-126
Mxd1	3.29903977753878e-130	0.718591338072376	0.556	0.117	1.0650949921784e-125
Lcp1	4.11544900864181e-130	0.752157292055897	0.976	0.718	1.32867271244001e-125
Med13	4.50912298447658e-130	1.04211154789373	0.891	0.47	1.45577035553826e-125
Btg2	4.61908026967668e-130	0.908999636139962	0.97	0.674	1.49127006506512e-125
Susd3	5.49852754527892e-130	0.680984143479288	0.585	0.133	1.7751996179933e-125
Rps7	8.83512927516756e-129	-0.482894649833117	0.999	1	2.85242148648785e-124
Cyfip1	1.27381223313927e-128	0.578213200266868	0.415	0.045	4.11250279469013e-124
Rasgrp2	1.34463485509901e-128	-1.11028024807513	0.05	0.392	4.34115362968714e-124
Rpl9	1.83052436782777e-128	-0.480741181326898	1	0.999	5.90984792153197e-124
Rpl31	3.65964695809399e-128	-0.634024082330003	0.985	0.982	1.18151702042064e-123
Csrnp1	6.03035620205357e-128	0.626530835743424	0.511	0.093	1.94690049983299e-123
Otud7b	9.87516040311508e-128	0.674587396338131	0.596	0.139	3.1881955361457e-123
Slc4a7	1.0079733636785e-127	0.705412916349046	0.585	0.134	3.25424200463603e-123
Eif1	1.00823886773407e-127	0.520508188593391	0.997	0.97	3.25509918447946e-123
Itpr1	1.33428914134352e-127	0.914462028089882	0.844	0.388	4.30775249282757e-123
Hmgb1	1.37640152657994e-127	0.725290423488572	0.985	0.733	4.44371232856334e-123
Ern1	2.60816553888929e-127	0.852717334206307	0.419	0.05	8.42046244230408e-123
Il6ra	2.6858407456786e-127	-1.19174851828566	0.078	0.423	8.67123684742336e-123
Unc119b	2.79185843039308e-127	0.563580475339426	0.5	0.084	9.01351494252407e-123
Lta	4.49771193480909e-127	0.853874199419156	0.526	0.105	1.45208629815311e-122
Gm14085	4.71074226267906e-127	-1.29851497137398	0	0.309	1.52086313950594e-122
Dtx1	4.7107429015614e-127	-1.10968146005543	0	0.309	1.5208633457691e-122
Rnf11	4.77150971436712e-127	0.582323212845228	0.458	0.065	1.54048191128342e-122
Eif3h	4.8354121682206e-127	0.680055425027046	0.975	0.715	1.56111281851002e-122
H2-D1	5.0333339812505e-127	0.58287871648574	0.999	0.979	1.62501187584672e-122
Evi2a	5.70550768812341e-127	0.534115936840199	0.384	0.031	1.84202315711064e-122
Ptpn7	5.81029883814074e-127	0.692527027300262	0.755	0.242	1.87585497989374e-122
Sec61g	7.34553334388678e-127	0.737353789519885	0.89	0.415	2.37150544007385e-122
Raf1	1.01182001213525e-126	1.08251420405663	0.793	0.329	3.26666090917866e-122
Tbcb	1.04834920349803e-126	0.543179895433333	0.593	0.13	3.38459540349338e-122
Rps3	1.22254264358281e-126	-0.486273461234843	0.999	0.999	3.94697892480711e-122
Cox5b	1.61040615686173e-126	0.749845268193189	0.878	0.397	5.1991962774281e-122
Hcls1	3.90498758509635e-126	0.697150225579642	0.806	0.291	1.26072524184836e-121
Grina	1.37459626699893e-125	0.548053789738309	0.502	0.087	4.43788404800605e-121
Tnfrsf13b	3.3524471506725e-124	0.624130014217763	0.517	0.099	1.08233756259462e-119
1700012B07Rik	3.81426399037602e-124	0.768559808837724	0.312	0.004	1.2314351292929e-119
Dctn4	6.8408056708369e-124	0.621184212204725	0.695	0.202	2.20855411082969e-119
Gfod1	1.17329190330477e-123	0.716635198780445	0.457	0.073	3.78797290981944e-119
Homer1	1.21766300431603e-123	0.836335870633711	0.483	0.087	3.9312250094343e-119
Slc38a1	1.24863179774252e-123	0.845827354891431	0.815	0.33	4.03120775901172e-119
Gm15472	1.51186683113228e-123	0.580810219284297	0.521	0.102	4.88106206431058e-119
Ndufb7	1.87884366428194e-123	0.698823612702232	0.864	0.358	6.06584677013423e-119
Nfkbil1	2.48906328047967e-123	0.589288061818389	0.521	0.1	8.03594080102862e-119
Vipr2	3.68466538460593e-123	0.567988375198994	0.31	0.004	1.18959421942003e-118
Pik3ip1	5.91678137404585e-123	-0.974491316997613	0.017	0.332	1.9102328666107e-118
Stk39	7.25052925862778e-123	0.782423942436343	0.845	0.355	2.34083337114798e-118
Mgll	7.93198156931757e-123	0.700576032429909	0.307	0.004	2.56084024965418e-118
Trat1	1.34699301784678e-122	-1.11261187121218	0.038	0.366	4.34876695811832e-118
Ttc39b	2.59492679624167e-122	0.670362663908709	0.762	0.255	8.37772116166623e-118
Irs2	2.72319554224766e-122	0.770158437448697	0.426	0.06	8.79183680814658e-118
Tmem123	2.99452015283111e-122	0.748548599868623	0.765	0.275	9.66780831341524e-118
Plaat3	3.38307808701238e-122	0.605140262666575	0.695	0.198	1.09222676039195e-117
Rel	4.69900896944049e-122	1.20445655507391	0.768	0.348	1.51707504578386e-117
Adarb1	1.00339089002397e-121	0.938229128426144	0.324	0.012	3.2394474884424e-117
Wsb1	1.08563125334606e-121	0.66199834069388	0.664	0.189	3.50496050142776e-117
Ier2	1.21482070187018e-121	0.800578104183762	0.813	0.336	3.92204863598789e-117
Lrrfip2	1.32503607795247e-121	0.702300898944697	0.539	0.116	4.27787897766955e-117
Chst2	1.92249078308921e-121	0.505844381911914	0.311	0.007	6.20676149320352e-117
Bclaf3	2.58873092765809e-121	0.890014932830605	0.628	0.183	8.35771779994413e-117
Evl	4.08811206709146e-121	-1.21427362051074	0.495	0.695	1.31984698086048e-116
mt-Atp6	4.77441070480146e-121	-0.453814871120052	0.999	1	1.54141849604515e-116
Ndrg1	4.82201466493519e-121	0.897029018348985	0.382	0.04	1.55678743457433e-116
Plekhb2	5.1294454134314e-121	0.501396857395714	0.456	0.068	1.65604145172633e-116
Slamf6	5.86042900402469e-121	-1.27423755483342	0.144	0.486	1.89203950394937e-116
Ube2q2	6.39263639892769e-121	0.676094445545026	0.635	0.169	2.0638626613938e-116
Rps3a1	6.77314907575887e-121	-0.455550306071903	0.999	0.999	2.18671117910875e-116
Adam9	1.38486548765694e-120	0.579305736070655	0.372	0.033	4.47103822690043e-116
Rps9	1.64710347759927e-120	-0.440736933387388	0.999	1	5.31767357742925e-116
Sh3pxd2a	4.32141812715879e-120	-0.975059271045706	0.013	0.32	1.39516984235321e-115
Ccdc28b	4.54641824556683e-120	0.49737672098569	0.344	0.021	1.46781113058125e-115
Notch2	5.49675290705696e-120	0.68852392561089	0.549	0.125	1.77462667604334e-115
Spag9	9.38045725930465e-120	0.939123467163206	0.871	0.439	3.02848062616651e-115
Hspa4l	9.97937361816973e-120	0.649754132675388	0.596	0.146	3.2218407726261e-115
Sidt1	1.5551711959021e-119	-1.29538776959585	0.067	0.405	5.02087020596994e-115
Stat3	5.40515229949566e-119	0.984034158014893	0.915	0.563	1.74505341989217e-114
Gng10	9.29209677201085e-119	0.534341436200073	0.522	0.104	2.9999534428437e-114
Bmpr2	1.11135150164281e-118	0.691488717687387	0.402	0.05	3.58799832305382e-114
Gabarapl1	4.48498507188763e-118	0.452372158777137	0.323	0.014	1.44797743045892e-113
Smap1	8.90007018809265e-118	0.748921198834811	0.856	0.382	2.87338766022571e-113
Myb	1.5613276372415e-117	0.853688186675381	0.509	0.11	5.04074627683417e-113
Tmbim4	2.04088946390439e-117	0.483840235050076	0.519	0.101	6.58901163421533e-113
Cirbp	2.21690021489258e-117	0.637314531682663	0.609	0.159	7.15726234378068e-113
Ifi208	2.80252238837373e-117	-1.26167149910816	0.11	0.448	9.04794353086458e-113
Cd101	3.8109969856449e-117	0.626368550281749	0.348	0.026	1.23038037681546e-112
Nrip1	4.21703011198935e-117	0.956083741178391	0.937	0.586	1.36146817165576e-112
Tagln2	6.55689153782916e-117	0.740808544485993	0.773	0.293	2.11689243298815e-112
Acot7	8.32819352590426e-117	0.489724842746951	0.397	0.046	2.68875727983819e-112
Ifi206	1.55113127151309e-116	-1.46075764272348	0.198	0.522	5.00782731008003e-112
Gm5547	2.27799301576412e-116	0.52039269321267	0.372	0.036	7.35450045139445e-112
Ift80	2.72262171860977e-116	-1.4108530149388	0.131	0.455	8.78998421853165e-112
Txnrd1	2.79344210536743e-116	0.635908204916519	0.497	0.1	9.01862783717875e-112
Fgfr1op	2.12530972966908e-115	0.643582693740453	0.504	0.103	6.86156246223662e-111
Bcl7c	2.56144650310822e-115	0.48981666684326	0.545	0.117	8.26963003528489e-111
Elob	3.15247765043501e-115	0.677198659680946	0.945	0.549	1.01777740944294e-110
Ltb	4.04196751125177e-115	0.742396354551238	0.996	0.924	1.30494921100763e-110
Mical1	5.2320498765038e-115	0.479857943078409	0.421	0.059	1.68916730262925e-110
Fasl	6.44792266169149e-115	0.552867291770536	0.353	0.03	2.0817118313271e-110
Tmem160	7.00822430177069e-115	0.604341912642214	0.818	0.296	2.26260521582667e-110
Hip1r	1.00156539266629e-114	0.573337132153396	0.376	0.04	3.23355387022312e-110
Dennd5a	1.39047658497059e-114	0.771817205432969	0.392	0.05	4.48915365457756e-110
Ptpn1	1.65597872058443e-114	0.731755470535483	0.934	0.538	5.34632729940683e-110
Slc25a24	5.45999346195861e-114	0.467728346419856	0.343	0.026	1.76275888919334e-109
Ube2m	5.62012702396158e-114	0.602680097204734	0.718	0.223	1.814458009686e-109
Ptprcap	1.12369888838396e-113	0.65576102604437	0.987	0.748	3.62786186114763e-109
Slc25a3	1.80501919684573e-113	0.680730761867642	0.929	0.537	5.82750447701644e-109
Ppp1ca	3.50378375084969e-113	0.679392067383998	0.939	0.576	1.13119658396182e-108
Znrf3	6.15580132331181e-113	-1.26853081273008	0.277	0.59	1.98740045723122e-108
Mapre2	9.2742708808757e-113	0.560666977006996	0.447	0.075	2.99419835389072e-108
Dst	1.85979757030736e-112	0.603746469318808	0.449	0.078	6.0043564557373e-108
Relb	4.58860846600157e-112	0.588326052772323	0.567	0.142	1.48143224324861e-107
Aim2	6.32641147921423e-112	0.54314364216866	0.503	0.103	2.04248194606432e-107
Rgs3	1.18417828114771e-111	0.546545856592824	0.553	0.131	3.82311958068538e-107
Ifit1bl1	2.06743810438306e-111	-1.01774948925252	0.016	0.307	6.67472392000071e-107
Elk3	3.34915657740974e-111	0.710357181951514	0.821	0.323	1.08127520101673e-106
Mif4gd	1.91623917068118e-110	0.526876052005226	0.548	0.128	6.18657816254418e-106
Rpl37	2.35949241791636e-110	0.459462401967815	0.999	0.994	7.61762127124297e-106
Cfl1	4.14688530402618e-110	0.593325721613307	0.995	0.869	1.33882192040485e-105
Wdr78	7.01458020186088e-110	0.860689267842396	0.425	0.074	2.26465721817078e-105
Trpv2	1.07592415767876e-109	0.527040559254123	0.528	0.118	3.47362114306588e-105
Ppfibp1	1.83504602124714e-109	0.448472639132802	0.317	0.018	5.92444607959639e-105
Clic4	1.99218513089076e-109	0.591577376160394	0.37	0.042	6.43176969508082e-105
Pim3	2.31367673412493e-109	0.631622662425229	0.396	0.055	7.46970533612232e-105
Slc1a5	2.43924035594611e-109	0.676413888773718	0.584	0.161	7.87508748917201e-105
Pced1b	2.51051919561658e-109	-1.25735459539644	0.432	0.637	8.10521122304813e-105
Stk4	3.70868106888673e-109	-0.83116144543675	0.854	0.876	1.19734768309008e-104
Zfp318	3.72244194838908e-109	0.619744811517665	0.456	0.087	1.20179038303741e-104
Arf5	1.18310455594285e-108	0.64592236838153	0.948	0.614	3.81965305886148e-104
Tg	1.19933180318932e-108	0.672542054673547	0.575	0.158	3.87204272659673e-104
Mib1	1.8981009859716e-108	0.611118982528117	0.583	0.156	6.12801903320932e-104
Sh2b1	3.77620926661211e-108	0.479461258273296	0.462	0.086	1.21914916172572e-103
Smox	3.87226406539667e-108	0.57046466098771	0.327	0.024	1.25016045351331e-103
Atp5k	6.91550251162955e-108	0.63599013917042	0.753	0.276	2.2326699858796e-103
Zfand5	7.21228288192842e-108	0.64887157181727	0.744	0.268	2.32848552843059e-103
Cdc42	8.70764554897516e-108	0.599776642948755	0.985	0.763	2.81126336548663e-103
Prelid1	1.13526442949733e-107	0.65530403539409	0.815	0.333	3.66520121063214e-103
Nmb	1.28004137763848e-107	0.468202962419227	0.367	0.042	4.13261358770585e-103
Birc2	2.41164066428932e-107	0.638540675491792	0.679	0.223	7.78598188465806e-103
Rasa3	2.86404144075471e-107	-1.21012381844528	0.247	0.538	9.24655779147658e-103
Reep3	3.12865932517793e-107	0.654397989190679	0.69	0.227	1.01008766313369e-102
Traf1	3.51960371867865e-107	0.658163396786706	0.697	0.235	1.1363040605754e-102
Synj2	4.01676308940716e-107	0.525305775241525	0.447	0.081	1.2968119634151e-102
Ncf4	4.5525180669932e-107	0.487178622386777	0.438	0.077	1.46978045792875e-102
Slfn5	4.83280371504952e-107	-1.7201515319789	0.153	0.464	1.56027067940374e-102
Ahr	6.11394604304222e-107	0.575462093086086	0.302	0.015	1.97388747999618e-102
Atad2	8.4302193646503e-107	0.802302529324559	0.663	0.227	2.72169632187735e-102
Clint1	8.7331183649697e-107	0.705467730783768	0.979	0.701	2.81948726413047e-102
Fhl2	9.96580879858659e-107	0.546796569786131	0.29	0.011	3.21746137062368e-102
Gpx1	9.97051370368606e-107	0.718013414135363	0.751	0.283	3.21898034923504e-102
Dut	1.27595189126643e-106	0.730358770042554	0.66	0.217	4.11941068095366e-102
Cd4	1.95405539210268e-106	0.684844761435889	0.947	0.621	6.30866783340351e-102
Adora2a	1.96828386616207e-106	0.488828711440572	0.332	0.028	6.35460446190425e-102
Atp11b	1.98123501109688e-106	-0.966346626746915	0.682	0.769	6.39641723332628e-102
Nrp1	2.28369823116407e-106	0.806212719011849	0.35	0.038	7.3729197393132e-102
Ap2s1	2.5649927243249e-106	0.553256484983125	0.728	0.235	8.28107901048294e-102
Sik1	3.01321221799178e-106	0.584489931307976	0.722	0.245	9.72815564578648e-102
Rnf166	3.40538340149464e-106	0.571764862242356	0.743	0.254	1.09942803117255e-101
Tpt1	3.42226488876262e-106	-0.347826573505955	1	1	1.10487821933701e-101
Ptger2	9.39840204307034e-106	0.481440595860265	0.278	0.007	3.03427409960526e-101
Rpl13	1.56382318445737e-105	-0.42228880766506	1	1	5.04880315102061e-101
Chka	2.18787108661249e-105	0.661002969932178	0.544	0.141	7.06354180312841e-101
Mpc1	3.4645836214447e-105	0.663382394105013	0.715	0.252	1.11854082218342e-100
Snx9	8.44905378446753e-105	0.54761329950956	0.322	0.026	2.72777701431534e-100
Adam12	9.17604348039275e-105	1.61881681608432	0.297	0.017	2.9624856376448e-100
Mctp2	1.86614459723277e-104	-1.01823306995223	0.052	0.352	6.02484783216598e-100
Ufc1	1.96832531950056e-104	0.510010401982435	0.616	0.172	6.35473829400755e-100
Tmem258	2.03291642617607e-104	0.577172563278074	0.743	0.256	6.56327068190943e-100
Ndrg3	3.20400513220619e-104	-1.2617811276469	0.203	0.488	1.03441305693277e-99
Casp3	5.172173545722e-104	0.446471433579195	0.404	0.061	1.66983622923635e-99
Usp18	8.48458559243874e-104	-1.16753605888253	0.02	0.298	2.73924845851885e-99
Angptl2	2.32193525024314e-103	0.50777477080776	0.345	0.037	7.49636795540998e-99
Hk2	2.34098434307688e-103	0.742016445579843	0.315	0.025	7.55786795162371e-99
Gtf2ird1	2.46836444835383e-103	0.514902400246011	0.415	0.069	7.96911462151033e-99
Atp5d	3.24065437762593e-103	0.640537280860077	0.934	0.538	1.04624526581653e-98
Cox5a	3.62179296988095e-103	0.666151600934666	0.888	0.458	1.16929586032607e-98
Gabbr1	4.90900887651946e-103	0.491844541566841	0.437	0.078	1.58487351578431e-98
Wdyhv1	5.22811005357357e-103	0.519655754320563	0.492	0.109	1.68789533079623e-98
Smdt1	5.91558668639941e-103	0.653143420814082	0.853	0.402	1.90984716170405e-98
Ninj1	8.94332033289464e-103	0.415019161964315	0.306	0.019	2.88735096947503e-98
Ndufb1-ps	1.05824085859054e-102	0.632237571907258	0.838	0.366	3.41653061195957e-98
Dgkg	1.05832381828696e-102	0.8569972411603	0.294	0.016	3.41679844733943e-98
Ndufa13	1.39967777473341e-102	0.627351084831446	0.926	0.539	4.5188596957268e-98
Acads	1.44158204803626e-102	0.423628185771321	0.431	0.076	4.65414764208508e-98
Npc2	1.54489571208258e-102	-0.876485724568571	0.818	0.822	4.98769580645862e-98
Cenpb	2.17304070871297e-102	0.435258284056527	0.384	0.055	7.01566192807981e-98
Arhgef3	2.41312090466894e-102	-1.31716856071466	0.452	0.661	7.79076084072369e-98
Rassf1	3.03947535862009e-102	0.613991007027495	0.589	0.171	9.81294619530495e-98
Pold4	3.20201716335492e-102	0.496685598922818	0.57	0.15	1.03377124118914e-97
Slc25a4	5.1003314345865e-102	0.645270928942429	0.708	0.259	1.64664200365625e-97
Dhrs3	5.8579895910124e-102	0.547284410710401	0.272	0.008	1.89125193945835e-97
Fut8	7.56206085466646e-102	0.881717360423644	0.714	0.291	2.44141134692907e-97
Myl12a	9.65624840669182e-102	0.657114887991444	0.903	0.496	3.11751979810045e-97
Chd3	1.01623397777088e-101	-1.0901428183591	0.618	0.715	3.28091139723329e-97
Rps15a	1.09218037502246e-101	0.393219254595629	1	1	3.52610434076002e-97
Nabp1	1.47394129783031e-101	0.739698766112706	0.724	0.278	4.75861948004514e-97
Stk24	2.33422234479359e-101	0.755406660760707	0.927	0.583	7.53603684016609e-97
Akt1	2.44846739627867e-101	0.425089182113584	0.444	0.083	7.9048769888857e-97
Plp2	2.75116924452141e-101	0.397468523056314	0.346	0.038	8.88214990593737e-97
St8sia1	2.79385255311815e-101	-1.09333566073317	0.385	0.659	9.01995296774194e-97
D8Ertd738e	2.98499693728122e-101	0.662098187231972	0.883	0.417	9.6370626120124e-97
Laptm5	3.97745855269794e-101	0.580068027377249	0.986	0.834	1.28412249373853e-96
Arhgap26	4.4044156249033e-101	0.662831783258351	0.736	0.277	1.42196558450003e-96
Pfdn5	7.18272272843355e-101	0.573031271029502	0.984	0.78	2.31894203287477e-96
Pgls	1.52823247098547e-100	0.571478787922459	0.687	0.227	4.93389853257658e-96
Cks2	1.53355723525468e-100	0.450579152013869	0.469	0.095	4.95108953401972e-96
Txndc17	2.48768881440613e-100	0.510689000816124	0.697	0.226	8.0315033373102e-96
Ptpn3	2.48928637439549e-100	0.556832830271237	0.289	0.016	8.03666105973583e-96
Mxd4	3.80931700950659e-100	0.601145326528046	0.743	0.279	1.2298379965192e-95
Cobll1	4.07374224969229e-100	0.614826676992656	0.29	0.017	1.31520768531315e-95
Dtl	4.78477008371669e-100	0.613983403751971	0.308	0.025	1.54476302152793e-95
Carnmt1	4.99604228054307e-100	0.655621643981638	0.568	0.164	1.61297225027333e-95
Dctn2	5.68903351462724e-100	0.445073717702395	0.524	0.124	1.8367044701974e-95
Hmgn1	6.39877348291305e-100	-0.972922608259524	0.104	0.401	2.06584401895848e-95
Lrmp	1.297725498957e-99	0.550699783252127	0.508	0.125	4.18970677338269e-95
Fau	1.424974669477e-99	0.342098293128963	1	1	4.60053072040651e-95
Txnip	1.62987472522019e-99	-1.15346862579219	0.391	0.615	5.26205055037338e-95
Sept1	2.95002292644866e-99	0.645915013361313	0.928	0.524	9.52414901803949e-95
Hnrnpl	3.42832011314578e-99	0.640938952489667	0.888	0.445	1.10683314852911e-94
Sestd1	5.2925648634616e-99	0.493244280806762	0.305	0.024	1.70870456616858e-94
Fis1	1.63097182132055e-98	0.579047251354801	0.834	0.348	5.26559252513339e-94
Spn	1.83706974322208e-98	0.64743769313975	0.846	0.392	5.93097966599248e-94
Tnfrsf4	2.09821235101256e-98	0.547463218587704	0.514	0.126	6.77407857524406e-94
Ccl5	2.81978479569814e-98	1.8560406258758	0.285	0.017	9.10367521291146e-94
Ankrd12	3.42779834395434e-98	0.79844294830594	0.963	0.678	1.10666469534566e-93
Gm26827	7.96829446430303e-98	0.573985361887622	0.288	0.018	2.57256386780023e-93
Ddx60	1.16797225277986e-97	-1.3111731895684	0.079	0.37	3.77079841809978e-93
Mpp7	1.35669895554355e-97	1.24775198098255	0.578	0.22	4.38010257797236e-93
St8sia6	1.61976108404691e-97	-0.982143624753067	0.005	0.255	5.22939865984546e-93
Selenos	2.09063847518116e-97	0.626869416654708	0.688	0.25	6.74962631712237e-93
Mafg	3.1375411933953e-97	0.436474531086099	0.336	0.039	1.01295517428767e-92
Adam19	3.42958124091561e-97	0.615160475407369	0.702	0.255	1.1072403036296e-92
Lst1	4.84256053900993e-97	0.445183495352454	0.344	0.043	1.56342067001936e-92
Bzw2	7.35211716380451e-97	-1.10767085382062	0.271	0.547	2.37363102633429e-92
Lclat1	8.12867797037938e-97	0.560698675530333	0.495	0.121	2.62434368273698e-92
Rhoh	1.02173584681518e-96	-0.885776165628974	0.8	0.822	3.2986741814428e-92
Inpp5d	1.0569299947668e-96	0.718946220426632	0.904	0.513	3.41229848810462e-92
Ciapin1	1.17374164052007e-96	0.474692203932679	0.534	0.136	3.78942488641904e-92
Ier5l	1.37347305533868e-96	0.626077859967455	0.256	0.006	4.43425775916092e-92
Xist	1.51076381213058e-96	-1.72002379918372	0.088	0.399	4.87750096746359e-92
Crlf3	1.72910548363388e-96	-1.14521489267884	0.668	0.742	5.58241705391199e-92
F730043M19Rik	1.81509456554499e-96	0.437306568915765	0.303	0.025	5.86003280486201e-92
Bscl2	2.05619187999691e-96	0.420699756516784	0.43	0.083	6.63841548457003e-92
Rreb1	2.21173347437444e-96	-1.10280461793836	0.13	0.422	7.14058152201789e-92
Parp11	3.40552163198818e-96	-1.18753747275799	0.102	0.389	1.09947265888738e-91
Igfbp4	3.67159446298656e-96	-1.1145239186171	0.006	0.254	1.18537427237521e-91
Asap1	5.12374037393977e-96	-1.1810770671469	0.344	0.586	1.65419957972645e-91
Aplp2	9.66015184023309e-96	0.625951098115403	0.62	0.2	3.11878002161925e-91
Cemip2	1.21683438949472e-95	0.410676587026423	0.273	0.014	3.9285498264837e-91
Eva1b	1.38362011190635e-95	0.44214147280865	0.551	0.148	4.46701753128966e-91
Vasp	1.53979531908078e-95	0.585278011372146	0.834	0.36	4.97122918765229e-91
Fam49a	1.86643662878085e-95	-0.962248303069881	0.044	0.316	6.02579065601896e-91
Nfkbid	2.17884063214403e-95	0.714268879613163	0.593	0.196	7.03438698087699e-91
Inf2	2.82091926203793e-95	0.429962464185005	0.334	0.04	9.10733783748945e-91
Ppme1	3.92779878419046e-95	0.565130733877542	0.554	0.158	1.26808983747589e-90
Cox4i1	4.92570013456614e-95	0.505487586924488	0.994	0.869	1.59026228844468e-90
Ccr4	7.02309832622222e-95	0.529439130340207	0.302	0.027	2.26740729462084e-90
Lxn	9.91774765573185e-95	0.38159253735224	0.319	0.033	3.20194483065303e-90
Abtb2	1.59080165255561e-94	-1.18986049442536	0.536	0.724	5.13590313527578e-90
Arid1a	1.73903232625466e-94	-0.899009708457905	0.725	0.762	5.61446586531317e-90
Sec24d	2.38891496787447e-94	0.506086590763079	0.336	0.042	7.71261197378271e-90
Bcl2l15	2.4264732632254e-94	0.593253989116667	0.259	0.009	7.83386893032319e-90
Trib2	3.9127068436013e-94	-1.01477873866875	0.115	0.403	1.26321740445668e-89
Tcf20	4.62114231739452e-94	-0.955680517171028	0.681	0.776	1.49193579717082e-89
Sytl1	5.717124554812e-94	0.402612748973098	0.314	0.031	1.84577366252106e-89
Ndufs5	1.5185437046007e-93	0.54918220769762	0.779	0.301	4.90261835030337e-89
Gabarap	1.94980535164135e-93	0.567408722644151	0.89	0.426	6.2949465777741e-89
Macf1	2.55229848231061e-93	-0.747913947952305	0.931	0.907	8.2400956501398e-89
Itpripl2	2.59482498737991e-93	0.376014896127571	0.254	0.008	8.37739247175602e-89
Cd52	3.34572572951475e-93	0.699849518325224	0.998	0.945	1.08016755177384e-88
Optn	5.96106634424329e-93	0.461164000032461	0.252	0.008	1.92453026923895e-88
Sfr1	7.7390558756559e-93	0.563170122251874	0.724	0.268	2.49855418945551e-88
Cebpb	1.02277939329805e-92	0.619560184669269	0.426	0.09	3.30204327126276e-88
Efhd2	3.30972899059513e-92	0.492169449199893	0.559	0.158	1.06854600461364e-87
1300002E11Rik	5.23522709486957e-92	0.515754280061615	0.504	0.132	1.69019306757864e-87
Map1lc3b	6.49212538245689e-92	0.59393583901561	0.91	0.471	2.09598267972621e-87
Spock2	9.01176985008635e-92	0.548259250972319	0.262	0.013	2.90944989610038e-87
Plekho2	1.127624019713e-91	0.430461140488853	0.343	0.048	3.64053414764343e-87
Lncpint	1.26881672590996e-91	0.840709644031469	0.947	0.698	4.09637479960029e-87
Zc3h12a	2.42031355919928e-91	0.479886752168837	0.456	0.106	7.81398232587488e-87
Dnajb6	2.9815392542643e-91	0.685411135268277	0.888	0.453	9.62589948239229e-87
Glipr2	3.60543124546095e-91	0.408832443487921	0.381	0.066	1.16401347759707e-86
Gramd1b	5.50616384507522e-91	0.673671536290983	0.716	0.286	1.77766499738253e-86
A330040F15Rik	8.13592756738586e-91	-1.33370057158594	0.082	0.357	2.62668421513053e-86
Cd3d	1.07672976056318e-90	0.492967605248559	0.994	0.92	3.47622203197822e-86
Flnb	1.43209316896007e-90	0.918165079602495	0.489	0.142	4.62351279598759e-86
Ndufv3	1.43942373668293e-90	0.589350611866716	0.869	0.417	4.64717953388082e-86
Ctla2b	2.47411800217767e-90	0.382675027519441	0.24	0.005	7.98768997003062e-86
Rpl34	2.47702742201393e-90	0.34571478476606	1	0.998	7.99708303197197e-86
Ssbp4	2.92193662349093e-90	0.430325437192408	0.548	0.151	9.43347238894048e-86
Uqcr10	4.30065849072693e-90	0.578828817349994	0.857	0.412	1.38846759373119e-85
Alpk2	7.75912520101737e-90	0.624221756549345	0.238	0.005	2.50503357114846e-85
Ap2m1	8.28900888225026e-90	0.427347370247199	0.558	0.156	2.6761065176345e-85
Akirin1	8.87073144413185e-90	0.53471479010631	0.713	0.257	2.86391564673797e-85
B630019A10Rik	1.07122200223587e-89	-0.841934570833479	0.007	0.243	3.45844023421852e-85
Slc12a7	1.07353630872694e-89	-0.932182749149767	0.073	0.341	3.46591197272492e-85
Picalm	1.09393735534249e-89	0.700900843662894	0.935	0.596	3.53177675172321e-85
Btf3	1.15748602426665e-89	0.514250234582176	0.982	0.825	3.73694362934486e-85
Gmfg	3.49512043206997e-89	0.576959340232245	0.971	0.722	1.12839963149379e-84
Ubc	3.49593897185088e-89	0.641175726466973	0.934	0.571	1.12866389706206e-84
Rnf19b	3.91159214912565e-89	0.460005354142166	0.365	0.062	1.26285752534522e-84
Sigirr	5.59504039573794e-89	0.401743329944239	0.442	0.097	1.80635879176399e-84
Gpr65	5.89444310316573e-89	0.574211641104313	0.437	0.102	1.90302095585706e-84
Slbp	8.72226604513561e-89	0.457317354789961	0.577	0.169	2.81598359267203e-84
Arntl	8.86528153527625e-89	0.523432703680517	0.643	0.217	2.86215614366394e-84
Jund	9.06127000052044e-89	0.71798686659937	0.979	0.802	2.92543101966802e-84
Polr1d	1.6442523173087e-88	0.575786162680341	0.923	0.514	5.30846860643113e-84
Akr1a1	1.72572184503529e-88	0.535895468188167	0.768	0.308	5.57149297669643e-84
Ube2j1	2.01617261660687e-88	0.576664612598221	0.722	0.281	6.50921329271527e-84
Tmem126a	2.66375068440688e-88	0.413150524993808	0.583	0.171	8.59991908460762e-84
Hsd11b1	2.76638600353292e-88	-1.23523823653652	0.309	0.541	8.93127721240603e-84
Glud1	3.0454553006517e-88	0.659573394125372	0.772	0.331	9.83225243815403e-84
Dennd4c	3.76113453640026e-88	0.537286699335975	0.509	0.142	1.21428228507682e-83
Cd3e	5.28038810781895e-88	0.544817437445813	0.981	0.766	1.70477330060935e-83
Tshz1	5.35800951759074e-88	0.705557512771032	0.62	0.227	1.72983337275417e-83
Gm33104	7.38554341817612e-88	0.368416978314444	0.25	0.011	2.38442269255816e-83
Ehbp1l1	8.72630284918151e-88	0.38077323279906	0.332	0.046	2.81728687485825e-83
Pfn1	1.14543454934698e-87	0.506068324406598	0.999	0.967	3.69803544256672e-83
Lin54	1.20383192480764e-87	0.746399431351204	0.485	0.139	3.88657136924147e-83
Tctex1d1	1.31742659854365e-87	0.473113815072517	0.24	0.008	4.25331177339818e-83
Cyth3	1.36437889228303e-87	0.557218492993001	0.397	0.081	4.40489725373576e-83
Tecr	1.67978845641185e-87	0.551083913073526	0.736	0.289	5.42319703152567e-83
Vps29	2.41892977103959e-87	0.415763094545499	0.604	0.181	7.80951476580131e-83
Cfap20	2.54801383837562e-87	0.417417188565904	0.444	0.101	8.2262626771957e-83
Gnpda1	2.63813743358292e-87	0.37205030849795	0.332	0.046	8.51722670432247e-83
Gatad2a	3.15879040053994e-87	0.557175805868978	0.772	0.319	1.01981548081432e-82
Sms	3.50413933286663e-87	0.52395719942775	0.702	0.259	1.13131138361599e-82
Pim1	4.07576590002091e-87	0.949132919513595	0.672	0.299	1.31586102082175e-82
Dok2	4.28681687439604e-87	0.403832696738982	0.452	0.104	1.38399882789876e-82
Emp1	7.55847320072099e-87	0.45954250400782	0.242	0.009	2.44025307285277e-82
1810037I17Rik	7.98635412587542e-87	0.558921012811173	0.777	0.323	2.57839442953888e-82
Ptpn11	1.45225445243823e-86	0.482186074574769	0.526	0.15	4.68860349969681e-82
Capzb	1.76164678791375e-86	0.566280183377941	0.931	0.57	5.68747665477954e-82
Atp5mpl	3.53876318838272e-86	0.55991401792428	0.819	0.371	1.14248969536936e-81
Aup1	4.08524289250406e-86	0.42157031771685	0.578	0.176	1.31892066784494e-81
Mob3b	7.57392508623759e-86	-1.01678781323457	0.043	0.296	2.44524171409181e-81
Myo1g	8.66183621678387e-86	0.545913670084335	0.626	0.214	2.79647382258867e-81
Slamf1	1.15546099538976e-85	0.585157786165681	0.532	0.159	3.73040582361582e-81
Nfkbie	2.35301151027577e-85	0.416169817246635	0.372	0.068	7.59669766092531e-81
Rexo2	2.48533589778887e-85	0.557339757389648	0.695	0.266	8.02390694601137e-81
Leo1	3.73182448648788e-85	0.403939713522008	0.402	0.082	1.20481953546261e-80
Pdcd1lg2	6.59612744755122e-85	0.351519786234439	0.271	0.022	2.12955974644191e-80
Rps29	7.08213160260401e-85	-0.375069154233057	1	1	2.28646618790071e-80
Hccs	9.67944967844626e-85	0.400035811414756	0.374	0.07	3.12501032868637e-80
Ppib	1.25515078268347e-84	0.54024608957936	0.934	0.598	4.05225430189359e-80
Mtch1	1.57894930337209e-84	0.398796445139295	0.531	0.148	5.0976378259368e-80
Tln1	1.75736400868599e-84	0.572467516189068	0.941	0.613	5.67364970204273e-80
Tspan2	2.94573308216458e-84	0.391486061507839	0.224	0.004	9.51029925576835e-80
Plekha5	3.11378949616724e-84	0.53504254821374	0.666	0.249	1.00528693883759e-79
Dzip1	3.19225272167978e-84	-0.727169185357937	0.005	0.225	1.03061879119432e-79
Jak1	3.41259197188559e-84	-0.650960427091686	0.968	0.944	1.10175531812326e-79
Zswim4	4.92767957451153e-84	0.429327338716416	0.288	0.03	1.59090135063105e-79
Gsap	5.27743489379427e-84	0.413605238981518	0.35	0.06	1.70381985546148e-79
Rtf2	7.13324363531728e-84	0.460476380217083	0.65	0.223	2.30296770766218e-79
Ankrd44	9.02842030584643e-84	-0.652140526414907	0.962	0.951	2.91482549574252e-79
Ldha	9.82472880228738e-84	0.625505821689417	0.927	0.587	3.17191369381848e-79
Grn	1.02936174086724e-83	0.353966412129722	0.252	0.017	3.32329438038989e-79
Atp6v1f	1.08283643562447e-83	0.536484975951188	0.871	0.428	3.4959374324136e-79
Nt5dc3	1.55094727116273e-83	0.503991711732603	0.327	0.05	5.00723326494889e-79
Eef1g	1.68600905234377e-83	-0.676108387382091	0.889	0.886	5.44328022549187e-79
Ss18	2.62818459860441e-83	0.666808050298441	0.826	0.412	8.48509397659432e-79
Fuca1	3.20767453998839e-83	0.376992366383297	0.512	0.14	1.03559772523525e-78
Tasp1	3.33123081444342e-83	-1.03795294340056	0.391	0.609	1.07548786844306e-78
Pde4b	3.92641759850906e-83	0.707380686892525	0.895	0.547	1.26764392167865e-78
Ifi214	8.46512398480076e-83	-0.966791733802086	0.043	0.289	2.73296527849293e-78
Commd4	9.36023684597804e-83	0.394518693147024	0.51	0.14	3.02195246572401e-78
Gm2629	1.19197150173763e-82	0.437337058047483	0.228	0.008	3.84827999335995e-78
Clec2d	1.35102823708029e-82	-1.03067096198789	0.366	0.568	4.36179466341372e-78
Pkm	1.39786416035695e-82	0.585412223730227	0.917	0.532	4.51300444171242e-78
F2r	1.58300320053859e-82	0.396128580283538	0.291	0.033	5.11072583293885e-78
P2ry10	2.56566598093897e-82	0.523422131041616	0.7	0.272	8.28325261946147e-78
Gimap3	3.29914248184615e-82	-0.798659840871355	0.806	0.814	1.06512815026403e-77
Bicdl1	4.0581860617222e-82	-1.03582198006523	0.144	0.406	1.31018537002701e-77
Etfb	4.55694330377149e-82	0.433834285871488	0.532	0.153	1.47120914562263e-77
Gpsm3	5.74894658854491e-82	0.517953629483876	0.833	0.37	1.85604740611172e-77
Dot1l	6.51775875812482e-82	0.486125520309539	0.523	0.157	2.1042584150606e-77
Cd80	7.82365073409356e-82	0.442257376338098	0.281	0.031	2.52586563950211e-77
Prr5l	1.15966904685725e-81	0.417304478900123	0.22	0.005	3.74399151777865e-77
Tnfrsf18	1.19371340314041e-81	0.450863101103137	0.592	0.191	3.85390372203883e-77
Gpr18	1.35116711428443e-81	-1.00289668077706	0.172	0.427	4.3622430284673e-77
Prdm1	1.78440157441347e-81	0.476049928379959	0.272	0.027	5.7609404829939e-77
Pik3cd	2.79861634050667e-81	-1.02350803936237	0.56	0.669	9.03533285532578e-77
Cisd1	3.21472201156821e-81	0.355036295095877	0.398	0.083	1.0378730014348e-76
Gtpbp1	4.05283541952816e-81	0.512828649155433	0.657	0.238	1.30845791519467e-76
Gm20559	4.56507869055439e-81	-0.933876786296245	0.078	0.333	1.47383565524548e-76
Pkib	5.14076377483474e-81	0.544313133246532	0.212	0.003	1.6596955847054e-76
Ube2v1	6.00291685268551e-81	0.386361201910999	0.582	0.183	1.93804170588952e-76
Emd	6.13907751264332e-81	0.41453474729123	0.507	0.143	1.9820011749569e-76
Arhgdib	7.09738679420817e-81	0.475069025921548	0.997	0.935	2.29139132651011e-76
Mthfr	7.50509036167249e-81	0.408357161309468	0.273	0.027	2.42301842326596e-76
Nsmaf	7.90724078944712e-81	0.451655466958044	0.579	0.188	2.552852688873e-76
Fbxw8	1.14896518287366e-80	0.333508556941357	0.26	0.022	3.70943409290761e-76
Smc6	1.33052999526046e-80	-0.977970395540926	0.645	0.708	4.2956160896984e-76
Rcsd1	1.35068208180982e-80	-1.02606568286818	0.471	0.613	4.36067710112301e-76
Psmd8	1.59912787815756e-80	0.470203334922611	0.731	0.282	5.16278435463167e-76
Mrps6	2.49096169742135e-80	0.404734191925309	0.51	0.143	8.04206984012484e-76
Hmg20b	2.64729249672355e-80	0.352524641647516	0.416	0.095	8.54678382567199e-76
Rpl7	4.28599515966892e-80	-0.393570689810803	0.998	1	1.38373353729911e-75
Ggh	5.05099343246147e-80	0.301699824464235	0.277	0.03	1.63071322967019e-75
Lgals3bp	8.07444631999553e-80	0.424016423652587	0.519	0.153	2.60683499441056e-75
Ubr5	8.68404480772879e-80	0.553473793597262	0.814	0.38	2.80364386617524e-75
Trim12a	1.4411732443591e-79	-1.12278489645466	0.416	0.586	4.65282781941336e-75
Higd2a	1.54854741038408e-79	0.419150301591526	0.676	0.239	4.999485314425e-75
1810058I24Rik	1.56540785400693e-79	0.424145029984625	0.662	0.229	5.05391925666137e-75
Als2cl	1.8093087323389e-79	-0.840485869990556	0.082	0.331	5.84135324235614e-75
Mcm6	1.81200997679452e-79	0.479383081993093	0.477	0.132	5.85007421008112e-75
Far1	1.97113091414298e-79	0.415518290205189	0.541	0.164	6.36379615631061e-75
Crmp1	2.03430304817534e-79	0.45688293567768	0.233	0.013	6.56774739103409e-75
Tomm6	2.0914003006374e-79	0.50601972345972	0.792	0.341	6.75208587060783e-75
Lpgat1	2.11847899574055e-79	0.394978167394538	0.393	0.085	6.83950943774835e-75
Slc7a1	3.48686080477194e-79	0.643584918242321	0.529	0.175	1.12573301082062e-74
Rnf213	4.16512094011249e-79	-1.5537604960132	0.244	0.482	1.34470929551532e-74
Dynll2	4.3521690033979e-79	0.420857346641773	0.509	0.147	1.40509776274701e-74
Tigit	4.47612022767027e-79	0.354024841040816	0.238	0.016	1.44511541550335e-74
Il1r2	4.54307965620023e-79	0.717906415493654	0.22	0.008	1.46673326700424e-74
Uqcr11	5.26946710316705e-79	0.441963930970176	0.677	0.24	1.70124745425748e-74
Clasp2	5.38209042049936e-79	0.693927422558258	0.75	0.354	1.73760789225822e-74
Ormdl3	6.46978022832106e-79	0.405968667475777	0.39	0.084	2.08876854671346e-74
Ndufb8	1.10465994187201e-78	0.4746646583649	0.744	0.291	3.56639462233377e-74
Btbd19	1.20175936274076e-78	0.367681622783693	0.292	0.038	3.87988010260854e-74
Ssbp2	1.33730910679947e-78	-1.06646019770251	0.539	0.704	4.31750245130207e-74
B9d2	1.73170221994202e-78	0.368442972118575	0.331	0.056	5.59080061708281e-74
Stk11	2.72057858082809e-78	0.375096552155067	0.548	0.166	8.78338794820348e-74
Rnf10	2.74141688594363e-78	0.401215021877428	0.558	0.176	8.850664416269e-74
Ptprs	2.89567988795619e-78	0.374458337678025	0.269	0.028	9.34870251826657e-74
Pofut2	3.5801830336072e-78	0.342658913395185	0.303	0.043	1.15586209240008e-73
Ppt2	3.67575051421793e-78	0.338412686862002	0.309	0.045	1.18671605351526e-73
Stard3nl	3.87572989264441e-78	0.345739026521638	0.374	0.077	1.25127939584025e-73
Ms4a4c	4.04821479309216e-78	-0.727743269151195	0.007	0.215	1.3069661459498e-73
Gm2245	4.29298039436233e-78	-0.974856375731868	0.274	0.512	1.38598872031988e-73
Cox7a2	4.90521476282161e-78	0.53098277868377	0.88	0.485	1.58364858617696e-73
Tab2	5.46644378241176e-78	0.566804262240261	0.836	0.419	1.76484137515164e-73
Lypla2	7.61623036686235e-78	0.353500587389422	0.461	0.121	2.45889997394151e-73
Ifng	9.41039222440507e-78	0.835305247065722	0.208	0.004	3.03814512964918e-73
Dstn	1.24183485731301e-77	0.349995257553268	0.295	0.04	4.00926383683506e-73
Akt3	1.38064604198215e-77	0.579300472991675	0.874	0.467	4.45741574653938e-73
Nfatc1	1.53540379875179e-77	0.623346683634087	0.759	0.355	4.95705116427016e-73
Tstd3	1.79002700192482e-77	0.301133170725473	0.253	0.022	5.77910217571427e-73
Entpd1	2.27471486521652e-77	0.41972588731505	0.226	0.011	7.34391694235155e-73
Art2b	3.04871975686993e-77	-0.644008919267022	0.008	0.214	9.84279173505456e-73
Rnf149	3.18264675731466e-77	0.39566412114033	0.352	0.069	1.02751750559904e-72
Ift20	3.6880441737456e-77	0.389492173234157	0.599	0.198	1.19068506149377e-72
Josd1	4.76172715626731e-77	0.377631543438908	0.383	0.083	1.5373236124009e-72
Glmp	5.72056341133223e-77	0.342325940712493	0.406	0.094	1.84688389734861e-72
Kxd1	6.33207689133669e-77	0.370097061227433	0.568	0.179	2.04431102436805e-72
Sin3b	6.38653706709173e-77	0.421458479907862	0.714	0.269	2.06189349211057e-72
Btg3	1.42080451338109e-76	0.405913613982785	0.519	0.158	4.58706737145085e-72
Calm2	1.71172271246931e-76	0.584386753671422	0.921	0.579	5.52629677720718e-72
Rell1	1.78838953930051e-76	0.415380245360589	0.31	0.049	5.77381562763169e-72
Sgk3	2.37308842124906e-76	-0.691683006117487	0.007	0.211	7.66151596800258e-72
Cd5	3.37362255525209e-76	0.436768888912836	0.678	0.257	1.08917404196314e-71
Nfkb2	3.61571564973177e-76	0.368521277875564	0.384	0.084	1.1673337975159e-71
Cx3cr1	4.15020971131348e-76	0.405737181687317	0.269	0.031	1.33989520529756e-71
Vps54	4.50405592927733e-76	0.635601866738209	0.81	0.422	1.45413445676719e-71
Midn	4.66677363012646e-76	0.414098399781477	0.553	0.18	1.50666786648633e-71
Cep250	5.40765503743408e-76	0.392215862665375	0.432	0.11	1.74586142883559e-71
Actb	6.50625284413354e-76	0.469925023062878	1	1	2.10054373072851e-71
Hmgb2	6.88457137228601e-76	0.689017110499117	0.902	0.521	2.22268386754254e-71
Fgl2	9.37859332378607e-76	0.411697503503146	0.211	0.007	3.02787885458433e-71
Hmces	9.72673758143754e-76	0.361837454854969	0.368	0.078	3.14027722816711e-71
Eprs	1.71384937445846e-75	0.847478783949599	0.731	0.343	5.53316270543915e-71
Idh3b	1.87597700448219e-75	0.341688981134286	0.493	0.139	6.05659175897075e-71
Ptpmt1	2.29120710835097e-75	0.284760851131694	0.311	0.05	7.39716214931112e-71
Arpc5	2.61760282669541e-75	0.540652597942092	0.913	0.57	8.45093072598612e-71
Ifit2	2.82534578173115e-75	-0.863526452126514	0.054	0.287	9.12162885631903e-71
Lypd6b	3.3596210136118e-75	-0.826859192750322	0.025	0.242	1.08465364424457e-70
Rps21	3.76188412480869e-75	0.324407990353179	1	0.996	1.21452428969449e-70
Tor1aip1	4.6760626465135e-75	0.593715932054819	0.863	0.469	1.50966682542688e-70
Cetn2	5.09952348458369e-75	0.373661036388628	0.514	0.154	1.64638115699784e-70
Anxa11	5.34177101646964e-75	0.400260798872465	0.572	0.189	1.72459077266722e-70
Rab1b	6.5002503535713e-75	0.315373367003236	0.487	0.137	2.09860582665049e-70
Rpl24	9.31917795150612e-75	0.353488982294018	1	0.996	3.00869660164375e-70
Cops9	9.49564013739021e-75	0.438456869883495	0.691	0.267	3.06566741835643e-70
Jak2	9.65060619592533e-75	0.763842215610809	0.715	0.329	3.11569821035449e-70
Cdc25b	9.73120255381032e-75	0.372825364602122	0.26	0.029	3.14171874449766e-70
Pbxip1	9.92726178641747e-75	0.440010379804755	0.601	0.21	3.20501646774488e-70
Dtx3	1.32917096770893e-74	0.303802019791261	0.288	0.04	4.29122846924828e-70
Ppp2r2d	1.62473409608693e-74	0.394072732905549	0.513	0.156	5.24545402921666e-70
Rbl2	1.68124448448382e-74	0.454578469707068	0.636	0.235	5.42789781815602e-70
Slc29a1	2.47033852878892e-74	0.38068683615172	0.306	0.05	7.97548794019503e-70
Plekha2	2.93363067045606e-74	0.539894947621183	0.707	0.304	9.4712266195674e-70
Pomp	3.04266968242918e-74	0.50409982931511	0.82	0.387	9.82325906972262e-70
Wdfy1	3.07626217739875e-74	0.360647239422749	0.356	0.074	9.93171243973186e-70
Lrp10	3.33763660998371e-74	0.439767198982711	0.724	0.288	1.07755597953324e-69
Fos	3.6051258238171e-74	0.638867934483373	0.41	0.111	1.16391487221935e-69
Hras	3.96600766472772e-74	0.333800556343304	0.449	0.118	1.28042557455734e-69
Tmem64	4.46748625332977e-74	0.491097306059886	0.409	0.105	1.44232793688752e-69
Eif4ebp1	4.66094578183757e-74	0.287907803590585	0.281	0.037	1.50478634566626e-69
Tsc22d4	5.21088290667251e-74	0.536404827325334	0.927	0.546	1.68233354641922e-69
Rheb	5.82804871761573e-74	0.531445814724592	0.734	0.306	1.88158552848224e-69
Jazf1	6.98764315023264e-74	0.507399197926913	0.31	0.054	2.25596059105261e-69
Pet100	8.12263842610484e-74	0.333249257094635	0.457	0.123	2.62239381586795e-69
Smarca5	9.13175715341921e-74	0.609027134064928	0.887	0.502	2.94818779698139e-69
Tmem135	1.03290118078672e-73	0.576632037706179	0.67	0.288	3.33472146216993e-69
Ptpn9	1.3843976518519e-73	0.361241263119046	0.416	0.105	4.46952781900387e-69
Rab4b	1.5923847923569e-73	0.36009860792197	0.575	0.191	5.14101430212426e-69
Commd3	1.88166277928133e-73	0.345509916605159	0.537	0.166	6.07494828290978e-69
Gm44148	2.07244561094832e-73	-0.846754831864804	0.035	0.255	6.69089065494664e-69
Zbtb38	3.28723356958913e-73	0.376606204090411	0.529	0.166	1.06128335794185e-68
Tnfrsf9	4.11771929665994e-73	0.578288782063933	0.346	0.073	1.32940567492666e-68
Cltc	5.27276041230392e-73	0.477936490694878	0.755	0.325	1.70231069911232e-68
Paxbp1	5.70368509772685e-73	0.591429992449983	0.686	0.295	1.84143473380111e-68
Sem1	6.17689772191864e-73	0.519484071611833	0.915	0.542	1.99421142952143e-68
Galm	7.38301152552944e-73	0.381921424323879	0.297	0.047	2.38360527101718e-68
Gm15511	8.41756981356757e-73	0.348307006937121	0.213	0.011	2.71761241431029e-68
Txnl1	1.10330108382993e-72	0.423682883187284	0.652	0.239	3.56200754914492e-68
Mycbp2	1.11127220172219e-72	-0.680333126659069	0.91	0.888	3.5877423032601e-68
Filip1l	1.27466232997175e-72	-1.00865829400008	0.341	0.532	4.11524733231379e-68
March2	1.64985264953733e-72	0.390944391568934	0.592	0.204	5.32654927903128e-68
Dexi	1.98944883616541e-72	0.329754657169144	0.352	0.072	6.42293556756001e-68
Tcf12	2.18476912347601e-72	-0.745835321814976	0.86	0.856	7.0535271151423e-68
Ndufa1	2.32743672734311e-72	0.464201710719191	0.628	0.227	7.51412947422724e-68
Fam124b	2.45749179225911e-72	0.349525166803785	0.198	0.005	7.93401225130853e-68
Ap3s1	2.82086963046578e-72	0.44579156070496	0.71	0.284	9.10717760195878e-68
Samd9l	2.85671041657718e-72	-1.01230425332714	0.178	0.42	9.22288957991941e-68
Pdlim1	3.4145962806982e-72	-0.836944262400058	0.11	0.354	1.10240240922341e-67
Tet2	3.41681009061596e-72	0.416189773540599	0.576	0.199	1.10311713775536e-67
Gm12709	3.89216480915483e-72	0.357121070902144	0.206	0.009	1.25658540863564e-67
Map3k5	4.2198491308382e-72	0.4910937212436	0.73	0.315	1.36237829189111e-67
Atp6v1g2	4.34216204966669e-72	0.295623290408249	0.228	0.016	1.40186701773489e-67
Hint1	5.32870583205442e-72	0.53646056919527	0.902	0.532	1.72037267787877e-67
Mrpl52	5.48436062822822e-72	0.447161984913263	0.795	0.345	1.77062582882348e-67
Serinc3	8.01191457083556e-72	0.500548675429409	0.827	0.402	2.58664661919426e-67
Rpl18a	8.78310335418278e-72	-0.333350740256387	0.999	1	2.83562491789791e-67
Gm11808	9.4130897388155e-72	0.35336766271635	0.511	0.157	3.03901602217659e-67
Col4a3bp	9.94315087713102e-72	0.604920193103002	0.78	0.402	3.21014626068175e-67
Phlpp1	1.07583923409252e-71	0.584541591070603	0.443	0.131	3.47334696726769e-67
Slk	1.09885907656292e-71	0.480683009431431	0.658	0.262	3.5476665286834e-67
A330023F24Rik	1.14073805836841e-71	0.42673206066392	0.265	0.034	3.6828728214424e-67
Pgam1	1.24283515683783e-71	0.429349301257827	0.575	0.198	4.01249330385092e-67
Tpi1	1.31386297192588e-71	0.419108433756076	0.519	0.165	4.24180660486272e-67
Igbp1	1.33580080269101e-71	0.360171636225888	0.562	0.185	4.31263289148793e-67
Romo1	1.46778347405091e-71	0.369116952832661	0.597	0.207	4.73873894597335e-67
Pfdn1	1.6581434761051e-71	0.398628329252583	0.613	0.217	5.3533162126053e-67
Ighm	1.80332332660491e-71	-0.901852319932518	0.216	0.463	5.82202935994396e-67
Ndufa2	1.93587659100953e-71	0.475392851359983	0.873	0.441	6.24997757407426e-67
Hcfc1r1	1.99454098786828e-71	0.285677854145087	0.377	0.085	6.43937557933275e-67
Apaf1	3.69678883180024e-71	0.470870230991112	0.461	0.139	1.19350827434671e-66
Unc45a	4.46923024988258e-71	0.385061520869726	0.434	0.119	1.44289098617459e-66
Cox20	4.57767036082651e-71	0.336184032408302	0.567	0.186	1.47790087599284e-66
Gm16337	4.99358053413526e-71	-0.693992373746541	0.02	0.224	1.61217747544557e-66
Adipor1	5.81024775684458e-71	0.331448169546399	0.507	0.154	1.87583848829727e-66
Ap1s1	5.81827336249461e-71	0.27749165172421	0.356	0.076	1.87842955508139e-66
Zbtb20	6.47708465878594e-71	-0.796082100299908	0.847	0.888	2.09112678208904e-66
Cxcr3	7.14940295192892e-71	0.426528091152327	0.211	0.013	2.30818474303025e-66
Uqcrq	8.02596777598607e-71	0.492790663857363	0.865	0.454	2.5911836964771e-66
Tnrc6c	8.12688267045123e-71	-0.765232612176673	0.752	0.771	2.62376407015518e-66
Gprin3	9.73354923362597e-71	0.456212153577191	0.529	0.178	3.14247637007615e-66
Nfkbib	1.11473957190778e-70	0.347442122861613	0.449	0.125	3.59893670790427e-66
Hnrnpf	1.44298852551787e-70	-0.593046602664805	0.939	0.902	4.65868845463444e-66
Lars2	1.54387081175088e-70	-0.805795433829349	0.657	0.688	4.98438691573771e-66
Atp8a1	1.59319119953377e-70	-1.02788887768103	0.326	0.525	5.14361778769479e-66
Slc25a39	1.88717082691433e-70	0.286837524418152	0.311	0.056	6.0927310146929e-66
Got2	2.37262319763279e-70	0.307826770893658	0.49	0.144	7.66001399355745e-66
Soat1	2.39442917047243e-70	0.336424724309721	0.422	0.112	7.73041457687025e-66
Mex3c	2.80108574942105e-70	0.453020801031327	0.507	0.166	9.04330534200586e-66
Il21	3.20787361838546e-70	0.41588308893281	0.182	0.001	1.03566199769575e-65
Hadha	3.64284417639566e-70	0.379860385192387	0.63	0.228	1.17609224234934e-65
Dhrs7	3.90716775057686e-70	0.280147148634023	0.346	0.072	1.26142910827374e-65
Crim1	3.94347414072268e-70	-0.960442931999655	0.139	0.381	1.27315062633232e-65
Ccr8	4.35133556203456e-70	0.322208871148047	0.191	0.004	1.40482868620286e-65
Fam78a	4.87608163565293e-70	-1.00595254846803	0.255	0.462	1.57424295607055e-65
Vps28	5.07353591478928e-70	0.417972638656397	0.721	0.293	1.63799107008972e-65
Arf6	5.60238879003841e-70	0.364582100293031	0.544	0.176	1.8087312208639e-65
Idh3a	6.32754227909303e-70	0.314517480788958	0.364	0.082	2.04284702480519e-65
Ube2f	6.38820976768907e-70	0.366893368738686	0.474	0.14	2.06243352349841e-65
Cass4	6.40599310895656e-70	0.34526421103831	0.201	0.008	2.06817487522662e-65
Serpina3g	8.93124423142024e-70	0.412016785238348	0.202	0.009	2.88345220011402e-65
Matk	9.49892730852642e-70	0.320330973472347	0.252	0.03	3.06672868155776e-65
Ssr2	9.62369768568946e-70	0.346025989214018	0.5	0.153	3.10701079782484e-65
Mrps21	1.02959271974336e-69	0.401670910106315	0.668	0.257	3.32404009569144e-65
I730030J21Rik	1.34642533941816e-69	0.315956094204906	0.245	0.026	4.34693420831153e-65
Rap1a	1.48258349340937e-69	0.478840545795218	0.965	0.697	4.78652080847215e-65
Ccm2	1.6157104813178e-69	-0.852228917476321	0.595	0.692	5.21632128893451e-65
Plekhm3	1.73784028561838e-69	0.413294452677636	0.357	0.082	5.61061736211893e-65
Igflr1	1.76768135953177e-69	0.360178278791731	0.448	0.127	5.70695926924831e-65
Maml2	1.77760898887883e-69	-0.805315500627591	0.907	0.903	5.7390106205953e-65
B4galt1	1.87107192756014e-69	0.632164568826244	0.769	0.397	6.0407557181279e-65
2900026A02Rik	1.87778662273269e-69	0.430316468643439	0.192	0.006	6.0624341114925e-65
Jaml	2.02035439001801e-69	0.499801646746736	0.257	0.034	6.52271414817316e-65
Tmem14c	2.10679441711326e-69	0.431450463124896	0.704	0.28	6.80178577565015e-65
Mlf2	2.44088664849475e-69	0.314483792747171	0.458	0.129	7.88040254466531e-65
Atp5j2	4.69320961912034e-69	0.494524815766376	0.906	0.529	1.515202725533e-64
Pik3ap1	5.09895410703233e-69	0.34030328821192	0.208	0.013	1.64619733345539e-64
Gabarapl2	5.27247193774049e-69	0.447771203511824	0.77	0.338	1.70221756509952e-64
Yipf3	7.03642060514623e-69	0.315199015763167	0.446	0.125	2.27170839237146e-64
Sec61b	7.91537675881722e-69	0.499572641847282	0.917	0.552	2.55547938658414e-64
Pcnx	7.99641970805095e-69	0.514552655548769	0.579	0.218	2.58164410274425e-64
Btla	8.49428337250274e-69	-0.900924451743532	0.131	0.367	2.74237938681251e-64
Jarid2	9.01366068170025e-69	0.748685600801976	0.932	0.638	2.91006035108693e-64
Prickle1	1.10973505842009e-68	0.70616304691484	0.394	0.11	3.58277963610925e-64
Pabpn1	1.14219502221833e-68	0.459825926079138	0.83	0.397	3.68757662923189e-64
Raet1e	1.30665669533915e-68	0.655313694082306	0.693	0.318	4.21854114090246e-64
Trappc1	1.74477189646757e-68	0.28520107983527	0.374	0.088	5.63299606774553e-64
Ebp	2.14182800063906e-68	0.316145765494768	0.503	0.155	6.91489170006322e-64
Rfx3	2.20878142070791e-68	-1.05448698007378	0.358	0.556	7.1310508167555e-64
Ube2j2	2.44016391327205e-68	0.37443407027723	0.642	0.238	7.87806919399882e-64
Xylt1	2.86132729760725e-68	0.541630629852026	0.49	0.167	9.23779518032502e-64
Fkbp1a	3.49171827199545e-68	0.505356011537958	0.841	0.426	1.12730124411373e-63
Pi4k2a	3.52349567969534e-68	0.338707336664192	0.433	0.122	1.13756058018964e-63
Rwdd1	4.25275942592173e-68	0.406734316814953	0.726	0.296	1.37300338065883e-63
Sdf2	4.27381840957263e-68	0.377579189685977	0.608	0.22	1.37980227353052e-63
Syap1	4.29803574620625e-68	0.335731782703243	0.438	0.124	1.38762084066269e-63
Arl4c	4.77150420111432e-68	-0.913542158548026	0.416	0.581	1.54048013132976e-63
Sqstm1	4.9531268442966e-68	0.457343522606634	0.704	0.298	1.59911700168116e-63
Usp38	6.01404245654034e-68	0.542319156083296	0.725	0.331	1.94163360709405e-63
Chn2	6.65910386312964e-68	0.687097049924162	0.225	0.021	2.1498916822114e-63
Dynlt3	8.46512960130724e-68	0.292076505453115	0.284	0.046	2.73296709178204e-63
Btbd9	9.47274716322077e-68	0.470914124015266	0.736	0.33	3.05827642164582e-63
Ndufb6	9.9951218788778e-68	0.316610307991578	0.493	0.151	3.2269250985957e-63
Setx	1.05986341062271e-67	-0.867342587883671	0.626	0.689	3.42176902119541e-63
Timm17b	1.1698196523598e-67	0.299571081791564	0.421	0.113	3.77676274764362e-63
Timm23	1.19819167240759e-67	0.44533109757916	0.826	0.382	3.86836181436791e-63
Prrg1	1.37362269933813e-67	-0.884123084678067	0.044	0.258	4.43474088481315e-63
Kpna1	1.44215173485344e-67	0.492732061363031	0.642	0.271	4.65598687597433e-63
Nol10	1.59894250068104e-67	0.444290668917593	0.473	0.149	5.16218586344873e-63
Nf1	2.37698559344463e-67	0.400096990852345	0.49	0.159	7.67409798843599e-63
Tcf4	2.42004889255095e-67	0.456856790666363	0.261	0.038	7.81312784960074e-63
Mphosph6	2.42912581247152e-67	0.296928328165016	0.297	0.053	7.8424326855643e-63
Cul2	2.80266731122183e-67	0.416513399908407	0.51	0.172	9.04841141427969e-63
Ifit1	4.27472688719617e-67	-1.18576880040547	0.047	0.262	1.38009557553128e-62
Nenf	6.90958378019628e-67	0.264374398099126	0.254	0.033	2.23075912343637e-62
Tmed3	7.24742432190194e-67	0.261799059540099	0.302	0.055	2.33983094232604e-62
Amz2	1.0704808689406e-66	0.370725776760705	0.385	0.1	3.45604748537473e-62
Esd	1.08814616957239e-66	0.385497455702661	0.7	0.278	3.51307990846447e-62
Iigp1	1.13063223693693e-66	-1.29664495123843	0.065	0.288	3.65024617695086e-62
Arl1	1.21078081550385e-66	0.296747148436222	0.474	0.141	3.90900586285418e-62
Tmem71	1.54167455098575e-66	-0.999697169369645	0.262	0.467	4.9772962878575e-62
Myo3b	1.64192249640957e-66	0.40395199908981	0.201	0.012	5.3009467796583e-62
Card11	1.65055598059168e-66	-0.961166207876602	0.553	0.643	5.32881998334024e-62
Snrpg	1.83264112812073e-66	0.480256255833157	0.953	0.659	5.91668188213778e-62
Xkr6	1.95311382017886e-66	0.382265411334193	0.218	0.018	6.30562796844744e-62
Ppp1r11	2.12655809693285e-66	0.352172787649947	0.607	0.219	6.86559281594772e-62
Tle5	2.40730024450044e-66	0.456248984509842	0.956	0.707	7.77196883936968e-62
Dkkl1	2.43590640364013e-66	0.286608403354167	0.194	0.009	7.86432382415217e-62
Ssna1	2.87976325421995e-66	0.348747662084503	0.502	0.158	9.29731566624911e-62
Denr	3.55345359713455e-66	0.391570499103248	0.651	0.248	1.14723249383489e-61
Trabd	3.9660429507449e-66	0.322922449360436	0.432	0.122	1.28043696664799e-61
Rtraf	4.34337547710559e-66	0.447249056935001	0.771	0.347	1.40225877278354e-61
Arl2bp	5.3291579492664e-66	0.299742442959217	0.493	0.154	1.72051864392066e-61
Ube2a	5.54226957667686e-66	0.325026461627812	0.515	0.164	1.78932173283013e-61
Pbx3	5.7102567584993e-66	0.484588050251118	0.219	0.02	1.8435563944815e-61
Klrb1b	5.87395988971674e-66	0.57577777548638	0.173	0.001	1.89640795039505e-61
Alcam	9.0639402265752e-66	0.4944727562004	0.223	0.022	2.9262931021498e-61
Slc25a19	1.07464891836955e-65	0.26504453434566	0.264	0.039	3.46950403295609e-61
Eif3f	1.10299319985139e-65	0.446018361122831	0.967	0.747	3.5610135457202e-61
Abhd12	1.27640615160139e-65	0.333701261691502	0.481	0.152	4.12087726044509e-61
Ctsa	1.540547731785e-65	0.331244044802007	0.407	0.11	4.97365835206788e-61
Inpp4b	1.75194004400705e-65	-0.477607189988911	0.985	0.984	5.65613843207675e-61
Ivns1abp	1.91941974419864e-65	0.370258411079426	0.544	0.19	6.19684664414531e-61
Bik	2.16503751877256e-65	0.263589410281633	0.182	0.006	6.9898236293572e-61
Serpinb6a	2.24731313639643e-65	0.395780609178826	0.59	0.223	7.25545046085588e-61
Man2a2	2.42137162151938e-65	0.45242437613917	0.403	0.114	7.81739828007531e-61
Adap1	2.59637426327494e-65	0.269520846298165	0.22	0.021	8.38239430898315e-61
Siva1	3.0318491243736e-65	0.314908412199945	0.362	0.087	9.78832489804017e-61
Tdrp	3.19759262641005e-65	-0.555452798487851	0.003	0.176	1.03234277943648e-60
Nde1	3.39190763165952e-65	0.298182410729756	0.356	0.084	1.09507737888128e-60
Srgap2	3.41900380812872e-65	0.480629669965671	0.71	0.319	1.10382537945436e-60
Fam173a	3.86885973850502e-65	0.290590877364926	0.569	0.198	1.24906136657635e-60
Crybg1	4.96688138992165e-65	0.417107023472129	0.553	0.203	1.6035576567362e-60
Mir22hg	5.00738450098786e-65	0.279262024286574	0.204	0.014	1.61663408614393e-60
Zfp410	5.32734055267738e-65	0.325995879788275	0.378	0.097	1.71993189743189e-60
Tm2d2	5.36997372043862e-65	0.288667928018608	0.38	0.095	1.73369601564361e-60
Rps8	6.29127354015471e-65	-0.31757977638788	1	1	2.03113766243895e-60
Psmb1	6.43990511298118e-65	0.462106927455338	0.93	0.609	2.07912336572597e-60
Abl1	7.27210908166005e-65	0.408932152179734	0.541	0.193	2.34780041701395e-60
Rpl39	7.94942612161835e-65	0.346148027821382	1	0.997	2.56647222336448e-60
Acadl	8.58932009466693e-65	0.271674590057769	0.555	0.188	2.77306199256322e-60
Mien1	9.25113405264777e-65	0.332743369896993	0.618	0.227	2.98672862889733e-60
Mkrn1	9.54524124552973e-65	0.373301332638455	0.685	0.272	3.08168113611927e-60
Gpr171	1.04694267619502e-64	0.361569086978038	0.465	0.146	3.38005443009562e-60
Leprot	1.1644384480239e-64	0.282401871618814	0.327	0.07	3.75938952944516e-60
Kdm6b	1.17006395703264e-64	0.488897807858249	0.619	0.259	3.77755148527988e-60
Mapk3	1.3568409060507e-64	0.266451965679319	0.287	0.051	4.38056086518468e-60
Fgf2	1.38163775065404e-64	0.28408571040975	0.179	0.005	4.46061747798658e-60
Adam8	1.7403572481172e-64	0.300060189201973	0.172	0.003	5.61874337554637e-60
Tmem59	1.74079576393142e-64	0.467540232982415	0.873	0.464	5.62015912385259e-60
Pacsin1	1.86351861992219e-64	-0.852027265015477	0.085	0.306	6.01636986441881e-60
Ipcef1	2.59423960126712e-64	-0.853121150417782	0.679	0.743	8.3755025526909e-60
Sept7	2.8875709249783e-64	0.462737367084089	0.951	0.644	9.32252273129245e-60
Tma7	3.36316577796873e-64	0.474693194927493	0.938	0.614	1.08579807141721e-59
Tomm7	4.28461419840424e-64	0.448452441549169	0.838	0.414	1.38328769395481e-59
Atl3	4.61888766125383e-64	0.415043856755028	0.542	0.196	1.4912078814358e-59
Ifit3	5.39434540214566e-64	-0.952509753455481	0.018	0.205	1.74156441308273e-59
Vmn2r97	5.45671085414066e-64	-0.697338619496137	0.03	0.225	1.76169909925931e-59
Gm47015	6.90965990858376e-64	0.482742677457129	0.448	0.145	2.23078370148627e-59
Kras	7.70915432213005e-64	0.474318067419072	0.843	0.442	2.48890047289969e-59
Wbp1	1.17518146768945e-63	0.287883497798097	0.247	0.033	3.7940733684354e-59
Marcksl1	1.30038603773378e-63	0.358694605759609	0.212	0.019	4.1982963228235e-59
Mthfsl	1.36711207495821e-63	0.385212740447422	0.282	0.051	4.4137213340026e-59
Itga6	1.62646531676895e-63	-0.94455275374593	0.237	0.449	5.25104327518855e-59
Ccdc124	1.88166878914425e-63	0.292267500148956	0.432	0.124	6.07496768575222e-59
Cep112	2.42899789810829e-63	0.676337332253468	0.174	0.004	7.8420197140426e-59
Zbtb7a	2.57290468091511e-63	0.342545225768937	0.59	0.216	8.30662276233445e-59
Fam89b	3.01292739427325e-63	0.292737819420461	0.404	0.111	9.7272360924112e-59
Mrpl57	3.23495259345252e-63	0.317204408495762	0.609	0.222	1.04440444479614e-58
Gm43065	3.63341470158419e-63	0.28178843193738	0.281	0.05	1.17304793640646e-58
Ei24	3.83658058308771e-63	0.287306825858316	0.305	0.063	1.23864004124987e-58
Atp2a2	3.87048556357336e-63	0.407064493777934	0.667	0.271	1.24958626419966e-58
Chmp2a	4.07517742922704e-63	0.412820497791838	0.746	0.329	1.31567103302595e-58
Ppp1r13b	4.3701834378144e-63	-0.88319874687619	0.251	0.461	1.41091372289838e-58
Borcs8	5.47229758459957e-63	0.290586397310803	0.445	0.134	1.76673127518797e-58
Rpl37a	5.65899399234071e-63	0.296321156627794	1	0.997	1.8270062104272e-58
Hexb	5.939720932028e-63	-0.882085123533088	0.308	0.486	1.91763890290524e-58
Sik2	6.6485896548254e-63	0.560338001653979	0.735	0.363	2.14649717006038e-58
Eno1	7.04881790928936e-63	0.44079591378463	0.723	0.326	2.27571086201407e-58
Vdac1	7.16725956524987e-63	0.327321605312521	0.497	0.163	2.31394975064092e-58
Ptpa	8.31281030425151e-63	0.334603159740504	0.536	0.185	2.6837908067276e-58
Vdac2	1.06520403172982e-62	0.422937199365867	0.749	0.337	3.43901121643972e-58
Nedd8	1.25932918721587e-62	0.440344525043353	0.904	0.499	4.06574428092643e-58
Skap2	1.45433248389808e-62	0.299362072809864	0.354	0.089	4.69531242426495e-58
Gm15655	1.4765847156846e-62	0.280924923332405	0.186	0.01	4.76715375458774e-58
Ndufa3	1.52237317462095e-62	0.383459842695269	0.686	0.279	4.91498179426372e-58
Rab11a	1.56102557056186e-62	0.263788973398976	0.535	0.18	5.03977105455895e-58
Nudt4	1.66906183091519e-62	0.265869884938279	0.422	0.122	5.38856612110969e-58
Prnp	1.85810604773221e-62	0.282529589366652	0.216	0.022	5.99889537510342e-58
AI662270	3.26485244087065e-62	0.326599493682053	0.572	0.207	1.05405761053509e-57
Ly6g5b	3.29698932188593e-62	0.310813816856588	0.163	0.001	1.06443300257087e-57
Sap18	3.53530422035592e-62	0.377965466372063	0.579	0.212	1.14137296754191e-57
Arhgap45	3.76511198451085e-62	-0.619824354804236	0.883	0.849	1.21556640419933e-57
Fundc2	4.00670403353711e-62	0.332295854917337	0.583	0.214	1.29356439722746e-57
Ccr2	4.09709967000819e-62	0.433023662989309	0.18	0.008	1.32274862846214e-57
Nfatc2	4.56792841431693e-62	0.415457175656315	0.623	0.25	1.47475568856222e-57
Slfn8	4.76331762833428e-62	-0.985164606094662	0.183	0.399	1.53783709630772e-57
Eif5a	5.20562746583642e-62	0.483993064949838	0.892	0.518	1.68063682734529e-57
Acot9	5.49985552314827e-62	0.308576421377665	0.517	0.175	1.77562835564842e-57
Ifitm1	5.6544333724309e-62	1.28059250052391	0.174	0.006	1.82553381428932e-57
Tsc22d2	6.30990341962096e-62	0.481070766695062	0.681	0.301	2.03715231902463e-57
Dipk2a	6.33328729530983e-62	0.355702017972431	0.279	0.052	2.04470180329078e-57
Crot	7.40240995668818e-62	0.280293268898976	0.409	0.114	2.38986805451678e-57
H2-K1	8.05610473593965e-62	0.355325516934583	0.999	0.996	2.60091341399811e-57
Atp10a	8.10858095274792e-62	0.597475075777409	0.637	0.288	2.61785536059467e-57
Dennd2d	8.42728867293855e-62	-0.811573453788616	0.105	0.318	2.72075014805821e-57
Cited2	8.64126711849966e-62	0.453742633411693	0.521	0.19	2.78983308920761e-57
Runx3	9.9060299250794e-62	0.608012823223505	0.581	0.244	3.19816176131189e-57
Map3k3	1.04327909986283e-61	-0.938959795728216	0.397	0.549	3.36822657390716e-57
Phf21a	1.10834876886815e-61	-0.853393850189696	0.727	0.76	3.57830400029083e-57
Plxdc2	1.12854454018076e-61	0.640083210105177	0.247	0.04	3.64350604797359e-57
Dok1	1.26195924493081e-61	0.265793159535213	0.244	0.035	4.07423542225913e-57
Xbp1	1.26325031379469e-61	0.274430941561072	0.353	0.087	4.07840363808614e-57
Ccnc	1.69643634092266e-61	0.325365344230688	0.427	0.128	5.47694472666881e-57
Ccnd2	1.7395996494534e-61	-0.967874773656673	0.628	0.702	5.61629746826031e-57
Nfat5	2.44196521840594e-61	0.559798722005738	0.807	0.436	7.88388470762357e-57
Atp6v0c	2.6211844132278e-61	0.394935468355853	0.721	0.311	8.46249387810595e-57
Atf7ip	3.19167715683085e-61	-0.872443748521784	0.58	0.662	1.03043297008284e-56
Dad1	4.06129323468163e-61	0.533679296559667	0.84	0.45	1.31118852081696e-56
Snapc5	4.06915340126882e-61	0.274183830885845	0.488	0.157	1.31372617559964e-56
Dpm3	4.31257799967662e-61	0.289545805590214	0.521	0.177	1.3923158071956e-56
Pygb	4.53230379034097e-61	0.354877177418963	0.518	0.182	1.46325427871158e-56
Gpr107	5.70185210920045e-61	0.306949028706553	0.512	0.175	1.84084295345537e-56
Uqcrb	5.87419891272912e-61	0.372429231072133	0.715	0.306	1.8964851189746e-56
Cd160	6.40204354865266e-61	0.415151048217427	0.195	0.015	2.06689975968251e-56
Cflar	7.12832241380611e-61	-0.893850296506319	0.473	0.584	2.3013788912973e-56
Rex1bd	8.14298209510998e-61	0.274441196002826	0.521	0.176	2.62896176940626e-56
Zcrb1	8.44795671586932e-61	0.345209057074849	0.629	0.247	2.72742282571841e-56
Mrtfa	1.0929236621106e-60	-0.875132292005224	0.585	0.651	3.52850404312408e-56
Diaph1	1.15035541535348e-60	0.495319379320283	0.923	0.627	3.71392245846872e-56
Nipal1	1.34155244791776e-60	0.354006781455009	0.296	0.062	4.33120207810248e-56
Surf4	1.34822134141836e-60	0.292520260848463	0.485	0.158	4.35273260076916e-56
Srp14	1.5430981405625e-60	0.462240324263023	0.859	0.46	4.98189234680602e-56
Ndufa11	1.58167053102849e-60	0.357464301963529	0.682	0.277	5.10642330942546e-56
Slc41a2	1.71486040438808e-60	0.427157837685065	0.166	0.004	5.53642681556691e-56
Gm34006	1.87142631936361e-60	-0.580284581954769	0.016	0.191	6.04189987206543e-56
Degs1	1.92440017342071e-60	0.290142313671259	0.444	0.137	6.21292595988876e-56
Krtcap2	1.95478906498244e-60	0.444952130284934	0.834	0.425	6.31103649629579e-56
2210408F21Rik	2.38061550130834e-60	0.334349982268614	0.167	0.004	7.68581714597397e-56
Vps37a	2.54070343602465e-60	0.303950489121788	0.496	0.166	8.20266104320557e-56
Rnasek	2.7265972592927e-60	0.404600416108544	0.822	0.394	8.80281925162648e-56
Hvcn1	2.77841844519093e-60	0.285021207890076	0.429	0.129	8.97012395029891e-56
Rrad	2.80217544522182e-60	0.578664838252541	0.304	0.071	9.04682342489865e-56
Trmt61b	2.89759122419868e-60	0.708293150805164	0.261	0.048	9.35487326732543e-56
Man1b1	3.12432555206398e-60	0.40089620121454	0.346	0.09	1.00868850448386e-55
Galnt3	3.24770677485865e-60	0.30256794562114	0.165	0.004	1.04852213226311e-55
P4hb	3.28946566943784e-60	0.298872013218701	0.488	0.161	1.06200399137801e-55
Tnfrsf25	3.72844263308824e-60	0.354070777716679	0.315	0.072	1.20372770409254e-55
Sh3bgrl	4.83493539013773e-60	0.294911214525903	0.416	0.125	1.56095889070597e-55
Bpnt1	5.32618348513753e-60	0.35471314601311	0.256	0.043	1.71955833817665e-55
Tmem50a	5.77421141359295e-60	0.43285748027378	0.958	0.662	1.86420415487849e-55
Egln3	5.82411239094373e-60	0.348593027755187	0.235	0.033	1.88031468541618e-55
Ywhah	6.47296453686827e-60	0.372761163615267	0.762	0.337	2.08979660072792e-55
Vamp5	6.69292058289484e-60	0.313238238107215	0.288	0.059	2.1608094101876e-55
Slc38a10	7.03406646644605e-60	0.290592890431521	0.447	0.141	2.27094835869211e-55
Gnpda2	7.46200611410049e-60	0.293802147151408	0.369	0.099	2.40910867393734e-55
Mboat1	7.46236370209692e-60	-0.726207852844999	0.052	0.25	2.40922412122199e-55
Gm47769	7.83994316487052e-60	0.264397417577016	0.155	0	2.53112565077845e-55
Polr2k	9.41650292258876e-60	0.290354516704051	0.486	0.16	3.04011796855778e-55
Cdip1	1.04464017319326e-59	0.345937087647801	0.499	0.173	3.37262079915444e-55
Zfp52	1.18471552888373e-59	0.301370261743395	0.344	0.086	3.82485408500112e-55
Aff1	1.19085047434209e-59	0.655558503631636	0.747	0.405	3.84466075641344e-55
Ddx3x	1.20255749551061e-59	0.439251473404608	0.779	0.38	3.88245687425602e-55
Arhgdia	1.22432686229147e-59	0.410600170027028	0.812	0.395	3.952739274908e-55
Mfsd14a	1.32563648272134e-59	0.328600196283726	0.511	0.179	4.27981738446586e-55
Med10	1.41341246974732e-59	0.300368856687602	0.488	0.162	4.56320215857921e-55
Bsg	1.55770038364195e-59	0.361282891856384	0.675	0.272	5.02903568858804e-55
Trerf1	1.69242046918324e-59	0.555630934196537	0.711	0.351	5.46397948475811e-55
Arid5a	1.82445145562565e-59	0.3554876941366	0.572	0.216	5.8902415244874e-55
Rras2	2.00713171610866e-59	-0.817494504204149	0.079	0.287	6.48002474545681e-55
Gnptab	2.01753262518806e-59	0.476999804092424	0.383	0.115	6.51360408041966e-55
Klf10	2.07055050797869e-59	0.304339500901701	0.266	0.049	6.68477231500921e-55
Pop4	2.25014763968767e-59	0.266977384971561	0.278	0.053	7.26460165473165e-55
Bcl9	2.75071246472825e-59	-0.758792304953628	0.049	0.242	8.88067519237514e-55
Scand1	3.53105814154874e-59	0.422380936089204	0.835	0.423	1.14000212099901e-54
Snx25	4.43599430910347e-59	0.393801553523132	0.496	0.176	1.43216076269406e-54
Hspa5	4.94793880181683e-59	0.468091729638455	0.899	0.525	1.59744204216656e-54
Pdgfb	5.42810053704418e-59	0.253916309275156	0.19	0.014	1.75246225838471e-54
Mettl26	5.7740688264051e-59	0.272494000964045	0.433	0.134	1.86415812060489e-54
Tceal9	5.98576774150863e-59	0.263138670345004	0.359	0.094	1.93250511534606e-54
Abca2	7.16429290192036e-59	0.250789910791529	0.261	0.046	2.31299196338499e-54
Sptbn1	8.75229321272529e-59	-0.818787502322428	0.609	0.655	2.82567786372836e-54
Capza2	1.11343125048378e-58	0.396928062212387	0.872	0.461	3.5947127921869e-54
Herpud1	1.14124930411049e-58	0.318237421801242	0.47	0.156	3.68452337832073e-54
Gtf2h5	1.28549276652301e-58	0.335757189442285	0.626	0.244	4.15021339671953e-54
Gm17056	1.64585084232985e-58	0.287482616271089	0.178	0.01	5.31362944446191e-54
Ms4a6c	1.83404804843355e-58	-0.777243131357426	0.086	0.289	5.92122412436772e-54
Arpc4	2.04354002362052e-58	0.365793062882657	0.741	0.329	6.59756896625886e-54
Anapc13	2.29439414736459e-58	0.274990047357837	0.426	0.131	7.40745150476657e-54
Per1	2.33583123753854e-58	0.30041852468581	0.463	0.153	7.54123115039317e-54
Usp3	2.46076324072922e-58	-0.808522727888984	0.703	0.721	7.94457412269428e-54
Wdr1	2.47517983741867e-58	0.405313992374763	0.745	0.34	7.99111810510617e-54
Fbxo30	2.84926754214956e-58	0.28646410370934	0.18	0.011	9.19886025982985e-54
Itgb1	3.20112084939681e-58	0.498543972781496	0.435	0.145	1.03348186622776e-53
Ciao2a	3.59142902952429e-58	0.297383615313547	0.517	0.181	1.15949286218192e-53
Cdc42ep3	3.82309947923094e-58	0.314410625292033	0.357	0.095	1.23428766686971e-53
Dazap2	3.93404215527227e-58	0.392725319206316	0.795	0.369	1.27010550982965e-53
Adprh	5.3693528573965e-58	0.270705055697089	0.422	0.129	1.73349557001046e-53
Incenp	5.65191082623608e-58	0.285727340368376	0.299	0.065	1.82471941025032e-53
Arhgef1	5.84925845697977e-58	-0.728572412369282	0.762	0.733	1.88843309283592e-53
Dlg2	5.95916773169617e-58	0.553032323713994	0.16	0.004	1.92391730217811e-53
Zdhhc15	6.55491845606648e-58	-0.896373356409191	0.113	0.32	2.11625542354106e-53
Tprgl	7.98740655790703e-58	0.319661399846467	0.659	0.266	2.57873420722029e-53
Tacc2	8.19861504188518e-58	0.295449657536025	0.225	0.031	2.64692286627263e-53
Arl15	1.04998269535129e-57	0.696531491192526	0.857	0.601	3.38986913194163e-53
Thap12	1.1188585088705e-57	0.382691548796472	0.473	0.167	3.6122346958884e-53
Eloa	1.12539168499417e-57	0.271189119096178	0.434	0.137	3.63332705500368e-53
Dtnbp1	1.25373408782227e-57	0.261377877029005	0.428	0.133	4.0476805025342e-53
Ppp3cc	1.25912412921972e-57	0.454288183480208	0.707	0.325	4.06508225118586e-53
Dipk1a	1.59955763432147e-57	-0.992302249275515	0.312	0.487	5.16417182240687e-53
Gnb1	1.94752630246216e-57	0.438704134052997	0.897	0.527	6.28758866749908e-53
Tmem128	2.3801804420683e-57	0.258509356167928	0.526	0.186	7.68441255721751e-53
5830408C22Rik	2.50343044641469e-57	0.270490676491961	0.246	0.041	8.08232519624983e-53
Oas2	2.68892227817231e-57	-0.539223706667959	0.003	0.155	8.6811855750793e-53
4930503L19Rik	3.58106101670538e-57	0.275102823900469	0.29	0.063	1.15614554924333e-52
Cntln	3.64523267368845e-57	0.320951329503477	0.175	0.011	1.17686336870032e-52
Gng5	3.68942230847749e-57	0.394972163095181	0.944	0.644	1.19112999229196e-52
Tmf1	4.42525448898129e-57	0.304163456137122	0.531	0.194	1.42869341176761e-52
Aurkaip1	5.79044934019049e-57	0.316535161526614	0.63	0.246	1.8694465694805e-52
D5Ertd579e	5.80609690648868e-57	0.286845603639814	0.461	0.153	1.87449838625987e-52
Ptpn6	5.81452136448061e-57	0.38170288225247	0.606	0.249	1.87721822252256e-52
Snx5	7.0467524590011e-57	0.375485937520678	0.712	0.316	2.2750440313885e-52
Htatip2	7.82572276214775e-57	0.274474159328968	0.317	0.077	2.5265345937594e-52
Coro1a	8.2361475833305e-57	0.396684185747288	0.994	0.933	2.65904024727825e-52
Prkcsh	8.46664866991622e-57	0.260663452817952	0.389	0.113	2.73345752308245e-52
Coro1c	8.71884139936479e-57	0.295973437536657	0.486	0.168	2.81487794578492e-52
Pglyrp1	1.21199239635603e-56	0.354435482061935	0.241	0.041	3.91291745163545e-52
Stk38l	1.31805731267273e-56	0.303686172154565	0.336	0.087	4.2553480339639e-52
Insyn2b	1.33186833399069e-56	-0.89703591603464	0.56	0.638	4.29993691628895e-52
Ptbp1	1.44585189696172e-56	0.310896155416774	0.607	0.239	4.66793284934092e-52
Sdf4	1.91200500531449e-56	0.417450521142334	0.808	0.42	6.17290815965782e-52
Bin1	2.37147853659845e-56	0.309423481649479	0.664	0.272	7.6563184554081e-52
Hivep2	2.52910900888539e-56	0.576129366534722	0.97	0.797	8.16522843518649e-52
Plekhf1	2.7288782651649e-56	0.252376786938522	0.149	0.001	8.81018347908487e-52
Blmh	2.72936855830377e-56	0.290431156024977	0.457	0.154	8.81176639048373e-52
Wdr83os	3.04098220110537e-56	0.295578415144704	0.57	0.212	9.8178110362687e-52
Arf1	4.64449476460792e-56	0.403758605264827	0.826	0.417	1.49947513475367e-51
Gramd4	5.12652169372679e-56	-0.752203701697113	0.07	0.265	1.65509752881969e-51
Runx1	7.31504679587031e-56	0.645887193278778	0.959	0.916	2.36166285804673e-51
Azin1	7.68432596653768e-56	0.331945017904298	0.522	0.192	2.48088463829669e-51
Tsg101	8.06838441060848e-56	0.274038157429526	0.516	0.185	2.60487790696495e-51
Jtb	8.92525625884871e-56	0.250442625646535	0.536	0.192	2.88151898316931e-51
Cbl	9.23449537359322e-56	-0.787664177482276	0.657	0.67	2.98135683136457e-51
Gabpb1	9.81423900028121e-56	0.509015122744468	0.527	0.213	3.16852706124079e-51
Fam185a	1.17616515578215e-55	0.331374081804273	0.237	0.04	3.79724920544266e-51
Rnpep	1.18665964824524e-55	0.252733117217458	0.346	0.092	3.83113067435975e-51
Tor2a	1.22972144036738e-55	0.251572387754795	0.345	0.092	3.97015567022608e-51
Csnk1a1	1.51368118412654e-55	0.454231799483205	0.953	0.7	4.88691970295254e-51
Uap1	1.6814212457116e-55	0.283463810100479	0.293	0.067	5.42846849177991e-51
Tspan5	1.70815148481045e-55	0.422623509872564	0.633	0.281	5.51476706871054e-51
Commd7	1.71722635515538e-55	0.269517662662413	0.587	0.227	5.54406528761916e-51
Psmc5	1.93954799006651e-55	0.265458198118106	0.56	0.205	6.26183068592974e-51
Cenpx	2.113149617988e-55	0.28920511480414	0.521	0.188	6.82230354167427e-51
Cd200	2.19008473421369e-55	0.284045910607632	0.278	0.06	7.0706885644089e-51
Treml2	2.20933006009888e-55	-0.779792568852284	0.085	0.279	7.13282209902925e-51
Shld1	2.32456520459294e-55	0.398570906870212	0.403	0.129	7.50485876302829e-51
Tex261	2.52438745986101e-55	0.265819167082577	0.546	0.201	8.14998491416128e-51
Myo10	2.74333075475332e-55	0.530864836603445	0.413	0.141	8.85684334172111e-51
Usp24	2.83336265312193e-55	-0.888022178969887	0.397	0.525	9.14751132560414e-51
Stk19	2.87956915765493e-55	0.267411138862058	0.317	0.08	9.29668902548893e-51
Mbnl1	3.00914873335057e-55	-0.373030278214053	0.992	0.988	9.7150366856223e-51
Abr	3.09079999382525e-55	0.373095308198007	0.402	0.127	9.97864778006482e-51
Rpl10a	3.12600275796423e-55	-0.352431304593653	0.999	0.997	1.00922999040875e-50
Ulk1	3.46700142987512e-55	0.251306655563365	0.247	0.043	1.11932141163518e-50
Rpl21	3.79676051162306e-55	-0.319369843720083	1	0.999	1.2257841311775e-50
Ndel1	4.11379500713289e-55	0.424031121387673	0.597	0.249	1.32813871805285e-50
Fbxo11	4.21618067086089e-55	0.671298796989249	0.844	0.534	1.36119392958744e-50
Ubxn1	4.36481167594654e-55	0.364040285689532	0.808	0.38	1.40917944957934e-50
Nubp1	4.44609295607381e-55	0.274815019755519	0.452	0.149	1.43542111086843e-50
Mrpl20	4.49627062763537e-55	0.288017596515641	0.618	0.24	1.45162097213208e-50
Clta	4.95198269162389e-55	0.433393658262315	0.909	0.589	1.59874761199077e-50
Ccdc12	5.29262688198522e-55	0.35633438206244	0.765	0.35	1.70872458884893e-50
Fam102a	5.36040862232299e-55	-0.768525869102752	0.479	0.585	1.73060792371698e-50
Ndufa7	5.57700732319128e-55	0.372029458064317	0.744	0.346	1.80053681429231e-50
Ramac	7.07384807627273e-55	0.294252737154266	0.495	0.175	2.28379185142465e-50
Tpm3	7.10739705799803e-55	0.443579115105046	0.944	0.681	2.29462314017466e-50
Gm16201	8.42584998689028e-55	0.262335889137156	0.202	0.024	2.72028566826753e-50
Fbxo34	8.66788974316521e-55	0.339193870871929	0.396	0.124	2.79842820358089e-50
Fryl	9.0830663015024e-55	0.545319260620543	0.948	0.714	2.93246795544005e-50
Myo16	9.78166186815979e-55	0.395699139364613	0.15	0.003	3.15800953413539e-50
Cops4	1.11973451311652e-54	0.293801346712201	0.546	0.205	3.6150628755967e-50
Prdx5	1.13059098532818e-54	0.344830231976844	0.73	0.323	3.65011299613203e-50
Vdac3	1.16417929446401e-54	0.27979586572375	0.521	0.188	3.75855285217705e-50
Atp6v0e	1.24328802920591e-54	0.402230338257142	0.852	0.451	4.01395540229129e-50
Snrnp27	1.24943132669484e-54	0.260752545715959	0.483	0.166	4.03378903823428e-50
Vwa8	1.48892095729585e-54	0.280959502965151	0.428	0.142	4.80698131062966e-50
Elmo1	1.66988427542315e-54	0.482931088063073	0.992	0.9	5.39122138320364e-50
Zc3h7a	1.8072826603536e-54	0.39341754059236	0.697	0.32	5.8348120689516e-50
Tjp2	1.96117195185902e-54	0.272256368727099	0.187	0.019	6.33164364657686e-50
Chpt1	1.97559549150181e-54	0.30376379021099	0.22	0.033	6.37821004431359e-50
E230029C05Rik	2.54600665869075e-54	0.256628573368971	0.179	0.014	8.21978249758308e-50
Ubac2	2.57376253984502e-54	-0.681441457985535	0.762	0.759	8.30939235988964e-50
Ntng2	2.95402095515351e-54	0.275705790616766	0.221	0.033	9.53705665371311e-50
Uqcrfs1	3.49445187124494e-54	0.330529282555502	0.65	0.271	1.12818378663143e-49
Eif4e	4.47650367231671e-54	0.34637361316615	0.569	0.222	1.44523921060745e-49
Hopx	4.80173499582147e-54	0.321411974137367	0.193	0.021	1.55024014340096e-49
Rab3ip	4.82390358617635e-54	-0.88474845034562	0.271	0.456	1.55739727279703e-49
Nrbp1	4.84952388622948e-54	0.258426356470833	0.521	0.188	1.56566878666919e-49
Stat5a	5.07157583088245e-54	0.43956818439606	0.461	0.168	1.6373582570004e-49
Utp11	6.03417775972582e-54	0.251217482288855	0.467	0.159	1.94813428972748e-49
Ndufc2	6.61062969321543e-54	0.280820994936635	0.633	0.254	2.1342417964546e-49
Tmed9	7.8859681837589e-54	0.404829380225597	0.837	0.421	2.54598482812656e-49
Mri1	8.3813208607378e-54	0.258537720372617	0.387	0.117	2.7059094398892e-49
Fam3c	1.00016350335138e-53	0.355652927183634	0.732	0.335	3.22902787056993e-49
Abcf1	1.20993796802085e-53	0.358276927149489	0.729	0.333	3.90628472975531e-49
Rtp4	1.23362052020264e-53	-0.75438388558346	0.062	0.25	3.98274384947421e-49
Fam216a	1.27399994276719e-53	0.251313906163626	0.27	0.058	4.11310881522388e-49
Psmd13	1.34363781332505e-53	0.267263816790995	0.55	0.203	4.33793468031992e-49
Ifi27	1.37516141612722e-53	0.367979210953504	0.616	0.265	4.43970863196673e-49
Bax	1.62341050202608e-53	0.346972385589596	0.702	0.305	5.24118080579121e-49
Itm2c	1.81737496657695e-53	0.281169254523825	0.439	0.146	5.86739507959367e-49
Bnip2	2.27926351127391e-53	0.264445711901347	0.562	0.211	7.35860224614781e-49
Slc49a4	2.61261301955047e-53	-0.750632667264135	0.096	0.29	8.43482113361871e-49
Nek7	2.70187282341874e-53	0.434217318998328	0.845	0.488	8.7229964104074e-49
Golph3	2.93857166592657e-53	0.315303404839469	0.647	0.269	9.48717862344394e-49
Anxa5	3.05077942347414e-53	0.277548711299366	0.574	0.225	9.84944136868626e-49
Gm27162	3.30558633791122e-53	0.261023898804772	0.213	0.031	1.06720854919464e-48
Becn1	4.04164532796818e-53	0.276977362455105	0.5	0.182	1.30484519413453e-48
Tsix	4.25182938990009e-53	-0.798787364741197	0.044	0.221	1.37270311852925e-48
Dctn3	4.72409093432646e-53	0.284715013404387	0.606	0.235	1.5251727581473e-48
Cox14	4.78226248582695e-53	0.306160632466824	0.663	0.279	1.54395344354923e-48
Tmem176a	4.79320644001961e-53	0.475861954322818	0.157	0.008	1.54748669916033e-48
Dnaja1	5.63372232146573e-53	-0.62135128776926	0.879	0.836	1.81884725148521e-48
Ppm1d	5.9933279111903e-53	0.291864516483122	0.404	0.131	1.93494591612779e-48
Wwp2	6.05101048794592e-53	0.352577969471079	0.642	0.282	1.95356873603334e-48
Ost4	6.40114990977904e-53	0.294446786380137	0.633	0.259	2.06661124837216e-48
Cycs	6.6746142130913e-53	0.331584387131554	0.54	0.21	2.15489919869653e-48
Eloc	6.82491854147607e-53	0.307785213123174	0.672	0.284	2.20342495111555e-48
Ubald2	6.94808741554178e-53	0.33357671428763	0.588	0.237	2.24319002210766e-48
Rps18	7.66493441057048e-53	-0.378931050239331	0.994	0.992	2.47462407445268e-48
Vgll4	9.01266779990979e-53	0.543268232017174	0.792	0.47	2.90973979920087e-48
Tmem234	9.94649921517139e-53	0.395764925428942	0.84	0.446	3.21122727161808e-48
Zdhhc2	1.04621488387761e-52	0.317057716649998	0.237	0.043	3.37770475259887e-48
Numb	1.07393309536813e-52	-0.821915437912206	0.526	0.616	3.46719299839602e-48
Nipbl	1.25779720601103e-52	-0.583943624256992	0.92	0.881	4.06079827960661e-48
Emc3	1.57856216260569e-52	0.286450215769329	0.465	0.165	5.09638794197247e-48
Lactb	1.58746739950104e-52	0.266334409832419	0.361	0.106	5.1251384992891e-48
Slc16a5	1.77380283590321e-52	-0.435890136135399	0	0.137	5.72672245571352e-48
Sorl1	1.80698220459391e-52	0.370398647341422	0.482	0.181	5.83384204753144e-48
Nck2	1.87322093301118e-52	-0.85072907097331	0.211	0.395	6.04769378222659e-48
Fmnl1	1.9382834686736e-52	0.375065614133054	0.78	0.388	6.25774817861272e-48
Srek1ip1	2.10212779331193e-52	0.264308738354953	0.349	0.1	6.78671958070757e-48
Xlr4a	2.23976009592817e-52	0.256787768072004	0.311	0.08	7.23106546970411e-48
Stard4	2.63134653803355e-52	0.255940183982567	0.293	0.071	8.49530229804133e-48
Tmem176b	4.18643065768611e-52	0.461271855969229	0.161	0.01	1.35158913783396e-47
Ndufs8	4.58673002136495e-52	0.252415922565287	0.47	0.164	1.48082578739767e-47
1700062C10Rik	5.57461891446974e-52	-0.944777670047226	0	0.136	1.79976571653656e-47
Kcnn4	6.10751280309398e-52	-0.872777253056988	0.334	0.483	1.97181050847889e-47
Trib1	6.70015539561895e-52	0.263316398680639	0.194	0.024	2.16314516947558e-47
Wdfy2	6.76265065230138e-52	0.296562908398285	0.379	0.119	2.1833217630955e-47
Map3k8	8.03832462993059e-52	0.329276269600706	0.226	0.04	2.59517310677309e-47
Dynlrb1	9.39816938674567e-52	0.332227671148204	0.711	0.318	3.03419898651084e-47
Rnft1	9.86421404246811e-52	0.385783907982353	0.449	0.164	3.18466150361083e-47
Atp5g2	9.88812458517033e-52	0.417542522049853	0.927	0.638	3.19238102232224e-47
Sumo3	1.00541881624914e-51	0.253622394126222	0.425	0.141	3.24599464826035e-47
Atg7	1.09673304513295e-51	0.281076709305446	0.461	0.166	3.54080263621172e-47
Tmem167	1.11699634500962e-51	0.349830321925295	0.754	0.36	3.60622269986355e-47
Cyp51	1.15588539737037e-51	0.318319569070206	0.357	0.107	3.73177600541024e-47
Dapl1	1.23724560800949e-51	-0.757424915752782	0.004	0.144	3.99444744545865e-47
Gm26917	1.53969132950931e-51	0.460292308205124	0.632	0.288	4.97089345732081e-47
Psmb3	1.60685754143846e-51	0.397734970336971	0.825	0.428	5.18773957253408e-47
Naa10	2.35770197593608e-51	0.261917012725699	0.468	0.166	7.61184082930962e-47
Mrps16	2.80044371081148e-51	0.308266159835722	0.604	0.247	9.04123252035488e-47
Klrd1	3.04676636747698e-51	0.764246139011458	0.195	0.028	9.83648521739944e-47
Vipr1	3.97179319338128e-51	-0.430691238412145	0.002	0.138	1.28229343248315e-46
Gm50397	4.12058154228166e-51	0.265541073374973	0.136	0.001	1.33032975092563e-46
Rassf2	4.85831864974884e-51	-0.787515050386576	0.182	0.369	1.56850817607141e-46
Zfpm1	5.11777414464434e-51	0.29260253513986	0.358	0.109	1.65227338259842e-46
Agpat4	5.52165875794116e-51	0.279602426687961	0.329	0.092	1.7826675300013e-46
Tspan32	8.5114517428965e-51	-0.789880807630068	0.381	0.527	2.74792219519414e-46
Eml4	8.51499923118155e-51	0.471612640104013	0.83	0.476	2.74906750178696e-46
Bard1	8.72912277233434e-51	0.308915939181916	0.209	0.033	2.81819728704814e-46
Rps25	1.10917492012192e-50	-0.328504643380241	0.998	0.992	3.58097122961363e-46
Ncald	1.18180177132152e-50	0.280641701334172	0.199	0.028	3.81544701871153e-46
Cenpa	1.20718578596568e-50	0.377091389180094	0.451	0.164	3.8973993099902e-46
Gpi1	1.44718853020045e-50	0.407262240559709	0.792	0.417	4.67224816975216e-46
Camk2g	1.515965095504e-50	0.263264336783867	0.481	0.176	4.89429331083465e-46
Smco4	1.54487951247781e-50	0.272888213409647	0.344	0.101	4.9876435060346e-46
Mrpl33	1.92528620910886e-50	0.37178265733695	0.76	0.371	6.21578652610797e-46
Hmox2	2.14575732044132e-50	0.290552104187575	0.609	0.253	6.9275775090448e-46
Ergic1	2.1466050131926e-50	0.264906698511114	0.295	0.075	6.93031428509229e-46
Tnfrsf8	2.27069573242744e-50	0.313145872388352	0.155	0.009	7.330941172142e-46
Higd1a	2.4759315332847e-50	0.302171518931605	0.618	0.257	7.99354495520964e-46
Arih1	2.77201474991987e-50	0.583213738320405	0.961	0.761	8.9494496201163e-46
Pon2	2.80439173349692e-50	0.280991982402139	0.522	0.202	9.05397871159479e-46
Rasgrp1	3.3376663033966e-50	-0.798035255593343	0.532	0.605	1.07756556605159e-45
Os9	4.71277963062513e-50	0.293131300199813	0.616	0.257	1.52152090374732e-45
Gclc	5.36089558358291e-50	0.463538875235152	0.4	0.138	1.73076513915974e-45
Slc27a6	5.53224057850293e-50	0.300899251037944	0.137	0.003	1.78608387076967e-45
Fam204a	5.93387635381093e-50	0.252979252235037	0.432	0.149	1.91575198082786e-45
Akap13	6.59192398889383e-50	0.453059876992757	0.993	0.955	2.12820265981437e-45
Serf1	6.98226676841697e-50	0.279670351213735	0.181	0.021	2.25422482618342e-45
Slc38a2	7.47474606811918e-50	0.387553995770235	0.844	0.448	2.41322176809228e-45
Abhd2	8.15447565110998e-50	0.400639876351691	0.626	0.281	2.63267246396086e-45
Zfp292	8.45299583594347e-50	-0.631258523307584	0.803	0.765	2.72904970563435e-45
Icam1	8.88958432156583e-50	0.371369692067777	0.292	0.077	2.87000229821753e-45
Batf	1.00806562104322e-49	0.310400164078439	0.432	0.153	3.25453985753804e-45
Chd7	1.02924700665512e-49	0.502116810773692	0.864	0.554	3.32292396098605e-45
Rpl26	1.27773971141835e-49	-0.287743043476812	1	0.999	4.12518265831415e-45
Itgal	1.71417349577688e-49	0.401389239770948	0.853	0.474	5.53420913111566e-45
Csnk1g3	4.15194511089806e-49	0.449202248049319	0.781	0.419	1.34045547905344e-44
Stat4	4.34879852299065e-49	0.685858251378532	0.796	0.517	1.40400960314753e-44
Hk1	5.756412020873e-49	0.29263671012549	0.603	0.255	1.85845762093885e-44
Iqgap2	6.64802507100603e-49	-0.859414035408896	0.534	0.626	2.1463148941743e-44
Pqlc1	6.6521674797005e-49	0.294559375608745	0.194	0.028	2.14765227082131e-44
Igsf23	8.23348575177226e-49	-0.505984343339276	0.019	0.168	2.65818087495968e-44
Tnfsf8	9.32114258767801e-49	-0.495342044171364	0.072	0.262	3.00933088443185e-44
Sod1	9.75087999778478e-49	0.302726713269274	0.62	0.265	3.14807160728482e-44
Atp5j	1.2796203294116e-48	0.387244825438834	0.891	0.537	4.13125423350535e-44
Tmem134	1.40426141799762e-48	0.312902969634918	0.71	0.32	4.53365798800531e-44
Hpcal1	1.45474782427613e-48	0.323501737664148	0.707	0.333	4.6966533506755e-44
Sacs	1.56927941555249e-48	0.285243305295971	0.466	0.177	5.06641859311121e-44
Erh	1.66694416815324e-48	0.257839089781079	0.536	0.205	5.38172924688273e-44
Tnik	1.73591936484672e-48	-0.637226090183991	0.941	0.895	5.60441566940763e-44
Senp7	1.92688484033934e-48	-0.800970979241267	0.486	0.569	6.22094770703556e-44
Tox	2.01973764738557e-48	0.839545718669535	0.925	0.834	6.52072299458432e-44
Psmd4	2.06053846662893e-48	0.347674401518196	0.797	0.401	6.6524484395115e-44
Larp1b	2.33110283906094e-48	0.353910785341841	0.392	0.136	7.52596551590823e-44
Ddx58	2.43223943251855e-48	-0.849015717109661	0.217	0.394	7.85248500788614e-44
Synpo2	2.75167514214682e-48	0.606850555435092	0.131	0.002	8.88378319642099e-44
Map3k14	2.76065230108964e-48	0.392413851120744	0.533	0.227	8.91276595406789e-44
Id3	3.19145808597823e-48	-0.622950822812082	0.016	0.161	1.03036224305807e-43
Tnrc6b	3.52752845674187e-48	-0.483727078090386	0.965	0.935	1.13886256225911e-43
Arhgap21	4.17645126188337e-48	0.300182229254188	0.173	0.019	1.34836728989905e-43
Slc14a1	4.38024469065316e-48	-0.573505618509634	0.028	0.183	1.41416199837737e-43
Esyt2	5.05909314713893e-48	-0.717379947706782	0.774	0.743	1.6333282225538e-43
Arpc2	5.65105910884417e-48	0.334466746602795	0.988	0.868	1.82444443329034e-43
Rhog	6.99007856352803e-48	0.253519418280374	0.546	0.216	2.25674686423502e-43
Neat1	7.73449837602494e-48	0.42011377120956	0.595	0.272	2.49708280069965e-43
Il12rb2	8.12234414564912e-48	0.499743675887874	0.184	0.026	2.62229880742282e-43
Pebp1	9.80129276234732e-48	0.29590419850344	0.7	0.316	3.16434736832383e-43
Pde3b	1.164876968602e-47	-0.881069382822902	0.647	0.733	3.76080529313157e-43
Psma1	1.36389143439605e-47	0.282296673595612	0.626	0.267	4.40332349594765e-43
Atxn7l1	1.37031192397255e-47	0.415645967529271	0.755	0.405	4.42405204654537e-43
Msi2	1.4639749176847e-47	0.433221469900316	0.96	0.73	4.72644302174504e-43
Abi2	2.24307913002258e-47	0.256379608084172	0.224	0.043	7.24178097127791e-43
Brk1	2.34877372359521e-47	0.347666483354818	0.825	0.429	7.58301596662713e-43
Dbi	2.51096789083561e-47	0.322047855390826	0.596	0.255	8.10665983556276e-43
Stat1	2.53959325045363e-47	-1.0360067775409	0.748	0.733	8.19907680908956e-43
Ghitm	2.64898644404619e-47	0.311163073410376	0.618	0.268	8.55225273460312e-43
Fkbp8	2.82917163038768e-47	0.258900865973622	0.581	0.238	9.13398060870661e-43
Oasl2	3.05024243957642e-47	-0.64221574925053	0.016	0.159	9.84770771617247e-43
Ipmk	3.25666007939919e-47	0.252861331065269	0.253	0.058	1.05141270663403e-42
Cdk17	3.63551844314714e-47	0.45886303353882	0.873	0.532	1.17372712937005e-42
Gimap5	7.09780459728909e-47	0.308106775256877	0.621	0.272	2.29152621423478e-42
Diaph3	7.37434444740906e-47	0.286685721514203	0.266	0.067	2.38080710484601e-42
Maff	7.9602938369079e-47	0.294320528485584	0.212	0.039	2.56998086524572e-42
B3galt1	8.97805032002395e-47	0.516777565651638	0.127	0.002	2.89856354581973e-42
Itgb2	9.01325983559342e-47	0.377076917553592	0.785	0.413	2.90993093792133e-42
Snx2	9.18836226554826e-47	0.290489612808791	0.624	0.281	2.96646275743226e-42
Lnx2	1.03057183185634e-46	0.258284312573957	0.42	0.148	3.32720115914821e-42
Smchd1	1.03900226596273e-46	-0.653887289990513	0.865	0.838	3.35441881566066e-42
Zc3hav1	1.13047891851488e-46	0.505923468640562	0.96	0.783	3.64975118842529e-42
Jcad	1.31771750885449e-46	0.265406088834496	0.129	0.003	4.25425097733671e-42
AW011738	1.5133114216783e-46	-0.516182638595834	0.018	0.162	4.8857259248884e-42
Tcea1	1.74365705445647e-46	0.334084070966072	0.737	0.361	5.62939680031272e-42
Tnfaip8	1.91704763813019e-46	0.474045671833643	0.839	0.483	6.18918829970332e-42
Ppp1r18	2.43707799356792e-46	0.316410720794925	0.779	0.389	7.86810630223404e-42
Dr1	3.52780117670247e-46	0.257669932277678	0.363	0.118	1.13895060989839e-41
Ccdc174	3.98751245054277e-46	0.263072773310414	0.498	0.195	1.28736839465773e-41
Arhgef11	4.02694284571631e-46	-0.640687528863711	0.054	0.22	1.30009849773951e-41
Actn4	4.32131168055914e-46	0.319357402264696	0.705	0.333	1.39513547606852e-41
Tmx4	4.68556221942026e-46	0.253466593054719	0.366	0.121	1.51273376253983e-41
Hps4	4.8194110091116e-46	0.250679458306408	0.205	0.036	1.55594684429168e-41
Hecw2	4.88881816557036e-46	0.414164118740675	0.159	0.016	1.57835494475439e-41
Cdk11b	5.01956925433813e-46	0.620317401483955	0.768	0.414	1.62056793376307e-41
Traf3ip3	5.81012963944226e-46	-0.701544201662315	0.641	0.648	1.87580035409393e-41
Sri	5.90928865703256e-46	0.389301195444039	0.876	0.542	1.90781384292296e-41
Ralbp1	6.02015210127676e-46	0.296427684636843	0.726	0.343	1.9436061058972e-41
Ints7	6.42195871025925e-46	0.49696627163139	0.49	0.208	2.0733293696072e-41
Eif3c	6.96961680526431e-46	0.351375802226001	0.849	0.485	2.25014078557958e-41
A930005H10Rik	9.03995690629077e-46	-0.661750989525099	0.091	0.264	2.91855008719598e-41
Rpl36	9.15670632973631e-46	0.276908463008089	0.998	0.992	2.95624263855537e-41
Zdhhc18	9.36555572199301e-46	0.358922160687669	0.802	0.429	3.02366966484544e-41
Ifi47	1.05343286552392e-45	-0.980385212170231	0.229	0.393	3.40100800634398e-41
Gxylt1	1.08657958116382e-45	0.331787654887729	0.416	0.156	3.5080221777874e-41
Syne1	1.11443179859078e-45	0.269428141410437	0.539	0.223	3.59794306175032e-41
Naga	1.14021485397848e-45	0.259696393384471	0.168	0.019	3.68118365606954e-41
Cep57	1.28419904227586e-45	0.309923642230126	0.507	0.206	4.14603660798761e-41
Ypel3	1.4464779823032e-45	0.330681704486223	0.741	0.368	4.6699541658659e-41
Spcs1	1.58093467892494e-45	0.258588750320521	0.645	0.278	5.10404761090917e-41
Sumo2	1.77575818024323e-45	0.339346071116249	0.944	0.676	5.73303528491527e-41
Nlk	2.40113109922907e-45	-0.747933231316287	0.664	0.68	7.75205175386105e-41
Csnk1g2	2.6725940893275e-45	0.256303576593863	0.634	0.274	8.62847001739383e-41
Zfp710	2.93237735547916e-45	-0.670479051638049	0.072	0.241	9.46718029216447e-41
Atf1	3.31186039681929e-45	0.279307869517992	0.584	0.251	1.06923412911311e-40
Zfp131	4.007140370047e-45	0.256978354757948	0.505	0.202	1.29370526846967e-40
Pacs1	4.57453744789889e-45	-0.847526519793274	0.485	0.583	1.47688941505416e-40
Luc7l2	5.00357648954808e-45	0.375493844133964	0.968	0.774	1.6154046696506e-40
Cd6	5.40739149171475e-45	0.313199871403355	0.58	0.255	1.74577634310011e-40
Tnfsf10	5.58739350317088e-45	0.272014168842655	0.338	0.109	1.80388999249872e-40
Cib2	5.60307154373807e-45	0.262513548394945	0.126	0.003	1.80895164789584e-40
Zc3h15	1.33229219361233e-44	0.349985797634721	0.799	0.422	4.30130534707741e-40
Herc6	1.48752193925918e-44	-1.18914578454128	0.305	0.45	4.80246458089827e-40
Cplane1	1.55505342194765e-44	0.317717040721558	0.432	0.166	5.02048997275798e-40
Dusp10	1.59950622579652e-44	-0.871114354339217	0.324	0.469	5.16400584998407e-40
Areg	1.83999593821573e-44	0.649913296370667	0.122	0.003	5.94042688652949e-40
Pcgf5	2.06554580413647e-44	-0.847382248361457	0.46	0.573	6.6686146286546e-40
Atp5g3	2.17426428314253e-44	0.332047102759993	0.866	0.48	7.01961223812565e-40
Ctse	2.27094793334654e-44	-0.764501415076465	0.334	0.471	7.3317554028093e-40
Calcrl	2.61339062743491e-44	-0.818302277518722	0.194	0.372	8.4373316406736e-40
Ccni	2.91477812554638e-44	0.274029915386469	0.687	0.311	9.41036117832648e-40
Usp9x	2.95403918337179e-44	0.418876646465963	0.841	0.495	9.53711550351583e-40
Boll	3.15360664766016e-44	-0.581556896373372	0.025	0.167	1.01814190619708e-39
BC031181	3.44131646041351e-44	0.268127531845717	0.635	0.279	1.1110290192445e-39
Nmnat2	4.23019790479596e-44	0.267463754253007	0.139	0.009	1.36571939356338e-39
Gm17231	4.47560292430633e-44	-0.509755458287583	0.024	0.166	1.4449484041123e-39
Stambpl1	4.57103267070868e-44	-0.787927192661263	0.422	0.538	1.4757578977383e-39
Cox7b	4.96653875337306e-44	0.372338479586664	0.866	0.522	1.60344703652649e-39
Ppp1r15a	7.04607535277913e-44	0.253888086027758	0.506	0.205	2.27482542764474e-39
N4bp1	8.70218292996996e-44	0.262483781963245	0.469	0.184	2.8094997589408e-39
Blk	9.40683097677347e-44	0.257435043243892	0.117	0.001	3.03699538085132e-39
Cpeb2	9.50404295511806e-44	0.288013453131086	0.238	0.056	3.06838026805987e-39
Wnt5b	1.03180404512667e-43	-0.585232281735443	0.015	0.148	3.33117935969146e-39
Dnajc8	1.12604102774464e-43	0.339091605430178	0.801	0.423	3.63542345807356e-39
Atp1a1	1.16770527077974e-43	0.30040017279201	0.647	0.292	3.76993646671239e-39
Atp6v1e1	1.19844248947132e-43	0.258522544663875	0.598	0.257	3.86917157725815e-39
Ash1l	1.25171183370473e-43	-0.625502751574944	0.791	0.765	4.04115165511571e-39
Arpp19	1.32648389595901e-43	0.306710589206243	0.767	0.375	4.28255325810365e-39
Gimap8	1.58105302766483e-43	-0.74306465925036	0.55	0.596	5.1044296998159e-39
Cystm1	2.00353678231719e-43	0.280769217566361	0.136	0.009	6.46841850171106e-39
Pcmt1	2.66213987084475e-43	0.283089044242757	0.631	0.285	8.59471857302228e-39
Degs2	2.6954685926497e-43	-0.500368733305183	0.039	0.188	8.70232035136955e-39
Cd2ap	2.70200015431022e-43	-0.836388423278865	0.318	0.451	8.72340749819055e-39
Metap2	2.71458042839622e-43	0.278622305543751	0.671	0.304	8.7640229130772e-39
Appl1	2.98995396851122e-43	0.285297612641999	0.613	0.277	9.65306638733848e-39
Fntb	3.91437510579398e-43	-0.661190660494448	0.086	0.251	1.26375600290559e-38
Gm11944	4.21886786831087e-43	-0.50901506893921	0.023	0.161	1.36206149128417e-38
Senp6	5.28120384602602e-43	0.40314784941908	0.903	0.59	1.7050366616895e-38
Oasl1	5.50196939605597e-43	-0.427491322303071	0.002	0.117	1.77631081951667e-38
Wnk1	6.840678061145e-43	0.441209346707736	0.977	0.795	2.20851291204066e-38
Gnaq	7.71428909190219e-43	0.28853369847466	0.252	0.067	2.49055823332062e-38
Cep83	8.35722429959051e-43	0.253053077693453	0.431	0.165	2.6981298651228e-38
Dusp14	8.62857430962157e-43	0.258634374977394	0.138	0.011	2.78573521586132e-38
Prkd2	9.98263595056739e-43	-0.844722135360162	0.361	0.475	3.22289401664068e-38
Zgrf1	1.08966877527638e-42	0.302354087569602	0.198	0.038	3.51799564097978e-38
Klrc1	1.1997924430835e-42	0.277519583891765	0.118	0.003	3.87352990249507e-38
Acpp	1.23021661307137e-42	0.328500453058376	0.264	0.073	3.97175433530092e-38
Aldoa	1.2563187996665e-42	0.403921888051249	0.8	0.446	4.0560252447233e-38
Gbp8	1.304943361828e-42	-0.831181054741603	0.174	0.339	4.21300964366171e-38
Dtx4	1.37595556231353e-42	0.266047589484775	0.154	0.017	4.44227253292923e-38
Tmed2	1.44626527766122e-42	0.29831006226607	0.796	0.397	4.66926744892926e-38
Rin3	1.46957595135988e-42	0.250748225401318	0.536	0.227	4.74452595896536e-38
Peak1	1.85662835725287e-42	0.369462672420918	0.626	0.306	5.99412465139088e-38
Gm10563	2.59011975872064e-42	0.370150634202082	0.285	0.085	8.36220164102959e-38
Mir155hg	2.6552327136088e-42	0.337036813580045	0.182	0.031	8.57241881588602e-38
Dlat	3.61670566273524e-42	0.270873490981821	0.319	0.102	1.16765342321407e-37
Rtn4	3.7264095678634e-42	0.316055718430658	0.702	0.349	1.2030713289847e-37
Ybx1	4.06047737143122e-42	0.363416152051319	0.963	0.743	1.31092511936657e-37
Eif4h	6.47756859295353e-42	0.300698253742604	0.744	0.365	2.09128302023505e-37
Lrig1	1.26386836743924e-41	0.35092531085034	0.457	0.195	4.08039902427759e-37
Trim30a	2.26277624416624e-41	-0.983567104774091	0.546	0.599	7.3053731042907e-37
Cnn2	2.30583655616945e-41	0.341048835851859	0.876	0.54	7.44439332159306e-37
Dgkh	2.94622249968158e-41	0.355032903350861	0.232	0.059	9.51187934022197e-37
Rabgef1	3.22150247559379e-41	0.328912995452017	0.468	0.196	1.04006207424545e-36
Ndufb11	3.59396496434576e-41	0.310216924457165	0.846	0.452	1.16031158873903e-36
Bptf	3.95933738431641e-41	-0.563942026513934	0.821	0.761	1.27827207452655e-36
BE692007	5.01884311341959e-41	-0.878958248719757	0.367	0.485	1.62033349916752e-36
Itgae	5.31929668245742e-41	0.407911283516754	0.153	0.019	1.71733493393138e-36
Rac1	5.80812701506366e-41	0.347366454817419	0.904	0.555	1.8751538068133e-36
Hipk2	6.69029276965982e-41	0.331779621042471	0.481	0.209	2.15996102068467e-36
Kat2b	7.49539310731805e-41	-0.81960327755863	0.476	0.56	2.41988766469763e-36
Eefsec	7.86719724553008e-41	-0.765551738799442	0.212	0.37	2.53992463071938e-36
Celf2	8.17009502083119e-41	0.414698055586314	0.984	0.886	2.63771517747535e-36
Xdh	9.62849991451556e-41	0.251522532807956	0.191	0.036	3.10856119740135e-36
E130308A19Rik	9.81180826518102e-41	0.37890754875605	0.279	0.087	3.16774229841369e-36
Rpl36al	9.9510908817559e-41	0.313364013459657	0.985	0.858	3.21270969117489e-36
Nab1	1.09065294935142e-40	0.32594225017295	0.589	0.274	3.52117304698106e-36
Anp32e	1.36098845320987e-40	0.29486449695791	0.586	0.263	4.39395122118807e-36
Il23r	1.38082740934303e-40	0.455969014691145	0.109	0.001	4.45800129106398e-36
Focad	1.72897221561788e-40	-0.686961483719183	0.122	0.288	5.58198679812232e-36
Lockd	1.7764422150059e-40	0.253042604987955	0.239	0.062	5.73524369114654e-36
Tmie	2.12776843851973e-40	-0.467588490931259	0.019	0.147	6.86950040376094e-36
Sept9	2.643759531764e-40	0.303498204136655	0.753	0.377	8.53537764830007e-36
H2afj	2.72995098073113e-40	0.313677148602144	0.837	0.46	8.81364674129046e-36
Frg1	3.40422203225913e-40	0.258364642254967	0.691	0.33	1.09905308311486e-35
Dnajc1	3.48268503678433e-40	0.406805154330327	0.891	0.599	1.12438486412582e-35
2610204G07Rik	3.49579942706248e-40	0.259533915788843	0.166	0.025	1.12861884502712e-35
2410006H16Rik	3.59770016266203e-40	0.373959035843252	0.816	0.474	1.16151749751544e-35
Dock11	3.66877270171186e-40	-0.59163858851348	0.793	0.758	1.18446326674767e-35
Zswim6	4.67313594413678e-40	0.398462034204743	0.864	0.552	1.50872193956456e-35
Tomm22	4.96983592867131e-40	0.275338484535353	0.728	0.355	1.60451152957153e-35
Sdc4	6.15672827868763e-40	0.308353934632057	0.133	0.011	1.9876997247743e-35
Gcnt2	6.42692764775298e-40	0.390808657615227	0.121	0.006	2.07493359107705e-35
Srrm1	6.93313199120308e-40	0.330961516124834	0.822	0.462	2.23836166335992e-35
Stim1	7.04801163068146e-40	-0.729396437370075	0.764	0.716	2.27545055496551e-35
Mbnl2	8.25506241021363e-40	-0.685557635883024	0.715	0.706	2.66514689913747e-35
Nsa2	9.0296876022775e-40	0.346567464594829	0.912	0.621	2.91523464239529e-35
Prkch	9.18646502085607e-40	0.419677488625521	0.988	0.878	2.96585023198338e-35
Iqgap1	1.90076318082997e-39	0.332612572875864	0.919	0.62	6.13661392930956e-35
Ugcg	2.42333683915133e-39	-0.882605134441338	0.397	0.503	7.82374298520008e-35
Tubb5	2.57764859553467e-39	-0.665879078869442	0.599	0.613	8.32193849068369e-35
Wdr26	2.60696884245789e-39	0.345110181605784	0.847	0.472	8.41659890787529e-35
Ccl4	2.61510618617469e-39	0.650171595865245	0.129	0.011	8.44287032206497e-35
Ifngr2	3.61166311507349e-39	-0.619918414225942	0.117	0.282	1.16602543670148e-34
Acat1	4.00606290852336e-39	0.250658519890427	0.485	0.205	1.29335741001677e-34
Rps27l	5.59108656731003e-39	0.283665383536306	0.713	0.352	1.80508229825604e-34
Lrrc1	5.90189041747405e-39	-0.662033736731198	0.105	0.264	1.9054253212815e-34
Enpp1	6.01895932232552e-39	0.303140950400056	0.199	0.043	1.94322101721279e-34
Purb	6.22380975577976e-39	0.357860441128759	0.848	0.509	2.00935697965349e-34
Sat1	7.07013175059159e-39	0.297120701910478	0.68	0.336	2.28259203567849e-34
Epb41l2	7.46704913006784e-39	0.314514076440232	0.635	0.311	2.4107368116424e-34
Luzp1	1.01183761539959e-38	0.251089258612901	0.197	0.043	3.26671774131757e-34
Sec62	1.20605144036772e-38	0.316763815439544	0.888	0.519	3.89373707522719e-34
Plcb4	1.2751799267318e-38	0.533327029483854	0.175	0.033	4.11691839345362e-34
Klrc2	1.33312741138709e-38	0.271281788439104	0.107	0.003	4.30400184766321e-34
Gm12592	1.41515775147106e-38	-0.435347871861676	0.02	0.143	4.5688368006243e-34
Tax1bp1	1.82134286490363e-38	0.375769656477108	0.943	0.65	5.88020543934138e-34
Hnrnpd	2.11133668352697e-38	0.325529920738978	0.879	0.532	6.81645048276683e-34
Isg15	2.53526720799375e-38	-1.36152729319706	0.151	0.314	8.18511018100783e-34
Fry	2.54160688778649e-38	-0.835787253996553	0.114	0.274	8.20557783721868e-34
Fam107b	2.63240617782609e-38	0.43581569832484	0.881	0.588	8.49872334511154e-34
Spef2	2.70293643589965e-38	0.281854791097744	0.201	0.046	8.72643028330202e-34
Tanc1	2.72622171470414e-38	-0.637645275410455	0.085	0.238	8.80160680592233e-34
Micos10	2.73455383244855e-38	0.311075452393683	0.821	0.443	8.82850704806015e-34
Cdc37	2.81866059326613e-38	0.285568483752762	0.746	0.383	9.10004572535968e-34
Cd247	3.32973998666561e-38	-0.447070500125317	0.966	0.95	1.07500655469499e-33
Zfp652	3.45782372864166e-38	-0.776324731683307	0.437	0.525	1.11635839079196e-33
Map4	3.63811345360725e-38	0.274321254472024	0.71	0.367	1.1745649284971e-33
Cyth1	4.48587400975201e-38	-0.569263030976678	0.778	0.743	1.44826442404844e-33
Dip2b	4.79151113635559e-38	0.478595738695149	0.863	0.58	1.5469393703724e-33
Eif3i	6.00068840272421e-38	0.31351037688569	0.772	0.419	1.93732225081951e-33
Stt3b	7.22890075330805e-38	-0.79917864177274	0.361	0.458	2.3338506082055e-33
Snrpd2	7.34949279704544e-38	0.270562740657216	0.782	0.407	2.37278374952612e-33
Arih2	1.50947169003476e-37	0.262075870706417	0.626	0.298	4.87332935127722e-33
Phf11c	1.54629368133546e-37	-0.584799951136613	0.057	0.2	4.99220915019152e-33
Ube2h	2.04530886188985e-37	-0.586189014754793	0.841	0.774	6.60327966061139e-33
Nedd9	2.12850905350201e-37	-0.589652109557136	0.857	0.817	6.87189147923123e-33
Sumo1	2.16692337063702e-37	0.306852286009765	0.903	0.562	6.99591210210163e-33
Fam49b	2.28131337214687e-37	-0.510685279786645	0.914	0.856	7.36522022197618e-33
Tcf25	2.28828792631471e-37	0.319301841844826	0.849	0.497	7.38773757010705e-33
Manf	2.30340777971125e-37	0.263204446476516	0.699	0.339	7.43655201679776e-33
Psma4	2.95980022906757e-37	0.273507778756297	0.748	0.375	9.55571503954465e-33
Tacc1	3.92434009490453e-37	0.310033457518719	0.768	0.412	1.26697319963993e-32
Psenen	4.59307046850274e-37	0.278360138609108	0.768	0.392	1.48287280075611e-32
Pmel	5.4075925426904e-37	-0.354155312839432	0.011	0.122	1.7458412524076e-32
Rpl15	6.18264918640588e-37	-0.250817592156083	1	0.999	1.99606828983114e-32
Sorcs2	8.26555875017267e-37	-0.345361532483411	0.001	0.1	2.66853564249325e-32
Kmt2a	1.00206050798955e-36	-0.577518187720701	0.845	0.77	3.23515235004426e-32
Sgms1	1.34007630209796e-36	0.349591025781893	0.729	0.405	4.32643634132327e-32
Smg1	1.34924911731342e-36	-0.598795739123114	0.797	0.734	4.35605077524637e-32
Fto	1.47617845238867e-36	-0.73771524091883	0.465	0.54	4.76584213353681e-32
Gls	1.73028444629146e-36	0.431846402190276	0.893	0.598	5.58622333485196e-32
Snrpe	2.84636944087561e-36	0.298431407145455	0.888	0.564	9.18950373986691e-32
Rab7	3.24364971617076e-36	0.254861616926911	0.72	0.363	1.04721231086573e-31
Ranbp9	3.40231030079616e-36	-0.668770330754667	0.69	0.658	1.09843588061204e-31
Apobec3	3.43740256601567e-36	0.259000596818443	0.803	0.433	1.10976541843816e-31
Pde7a	3.62551646105255e-36	0.3546376897454	0.781	0.449	1.17049798945081e-31
Rnf138	4.47164859142105e-36	0.311483110051672	0.661	0.341	1.44367174774029e-31
Nop53	4.72514262913133e-36	0.320074307044175	0.858	0.499	1.52551229781505e-31
Gm43647	5.94262217114137e-36	-0.457257774516193	0.016	0.129	1.91857556795299e-31
Atp5g1	1.04285101057654e-35	0.268111882012279	0.791	0.427	3.36684448764637e-31
Atp5h	2.31335784025801e-35	0.303010448556251	0.965	0.756	7.46867578727299e-31
Cd164	2.59567700423369e-35	0.30439036199503	0.71	0.376	8.38014320816848e-31
Cisd2	3.61688911277162e-35	0.272607165261064	0.719	0.375	1.16771265005832e-30
Gm32633	4.36272626371917e-35	-0.329465221857047	0.006	0.107	1.40850617424173e-30
Arl5b	5.17803298042677e-35	0.329909877488744	0.467	0.212	1.67172794773078e-30
Nptn	5.40606336595646e-35	0.345942346883288	0.743	0.414	1.74534755769904e-30
Zc3h13	6.00314899242069e-35	0.300071139963667	0.74	0.397	1.93811665220302e-30
Braf	7.52912425934335e-35	0.348657675740054	0.604	0.315	2.430777767129e-30
Pten	7.72325339062448e-35	-0.714455471609914	0.563	0.577	2.49345235716311e-30
Ahcyl2	7.78363334000017e-35	-0.792350192890048	0.355	0.481	2.51294602381905e-30
Specc1l	8.71261332546292e-35	0.252557094947523	0.502	0.229	2.81286721212571e-30
Ccr5	9.61404760595346e-35	0.295668381722919	0.121	0.012	3.10389526958208e-30
Pik3ca	1.11370077757156e-34	0.290188761881851	0.736	0.392	3.59558296038978e-30
Gramd3	1.28121713649918e-34	-0.571418812636285	0.582	0.677	4.1364095251876e-30
Hsp90aa1	1.43513528763559e-34	-0.611125477908416	0.845	0.768	4.63333427613151e-30
Rnf157	2.01699010085954e-34	0.314070830712449	0.358	0.144	6.51185254062502e-30
Nsd1	2.62615410022764e-34	-0.558672041585857	0.794	0.738	8.47853851258494e-30
St13	2.66168827612941e-34	0.252575982760902	0.769	0.412	8.5932605994838e-30
Tm9sf3	5.74848858071568e-34	0.270808707625617	0.841	0.484	1.85589953828406e-29
Srp9	7.07441749860585e-34	0.304119931652446	0.868	0.524	2.2839756894249e-29
Gm6225	9.32939386029811e-34	0.253192046099054	0.158	0.031	3.01199480779724e-29
Chchd2	1.13303969225453e-33	0.261945227764486	0.973	0.787	3.65801864644375e-29
Mir142hg	1.18481542456039e-33	-0.498638926057659	0.919	0.905	3.82517659819321e-29
Cd53	1.21779815790669e-33	-0.47920191457022	0.841	0.787	3.93166135280176e-29
Ppp1r12a	1.36854954529749e-33	0.315375471927539	0.965	0.78	4.41836220699295e-29
Sox4	1.62446741452671e-33	-0.436034732057816	0.01	0.112	5.24459304779948e-29
Tbxa2r	1.85896148094506e-33	-0.450056512452858	0.042	0.167	6.00165714123111e-29
Kcnmb4	2.48588561258174e-33	0.285772336834049	0.524	0.251	8.02568170022015e-29
Gbp2	2.64338899421784e-33	-0.664662706701179	0.07	0.205	8.53418136783231e-29
Edf1	2.65360086746059e-33	0.295002278488331	0.848	0.498	8.56715040059653e-29
Abcg3	3.35537514938284e-33	-0.552805965457667	0.056	0.186	1.08328286697825e-28
Dph5	3.93577135587299e-33	-0.632875837914298	0.147	0.289	1.2706637822436e-28
Rab6b	5.73912135326961e-33	-0.602898343939113	0.119	0.261	1.85287532890309e-28
Pdzd2	6.94386174071894e-33	0.28608445451741	0.12	0.014	2.24182576299111e-28
Ppp2ca	7.00622225055508e-33	0.28298201575855	0.857	0.515	2.26195885359171e-28
Arid5b	7.61876266148813e-33	0.366117245103129	0.85	0.555	2.45971752526144e-28
Atp8b4	8.23377965056638e-33	-0.637446579727518	0.132	0.289	2.65827576018536e-28
Rassf3	9.62150750662125e-33	0.346979976361171	0.382	0.168	3.10630369851267e-28
5830468F06Rik	1.46147138612358e-32	-0.316073694081664	0.007	0.102	4.71836037009999e-28
H3f3b	1.49394653387525e-32	0.261237691313071	0.996	0.952	4.82320638461625e-28
Parp8	1.84851700233616e-32	-0.755883133800206	0.261	0.407	5.9679371420423e-28
Hspa4	1.87001725134808e-32	0.285721249371814	0.831	0.481	6.03735069597727e-28
Edem1	2.03054374608674e-32	0.259959074698603	0.654	0.33	6.55561048424105e-28
Fam169b	2.35253509815407e-32	-0.588038310556958	0.83	0.777	7.59515956439042e-28
Pip4k2a	2.5459581542051e-32	-0.537340758735366	0.83	0.778	8.21962590085117e-28
Anp32a	2.87119476838539e-32	0.355590567002161	0.909	0.63	9.26965230973225e-28
Sf3b6	3.73449709418516e-32	0.260275615340992	0.803	0.446	1.20568238685768e-27
Ndufa6	4.38881128105888e-32	0.269469715015389	0.811	0.466	1.41692772208986e-27
Phf20l1	4.86238656749898e-32	-0.581428185464489	0.813	0.735	1.56982150331705e-27
Eif4a2	5.09128730352372e-32	-0.628343913200092	0.577	0.578	1.64372210594263e-27
Supt4a	6.7735590618324e-32	0.286368372133468	0.883	0.563	2.18684354311259e-27
Camk2d	7.76474478819714e-32	-0.746774627565739	0.58	0.608	2.50684785486945e-27
Zfp36	9.7339372725013e-32	-0.657638181144927	0.204	0.347	3.14260164842705e-27
Acp5	1.03105313509048e-31	-0.737289916144542	0.337	0.433	3.32875504663962e-27
Arid1b	1.5937686148858e-31	-0.545559216106595	0.829	0.755	5.14548197315882e-27
Ndufb9	1.73750677474646e-31	0.259435751749251	0.789	0.434	5.60954062226895e-27
Stk38	2.53541684605514e-31	-0.71838469507638	0.556	0.561	8.18559328748904e-27
Acss1	2.72641535111303e-31	-0.517210354282013	0.066	0.196	8.80223196106842e-27
Pgk1	3.98666839355327e-31	0.251526668379669	0.699	0.373	1.28709589085867e-26
Tmem131l	5.09128057871305e-31	-0.733813434881545	0.322	0.424	1.64371993483751e-26
Chmp4b	5.22338440800932e-31	0.253385747130254	0.855	0.514	1.68636965612581e-26
Ppp2r5a	6.39108062078307e-31	-0.624439254230168	0.634	0.612	2.06336037841981e-26
Sptan1	8.73022963390551e-31	0.281775892711452	0.697	0.379	2.81855463730639e-26
Ncoa2	8.76207041364936e-31	-0.492522977510853	0.877	0.817	2.8288344330467e-26
Slc16a10	9.04122567942551e-31	0.586449334989193	0.271	0.105	2.91895971060252e-26
Trim56	9.10724001172787e-31	-0.629362461457012	0.184	0.316	2.94027243778634e-26
Mapk14	9.91667480004721e-31	0.293643729718476	0.636	0.345	3.20159845919524e-26
Hspa8	1.26918711661556e-30	-0.381108532866174	0.982	0.961	4.09757060599332e-26
Irgm2	1.56899662850061e-30	-0.667776082845209	0.108	0.244	5.06550561511423e-26
Ogt	1.94911406736801e-30	0.345516447429005	0.917	0.636	6.29271476649763e-26
Fubp1	2.09428440793801e-30	-0.551158560803919	0.688	0.659	6.76139721102787e-26
Fchsd2	2.13647386009935e-30	-0.699466597336751	0.621	0.633	6.89760585733074e-26
Rcor1	2.39304867227182e-30	0.38380297239308	0.797	0.496	7.72595763842957e-26
Herc4	2.52440381947547e-30	-0.692335765770436	0.532	0.56	8.15003773117655e-26
Zfp280d	2.58930006378785e-30	-0.695033264718814	0.466	0.517	8.35955525593909e-26
Tmlhe	2.65330401609812e-30	-0.690903891708278	0.11	0.247	8.56619201597279e-26
Aak1	3.4111405199725e-30	-0.497660591354969	0.834	0.77	1.10128671687312e-25
Ncor1	3.55503985192981e-30	0.313590076290641	0.987	0.879	1.14774461619554e-25
Pglyrp2	3.68427540122545e-30	-0.578616320547807	0.125	0.257	1.18946831328564e-25
Rbms1	3.7269363341581e-30	-0.64160559504154	0.642	0.625	1.20324139548294e-25
Pum2	3.98688036295473e-30	-0.518252758435835	0.807	0.719	1.28716432517993e-25
Ssb	4.11711612851908e-30	0.278980067935666	0.885	0.559	1.32921094209239e-25
Ints6	5.21239331188633e-30	0.321554416092551	0.637	0.346	1.6828211807425e-25
Tbc1d1	6.19023142948304e-30	-0.702919351872182	0.641	0.626	1.9985162170086e-25
E130307A14Rik	6.834945267686e-30	-0.723163234267643	0.172	0.306	2.20666207967243e-25
4930523C07Rik	7.05640538047077e-30	-0.549589780790066	0.741	0.7	2.27816047708499e-25
Exoc2	1.01748536769466e-29	0.276446385671159	0.753	0.438	3.28495150960221e-25
Washc4	1.82225198995284e-29	-0.701796451025948	0.32	0.419	5.88314054956276e-25
Spcs2	3.31900452024081e-29	0.26618764596108	0.881	0.556	1.07154060935975e-24
Senp1	3.37390728354642e-29	0.251939096090511	0.517	0.259	1.08926596649296e-24
Slc12a6	3.51865383381627e-29	-0.733852138170181	0.497	0.543	1.13599739024758e-24
Mfsd4a	4.45132067670342e-29	-0.65296158175012	0.221	0.34	1.4371088804737e-24
Prkce	4.45757654586442e-29	-0.746043971195359	0.185	0.32	1.43912858783233e-24
Fam172a	4.58914774788635e-29	-0.548522272187704	0.891	0.824	1.48160635040511e-24
Plcl2	5.15496646580134e-29	-0.64385498711718	0.683	0.67	1.66428092348396e-24
Nol7	5.33057664576017e-29	0.25501782854771	0.817	0.487	1.72097667008367e-24
Casp8	5.63572709627713e-29	-0.686858034209168	0.521	0.53	1.81949449303307e-24
Jmy	5.65123678809343e-29	0.387709399284413	0.474	0.246	1.82450179703596e-24
Rab2a	6.17436990663297e-29	0.263412620657999	0.968	0.772	1.99339532435646e-24
Rcbtb1	8.37192438826466e-29	-0.598250390614541	0.179	0.306	2.70287578875125e-24
Sipa1l1	8.48638035316936e-29	-0.483925084159592	0.614	0.685	2.73982789702073e-24
Arid3b	8.50185996755829e-29	-0.510904952910097	0.076	0.2	2.74482549052619e-24
Nap1l1	8.71730360248433e-29	0.259456433359346	0.763	0.431	2.81438146806207e-24
Rpl14	1.0177552171749e-28	-0.290548393264158	0.998	0.987	3.28582271864917e-24
A930015D03Rik	1.09858640231841e-28	-0.723141648965109	0.375	0.455	3.54678619988498e-24
Aff4	1.27959128811796e-28	0.32956159427573	0.785	0.478	4.13116047368883e-24
Larp4b	1.33715882987285e-28	0.282400993407373	0.809	0.503	4.31701728224451e-24
Elovl5	1.99585687525926e-28	0.594196400223517	0.599	0.361	6.44362392177451e-24
Insr	2.30332692925935e-28	-0.618011610263703	0.166	0.299	7.43629099111381e-24
Klhl3	2.36185834636035e-28	-0.468558636515859	0.061	0.181	7.62525967122438e-24
Rad51b	3.22812013865023e-28	0.286335282516749	0.177	0.05	1.04219858676323e-23
Ube2b	3.5748489132998e-28	0.256954787307476	0.931	0.64	1.15413997165884e-23
Abracl	3.99259025183139e-28	0.268933856388864	0.868	0.545	1.28900776280377e-23
Mcmbp	4.17290730239713e-28	-0.693937840256635	0.36	0.441	1.34722312257891e-23
Arid4a	5.74158822005306e-28	-0.562084123117145	0.732	0.684	1.85367175684413e-23
Pabpc1	6.28341562399736e-28	-0.373103108144986	0.963	0.923	2.02860073420755e-23
Rftn1	7.4216271328687e-28	0.269407560904395	0.797	0.483	2.39607231984666e-23
Dpp4	1.01849541104242e-27	0.277114076575095	0.649	0.374	3.28821243455044e-23
Gimap4	1.56526494921509e-27	-0.447696074222093	0.884	0.839	5.05345788854093e-23
Heca	1.97443975184388e-27	-0.660873657966788	0.565	0.571	6.37447873882797e-23
Atp2b1	2.67036311378716e-27	0.265946610815516	0.774	0.45	8.62126731286185e-23
Ifi27l2a	3.11706591776622e-27	0.582001576428257	0.924	0.8	1.00634473155083e-22
Slfn2	3.35427111811295e-27	-0.495850658019158	0.836	0.78	1.08292643048277e-22
Slc44a2	3.4276274973394e-27	-0.706940109330398	0.407	0.46	1.10660953751603e-22
Sntb1	3.75399687501763e-27	0.349788419414224	0.459	0.242	1.21197789109944e-22
Gbp7	3.88874761689057e-27	-0.949426364838251	0.264	0.368	1.25548216811312e-22
Mylip	4.691470822813e-27	-0.615015269802734	0.188	0.313	1.51464135514518e-22
Plekha7	6.11451452436992e-27	-0.415392289552882	0.025	0.123	1.97407101419283e-22
Gimap9	7.78595607009562e-27	-0.660500613874786	0.423	0.482	2.51369591723037e-22
Itk	8.43785283004619e-27	0.422723985301233	0.984	0.924	2.72416078618041e-22
Ptpn18	1.04490282561365e-26	0.272625199226004	0.973	0.793	3.37346877249368e-22
Immp2l	1.36823455718038e-26	-0.805123454388846	0.091	0.219	4.41734526785686e-22
Dnah8	1.81454939125371e-26	-0.558170977840676	0.068	0.184	5.85827270966259e-22
Lyst	1.89932618806312e-26	-0.630997254040271	0.373	0.465	6.13197459816179e-22
Foxk1	1.95330299144056e-26	-0.579722448160227	0.17	0.289	6.30623870786585e-22
Tlk1	2.7088706186193e-26	-0.590406233871716	0.646	0.615	8.74558879221242e-22
Nr3c1	2.87261820689399e-26	0.534290088462415	0.859	0.63	9.27424788095725e-22
Uty	3.80704562848661e-26	0.450509029151517	0.382	0.196	1.2291046811569e-21
A930037H05Rik	4.49189490308952e-26	-0.625073992465157	0.062	0.175	1.45020826946245e-21
Gbp4	5.68821345974167e-26	-0.726088839618628	0.188	0.304	1.8364397154776e-21
Cd47	6.3782459643341e-26	0.264573127331332	0.975	0.824	2.05921670958527e-21
Slc25a27	6.44434293830824e-26	-0.32987291246012	0.019	0.109	2.08055611763282e-21
Klf4	8.49186578356797e-26	0.264212875422594	0.102	0.014	2.74159886822492e-21
Mia2	8.98750294010243e-26	-0.635142505956745	0.46	0.493	2.90161532421207e-21
Kmt2c	9.17445383739986e-26	-0.51374803412185	0.806	0.723	2.96197242140454e-21
Parp14	1.16770374249002e-25	-0.871811277872101	0.447	0.495	3.76993153262903e-21
Cnn3	1.27063681801779e-25	-0.383304319209805	0.037	0.137	4.10225096697045e-21
Rev3l	1.45501991104105e-25	-0.647252457116998	0.562	0.569	4.69753178279603e-21
Oga	1.46746949429164e-25	0.30761813873677	0.832	0.537	4.73772526232055e-21
Prkd3	1.50959040331473e-25	-0.466739058842652	0.075	0.19	4.87371261710159e-21
Sesn3	2.0400622799346e-25	-0.537754935809004	0.589	0.605	6.58634107076887e-21
Abcb1b	2.09356555754349e-25	0.277231441722893	0.141	0.035	6.75907640252916e-21
Oas3	2.9805771004524e-25	-0.395824215421045	0.026	0.119	9.62279316881057e-21
Irf2	5.04131635848684e-25	-0.570010806039059	0.739	0.662	1.62758898633747e-20
Wipf1	8.66938104494539e-25	-0.49711053195952	0.715	0.677	2.79890967036062e-20
Lpp	9.89023444625926e-25	-0.751529259340779	0.555	0.571	3.1930621909748e-20
Dock2	1.08521586127553e-24	-0.292843031189021	0.994	0.984	3.50361940812804e-20
Klf13	2.87106399791889e-24	-0.428079221311816	0.909	0.823	9.26923011728115e-20
Ikbke	3.09062514112081e-24	-0.62708407238276	0.216	0.321	9.97808326810853e-20
Pik3r1	3.38810196255752e-24	0.45755512739419	0.765	0.516	1.0938487186117e-19
Foxn3	3.92796947800768e-24	-0.51392345128906	0.949	0.92	1.26814494597478e-19
Foxo1	4.64104020961334e-24	-0.466865295377772	0.729	0.729	1.49835983167367e-19
Prrc2c	6.4241940623364e-24	-0.320118482988674	0.979	0.947	2.07405105302531e-19
Txndc11	6.76099759256797e-24	0.266162595874803	0.44	0.223	2.18278807276057e-19
Tesc	7.68258151899255e-24	-0.57960202541864	0.191	0.301	2.48032144340675e-19
Sfmbt2	7.76468432515584e-24	-0.456454383124208	0.048	0.148	2.50682833437656e-19
Lrrfip1	8.17638784114235e-24	0.25141664276241	0.892	0.618	2.63974681451281e-19
Ggt5	8.48500257129236e-24	-0.336128493573489	0.019	0.102	2.73938308014174e-19
Cep97	2.11748926910723e-23	-0.676083901287883	0.269	0.36	6.83631410531268e-19
Ly6a	2.75386677157338e-23	-1.04007358464858	0.101	0.215	8.89085887202467e-19
Dyrk2	2.87240322251454e-23	-0.57099932853264	0.175	0.282	9.27355380388819e-19
Slc26a10	3.41881051692102e-23	-0.432858694139649	0.055	0.156	1.10376297538795e-18
Gm8369	3.52290350715434e-23	-0.621538015213058	0.568	0.581	1.13736939728478e-18
Ptp4a2	3.60675621387569e-23	0.257789172634392	0.96	0.767	1.16444124364977e-18
Map4k3	4.24133046910206e-23	-0.478726250953843	0.073	0.18	1.3693135419496e-18
Ly9	4.31253332425828e-23	-0.469844617318232	0.094	0.203	1.39230138373678e-18
Rpl4	4.78196352543782e-23	-0.263656586356813	0.994	0.97	1.5438569241876e-18
Morc3	8.68350465038779e-23	-0.633767482191223	0.37	0.424	2.8034694763777e-18
L3mbtl3	1.42432123625631e-22	-0.71595177589443	0.243	0.341	4.59842111125351e-18
Nup210	2.69201560445392e-22	-0.651770492358985	0.413	0.444	8.69117237897948e-18
Nme2	4.74343104793604e-22	-0.391065411694589	0.851	0.792	1.53141671382615e-17
Bst2	5.81155760998382e-22	-0.819294373400833	0.385	0.446	1.87626137438328e-17
Rfx7	7.22572414960927e-22	-0.618718255980862	0.654	0.613	2.33282504170135e-17
Hsp90ab1	9.31339785056086e-22	-0.363762458423381	0.995	0.976	3.00683049605357e-17
Nrros	9.6404718265855e-22	-0.554053544308745	0.15	0.258	3.11242632921313e-17
Zcchc7	1.04456528169789e-21	-0.471919532582456	0.831	0.763	3.37237901196164e-17
Tgfbr2	1.32010200829137e-21	-0.412103067074839	0.885	0.819	4.26194933376868e-17
Npm1	1.45376616414198e-21	-0.310415848042375	0.965	0.92	4.69348406093239e-17
H2-T24	2.33315894895009e-21	-0.455697099626394	0.081	0.182	7.53260366668538e-17
Eya2	2.6935811062516e-21	-0.475656939061023	0.077	0.18	8.69622660153328e-17
Tmem245	3.5657748536025e-21	-0.604441486124	0.217	0.314	1.15121041148557e-16
Top2b	3.62675561435922e-21	0.274519236302855	0.908	0.692	1.17089805009587e-16
Celf1	6.25095853352335e-21	-0.489115006762477	0.751	0.682	2.01812196254801e-16
Chchd3	6.44254999181848e-21	-0.56822293935752	0.681	0.626	2.0799772648586e-16
N4bp2	6.80830008165816e-21	-0.581544781723519	0.167	0.269	2.19805968136334e-16
Siah1a	8.3620298582499e-21	-0.616578941299897	0.257	0.34	2.69968133973598e-16
Spata6	8.93303421782582e-21	-0.596916566030681	0.259	0.351	2.88403009722507e-16
Parp9	9.31640089690599e-21	-0.7090909880123	0.307	0.382	3.0078000295661e-16
Phip	1.058416890263e-20	-0.608842269136375	0.632	0.6	3.4170989302141e-16
4930469K13Rik	1.57049374529125e-20	-0.544603608584847	0.205	0.301	5.07033905667281e-16
Abcg1	1.61826549754127e-20	-0.649959985657411	0.269	0.351	5.22457015881199e-16
Rap1gds1	1.94967892892561e-20	-0.515171234975173	0.77	0.713	6.29453842203632e-16
Tbc1d22b	1.99963929391009e-20	-0.52640742598838	0.155	0.257	6.45583546038872e-16
Hspbap1	2.47853267706237e-20	-0.529563607458098	0.112	0.214	8.00194274789587e-16
Larp1	2.80992776660231e-20	-0.577293990178353	0.476	0.49	9.07185179447557e-16
Mettl9	3.26154961824641e-20	-0.643760495060335	0.242	0.323	1.05299129425085e-15
Xpo1	4.74540866011778e-20	-0.661374680762273	0.288	0.361	1.53205518591902e-15
Selenop	9.07566225215137e-20	-0.641052459725106	0.228	0.317	2.93007755810707e-15
Fanci	9.84075148972838e-20	-0.285443568534378	0.025	0.101	3.17708661845881e-15
Elk4	1.08994254272802e-19	-0.617408948836145	0.389	0.425	3.51887949919741e-15
Cux1	1.43204824038754e-19	-0.528448553692291	0.561	0.559	4.62336774409116e-15
Tnrc6a	1.73627104705516e-19	-0.528840262945016	0.636	0.584	5.60555107541759e-15
Il16	2.12589208072458e-19	-0.578648393381118	0.345	0.396	6.8634425826193e-15
Cdc42se2	2.2935207588959e-19	-0.558015410083129	0.62	0.583	7.40463177009543e-15
Sec11a	2.8647450469376e-19	-0.484751921495135	0.68	0.599	9.24882938403804e-15
Hmg20a	3.19116753644988e-19	-0.623595072562285	0.325	0.389	1.03026843914285e-14
Tasor	3.40770440228153e-19	-0.57857371429251	0.548	0.527	1.10017736627659e-14
Ccr9	3.63339401942161e-19	-0.389084624874906	0.049	0.138	1.17304125917027e-14
Arl5c	3.77053712473826e-19	-0.44955333220119	0.157	0.263	1.21731791072175e-14
4930444A19Rik	4.16724459622263e-19	-0.629782535580786	0.524	0.517	1.34539491789047e-14
4930417O13Rik	4.67577043694213e-19	-0.451334141029306	0.083	0.18	1.50957248556677e-14
Nsmce1	5.17776291325172e-19	-0.548014285562364	0.172	0.264	1.67164075654332e-14
Scmh1	6.01203388598029e-19	-0.537309359910297	0.078	0.173	1.94098514008874e-14
Sh3bp5	6.13785425865857e-19	-0.516179381018833	0.153	0.25	1.98160624740792e-14
Fhit	6.57995160036412e-19	-0.404085696434761	0.025	0.1	2.12433737417756e-14
Cd55	1.0186703136449e-18	-0.294408331728787	0.035	0.114	3.28877710760256e-14
AI467606	1.24126310027443e-18	-0.556797872126867	0.213	0.299	4.00741791923601e-14
Zmynd8	1.43373033055209e-18	-0.555797341833761	0.589	0.548	4.62879837218742e-14
Rundc3b	1.55831820267065e-18	-0.521883830106751	0.095	0.193	5.0310303173222e-14
Smad4	1.93996190808321e-18	-0.553429094220081	0.513	0.499	6.26316702024665e-14
Bicra	2.47136574802469e-18	-0.621458557251137	0.324	0.386	7.97880431749771e-14
Stard5	2.49934948849623e-18	-0.447438554884353	0.111	0.207	8.06914982361007e-14
Il27ra	2.90444791854963e-18	-0.610534796054564	0.419	0.44	9.37701010503747e-14
Gpr174	3.46926842918251e-18	-0.68209002003105	0.241	0.32	1.12005331236157e-13
Lncppara	3.59725095168612e-18	-0.348214552576506	0.044	0.126	1.16137246975186e-13
Klhdc1	6.70646602943802e-18	-0.491257093681657	0.104	0.196	2.16518255760407e-13
Rpl22l1	7.49734561169224e-18	-0.352707684008919	0.88	0.81	2.42051803073484e-13
Zbp1	7.84681060011103e-18	-0.697840305481777	0.295	0.36	2.53334280224585e-13
Mcl1	8.35370067670885e-18	-0.394415310238858	0.878	0.762	2.69699226347545e-13
Ano6	8.78948848790191e-18	-0.61071886802805	0.438	0.462	2.83768635831913e-13
Herc3	9.27139272913004e-18	-0.59904862372844	0.487	0.498	2.99326914259963e-13
Bbs9	1.16643329339502e-17	-0.618705254150478	0.18	0.276	3.76582988772583e-13
Plekha1	1.2837304976247e-17	-0.332355627967847	0.054	0.137	4.14452391158133e-13
Pecam1	1.35245251805282e-17	-0.385474644469932	0.791	0.74	4.36639295453353e-13
Mndal	2.3969134254566e-17	-0.539171282177188	0.813	0.733	7.73843499408662e-13
Arhgap5	2.42630275217077e-17	-0.346692258531021	0.038	0.115	7.83331843538333e-13
Mbp	2.51721784171773e-17	-0.522017742929909	0.581	0.551	8.12683780198568e-13
Gm36279	2.96212670738588e-17	-0.462559867588632	0.093	0.184	9.56322607479531e-13
Fam189b	3.66987043484623e-17	-0.543594881115391	0.268	0.337	1.18481766989011e-12
Atp11c	4.08060332992837e-17	-0.63238970154828	0.315	0.386	1.31742278506738e-12
Txndc16	6.75033984458484e-17	-0.461170620626757	0.095	0.184	2.17934721882422e-12
Bcl2	9.01985842101864e-17	-0.949185303092275	0.547	0.557	2.91206129122587e-12
Rbm6	1.37746137392666e-16	-0.472014651732091	0.673	0.615	4.44713404572222e-12
Xrn1	1.49538824160041e-16	-0.515845308347492	0.619	0.573	4.82786093800693e-12
Rps2	1.5560319621633e-16	0.256931696704344	0.987	0.935	5.0236491898442e-12
Crebbp	1.76168633111033e-16	-0.358070585232405	0.883	0.793	5.68760431998971e-12
Dennd1a	1.83103832576984e-16	-0.443811721771929	0.789	0.699	5.91150723474792e-12
Spata13	1.90875462466813e-16	-0.607054500810986	0.43	0.444	6.16241430574105e-12
Sp4	1.96987159295843e-16	-0.552696375514924	0.348	0.406	6.35973043786629e-12
Map2k6	2.51803166163009e-16	-0.586358536848227	0.129	0.216	8.12946521957274e-12
Txk	2.54015544945971e-16	-0.352592688396044	0.674	0.667	8.20089186858069e-12
A530088E08Rik	2.97674952253272e-16	-0.361291821136099	0.05	0.127	9.61043583349688e-12
Klhl6	3.20370120745655e-16	-0.650810939886286	0.509	0.491	1.03431493482735e-11
Rsu1	3.33651004840593e-16	-0.743896631011663	0.375	0.406	1.07719226912785e-11
1700025G04Rik	4.44086773011966e-16	-0.44382432647958	0.102	0.192	1.43373414666913e-11
Usp28	6.79011341059046e-16	-0.297735031047333	0.042	0.115	2.19218811460913e-11
Prmt3	7.59589628630463e-16	-0.485799342864776	0.148	0.233	2.45233511603345e-11
Ttc27	7.79875037187035e-16	-0.50241873050451	0.117	0.202	2.51782655755834e-11
Otulinl	1.5291916320727e-15	-0.581977131113336	0.502	0.482	4.93699518414672e-11
Dock8	1.58948706256335e-15	-0.297818967274555	0.895	0.822	5.13165898148577e-11
Dop1a	1.62096691611139e-15	-0.555515649654547	0.234	0.308	5.23329168866563e-11
Dtx3l	1.68540789735695e-15	-0.637069432788635	0.274	0.335	5.44133939661693e-11
Sesn1	1.77307682446158e-15	-0.590910092773697	0.312	0.374	5.72437852777422e-11
Galnt6	1.82244511416894e-15	-0.540777654123434	0.447	0.448	5.88376405109441e-11
Kat6a	1.99912212579154e-15	-0.488657782272132	0.644	0.57	6.454165783118e-11
Clec2i	2.60172185657668e-15	-0.426827615062736	0.13	0.215	8.39965901395783e-11
Sec63	2.60247220011359e-15	-0.566020153636662	0.526	0.501	8.40208149806672e-11
Irgm1	3.56606952803792e-15	-0.512405770137613	0.123	0.207	1.15130554712704e-10
Rasa2	4.26714019806333e-15	-0.527243637785599	0.488	0.493	1.37764621294475e-10
Pgap1	4.27844589176699e-15	-0.354207745674585	0.052	0.127	1.38129625615697e-10
Gm12185	4.54795640136563e-15	-0.642951499762154	0.309	0.361	1.46830772418089e-10
Trim12c	4.56492675583634e-15	-0.633504495057008	0.358	0.39	1.47378660312176e-10
Herc1	5.3778820008244e-15	-0.43415590234856	0.661	0.593	1.73624920396616e-10
D1Ertd622e	7.21597220252185e-15	-0.303478193351461	0.042	0.111	2.32967662558418e-10
Dyrk1a	7.34331756309494e-15	-0.45113681151742	0.691	0.61	2.3707900752452e-10
Gsk3b	1.01007781806421e-14	-0.450584459981025	0.768	0.661	3.26103623562032e-10
Exoc4	1.18717724477118e-14	-0.356815077179609	0.876	0.787	3.83280173474377e-10
Ssh2	1.27528881201884e-14	-0.280815868298146	0.913	0.876	4.11726992960282e-10
Itga4	1.50744176523472e-14	0.259990487537925	0.814	0.583	4.86677573906028e-10
Smad1	1.63529415636696e-14	-0.360040482394702	0.073	0.149	5.27954718383071e-10
Man1a2	2.05437219123012e-14	-0.507391915565105	0.568	0.532	6.63254061938644e-10
Trip12	2.1940920943697e-14	-0.405724485781533	0.8	0.671	7.08362632667257e-10
Huwe1	2.34852986620987e-14	-0.414211412249396	0.756	0.658	7.58222867305857e-10
Ddx6	2.56596293103301e-14	-0.306232230794135	0.884	0.771	8.28421132284009e-10
Pvr	2.59165911261099e-14	-0.415248265246883	0.102	0.181	8.36717144506458e-10
Mga	3.99517360621471e-14	-0.560933584119918	0.363	0.395	1.28984179876642e-09
Rev1	5.46913437124308e-14	-0.387764093019082	0.097	0.177	1.76571003175583e-09
Sfmbt1	5.61860032312904e-14	-0.375548599358491	0.066	0.141	1.81396511432221e-09
Atm	5.8683121416605e-14	-0.509838292031312	0.225	0.293	1.89458457493509e-09
R3hdm1	7.27170178165471e-14	-0.498134186093541	0.593	0.548	2.34766892020722e-09
Brdt	9.03914555927881e-14	-0.302290607275806	0.04	0.105	2.91828814381316e-09
Rapgef2	9.05306196101358e-14	-0.54917937264402	0.481	0.481	2.92278105411323e-09
Cul3	9.197133601316e-14	-0.371782429769066	0.821	0.7	2.96929458318487e-09
Lonp2	1.00679774433313e-13	-0.498605484553467	0.638	0.571	3.2504465175795e-09
Adk	1.17494013131401e-13	-0.630852568316633	0.194	0.276	3.79329421394728e-09
Gm15563	1.23666182996795e-13	-0.501914812150693	0.171	0.245	3.99256271805153e-09
Sp110	1.40995490624213e-13	-0.527933384649056	0.464	0.447	4.55203941480273e-09
Suclg2	1.64926475142936e-13	-0.536076279069027	0.222	0.289	5.32465124998968e-09
Gm48678	1.85519315449959e-13	-0.567554671948219	0.452	0.454	5.98949109930193e-09
Gm12216	2.02320524580896e-13	-0.42898190193321	0.117	0.193	6.53191813609422e-09
Scaf8	2.03181757503531e-13	-0.47123330119247	0.609	0.554	6.5597230410015e-09
Rph3al	2.86722435029348e-13	-0.374049657765489	0.059	0.128	9.25683381492249e-09
Pgpep1l	2.95951813621762e-13	-0.397465393205998	0.081	0.156	9.55480430277859e-09
Kansl1l	3.39394549373342e-13	-0.552470023120762	0.338	0.389	1.09573530265184e-08
Ascc3	3.50186028276016e-13	-0.490934160759896	0.78	0.69	1.13057559228912e-08
Gm37240	3.59117036303539e-13	-0.569289049642493	0.355	0.392	1.15940935170598e-08
Cdh23	4.18410839745452e-13	-0.298422995993323	0.055	0.122	1.35083939611819e-08
Ttc13	4.74015714780632e-13	-0.440842040530396	0.162	0.234	1.53035973516927e-08
Ldhb	4.88406988681786e-13	-0.282399508274195	0.046	0.111	1.57682196295915e-08
5330438D12Rik	5.09346764089861e-13	-0.53152699773341	0.541	0.503	1.64442602786412e-08
Agfg1	6.03814814299531e-13	-0.491057876374087	0.601	0.535	1.94941612796604e-08
Uvrag	6.06674589614571e-13	-0.492311058362726	0.676	0.584	1.95864891257064e-08
Unc5cl	6.3864134029195e-13	-0.309942072044598	0.052	0.12	2.06185356713256e-08
Papola	6.77145786160185e-13	-0.393538703609109	0.723	0.616	2.18616517061816e-08
Usp33	7.18898162149506e-13	-0.454685187237072	0.138	0.212	2.32096271649968e-08
Prf1	7.2690651227134e-13	-0.302872168293266	0.051	0.117	2.34681767486802e-08
Erap1	8.78974520146295e-13	-0.568549625083488	0.3	0.34	2.83776923829231e-08
Irf7	1.10724137237815e-12	-0.525371875559997	0.162	0.233	3.57472877072286e-08
Lipa	1.11317687655852e-12	-0.511250669462169	0.231	0.288	3.59389154596918e-08
Gm26740	1.17550385369135e-12	0.271667675526837	0.912	0.761	3.79511419164253e-08
Hdhd5	1.48702097730161e-12	-0.402483430015514	0.117	0.188	4.80084722521825e-08
Gm27008	1.50779767017065e-12	-0.418738409429467	0.093	0.165	4.86792477814593e-08
Abcb7	1.94882340489084e-12	-0.533973938861536	0.375	0.404	6.29177636269006e-08
Itsn2	2.08427656047702e-12	-0.429819865787259	0.768	0.652	6.72908687550005e-08
Amy1	2.71231288550736e-12	-0.27705603259218	0.041	0.102	8.75670215086052e-08
Trim44	3.45741945539991e-12	-0.570102694873293	0.451	0.444	1.11622787117586e-07
Gm36756	3.98974455827249e-12	-0.426436588220705	0.147	0.216	1.28808903063827e-07
Etnk1	4.42813536273125e-12	-0.444127684176047	0.691	0.614	1.42962350185778e-07
Mad1l1	4.73189818972484e-12	-0.549122780758482	0.267	0.312	1.52769333055266e-07
Dnajc3	5.80854879848934e-12	-0.459417417097181	0.617	0.542	1.87528997959228e-07
Tnfrsf26	6.29601020876796e-12	-0.298973522117328	0.045	0.105	2.03266689590073e-07
Mical3	6.34093358139976e-12	-0.275639202720132	0.052	0.116	2.04717040675491e-07
Zfp638	6.3904812355194e-12	-0.467603058741307	0.633	0.561	2.06316686688744e-07
Cep350	6.93627569565812e-12	-0.456098171369233	0.636	0.559	2.23937660834322e-07
Nxpe3	7.49407581957493e-12	-0.608643308389707	0.48	0.461	2.41946237834976e-07
Srpk1	8.2228156045497e-12	-0.37747865237096	0.708	0.598	2.65473601792887e-07
Dleu2	1.10678264290413e-11	-0.528896271068637	0.302	0.354	3.573247762616e-07
Lrrc4	1.1828341343695e-11	-0.559285658746812	0.352	0.377	3.81878000281192e-07
Smyd3	1.33685431734144e-11	-0.372273995394095	0.716	0.697	4.31603416353685e-07
Numa1	1.38439711321135e-11	-0.493924192758958	0.535	0.484	4.46952608000284e-07
Foxo3	1.69299810069339e-11	-0.518385037009718	0.266	0.317	5.46584436808862e-07
Cnot4	1.80105365120115e-11	-0.414763904850439	0.772	0.658	5.81470171290291e-07
Gigyf2	1.85696134987583e-11	-0.499864429245784	0.505	0.475	5.99519971807413e-07
Cdkn2d	1.93348632736423e-11	-0.52619720221865	0.307	0.339	6.24226060789542e-07
Acss2	2.14861341127473e-11	-0.411456003264878	0.111	0.181	6.93679839830047e-07
Pds5a	2.16120190363413e-11	-0.432322490728844	0.629	0.559	6.97744034588278e-07
Klk8	2.50149559574663e-11	-0.468345549834401	0.219	0.274	8.07607853086801e-07
Ddx39b	2.51108345680925e-11	-0.464244568087259	0.519	0.468	8.10703294030865e-07
Samhd1	2.8682581989917e-11	-0.646367749791081	0.576	0.523	9.26017159544471e-07
Pan3	3.09782725835347e-11	-0.369596395190235	0.826	0.711	1.00013353035942e-06
Fas	3.12515066572326e-11	-0.342216978693066	0.072	0.136	1.00895489242876e-06
Trim33	3.153369868735e-11	-0.501477254467871	0.51	0.475	1.01806546212109e-06
Gm16158	3.20344934085437e-11	-0.609373985746767	0.349	0.374	1.03423361969483e-06
Ppargc1b	3.31667871430257e-11	-0.297142680081257	0.059	0.121	1.07078972291258e-06
Retreg1	3.46170559608262e-11	-0.446012527613193	0.782	0.66	1.11761165169528e-06
Zfp281	4.432266462372e-11	-0.460703320989876	0.172	0.233	1.4309572273768e-06
Patz1	4.82919900082654e-11	-0.370017799698014	0.103	0.168	1.55910689741685e-06
St3gal1	5.39049959221369e-11	-0.546792531947957	0.319	0.351	1.74032279334619e-06
Itgb7	5.42087445605201e-11	-0.44183204717611	0.565	0.523	1.75012931813639e-06
Ankib1	5.4553733898937e-11	-0.479306773549505	0.567	0.515	1.76126729892718e-06
Hsph1	8.08515307520319e-11	-0.524602091708437	0.215	0.266	2.61029167032935e-06
Zfp831	8.35823789346784e-11	-0.521786580316717	0.504	0.478	2.69845710390609e-06
Ankrd17	9.08048099002406e-11	-0.323754788893465	0.852	0.736	2.93163328762927e-06
Clip1	9.51505480997179e-11	-0.53111869027126	0.472	0.445	3.07193544539939e-06
Wdr12	9.62478448808022e-11	-0.463115743701892	0.161	0.223	3.1073616719767e-06
Galnt7	1.03127574256952e-10	-0.600254435301834	0.43	0.422	3.32947373488568e-06
Map7	1.13803354661076e-10	-0.304883460354273	0.069	0.131	3.67414130523283e-06
Xrcc4	1.16410397994193e-10	-0.615504576690884	0.413	0.423	3.75830969924253e-06
Gbp9	1.30082555685629e-10	-0.437906845302506	0.15	0.212	4.19971531031053e-06
Mov10	1.32847677545684e-10	-0.375633734662066	0.1	0.163	4.28898726956242e-06
Rictor	1.5173889876101e-10	-0.453674024583104	0.654	0.566	4.89889034649922e-06
Birc6	1.57431073712134e-10	-0.263147693106185	0.934	0.824	5.08266221479626e-06
2010016I18Rik	2.09391428478111e-10	-0.413817476512492	0.126	0.188	6.76020226841581e-06
Rtn4rl1	2.20548092350545e-10	-0.304207581319222	0.063	0.123	7.12039516153733e-06
Atf7	2.20841591896848e-10	-0.493974754950575	0.461	0.452	7.12987079438975e-06
Hspe1	2.23470731018339e-10	-0.41760771453315	0.685	0.59	7.21475255092706e-06
Cdyl2	2.70135303003434e-10	-0.559708434288323	0.268	0.318	8.72131825746586e-06
Rnf130	3.03607801434561e-10	-0.33892395183631	0.064	0.124	9.80197786931479e-06
Slc17a9	3.26654442734807e-10	-0.307301078931499	0.066	0.124	1.05460386836932e-05
Rgs14	3.76533880779662e-10	-0.322977259994973	0.102	0.163	1.21563963409714e-05
Smurf2	4.46263752601699e-10	-0.534148099181309	0.583	0.52	1.44076252527458e-05
Gpr146	4.5717224621598e-10	-0.29361075282189	0.068	0.126	1.47598059690829e-05
Gimap1os	5.09950522472994e-10	-0.401699266736969	0.123	0.184	1.64637526180406e-05
Zfp592	5.14732194279501e-10	-0.493063481083347	0.335	0.352	1.66181288923137e-05
Xaf1	5.23657059989371e-10	-0.487770440407641	0.194	0.251	1.69062681817568e-05
Mllt10	5.73352041876115e-10	-0.366729794477042	0.818	0.682	1.85106706719704e-05
Gm10130	5.98253851148965e-10	-0.269969862063612	0.057	0.114	1.93146255843443e-05
1810026B05Rik	6.05137868783502e-10	-0.344438232724557	0.823	0.687	1.95368760936754e-05
Tsc22d3	6.3474203566429e-10	-0.487295186616406	0.274	0.314	2.04926466214216e-05
Cyb5b	7.70862509184648e-10	-0.507879885608624	0.332	0.349	2.48872961090264e-05
Zfp644	9.07738924292427e-10	-0.456249277512521	0.653	0.567	2.9306351170781e-05
Gimap7	1.01280643079675e-09	-0.46741382998943	0.422	0.422	3.26984556182731e-05
Adar	1.08628530399634e-09	-0.486963375936216	0.284	0.313	3.50707210395219e-05
Banp	1.24317040258038e-09	-0.47414392265343	0.261	0.299	4.01357564473075e-05
Zdhhc17	1.34987576000572e-09	-0.463863862950741	0.202	0.25	4.35807389117845e-05
Desi2	1.48191807554251e-09	-0.551584018270336	0.387	0.384	4.784372506889e-05
Cdk19	1.50886255325663e-09	-0.524694832102683	0.422	0.424	4.87136275318904e-05
Agk	1.58702012289555e-09	-0.473648205905225	0.165	0.222	5.12369446676828e-05
Atp13a3	1.60917632907112e-09	-0.466355212347454	0.529	0.482	5.19522577840612e-05
Hibadh	1.64236489700079e-09	-0.563962800265155	0.306	0.328	5.30237506996705e-05
Nfe2l2	2.16167905628903e-09	-0.453465386564615	0.234	0.278	6.97898083322913e-05
Hsdl1	2.41430073769805e-09	-0.375394808520411	0.122	0.18	7.79456993165815e-05
Tango6	2.53682407140512e-09	-0.374471816790424	0.113	0.173	8.19013651453142e-05
Supt3	2.59279982897528e-09	-0.538126314556302	0.21	0.264	8.3708542478467e-05
Stag1	2.61774268193637e-09	-0.289898770727758	0.911	0.792	8.45138224863156e-05
Ccdc171	3.85311080156136e-09	-0.396260470680066	0.112	0.17	0.000124397682228408
Mettl8	4.14480757263955e-09	-0.294772575545406	0.069	0.124	0.000133815112482668
Rif1	4.39240041630519e-09	-0.493064070822465	0.418	0.407	0.000141808647440413
Ppm1b	4.45856153114851e-09	-0.45695856440176	0.63	0.537	0.00014394465903313
Msl2	4.49723998532089e-09	-0.504528423376533	0.448	0.417	0.000145193392926085
Srsf5	4.94708847819974e-09	-0.292358742043535	0.893	0.766	0.000159716751518679
Bbx	5.13870712969753e-09	-0.555067550784403	0.483	0.449	0.000165903159682285
mt-Nd3	5.49784530766037e-09	-0.285789811236119	0.849	0.731	0.000177497935757815
Pym1	5.62800559197849e-09	-0.446826228713019	0.198	0.244	0.000181700160537026
Zfp36l1	5.79292014325689e-09	0.390513380833616	0.852	0.701	0.000187024426825049
Ccny	6.91252059276302e-09	-0.389490145701184	0.59	0.532	0.000223170727337354
Polr1a	6.96750371725193e-09	-0.329465781219489	0.115	0.173	0.000224945857511479
9930111J21Rik2	7.55053754112128e-09	-0.576417620022021	0.459	0.43	0.000243769104515101
Magi3	7.81882368965335e-09	-0.50394128497751	0.271	0.315	0.000252430722820458
Socs3	8.23762037851283e-09	-0.490823423211126	0.186	0.237	0.000265951573920287
Ddb2	8.80341643299069e-09	-0.415467044482259	0.188	0.24	0.000284218299539104
Card6	9.43790163881824e-09	-0.410165905311782	0.177	0.227	0.000304702654409247
Kcnq1ot1	9.94266407173475e-09	-0.44511223485975	0.383	0.423	0.000320998909555956
Gm42722	1.00218312120954e-08	-0.389398422379344	0.101	0.158	0.0003235548206825
Usp25	1.21201518096601e-08	-0.468557570809367	0.692	0.579	0.000391299101174875
3300002I08Rik	1.26076702782501e-08	-0.282530094369417	0.074	0.128	0.000407038634933304
Cdkal1	1.314652937771e-08	-0.472204363293526	0.584	0.517	0.000424435700959366
Kif21b	1.34493932939252e-08	-0.500070207344453	0.483	0.438	0.000434213662494375
Gpatch4	1.34556919126928e-08	-0.344316322197517	0.096	0.151	0.000434417013401289
Il17ra	1.44036936972296e-08	-0.488736356520373	0.314	0.33	0.000465023251015057
Zhx2	1.75839722714709e-08	-0.478704227407666	0.341	0.36	0.000567698544784439
Nup153	1.82196483246222e-08	-0.469146430757859	0.577	0.492	0.000588221346160429
Dapk1	2.18300110770315e-08	-0.280947134051485	0.052	0.102	0.000704781907621962
Gm11361	2.892772958994e-08	-0.427375038866948	0.484	0.434	0.000933931749811211
Rbl1	2.9165741693819e-08	-0.420060496079953	0.157	0.208	0.000941615970584946
Tapbpl	3.23423149363439e-08	-0.35261622108772	0.132	0.185	0.00104417163771986
Scarb2	3.2360829597717e-08	-0.455412693916584	0.244	0.277	0.00104476938356229
Gm4876	4.2904699731032e-08	-0.430403500792822	0.212	0.257	0.00138517823081637
Itm2a	4.40796708311162e-08	-0.496865859464576	0.19	0.234	0.00142311217278259
Idh2	4.42800175539462e-08	-0.32511650512091	0.098	0.149	0.00142958036672915
Gm16599	4.80952236741362e-08	-0.421179576354865	0.189	0.236	0.00155275429631949
Arid2	5.33774319832899e-08	-0.469520436722209	0.56	0.488	0.00172329039158051
Osbpl9	6.26473801280091e-08	-0.423940137029753	0.518	0.479	0.00202257066743277
Zfp148	8.72478098674173e-08	-0.362446198652676	0.793	0.653	0.00281679554156957
Eml5	9.7648013407039e-08	-0.39800044702081	0.165	0.216	0.00315256611284625
Psip1	9.97073342274584e-08	-0.349632092167411	0.679	0.57	0.0032190512855335
Mdm4	1.06390484020686e-07	-0.441526039338327	0.5	0.446	0.00343481677660785
Gm15564	1.07198349953112e-07	-0.338836645119705	0.148	0.195	0.00346089872823623
Klf7	1.08893828801533e-07	-0.478953743784358	0.42	0.406	0.00351563726285748
Ttc3	1.3013423226918e-07	-0.499837917610348	0.521	0.47	0.00420138368881046
Lnpep	1.62024080036671e-07	-0.283373768484222	0.835	0.707	0.00523094742398392
Lman2l	1.74395989180224e-07	-0.339665899060853	0.101	0.149	0.00563037451068353
Mapk8	2.14211240392498e-07	-0.381357212974927	0.14	0.188	0.00691580989607178
Zfp407	2.26229386745271e-07	-0.472143546150664	0.561	0.513	0.00730381575107108
Dkc1	2.46739306289365e-07	-0.389975380007578	0.198	0.236	0.00796597850355215
Traf5	2.66383900639075e-07	-0.382505780119519	0.28	0.309	0.00860020423213254
Mark2	2.91895843584427e-07	-0.366220190805115	0.729	0.583	0.00942385731012322
Resf1	3.01771123041416e-07	-0.497259923900371	0.517	0.466	0.00974268070739212
Add1	3.03011707887183e-07	-0.486319824273809	0.563	0.47	0.0097827329891377
Chd6	3.12069428491122e-07	-0.461624124395258	0.565	0.488	0.0100751614988359
Slc30a7	3.13972783995788e-07	-0.420157033070736	0.276	0.296	0.010136611331304
Lmo4	3.24630374780983e-07	-0.285774691726462	0.098	0.146	0.010480691649804
Gbp5	3.35176168559059e-07	-0.294215921823054	0.059	0.104	0.0108211626019292
Tuba1b	3.47039590342456e-07	-0.421361656821088	0.283	0.302	0.0112041731742062
Hist1h1c	3.53040544867717e-07	-0.407785473880784	0.203	0.238	0.0113979139910542
Psmb10	3.9206215504482e-07	-0.45574562569704	0.46	0.414	0.012657726675622
Cep128	4.23952284839416e-07	-0.328274785416792	0.102	0.153	0.0136872995160405
Pml	4.38879202556205e-07	-0.516904729335577	0.224	0.257	0.0141692150545271
Adcy3	4.48093383920872e-07	-0.278263120870549	0.067	0.112	0.0144666948998853
Smad5	4.69620340706142e-07	-0.302517151169963	0.097	0.144	0.0151616926996978
Lrp6	5.52411516892543e-07	-0.448969972510387	0.286	0.303	0.0178346058228757
Tpr	6.00329953825045e-07	-0.250473799140392	0.939	0.825	0.0193816525592416
Vamp1	6.15012346388973e-07	-0.402669065758529	0.194	0.231	0.019855673603168
Ikzf2	6.42156045426143e-07	0.54288465385726	0.194	0.127	0.020732007926583
Tmco4	6.52638909748375e-07	-0.434919958439868	0.172	0.212	0.0210704472012263
Ggact	6.77224577169648e-07	-0.381536479267211	0.128	0.173	0.0218641954739221
Trim34a	6.9957038261412e-07	-0.440084570545685	0.197	0.233	0.0225856298026969
Zfp53	7.31568151464852e-07	-0.642419863252104	0.365	0.359	0.0236186777700427
Diaph2	7.77156498447638e-07	-0.436706005670567	0.624	0.555	0.025090497552382
Ptbp3	8.95738016533643e-07	-0.260777254360103	0.91	0.775	0.0289189018637887
Trim14	9.20399138040043e-07	-0.473390972676139	0.342	0.342	0.0297150861716228
Dnmt3a	9.86134480044624e-07	-0.467926211447108	0.38	0.366	0.0318373516882407
Xpnpep3	1.01295948554517e-06	-0.314264051922413	0.083	0.127	0.0327033969908259
Dgkd	1.13083939902272e-06	-0.347384158666875	0.702	0.585	0.0365091499974487
Tmem229b	1.16427359529986e-06	-0.35971790270229	0.145	0.186	0.0375885730242559
Ikbkb	1.19213955971817e-06	-0.515901643481575	0.486	0.421	0.0384882256855012
H2-T22	1.2926742176922e-06	-0.430321179207789	0.246	0.267	0.0417339871181928
Zfp1	1.32326362034649e-06	-0.391573512774027	0.193	0.229	0.0427215659828864
Limk2	1.37797043935768e-06	-0.455336494767212	0.305	0.316	0.0444877756346626
Gm26771	1.60699830937438e-06	-0.265296950515643	0.075	0.118	0.0518819404181518
Plcl1	1.66437446731464e-06	-0.543915053936379	0.134	0.182	0.0537343296772532
Tmem260	1.97851143030084e-06	-0.364334453270767	0.116	0.159	0.0638762415272628
Abi3	2.17640814178465e-06	-0.307535026166686	0.114	0.156	0.0702653368575176
Gucd1	2.25572956682829e-06	-0.3124781559254	0.094	0.137	0.0728262290650515
Efr3a	2.57643443051841e-06	-0.444775975360357	0.539	0.456	0.0831801855892868
Tbcel	2.59693024702923e-06	-0.408147397180042	0.216	0.245	0.0838418930253387
Mbd5	2.64669351328303e-06	-0.455020788816503	0.674	0.577	0.0854485000763428
Vps13a	2.68724268559516e-06	-0.38364798688197	0.556	0.495	0.0867576301044397
Clpb	2.74681975252706e-06	-0.276784895006305	0.079	0.122	0.0886810757103362
Smurf1	3.04005723541599e-06	-0.442106405843995	0.31	0.317	0.0981482478454053
Igtp	3.34940202883571e-06	-0.55878528925831	0.351	0.348	0.108135444500961
Snd1	3.90650597246043e-06	-0.385525314871009	0.674	0.55	0.126121545320885
Daxx	4.14607124738325e-06	-0.509064968918135	0.229	0.252	0.133855910221768
Cyld	4.39976350474702e-06	-0.319206189095086	0.709	0.586	0.142046364750758
Elovl6	5.00976441366027e-06	-0.358071104760969	0.122	0.164	0.161740244095022
Nr2c2	5.07658148544127e-06	-0.387427057215786	0.608	0.515	0.163897433257471
Gngt2	5.46939814629958e-06	-0.323312701405022	0.131	0.169	0.176579519153282
Ralgapa2	5.53520040068582e-06	-0.415637409232904	0.628	0.537	0.178703944936142
Vav1	5.59723126155161e-06	-0.461836850030818	0.439	0.39	0.180706611279194
Rabgap1	5.65957529603027e-06	-0.480524353409081	0.365	0.355	0.182719388432337
Gatad2b	5.81192185953806e-06	-0.388397894353521	0.71	0.572	0.187637897235186
Zdhhc20	5.83054222925971e-06	-0.341099250536591	0.713	0.593	0.18823905587165
Ankrd28	6.22786961576022e-06	-0.471309085738497	0.315	0.328	0.201066770544819
Pkn2	6.42338244850436e-06	-0.386436879172011	0.614	0.51	0.207378902349963
Prkcz	6.73894564553516e-06	-0.269012099713831	0.085	0.124	0.217566860166103
Itpr3	7.64438183150759e-06	-0.284775368320904	0.11	0.15	0.246798867430223
Zfp277	7.82440686944212e-06	-0.428409509734659	0.234	0.256	0.252610975779939
Ttyh3	7.92183546204803e-06	-0.321026477039171	0.138	0.175	0.255756457892221
Snrpd3	9.19218864705697e-06	-0.403317543800899	0.529	0.451	0.296769810470234
Gm13708	9.721577030382e-06	-0.29043930053141	0.097	0.136	0.313861114425883
Smarca2	1.12813635631766e-05	-0.314988249200768	0.682	0.573	0.364218822637155
Fkbp4	1.14806812141837e-05	-0.431471484758652	0.28	0.283	0.370653792999922
Trappc12	1.19338822440012e-05	-0.384477134356348	0.205	0.232	0.385285388247578
Ppm1k	1.24552019370282e-05	-0.272289118629656	0.105	0.144	0.402116194536955
Magt1	1.33069173716424e-05	-0.390510298404697	0.226	0.249	0.429613827343475
Arhgap25	1.59661855549159e-05	-0.409714373241764	0.564	0.476	0.51546830064046
Cab39l	1.63134194514891e-05	-0.492074758356598	0.334	0.329	0.526678746991325
Hnrnpm	1.70474816508263e-05	-0.261250028575042	0.809	0.664	0.550377945096926
Trp53inp1	1.72759865315097e-05	-0.374986734402012	0.485	0.446	0.557755225169789
Gm43713	1.9754541819235e-05	-0.288724943883575	0.094	0.132	0.637775382634001
Trbc1	1.98103373231607e-05	-0.297234661427766	0.869	0.81	0.639576740478242
Mdc1	2.01831812311834e-05	-0.276677620880633	0.102	0.139	0.651614006048756
Tbl1xr1	2.05016080620579e-05	-0.436178621473755	0.554	0.471	0.66189441628354
Phf14	2.07906971082915e-05	-0.394559247421197	0.657	0.546	0.67122765614119
Tagap	2.14380849254281e-05	-0.25859898906183	0.073	0.11	0.692128571817447
Strbp	2.17143450701609e-05	-0.426400907382498	0.482	0.436	0.701047630590144
Cbr1	2.29976181431834e-05	-0.324595994130763	0.151	0.184	0.742478101752677
Mcu	2.32351783036361e-05	-0.529185519439387	0.4	0.379	0.75014773153289
H2-T23	2.47394668740484e-05	-0.288952590753587	0.807	0.65	0.798713688028654
Arhgap35	3.14027580162319e-05	-0.370847764120112	0.167	0.2	1
Armc7	3.36962468765847e-05	-0.410001683342293	0.242	0.257	1
Tmtc2	3.49136757131651e-05	-0.293424117404358	0.074	0.11	1
Cd84	3.5083557290574e-05	-0.382643608281122	0.608	0.517	1
Brwd1	3.58981861028928e-05	-0.404428323588026	0.423	0.385	1
Akap10	3.66841423549234e-05	-0.427461280609131	0.41	0.383	1
Zup1	3.81217495167571e-05	-0.517939692009733	0.478	0.421	1
Lats2	3.91745777867481e-05	-0.301324794916425	0.146	0.18	1
Atrn	3.9224846941626e-05	-0.41963995692161	0.334	0.332	1
Atp6v1h	3.96510910586627e-05	-0.393066708326308	0.243	0.261	1
Faf1	4.13191382613914e-05	-0.410380159699481	0.568	0.485	1
Pde6h	4.16876429629536e-05	-0.270413819409194	0.095	0.13	1
Cnot2	4.31865839005893e-05	-0.306945074329855	0.699	0.581	1
Asxl2	4.32090522426991e-05	-0.342827738072131	0.638	0.536	1
Fbxw4	4.61848162470535e-05	-0.406755559978605	0.268	0.277	1
Pds5b	4.77320520233318e-05	-0.440979677337093	0.505	0.433	1
Pdss2	4.87823252101648e-05	-0.456962301542001	0.293	0.303	1
Mitd1	4.97504015475397e-05	-0.405676893300207	0.319	0.315	1
Lims1	5.24537863892832e-05	-0.317446427308599	0.734	0.601	1
Max	5.28056410784014e-05	-0.381936431712224	0.389	0.358	1
Pot1b	5.30725225390796e-05	-0.322908208352986	0.137	0.173	1
Gm48719	5.39928968957859e-05	-0.262019270047053	0.091	0.126	1
Xndc1	5.44800197094551e-05	-0.252164052862246	0.073	0.108	1
Zfp395	5.87322284405885e-05	-0.265485012287522	0.096	0.131	1
Pisd	6.79740712033593e-05	-0.263824831660496	0.081	0.115	1
Serpini1	7.0617646666545e-05	-0.277391383411493	0.076	0.112	1
Prdm2	7.22526310756664e-05	-0.373033357731716	0.614	0.5	1
Zfp512	7.37728146134557e-05	-0.264556361647508	0.096	0.131	1
Rnf145	8.24440913851814e-05	-0.428703696539322	0.46	0.407	1
Wapl	8.39055082307116e-05	-0.266479891663779	0.818	0.655	1
Tmem164	8.81155478990071e-05	-0.408585025422478	0.571	0.497	1
Orc5	9.9375587106762e-05	-0.309784392878677	0.112	0.144	1
Hmbox1	0.0001012579591909	-0.424589701102245	0.314	0.308	1
Taok3	0.000108400973392016	-0.320468667714464	0.735	0.588	1
Slc25a12	0.000113050123585375	-0.460497056766193	0.39	0.355	1
Gng12	0.000122475039671907	-0.336736994266874	0.135	0.17	1
Setd4	0.000123034066549198	-0.258461252998028	0.09	0.123	1
Rbm33	0.000137011197090701	-0.345716927110122	0.612	0.502	1
Sh2d3c	0.000161165390525576	-0.379076646538764	0.216	0.232	1
Nt5c3	0.000172678791971226	-0.390430266337341	0.233	0.245	1
Ube4a	0.000193633010931946	-0.370112060628568	0.282	0.284	1
Cd9	0.000203613162000053	-0.301783274557153	0.136	0.166	1
Armc8	0.000216702221821968	-0.42234618488409	0.29	0.285	1
BC005561	0.000240733692486104	-0.309010182855361	0.136	0.167	1
Rbm38	0.000267277010839501	-0.373824105175898	0.302	0.292	1
Abl2	0.000268588883051735	-0.438291562699193	0.29	0.289	1
Rnf38	0.000289057829930431	-0.411360200853675	0.371	0.345	1
Micall1	0.000315717711289673	-0.342686108222201	0.141	0.167	1
Gm46367	0.000321382891633886	-0.310151161451826	0.134	0.161	1
Bmt2	0.0003633569901959	-0.408821573586651	0.464	0.407	1
Abcc5	0.000378086559681129	-0.310812213615027	0.143	0.169	1
Celsr1	0.000388908815477281	-0.323513405970627	0.18	0.202	1
Trim30d	0.000410093502848764	-0.303874529981067	0.127	0.158	1
Fam117a	0.00046356599852633	-0.346025767718957	0.257	0.266	1
Synj2bp	0.000470086919450723	-0.398301996672358	0.475	0.415	1
Letm2	0.000531918157125515	-0.269753404341692	0.111	0.139	1
Vti1a	0.000535617423192002	-0.377125489041981	0.691	0.575	1
Wdr46	0.000639616211232316	-0.268097972796113	0.122	0.148	1
Bckdhb	0.000695424416209979	-0.25858467003426	0.08	0.109	1
Ifi203	0.000707450156480544	-0.309840731076602	0.841	0.729	1
Zfp236	0.000740826641658082	-0.34994210208646	0.256	0.258	1
Lta4h	0.000847269061669378	-0.336221442687615	0.188	0.204	1
Bbip1	0.000853466811731793	-0.386578449073589	0.372	0.337	1
Slc37a1	0.000900665320239836	-0.291006016874641	0.134	0.158	1
Tecpr1	0.000979089543894719	-0.305901244941678	0.656	0.528	1
Pgs1	0.00102119252155216	-0.372834589606129	0.273	0.266	1
Irf1	0.00110867271857865	-0.432969672896656	0.455	0.407	1
B3galnt2	0.00116660472381096	-0.269848865647261	0.103	0.129	1
Prkacb	0.00119900666076039	-0.366052118146037	0.52	0.429	1
Fgfr2	0.00124214748567141	-0.359150727181157	0.409	0.366	1
Arhgap4	0.00129134179314259	-0.366933845370264	0.432	0.38	1
2610037D02Rik	0.00131039357973754	-0.393651812153037	0.234	0.243	1
Skp1a	0.0013486241012872	-0.385542604468232	0.467	0.394	1
Gse1	0.00136098610362842	-0.401815920107195	0.295	0.281	1
Nxn	0.00137738998608933	-0.331195318808825	0.103	0.131	1
Pikfyve	0.00144689541753315	-0.298941922161782	0.146	0.168	1
Nop56	0.00149117499373309	-0.378502127895327	0.307	0.289	1
4632427E13Rik	0.00149383381563334	-0.309719227986819	0.156	0.176	1
Cox16	0.00152788471736021	-0.413074183775165	0.616	0.497	1
Creb1	0.00153649562237357	-0.324160618260783	0.721	0.579	1
Arhgap1	0.00159489981512379	-0.40402164668833	0.346	0.311	1
Ttc7b	0.0015969729840745	-0.349010191913594	0.221	0.229	1
Shprh	0.00172346166931312	-0.41635415332092	0.324	0.302	1
Setd5	0.00173077188302663	-0.324718484185846	0.673	0.541	1
Dym	0.00179041184495337	-0.384854675065969	0.351	0.328	1
Dmxl1	0.00179153689443331	-0.364732442996789	0.52	0.438	1
Tet3	0.00185876118856702	-0.287942772486041	0.722	0.575	1
Dcaf5	0.0018619867950278	-0.357285049091912	0.46	0.401	1
Ptges3	0.00189762253520954	-0.31819329675189	0.606	0.483	1
Ipo11	0.00210690865088478	-0.301767074890493	0.18	0.196	1
Lfng	0.00212518192373222	-0.344166528366756	0.249	0.247	1
Cers6	0.00215991729748887	-0.303564226100804	0.507	0.461	1
Gphn	0.0021631920338097	-0.251402345223378	0.727	0.61	1
Dennd1b	0.00226128154338786	-0.259998336361275	0.779	0.631	1
Arhgap10	0.0023810913188854	-0.405992484139364	0.392	0.352	1
Inpp5f	0.00238176945042909	-0.366845326169061	0.221	0.228	1
Setd7	0.0026133746093247	-0.37392951281375	0.475	0.404	1
Dcaf17	0.00300713575348872	-0.332401581884969	0.193	0.203	1
Gm38604	0.00310491334419193	-0.273759264205261	0.093	0.117	1
Invs	0.00315232431076131	-0.321969972306566	0.109	0.133	1
Gm48765	0.00318158465890333	-0.25291105397448	0.08	0.104	1
Gm12353	0.00320619390839798	-0.259982706243969	0.085	0.109	1
Ppp3ca	0.00332745410534437	-0.37489400624934	0.601	0.502	1
Lrpprc	0.00348515754885795	-0.358677062673429	0.203	0.21	1
Ralgps2	0.00350481879815199	-0.304639084423829	0.553	0.473	1
Zfp260	0.00361690112411978	-0.331992307262501	0.21	0.217	1
Bcl9l	0.00364948080716378	-0.28525517436951	0.172	0.185	1
Rbm5	0.00372798266258486	-0.265870525868211	0.734	0.566	1
Nfyc	0.00411954898317007	-0.433750270093217	0.392	0.346	1
Tnks	0.00416499550102716	-0.357707517127637	0.327	0.306	1
Mfhas1	0.00420715880626344	-0.411432282038221	0.391	0.35	1
Zc3h12d	0.00425394518031463	-0.343743081620226	0.204	0.212	1
Slc28a2	0.00425557415855638	-0.348468352578178	0.356	0.33	1
Foxn2	0.00432509647435448	-0.343681427603429	0.348	0.323	1
Slc2a3	0.00437042404925948	-0.26430466988403	0.099	0.122	1
Poc1b	0.00442611277933553	-0.286647042553181	0.143	0.162	1
Stip1	0.00454072132327565	-0.386305099091294	0.355	0.316	1
Eif4ebp2	0.00478456921301479	-0.307088496289895	0.642	0.496	1
Twf2	0.00485840231442031	-0.386259110493192	0.418	0.353	1
Gprasp1	0.00505541476120936	-0.33943011199257	0.211	0.216	1
Gpcpd1	0.00507512075151227	-0.373377432028557	0.436	0.38	1
Gm26510	0.00507636902945323	-0.420342127858346	0.24	0.239	1
Ankfy1	0.0054712124857262	-0.407393186734859	0.339	0.306	1
Mrps28	0.00549534545475955	-0.365127012822743	0.227	0.23	1
Vps13c	0.00552866380498071	-0.379376116891215	0.337	0.306	1
Phf3	0.00564159960661639	-0.257182245148084	0.768	0.596	1
Cep164	0.00581477439768487	-0.265253947095302	0.131	0.149	1
Dnajb9	0.00584844915722552	-0.366784816842869	0.269	0.258	1
Fam168a	0.00613286747193055	-0.432708991684933	0.362	0.329	1
Pcm1	0.00615722364130883	-0.370300892841518	0.517	0.424	1
Ranbp10	0.00619552686759371	-0.386153677239502	0.245	0.244	1
Ttc17	0.00626319677884613	-0.382107725617338	0.356	0.324	1
Nop10	0.00654134742058763	-0.315524580080859	0.611	0.476	1
Ppp1r21	0.00685471863567665	-0.352688063337341	0.209	0.213	1
Pcca	0.00689019679552806	-0.394328788289211	0.281	0.272	1
Zfp438	0.00696210571231254	-0.26803592611087	0.112	0.134	1
Farsb	0.00701006223615404	-0.286767842820427	0.203	0.21	1
Epsti1	0.00713328511833398	-0.416439881561849	0.709	0.599	1
Zfp654	0.00722697949904514	-0.379316708438763	0.45	0.392	1
Aatf	0.00732202334347657	-0.390676504766419	0.288	0.273	1
Ppp1r12b	0.00790923699458431	-0.397753343241989	0.285	0.275	1
Tex10	0.00791146197342333	-0.277787557634595	0.153	0.168	1
Asb3	0.00817155743388606	-0.388501519805043	0.459	0.39	1
Pnpla7	0.00872670499376179	-0.355277185397465	0.215	0.218	1
Lrif1	0.00876103220096006	-0.354429951462283	0.279	0.266	1
Gm44686	0.00887382279446276	-0.35514307624575	0.362	0.32	1
Ehmt1	0.0092267308560687	-0.372346179409187	0.491	0.402	1
Usp40	0.00925601849127656	-0.286100237914515	0.158	0.171	1
Mettl16	0.00932923816119354	-0.325610974842083	0.219	0.22	1
Klhl2	0.00977582551829811	-0.369554385248254	0.242	0.239	1
Snx27	0.00977874312283098	-0.342808270770485	0.243	0.239	1
Frat2	0.0098349581671234	-0.25335166624896	0.1	0.119	1
Fam126b	0.00986618842951997	-0.26758341048279	0.127	0.145	1
Dcp1b	0.0103091782889979	-0.261634399392607	0.132	0.148	1
Lgals8	0.0105531773650343	-0.297254253166744	0.19	0.196	1
Nmi	0.0108646760510993	-0.386928248800735	0.45	0.372	1
Sipa1l3	0.0113598898178614	-0.296089928528449	0.162	0.175	1
Man2c1os	0.0116017351721467	-0.267191564518157	0.111	0.129	1
Mpp6	0.0120207855760027	-0.335420207343407	0.206	0.21	1
Zhx3	0.0121186470085537	-0.284434130328726	0.194	0.203	1
Pou2f1	0.0125313674306363	-0.356591266420995	0.411	0.363	1
Zfand3	0.0125369933772397	-0.260420830991724	0.833	0.657	1
Ldah	0.0126018936573583	-0.368205590295477	0.265	0.253	1
Dennd6a	0.0128663288126938	-0.347026302022821	0.281	0.269	1
Hist1h4d	0.0128720613765517	-0.289969545806971	0.229	0.225	1
Taf15	0.0128762750371808	-0.281159411984423	0.619	0.489	1
Zfp518a	0.0132214136293174	-0.269049653143652	0.145	0.158	1
Cct5	0.0140695011472748	-0.285728902790681	0.629	0.489	1
Kmt2d	0.0142149140705945	-0.35276411438175	0.331	0.296	1
Usp6nl	0.0146493362588945	-0.254815405987141	0.136	0.153	1
Jade2	0.0151787950165924	-0.283138388000384	0.172	0.18	1
Nars2	0.0156624704914742	-0.302685856762481	0.142	0.156	1
Tmpo	0.0157369673271866	-0.344220756974023	0.441	0.368	1
Prim2	0.0160691239317168	-0.270169569903965	0.126	0.142	1
Gm14858	0.0162046201898248	-0.264033306730943	0.1	0.116	1
Irf3	0.0163508852577515	-0.315023225904068	0.233	0.226	1
Ppp4r2	0.0168611121257511	-0.289430238120095	0.694	0.527	1
Znfx1	0.0172032743310355	-0.361203682713144	0.2	0.201	1
Aqr	0.0179937887946474	-0.378338553411215	0.413	0.348	1
Chordc1	0.0185021794972675	-0.335701712514146	0.536	0.422	1
Icam2	0.0188596846902532	-0.2674109211717	0.147	0.158	1
Tasor2	0.0216852937678879	-0.338834774548117	0.543	0.443	1
Mphosph9	0.0218340557956552	-0.318065487825501	0.182	0.188	1
Atxn2	0.0222484913503574	-0.329473506803486	0.296	0.272	1
Galnt11	0.0225117042452105	-0.282192877032334	0.201	0.203	1
Baz2b	0.0244560133913127	-0.285070812827801	0.657	0.529	1
Cox10	0.0244815931944391	-0.291499117494357	0.218	0.217	1
Utp20	0.0252137983723535	-0.2514194185222	0.109	0.123	1
Pik3c2a	0.0253192621946487	-0.351485248186577	0.401	0.35	1
Atpaf1	0.0258767742821248	-0.275471363806213	0.138	0.149	1
Smad3	0.0279994992552106	-0.323300270676968	0.308	0.289	1
Hs2st1	0.0283830081453914	-0.348759286699167	0.293	0.279	1
Relch	0.0292560278630947	-0.338962905565035	0.493	0.401	1
Dars	0.0292874826339885	-0.348135307800763	0.303	0.274	1
Ube2d1	0.029442921322912	-0.345136734761737	0.25	0.237	1
Klhdc10	0.030171253217738	-0.351427168513162	0.169	0.175	1
Ddx10	0.032754731726533	-0.349807296249313	0.489	0.402	1
Fbl	0.0335662574084769	-0.350281505394964	0.398	0.335	1
A630023P12Rik	0.0341895557497704	-0.265564203282484	0.156	0.165	1
Ngly1	0.0347438329297818	-0.338685623989128	0.348	0.302	1
Snapc3	0.0354693132418551	-0.328128793285866	0.293	0.265	1
Nup160	0.0372788762038965	-0.262990715257897	0.165	0.171	1
Nol8	0.0381126414684162	-0.30746044202183	0.168	0.173	1
2610002M06Rik	0.038216162683318	-0.261970640560103	0.135	0.144	1
Myo9a	0.0402049132342788	-0.273043544483878	0.469	0.336	1
Usp32	0.0407529250244732	-0.365813464181728	0.473	0.392	1
Tardbp	0.0414327410787223	-0.332770132231755	0.473	0.38	1
Alkbh8	0.0430031277899346	-0.324988112662686	0.272	0.252	1
Ctnnbl1	0.0457434187134442	-0.349156016182052	0.344	0.297	1
Tapt1	0.0465572635689825	-0.337481111536644	0.337	0.301	1
Exosc1	0.0480309113808551	-0.272191147877037	0.196	0.195	1
Elf4	0.0485702691961106	-0.344495326716619	0.526	0.42	1
Wars2	0.0487992590381834	-0.273181160324393	0.113	0.125	1
Zfp943	0.0508017629130922	-0.250260625716184	0.124	0.134	1
Baz1b	0.0527916020959081	-0.31423608808414	0.552	0.439	1
Ttf1	0.0535893951409791	-0.283376753611426	0.168	0.169	1
Ncoa1	0.0551673784926271	-0.351869658735312	0.531	0.446	1
Dph6	0.0558674707866115	-0.328593571272191	0.206	0.205	1
Tspan13	0.0600506771449764	-0.313944421334937	0.404	0.34	1
Naa15	0.0643539753705745	-0.286732421127738	0.552	0.436	1
Dido1	0.0670927733220102	-0.320431608826503	0.413	0.346	1
Ndufs4	0.069620306434349	-0.266498811814601	0.71	0.541	1
Rai1	0.0725136430372124	-0.353495510215843	0.447	0.364	1
Kif1b	0.0727255755599716	-0.427942403037079	0.35	0.306	1
Fdps	0.0736347269441894	-0.290241358315994	0.174	0.173	1
Zmynd11	0.0741053695210128	-0.302061619587255	0.551	0.441	1
Slc38a9	0.0744044648653615	-0.335712777427824	0.225	0.216	1
Drg1	0.0757915039515068	-0.307231841313425	0.454	0.37	1
Nampt	0.0769147963580303	-0.31755220464305	0.179	0.178	1
Ube3c	0.0787763223222885	-0.32611928190593	0.457	0.38	1
Pcna	0.079470635078394	-0.287695839331422	0.459	0.37	1
Mtmr3	0.0812743447676094	-0.325827440708973	0.658	0.502	1
Ly75	0.081341301308954	-0.283392833846715	0.223	0.214	1
Mipol1	0.081870910473247	-0.267138983928653	0.156	0.159	1
Dicer1	0.0823571652096323	-0.320503131895269	0.329	0.286	1
Zfp398	0.0843214928150718	-0.310575034104359	0.278	0.256	1
Ppp3cb	0.0847398402879675	-0.31895340045579	0.531	0.422	1
Snx29	0.0883502779655572	-0.316796053803409	0.257	0.24	1
Atp6v0a2	0.0903133331052608	-0.305360999508357	0.263	0.239	1
Asxl1	0.0920284148239113	-0.307550377021159	0.629	0.487	1
C1galt1	0.0946922855925664	-0.323499749561102	0.385	0.33	1
Sdha	0.0960825401049234	-0.316733202190862	0.526	0.403	1
Prkdc	0.0991385024826527	-0.312218168240953	0.343	0.301	1
Rffl	0.0993875828115007	-0.270279206810404	0.163	0.166	1
mt-Atp8	0.100435110469664	-0.306487802076035	0.312	0.275	1
Usp45	0.106955183128195	-0.275172821734324	0.206	0.198	1
Btbd7	0.107596774689494	-0.287277311674724	0.579	0.457	1
Fam149b	0.10810913650951	-0.299933026194839	0.19	0.183	1
Sash3	0.109362844847004	-0.304216488872202	0.498	0.395	1
Itch	0.111203621598067	-0.260107991177398	0.657	0.521	1
Rapgef1	0.118209829678031	-0.295292850796183	0.574	0.445	1
Scfd1	0.118922264869107	-0.333768150434576	0.349	0.296	1
Fkbp5	0.119577638931634	-0.352127717234649	0.295	0.264	1
Msra	0.121630421120981	-0.361076162475632	0.338	0.299	1
Lcor	0.123820922768949	-0.264340131875559	0.666	0.529	1
Kdm5c	0.124448205228091	-0.262564417649563	0.379	0.277	1
Enox2	0.124770146041807	-0.287934856844004	0.278	0.268	1
Akap8l	0.126602002424257	-0.315443330837951	0.421	0.348	1
Sec24b	0.130435948428366	-0.337527545283376	0.473	0.375	1
AW554918	0.131974372755555	-0.356339269283762	0.418	0.365	1
Pias2	0.148816609088123	-0.308284660302556	0.433	0.355	1
Akap9	0.150573406656686	-0.291206452333341	0.63	0.49	1
Tom1l2	0.152903510025674	-0.329107980717325	0.238	0.22	1
Immp1l	0.161236761241313	-0.279117785756129	0.374	0.272	1
Rala	0.162075963830122	-0.33358521621844	0.461	0.362	1
Bcor	0.162564337372596	-0.268689708539754	0.418	0.303	1
Msh3	0.167388699066636	-0.36344239405297	0.276	0.247	1
Tnpo3	0.177690411225042	-0.329969228802954	0.467	0.369	1
Cct8	0.177881805555201	-0.264727256586527	0.635	0.467	1
Dhx30	0.181867189477803	-0.284923596793871	0.208	0.195	1
Rnf167	0.195208424648937	-0.302614831714737	0.338	0.287	1
Taf3	0.19704255582868	-0.39331474603835	0.463	0.369	1
5031425E22Rik	0.197212817629838	-0.29183568764267	0.54	0.424	1
Zmym2	0.198551077335023	-0.314677757135463	0.445	0.36	1
Lbr	0.206570990293809	-0.298302119940075	0.544	0.411	1
Cspp1	0.20915991831143	-0.346184505154956	0.378	0.319	1
Slc35b3	0.211165398322669	-0.290989349629758	0.383	0.315	1
Golga1	0.211654393001636	-0.271960162116303	0.172	0.165	1
Gbp6	0.215581319697145	-0.301451915800895	0.208	0.201	1
Mat2a	0.218457614486081	-0.257755042415168	0.644	0.497	1
Cbfb	0.220479462129465	-0.270997481721194	0.61	0.472	1
Xpo7	0.229328305313211	-0.336968298674744	0.486	0.386	1
Hectd4	0.231907426952309	-0.32148912227017	0.398	0.327	1
Kidins220	0.235149791037379	-0.284410762064238	0.495	0.389	1
Washc3	0.237138295357816	-0.368324288722109	0.355	0.293	1
Chd8	0.237623539061839	-0.346024034946118	0.464	0.365	1
Etv3	0.238502247035156	-0.304588708810138	0.298	0.257	1
Traf3ip2	0.242193816229708	-0.270247326515351	0.185	0.175	1
Ralgapb	0.247178474047294	-0.315432818985026	0.344	0.296	1
Zzz3	0.24838730142823	-0.299382854949846	0.441	0.356	1
Sin3a	0.251300188545656	-0.292598577406549	0.338	0.286	1
Spopl	0.253441240802619	-0.307058087655853	0.307	0.267	1
Ifih1	0.266683561263837	-0.374984942558585	0.225	0.21	1
Ammecr1	0.268189960166064	-0.291776027629968	0.213	0.198	1
Taok1	0.270390231807984	-0.257453149424557	0.613	0.468	1
8030462N17Rik	0.275121655410036	-0.292732975396983	0.302	0.263	1
Mapkap1	0.276945023329312	-0.29737883019655	0.488	0.388	1
Arhgap12	0.280224014235151	-0.294856113593441	0.276	0.245	1
Slc23a2	0.285223418306774	-0.251534057453644	0.225	0.208	1
Kdm5b	0.291123229598584	-0.286813525733226	0.51	0.401	1
Ube2r2	0.295753111127966	-0.287328304362916	0.625	0.468	1
Pura	0.295896499792106	-0.250730831266235	0.637	0.483	1
Tulp4	0.302509089264158	-0.256685574362888	0.377	0.32	1
Acap2	0.304640087354791	-0.312453761544474	0.579	0.436	1
Smg9	0.30508890362642	-0.251868630496106	0.174	0.163	1
Pibf1	0.311538716482877	-0.256130141390435	0.322	0.252	1
Trac	0.315754121915759	-0.305485938574846	0.566	0.424	1
P4ha1	0.316714457584113	-0.287503947663349	0.289	0.254	1
N4bp2l1	0.31756142015544	-0.337627864349881	0.288	0.249	1
Sec16a	0.323712838504001	-0.269408184572884	0.237	0.213	1
Nup214	0.326944836208993	-0.263054111798849	0.389	0.289	1
Slc10a7	0.328329621932378	-0.322280511306033	0.445	0.364	1
C2cd3	0.332411248124997	-0.268160863095261	0.315	0.243	1
Zfp869	0.333658440836948	-0.260704800785102	0.261	0.23	1
Rmdn1	0.339132549486672	-0.272808442129992	0.177	0.168	1
St3gal4	0.341028197575383	-0.326554163390665	0.261	0.234	1
Uqcc1	0.345687191357512	-0.27543045364225	0.164	0.156	1
Ncoa6	0.371597068587624	-0.3026197801778	0.372	0.309	1
Irf2bpl	0.374775445616441	-0.293342928213122	0.276	0.24	1
Lin52	0.374900724904353	-0.312905656379415	0.216	0.2	1
Setd1b	0.376355444823136	-0.286252311278291	0.326	0.271	1
Dync1h1	0.380394043235328	-0.257894779823907	0.525	0.405	1
Stat2	0.381178334859355	-0.319253118490432	0.266	0.211	1
Kcnab2	0.384509960789022	-0.302387637281724	0.275	0.237	1
Bmp2k	0.386629157846888	-0.2732677944051	0.328	0.251	1
Rsf1os1	0.388727704897366	-0.25444464769199	0.196	0.181	1
Nhlrc2	0.391287133193565	-0.285277771302323	0.271	0.239	1
Sppl3	0.394597202498678	-0.255702270529392	0.577	0.449	1
Pdpk1	0.428541231341778	-0.262412364799366	0.598	0.449	1
D10Wsu102e	0.431032815486868	-0.264250176010477	0.205	0.187	1
Cept1	0.432057077600018	-0.31176211910947	0.517	0.399	1
Gnl3	0.433031643433665	-0.290168745061148	0.251	0.22	1
Gm26749	0.436241625854454	-0.259451508881525	0.256	0.225	1
Frs2	0.439668697532833	-0.328431372680917	0.408	0.326	1
Ddx18	0.446127193681165	-0.263492273485701	0.346	0.262	1
Ccdc6	0.455134752105923	-0.288744317707429	0.271	0.232	1
Caprin1	0.457038759246824	-0.259450882646467	0.664	0.491	1
Abce1	0.457432643646487	-0.307805160726325	0.285	0.242	1
Usp12	0.459944774057888	-0.27321719526506	0.322	0.271	1
Phgdh	0.463486897928566	-0.291101802955927	0.214	0.19	1
Nin	0.471561044413722	-0.303510482883821	0.454	0.359	1
Glg1	0.480716332587187	-0.258277523435667	0.665	0.502	1
Slf2	0.488576245046186	-0.275590216046713	0.276	0.238	1
Wdr20	0.491727252332775	-0.255820483874156	0.411	0.311	1
Spin1	0.497862958712985	-0.252716147485091	0.321	0.249	1
Snrk	0.50329041895712	-0.262691968586129	0.345	0.265	1
Gapvd1	0.507491627584365	-0.263003405403002	0.574	0.441	1
Sos1	0.511059947525309	-0.301174055015446	0.394	0.323	1
Ice1	0.524011112669738	-0.300391294328148	0.293	0.247	1
Zfp871	0.537281521928036	-0.264880863579211	0.445	0.325	1
Srsf6	0.538630374705518	-0.265383447911545	0.47	0.357	1
Aven	0.542985525100441	-0.330026573057561	0.257	0.223	1
Setd2	0.54370323696776	-0.25030678105611	0.617	0.461	1
Usp7	0.546731678337878	-0.253346228880801	0.601	0.436	1
Tapbp	0.555423450010642	-0.27311430092919	0.647	0.465	1
Tbc1d15	0.556264577621786	-0.256578269343543	0.42	0.315	1
Naa16	0.565986393828014	-0.263058137077225	0.357	0.276	1
Ldb1	0.566375113547736	-0.285871749796497	0.397	0.311	1
Hace1	0.571654607968691	-0.295946511845784	0.266	0.23	1
Atg3	0.592853343223231	-0.29206474261412	0.381	0.304	1
Cpsf3	0.598373921323781	-0.264137033783089	0.223	0.195	1
Wwp1	0.600822738535382	-0.270004160028201	0.308	0.246	1
Ctps2	0.622693190198604	-0.281229947437643	0.433	0.349	1
Anapc5	0.625940721292635	-0.286786962129012	0.387	0.307	1
Idnk	0.627044258889649	-0.276522894796707	0.475	0.347	1
Scaper	0.637812796634664	-0.290086364023822	0.545	0.438	1
Synrg	0.655771169887633	-0.280664096181502	0.43	0.322	1
Map2k4	0.672022629230973	-0.279389512363945	0.515	0.384	1
Spidr	0.673783679559095	-0.268495612350236	0.219	0.197	1
Zkscan3	0.680939053699187	-0.258107879855553	0.269	0.217	1
Lysmd4	0.68279469644062	-0.277028388810634	0.222	0.195	1
Pcmtd2	0.684019610121926	-0.294495499434295	0.305	0.253	1
Ap2a2	0.685591480019162	-0.285485848890842	0.285	0.239	1
Spop	0.695650583768684	-0.271655909877358	0.62	0.467	1
Cnp	0.69952894400288	-0.261455102676175	0.409	0.318	1
Elp4	0.709284810511532	-0.282844696044303	0.367	0.304	1
Mrpl23	0.711221463666338	-0.274376894949215	0.384	0.301	1
Cdk7	0.71515042314821	-0.253930257280213	0.227	0.198	1
Cr1l	0.719317292695351	-0.278205709865877	0.465	0.345	1
Ilrun	0.723522287944963	-0.305824388518455	0.433	0.333	1
Sp1	0.743437049801763	-0.27727298427099	0.369	0.287	1
Tfam	0.751291692531171	-0.265519259597192	0.275	0.229	1
Ylpm1	0.754086877650916	-0.257129579829138	0.466	0.35	1
Cep68	0.758447758653791	-0.251017240419214	0.237	0.205	1
Afg1l	0.766398378103522	-0.282196261637267	0.196	0.176	1
Dap3	0.767657759275248	-0.279231512728439	0.326	0.264	1
Phf20	0.769817237657709	-0.314373318555784	0.456	0.351	1
Irf9	0.77337780908097	-0.277626380422702	0.344	0.271	1
Nt5dc1	0.775220969538447	-0.288557843013156	0.529	0.398	1
Mindy2	0.783022417381102	-0.292211381626105	0.515	0.387	1
Mecp2	0.79532946821239	-0.296185609431567	0.461	0.362	1
Ino80	0.800792515443645	-0.266294791626443	0.495	0.382	1
Tnfaip8l2	0.815871672444369	-0.285082895744322	0.408	0.308	1
Wdr37	0.817761491686942	-0.260976030241231	0.418	0.318	1
Dmtf1	0.826264116126964	-0.254256578367719	0.445	0.344	1
Izumo1r	0.838269314344966	-0.287586450622099	0.296	0.245	1
Cd96	0.845104146977214	-0.263648256671333	0.531	0.402	1
Ccdc82	0.847472626971424	-0.269657039928071	0.421	0.328	1
Fbxo38	0.852353300422061	-0.275830823815098	0.349	0.28	1
Fars2	0.861060191099938	-0.274923576181789	0.565	0.433	1
Dcaf6	0.869238289150818	-0.27947444086097	0.367	0.302	1
Gon4l	0.873886165955222	-0.284208430624396	0.522	0.385	1
Me2	0.877304182863403	-0.265977412867097	0.483	0.369	1
Cdc42se1	0.877739795452377	-0.259573514174788	0.473	0.351	1
Ifi35	0.881343885586642	-0.280952215729985	0.368	0.288	1
Ubr1	0.935841767647484	-0.271414280698394	0.488	0.37	1
Gabpb2	0.95344195132336	-0.267889909118935	0.471	0.361	1
Pitpnm2	0.953888793024359	-0.268198990263236	0.317	0.258	1
Rpa1	0.956526222299634	-0.303187615367914	0.389	0.3	1
Exoc6	0.959663010848663	-0.314293035017337	0.386	0.299	1
Orc3	0.966907589883907	-0.253075284046747	0.292	0.24	1
Ube2v2	0.97779915727197	-0.281682741913747	0.362	0.285	1
Tmem241	0.978545609187377	-0.278336214867148	0.192	0.169	1
Rfc1	0.992656594054561	-0.261124589456298	0.345	0.279	1
Cacybp	0.997189702048284	-0.272531505881467	0.467	0.346	1
