p_val	avg_log2FC	pct.1	pct.2	p_val_adj
Raph1	0	1.37437399392628	0.79	0.039	0
Ctla4	0	2.82116607358374	0.991	0.29	0
Ptma	0	1.8748155798442	1	0.982	0
Tmem163	0	2.26871455320411	0.826	0.022	0
Atp2b4	0	1.76795213115972	0.891	0.03	0
Fam129a	0	1.48166380829056	0.773	0.046	0
Lamc1	0	1.62848235158219	0.783	0.029	0
Vim	0	2.64748842918421	0.984	0.344	0
Arhgap15	0	-2.24251165778327	0.982	0.999	0
Ptprj	0	1.60687802500637	0.794	0.051	0
Knl1	0	1.5106941016916	0.757	0.029	0
Nusap1	0	1.89161795852912	0.75	0.035	0
Dut	0	1.91491841360125	0.936	0.216	0
Tpx2	0	1.63517944155983	0.77	0.035	0
Cks1b	0	1.54628403943218	0.844	0.063	0
S100a4	0	3.74695137547699	0.91	0.022	0
S100a11	0	2.03791719896939	0.961	0.189	0
S100a10	0	2.73654190092656	0.997	0.545	0
Slc22a15	0	1.3040637739179	0.758	0.027	0
Lef1	0	-2.71986506965761	0.679	0.971	0
Cenpe	0	1.70452038091039	0.756	0.036	0
H2afz	0	2.55398081404348	0.998	0.627	0
Smc2	0	1.73298205234231	0.91	0.174	0
Txn1	0	1.718301319702	0.983	0.429	0
Cdca8	0	1.92976672532925	0.848	0.041	0
Stmn1	0	2.79627021895319	0.981	0.267	0
Rbpj	0	2.02659522990583	0.958	0.218	0
Igfbp7	0	2.19295019086552	0.791	0.03	0
Cit	0	1.192760569606	0.717	0.019	0
Rilpl2	0	1.34683484778643	0.824	0.066	0
Hip1	0	1.49093931446031	0.731	0.025	0
Cdk8	0	-2.03545318877338	0.827	0.95	0
Hmgb1	0	1.84689797851621	0.994	0.735	0
Osbpl3	0	1.79622965996419	0.886	0.036	0
Capg	0	2.1818900436119	0.953	0.131	0
Foxp1	0	-3.35065340639373	0.618	0.991	0
Bhlhe40	0	2.05092284441991	0.856	0.04	0
Lag3	0	1.88010122778112	0.852	0.028	0
Ptms	0	2.0120711547899	0.964	0.162	0
Gapdh	0	1.65902534153876	0.994	0.675	0
Ybx3	0	1.3606333043275	0.804	0.055	0
Lockd	0	1.46151414525449	0.842	0.065	0
Lig1	0	1.65289289057322	0.844	0.071	0
Prc1	0	1.77409493969891	0.749	0.035	0
Mki67	0	2.99593711961325	0.935	0.079	0
Dusp4	0	1.26489749591634	0.785	0.041	0
Hmgb2	0	3.30446537039015	0.996	0.523	0
Maf	0	2.54380963452604	0.898	0.052	0
Spc24	0	1.24369857982702	0.782	0.031	0
Ubash3b	0	2.00115834026669	0.962	0.245	0
Pclaf	0	2.5304102646102	0.921	0.077	0
Rora	0	2.15550126689666	0.882	0.115	0
Anxa2	0	1.84622712155915	0.857	0.046	0
Nt5e	0	2.24224684591998	0.899	0.046	0
Cmtm7	0	2.33223161446763	0.938	0.186	0
Stx11	0	1.72954721993303	0.849	0.036	0
Srgn	0	2.12195133087496	0.996	0.572	0
Cdk1	0	1.32938076977074	0.749	0.029	0
Tmem256	0	1.12230005345373	0.868	0.087	0
Cpd	0	1.18866959084492	0.744	0.029	0
Top2a	0	2.89296038387674	0.907	0.125	0
Birc5	0	2.1870704543931	0.836	0.055	0
Actg1	0	1.90371527804838	0.999	0.865	0
Crip1	0	2.54262581981033	0.993	0.454	0
Gmnn	0	1.34408810178268	0.817	0.068	0
Cks2	0	1.74603268837464	0.886	0.098	0
Lgals3	0	2.21059375232528	0.729	0.027	0
Diaph3	0	2.11137102051981	0.883	0.07	0
Gm2682	0	-3.9346762497058	0.247	0.965	0
Il2rb	0	1.86092177992985	0.938	0.125	0
Lgals1	0	3.64333323007441	0.997	0.263	0
Litaf	0	1.39845207947502	0.782	0.027	0
Cmss1	0	-2.44223278525209	0.987	0.998	0
Gm42418	0	-2.4244883543418	1	1	0
AY036118	0	-2.68664964476445	0.981	0.997	0
Runx2	0	1.76992126709374	0.865	0.072	0
Ccnd3	0	-2.91398823777651	0.783	0.985	0
Satb1	0	-3.02679569612918	0.419	0.973	0
Lmnb1	0	2.35502757356766	0.968	0.204	0
Ahnak	0	1.92328038143583	0.915	0.044	0
Incenp	0	1.42921116572042	0.823	0.068	0
Ms4a4b	0	-3.34583873039793	0.139	0.945	0
Kif11	0	1.71148355919851	0.742	0.033	0
Rbm3	0	1.93036366869189	0.989	0.602	0
Oaz1	5.36076545077334e-306	1.23526537617273	0.998	0.878	1.73072312578217e-301
Camk1d	3.30274408407813e-305	-1.77322170999732	0.93	0.983	1.06629092754462e-300
Nsd2	5.71982443592338e-305	1.51084103878865	0.853	0.106	1.84664531913786e-300
Anp32e	7.63706023658383e-305	1.73894587337661	0.944	0.265	2.46562489738109e-300
Hmgb3	1.32459014168566e-304	0.994583394546618	0.733	0.031	4.27643927243214e-300
Bach2	1.86775738297763e-303	-2.3022772648607	0.595	0.968	6.03005471094327e-299
Prkcq	6.15768742388143e-303	-2.19464152322401	0.792	0.955	1.98800938480012e-298
Odc1	6.97528061202359e-303	1.75452200909376	0.881	0.132	2.25196934559182e-298
Racgap1	3.01761725391847e-302	1.18822915555348	0.752	0.041	9.74237730427577e-298
Ube2c	3.12619248941572e-302	2.29558510873678	0.736	0.042	1.00929124520787e-297
Cenpw	3.32517978470878e-302	0.969649590477252	0.751	0.036	1.07353429349323e-297
Sept11	4.53579598032458e-302	1.3607540005007	0.886	0.12	1.46438173224779e-297
Cox8a	7.97645588562128e-301	1.37225049841529	0.988	0.669	2.57519878267283e-296
Scml4	1.32997360790003e-300	-2.69565374116002	0.154	0.842	4.29381979310526e-296
Selenoh	1.50602563703273e-298	1.42327644687531	0.925	0.171	4.86220376916015e-294
A430093F15Rik	2.29409610422244e-298	1.10268252649651	0.791	0.058	7.40648927248216e-294
Dusp16	3.66069223915169e-296	1.41287354662571	0.787	0.063	1.18185448941012e-291
Mxi1	3.72756835043894e-296	1.82133672452843	0.876	0.151	1.20344544193921e-291
Tacc3	4.6064446793284e-296	1.04061549505238	0.725	0.032	1.48719066472117e-291
Kdm2b	1.11676317044144e-295	1.86411419676386	0.943	0.252	3.60546989577019e-291
Asf1b	1.81872158015577e-295	1.07765996279184	0.753	0.045	5.8717426215329e-291
Gimap6	2.26511618365699e-295	-2.07789029963592	0.791	0.968	7.31292759893659e-291
Hist1h2ap	1.13513237635177e-294	3.47461981272086	0.725	0.049	3.66477487705167e-290
Tagln2	6.92534331445725e-294	1.62981250001911	0.955	0.295	2.23584708907252e-289
Kif4	1.34024649266939e-293	1.19127885129158	0.684	0.018	4.32698580158312e-289
Ifngr1	5.94281484851027e-293	1.89329497613523	0.958	0.317	1.91863777384154e-288
Calm3	6.39551084094079e-293	1.46458697905156	0.958	0.291	2.06479067499773e-288
Plp2	3.58460526780725e-292	0.909157126304036	0.748	0.043	1.15728981071157e-287
Ppia	6.07727792164257e-292	1.07778883878339	0.999	0.988	1.9620491770023e-287
Cdca3	2.4007681567758e-291	1.3079388765508	0.707	0.031	7.75087999415066e-287
Ccna2	7.49991925345905e-291	1.22660039761753	0.693	0.024	2.42134893097926e-286
Nkg7	1.32070445437755e-290	2.18670870834562	0.691	0.026	4.26389433095792e-286
Tcf7	2.23951183847579e-290	-2.26453157582366	0.253	0.893	7.23026397051907e-286
Il18r1	5.41778821013027e-290	2.00960660099519	0.836	0.129	1.74913292364056e-285
Tnfrsf1b	1.68457871930318e-288	1.25652627113365	0.84	0.098	5.43866239527031e-284
Eea1	9.93284094129965e-288	1.68811721869447	0.911	0.166	3.20681769789859e-283
Clspn	1.85252283848943e-287	1.32939489926379	0.701	0.033	5.98086998406311e-283
Ell2	3.56297145771442e-287	1.40146737392137	0.693	0.028	1.1503053351231e-282
Rgs1	4.99974247823507e-287	1.74043874657602	0.827	0.107	1.61416685909819e-282
Kif15	6.05350169468014e-286	1.28537411154283	0.713	0.038	1.95437302212748e-281
Tk1	7.09259421762723e-286	0.951754363360895	0.709	0.032	2.28984404316095e-281
Rbbp8	7.16815381149637e-286	1.31262621899882	0.834	0.097	2.3142384580416e-281
Rrm1	2.28705004949097e-285	1.19594879539672	0.823	0.092	7.38374108478159e-281
Dtl	1.60635945907003e-284	1.1140771471175	0.688	0.027	5.18613151360759e-280
Prr13	1.03765192750618e-283	1.22977826965847	0.88	0.125	3.3500592479537e-279
Casp3	2.81687852412717e-282	1.14275093027141	0.773	0.061	9.09429231514457e-278
Tmsb10	5.48978691021616e-282	1.12913042564643	1	0.996	1.77237770396329e-277
Hist1h2ae	1.33761094906584e-281	2.54005451823592	0.68	0.033	4.31847694905906e-277
Neil3	1.19933851340731e-279	1.28742745869205	0.66	0.019	3.8720643905355e-275
Cenpa	1.28282330840296e-279	1.96135502477401	0.857	0.168	4.14159505117896e-275
Fkbp2	1.67582257654932e-278	0.971049277071117	0.806	0.076	5.41039318838949e-274
Itgav	2.99819839577914e-278	1.96481224632924	0.898	0.193	9.67968352077295e-274
Reep5	6.09080065349632e-278	1.44393982212067	0.951	0.298	1.96641499098129e-273
Hif1a	1.14327261805171e-277	1.66101071546154	0.96	0.329	3.69105564737994e-273
Gadd45b	3.07085763799367e-276	1.69880662865077	0.748	0.068	9.91426388426257e-272
Hmgn2	5.48997622654294e-276	1.47787652830603	0.912	0.207	1.77243882473939e-271
Cep55	6.94574724781906e-276	0.922145358404184	0.65	0.017	2.24243449895838e-271
Hint1	8.12055862138005e-276	1.35319878311971	0.983	0.533	2.62172235091255e-271
Ripor2	1.55768167071038e-275	-1.94927825015484	0.768	0.965	5.02897527388845e-271
Dgat1	1.88781453011704e-275	1.2623070770314	0.779	0.078	6.09480921048286e-271
AA467197	2.38894474752976e-275	1.19628657414106	0.669	0.023	7.71270811739982e-271
Rpl13a	6.57986910195459e-275	-0.931600085346648	1	1	2.12431073956604e-270
Ndfip1	1.91119906752135e-274	1.39760790286304	0.995	0.681	6.17030618949269e-270
Ncapg2	8.40192249000942e-274	1.07315463961685	0.691	0.034	2.71256067589954e-269
Cdkn2c	1.09528039018858e-273	1.04127793417113	0.654	0.021	3.53611273972384e-269
Uba52	4.49741198678934e-273	1.29869641226771	0.971	0.357	1.45198945993494e-268
Rrm2	6.95033679316661e-273	1.40297899438454	0.689	0.038	2.24391623367384e-268
Atxn1	1.37538251074419e-272	1.92901341059882	0.919	0.231	4.44042243593761e-268
Ctsb	5.19425158634202e-272	1.24139355291924	0.904	0.149	1.67696412465052e-267
Anp32b	7.50994928513614e-272	1.3660465205012	0.98	0.633	2.4245871267062e-267
Dennd4a	1.0663599504107e-271	2.00132339541835	0.918	0.24	3.44274309990095e-267
Mcm6	1.41719282712628e-271	1.40970955924401	0.844	0.134	4.5754070423772e-267
Endod1	1.84113832227336e-271	0.815144128568955	0.648	0.018	5.94411507345955e-267
Cenpf	2.01749307823083e-270	1.90376376311983	0.664	0.032	6.51347640306823e-266
S100a6	4.5248913861974e-270	2.53140765556333	0.65	0.022	1.46086118403383e-265
Bcl2a1d	6.18399853458148e-270	1.32578394209787	0.659	0.028	1.99650392688963e-265
Cdc25b	8.7859723626356e-270	1.2211813300393	0.673	0.033	2.8365511772769e-265
Ccnb2	2.29570172086753e-269	1.332968157935	0.674	0.034	7.41167300582082e-265
Hmmr	2.61692274954279e-269	1.38326839601224	0.645	0.021	8.44873509689891e-265
Cd44	6.21449177735914e-269	1.31535823603327	0.84	0.116	2.0063486703204e-264
Podnl1	2.48972774416439e-268	1.00943366479993	0.676	0.032	8.03808602203473e-264
Ehd1	2.76666464464014e-268	0.910199054099622	0.677	0.031	8.93217680522068e-264
Ncapg	9.13737382903633e-268	0.877844712647209	0.645	0.019	2.95000114070438e-263
H2afx	1.08461601789662e-267	1.68574716649333	0.761	0.09	3.50168281377923e-263
Rpl12	9.89118093985563e-267	-0.995648373034644	0.999	1	3.19336776643239e-262
Myo1f	6.34084623236597e-266	1.0591603159671	0.669	0.031	2.04714220611935e-261
AW112010	1.08496015911261e-264	1.9964646684836	0.966	0.412	3.50279387369506e-260
Ehd4	1.8259891006268e-263	0.830216602176842	0.702	0.044	5.89520581137361e-259
Icos	1.98683811911569e-263	1.76656971533109	0.91	0.214	6.41450686756501e-259
Pdcd1	3.77778784431666e-261	1.13200026937163	0.639	0.024	1.21965880553763e-256
Alcam	4.60280508109065e-261	1.59072978789377	0.636	0.022	1.48601562043012e-256
Crem	4.74751326461272e-261	1.48030236588895	0.843	0.139	1.53273465748022e-256
Skap1	1.44111523449137e-260	-1.41830092446008	0.981	0.992	4.65264053455539e-256
Arl6ip1	5.11259393834726e-260	2.16411365838079	0.989	0.655	1.65060095299541e-255
Zfp367	5.59655640669966e-260	0.987440826441548	0.688	0.043	1.80684823590299e-255
Tyms	7.00151574513655e-260	1.09907973908198	0.7	0.05	2.26043935831734e-255
Timp2	2.15877625101209e-259	1.34037298280062	0.857	0.15	6.96960912639253e-255
Ablim1	7.1960535054823e-259	-1.55575351363908	0.899	0.979	2.32324587424496e-254
Gm45716	3.7216165479696e-258	1.07413737832802	0.704	0.05	1.20152390251198e-253
Ncapd2	6.80883690968621e-258	0.90531548094654	0.718	0.055	2.19823299629219e-253
St6gal1	9.88765161151664e-258	-2.26835696727723	0.059	0.737	3.19222832277815e-253
Dgka	1.21312353024761e-257	-1.87922326150167	0.695	0.918	3.9165693174044e-253
Dlgap5	4.72457375899702e-257	0.934794304259867	0.681	0.041	1.52532863809219e-252
H1f0	1.63099588858951e-256	1.03646191296931	0.669	0.038	5.26567022631123e-252
Lgals7	2.69228430273417e-256	2.13871893043979	0.613	0.016	8.69203987137728e-252
Bub1b	1.07198894239695e-255	0.899528023859781	0.644	0.028	3.46091630052855e-251
Tpm4	1.10841235958612e-254	1.37334325354536	0.958	0.378	3.5785093029238e-250
Cox6c	1.30418022169691e-254	1.21405210783913	0.984	0.573	4.21054584574847e-250
Farp1	2.1852815415159e-254	1.228887656411	0.673	0.043	7.05518145678408e-250
Utrn	6.29732317004752e-254	-1.62486680778683	0.873	0.965	2.03309078544984e-249
Aspm	8.70370705374104e-254	1.0347799911159	0.61	0.017	2.8099918223003e-249
Dek	2.15622611013124e-253	1.50028419454247	0.964	0.481	6.96137599655871e-249
H2afv	1.77815225573812e-252	1.59290019479146	0.959	0.401	5.74076455765051e-248
Mdfic	1.42420309002577e-251	1.00360656701521	0.689	0.05	4.59803967614821e-247
Tubb5	3.37303335034472e-251	1.78446759607592	0.977	0.617	1.08898381715879e-246
Pim1	8.33882033474402e-251	2.02233822398747	0.927	0.299	2.69218814507211e-246
Hist1h1b	1.18460784382747e-250	3.62478737466754	0.74	0.123	3.82450642379699e-246
Atpif1	1.44106423340919e-250	1.12157240919766	0.913	0.174	4.65247587756157e-246
Plek	1.56067080860575e-250	0.908682572788666	0.604	0.014	5.03862570558366e-246
Plk4	2.36595510714357e-250	0.834508919939906	0.688	0.047	7.638486063413e-246
Cox17	2.89982318840507e-250	1.41142993506935	0.958	0.334	9.36207916376576e-246
Ikzf1	9.92911649450471e-250	-1.54156408991947	0.93	0.979	3.20561526025085e-245
Ptprc	1.69156634023513e-249	-1.26446592858634	0.987	0.994	5.46122192944912e-245
Ncaph	2.02471581590818e-249	0.791664808007226	0.619	0.021	6.53679501165955e-245
E2f2	2.03014363717074e-248	1.00568017052608	0.691	0.054	6.55431873260572e-244
Glrx	2.53391715210137e-248	1.1687777091173	0.669	0.045	8.18075152555926e-244
Impa2	4.24847632899756e-248	1.00519368559052	0.787	0.096	1.37162058281686e-243
Clic1	6.31557338696567e-248	1.197008581697	0.986	0.655	2.03898286798187e-243
Rabgap1l	1.32250920778854e-247	1.76214076099691	0.988	0.662	4.26972097734531e-243
Rad51b	6.08103137757756e-247	1.44703275753533	0.673	0.052	1.96326098025092e-242
Cox7c	6.38820352839784e-247	1.18097568944326	0.985	0.657	2.06243150914324e-242
Phlda1	2.07541536188027e-246	1.02238523945913	0.667	0.043	6.70047849583045e-242
Aurkb	9.07145918547244e-245	0.837649118659863	0.61	0.021	2.92872059802978e-240
Ttc39c	3.73053673334535e-243	0.962391617972535	0.589	0.014	1.20440378436055e-238
Cdk6	5.64757606782621e-243	1.51085068040567	0.877	0.191	1.82331993349769e-238
Gpr68	9.71534269246316e-243	0.822502112511445	0.669	0.046	3.13659838826173e-238
Nr4a2	1.13713942607468e-242	1.42431363128194	0.627	0.032	3.67125463708212e-238
Ckap2	1.1464024697464e-242	0.838482657189873	0.592	0.018	3.70116037357626e-238
Spc25	1.94328994295931e-242	0.874232085470174	0.601	0.02	6.27391158084414e-238
Dusp5	4.27829035206455e-242	1.17121443678634	0.792	0.115	1.38124604016404e-237
Ran	4.73444601399658e-242	1.26979361575639	0.971	0.538	1.5285158956188e-237
Grap2	6.85688358587717e-242	-1.66706689248317	0.848	0.966	2.21374486570044e-237
Cenpp	9.57645540035725e-242	1.2739062928943	0.696	0.065	3.09175862600534e-237
Ckap2l	2.56701325480572e-241	0.78929688708183	0.589	0.017	8.28760229314026e-237
Tnfrsf9	7.68040247303637e-241	1.60939932698718	0.7	0.074	2.47961793841979e-236
Clic4	8.36238627338695e-241	0.853891789722044	0.67	0.046	2.69979640836298e-236
Uhrf1	1.43817728571736e-240	0.900374514253325	0.644	0.038	4.64315536693849e-236
Chsy1	1.25714028017054e-239	0.795601345703791	0.621	0.029	4.05867739453059e-235
Mapkapk3	2.02579538583681e-239	1.23286330579729	0.84	0.154	6.54028040317414e-235
Nucks1	4.76234747842642e-239	1.41257808900732	0.96	0.452	1.53752388340997e-234
Sec11c	1.0093882604424e-238	1.30042491527507	0.929	0.263	3.2588099988383e-234
Rpl41	8.34019913847358e-238	0.953674858156875	0.999	0.993	2.69263329185619e-233
Sdf2l1	1.06278212523457e-237	0.655680696999922	0.656	0.041	3.43119209131981e-233
Bcl2a1b	7.78694291796361e-237	1.25718440326033	0.655	0.05	2.51401452106455e-232
Rad51	3.1223935387476e-236	0.780828813707373	0.623	0.032	1.00806475398466e-231
Cysltr2	3.49271146215261e-236	1.14396772950521	0.622	0.035	1.12762189555597e-231
Kif20b	4.23877680624531e-236	0.993860462954863	0.688	0.061	1.3684890918963e-231
Actb	2.7446993222244e-235	0.968201000057772	1	1	8.86126176180147e-231
Cenpm	5.16604526491907e-235	0.673610556563313	0.575	0.015	1.66785771377912e-230
Cox5b	8.90946918961078e-235	1.22885384862353	0.961	0.398	2.87642212786584e-230
Mad2l1	1.93106511721986e-234	0.634446531901089	0.627	0.033	6.23444373094431e-230
Gnai2	2.74773184376735e-234	1.09593525733346	0.991	0.742	8.8710522576029e-230
Slbp	2.84861928396348e-234	1.27214915158829	0.836	0.171	9.1967673582761e-230
Tuba1b	3.7901844066247e-234	1.55549749540848	0.898	0.304	1.22366103567878e-229
Furin	5.01595943756498e-234	1.65318409526077	0.689	0.071	1.61940250441785e-229
Hist1h3c	1.25180751477939e-233	1.24834315242459	0.59	0.023	4.04146056146527e-229
Bcl11b	1.27734615537104e-233	-1.61092231299575	0.867	0.946	4.12391206261541e-229
Crlf2	4.00377460756695e-232	0.892752714663896	0.789	0.107	1.29261863205299e-227
Ccdc34	1.38163403600055e-231	0.865404132628968	0.704	0.067	4.46060548522778e-227
Rps24	3.25163455395941e-231	-0.686333496206341	1	1	1.0497902157458e-226
Ms4a6b	9.82756114169379e-231	-1.91887234300544	0.638	0.881	3.17282811459584e-226
Gem	1.23362561146937e-230	0.962235124013373	0.605	0.029	3.98276028662885e-226
Mcm3	1.7499614551277e-230	1.21379093577649	0.741	0.106	5.64975055787979e-226
Irak2	1.89681601587319e-230	1.10675649140604	0.753	0.102	6.12387050724659e-226
Knstrn	2.03895226242749e-230	0.823454867135512	0.638	0.042	6.58275737924716e-226
Bard1	2.4787089770412e-230	0.739325386591061	0.62	0.034	8.00251193237752e-226
Snx9	3.03644797785516e-228	1.06835732303221	0.587	0.026	9.80317229650538e-224
Cenpk	6.7118998484919e-228	0.669217197785601	0.581	0.022	2.16693686608561e-223
Chst11	8.17922990492868e-228	1.02866278081251	0.604	0.032	2.64066437480622e-223
Arhgap11a	2.04614901123924e-226	0.749958969344909	0.628	0.041	6.60599208278588e-222
D16Ertd472e	2.94153492132136e-226	1.22502293548472	0.892	0.219	9.496745493486e-222
Atad2	5.55555868875547e-226	1.36525367657615	0.881	0.23	1.7936121226647e-221
Dctpp1	8.55340878230168e-226	0.784533790844177	0.71	0.073	2.7614680253661e-221
Hivep1	6.94067930407577e-225	1.23406036382974	0.89	0.212	2.24079831332086e-220
Mcm5	7.19880090653704e-225	0.861469212824861	0.682	0.066	2.32413287267548e-220
Tnfrsf4	8.52595923727234e-225	1.54309528014819	0.784	0.127	2.75260593975338e-220
Pola1	1.26442046068296e-224	1.45138172522451	0.721	0.107	4.08218145731493e-220
Tpi1	1.35371897160907e-224	1.14136386661405	0.847	0.167	4.37048169983987e-220
Myb	1.62598087902922e-224	1.10403925844547	0.773	0.114	5.24947926794584e-220
Tmsb4x	2.28933787526608e-224	0.936820614763746	1	1	7.39112733029654e-220
Creb3l2	1.0973441569577e-223	1.20423927557674	0.668	0.063	3.54277561073792e-219
S100a13	1.18193463712187e-222	1.19887257310971	0.929	0.293	3.81587597594795e-218
Rad51ap1	2.07121862659125e-222	0.674571047131013	0.56	0.019	6.68692933594984e-218
Tgif1	2.99220914634405e-222	0.7717835002556	0.682	0.063	9.66034722897176e-218
Trps1	3.19475612879047e-222	1.58109463292882	0.846	0.189	1.03142701618e-217
Sgip1	1.0299405971077e-221	0.991906988093992	0.554	0.017	3.3251632177622e-217
Alyref	1.59618340607774e-221	1.00530057777236	0.861	0.172	5.15327812652199e-217
Acot7	1.48063789372314e-220	0.636803310245634	0.647	0.05	4.78023943988516e-216
Cox7a2	2.35993406689765e-220	1.12891149723583	0.963	0.486	7.61904713497907e-216
Brip1	7.59627697538876e-220	0.884236968458639	0.635	0.049	2.45245802150426e-215
Themis	9.31885975621715e-220	-1.74677690056244	0.814	0.941	3.00859387229471e-215
Socs2	1.10191469299829e-219	1.02168722396842	0.645	0.055	3.55753158634498e-215
Cenph	4.06285301514988e-219	0.650156995166081	0.563	0.021	1.31169209594114e-214
Malat1	1.10394558834279e-218	-0.974904477242644	0.997	1	3.5640883319647e-214
Hells	1.75026514399581e-218	1.06929653477219	0.662	0.068	5.65073101739047e-214
Gm10076	5.28647477711051e-218	1.19034664758953	0.982	0.538	1.70673838179013e-213
Ezh2	1.12615545394555e-217	1.29805496778408	0.861	0.223	3.63579288306321e-213
Rps14	2.55821820044509e-217	-0.675852804963442	1	1	8.25920746013699e-213
Ndc80	4.56751496844734e-217	0.85588082435917	0.674	0.068	1.47462220756323e-212
Mis18bp1	2.95936172184385e-216	0.806331013151924	0.548	0.018	9.55429931897286e-212
Atf6	6.20283902535797e-216	0.760534090297647	0.64	0.052	2.00258657933682e-211
Nucb1	1.61240000659006e-215	0.712461773396552	0.784	0.112	5.20563342127601e-211
Kif23	3.5241463692738e-215	0.907095850184183	0.662	0.065	1.13777065532005e-210
Cdc20	5.44263190563981e-215	0.943571665498568	0.604	0.043	1.75715371073581e-210
Ccnb1	6.77467387041639e-215	0.903607584313644	0.554	0.023	2.18720345906393e-210
Ndrg1	1.06416449767591e-214	1.2523143988852	0.598	0.042	3.43565508074667e-210
Cdca2	1.32423376236143e-214	0.688497011637346	0.528	0.012	4.27528870178388e-210
Sla	3.59448656686432e-214	1.30997741226097	0.946	0.341	1.16047998811215e-209
Ltb4r1	1.26014926506052e-213	1.1267944798685	0.522	0.011	4.06839190224788e-209
Adap1	1.29557459905459e-213	0.666742795556575	0.554	0.023	4.18276259304774e-209
Arhgap31	1.51788221500542e-213	1.63363838993759	0.915	0.308	4.90048273114499e-209
Map2k3	7.39982288326592e-213	0.714303205861003	0.683	0.071	2.3890328178624e-208
Cdkn3	2.01175629307972e-212	0.738576321511859	0.541	0.018	6.49495519220786e-208
Ect2	2.23559160979369e-211	0.742886980565942	0.582	0.034	7.21760751221893e-207
Rapgef6	3.86077366139969e-211	-1.41559071467913	0.962	0.96	1.24645077658289e-206
Prim1	4.29454072089187e-211	0.775017557171002	0.641	0.058	1.38649247173994e-206
Gnb2	1.5154549007081e-210	1.10558018150574	0.94	0.332	4.8926461469361e-206
Tipin	1.85815728411223e-210	0.928731304299142	0.737	0.107	5.99906079175635e-206
Atp5e	7.09946856190101e-210	1.03625496728554	0.987	0.668	2.29206342520974e-205
Shcbp1	7.71749607719965e-210	0.72139539851477	0.531	0.016	2.49159360852391e-205
Chaf1a	9.47735483141395e-210	0.666311886524322	0.57	0.031	3.059764007322e-205
Ccn4	1.3438953578741e-209	1.09931995400069	0.52	0.013	4.33876616289654e-205
Brca1	1.43919669072693e-209	0.770212725576184	0.566	0.029	4.6464465160119e-205
Elob	1.84620800914843e-209	1.08293149783163	0.972	0.55	5.96048255753571e-205
Ctnna1	2.65795406449822e-209	0.657472638155457	0.642	0.057	8.58120469723251e-205
1810037I17Rik	2.78108802307591e-209	1.17179980138702	0.932	0.325	8.97874268250058e-205
Pmf1	3.9608657433762e-209	0.654556442137567	0.704	0.08	1.27876550524901e-204
Esco2	4.28661495278385e-208	0.896954910098318	0.528	0.017	1.38393363750627e-203
Nr4a3	5.72376827288177e-208	1.42071904596677	0.644	0.071	1.84791858689988e-203
Siva1	5.7880091745005e-208	0.834603704493238	0.707	0.09	1.86865876198749e-203
Depdc1a	6.42115078070344e-207	0.67703163614736	0.515	0.013	2.07306852955011e-202
Fabp5	7.48538456015391e-207	0.857424977002797	0.693	0.084	2.41665640524569e-202
Cisd1	1.07851097974214e-206	0.758488679142848	0.703	0.086	3.48197269809751e-202
Prelid2	1.7403993308637e-206	0.873934713044705	0.599	0.046	5.61887923969346e-202
Actn1	1.30002609893935e-205	-1.89133567582045	0.298	0.752	4.1971342604257e-201
Dbi	1.4843749645898e-205	1.06642889626116	0.907	0.259	4.79230457317816e-201
Sgo2a	3.77153407776485e-205	0.695028182626392	0.517	0.014	1.21763977700638e-200
Hist1h2ab	7.66555551651249e-205	1.60769156451787	0.557	0.038	2.47482459850606e-200
Morrbid	8.2596786493055e-205	0.884921962928103	0.517	0.016	2.66663725192828e-200
Cst3	2.91326874136741e-204	0.929357510971184	0.879	0.188	9.40548813150467e-200
Tbx21	5.00863260382725e-204	0.838142021374749	0.518	0.015	1.61703703614563e-199
Bub1	5.12208858553942e-204	0.626034999231522	0.534	0.021	1.6536662998414e-199
Sh3bgrl3	7.91786026557752e-204	1.0915645288631	0.985	0.691	2.5562811867417e-199
Maml2	1.00436262087295e-203	-1.89577133203523	0.678	0.905	3.24258472148831e-199
Lcp1	2.04966907255211e-203	1.07117790892901	0.993	0.718	6.61735660073448e-199
Rgs2	2.8507808996438e-203	1.14651612675338	0.777	0.142	9.2037461345e-199
Chp1	3.19454351321476e-203	0.966775764782548	0.825	0.166	1.03135837324138e-198
Ndufb7	6.32319332741725e-203	1.09255739503434	0.946	0.359	2.04144296575666e-198
Anln	1.61533899198837e-202	0.630575351010567	0.503	0.011	5.21512193563445e-198
Stil	1.83281508659032e-202	0.594203411139351	0.51	0.013	5.91724350705685e-198
Nuf2	2.01038599296314e-202	0.585488132158827	0.512	0.014	6.49053117828151e-198
Ifrd1	6.87537695822571e-202	1.20821656697438	0.884	0.24	2.21971545096317e-197
Ifitm2	8.51278141420732e-202	1.09016662460075	0.54	0.026	2.74835147957683e-197
Aff3	5.65633331598204e-201	-1.62268114828111	0.421	0.91	1.8261472110648e-196
Prelid1	1.09805761311638e-200	1.05767022378375	0.947	0.335	3.54507900394623e-196
Btg1	1.58705229829656e-200	-1.25987178254742	0.944	0.967	5.12379834505044e-196
Fosl2	1.05110455259178e-199	0.914878766812725	0.586	0.047	3.39349104804256e-195
AU020206	1.51702280296675e-199	1.19487086426229	0.92	0.287	4.89770811937816e-195
Skil	1.92593590747795e-199	1.08741746949549	0.891	0.247	6.21788407729257e-195
Ppp1ca	1.68882159633996e-198	1.00559207658356	0.982	0.577	5.45236052378355e-194
Cst7	2.48827030145052e-198	0.646941347370936	0.564	0.035	8.03338066823302e-194
Ldha	3.41723452352382e-198	1.18781790565073	0.981	0.588	1.10325416591966e-193
Rpl5	4.62402700213023e-198	-0.789912439549832	0.998	1	1.49286711763775e-193
Tnfsf11	5.08085512947126e-198	1.53140894296973	0.593	0.056	1.6403540785498e-193
Tpm3	1.04842497490609e-197	1.0157378298863	0.987	0.682	3.3848400314843e-193
Plscr1	1.37134625848256e-197	0.682628436947389	0.527	0.024	4.42739139551095e-193
Fbxo5	1.83777163765785e-197	0.950554882561808	0.598	0.054	5.93324573217837e-193
Prkar1a	2.9877577603516e-197	1.06413678848788	0.959	0.428	9.64597592929515e-193
Pag1	1.36138625982118e-196	-1.91971707779009	0.263	0.733	4.39523553983269e-192
Prdx4	1.82777803431929e-196	0.715280494789172	0.689	0.088	5.90098138379983e-192
Pkm	2.84366099317525e-196	1.11698871654211	0.97	0.533	9.18075951646628e-192
Rnh1	4.72425743711483e-196	0.731478043671003	0.769	0.126	1.52522651357252e-191
Hnrnpab	5.96860326954518e-196	1.13361527407138	0.952	0.459	1.92696356557266e-191
Sytl3	6.45688847818624e-196	0.800329686327144	0.553	0.035	2.08460644518243e-191
Ctsw	1.14081360922927e-195	0.916132849910329	0.63	0.07	3.68311673739669e-191
Atad5	3.23790475164604e-195	0.837414412890516	0.608	0.058	1.04535754906893e-190
Sgo1	3.40901889790807e-195	0.598172282373718	0.532	0.026	1.10060175118962e-190
Slc29a1	3.90181008207384e-195	0.64981315121716	0.604	0.053	1.25969938499754e-190
Emp1	6.07965056307843e-195	0.74764756577025	0.486	0.011	1.96281518428987e-190
Hist1h4d	6.37558824670235e-195	2.04019254897499	0.781	0.228	2.05835866544785e-190
Cox5a	7.01590704655574e-195	1.09763805895324	0.959	0.459	2.26508558998052e-190
Nr4a1	2.23457317227841e-194	0.857450756922411	0.692	0.095	7.21431948670084e-190
Gdi2	6.71313737279841e-194	1.17538472387895	0.971	0.509	2.16733640080797e-189
1500009L16Rik	2.3337062599091e-193	1.03466175808534	0.472	0.007	7.53437066011652e-189
Tuba1c	3.01011385939715e-193	0.854279852035587	0.62	0.065	9.71815259506371e-189
Pole	3.66094166572094e-193	0.589826398665996	0.532	0.027	1.18193501677801e-188
Ube2s	1.76965105851268e-192	1.25801037007088	0.974	0.541	5.71331844240818e-188
Rab43	2.61785371883106e-192	0.903745609289998	0.825	0.171	8.45174073124609e-188
Hist1h1e	2.71819064984314e-192	1.89228470267517	0.778	0.222	8.77567851301858e-188
Mmd	3.09397730464836e-192	0.928296618802949	0.756	0.134	9.98890572805723e-188
Mcm7	3.38534825981547e-192	0.844063678480554	0.703	0.106	1.09295968568143e-187
Spdl1	7.18054816110826e-192	0.576572772932514	0.542	0.032	2.3182399738138e-187
Arpc3	1.21646180481212e-191	0.978129273542775	0.984	0.635	3.92734693683592e-187
Sec61g	1.60315423469702e-191	1.01211444546926	0.958	0.417	5.17578344671934e-187
Nfkb1	3.09940916435841e-191	1.48115091172623	0.985	0.651	1.00064424871311e-186
Slfn1	7.79292494505277e-191	-2.02530265284992	0.191	0.691	2.51594581851029e-186
Cox6b1	7.98239635751073e-191	0.991714633283071	0.972	0.512	2.57711666402234e-186
Mxd1	1.9497767038382e-190	1.0067344526963	0.709	0.117	6.29485408834162e-186
Tmpo	1.99108481476301e-190	1.22696249902875	0.923	0.37	6.42821732446238e-186
Nde1	2.58881996419888e-190	0.612082678727806	0.678	0.086	8.35800525441608e-186
Tceal9	5.39755104445299e-190	0.669037493137531	0.697	0.095	1.74259935470165e-185
Rpsa	7.27122278386848e-190	0.720989090172106	1	1	2.34751427577194e-185
Csrp1	2.47429635754283e-189	0.749832396031347	0.811	0.152	7.98826579032703e-185
Pmaip1	5.0659707571503e-189	0.580211306066048	0.502	0.019	1.63554865894597e-184
Ppm1h	9.53265502050302e-189	-1.69897996375522	0.669	0.863	3.0776176733694e-184
Snrpe	1.13090704204265e-188	0.966950825821453	0.971	0.567	3.6511333852347e-184
Cd80	1.2261641845698e-188	0.866272494171614	0.53	0.033	3.95867106988361e-184
Acsbg1	4.87446023773776e-188	0.622667203902934	0.49	0.018	1.57371948775363e-183
Apbb1ip	8.95317050775525e-188	-1.63964439542549	0.742	0.857	2.89053109842878e-183
Hist1h2bj	1.34610634605291e-187	0.685291375420919	0.496	0.019	4.34590433823182e-183
Nap1l1	2.08735167678948e-187	1.15933989666149	0.943	0.434	6.73901488851484e-183
Dap	2.11868334200896e-187	0.785028572490755	0.739	0.121	6.84016916967593e-183
Gm17745	2.63490609547568e-187	0.639855622024595	0.485	0.016	8.50679432924324e-183
Fen1	2.89537369713784e-187	0.563948414443796	0.593	0.054	9.34771398120953e-183
Akt1	4.3812876644985e-187	0.561858423176428	0.679	0.087	1.41449872248334e-182
Junb	9.17840830391327e-187	1.45061414119833	0.98	0.663	2.9632491209184e-182
Atp5k	1.1068335253573e-186	0.966880823885559	0.922	0.278	3.57341203661605e-182
Nfkbia	1.34193742450864e-186	1.55204459165339	0.934	0.428	4.33244497502616e-182
Kif18a	1.9549303708942e-186	0.591607788192841	0.538	0.035	6.31149270243192e-182
Fam20a	1.14450212972725e-185	0.84146822657793	0.513	0.027	3.69502512582442e-181
Samsn1	3.0284840962564e-185	1.08273036919362	0.829	0.203	9.77746090476379e-181
Rpa2	3.32475319238873e-185	0.620897132773911	0.675	0.088	1.0733965681627e-180
Sp100	1.43338507628826e-184	-1.55809674186906	0.833	0.888	4.62768371879664e-180
Gng2	2.00495138675631e-184	0.963206063641016	0.89	0.243	6.47298555214274e-180
Rfc4	2.41439422060867e-184	0.607878912873886	0.63	0.07	7.79487174123509e-180
Snrpg	3.43605172597765e-184	0.937479353584539	0.98	0.66	1.10932929973188e-179
Hnrnpa3	4.24099801663682e-184	0.978249383701283	0.981	0.753	1.3692062096712e-179
Atp5j2	5.42361982190137e-184	0.992498007092862	0.968	0.531	1.75101565950086e-179
E2f8	1.29532856709955e-183	0.586313714793466	0.458	0.008	4.1819682788809e-179
Prdm1	3.64736437065223e-183	0.781453475262661	0.507	0.026	1.17755158706507e-178
Ech1	5.54144306820779e-183	0.724902158964135	0.8	0.148	1.78905489457088e-178
Ppil1	7.1720925495469e-183	0.552933337628979	0.655	0.082	2.31551007962122e-178
Hmgn5	2.68626466668632e-182	0.709762491026801	0.731	0.119	8.67260547639678e-178
St8sia1	4.0388221751198e-182	-1.89240634695527	0.144	0.658	1.30393373923743e-177
Gfod1	5.08922052894077e-182	0.666214016189364	0.629	0.075	1.64305484776853e-177
Vamp8	6.82740692850101e-182	0.92676064633936	0.912	0.251	2.20422832686655e-177
Pbk	3.49412474780373e-181	0.628605844225178	0.464	0.013	1.12807817482843e-176
Flnb	4.91791959973917e-181	1.19350120930283	0.726	0.144	1.58775034277579e-176
Cenpb	4.93942402419712e-181	0.51607507056866	0.59	0.058	1.59469304621204e-176
Ywhah	4.97313936192754e-181	0.977055535085053	0.939	0.336	1.60557804299831e-176
Dusp1	5.02042664306362e-181	0.752842355554453	0.662	0.092	1.62084474171309e-176
Cyfip1	1.22711977967388e-180	0.603862647954537	0.564	0.05	3.96175620867714e-176
Gm13684	1.97985331458556e-180	0.859228929308927	0.569	0.056	6.39195642613948e-176
Ybx1	2.8943002729031e-180	0.969833859794745	0.985	0.743	9.34424843106765e-176
Pgam1	3.19645292535474e-180	0.89320323997593	0.848	0.2	1.03197482695078e-175
Cdc45	5.53057099665206e-180	0.488313905046195	0.498	0.024	1.78554484626912e-175
Elof1	5.84282479406708e-180	0.603653325361888	0.753	0.124	1.88635598476456e-175
Ern1	7.12739761883733e-180	0.80208003637072	0.56	0.05	2.30108032124163e-175
Gnas	1.10208773657866e-179	0.971379371472989	0.972	0.644	3.5580902575442e-175
Srgap3	2.17574414425026e-179	0.801918797194975	0.467	0.014	7.02438996971195e-175
Gna13	4.78494163202604e-179	1.06208832922574	0.953	0.391	1.54481840589961e-174
Rfc5	6.24270118067311e-179	0.466068626692754	0.544	0.04	2.01545607618031e-174
Ubl4a	7.04101389343925e-179	0.56061397128173	0.709	0.107	2.27319133549686e-174
Cd82	1.63560598495162e-178	0.831938555167361	0.846	0.194	5.28055392241629e-174
Kif22	1.71540146611643e-178	0.66583917086505	0.563	0.051	5.5381736333569e-174
Id2	1.9503465695977e-178	0.796466770909626	0.628	0.081	6.29669389994618e-174
Hnrnpll	2.81294613388015e-178	0.847663803379358	0.816	0.176	9.08159659323206e-174
Sept7	3.34833460750165e-178	0.99724495558953	0.984	0.645	1.08100982803191e-173
Rgs16	9.01585663443317e-178	0.808435178252485	0.476	0.019	2.91076931442675e-173
Il17a	1.07519315621062e-177	2.63294372735776	0.449	0.01	3.471261104826e-173
Ska1	3.06406783071927e-177	0.524600650514108	0.457	0.012	9.89234299147715e-173
E2f3	8.61968219509234e-177	0.728788674285656	0.597	0.068	2.78286439668556e-172
Cdkn1a	1.10097227955326e-176	0.775140524904946	0.551	0.049	3.55448900453771e-172
Lamtor4	2.12796332344258e-176	0.792722172027177	0.852	0.196	6.87012958973439e-172
Ube2m	2.36169705382914e-176	0.852532148120543	0.883	0.224	7.62473893828737e-172
Mms22l	2.88436497943695e-176	0.692770404158592	0.653	0.089	9.31217233611218e-172
Bcl7c	4.91755407981398e-176	0.581531491109293	0.737	0.12	1.58763233466794e-171
Ubl5	9.50470586620702e-176	0.95620029625961	0.965	0.487	3.06859428890494e-171
Unc119	1.02467589690878e-175	0.503236281077379	0.525	0.038	3.30816613317001e-171
Serinc3	1.15954373052427e-175	1.09875715780379	0.942	0.402	3.74358693399761e-171
Rpl19	1.23972531144948e-175	-0.585732836836404	1	1	4.00245316801464e-171
Lsm5	1.29049530059922e-175	0.884937726538565	0.9	0.248	4.16636407798458e-171
Plk1	1.37905095415638e-175	0.594071364970847	0.463	0.016	4.45226600549387e-171
Cycs	4.92354560017643e-175	0.860494171470545	0.864	0.212	1.58956669701696e-170
Cip2a	6.44211195920682e-175	0.474193361868129	0.476	0.021	2.07983584602992e-170
Galnt10	6.89388382198024e-175	-1.78925238105335	0.186	0.66	2.22569039192632e-170
H2afy	7.67154134025237e-175	0.965739775160761	0.968	0.569	2.47675712170048e-170
Ifi30	1.1026592956046e-174	0.512845006824814	0.55	0.046	3.55993553585943e-170
Tubb4b	1.49478344343022e-174	1.35666512338219	0.853	0.29	4.82590834711446e-170
Glipr2	7.5543699199278e-174	0.584937766856319	0.597	0.068	2.43892832864869e-169
Idh3a	9.38843731376124e-174	0.51945995369196	0.644	0.084	3.03105698674782e-169
Myl6	1.56922062107175e-173	0.866772499711733	0.99	0.884	5.06622877513013e-169
Nudt4	1.92489045899338e-173	0.59686705168007	0.729	0.124	6.21450884686013e-169
Bcl2l1	2.77027117459782e-173	0.96572727174927	0.655	0.103	8.94382048718906e-169
Ubb	3.76331503503991e-173	1.11081654810925	0.997	0.964	1.21498625906263e-168
Kmt5a	5.46094398650932e-173	0.741960618747745	0.809	0.173	1.76306576604453e-168
Hist1h4h	6.45111522503366e-173	0.872212227593121	0.526	0.043	2.08274255040212e-168
Pmepa1	9.29407641345573e-173	0.947828403465169	0.83	0.215	3.00059257008418e-168
Melk	1.02525230643823e-172	0.501131690871516	0.453	0.014	3.31002707133584e-168
Gna15	1.29295903002435e-172	0.626312145591964	0.44	0.01	4.1743182284336e-168
Hist1h3e	1.53989679282723e-172	0.941091673863913	0.548	0.056	4.97155679564273e-168
Snrpd1	4.47955590788642e-172	0.979315235746977	0.915	0.339	1.44622462486113e-167
Zgrf1	4.68984232214051e-172	0.630311894537934	0.525	0.041	1.51411559370306e-167
Slc4a7	5.09453582127418e-172	0.73164809851999	0.743	0.137	1.64477088989837e-167
Syngr2	6.87295729834561e-172	0.463829491646376	0.575	0.058	2.21893426377088e-167
Tnfrsf13b	7.0552330780391e-172	0.706474774693997	0.667	0.102	2.27778199924492e-167
Mafg	7.34742512349912e-172	0.49957527542039	0.524	0.04	2.37211620112169e-167
Phactr2	1.49466167276427e-171	0.933196073430381	0.517	0.039	4.82551521051944e-167
Cish	2.49461607334395e-171	0.843035437283787	0.649	0.1	8.05386799279096e-167
Lpxn	2.97767993012257e-171	0.820974217655391	0.711	0.13	9.61343965440073e-167
Spag5	1.05114919294782e-170	0.500081401309949	0.459	0.018	3.39363516943203e-166
Mapkapk2	1.08250977508324e-170	0.726695911997319	0.812	0.172	3.49488280885623e-166
Gm15283	1.24482084416003e-170	1.00210805670725	0.818	0.208	4.01890409537067e-166
Plekho1	1.47503215581341e-170	0.522573404780174	0.514	0.037	4.7621413150436e-166
Mif4gd	1.72995164890689e-170	0.604996495606873	0.739	0.131	5.58514889849591e-166
Ssr4	1.81142172517905e-170	0.979613324975185	0.955	0.379	5.84817503974057e-166
Arhgef18	2.18619122582493e-170	-1.63094694158593	0.604	0.826	7.05811837257577e-166
Fam110a	3.06767768693617e-170	0.505859249585242	0.487	0.027	9.90399741227341e-166
Etfb	5.09804329802485e-170	0.731186950788729	0.782	0.155	1.64590327876732e-165
Vax2	6.16013440295486e-170	0.544003552601382	0.425	0.007	1.98879939199398e-165
Ccnf	8.99633688312586e-170	0.504761883296947	0.454	0.016	2.90446736271718e-165
Rnaseh2b	9.1872558296778e-170	0.505111980409875	0.642	0.085	2.96610554461148e-165
Hist1h2bm	1.52271740483202e-169	0.630446471260409	0.45	0.015	4.91609314150019e-165
Macf1	1.86116832477892e-169	-1.27638763981157	0.906	0.908	6.00878193654874e-165
Lin54	5.580992684977e-169	0.870166301544774	0.724	0.141	1.80182348834482e-164
Pkp3	7.26603579812905e-169	0.89439172955191	0.708	0.139	2.34583965742596e-164
Rnf216	1.5160392127817e-168	0.565008288804417	0.654	0.094	4.89453259846573e-164
Gm5547	2.38848691735274e-168	0.516373390431686	0.505	0.035	7.71123001267332e-164
Ifitm3	3.01956025674629e-168	1.41489102670482	0.572	0.073	9.74865028890541e-164
Trappc1	5.449782115153e-168	0.479768025493054	0.652	0.092	1.75946215587715e-163
Sdcbp2	6.62533718067254e-168	0.554707890179971	0.497	0.034	2.13899010878013e-163
Capns1	1.51749291832045e-167	0.827763513855636	0.873	0.228	4.89922588679756e-163
Foxm1	1.62327240565731e-167	0.456088772686926	0.455	0.018	5.24073496166462e-163
Bag1	2.03226650939766e-167	0.856319903734424	0.901	0.258	6.56117242559035e-163
Mapre2	4.59640123616078e-167	0.534607760111498	0.608	0.077	1.48394813909451e-162
Parpbp	5.56297139322499e-167	0.529408835568511	0.437	0.013	1.79600531430269e-162
Tjp2	6.51669633240726e-167	0.575985172861685	0.451	0.018	2.10391541091768e-162
Orc6	9.63550179847001e-167	0.67120919651404	0.685	0.112	3.11082175563604e-162
Orc1	9.92280070657844e-167	0.491926075132248	0.487	0.03	3.20357620811885e-162
Cxcr6	1.04616375342718e-166	0.968454730618571	0.489	0.036	3.37753967793964e-162
Lrrc8d	1.4043311819852e-166	0.912381064918038	0.763	0.169	4.53388322103921e-162
Dynll2	1.56509146996618e-166	0.619107347411171	0.769	0.149	5.05289781078583e-162
Nfil3	1.64802072252617e-166	0.542075062369684	0.448	0.017	5.32063490267573e-162
Rell1	1.93349803009763e-166	0.536878500743935	0.546	0.051	6.24229839017018e-162
Gm26532	2.02291592716237e-166	0.595237176053162	0.459	0.021	6.53098407084371e-162
Tbcb	2.03135861027434e-166	0.602982464636471	0.737	0.132	6.55824127327071e-162
Hist1h1d	1.33147249803949e-165	0.872643727288577	0.523	0.048	4.29865895992049e-161
Ssna1	1.42950613582363e-165	0.646541456082436	0.798	0.16	4.6151605595066e-161
Optn	1.82203418595052e-165	0.492083455908354	0.419	0.008	5.88243736934127e-161
Nebl	1.96384312720225e-165	0.686345202024004	0.438	0.014	6.34026753617246e-161
Rfc3	7.32040322170917e-165	0.561218497885641	0.526	0.046	2.3633921801288e-160
Smim3	7.52109505126984e-165	0.587248708136672	0.434	0.014	2.42818553730247e-160
Kif2c	8.00353781351402e-165	0.486751774418501	0.428	0.011	2.583942183093e-160
Snrnp25	1.11186475196162e-164	0.449173933781164	0.577	0.065	3.58965535170808e-160
Prelid3b	1.42666119597083e-164	0.51112288700418	0.667	0.1	4.60597567119183e-160
Rps16	2.11091813674057e-164	-0.572982482501265	0.999	1	6.81509920446694e-160
Uqcr10	4.03008772925221e-164	0.938927080455731	0.946	0.414	1.30111382338907e-159
Fosb	5.46781250774247e-164	0.959640191651348	0.479	0.032	1.76528326812466e-159
Mllt3	8.23241835557536e-164	-1.41814973013294	0.859	0.918	2.6578362660975e-159
Mxd3	8.43165417737364e-164	0.493000887423204	0.429	0.013	2.72215955116508e-159
Eif5a	9.77847724549552e-164	1.00400721845666	0.972	0.519	3.15698137870823e-159
Lrrc59	1.01653737103055e-163	0.449844136362777	0.652	0.093	3.28189090237214e-159
Ndufb1-ps	1.64019871018664e-163	0.922004740834881	0.934	0.366	5.29538153583756e-159
Tnfaip3	2.40756975392149e-163	1.07482125683853	0.908	0.316	7.77283895053554e-159
Adam9	2.80987547440086e-163	0.52063182677652	0.486	0.033	9.07168296910316e-159
Prkcb	4.19253515625249e-163	-1.7622384418139	0.435	0.751	1.35355997519612e-158
Rnf125	8.93565039524381e-163	0.780847832269205	0.778	0.174	2.88487473010446e-158
Tgfb1	1.29756692280976e-162	1.02249488478712	0.889	0.297	4.18919481029132e-158
Sumo2	1.53972931492537e-162	0.876147545977157	0.981	0.678	4.97101609323656e-158
Nsg2	2.06288606255908e-162	-1.58090137371605	0.035	0.536	6.66002765297198e-158
Tpt1	2.55497002672276e-162	-0.511475731274506	1	1	8.24872073127444e-158
Itpr2	2.73561987434846e-162	-1.40297405965801	0.668	0.849	8.83194876433402e-158
Uqcrq	4.4000343997903e-162	0.908480242852844	0.959	0.456	1.4205511059723e-157
Rab8b	1.10265459204312e-161	1.11287032919849	0.929	0.376	3.5599203504112e-157
Atp5j	1.26144421909821e-161	0.911622023632504	0.963	0.538	4.07257266135856e-157
Kntc1	2.0054214499203e-161	0.499168599339477	0.441	0.018	6.47450315106769e-157
Mphosph6	2.29071437099576e-161	0.451096478789839	0.544	0.055	7.39557134675981e-157
Dennd5a	2.31710068601122e-161	0.744258943098097	0.524	0.051	7.48075956478722e-157
Carhsp1	2.42246464796054e-161	0.463170421111197	0.53	0.05	7.82092711594061e-157
Hpf1	4.07028654798552e-161	0.778407474082597	0.827	0.205	1.31409201201713e-156
E2f7	5.29674393574621e-161	0.550076404487594	0.414	0.009	1.71005377965566e-156
Nrgn	7.87490937149972e-161	1.7353300241855	0.429	0.016	2.54241449058868e-156
Inf2	1.00990782001157e-160	0.455984467547381	0.511	0.043	3.26048739690735e-156
Ppp1cc	1.49113931419942e-160	0.927579063838688	0.941	0.418	4.81414327589284e-156
Ckap5	3.35276875871484e-160	0.957972718421925	0.801	0.219	1.08244139375109e-155
Gtf2f1	4.31372769521959e-160	0.484535272784227	0.705	0.12	1.39268698640164e-155
Tespa1	4.4843542897856e-160	-1.75621693137926	0.199	0.642	1.44777378245728e-155
Plod2	4.85282199581923e-160	0.644244633188537	0.444	0.02	1.56673358135024e-155
Nek2	5.02068002609619e-160	0.462740420139891	0.411	0.008	1.62092654642515e-155
Mtch1	9.23608569167963e-160	0.608488352987621	0.765	0.152	2.98187026555877e-155
Aurka	2.41358726805915e-159	0.528539002154821	0.433	0.017	7.79226649492897e-155
Evl	2.90494972640874e-159	-1.69949785224747	0.302	0.694	9.3786301917106e-155
Hras	3.28987114848935e-159	0.524477543746177	0.704	0.12	1.06213490028979e-154
Tubg1	3.92641767774061e-159	0.452733064474279	0.556	0.06	1.26764394725856e-154
Sirt2	7.35229290363733e-159	0.584533739125856	0.731	0.137	2.37368776393931e-154
Dsn1	1.02765346087717e-158	0.377296712013576	0.426	0.015	3.31777919844194e-154
Rrbp1	1.91992644327404e-158	0.809392544345935	0.867	0.237	6.19848252211025e-154
Kif14	2.66788334437678e-158	0.501583163309756	0.416	0.012	8.61326137732044e-154
Ctla2a	3.1197492886327e-158	1.06948212716621	0.487	0.041	1.00721105783507e-153
Hist1h3f	7.13159289995054e-158	0.723678038732628	0.442	0.022	2.30243476774903e-153
Cyth4	9.75399136533104e-158	0.732980462478798	0.849	0.213	3.14907611229712e-153
Ap1s1	1.46729119652565e-157	0.417967978955015	0.596	0.077	4.73714962798305e-153
Cfl1	2.71745471612742e-157	0.7925238071152	0.989	0.87	8.77330255101737e-153
Cdca5	3.00862490956093e-157	0.422430766765716	0.406	0.009	9.71334552051747e-153
Sell	3.23812226570105e-157	-1.49198799250253	0.139	0.652	1.04542777348158e-152
Fignl1	4.53309961612531e-157	0.406697859949839	0.443	0.021	1.46351121106606e-152
Card19	4.91480067705116e-157	0.546824232205482	0.633	0.097	1.58674339858597e-152
Hist1h2ai	5.47519688405642e-157	0.518989074528651	0.417	0.013	1.76766731401761e-152
Nubp1	1.41143163310204e-156	0.56029169024639	0.765	0.153	4.55680702746992e-152
Cenpc1	1.84352136421241e-156	0.57057536200676	0.688	0.122	5.95180872435975e-152
Lsm6	3.94194104967221e-156	0.75071617260141	0.876	0.242	1.27265566788667e-151
Dhfr	7.34847027025299e-156	0.536284449795156	0.51	0.048	2.37245362675118e-151
Anapc15	9.10389956496117e-156	0.428685729101514	0.626	0.089	2.93919397454772e-151
Coro2a	1.15181195327635e-155	0.671270777951232	0.552	0.066	3.7186248911527e-151
Gstp3	2.82389110856931e-155	0.626849258915477	0.733	0.146	9.11693244401601e-151
Aopep	3.03305401167758e-155	1.08809718599386	0.938	0.434	9.79221487670106e-151
Sapcd2	7.27963612966906e-155	0.449932522609108	0.401	0.009	2.35023052446366e-150
Klhdc2	1.03251781267138e-154	0.631990649651627	0.627	0.098	3.33348375820954e-150
Hilpda	1.88812694711144e-154	0.686162463126679	0.55	0.068	6.09581784874929e-150
Cenpi	4.30970569732306e-154	0.411503134063183	0.411	0.013	1.39138848438075e-149
mt-Nd2	4.98316820848777e-154	-0.905778009159638	0.97	0.99	1.60881585611028e-149
Cxcr3	5.82052717259996e-154	0.669869015581055	0.407	0.013	1.8791571976739e-149
Ssr2	7.35018411994747e-154	0.549891921189799	0.763	0.155	2.37300694312504e-149
Cobll1	7.82126531105173e-154	0.607102783583832	0.428	0.019	2.52509550567305e-149
Cntln	9.99318030901183e-154	0.571176297750945	0.407	0.011	3.22629826276447e-149
Hist1h2bb	1.19292354546367e-153	0.646826452195997	0.423	0.018	3.85135366652946e-149
Rps27	1.204956636023e-153	-0.662870209154094	0.998	0.998	3.89020249940025e-149
Crybg3	1.53955687019537e-153	0.51680979121598	0.426	0.018	4.97045935542575e-149
Ncaph2	1.66776621154617e-153	0.596399443032563	0.777	0.166	5.3843832139768e-149
Ap2s1	1.79308002983888e-153	0.734193624998507	0.879	0.239	5.78895887633481e-149
AI506816	2.22853652393897e-153	0.494764008595425	0.595	0.082	7.19483016753696e-149
Uap1	3.08452235280629e-153	0.507234394350266	0.563	0.07	9.95838041603509e-149
Slc16a6	5.42569230130199e-153	0.612336917105515	0.679	0.122	1.75168475947535e-148
Susd3	5.63140647957103e-153	0.573536732236073	0.702	0.134	1.81809958192951e-148
Uhrf2	7.73788840387214e-153	1.17903053748988	0.913	0.364	2.49817727119012e-148
Ccdc124	7.97516824990643e-153	0.493841944414813	0.706	0.127	2.57478306948229e-148
Trip13	8.67794907800284e-153	0.397288765684827	0.421	0.017	2.80167585983322e-148
Angptl2	1.44296201688669e-152	0.583021950606025	0.476	0.038	4.65860287151868e-148
Ndufb8	3.76920585342754e-152	0.843216547197138	0.906	0.293	1.21688810977908e-147
Nxt1	6.84976465877918e-152	0.443418219355918	0.652	0.105	2.21144652008686e-147
Cbx5	1.25270434991793e-151	0.797781602122727	0.821	0.221	4.04435599371005e-147
Slc15a3	1.47987491409738e-151	0.466089957481511	0.403	0.012	4.7777761601634e-147
Ankrd44	1.59937712896495e-151	-1.0847082998174	0.939	0.952	5.16358906086334e-147
Fam83d	1.74254637889819e-151	0.494224621609733	0.413	0.015	5.62581098427282e-147
Ebp	2.08555099732497e-151	0.513597484642905	0.767	0.157	6.73320139486368e-147
Uqcr11	2.51016984966823e-151	0.759347574059891	0.871	0.243	8.10408335965389e-147
Adarb1	3.63525842706637e-151	0.667419544560294	0.412	0.015	1.17364318317838e-146
Stk4	4.77498412155078e-151	-1.19540576959549	0.88	0.876	1.54160362364267e-146
Erh	6.39143225252993e-151	0.673195510452832	0.846	0.208	2.06347390272929e-146
P4hb	8.13655000881109e-151	0.556108781554412	0.776	0.165	2.62688517034466e-146
Mlf2	1.0994320906023e-150	0.482513515548791	0.71	0.13	3.54951650450952e-146
Vdac1	1.28942825296881e-150	0.596896808716282	0.767	0.165	4.16291911470981e-146
Cers4	1.2960450683564e-150	0.507174392614795	0.532	0.06	4.18428150318864e-146
Hspa4l	1.3103827092321e-150	0.610669090836301	0.727	0.148	4.23057057675584e-146
Pfn1	1.40483873329964e-150	0.735973839958252	0.999	0.968	4.53552185045788e-146
Sfr1	2.44887683406838e-150	0.796985247981469	0.893	0.269	7.90619885878977e-146
Jak1	3.47459255457343e-150	-1.04190427036672	0.949	0.944	1.12177220624403e-145
Spty2d1	3.64419224299134e-150	0.607863387755461	0.73	0.151	1.17652746564975e-145
E2f1	4.20130849066635e-150	0.504592129065925	0.415	0.018	1.35639244621163e-145
Mycbp2	4.36599991933776e-150	-1.19614915801178	0.88	0.889	1.40956307395819e-145
Chst12	8.5957445830306e-150	0.446768550231576	0.524	0.057	2.77513613863143e-145
Blm	2.95901528717982e-149	0.48104662262887	0.572	0.077	9.55318085466003e-145
Ctsz	5.35740000877302e-149	0.496529588299749	0.626	0.098	1.72963659283237e-144
Dnajc9	7.82585008544979e-149	0.836099250780777	0.838	0.252	2.52657570008746e-144
Ube2t	1.45335173077683e-148	0.406956016222938	0.46	0.034	4.692146062813e-144
Myo1e	2.22537094728622e-148	0.901023416560932	0.433	0.028	7.18461010331356e-144
Wee1	2.6305484317247e-148	0.379101673960015	0.411	0.016	8.49272561182321e-144
Emd	3.41218008742171e-148	0.499807531272195	0.733	0.146	1.1016223412241e-143
Ticrr	3.41526305159481e-148	0.414467819996555	0.413	0.018	1.10261767620739e-143
Lrrfip2	5.40338973066634e-148	0.56038345164381	0.661	0.117	1.74448437454563e-143
Arl5a	6.44699425457937e-148	0.907348461801492	0.665	0.137	2.08141209509095e-143
Tff1	1.02488525609031e-147	0.983035298591032	0.394	0.012	3.30884204928756e-143
Arf4	1.05820548013582e-147	0.977457147711412	0.954	0.42	3.41641639261851e-143
Sass6	1.47484793281381e-147	0.42822856202839	0.546	0.066	4.76154655108937e-143
Slc25a24	1.80373151261506e-147	0.412663897308995	0.435	0.026	5.82334718847771e-143
1110008P14Rik	2.16211153813471e-147	0.481080565978085	0.701	0.133	6.98037710086792e-143
Hist2h2ac	2.73947489245062e-147	1.08379661429883	0.574	0.102	8.84439469027683e-143
Fos	4.21529394830549e-147	0.863649462340793	0.62	0.111	1.36090765121043e-142
Fam117b	4.29794705082734e-147	1.11401288695674	0.846	0.289	1.38759220535961e-142
Dbf4	4.92939856260328e-147	0.592875901214719	0.707	0.14	1.59145632593647e-142
Tctex1d1	6.27671005960619e-147	0.631531694139103	0.379	0.008	2.02643584274386e-142
Hnrnpd	7.64920000085023e-147	0.875528161183077	0.962	0.531	2.4695442202745e-142
Dnmt1	9.29624382559793e-147	0.859967151644406	0.787	0.227	3.00129231909429e-142
Ubald2	1.46937214725062e-146	0.795619504457069	0.837	0.237	4.74386797739862e-142
Cenpx	2.24445234934915e-146	0.628136499099165	0.801	0.191	7.24621440987375e-142
Lpgat1	2.59682717807421e-146	0.481798760205282	0.596	0.09	8.38385654441258e-142
Sdf4	6.00476070959325e-146	1.25891169695682	0.952	0.421	1.93863699509218e-141
Slc3a2	6.7516849452804e-146	0.685131488775474	0.82	0.21	2.17978148458378e-141
Tnfrsf18	1.94432712491925e-145	0.845180055107072	0.771	0.194	6.27726012280181e-141
Cenpl	2.50099201869503e-145	0.413060621213229	0.464	0.038	8.07445273235691e-141
Ppfibp1	3.40750084945058e-145	0.462231147110176	0.416	0.021	1.10011164924512e-140
Rfwd3	3.68951464230418e-145	0.60937572630183	0.705	0.143	1.1911598022679e-140
Cmc2	3.97032375113426e-145	0.523283360807098	0.714	0.142	1.2818190230537e-140
Cirbp	4.0730781266858e-145	0.596715048246132	0.741	0.159	1.31499327320051e-140
Cd2bp2	9.02392487387199e-145	0.412966051967649	0.645	0.108	2.91337414552957e-140
Ubl3	1.05994276669495e-144	0.901184714641955	0.885	0.304	3.42202522227466e-140
Ranbp1	1.46005695577552e-144	0.949311968314833	0.891	0.351	4.71379388172128e-140
Usp1	1.88314790734869e-144	0.644984964402589	0.77	0.181	6.07974301887525e-140
Serpina3g	3.83842450487133e-144	0.784845889298204	0.382	0.01	1.23923535139771e-139
Mbnl1	4.08968446176019e-144	-0.83353695658787	0.98	0.989	1.32035462847928e-139
Hist2h2bb	4.34500689240247e-144	0.547416025357388	0.45	0.035	1.40278547521214e-139
Zwilch	4.44506660523408e-144	0.397344948782342	0.422	0.023	1.43508975349982e-139
Irf4	5.05985366982284e-144	0.621610199628056	0.518	0.063	1.6335737573023e-139
Slc35d1	5.17284908446478e-144	0.786748422366394	0.706	0.157	1.67005432691946e-139
Atp5l	5.83067241375322e-144	0.79487555061288	0.97	0.624	1.88243258878023e-139
Kdelr2	8.02877194402005e-144	0.471892702286295	0.669	0.122	2.59208902212687e-139
Psmd8	8.65963101040171e-144	0.774966345753886	0.905	0.284	2.79576187170819e-139
Ndufa2	2.6534948463375e-143	0.823657137624351	0.953	0.442	8.56680811140061e-139
Ahr	2.73408533244005e-143	0.596735121677141	0.396	0.016	8.8269944957827e-139
Cfap20	4.03100187675776e-143	0.436500574163509	0.629	0.104	1.30140895591124e-138
Mrpl18	4.4700222136961e-143	0.790902772292051	0.905	0.304	1.44314667169179e-138
Itgb1	4.99205876396376e-143	0.895430252745447	0.686	0.146	1.6116861719457e-138
Mical1	7.40121805597624e-143	0.391023145778664	0.52	0.061	2.38948324937193e-138
Ly6e	1.46307766409861e-142	1.25174740625103	0.817	0.328	4.72354623854235e-138
Galnt2	2.23662661381033e-142	0.815667811033027	0.833	0.25	7.22094902268665e-138
Gng10	2.33900066887447e-142	0.453068068022405	0.626	0.105	7.55146365946122e-138
Tbc1d31	2.60627683636393e-142	0.403049792407722	0.419	0.024	8.41436476620096e-138
Chst2	2.82380830204432e-142	0.43639277879494	0.373	0.009	9.11666510315007e-138
Mcm4	6.03060268698106e-142	0.689912720125221	0.707	0.16	1.94698007749184e-137
Ptpn7	6.30496486435059e-142	0.71733085967891	0.857	0.245	2.03555790645559e-137
Cdc42	6.32975240854332e-142	0.763541890365308	0.986	0.764	2.04356056509821e-137
Csrnp1	6.35165710719553e-142	0.484991755819012	0.594	0.095	2.05063249705808e-137
Isy1	6.74650948685159e-142	0.713322616525211	0.827	0.229	2.17811058783004e-137
Mast2	6.80308523182039e-142	0.604161136824376	0.713	0.154	2.19637606709321e-137
Hist1h2ak	8.39263803633189e-142	0.467382497625941	0.39	0.014	2.70956319002975e-137
Relb	1.59789754984863e-141	0.567548329122692	0.697	0.145	5.1588122396863e-137
Ciapin1	2.06013094538909e-141	0.497831770830012	0.7	0.139	6.65113275718869e-137
Ube2a	2.16126795929186e-141	0.517526067759336	0.772	0.168	6.97765360657377e-137
Slc43a3	2.48974506802708e-141	0.363893891842164	0.402	0.019	8.03814195212544e-137
Hjurp	2.71421957755618e-141	0.689635059941788	0.765	0.188	8.76285790614014e-137
Hip1r	2.72987517993244e-141	0.54106130557748	0.463	0.041	8.8134020184119e-137
Wdr76	3.47485942084386e-141	0.595569464666353	0.609	0.105	1.12185836401944e-136
Ndufb6	3.64020745452795e-141	0.523978054152049	0.731	0.155	1.17524097669435e-136
Ttf2	5.49561531195182e-141	0.374670818862346	0.44	0.032	1.77425940346364e-136
Kif18b	5.90700299668424e-141	0.382827813755346	0.365	0.007	1.90707591747951e-136
Mtbp	7.01238827347855e-141	0.514140857327003	0.489	0.053	2.26394955409255e-136
Klf10	7.3006912723232e-141	0.412986258879758	0.484	0.049	2.35702817726955e-136
Ap1s2	9.2070348033987e-141	0.441907262993257	0.536	0.069	2.97249118627727e-136
Ska2	1.48904643820608e-140	0.379462767510413	0.539	0.07	4.80738642574832e-136
Hist1h4c	1.50486890842658e-140	0.486485321035087	0.444	0.035	4.85846927085521e-136
Rps7	1.67987620594313e-140	-0.569249672839256	1	1	5.42348033088739e-136
Atox1	1.81658866892535e-140	0.745641048263487	0.902	0.282	5.86485651762548e-136
Alms1	2.33695339677635e-140	0.455597376700457	0.424	0.026	7.54485404149244e-136
Hirip3	3.60744047048717e-140	0.457584262430493	0.51	0.06	1.16466215589678e-135
Atp5d	3.88854704071558e-140	0.810116215874749	0.973	0.538	1.25541741209502e-135
Mis18a	4.91303611173063e-140	0.384540598978416	0.51	0.06	1.58617370867223e-135
Timm17b	5.19627438658342e-140	0.401939785319681	0.654	0.117	1.67761718570846e-135
Golm1	5.87045329010608e-140	0.450319435355256	0.42	0.026	1.89527584471075e-135
Hk2	9.22738458758274e-140	0.620185197141845	0.416	0.026	2.97906111410109e-135
Tox2	1.04861858902823e-139	0.779965070363361	0.37	0.009	3.38546511467763e-135
Twsg1	1.05191573374339e-139	0.493751660916475	0.567	0.084	3.39610994639053e-135
Dstn	1.57910464242417e-139	0.418423661862557	0.464	0.042	5.09813933806642e-135
Serf1	1.68229163782066e-139	0.511617826336914	0.406	0.023	5.43127855270399e-135
Calm1	1.76265939256045e-139	0.743926322817772	0.992	0.933	5.69074584888142e-135
Cdc6	1.87379782008432e-139	0.494958448671666	0.377	0.012	6.04955626214224e-135
Yif1b	2.71647534893682e-139	0.37484891130859	0.533	0.068	8.77014066404252e-135
Rere	3.1464598349406e-139	-1.5703064248869	0.362	0.683	1.01583455771057e-134
Tigit	5.15530452048886e-139	0.430807215482644	0.386	0.016	1.66439006443983e-134
Eno1	7.72723294571049e-139	0.830660218770781	0.904	0.327	2.49473715652263e-134
Cox20	8.25631796450043e-139	0.537928997463094	0.788	0.186	2.66555225483896e-134
Ifi213	9.74497674238016e-139	-1.80735570507586	0.058	0.505	3.14616574127743e-134
Vps29	1.61003546830051e-138	0.546792185240072	0.801	0.186	5.1979995094082e-134
Zyx	1.92116867395321e-138	0.421217279156974	0.573	0.087	6.20249306385793e-134
Fundc2	2.43470012738007e-138	0.608509949043288	0.831	0.217	7.86042936124655e-134
Zbtb20	2.68008383867794e-138	-1.37126412924881	0.799	0.891	8.65265067317173e-134
Polq	3.91250002630111e-138	0.460189490107134	0.426	0.03	1.26315063349131e-133
Comt	5.29385813002548e-138	0.404822022882437	0.586	0.092	1.70912209727873e-133
Ddx39	5.31245401029177e-138	0.590944462360727	0.805	0.2	1.7151257772227e-133
Cenps	5.40762398583234e-138	0.350681722109292	0.389	0.016	1.74585140382597e-133
Gm12840	6.14025438388765e-138	-1.61146139870916	0.355	0.681	1.98238112783813e-133
Ufc1	8.36568692843208e-138	0.510433065557863	0.774	0.178	2.7008620248443e-133
Pimreg	1.28595032451347e-137	0.410615255203535	0.366	0.009	4.15169062269173e-133
Rpl18a	1.44841699722366e-137	-0.551053585792867	1	1	4.6762142755366e-133
Azin1	2.20027055026592e-137	0.555386291749859	0.796	0.194	7.10357347153354e-133
Tcf19	2.49694604848235e-137	0.403927848300549	0.409	0.024	8.06139031752527e-133
Got1	2.68061905282772e-137	0.584903396392339	0.625	0.115	8.65437861205428e-133
Tmbim4	3.53563344092189e-137	0.401701349120984	0.615	0.103	1.14147925640163e-132
Larp1b	5.53517968404048e-137	0.569027616959483	0.669	0.136	1.78703276099247e-132
Nelfe	6.14586370991846e-137	0.402724817653558	0.497	0.057	1.98419209874718e-132
Psmd13	6.9233340953248e-137	0.614893336928719	0.819	0.209	2.23519841267561e-132
Ccdc28b	1.06771614739233e-136	0.418339972052515	0.397	0.021	3.44712158185615e-132
A630014C17Rik	1.23592493901851e-136	-1.46116706789689	0.06	0.504	3.99018366562126e-132
Ndufc1	1.84085260510792e-136	0.63071946981647	0.816	0.21	5.94319263559091e-132
Reep4	1.91966275715179e-136	0.463325835965399	0.519	0.068	6.19763121146455e-132
Fzr1	3.07800066884939e-136	0.408472904000415	0.512	0.063	9.93732515938025e-132
Rps23	3.45225356551298e-136	-0.554922814059641	0.999	0.999	1.11456006362587e-131
Bclaf3	5.29465040134314e-136	0.723763607267535	0.75	0.186	1.70937788207363e-131
Tfdp1	5.51315650955858e-136	0.477166666446625	0.622	0.11	1.77992257911099e-131
Topbp1	5.59341932243542e-136	0.636987616132458	0.774	0.196	1.80583542824827e-131
Tgfbr2	6.24107144254476e-136	-1.32452323858541	0.691	0.822	2.01492991522558e-131
Txnrd1	6.82225145250629e-136	0.472996071698161	0.602	0.103	2.20256388144165e-131
Kpna2	7.36455519446049e-136	0.4454463267915	0.404	0.023	2.37764664453157e-131
Hist2h2aa1	7.37555438983707e-136	0.517820396510707	0.386	0.019	2.3811977347589e-131
Tec	8.90507156701897e-136	0.577455443956379	0.621	0.114	2.87500235541207e-131
Wdr78	9.33092353974129e-136	0.791501066135213	0.522	0.076	3.01248866480548e-131
Ap2m1	1.32540254385057e-135	0.472697785442621	0.741	0.16	4.27906211282157e-131
Gins2	1.32983828026224e-135	0.438331867095085	0.484	0.055	4.29338288782663e-131
Timm50	1.53059600728732e-135	0.338579424036226	0.502	0.059	4.94152920952712e-131
Ttk	1.63153113864277e-135	0.36669877838974	0.357	0.008	5.26739828110817e-131
Ncf4	1.73667970881848e-135	0.410172470479452	0.539	0.075	5.60687043992047e-131
Lclat1	2.09820401129098e-135	0.612017888095208	0.637	0.124	6.77405165045293e-131
Sh3bgrl	2.53754436957582e-135	0.470117977344119	0.651	0.125	8.19246199717553e-131
Syt11	2.53778097786026e-135	0.419001926232769	0.554	0.082	8.19322588702186e-131
Prdx2	2.67621082530906e-135	0.744646613606985	0.898	0.299	8.64014664951029e-131
Hsp90b1	2.78783577499125e-135	0.885563113885311	0.952	0.465	9.00052779955925e-131
Lmf2	3.31040159749868e-135	0.319398125419307	0.433	0.034	1.06876315575245e-130
Leo1	4.4669020791139e-135	0.395065574546813	0.561	0.084	1.44213933624192e-130
Fnbp1	6.38881955053113e-135	0.904002054350956	0.985	0.689	2.06263039188897e-130
Mybl2	8.69605640321391e-135	0.382189233989506	0.384	0.018	2.80752180977761e-130
Ucp2	1.10596856760481e-134	0.945653570084264	0.955	0.532	3.57061952051215e-130
Ccdc50	1.478007911028e-134	0.543828295917417	0.578	0.096	4.77174854075388e-130
Vdac3	1.62388051350784e-134	0.576648172579855	0.784	0.192	5.24269823786005e-130
Ehbp1l1	1.81411931808764e-134	0.390243817797433	0.465	0.048	5.85688421844596e-130
Rdm1	1.97764403499734e-134	0.377868882349013	0.467	0.047	6.38482376698892e-130
Slfn5	2.30216926434199e-134	-2.01611648578654	0.023	0.459	7.43255346992813e-130
F730043M19Rik	2.42577744758223e-134	0.436874246588411	0.409	0.027	7.83162248951922e-130
Rab11fip1	2.56210581149046e-134	0.58154592713121	0.648	0.128	8.27175861239695e-130
Jpt1	3.02899487910144e-134	0.903680383616262	0.953	0.476	9.77910996717899e-130
Cbx3	5.65190436660027e-134	0.810875140946388	0.959	0.476	1.8247173247569e-129
Bex3	6.32160738380146e-134	0.426571980986089	0.669	0.131	2.0409309438603e-129
Tmem14c	8.35191351703878e-134	0.728701429570001	0.897	0.282	2.69641527897597e-129
Pdzd11	1.01584559171653e-133	0.360460545671785	0.48	0.052	3.27965749285681e-129
Hmg20b	1.61995425525523e-133	0.393074260018574	0.593	0.098	5.23002231309152e-129
Nfkbil1	1.73110526023275e-133	0.403281915743515	0.601	0.102	5.58887333266143e-129
Txnl1	2.16850899801777e-133	0.624677445157362	0.869	0.242	7.00103130010036e-129
Ier2	2.72223146861397e-133	0.871523378073704	0.899	0.339	8.78872429642021e-129
Mrps6	3.18692750555909e-133	0.540368411784193	0.687	0.146	1.02889954516975e-128
Thada	4.58715660692087e-133	-1.80487033769939	0.529	0.726	1.4809635105444e-128
Brca2	6.69927661903281e-133	0.39703313786543	0.44	0.04	2.16286145645474e-128
Rfc2	8.96500357783268e-133	0.510601035215008	0.675	0.138	2.89435140510328e-128
Pfkp	1.29657330787203e-132	0.733804346964853	0.857	0.274	4.18598692446484e-128
Got2	1.47999078671454e-132	0.433801368188143	0.698	0.144	4.7781502549079e-128
Ska3	2.18277541142607e-132	0.322767210147569	0.369	0.014	7.04709041578908e-128
Kif20a	2.99819165310388e-132	0.348653707001475	0.377	0.017	9.67966175204589e-128
Dkkl1	3.21802466255089e-132	0.396375700089731	0.358	0.011	1.03893926230455e-127
Poc1a	3.31057128770534e-132	0.310280814581101	0.388	0.02	1.06881794023567e-127
Polr2k	3.8203492824013e-132	0.492545161065791	0.729	0.164	1.23339976582326e-127
Exosc8	3.94532106193372e-132	0.654061645763241	0.844	0.243	1.2737469048453e-127
Arl1	4.54774971036884e-132	0.389911355107594	0.705	0.145	1.46824099399258e-127
Sec61b	5.48649751368965e-132	0.786686318036514	0.964	0.553	1.7713157222947e-127
Mthfd2	8.28852788667097e-132	0.463873501789008	0.694	0.147	2.67595122821172e-127
Rapgef4	1.06586194669154e-131	-1.60682288379829	0.04	0.469	3.44113529489364e-127
Adora2a	1.08990277097497e-131	0.381905273838462	0.415	0.031	3.51875109609271e-127
Nup62	1.29024580334095e-131	0.335092655533382	0.495	0.061	4.16555857608625e-127
Il18rap	1.48048740473076e-131	0.521512666009824	0.357	0.011	4.77975358617327e-127
Prr11	2.5376847054724e-131	0.384946768122273	0.346	0.008	8.19291507161764e-127
Pdk1	2.74990265766638e-131	-1.53429793806425	0.14	0.553	8.87806073027591e-127
Pold3	3.36018962391682e-131	0.467679005218814	0.572	0.094	1.08483722008155e-126
Acadl	3.77789112929124e-131	0.504299875721252	0.777	0.189	1.21969215109168e-126
Smpdl3a	3.80297943749111e-131	0.703050915488731	0.801	0.226	1.227791911394e-126
Anapc13	3.88222382550997e-131	0.374115159253331	0.672	0.133	1.25337596206589e-126
AI662270	4.06512300775469e-131	0.572495847208891	0.803	0.21	1.3124249630536e-126
Mastl	5.08855822213197e-131	0.443276402001381	0.469	0.052	1.64284102201531e-126
Hmces	5.11493132327747e-131	0.37744713204465	0.545	0.082	1.65135557772013e-126
Pfdn1	5.63410682500932e-131	0.572356450613995	0.83	0.22	1.81897138845426e-126
Adprh	7.45991955273707e-131	0.421739489058108	0.669	0.134	2.40843502760116e-126
Tex2	9.00017422144775e-131	0.791322354795078	0.799	0.243	2.9057062473944e-126
Cdk2ap1	1.01534201256718e-130	0.326070535467596	0.519	0.07	3.27803168757314e-126
Lsm2	1.05628313819748e-130	0.48771433879633	0.751	0.173	3.41021011167057e-126
Commd3	1.45289377640272e-130	0.474688508757454	0.741	0.169	4.69066755711617e-126
Rpl23a	1.51565736609796e-130	-0.611444163048073	0.995	1	4.89329980644726e-126
Ccne1	1.56092769422336e-130	0.435154019695405	0.411	0.031	5.03945506080011e-126
Ssbp2	1.89808741575613e-130	-1.74150580996774	0.424	0.705	6.12797522176868e-126
Hist1h2be	1.93021782185561e-130	0.565586302414837	0.5	0.068	6.23170823786084e-126
Cerk	2.36369581302771e-130	0.493843957365656	0.568	0.094	7.63119193235996e-126
Pgk1	2.79019006940434e-130	0.825959351613339	0.918	0.373	9.00812863907192e-126
Syne3	3.25151402964555e-130	0.336228646163566	0.412	0.03	1.04975130447107e-125
Fyb	3.2918480529257e-130	-0.900975427282741	0.934	0.965	1.06277314388706e-125
Tmed3	4.40355298398644e-130	0.321309870016122	0.486	0.057	1.42168708088002e-125
Pet100	6.40583260988859e-130	0.37983754852595	0.65	0.125	2.06812305810253e-125
Nrm	6.95466519590679e-130	0.338694899192228	0.389	0.022	2.24531365849851e-125
Rps15	7.60175766775291e-130	-0.583753866340023	0.997	0.999	2.45422746303403e-125
Arpc1b	8.38617602273142e-130	0.79318834493189	0.975	0.647	2.70747692893884e-125
Jazf1	8.80137825706918e-130	0.656244817659089	0.47	0.056	2.84152497029478e-125
Ccr2	9.26033719673485e-130	1.03915251488552	0.339	0.006	2.98969986396585e-125
Nmrk1	1.48667060684071e-129	0.564036186346601	0.396	0.027	4.79971605418525e-125
Cep128	2.41966984836358e-129	0.651697900983677	0.675	0.156	7.81190410544181e-125
Patj	2.9401633147384e-129	-1.53273097570426	0.052	0.477	9.49231726163291e-125
Rad21	3.26376714509433e-129	0.873358577832935	0.895	0.396	1.05370722279371e-124
Gm12709	3.35927379335928e-129	0.452890807701508	0.343	0.008	1.08454154418604e-124
Csnk2b	4.98502382301634e-129	0.656398881748549	0.873	0.263	1.60941494126082e-124
Cep250	5.30492823912546e-129	0.379800074497726	0.621	0.114	1.71269608200166e-124
Naa38	1.1382640336055e-128	0.395563585708433	0.642	0.124	3.67488543249536e-124
Ndufs8	1.40921228223621e-128	0.469100746134943	0.729	0.164	4.5496418531996e-124
Rps27l	2.05769197067113e-128	0.803019529426924	0.917	0.351	6.64325852731173e-124
Efhd2	2.11425212182389e-128	0.459286587055354	0.725	0.161	6.82586297530842e-124
Fxyd5	2.2432396077083e-128	0.817392278865564	0.989	0.806	7.24229907348626e-124
Mapk3	2.46945353355587e-128	0.315119946727654	0.474	0.055	7.97263073308513e-124
Rangap1	2.4824292136903e-128	0.680166612375902	0.831	0.248	8.01452271639914e-124
Pdap1	2.83721771699917e-128	0.697564565288979	0.892	0.287	9.15995739933183e-124
Gins1	2.8436715344369e-128	0.356396578156342	0.383	0.023	9.18079354892954e-124
Traf1	3.13611130723e-128	0.735309133468295	0.799	0.236	1.01249353553921e-123
Hccs	4.79723502988169e-128	0.354145990313173	0.514	0.073	1.5487873293973e-123
B9d2	4.92886876060363e-128	0.338293917657642	0.486	0.061	1.59128527936088e-123
Rps9	6.12739842321453e-128	-0.510464490997759	1	1	1.97823058093481e-123
Srsf2	6.51405359582724e-128	0.802802349382107	0.927	0.395	2.10306220341282e-123
Ddost	6.59192000553562e-128	0.479242616377247	0.714	0.158	2.12820137378718e-123
Rex1bd	6.63220491925339e-128	0.492754073970689	0.753	0.18	2.14120735818096e-123
Fcho1	6.80205351816963e-128	0.33327216526184	0.581	0.098	2.19604297834107e-123
Tmem258	6.80700481354189e-128	0.655713511561903	0.861	0.258	2.197641504052e-123
Atp5mpl	8.42503165323939e-128	0.754527493741123	0.936	0.372	2.72002146924834e-123
Ndufc2	1.28776659332485e-127	0.618532458557458	0.867	0.255	4.15755444654928e-123
Ppp2r2d	1.52763990931743e-127	0.414618321002564	0.717	0.159	4.93198544723133e-123
Nedd4l	2.02295697862291e-127	-1.44654514861607	0.039	0.459	6.53111660548406e-123
Ccl5	2.0808312549109e-127	1.17377761794166	0.364	0.017	6.71796370647983e-123
Txndc17	2.08823126853379e-127	0.582136424441858	0.827	0.228	6.74185465046133e-123
Haus4	2.55367194935588e-127	0.363762654405554	0.576	0.096	8.24452988849546e-123
Metrn	6.29200913828198e-127	0.331277443120612	0.433	0.041	2.03137515029434e-122
Mier1	7.22456681485304e-127	0.967556705277504	0.965	0.63	2.3324513961753e-122
Mrpl57	9.51241601677742e-127	0.581445488677346	0.82	0.226	3.07108351101659e-122
Gpr160	9.9378357923736e-127	0.472287958951647	0.369	0.019	3.20843028556782e-122
Ncapd3	1.02117882746465e-126	0.723607624873211	0.772	0.226	3.29687584446962e-122
Smdt1	1.04492934209607e-126	0.772306245686744	0.927	0.404	3.37355438095715e-122
Ube2e3	1.29886599985717e-126	0.406481021894894	0.586	0.104	4.19338888053887e-122
Mrpl51	1.66403325764301e-126	0.523482180743279	0.8	0.202	5.37233137230045e-122
Atp5md	1.67362863018535e-126	0.754101023355989	0.926	0.375	5.40331003255341e-122
Sumo3	2.25584094643776e-126	0.408208752751617	0.676	0.142	7.2829824955743e-122
Arhgap21	2.34924899394013e-126	0.424942188246915	0.378	0.022	7.58455037693571e-122
Slc25a4	2.67469240904499e-126	0.699583598393418	0.834	0.26	8.63524444260175e-122
Il6st	2.98082891006435e-126	-1.42680296910629	0.098	0.515	9.62360613614274e-122
Rorc	2.9857496630807e-126	0.393239815732865	0.338	0.008	9.63949278725603e-122
Neb	3.59112332911477e-126	0.939736303064543	0.481	0.071	1.1593941668047e-121
Arhgap19	4.34103145660923e-126	0.372263646075594	0.348	0.011	1.40150200576629e-121
Entpd1	7.00873145938871e-126	0.483039220402342	0.343	0.011	2.26276895166364e-121
Arhgap18	1.59017033700855e-125	0.49349343795074	0.586	0.109	5.1338649330321e-121
Rcc1	1.70754493911127e-125	0.327469291599528	0.403	0.031	5.51280883592073e-121
Abhd17a	1.83157066840543e-125	0.460043564072214	0.757	0.181	5.91322590294693e-121
Pacsin2	2.97802097394939e-125	0.36453913037893	0.55	0.089	9.61454071439561e-121
Calm2	4.4833513099504e-125	0.887219437412343	0.955	0.58	1.44744997041749e-120
Coro1c	4.61263946439267e-125	0.489266513874907	0.721	0.171	1.48919065107917e-120
Cdc34	5.06716965069954e-125	0.360853337303696	0.61	0.114	1.63593572172835e-120
Slc25a19	6.36701375229432e-125	0.335526137528834	0.427	0.04	2.05559038992822e-120
Sh2d2a	6.68942664488606e-125	0.679065626417808	0.838	0.263	2.15968139230146e-120
Zfp52	7.17915843626326e-125	0.427790254857308	0.545	0.088	2.31779130114759e-120
Ccr4	9.68562661850442e-125	0.509527857446686	0.39	0.028	3.12700455378415e-120
Ndufa1	1.01129497711939e-124	0.60967895283149	0.828	0.23	3.26496583362994e-120
Map7d1	1.29564739691906e-124	0.317081264006429	0.517	0.076	4.18299762095317e-120
Pglyrp1	1.4001073518573e-124	0.499380104900672	0.419	0.04	4.52024658547128e-120
Pttg1	1.56469816524791e-124	0.500620594068304	0.571	0.103	5.05162802650289e-120
Cenpn	2.20752446465342e-124	0.325417474096688	0.349	0.014	7.12699273413355e-120
Mcm2	2.33923457581666e-124	0.498173281821564	0.538	0.089	7.5522188280241e-120
Prkcsh	3.20925415511686e-124	0.356258381284576	0.619	0.117	1.03610770397948e-119
Pin1	4.46702808169234e-124	0.371809588005363	0.684	0.143	1.44218001617437e-119
Uqcc2	5.23089909799344e-124	0.423063086024424	0.657	0.136	1.68879577378718e-119
Ndufa11	7.36649080746936e-124	0.652093075052406	0.874	0.278	2.37827155719148e-119
Mrpl20	9.33781045549637e-124	0.577937290193066	0.851	0.242	3.014712105557e-119
Thap12	1.07787219453823e-123	0.534479205916217	0.711	0.17	3.47991038006666e-119
Mast4	1.40356454666788e-123	0.677316297969812	0.616	0.132	4.53140813891724e-119
Hdgf	1.41759689608736e-123	0.719190514742129	0.865	0.291	4.57671157901805e-119
Plk3	1.44910061297284e-123	0.357990037448293	0.434	0.045	4.67842132898281e-119
Sem1	1.55953851576335e-123	0.759159469436673	0.961	0.543	5.03497009814197e-119
Ostf1	1.84380988592186e-123	0.857209987907094	0.906	0.376	5.95274021669873e-119
Emp3	2.90183866831272e-123	0.938475940580047	0.958	0.56	9.36858614064762e-119
Ptpn22	3.12600211076514e-123	0.933390738019374	0.968	0.578	1.00922978146053e-118
Ttc39b	3.21903174530023e-123	0.624304550258428	0.857	0.257	1.03926439897018e-118
Arf5	4.76631037753794e-123	0.714231664923055	0.962	0.615	1.53880330538812e-118
Psat1	5.55497111139844e-123	0.316862541505837	0.438	0.046	1.79342242331499e-118
Rps17	6.10176142297948e-123	-0.627401498383353	0.995	0.997	1.96995367540892e-118
March3	7.75136112725037e-123	0.555022294026544	0.423	0.041	2.50252693993278e-118
Stard3nl	1.29675508870639e-122	0.333783667816435	0.524	0.08	4.18657380388859e-118
Slc1a5	1.64469792947323e-122	0.42045583958029	0.71	0.164	5.30990726530431e-118
Alad	1.83141066942072e-122	0.328590396084222	0.405	0.035	5.91270934622479e-118
Haspin	2.75542855327844e-122	0.320450807888871	0.401	0.033	8.89590108425946e-118
Pbx3	3.70368600594275e-122	0.51948235463456	0.365	0.021	1.19573502701862e-117
Rad18	3.71218823499733e-122	0.415481916616629	0.623	0.124	1.19847997166889e-117
Mcm10	3.84515488200141e-122	0.326370521877767	0.349	0.016	1.24140825365416e-117
Irf8	3.84899843454264e-122	0.461911933135099	0.476	0.063	1.24264914459209e-117
Cuedc2	4.31055739228228e-122	0.313115548626372	0.483	0.065	1.39166345409833e-117
Unc119b	4.70526669995577e-122	0.346146932380075	0.536	0.087	1.51909535408072e-117
Hist1h2an	5.49508502479087e-122	0.355010689409219	0.325	0.008	1.77408820025373e-117
Hist1h2ac	5.71831482218827e-122	0.391116585365809	0.381	0.026	1.84615794034348e-117
Slc39a14	6.06630069859632e-122	0.437132964343676	0.51	0.077	1.95850518054182e-117
Il1r1	6.14054900850529e-122	0.705883384657444	0.336	0.011	1.98247624739593e-117
Phgdh	7.84218391185119e-122	0.52788088363678	0.757	0.193	2.53184907594116e-117
Manf	1.03102905615425e-121	0.737578013890883	0.916	0.342	3.32867730779399e-117
Rnf157	1.09163368454981e-121	0.719147926656102	0.631	0.147	3.52433935056905e-117
Ric1	1.16868221437374e-121	0.519793174931246	0.624	0.132	3.77309052910563e-117
Tma7	1.25436352864509e-121	0.725218557580624	0.968	0.617	4.04971265223068e-117
Tnf	2.00865292919097e-121	0.541018516280244	0.479	0.068	6.48493598189304e-117
Psmc3	2.66180864695231e-121	0.600779184272003	0.869	0.267	8.59364921668552e-117
Serf2	3.86616540293951e-121	0.636608325900999	0.993	0.829	1.24819150033902e-116
Bmpr2	4.27340764279328e-121	0.481019958656494	0.441	0.051	1.37966965747581e-116
Sap30	6.09368474301171e-121	0.338313587873066	0.367	0.023	1.96734611928133e-116
Rnf11	6.61860115349388e-121	0.340341724690383	0.479	0.065	2.1368153824055e-116
Polr2c	7.7131980481622e-121	0.40803595479761	0.732	0.171	2.49020598984917e-116
Ggh	1.05350179460346e-120	0.293300102208708	0.397	0.033	3.40123054387727e-116
Fgl2	1.19332229132092e-120	0.502755429430217	0.325	0.008	3.85264101752958e-116
Zdhhc2	1.35072968071454e-120	0.459196245522163	0.43	0.046	4.36083077418691e-116
Pomp	1.3721671213303e-120	0.740921205425854	0.921	0.387	4.43004155121486e-116
Tnrc6b	1.38216920296981e-120	-0.927033594312012	0.945	0.935	4.46233327178804e-116
Baz1a	1.73808796972847e-120	0.835419889899936	0.91	0.385	5.61141701026836e-116
Adam19	2.44517015440705e-120	0.818716674073675	0.79	0.254	7.89423184350315e-116
Tnik	3.29748539770903e-120	-1.16939614316081	0.898	0.896	1.06459316065036e-115
Peli1	3.72382224879927e-120	-1.12695521006379	0.916	0.911	1.20223601302485e-115
Phf21a	4.0473782146404e-120	-1.47736960437229	0.638	0.762	1.30669605659665e-115
Cdc14a	5.01593972989871e-120	0.52336446244601	0.677	0.16	1.6193961417978e-115
Myo1g	7.15649783417873e-120	0.620894638179751	0.771	0.216	2.3104753257646e-115
Il2ra	7.85434230302825e-120	1.74932665096915	0.728	0.285	2.53577441253267e-115
Cep83	9.45809016356838e-120	0.486700604592609	0.704	0.168	3.05354440930805e-115
Ppp1r16b	1.04154631811674e-119	0.87977654506692	0.934	0.486	3.3626322880399e-115
Trp53i11	1.15474951479697e-119	0.374188129234596	0.56	0.098	3.728108808522e-115
Pole3	1.30799479217621e-119	0.285092890057433	0.495	0.07	4.22286118654088e-115
Plaat3	1.39241295631437e-119	0.528736805059136	0.768	0.199	4.49540522946094e-115
Ehmt2	1.44036917100798e-119	0.365102537264314	0.633	0.131	4.65023186859926e-115
Mpc1	1.75695481911961e-119	0.664720783990796	0.825	0.255	5.67232863352765e-115
Uqcrb	1.80533511392224e-119	0.656242750540416	0.894	0.308	5.82852441529794e-115
Gstp1	2.08308878108966e-119	0.32552202680928	0.453	0.055	6.72525212974796e-115
Aebp2	2.15990000210606e-119	0.823758252333197	0.951	0.469	6.97323715679941e-115
Plekhb2	2.23755232081882e-119	0.299010277447501	0.489	0.069	7.22393766776356e-115
Snrpa1	2.8950449610218e-119	0.486596801208485	0.754	0.191	9.34665265665887e-115
Gnpda1	3.2555214957502e-119	0.307706898919642	0.435	0.048	1.05104511490295e-114
Mfsd10	3.85745168785206e-119	0.288634235219707	0.419	0.042	1.24537827742304e-114
Mrpl28	4.53477998486017e-119	0.352494464973163	0.644	0.133	1.4640537181121e-114
Otud7b	4.86740297066372e-119	0.423695520352723	0.65	0.142	1.57144104907878e-114
Anxa11	4.94640813860382e-119	0.510638816090567	0.741	0.191	1.59694786754824e-114
Rnaseh2c	5.42447273290188e-119	0.619947449226465	0.861	0.272	1.75129102181737e-114
Gabarapl1	6.84811728186199e-119	0.317540688327004	0.343	0.016	2.21091466444914e-114
Ssbp4	6.90351577454626e-119	0.402016123517923	0.682	0.153	2.22880006781226e-114
Bak1	7.24237202432879e-119	0.295812323673045	0.49	0.069	2.33819980805455e-114
Sestd1	7.52141943188078e-119	0.390426481758775	0.373	0.026	2.42829026358271e-114
Rab1b	1.17568953179972e-118	0.315718059539873	0.654	0.137	3.79571365341539e-114
Xbp1	1.37213988863892e-118	0.402763933531791	0.536	0.09	4.42995363047074e-114
Hist1h3b	1.42203946711894e-118	0.331705023343171	0.311	0.005	4.59105441959349e-114
Samd1	1.51143631987248e-118	0.395268230678383	0.462	0.061	4.8796721587083e-114
Dcaf15	1.51620163462418e-118	0.281554607406396	0.492	0.07	4.89505697738417e-114
Ciao2a	1.75436933713613e-118	0.438539479124974	0.742	0.183	5.66398140494398e-114
Gtf2h5	1.97871883604143e-118	0.577403792090392	0.847	0.247	6.38829376215975e-114
Hist1h3i	2.94469135019128e-118	0.361671779259883	0.336	0.014	9.50693602409256e-114
Mvb12a	3.4024266461317e-118	0.299158747343926	0.593	0.112	1.09847344270362e-113
Bora	4.39632690513419e-118	0.353393984639973	0.452	0.056	1.41935414132257e-113
Pnp	4.97793968874708e-118	0.301321213580386	0.539	0.09	1.60712782851199e-113
Rad54b	5.75117151278667e-118	0.332421345327231	0.331	0.012	1.85676572290318e-113
Foxd2os	6.39245992306312e-118	0.307236887475418	0.37	0.025	2.06380568616093e-113
Rps2	7.03864250145818e-118	0.805665785880453	0.998	0.936	2.27242573159577e-113
Ak2	8.29559663446236e-118	0.510571726338609	0.751	0.194	2.67823337343617e-113
Mrpl54	9.25334846990391e-118	0.51808423466345	0.789	0.215	2.98744355350848e-113
Myef2	1.19914787359048e-117	0.363256319529303	0.644	0.139	3.87144890988687e-113
Ufm1	1.21029171150934e-117	0.344258272841002	0.614	0.123	3.9074267906079e-113
Vdr	1.32144247401427e-117	0.50445788286486	0.317	0.008	4.26627702735508e-113
Cndp2	1.45394027007402e-117	0.328922030005368	0.523	0.085	4.69404616193398e-113
Ptpa	1.63341213117501e-117	0.447407807627182	0.757	0.189	5.27347106549851e-113
Slc7a1	1.7322634346841e-117	0.610626353738201	0.698	0.179	5.59261249887763e-113
Hist1h2bg	1.75055040013235e-117	0.315799666732184	0.329	0.011	5.65165196682729e-113
Atp5g2	1.85037952981183e-117	0.703102608618632	0.972	0.639	5.97395031199751e-113
Glipr1	2.40433546696237e-117	0.620266867841607	0.658	0.16	7.76239705508803e-113
Kbtbd11	3.02437078246089e-117	-1.37781752736442	0.205	0.567	9.764181071175e-113
Man1a	3.91872455177234e-117	-1.46611156113331	0.584	0.751	1.2651602215397e-112
Blmh	7.55874763236509e-117	0.347618192535354	0.682	0.156	2.44034167310907e-112
Ndufs5	8.96457740756004e-117	0.647879556859735	0.878	0.303	2.89421381603076e-112
Med30	9.1478819476676e-117	0.379609325072434	0.693	0.159	2.95339368680448e-112
Ckb	9.54349684025876e-117	0.66246217389611	0.453	0.063	3.08111795487754e-112
Krtcap2	1.00222482322223e-116	0.758862968279065	0.941	0.426	3.23568284177298e-112
Ppih	1.12236109515385e-116	0.282709811819409	0.532	0.088	3.6235427957042e-112
Bsg	1.53754024567737e-116	0.638086755903904	0.861	0.277	4.96394868316939e-112
Cpsf2	2.27698034697923e-116	0.375751779085119	0.634	0.136	7.35123105022246e-112
Chek1	3.74382016160179e-116	0.293084483920341	0.319	0.009	1.20869233917314e-111
Hist1h1a	3.91682391636636e-116	0.544492912642146	0.367	0.027	1.26454660139888e-111
Acp1	4.95717128945982e-116	0.382188691765065	0.739	0.182	1.6004227508021e-111
Dhrs1	5.24983668683865e-116	0.310368849825717	0.417	0.045	1.69490977434586e-111
Tcf12	6.5121032649945e-116	-1.12841292808183	0.85	0.855	2.10243253910347e-111
Cd38	8.66924673611549e-116	0.327365896257288	0.32	0.01	2.79886630875489e-111
Vars	9.13824255673826e-116	0.367598170160929	0.655	0.142	2.95028160944295e-111
Banf1	1.00153865940097e-115	0.694483746896098	0.908	0.352	3.23346756187602e-111
Pgp	1.08528747419416e-115	0.424819037826251	0.693	0.164	3.50385061043583e-111
Trp53i13	1.10137208464028e-115	0.306535716053048	0.45	0.058	3.55577977526114e-111
G2e3	1.1080181413875e-115	0.390386046610487	0.547	0.098	3.57723656946955e-111
Smc1a	1.4857380185844e-115	0.777643948038173	0.922	0.486	4.79670519299974e-111
Slc25a39	1.59908547222133e-115	0.277411856348064	0.447	0.056	5.16264744706657e-111
Rab11a	1.64735812451028e-115	0.425450226586965	0.731	0.182	5.31849570498142e-111
Pdcd1lg2	1.87459316361116e-115	0.362045992628207	0.359	0.023	6.05212402871864e-111
Tspan2	2.25397948267023e-115	0.379464947565218	0.308	0.006	7.27697275980085e-111
Arhgdia	2.72183823287815e-115	0.689856950044884	0.933	0.395	8.7874547348471e-111
Fgfr1op	4.04226704939371e-115	0.428868315841822	0.561	0.107	1.30504591689676e-110
Dok2	4.24679634298783e-115	0.376138539314229	0.562	0.105	1.37107819933362e-110
Rps19	4.60013008099991e-115	-0.585773503128358	1	1	1.48515199665082e-110
Fam89b	4.73012266807189e-115	0.326495129152602	0.587	0.114	1.52712010338701e-110
Fam173a	4.97234549034164e-115	0.420084709981095	0.766	0.201	1.6053217415568e-110
Apaf1	5.87613137984126e-115	0.405758833806621	0.635	0.14	1.89710901598175e-110
Gm2a	6.86034432114531e-115	0.667884358010741	0.705	0.194	2.21486216408176e-110
2610318N02Rik	7.53945290707252e-115	0.304965370929011	0.314	0.009	2.43411237104836e-110
Elovl1	9.36999316603101e-115	0.277639747234313	0.496	0.075	3.02510229365311e-110
Cnih4	1.14691647910151e-114	0.443431336079651	0.711	0.176	3.70281985277922e-110
Abi2	1.28125740709508e-114	0.363205488260946	0.417	0.046	4.13653953880646e-110
Hist1h2af	1.28464473552555e-114	0.376104813190053	0.331	0.014	4.14747552864422e-110
Phlpp1	1.30897702656986e-114	0.81838002002044	0.577	0.129	4.22603233028078e-110
Maz	1.50793306230731e-114	0.368744753444875	0.698	0.163	4.86836189165915e-110
Lsm3	1.54565906864105e-114	0.407802004292265	0.763	0.193	4.99016030310764e-110
Hmgcr	1.59228029262724e-114	0.419798679788346	0.697	0.167	5.14067692474705e-110
Foxp3	2.02017078021308e-114	0.699012706403171	0.397	0.043	6.52212136391794e-110
Tomm6	2.2766989223982e-114	0.700994894364531	0.905	0.344	7.3503224709626e-110
Rnps1	2.40014609584591e-114	0.53176638876762	0.821	0.24	7.7488716704385e-110
Ccdc25	3.66058054659491e-114	0.357876556149952	0.638	0.139	1.18181842946817e-109
Rflnb	4.49737516767876e-114	-1.3795727730084	0.054	0.443	1.45197757288509e-109
Zmiz1	5.58378144893246e-114	0.603260013289111	0.846	0.273	1.80272384078784e-109
Dctn2	5.7036572595694e-114	0.317133081931567	0.615	0.127	1.84142574625198e-109
Smco4	6.31873954826151e-114	0.465340783481062	0.543	0.101	2.04000506315623e-109
Ppp1r2	6.50232806126148e-114	0.410370685950162	0.735	0.183	2.09927661457827e-109
Gas2	8.41028239545132e-114	0.379112433796166	0.419	0.048	2.71525967137146e-109
Wdhd1	1.12156767822052e-113	0.341273534640261	0.402	0.041	3.62098124913496e-109
Plac8	1.28535857180405e-113	1.54564714450351	0.343	0.023	4.14978014906936e-109
Psmc4	1.28993381354862e-113	0.406023320522067	0.739	0.183	4.16455131704173e-109
Rnpep	1.32039267966935e-113	0.310097486291886	0.54	0.095	4.26288776631249e-109
Phf11b	1.35408140677633e-113	0.426036448954153	0.698	0.173	4.37165182177738e-109
Rpl9	1.47152643790285e-113	-0.508741219845594	0.998	0.999	4.75082310476935e-109
Nans	1.6088924372739e-113	0.354833586172189	0.686	0.159	5.19430923373878e-109
Cstb	2.17966657332798e-113	0.483893327417425	0.763	0.203	7.03705353198939e-109
Pgls	2.5052695417357e-113	0.547383079128714	0.803	0.228	8.08826271549371e-109
Ifi208	2.94158635020621e-113	-1.43202660259341	0.055	0.443	9.49691153164075e-109
Far1	3.35350169811041e-113	0.377484866506669	0.697	0.166	1.08267802323495e-108
Ptprs	3.53311497088416e-113	0.363208301161548	0.368	0.029	1.14066616834995e-108
Zbtb1	5.6010498711971e-113	0.6963728932896	0.813	0.264	1.80829895091598e-108
Hcls1	6.44690964456279e-113	0.621166048090307	0.876	0.291	2.0813847787471e-108
Grn	8.2964152835039e-113	0.321849495143057	0.334	0.018	2.67849767427924e-108
Pmvk	8.51663823948016e-113	0.312049285166431	0.468	0.068	2.74959665561617e-108
Gm49980	9.01962968448188e-113	0.41288415123796	0.368	0.029	2.91198744363498e-108
Trpv2	1.16269811781503e-112	0.347447796168175	0.592	0.12	3.75377087336583e-108
Ccr5	1.24025015888862e-112	0.724588026804104	0.311	0.01	4.00414763797193e-108
Cep85	1.51588393216662e-112	0.264219738194867	0.441	0.056	4.89403127499993e-108
Kifc1	2.08062092745213e-112	0.320651595329789	0.354	0.024	6.71728466427921e-108
Soat1	2.52269532085205e-112	0.333054618891442	0.576	0.113	8.14452184337085e-108
Itpr1	4.31644431548914e-112	0.845292642505654	0.898	0.39	1.39356404725567e-107
Olfr60	6.36217707923046e-112	0.492774474168286	0.303	0.008	2.05402887002955e-107
Fam111a	7.82172330669225e-112	0.432418049509256	0.657	0.154	2.52524336956559e-107
Tmem97	8.97537676779809e-112	0.285541317645323	0.336	0.019	2.89770038948361e-107
Nfkbie	1.00620755865712e-111	0.333051414266012	0.472	0.07	3.24854110312453e-107
Ripk3	1.1780928683601e-111	0.313586913808891	0.4	0.042	3.80347282550057e-107
Tubgcp2	1.67492084401976e-111	0.321953898900433	0.489	0.077	5.4074819449178e-107
Arhgdib	1.88398738871122e-111	0.679571229019114	0.995	0.935	6.08245328445418e-107
Itga3	1.95905720001717e-111	0.377027888556221	0.307	0.009	6.32481617025545e-107
Rps6	2.08360234507347e-111	-0.571347403323542	0.996	0.998	6.7269101710697e-107
Mydgf	2.5624557770087e-111	0.34228934979022	0.65	0.145	8.27288847607257e-107
Cdc7	2.64097858080361e-111	0.275249009139341	0.388	0.037	8.52639934812447e-107
Ifi206	2.83432412023005e-111	-1.66184347943118	0.142	0.516	9.15061542216273e-107
Phf5a	3.29698883322701e-111	0.450227291967676	0.824	0.231	1.06443284480734e-106
1700097N02Rik	3.41930880069734e-111	0.515270826249235	0.349	0.024	1.10392384630514e-106
Cyp51	3.84705985097503e-111	0.446551073478751	0.553	0.108	1.24202327288729e-106
Eloc	4.05740687247233e-111	0.588230600685345	0.876	0.287	1.30993380877769e-106
Golt1b	4.26874141053955e-111	0.258484421726807	0.471	0.069	1.37816316439269e-106
Aprt	4.88364337321664e-111	0.747076923409407	0.815	0.282	1.57668426304299e-106
Glmp	5.61602111477949e-111	0.284350007409493	0.53	0.093	1.81313241690656e-106
Rpn1	6.73946137202147e-111	0.359651255256667	0.624	0.135	2.17583510395713e-106
Rbbp7	1.02361867925966e-110	0.593985209657159	0.846	0.277	3.3047529059898e-106
Mrpl13	1.07673114235778e-110	0.351643060316598	0.651	0.146	3.47622649310209e-106
Prim2	1.12681004689055e-110	0.493947236720113	0.62	0.144	3.63790623638613e-106
Lman1	1.34048856246117e-110	0.303301171407777	0.539	0.098	4.32776732390588e-106
Sms	1.80723726634121e-110	0.604920824824318	0.817	0.26	5.83466551438258e-106
Eldr	2.09254301444782e-110	0.256563108936104	0.302	0.008	6.7557751221448e-106
Icam1	4.35399853143022e-110	0.538777230403853	0.471	0.076	1.40568842587225e-105
Arhgap45	5.07175210304603e-110	-0.970888670212881	0.871	0.85	1.63741516646841e-105
Anp32a	5.62631830704616e-110	0.797147820777224	0.969	0.63	1.81645686542985e-105
Hist1h2bc	6.37838410541008e-110	0.425536225876314	0.452	0.065	2.05926130843164e-105
Mrps36	9.01700936643464e-110	0.36317656841688	0.643	0.144	2.91114147395342e-105
Neurl3	1.00757748165759e-109	0.607676520777539	0.514	0.098	3.25296389953154e-105
Myo5a	1.22438944433946e-109	0.283111556001851	0.481	0.074	3.95294132104994e-105
Ninj1	1.28590316971512e-109	0.26696957412727	0.343	0.022	4.15153838342526e-105
Wsb1	1.35414981094555e-109	0.410515860330628	0.739	0.192	4.37187266463772e-105
Dpm3	2.54464168476209e-109	0.357324132137044	0.719	0.179	8.21537567925441e-105
Slc36a3os	3.30570620090238e-109	0.332190260238207	0.323	0.016	1.06724724696133e-104
Mns1	3.95288336365509e-109	0.323866459760278	0.43	0.056	1.27618839395605e-104
Psma1	4.62258154721948e-109	0.550647086666506	0.86	0.267	1.49240045251981e-104
Mpdu1	4.80484497668006e-109	0.28298020550578	0.587	0.12	1.55124420072116e-104
Actl6a	4.87559811115004e-109	0.345265331161219	0.717	0.178	1.57408685018479e-104
Aup1	5.70590424815429e-109	0.338075236745013	0.715	0.178	1.84215118651661e-104
Cops6	5.96632841497312e-109	0.368346180469806	0.673	0.161	1.92622912877407e-104
Ssrp1	7.73378717863569e-109	0.595643945986381	0.823	0.265	2.49685319062253e-104
Nasp	9.37525021137185e-109	0.707667480183015	0.88	0.341	3.0267995307414e-104
Fxn	1.34292033299201e-108	0.271352717255138	0.564	0.111	4.3356182950647e-104
Dtymk	1.42666759933395e-108	0.470994512792605	0.712	0.186	4.60599634444965e-104
Ssr1	1.79078522163199e-108	0.356010582708095	0.706	0.176	5.78155008803886e-104
Fth1	1.79705124654298e-108	0.716696384359172	0.997	0.962	5.801779949464e-104
Snx2	2.34907891535055e-108	0.643564172219053	0.822	0.279	7.58400127820927e-104
Rnf26	3.1437787115749e-108	0.268834220801272	0.354	0.028	1.01496895703196e-103
Ece1	5.23074533739058e-108	0.932551468715299	0.59	0.152	1.68874613217655e-103
Ube2v1	5.27032986500897e-108	0.339704612854162	0.729	0.186	1.70152599691815e-103
Raly	5.66976160224766e-108	0.644844702756527	0.906	0.351	1.83048253328566e-103
Ndufa13	6.12785647161459e-108	0.698204522392731	0.962	0.541	1.97837846186077e-103
Mrpl33	6.52651989171318e-108	0.675862675286519	0.912	0.375	2.1070869470396e-103
Stard4	7.33631603362887e-108	0.288259739092133	0.472	0.073	2.36852963145708e-103
Il3ra	7.66665874653553e-108	0.281329432381843	0.315	0.014	2.475180776319e-103
Zbtb8os	7.78245800579801e-108	0.365507720595532	0.679	0.164	2.51256656717189e-103
Eif6	8.04103607649137e-108	0.432932272484719	0.781	0.215	2.59604849729524e-103
Eif1	8.48083463877878e-108	0.527324055089172	0.996	0.97	2.73803746312973e-103
Jak2	8.71574801151445e-108	0.965051613237823	0.828	0.329	2.81387924551744e-103
Gins4	1.14394632824437e-107	0.287085120500019	0.527	0.095	3.69323072073693e-103
Glud1	1.18488995001006e-107	0.699563920467513	0.891	0.333	3.82541720360749e-103
Vdac2	1.18759987554718e-107	0.644662680335408	0.895	0.339	3.83416619820406e-103
Tmem160	1.60915298795141e-107	0.589298907477871	0.87	0.297	5.19515042160112e-103
Nrp1	1.7500709401043e-107	0.626715391145442	0.381	0.041	5.65010403012674e-103
Aurkaip1	2.26344888501431e-107	0.517121476108263	0.83	0.25	7.30754472526872e-103
2610035D17Rik	2.47215103319656e-107	-1.61421537414419	0.174	0.526	7.98133961067511e-103
Pold1	3.04717124164717e-107	0.254624923274201	0.401	0.046	9.83779235365788e-103
Depdc1b	3.31161159922992e-107	0.330896210912525	0.295	0.008	1.06915380481138e-102
Ndufaf3	3.51644267620414e-107	0.287898360086258	0.457	0.068	1.13528351801251e-102
Pih1d1	3.91589378134219e-107	0.273698715285608	0.48	0.077	1.26424630730633e-102
Chaf1b	4.9618551249011e-107	0.305296747456784	0.359	0.03	1.60193492707432e-102
Trappc6a	5.02737333023447e-107	0.273610535075409	0.526	0.096	1.6230874796662e-102
Brd9	5.02811283212225e-107	0.330840967823045	0.666	0.156	1.62332622785067e-102
Naa10	5.34480842241317e-107	0.340060789702397	0.685	0.167	1.72557139917609e-102
Afg3l1	6.12887482169793e-107	0.263201248257658	0.579	0.118	1.97870723618518e-102
Dhrs7	6.57710621411837e-107	0.280405499334071	0.469	0.073	2.12341874122812e-102
Ilk	7.37898200496453e-107	0.312139771753446	0.645	0.148	2.3823043403028e-102
Haus6	9.71247903293157e-107	0.273271027784316	0.574	0.117	3.13567385578196e-102
Thy1	1.02894055778653e-106	0.735991100178625	0.951	0.529	3.32193459081381e-102
Bola3	1.09051179888263e-106	0.337974918395609	0.653	0.153	3.52071734269258e-102
Nfkb2	1.1386219318963e-106	0.327520893246846	0.5	0.087	3.67604090712722e-102
Hat1	1.16324895277978e-106	0.475999590783509	0.699	0.186	3.75554924404951e-102
Ubr7	1.23306770054872e-106	0.291347590982079	0.516	0.092	3.98095907122156e-102
Exo1	1.85675407014103e-106	0.262466216588316	0.305	0.012	5.9945305154503e-102
Polr2l	1.8869935543161e-106	0.265588263184873	0.413	0.051	6.09215869010954e-102
Dnajb11	1.91808482994496e-106	0.432222375832736	0.793	0.222	6.19253687347732e-102
Hist1h3a	1.97375836797499e-106	0.267727560343337	0.324	0.018	6.37227889100726e-102
Batf	2.19105988758163e-106	0.463227506064842	0.635	0.156	7.07383684705729e-102
Cotl1	2.42558256782016e-106	0.7749474616242	0.97	0.589	7.8309933202074e-102
Rgs3	2.60750993500487e-106	0.368651207598619	0.597	0.132	8.41834582516323e-102
Dok1	2.66658269984344e-106	0.256682975658061	0.372	0.036	8.60906224644455e-102
Cers2	2.74236994396716e-106	0.26316550617781	0.509	0.09	8.85374136409798e-102
Fgf13	3.24363509499946e-106	-1.91604507624036	0.033	0.4	1.04720759042058e-101
Slc25a3	5.49784214743811e-106	0.679131953893999	0.949	0.54	1.77497833730039e-101
Srsf3	5.62308313106706e-106	0.670649976465816	0.973	0.686	1.815412388865e-101
Skap2	5.70930548521515e-106	0.31307231695045	0.505	0.092	1.84324927590171e-101
Zeb2	6.37835453485444e-106	0.601330493560868	0.293	0.009	2.05925176157776e-101
Pole2	7.11197902812771e-106	0.324435984367065	0.426	0.058	2.29610242923103e-101
Bspry	7.2302653804459e-106	0.299598541159004	0.284	0.006	2.33429117807696e-101
Ugp2	7.29835657095153e-106	0.325371890097061	0.634	0.147	2.3562744189317e-101
Gm49180	9.39109295842228e-106	0.568404911105673	0.296	0.01	3.03191436162663e-101
Rassf1	1.44879204595148e-105	0.429459989888628	0.68	0.176	4.67742512035436e-101
Arhgef3	1.47715330441411e-105	-1.6468474427322	0.434	0.663	4.76898944330096e-101
Ywhaq	1.8383431119012e-105	0.602775187183018	0.91	0.349	5.93509073677302e-101
Pkmyt1	3.19914294534602e-105	0.255272522007069	0.319	0.018	1.03284329990496e-100
Snrnp27	3.24340150363539e-105	0.378465499804746	0.685	0.17	1.04713217544869e-100
Eif4ebp1	3.45129428353915e-105	0.29904538187723	0.381	0.041	1.11425035944061e-100
Pa2g4	3.52412557851864e-105	0.465746658484042	0.754	0.214	1.13776394302474e-100
St6galnac3	4.73174252953668e-105	1.2493837838172	0.628	0.197	1.52764307566092e-100
Bub3	5.47216199396985e-105	0.632831400429028	0.797	0.267	1.76668749975317e-100
Carnmt1	6.22196827998194e-105	0.429218038374597	0.664	0.167	2.00876245919217e-100
Cwc25	7.79785250041891e-105	0.392198632932214	0.564	0.118	2.51753667976024e-100
Chmp2a	1.04286386150179e-104	0.616591821669993	0.892	0.331	3.36688597685854e-100
Psmc1	1.30763135607587e-104	0.318599432102625	0.65	0.155	4.22168783309094e-100
Arf6	1.50285441944883e-104	0.364044095513671	0.705	0.179	4.85196549319054e-100
Cdk4	1.62439574541186e-104	0.38460015031863	0.598	0.134	5.24436166406219e-100
Htatip2	1.8671049440571e-104	0.275018751536155	0.475	0.078	6.02794831188835e-100
Sap18	1.88025849514564e-104	0.428955700656029	0.765	0.213	6.0704145515777e-100
Sh2b1	2.09457955385515e-104	0.264053905072715	0.502	0.09	6.76235008962136e-100
Nenf	2.56687801318197e-104	0.278742608425012	0.367	0.036	8.28716566555799e-100
Eif1ad	2.81779933289027e-104	0.27662062472303	0.582	0.123	9.09726514623622e-100
Mien1	3.14307487805168e-104	0.431295313300512	0.799	0.228	1.01474172437899e-99
Ndufa5	3.52977776565727e-104	0.373997658689862	0.753	0.205	1.13958875164245e-99
Pim3	3.82112045727757e-104	0.301755569632919	0.422	0.057	1.23364873963206e-99
Tspo	4.0956357680803e-104	0.697278443220253	0.963	0.574	1.32227600772472e-99
Prdx1	4.16675936759778e-104	0.720746524520903	0.948	0.484	1.34523826182894e-99
Gm37529	5.07460220616625e-104	0.288588187234767	0.319	0.019	1.63833532226078e-99
Dazap1	7.95184407128201e-104	0.441558125441022	0.8	0.23	2.5672528584134e-99
Mbd3	9.09815369283771e-104	0.323019548757882	0.692	0.174	2.93733891973265e-99
Myo10	9.25099246541007e-104	0.713839244908605	0.579	0.143	2.98668291745764e-99
Espl1	9.69106700340104e-104	0.272896205401926	0.289	0.009	3.12876098204802e-99
Ddx1	1.43164693588666e-103	0.281610394231429	0.56	0.114	4.62207213251008e-99
Cyc1	1.73050210638328e-103	0.420061325079659	0.738	0.199	5.58692605045841e-99
Fbxw8	2.01474809137886e-103	0.258124255107101	0.332	0.024	6.50461421301665e-99
Snapc5	2.88234564351081e-103	0.29815765412222	0.663	0.16	9.30565291007465e-99
Stk19	3.19949641369057e-103	0.260597659744079	0.475	0.08	1.03295741716e-98
Arpp19	3.84893705703077e-103	0.65514258243776	0.911	0.379	1.24262932886239e-98
Ctsa	7.2538628413414e-103	0.3074369227444	0.548	0.111	2.34190961832707e-98
Yipf3	9.44415921196103e-103	0.282810220537166	0.584	0.127	3.04904680158162e-98
Tg	9.66728526561635e-103	0.414533070343244	0.643	0.16	3.12108304800424e-98
Ndufaf8	1.01455877521731e-102	0.286005066433114	0.596	0.131	3.2755030057891e-98
Erg28	1.16832580060451e-102	0.299276981660252	0.65	0.155	3.77193984725167e-98
Tdp2	1.18885924994342e-102	0.261191077969517	0.563	0.118	3.83823208844232e-98
Snrpd2	1.20047493724062e-102	0.648762071365673	0.936	0.408	3.87573333488135e-98
Fanca	1.22097400194665e-102	0.251981738474184	0.31	0.017	3.94191456528475e-98
Snf8	1.46515621568188e-102	0.416119076087539	0.798	0.228	4.73025684232896e-98
Cep57	1.52210866549316e-102	0.465928480164216	0.736	0.208	4.91412782654467e-98
Dctn4	1.97040269744721e-102	0.375023567649245	0.74	0.205	6.3614451087083e-98
Zcrb1	2.03658709785297e-102	0.477198919084213	0.82	0.25	6.5751214454183e-98
Dscc1	2.45522002525211e-102	0.258307781131965	0.291	0.011	7.92667785152644e-98
Snrpb2	2.79584542156216e-102	0.296086338043814	0.658	0.159	9.02638694351342e-98
Slc4a8	2.85418560832119e-102	0.289922745969014	0.31	0.017	9.21473823646497e-98
Ccne2	2.87565560356476e-102	0.367002620099735	0.336	0.026	9.28405411610881e-98
Dph3	2.98563038883539e-102	0.330789689669926	0.677	0.169	9.63910771035505e-98
Gas2l3	3.07175241871574e-102	0.348636394936448	0.285	0.009	9.91715268382377e-98
Med14	3.81863163629706e-102	0.814063743768145	0.856	0.346	1.23284522377851e-97
Cd101	3.83717541208407e-102	0.32957401047079	0.337	0.027	1.23883208179134e-97
Ptpn11	4.37057606327554e-102	0.362068471152038	0.634	0.154	1.41104048202851e-97
Srsf9	4.49150111724647e-102	0.365023875283878	0.726	0.189	1.45008113570302e-97
Lsp1	4.94236113577342e-102	0.761314484342843	0.957	0.576	1.59564129268445e-97
Ccdc18	5.95474117143504e-102	0.331525650994307	0.309	0.018	1.9224881871978e-97
Snrpc	7.3548865078411e-102	0.451720931787148	0.801	0.234	2.3745251090565e-97
Psmd6	7.42786249791654e-102	0.324538252647034	0.702	0.179	2.39808540745235e-97
Eri1	8.87186972969222e-102	0.431310208974883	0.755	0.215	2.86428314223113e-97
Adipor1	9.36996217951143e-102	0.286191817178975	0.657	0.158	3.02509228965526e-97
Galm	1.34017095097575e-101	0.336396948352052	0.395	0.05	4.32674191522521e-97
Fuca1	1.83939191941583e-101	0.291328441031485	0.62	0.144	5.93847681183401e-97
Sub1	1.97754370445152e-101	0.691787871238295	0.973	0.705	6.38449984982175e-97
Rpl8	2.04846627423189e-101	-0.475415871358408	0.997	0.999	6.61347336635767e-97
Casp8ap2	2.04914844411061e-101	0.584612991139749	0.819	0.285	6.61567575181111e-97
1500011B03Rik	2.17266361480157e-101	0.294667766440704	0.489	0.088	7.01444448038687e-97
Cx3cr1	2.58147072043198e-101	0.390822268337311	0.354	0.035	8.33427822091465e-97
Axl	2.64309439159671e-101	0.299154355105283	0.295	0.013	8.53323024326998e-97
Rpl17	2.96216560150411e-101	-0.468420823394589	1	0.999	9.56335164445602e-97
Pam16	3.1746706891718e-101	0.256838448367939	0.58	0.124	1.02494243199911e-96
Mlf1	3.34323382213699e-101	0.316354631093907	0.271	0.005	1.07936303947693e-96
Gldc	3.6071428910027e-101	0.3837274003377	0.281	0.008	1.16456608236022e-96
Tkt	3.99881599250889e-101	0.483841624858119	0.765	0.226	1.29101774318149e-96
Ptbp1	4.77712319198745e-101	0.430565831904289	0.813	0.243	1.54229422253315e-96
Psmc5	5.50792542388491e-101	0.385734456502637	0.757	0.208	1.77823372310124e-96
Pcna	7.3588822423993e-101	0.833485387172384	0.836	0.372	2.37581513195862e-96
Hist1h2ag	8.23873889165471e-101	0.264800369232285	0.28	0.008	2.65987685117072e-96
Gcat	1.74206175884611e-100	0.256045419028795	0.301	0.015	5.62424638843467e-96
Rad54l	1.89955828366388e-100	0.254597568405621	0.297	0.014	6.13272391880883e-96
Mrps18c	2.84556945377873e-100	0.36367099754264	0.752	0.204	9.18692098152464e-96
Ctla2b	3.0708195851334e-100	0.327223077247407	0.273	0.006	9.91414103060318e-96
Irs2	3.65360742005605e-100	0.442174683674827	0.416	0.061	1.1795671555651e-95
Gpr65	4.37555064964259e-100	0.440946362860217	0.506	0.102	1.41264652723711e-95
Gpsm2	4.41081437272016e-100	0.316727651201025	0.37	0.041	1.4240314202327e-95
Ciao2b	8.54320797599807e-100	0.3380169242129	0.695	0.181	2.75817469505098e-95
Cdc25c	1.09391712973996e-99	0.267122579765665	0.272	0.006	3.53171145336546e-95
Vbp1	1.15323955905252e-99	0.295648850342234	0.705	0.181	3.72323391640105e-95
Timm8b	1.3933317540344e-99	0.274663188102137	0.661	0.162	4.49837156790006e-95
Gm11808	1.70242935400467e-99	0.313519728927911	0.648	0.159	5.49629316940408e-95
Ncbp2	2.13310344251114e-99	0.282104095320537	0.532	0.107	6.88672446414722e-95
Aarsd1	3.03373843870808e-99	0.275721199537591	0.6	0.137	9.79442454936904e-95
Cemip2	4.67805019297808e-99	0.283541401154868	0.304	0.018	1.51030850480297e-94
Bnip2	5.08023919750745e-99	0.383653532543919	0.76	0.213	1.64015522491528e-94
Ywhae	6.83643217183435e-99	0.654574347721882	0.949	0.506	2.20714212667672e-94
Fancd2	8.11765624599308e-99	0.260544659504074	0.3	0.016	2.62078531901887e-94
Pola2	8.16539856441806e-99	0.263139583456032	0.47	0.082	2.63619892652237e-94
Klf3	8.97770608251269e-99	-1.31321885615485	0.091	0.449	2.89845240873922e-94
Timeless	9.41848519731022e-99	0.25750869659999	0.465	0.08	3.0407579459516e-94
Timm17a	1.0752076668588e-98	0.322190637214342	0.693	0.181	3.47130795245365e-94
Snhg3	1.08457861134212e-98	0.257735485717688	0.53	0.107	3.50156204671805e-94
Hnrnpl	1.1343307097015e-98	0.661961193746651	0.936	0.445	3.66218669627129e-94
Dda1	1.19070153764387e-98	0.281763765967035	0.605	0.139	3.84417991428325e-94
Derl2	1.21277909181987e-98	0.285372531835443	0.605	0.139	3.91545729794046e-94
Myo3b	1.70134968356089e-98	0.458081248217332	0.284	0.011	5.49280745337632e-94
Gpx1	1.87859212083822e-98	0.595901114439371	0.815	0.282	6.06503466212619e-94
Ubac2	1.8914800378675e-98	-1.14578609918498	0.743	0.76	6.10664330225521e-94
Elk3	1.93148230844373e-98	0.643264628668337	0.857	0.327	6.23579063281058e-94
Prmt1	2.01916061471474e-98	0.382706126247993	0.739	0.203	6.51886004460653e-94
Cox4i1	2.34155173027429e-98	0.53381805114245	0.993	0.87	7.55969976119055e-94
Pdia6	2.58507455986892e-98	0.412365911207112	0.723	0.201	8.34591321653682e-94
Lsm8	3.22936229411706e-98	0.39071705464697	0.763	0.218	1.04259961665569e-93
Becn1	4.11163113822627e-98	0.334635971513978	0.692	0.182	1.32744011297635e-93
Mrps21	4.39472038337367e-98	0.454702275231801	0.831	0.259	1.41883547577219e-93
Trat1	4.55982012915484e-98	-1.14835331178688	0.021	0.366	1.47213792869764e-93
Oprm1	7.02755162770309e-98	-1.37240016452069	0.409	0.648	2.26884504300394e-93
Psmc2	1.01347169446044e-97	0.363707979492811	0.752	0.211	3.27199336556553e-93
Cdca7	1.70989642588342e-97	0.330102569858178	0.346	0.035	5.52040061096462e-93
Vrk1	1.86662912804307e-97	0.44946943783411	0.757	0.226	6.02641213988704e-93
Tstd3	1.87322512670344e-97	0.254438030000677	0.313	0.022	6.04770732156206e-93
Triobp	1.96677202275788e-97	0.250168681588813	0.52	0.104	6.34972347547381e-93
Surf4	1.9786646230817e-97	0.280194334750282	0.648	0.16	6.38811873561926e-93
Commd1	2.45191488468669e-97	0.354999432099885	0.752	0.213	7.91600720521098e-93
Rnf10	2.93588548173341e-97	0.295647142867103	0.681	0.177	9.47850627777633e-93
D8Ertd738e	3.02976557529468e-97	0.643336416893165	0.927	0.419	9.78159815983887e-93
Sf3b5	3.2394889464585e-97	0.533683140594356	0.871	0.301	1.04586900636413e-92
Larp7	3.3191381378437e-97	0.365381432350916	0.692	0.186	1.07158374780284e-92
Cops9	3.42956853958341e-97	0.458025524027614	0.831	0.267	1.1072362030045e-92
Gtf3a	4.13349964440489e-97	0.268948122381116	0.619	0.148	1.33450036019612e-92
Pon2	4.15370676840962e-97	0.351516562390395	0.728	0.203	1.34102423018105e-92
Rab4b	4.49204943535334e-97	0.311483720191308	0.713	0.193	1.45025816020383e-92
Camk2n1	4.57333587207014e-97	0.323399075041272	0.306	0.019	1.47650148629785e-92
Emc3	4.69705388502077e-97	0.292176055988811	0.665	0.169	1.51644384677896e-92
Hist1h2bh	4.77923590920305e-97	0.254989305942139	0.271	0.008	1.54297631328621e-92
Dpy30	4.87948453063988e-97	0.35304046640892	0.743	0.206	1.57534158071708e-92
Trib1	4.89267710667571e-97	0.315899989285151	0.32	0.026	1.57960080389025e-92
Ppib	5.30735832683074e-97	0.617692799193945	0.967	0.6	1.7134806358173e-92
Tmem126a	5.79758055971718e-97	0.321448496412308	0.669	0.173	1.87174888370469e-92
Cetn2	6.82304852583533e-97	0.320016092392683	0.637	0.158	2.20282121656594e-92
Rpl31	7.6572970405043e-97	-0.597165585983219	0.983	0.982	2.47215834952681e-92
Meaf6	9.0654244246261e-97	0.297298279104029	0.599	0.142	2.92677227549053e-92
Haus3	1.02512656814591e-96	0.256314922150205	0.569	0.127	3.30962112525907e-92
Hsd17b12	1.35228891251281e-96	0.375245439668605	0.729	0.206	4.36586475404762e-92
BC052040	2.89366584840825e-96	0.308163000321936	0.521	0.109	9.34220019158603e-92
Higd1a	3.00029775901185e-96	0.459937066561951	0.814	0.258	9.68646131496976e-92
Eif4e	3.596376166151e-96	0.391813346414268	0.772	0.223	1.16109004524185e-91
Stk17b	5.2835979881646e-96	-0.871692086451778	0.91	0.875	1.70580961047894e-91
Uqcrfs1	5.66680984578518e-96	0.486996084441505	0.837	0.272	1.82952955871175e-91
Ddt	8.56274421390377e-96	0.286801575304343	0.624	0.152	2.76448196945883e-91
Arl6ip4	9.57062126049101e-96	0.309684288866181	0.64	0.159	3.08987507394952e-91
Atp1b1	1.10544917786733e-95	-1.05723734538894	0.02	0.355	3.56894267074466e-91
Spag9	1.3991358674449e-95	0.734222171620537	0.922	0.44	4.51711014804586e-91
Syce2	1.74361711292179e-95	0.272257589462627	0.311	0.023	5.629267849068e-91
Snrpb	1.75640357751069e-95	0.63450111371475	0.927	0.457	5.67054894999325e-91
Nt5c3b	1.83125401350452e-95	0.299273007508727	0.666	0.173	5.91220358259934e-91
Kdelr1	1.89971223198423e-95	0.251813685741396	0.639	0.158	6.13322094096107e-91
Bcl3	2.30931901357286e-95	0.297944697798467	0.531	0.114	7.45563643531997e-91
Josd1	2.45113314449456e-95	0.267953434621655	0.465	0.083	7.91348335700069e-91
Rps4x	2.73697738390892e-95	-0.452366029200395	1	0.999	8.83633148394996e-91
Actn4	2.94839290750967e-95	0.577937027848283	0.865	0.334	9.51888650189496e-91
Xylt1	3.80297152996954e-95	0.473110164032917	0.622	0.169	1.22778935845067e-90
Usp14	4.91321509317202e-95	0.273017259192882	0.654	0.166	1.58623149283059e-90
Psma4	5.90723336018404e-95	0.598530380759446	0.909	0.376	1.90715029033542e-90
Dpysl2	6.35988907228198e-95	0.296842786543379	0.681	0.179	2.05329018698624e-90
0610010K14Rik	8.28439076749268e-95	0.309898789831228	0.681	0.181	2.67461555928501e-90
Emc7	1.3379896903239e-94	0.291985818192414	0.718	0.196	4.31969971521072e-90
Abhd12	1.57444475930919e-94	0.277474157218333	0.619	0.154	5.08309490542973e-90
Galnt3	1.64223565642034e-94	0.309056979027992	0.258	0.006	5.30195781675306e-90
Cmpk1	1.79872841907871e-94	0.348751556687904	0.779	0.226	5.80719470099562e-90
Naa40	2.08216969289515e-94	0.268413887279242	0.481	0.092	6.72228485351199e-90
Rnf19b	2.90007612029843e-94	0.340503887205796	0.409	0.064	9.36289575438348e-90
Swi5	3.00101941073032e-94	0.558363384653174	0.872	0.317	9.68879116754283e-90
Fhl2	3.00729733276283e-94	0.285544044144154	0.278	0.013	9.7090594388248e-90
Arl2bp	3.07393094353035e-94	0.265031450339376	0.626	0.156	9.92418605118773e-90
Cacna1s	3.09939328556808e-94	0.256750003474378	0.263	0.008	1.00063912224565e-89
Psmd2	3.15463926960749e-94	0.305545200075727	0.694	0.186	1.01847528819278e-89
Rps27a	3.3025200855452e-94	-0.445204287143807	1	0.999	1.06621860961827e-89
Bscl2	3.56981630595456e-94	0.279291571637471	0.458	0.083	1.15251519437743e-89
Pfdn6	3.57918621011043e-94	0.424138506994578	0.82	0.255	1.15554026793415e-89
Crmp1	4.9001507030311e-94	0.348212796249735	0.277	0.013	1.58201365447359e-89
Apobec3	5.42365700680646e-94	0.661312988343305	0.933	0.434	1.75102766464747e-89
Ikzf2	6.51469752839749e-94	1.28615860746617	0.497	0.127	2.10327009704313e-89
Lst1	8.73595636385043e-94	0.266398026974208	0.362	0.045	2.82040351206911e-89
Krt83	1.37296765391046e-93	0.542396068523133	0.26	0.008	4.43262607064993e-89
Acot11	1.44324130409241e-93	0.259198321908862	0.306	0.023	4.65950455026234e-89
Dusp14	1.80024685301141e-93	0.386360473161833	0.275	0.013	5.81209696494732e-89
Zfand5	2.07887471119994e-93	0.498641643656864	0.81	0.271	6.71164700510899e-89
Romo1	2.24839427591248e-93	0.359970382588389	0.731	0.208	7.25894091978343e-89
Rwdd1	2.29968933322747e-93	0.5093409550914	0.854	0.298	7.42454701232488e-89
Tasp1	2.38125667598249e-93	-1.41274717753565	0.386	0.612	7.68788717840946e-89
Vps54	2.58020907010329e-93	0.772696287542582	0.914	0.423	8.33020498282847e-89
Dctn3	3.19368858348208e-93	0.388186350687734	0.797	0.237	1.03108235917719e-88
Raf1	5.22105255578984e-93	0.703118034580318	0.85	0.333	1.68561681763675e-88
Supt16	5.93286026679223e-93	0.619320170695475	0.898	0.402	1.91542393713387e-88
Ctsd	7.95287963329342e-93	0.586498282245701	0.802	0.282	2.56758718960878e-88
Ddx60	8.25874186695336e-93	-1.42835275642607	0.034	0.366	2.66633481174589e-88
Matk	9.49070278279892e-93	0.295499676498616	0.322	0.029	3.06407339342663e-88
Agfg2	1.00460346012649e-92	0.265097859553663	0.549	0.124	3.24336227101838e-88
Rpl39	1.17434302305478e-92	0.429741463482942	0.998	0.997	3.79136644993236e-88
Sypl	1.18702207826494e-92	0.279064841986926	0.491	0.1	3.83230077967835e-88
Tnfrsf8	1.46527487955206e-92	0.386142241610506	0.263	0.009	4.73063994863382e-88
Idh3b	1.71250053916529e-92	0.250054852722338	0.591	0.142	5.52880799069513e-88
Zmat2	1.76158770460782e-92	0.438324389309528	0.797	0.252	5.68728590432635e-88
Pde3b	1.8976621907145e-92	-1.48977828502856	0.573	0.735	6.12660238272178e-88
Scyl2	3.35423940704615e-92	0.299350362562643	0.547	0.124	1.08291619256485e-87
Stk38l	3.52964874986131e-92	0.297803210668307	0.47	0.09	1.13954709889272e-87
Ube2f	4.91921944066168e-92	0.267462524994323	0.59	0.142	1.58816999641762e-87
Ppm1g	4.98914700278674e-92	0.396552382603638	0.798	0.248	1.6107461098497e-87
Gm26827	6.43641726361488e-92	0.339584511835917	0.289	0.018	2.07799731355806e-87
Hist1h4n	7.60219595696699e-92	0.264188259497032	0.295	0.021	2.45436896470679e-87
Nol10	9.00961339733219e-92	0.350475113564573	0.594	0.149	2.9087536853287e-87
Coq10b	1.0377927403323e-91	0.417976324329926	0.749	0.229	3.35051386216283e-87
Gm42047	1.11209861923592e-91	0.556759860706279	0.325	0.033	3.59041039220318e-87
Troap	1.72920862309039e-91	0.2600861295746	0.259	0.009	5.58275003964732e-87
Tmem167	1.803076028773e-91	0.563493505392331	0.903	0.364	5.82123095889363e-87
Ndufv3	1.82516828009531e-91	0.620825036645121	0.927	0.42	5.89255579228771e-87
Serpinb1a	1.8934246825274e-91	0.620617398510382	0.249	0.005	6.1129215875397e-87
Sra1	1.93763863038638e-91	0.354070146138869	0.7	0.194	6.25566631820242e-87
Agpat4	2.02981534957822e-91	0.328289890720664	0.47	0.093	6.55325885611329e-87
Lamtor5	2.27146562658587e-91	0.358487703960372	0.775	0.23	7.33342677543249e-87
Pik3ap1	3.40762620658523e-91	0.30274412383773	0.263	0.01	1.10015212079604e-86
Strap	3.47122468500251e-91	0.284100750626249	0.694	0.189	1.12068488955306e-86
Nup98	3.57517049846319e-91	0.652956782385518	0.877	0.369	1.15424379542884e-86
Slfn9	3.69858451429025e-91	0.253443846666782	0.325	0.032	1.19408801043861e-86
Lrmp	4.52541445106404e-91	0.296429882548707	0.55	0.129	1.46103005552602e-86
Smpdl3b	5.31346169664992e-91	0.264481056797279	0.248	0.005	1.71545110876343e-86
Amz2	6.06333428432641e-91	0.265435979925561	0.495	0.103	1.95754747369478e-86
Ston2	6.98114773308919e-91	0.390293576093004	0.286	0.018	2.25386354562784e-86
Ppme1	7.33649429083488e-91	0.3131015079018	0.625	0.162	2.36858718179604e-86
Metrnl	8.11529891062597e-91	0.294422747388367	0.249	0.006	2.62002425329559e-86
Nedd9	8.96825339884819e-91	-1.09351206192946	0.84	0.816	2.89540060981814e-86
Ptpn3	9.88583468824688e-91	0.315565889934777	0.281	0.016	3.19164172910051e-86
Aim2	1.33477414736715e-90	0.282063794360908	0.503	0.107	4.30931833477485e-86
Med10	1.41481843884097e-90	0.253519929460693	0.641	0.164	4.56774132979807e-86
Rmi2	1.55718226042646e-90	0.25734829096866	0.435	0.077	5.02736292778683e-86
Pcmt1	2.15707516702703e-90	0.484602050214038	0.837	0.287	6.96411717674677e-86
Hist1h2bn	2.16421867266843e-90	0.299615143071781	0.258	0.009	6.98717998471004e-86
Ndufa3	2.33332498864752e-90	0.476331221810824	0.831	0.28	7.53313972584851e-86
Gatad1	3.01760327683872e-90	0.258287024907024	0.658	0.174	9.74233217927379e-86
Cebpb	3.05810925001974e-90	0.392258227697634	0.461	0.091	9.87310571368873e-86
Bcl2l15	3.33590394741472e-90	0.353604454587529	0.259	0.009	1.07699658942284e-85
Nfyb	3.90606014156284e-90	0.333336285975516	0.726	0.208	1.26107151670356e-85
Chka	4.23757731235216e-90	0.370023997440029	0.572	0.142	1.3681018352929e-85
Rhoq	5.38698089028984e-90	0.468781029250927	0.29	0.021	1.73918678043007e-85
Gm33104	6.19932003683506e-90	0.256883519071147	0.265	0.011	2.0014504738922e-85
Camk4	6.46951151370612e-90	-1.04330152985478	0.735	0.861	2.08868179220002e-85
Eny2	6.89970065723367e-90	0.346544367795162	0.761	0.227	2.22756835718789e-85
Sin3b	8.82574721068711e-90	0.418128592210257	0.828	0.27	2.84939248697033e-85
Ggta1	9.71163784517718e-90	0.295379006573173	0.477	0.097	3.13540227831545e-85
Lsm4	1.01101289410995e-89	0.611333578968555	0.922	0.458	3.26405512863396e-85
Dgkh	1.50982146954357e-89	0.513596503341846	0.384	0.061	4.87445861442141e-85
Rac2	1.86701685813122e-89	0.559226570812595	0.984	0.799	6.02766392647666e-85
Polr3k	2.19238850629229e-89	0.258417350519449	0.567	0.136	7.07812629256466e-85
Dst	3.38976508498096e-89	0.342669455891488	0.432	0.08	1.0943856576861e-84
Pmm1	3.53789941549009e-89	0.273583072333773	0.344	0.042	1.14221082629098e-84
Mrps23	4.352304015445e-89	0.256968327867881	0.648	0.172	1.40514135138642e-84
Lbr	4.58734290091924e-89	0.621566466889742	0.901	0.414	1.48102365556178e-84
Orai1	6.29568326817774e-89	0.581185763053971	0.855	0.343	2.03256134313118e-84
Atf4	6.63050963690841e-89	0.302107150248993	0.684	0.191	2.14066003627588e-84
Esd	8.14603551279872e-89	0.447064470087224	0.837	0.28	2.62994756530707e-84
Uba2	8.14630244673933e-89	0.33116289692774	0.743	0.22	2.63003374492979e-84
Ube2j2	8.70346796348788e-89	0.342327997439063	0.782	0.238	2.80991463201206e-84
Sae1	9.95421511849549e-89	0.515250443600746	0.842	0.304	3.21371835100627e-84
Mrpl52	1.16011210313671e-88	0.56031893688248	0.881	0.346	3.74542192497687e-84
Rhoh	1.56683274184515e-88	-0.962321819644449	0.863	0.824	5.05851950704707e-84
P2rx7	1.59972619376452e-88	0.337434908512512	0.35	0.045	5.16471601656875e-84
Nudc	1.75537852155206e-88	0.420654290484176	0.788	0.253	5.66723955683082e-84
Adamts6	2.38296617618916e-88	0.786574338245213	0.804	0.333	7.6934062998267e-84
Cdt1	3.33593774206458e-88	0.262463724495647	0.52	0.115	1.07700750002555e-83
Atl3	3.6677073716262e-88	0.384294493663204	0.681	0.199	1.18411932492952e-83
Tomm7	3.91444403396274e-88	0.595470378050572	0.917	0.418	1.26377825636487e-83
Nudt21	4.00963354912553e-88	0.486693984687321	0.861	0.304	1.29451019133518e-83
Trim12a	4.15895167527967e-88	-1.40359939150606	0.343	0.583	1.34271754836404e-83
Gtf2ird1	4.19595520851316e-88	0.276619260358692	0.41	0.07	1.35466413906847e-83
Ndufs6	4.61777630577499e-88	0.469210347718496	0.855	0.298	1.49084908031946e-83
Map3k8	5.04852684241098e-88	0.252578742010201	0.333	0.038	1.62991689107239e-83
Pqlc1	5.47491954250767e-88	0.369499701063481	0.305	0.028	1.7675777742986e-83
Slc25a11	5.76906472195221e-88	0.256085496399865	0.609	0.154	1.86254254548227e-83
Tmco1	6.16545535424302e-88	0.298667773555258	0.67	0.188	1.99051726111736e-83
Snrpf	6.87457006171063e-88	0.558434620898213	0.896	0.381	2.21945494442328e-83
Slc25a5	8.40635755478474e-88	0.615656372916378	0.955	0.592	2.71399253656225e-83
Inpp4b	1.24686165352572e-87	-0.673665402641996	0.971	0.984	4.0254928484078e-83
Anapc5	1.37628344550021e-87	0.505050764594277	0.837	0.308	4.44333110379742e-83
Ulbp1	1.45189977303573e-87	0.348859769484879	0.404	0.068	4.68745841724587e-83
Rap2a	1.51698937702792e-87	0.338698518007546	0.37	0.055	4.89760020373465e-83
Cd27	2.14743217603457e-87	-1.17497113422519	0.352	0.61	6.93298478032759e-83
Ube2n	2.7480899458273e-87	0.47909798614462	0.86	0.307	8.87220839010345e-83
Polr2e	3.26045218115123e-87	0.293815881882897	0.697	0.197	1.05263698668467e-82
Wdr83os	4.2161163182117e-87	0.331806446531584	0.729	0.215	1.36117315333465e-82
1110004F10Rik	6.19714076378564e-87	0.410304607365689	0.805	0.265	2.00074689558819e-82
Rps20	6.72888856456097e-87	-0.4608066183141	1	1	2.17242167306851e-82
Popdc2	6.76975361108055e-87	0.270351324647369	0.243	0.006	2.18561495333735e-82
Dtx1	7.28818966363329e-87	-1.09938733964666	0.006	0.309	2.35299203290401e-82
Sdhb	8.53743023483023e-87	0.451624008134097	0.826	0.284	2.75630935131494e-82
N4bp1	1.07666674019425e-86	0.415237404595212	0.643	0.185	3.47601857071714e-82
Reep3	1.43909138989134e-86	0.364307539928379	0.737	0.23	4.64610655226418e-82
Zc3h12a	1.57305038519573e-86	0.263938072942294	0.495	0.109	5.07859316860441e-82
Marcksl1	2.07228281200578e-86	0.282202308764468	0.278	0.019	6.69036505856067e-82
Gch1	2.16937651049109e-86	0.301357424365611	0.392	0.064	7.00383206412049e-82
Eif1ax	2.40144529960113e-86	0.409103296506273	0.782	0.25	7.75306614976224e-82
Spn	2.48698289835663e-86	0.601192929755439	0.898	0.394	8.02922428734437e-82
Pik3ip1	2.62095868267854e-86	-0.981451650587713	0.022	0.332	8.46176510702768e-82
Tfdp2	3.16497544312903e-86	0.298460694327436	0.534	0.127	1.02181232181421e-81
H3f3a	4.6317894290601e-86	0.493684081370785	0.995	0.947	1.49537321717205e-81
Eif4a3	4.85701113641162e-86	0.366686121658219	0.757	0.235	1.56808604539049e-81
Fkbp8	5.41604675866604e-86	0.349778316266979	0.77	0.238	1.74857069603533e-81
Ramp1	1.15368832970514e-85	0.890874639958371	0.819	0.417	3.72468277245305e-81
Set	1.67273320646477e-85	0.652406145140288	0.961	0.642	5.40041915707152e-81
Golim4	2.41842533019738e-85	0.297065783981421	0.411	0.073	7.80788617854223e-81
Spcs1	2.70778440637751e-85	0.43815691243059	0.833	0.28	8.7420819559898e-81
Cmah	3.08474614872876e-85	-1.35852994939507	0.488	0.667	9.95910294117081e-81
Rexo2	3.30308274402814e-85	0.47602318799682	0.778	0.268	1.06640026390949e-80
Ube2q2	4.73032866116549e-85	0.276473503388512	0.631	0.173	1.52718660825728e-80
Birc2	4.7313887568674e-85	0.413929867614807	0.717	0.226	1.52752886015464e-80
Sh3rf1	4.7675102629884e-85	0.459268516176225	0.453	0.097	1.53919068840581e-80
Gm14085	6.5192228113694e-85	-1.28678642699792	0.009	0.309	2.10473108465061e-80
Chd3	6.94193914941113e-85	-1.16961365884224	0.695	0.717	2.24120505438738e-80
Adam12	8.96716520429916e-85	1.15045828365986	0.264	0.017	2.89504928620798e-80
Ndufa8	1.01895445016599e-84	0.398085296382498	0.829	0.272	3.28969444236091e-80
Cmip	1.24981456849855e-84	0.690716761850499	0.949	0.642	4.03502633439756e-80
Med8	1.36558090568522e-84	0.254397771888642	0.671	0.187	4.40877795400474e-80
Ipmk	1.49410123729488e-84	0.266278839702329	0.376	0.058	4.82370584460651e-80
Rtraf	1.50225512297171e-84	0.535339918184601	0.896	0.347	4.85003066451417e-80
Btbd19	1.54299245135292e-84	0.254990992924132	0.326	0.039	4.9815511291929e-80
Psmb5	1.80198114176849e-84	0.523400488620672	0.889	0.35	5.81769611619955e-80
Luzp1	1.8713193840434e-84	0.332250274024621	0.338	0.044	6.04155463138411e-80
Dot1l	1.90857666438087e-84	0.314843482836639	0.597	0.159	6.16183976095364e-80
Ndufb2	2.17469904567227e-84	0.292446814366551	0.701	0.201	7.02101586895291e-80
H2-D1	2.36316937651795e-84	0.57931813163246	0.999	0.979	7.6294923320882e-80
Nars	2.4574313637095e-84	0.340397997762154	0.691	0.204	7.93381715773613e-80
Odf2	2.75348472786007e-84	0.32510576080871	0.59	0.158	8.88962544389625e-80
Card11	3.14455681895946e-84	-1.33847016675539	0.5	0.644	1.01522016900106e-79
Psmb3	3.83009743744795e-84	0.584729753520959	0.93	0.43	1.23654695768007e-79
Hadha	5.42763794245959e-84	0.331996627314232	0.756	0.232	1.75231290972308e-79
Slk	6.46205769585691e-84	0.409533155757366	0.784	0.265	2.0862753271074e-79
Egln3	8.3785889242275e-84	0.287166537427486	0.309	0.033	2.70502743418685e-79
Uchl5	8.55699852746567e-84	0.257629217766052	0.691	0.196	2.76262697459229e-79
Nipa2	9.51667288193668e-84	0.266262726108702	0.681	0.197	3.07245783993326e-79
Taf1	1.04099598040244e-83	0.386449393482836	0.729	0.23	3.36085552272928e-79
Atf1	1.32029132680329e-83	0.36113359950989	0.779	0.253	4.26256054858443e-79
Ndufb9	1.46127053077132e-83	0.562266391559441	0.919	0.435	4.71771190859521e-79
Parp1	1.7980368809683e-83	0.276785674457849	0.551	0.137	5.80496207020616e-79
Eif3l	1.91605153644652e-83	0.264876336051167	0.68	0.193	6.18597238541759e-79
Eif4h	2.107827899493e-83	0.541354726054253	0.886	0.366	6.80512237351316e-79
Nhp2	2.30503536172727e-83	0.340035693284403	0.644	0.183	7.44180666533648e-79
Ndufa12	3.02986932918864e-83	0.370513924708185	0.762	0.239	9.78193312928551e-79
Cbx1	3.35079991940867e-83	0.479533256773749	0.866	0.329	1.08180575398109e-78
Ost4	3.64392689691651e-83	0.374249570605514	0.801	0.262	1.1764417986695e-78
Gm2629	4.12839708741255e-83	0.280500127720469	0.235	0.007	1.33285299967114e-78
Sod1	4.26669195122625e-83	0.406776556751396	0.795	0.264	1.3775014964534e-78
Ube2l3	5.06800486619529e-83	0.558392103371949	0.924	0.443	1.63620537105115e-78
Chchd2	6.35069812785842e-83	0.52068025426369	0.982	0.788	2.05032289057909e-78
Naa20	7.71437046694263e-83	0.296369936489928	0.653	0.187	2.49058450525243e-78
Selenos	8.84379550042956e-83	0.430567308964237	0.75	0.252	2.85521937731368e-78
Sema7a	1.15622758103428e-82	0.269573055625022	0.235	0.008	3.73288074536919e-78
Umad1	1.21998437974364e-82	0.251266277348448	0.55	0.14	3.93871957000233e-78
Abcf1	1.61395347269518e-82	0.480104160605055	0.877	0.335	5.21064878659638e-78
Slc24a5	2.28959525458223e-82	0.252479329940421	0.317	0.037	7.39195827941874e-78
Tcf20	2.43821381170798e-82	-1.05200401429757	0.801	0.775	7.87177329109921e-78
Gm15655	2.51651248430765e-82	0.259835349036789	0.243	0.011	8.12456055558725e-78
Gars	2.92332191212355e-82	0.265225977083436	0.611	0.165	9.43794479329088e-78
Abtb2	3.69123571093656e-82	-1.35922551989435	0.632	0.726	1.19171544927587e-77
Frmd4b	4.75234581211035e-82	0.329777973395879	0.277	0.023	1.53429484543983e-77
E130308A19Rik	4.89493572984824e-82	0.41556921748077	0.433	0.091	1.5803300003815e-77
Sh3pxd2a	5.89926599764701e-82	-0.972551129918254	0.022	0.32	1.90457802734034e-77
Pced1b	6.33550425885163e-82	-1.32855254204749	0.501	0.637	2.04541754997025e-77
Vmp1	8.11101078539192e-82	0.679086922306879	0.936	0.467	2.61863983206378e-77
H3f3b	1.04449824892158e-81	0.540501953233132	0.996	0.952	3.37216259664331e-77
Zbtb38	1.16157560896764e-81	0.264161150536354	0.601	0.164	3.75014685355203e-77
Ifit1bl1	1.24326457070268e-81	-1.03361952918396	0.013	0.305	4.0138796665136e-77
Arpc4	1.41387264826852e-81	0.465826613300346	0.865	0.33	4.56468784493491e-77
Gatad2a	1.5608339350635e-81	0.452492698717269	0.856	0.32	5.0391523593525e-77
Mctp2	1.90832585033301e-81	-1.07913104944166	0.047	0.351	6.16103000780013e-77
Micos10	2.05260188011399e-81	0.5503151833447	0.929	0.444	6.62682516994803e-77
Ppp1r11	3.83785758586998e-81	0.266739048688289	0.727	0.221	1.23905232159812e-76
Fbxo11	4.18670081159716e-81	0.788148923484911	0.924	0.534	1.35167635702414e-76
Aplp2	4.35916402063068e-81	0.300093269046636	0.672	0.2	1.40735610406062e-76
Nedd8	4.38639750249237e-81	0.572813007042902	0.939	0.501	1.41614843367966e-76
Notch2	4.43443117268789e-81	0.286532429612842	0.522	0.128	1.43165610410228e-76
Kpna3	4.70241262006512e-81	0.349837905278184	0.684	0.211	1.51817391438802e-76
Cops4	5.37584296189285e-81	0.263501380103633	0.703	0.207	1.73559090024711e-76
Yeats4	5.9359377630592e-81	0.2773625273631	0.738	0.226	1.91641750680366e-76
Prrc2c	8.27255660096633e-81	-0.697342621298078	0.97	0.947	2.67079489862198e-76
Sidt1	8.92664338314886e-81	-1.32441376030231	0.091	0.402	2.88196681624961e-76
Pik3r5	1.14046765037532e-80	-1.21364810229043	0.155	0.458	3.68199980923671e-76
Sun1	1.46032331777313e-80	0.38919056191556	0.462	0.106	4.71465383143056e-76
Cuta	1.83348555933227e-80	0.290404496569734	0.681	0.201	5.91940812830423e-76
Atp5g3	2.32431303472539e-80	0.562336356412541	0.937	0.481	7.50404463261093e-76
Myl12a	3.28104207869118e-80	0.599713210483584	0.949	0.496	1.05928443510545e-75
Mrps16	3.73064725968528e-80	0.356135018813526	0.778	0.252	1.20443946778939e-75
Flna	5.23391674314871e-80	0.462151701035	0.813	0.305	1.68977002052556e-75
Degs1	5.89305339705705e-80	0.250160073504386	0.544	0.139	1.90257228923987e-75
Nab1	6.6218727337508e-80	0.47424074861376	0.768	0.275	2.13787161209145e-75
Rrad	6.93963237973654e-80	0.440418489484339	0.381	0.07	2.24046031379794e-75
Rtf2	8.1745303994902e-80	0.267780132597682	0.737	0.225	2.63914713947541e-75
Tmem123	9.03884956752098e-80	0.422709882850499	0.787	0.277	2.91819258287415e-75
Xdh	1.04947235439506e-79	0.324931978183162	0.304	0.035	3.38822149616444e-75
Il1r2	1.45305303620823e-79	0.485401699888547	0.231	0.009	4.69118172739828e-75
Sec24d	1.47602934055855e-79	0.275361818707627	0.325	0.044	4.76536072599328e-75
Hist1h1c	1.54309258562837e-79	0.72939404164617	0.65	0.24	4.98187441270118e-75
Khsrp	2.25376425655202e-79	0.298758200075635	0.705	0.215	7.2762779022782e-75
Mapre1	3.87389585107914e-79	0.505463905355632	0.888	0.363	1.2506872755209e-74
Vps36	4.29579903486534e-79	0.296842000269496	0.739	0.232	1.38689871840627e-74
Aqp3	4.37882979214528e-79	0.298105129104386	0.254	0.017	1.4137051983941e-74
Psmd1	5.04264140595291e-79	0.337605274229366	0.745	0.243	1.6280167779119e-74
Atp2a2	1.11490800304948e-78	0.378024666284965	0.79	0.273	3.59948048784524e-74
Fis1	1.13334603806695e-78	0.473939208970894	0.893	0.351	3.65900768389914e-74
Rel	2.01560246595688e-78	0.806407404234833	0.789	0.35	6.50737256134179e-74
Ndufb11	2.62113875396039e-78	0.557511523912697	0.934	0.455	8.46234646716112e-74
Psmb4	2.7154552352967e-78	0.507552353590466	0.905	0.388	8.76684722715538e-74
Pabpn1	3.14409867392353e-78	0.496527514778749	0.907	0.398	1.01507225687621e-73
Fes	3.15405448047423e-78	0.272975062389634	0.235	0.011	1.01828648902111e-73
Ints7	3.22543466205468e-78	0.315005548606634	0.676	0.21	1.04133158064435e-73
Tuba1a	4.65265640045172e-78	0.384781547294207	0.755	0.255	1.50211011888584e-73
Tnrc6c	4.89504643251301e-78	-0.918548292710089	0.833	0.772	1.58036574073682e-73
Nipbl	6.11160937243598e-78	-0.815361954462445	0.933	0.881	1.97313308589096e-73
Rreb1	7.84918109418495e-78	-1.18244484663441	0.122	0.422	2.53410811625761e-73
Hprt	8.45510536812159e-78	0.396491327099012	0.774	0.261	2.72973076809806e-73
Prickle1	9.38196942417989e-78	0.580507969108775	0.456	0.112	3.02896882859648e-73
Ptprcap	9.40218359380381e-78	0.582456041930397	0.979	0.748	3.03549497325956e-73
Adam8	1.07634170734242e-77	0.258936772448257	0.211	0.003	3.47496920215501e-73
Acsl5	2.27726432920242e-77	0.260489605160104	0.62	0.178	7.35214788683e-73
Cep89	2.28584973693427e-77	0.252739503304124	0.274	0.025	7.37986587569231e-73
Gimap5	2.38248179522371e-77	0.408621366563032	0.775	0.274	7.69184247587974e-73
Plekha2	2.50878058347128e-77	0.451436220545023	0.814	0.306	8.09959811373703e-73
Nlk	4.01978063828925e-77	-1.2080426310922	0.625	0.68	1.29778617907169e-72
Tfrc	4.29200901775625e-77	0.30755032115558	0.583	0.165	1.3856751113826e-72
Hnrnpa1	5.46706109688161e-77	0.5803000480349	0.951	0.578	1.76504067512823e-72
Rps6ka5	6.0525692107238e-77	0.315226109320364	0.587	0.171	1.95407196968218e-72
Srrm1	8.47874800728548e-77	0.530755182040719	0.928	0.463	2.73736379415212e-72
Anxa5	1.22838103213027e-76	0.289435516898434	0.717	0.227	3.96582816223257e-72
Wdfy2	1.23795119451117e-76	0.331033790273918	0.486	0.12	3.9967254314793e-72
Rpl38	1.70156165914105e-76	0.400340877727739	0.999	0.987	5.49349181653687e-72
Il10	2.49539324386989e-76	0.864415861322784	0.222	0.008	8.05637708783393e-72
Alpk2	2.74042889843141e-76	0.291714912441631	0.216	0.006	8.84747469858581e-72
Srgap2	4.10016242338644e-76	0.436319583517745	0.818	0.318	1.32373743839031e-71
Tcf4	4.19509519106981e-76	0.309623201774603	0.301	0.038	1.35438648243689e-71
Rnf7	4.22035332394214e-76	0.287813406944544	0.748	0.238	1.36254107063472e-71
Arid1a	4.29774957260524e-76	-0.910963167313035	0.823	0.763	1.3875284495156e-71
Snx25	4.29955183870646e-76	0.301642552645285	0.61	0.179	1.38811031112638e-71
Pdcd5	6.39287426588767e-76	0.39309469926024	0.834	0.3	2.06393945674184e-71
Mt1	9.05458450002106e-76	0.535063938094696	0.261	0.023	2.9232726058318e-71
Ablim3	1.03149743833921e-75	0.520336031464023	0.218	0.008	3.33018947967814e-71
Akr1a1	1.10358802919198e-75	0.416882963895134	0.835	0.31	3.56293395224632e-71
Ccr7	1.18036730115767e-75	-1.07394768262163	0.225	0.516	3.81081583178755e-71
Plin2	1.3423963308483e-75	0.250159810903852	0.367	0.066	4.33392655414375e-71
Grk2	1.58421800774803e-75	0.529633662536294	0.903	0.41	5.1146478380145e-71
St3gal3	1.62802643422214e-75	0.41495177823568	0.428	0.097	5.25608334288617e-71
Pdcd4	1.6960978443709e-75	-0.9615756283834	0.802	0.772	5.47585189055146e-71
Rpn2	3.49589785862185e-75	0.25960930634761	0.729	0.228	1.12865062365606e-70
Nf1	3.77108213460268e-75	0.251139124605804	0.572	0.16	1.21749386715647e-70
Zbtb32	4.11886371136996e-75	0.268897646167096	0.224	0.01	1.32977514921579e-70
Tcrg-C2	7.47405373374482e-75	0.635514416881844	0.221	0.009	2.41299824793952e-70
Pde4b	7.82690684546774e-75	0.707721606984226	0.912	0.548	2.52691687505926e-70
Metap2	8.31959798910503e-75	0.415432717117398	0.826	0.305	2.68598221078256e-70
Tecr	1.96288362446666e-74	0.395813397906521	0.817	0.292	6.33716978159063e-70
Snx5	3.28999986259239e-74	0.40730897082546	0.854	0.319	1.06217645563795e-69
Gbp3	3.40132399436208e-74	0.302313644817113	0.308	0.043	1.0981174515798e-69
Bola2	3.53332754502876e-74	0.30437821160525	0.743	0.243	1.14073479791254e-69
Nt5dc3	3.53977390450853e-74	0.309960500123256	0.33	0.051	1.14281600507058e-69
Hopx	3.75453424376999e-74	0.387478257924569	0.259	0.024	1.21215138060114e-69
Eif3c	5.45478225432022e-74	0.53586482740276	0.927	0.487	1.76107645080728e-69
Cltc	6.20100471013927e-74	0.422251245501458	0.848	0.326	2.00199437066846e-69
Rbbp4	6.30773216437253e-74	0.512336452499601	0.881	0.385	2.03645132926767e-69
Zap70	7.12737458981658e-74	0.48522021559816	0.845	0.335	2.30107288632228e-69
Atp6v0c	7.25824250498275e-74	0.403645382788564	0.856	0.314	2.34332359273368e-69
Usp3	7.89953476326207e-74	-1.0898739513071	0.744	0.725	2.55036479831916e-69
Sv2c	9.67083077744463e-74	0.30681509251308	0.247	0.019	3.122227716498e-69
Cep112	1.49146571272322e-73	0.444631088331524	0.208	0.006	4.81519705352692e-69
Tcp1	1.81627555957583e-73	0.484782424502356	0.866	0.356	5.86384564409057e-69
Edf1	2.33638353441546e-73	0.526629229775677	0.926	0.499	7.54301424086031e-69
Efcab11	3.6855972449366e-73	0.300227692457905	0.264	0.026	1.18989507052778e-68
Dynlrb1	8.15401507251011e-73	0.405074455888685	0.848	0.318	2.63252376615989e-68
Gnaq	8.60333200961014e-73	0.309938759954263	0.359	0.067	2.77758573930263e-68
Ube2h	1.17591234960458e-72	-0.972296349647237	0.825	0.775	3.79643302069838e-68
Capza2	1.34019289394961e-72	0.535921225900523	0.919	0.463	4.32681275811631e-68
Snrnp40	1.57981599535677e-72	0.272725138159592	0.781	0.262	5.10043594100932e-68
Gm36975	1.92536641270441e-72	0.518818928136922	0.712	0.271	6.21604546341619e-68
Glb1	1.94560005744258e-72	0.252392909382511	0.575	0.167	6.28136978545337e-68
Gm17767	2.06044762029475e-72	0.26263555936226	0.207	0.006	6.65215514212159e-68
Arpc5	3.45103886092994e-72	0.536771539972916	0.947	0.571	1.11416789625123e-67
Rab5if	4.15233598552101e-72	0.354796948947605	0.827	0.296	1.34058167292546e-67
Cited2	9.06086038653853e-72	0.32904589524432	0.618	0.193	2.92529877579396e-67
1700012B07Rik	1.07456798807666e-71	0.348791711586698	0.203	0.006	3.46924274950548e-67
Malt1	1.44574330140754e-71	0.694295983087904	0.86	0.414	4.66758224859424e-67
Ncoa2	1.51230609166564e-71	-0.885276356665798	0.852	0.819	4.88248021694252e-67
Ctbp1	1.84456221384912e-71	0.255268156014033	0.759	0.249	5.95516910741188e-67
Mtpn	1.84609002463709e-71	0.309407522570376	0.803	0.282	5.96010164454084e-67
Ifi209	2.16142016653084e-71	-1.25899584412172	0.239	0.502	6.97814500764482e-67
Rap1a	2.74499430920448e-71	0.519026147101469	0.963	0.698	8.86221412726666e-67
Paxbp1	2.96089225628072e-71	0.412572224501213	0.786	0.298	9.55924064940231e-67
Eif3h	3.02807632541736e-71	0.49540065706672	0.975	0.716	9.77614441660995e-67
Lsm12	3.03784841132414e-71	0.351921590552591	0.808	0.285	9.80769359595998e-67
Eed	3.15589416049935e-71	0.338163199641164	0.78	0.275	1.01888042971722e-66
Tmem134	4.19865983536331e-71	0.394203695243856	0.851	0.32	1.35553732784704e-66
Atp2b1	4.91201200939055e-71	0.627214405468466	0.905	0.45	1.58584307723174e-66
Atp1b3	5.65688581813713e-71	-0.782387206756616	0.887	0.829	1.82632558638557e-66
Fam3c	5.73234578918869e-71	0.435738021156784	0.852	0.336	1.85068783803957e-66
Lars2	6.12383336020659e-71	-1.02051755449883	0.73	0.692	1.9770796003427e-66
Dnajc8	6.26956714595579e-71	0.499556335725135	0.912	0.427	2.02412975307183e-66
Denr	8.20261852266621e-71	0.280920763932042	0.748	0.25	2.64821539004279e-66
Cblb	9.6007834593028e-71	0.814133133390493	0.942	0.656	3.09961293983591e-66
Atp5f1	1.09675552564483e-70	0.504596569456967	0.952	0.588	3.54087521454433e-66
Vcl	1.22279026163602e-70	0.25067624805108	0.3	0.043	3.94777835969188e-66
Cdv3	1.4544543671315e-70	0.356513057948373	0.825	0.303	4.69570592428405e-66
Abracl	2.41474354788374e-70	0.53636692906114	0.951	0.546	7.79599954434264e-66
Phb2	3.1854406817116e-70	0.337346265795661	0.759	0.263	1.02841952409059e-65
Fam49a	4.03194579949961e-70	-0.989355485601427	0.045	0.316	1.30171370136845e-65
Pkp4	4.27323045284298e-70	0.284022448066961	0.483	0.126	1.37961245170036e-65
Cd5	4.31969030480262e-70	0.280590620790794	0.744	0.259	1.39461201490553e-65
Usp18	4.78604734406865e-70	-1.17314620202049	0.029	0.294	1.54517538503256e-65
Lrp10	7.64062283343217e-70	0.353143585250742	0.796	0.289	2.46677508177358e-65
Crim1	1.08406620454717e-69	-1.09459810262635	0.101	0.381	3.49990774138052e-65
Ap3s1	1.14956662361256e-69	0.311488226084768	0.796	0.286	3.71137584433314e-65
Ostc	1.2709330794128e-69	0.374341645298671	0.846	0.316	4.10320744688423e-65
Tmed2	1.39509436725748e-69	0.480139397072699	0.89	0.4	4.50406216469076e-65
2210408F21Rik	2.03464278115604e-69	0.263865139572126	0.198	0.006	6.56884421896227e-65
Lpp	2.54435119035242e-69	-1.38239415512925	0.382	0.571	8.21443781805277e-65
Thoc7	2.70580268304145e-69	0.368350046160538	0.808	0.301	8.73568396219934e-65
Wnk1	2.86648149505222e-69	0.626197857276923	0.985	0.795	9.2544355067761e-65
Tshz1	4.24385214962699e-69	0.345009897104867	0.669	0.23	1.37012766650707e-64
Rheb	4.63189070731865e-69	0.40183500924878	0.834	0.309	1.49540591485783e-64
Psmb6	4.82268996625853e-69	0.425740029465361	0.841	0.329	1.55700545560657e-64
Ghitm	4.97633804270225e-69	0.291948066060635	0.788	0.272	1.60661073708642e-64
Ptpn1	5.00405361342416e-69	0.535049615253813	0.943	0.539	1.61555870909399e-64
Smarca5	7.33270675329426e-69	0.553032214379457	0.922	0.502	2.36736437530105e-64
Rps3	1.01657743989427e-68	-0.37710287723277	0.999	0.999	3.28202026469864e-64
Snu13	1.67175977156428e-68	0.444634056060036	0.887	0.366	5.39727642249528e-64
Capzb	3.44060470085675e-68	0.508033722788112	0.945	0.572	1.1107992276716e-63
Aldoa	3.51010797529452e-68	0.608202035837558	0.867	0.446	1.13323835982384e-63
Golph3	3.59196241902435e-68	0.281601257336366	0.777	0.27	1.15966506698201e-63
Ube2i	6.92819637014268e-68	0.496096180818944	0.942	0.541	2.23676819810056e-63
Psmb1	1.59542042484805e-67	0.495204404911924	0.953	0.61	5.15081484162192e-63
Atp1a1	1.62648043725212e-67	0.332505965002733	0.81	0.294	5.25109209166846e-63
Btf3	1.63505926813557e-67	0.456894419699492	0.983	0.826	5.2787888471757e-63
Slc38a1	2.98581123100799e-67	0.423778513577254	0.823	0.332	9.63969155930929e-63
Arid1b	3.05327137621322e-67	-0.923383680007114	0.806	0.755	9.85748663810438e-63
Ccl4	3.67109798769864e-67	0.81655418245889	0.209	0.012	1.1852139853285e-62
Arf1	5.33531060984538e-67	0.477956744545242	0.909	0.418	1.72250503038858e-62
Rnf213	7.76799623265205e-67	-1.72831861497418	0.239	0.479	2.50789758371172e-62
Xist	9.76252244934171e-67	-1.56272469344935	0.096	0.398	3.15183037276997e-62
Copb2	1.09088819434345e-66	0.256025628503561	0.731	0.249	3.52193253543781e-62
Hspa14	2.16382253259339e-66	0.256761523392222	0.729	0.247	6.98590104647777e-62
Ifng	2.7441156385636e-66	0.430498910861634	0.189	0.006	8.85937733910258e-62
Cd47	2.83371275993013e-66	0.520838992689345	0.979	0.824	9.14864164543441e-62
Timm10b	3.03394323927636e-66	0.289516483235179	0.817	0.292	9.79508574800374e-62
Rplp1	3.31151668981197e-66	-0.349230203714937	1	1	1.06912316330579e-61
mt-Atp6	5.48825405817449e-66	-0.345029911930609	1	1	1.77188282268164e-61
Abcb1b	7.69971882772478e-66	0.310214363591445	0.27	0.036	2.48585422353094e-61
Tcrg-C4	8.12178908908178e-66	0.35660390503734	0.193	0.007	2.62211960741005e-61
Iqgap1	8.21345063742357e-66	0.505087022294558	0.959	0.621	2.6517125382922e-61
Cox7b	9.87288249730689e-66	0.53484219889541	0.919	0.523	3.18746011425553e-61
Gtpbp1	1.15977779263871e-65	0.266400149789179	0.705	0.241	3.74434260353408e-61
Kdm5b	1.23697734126111e-65	-1.00387066171746	0.135	0.402	3.99358134626148e-61
Fkbp1a	1.26427206946872e-65	0.475794894963337	0.913	0.427	4.08170237627975e-61
Coro7	1.33749973712447e-65	0.253791380798413	0.729	0.251	4.31811790130634e-61
Eif4e2	1.76924009395068e-65	0.270398967028044	0.791	0.281	5.71199164331979e-61
Mbnl2	2.15991730620369e-65	-1.05674819162381	0.719	0.706	6.97329302307862e-61
Ubap2	2.57768549796413e-65	0.365404970823952	0.823	0.327	8.3220576301772e-61
Fam133b	3.33239699601876e-65	0.277627189322577	0.756	0.267	1.07586437016466e-60
Ccr6	3.84279592849977e-65	0.44623929617258	0.233	0.023	1.24064666551615e-60
Wdr1	4.13518165521242e-65	0.396689655279631	0.855	0.342	1.33504339738533e-60
Pik3cd	5.91870223552684e-65	-1.11961150228252	0.669	0.671	1.91085301673984e-60
Tle5	6.09237057550577e-65	0.474027499612789	0.964	0.708	1.96692184030204e-60
4932438A13Rik	7.64567558494246e-65	-0.870901418582555	0.841	0.779	2.46840636259867e-60
Polr2j	7.91102654173155e-65	0.267559267718211	0.772	0.269	2.55407491899803e-60
Fam172a	8.69351018108029e-65	-0.922327488524521	0.887	0.825	2.80669976196177e-60
Kmt2c	9.19164913761846e-65	-0.989729917503192	0.79	0.725	2.96752392408012e-60
Rac1	9.76993519658097e-65	0.499791627953074	0.948	0.556	3.15422357821617e-60
Ifit1	1.57303991471484e-64	-1.28603456018447	0.015	0.257	5.07855936465686e-60
Ndufab1	1.84802083496402e-64	0.328596704457605	0.779	0.287	5.96633526568135e-60
Slc12a7	2.1356451147088e-64	-0.962633161458032	0.08	0.34	6.89493025283735e-60
Psma6	2.2376106958197e-64	0.295387088603676	0.801	0.289	7.22412613145389e-60
Adss	2.29512060981664e-64	0.333790061085334	0.799	0.305	7.40979688879303e-60
Dock11	2.31850286409808e-64	-0.892327689437542	0.812	0.76	7.48528649674065e-60
Klf13	2.53968120802635e-64	-0.79748877986259	0.903	0.824	8.19936078011307e-60
Aimp1	2.67854234626806e-64	0.321749184471715	0.824	0.308	8.64767396492645e-60
Psmd7	2.94151385988465e-64	0.279142638211953	0.76	0.268	9.49667749663759e-60
Tob2	3.94161133941477e-64	0.298195748633251	0.636	0.214	1.27254922093006e-59
Taf10	6.32231158758998e-64	0.468600183841287	0.933	0.472	2.04115829605342e-59
Atp11b	7.43854234441274e-64	-0.836318105637775	0.819	0.77	2.40153339589365e-59
Zfp292	7.59356286426249e-64	-0.83351521654432	0.849	0.765	2.45158177072715e-59
Clta	1.37717699370546e-63	0.489383054753165	0.948	0.59	4.44621592417807e-59
Hdlbp	1.50248958412431e-63	0.270464360743997	0.737	0.261	4.85078762234535e-59
Dnajc2	1.66103072051594e-63	0.311515986484858	0.791	0.299	5.36263768118573e-59
Nol7	1.80454306917271e-63	0.50925822835079	0.925	0.488	5.8259672988241e-59
Gm6225	1.92566256556764e-63	0.268141802378835	0.252	0.031	6.21700159293514e-59
Il6ra	3.22550703605919e-63	-1.10807408048727	0.175	0.424	1.04135494659171e-58
Atp6v1f	3.94448277473942e-63	0.424753906022215	0.922	0.428	1.27347626382462e-58
Crlf3	4.05421930194999e-63	-1.07894863330208	0.835	0.743	1.30890470163455e-58
Ifi27l2a	5.44668111215367e-63	1.15895544018298	0.967	0.8	1.75846099705881e-58
Map4	5.69932986714452e-63	0.384001397014811	0.85	0.367	1.84002864760761e-58
Txnip	5.93569368900899e-63	-1.15730712569039	0.525	0.616	1.91633870749655e-58
Cwc15	8.66329678851128e-63	0.411837352165224	0.866	0.364	2.79694536817087e-58
Polr1d	1.02207893923328e-62	0.477124566131121	0.957	0.516	3.29978185531463e-58
Bzw2	1.13248785308371e-62	-1.16342235001354	0.367	0.548	3.65623703368077e-58
Eif3j1	1.59912649455315e-62	0.25223520270596	0.753	0.269	5.16277988766484e-58
Kcnq5	2.01560055327915e-62	0.546696359558573	0.365	0.091	6.50736638626175e-58
Rpl7	2.04744751738905e-62	-0.374805363205762	0.998	1	6.61018430989054e-58
Aak1	2.53958510827954e-62	-0.867526509129334	0.832	0.772	8.1990505220805e-58
Ssb	2.60046028885689e-62	0.464863747713475	0.938	0.558	8.39558604257447e-58
Sept1	2.81411953459393e-62	0.498190598254103	0.939	0.526	9.08538491743651e-58
Pde4d	3.14091694596674e-62	0.52320720917174	0.898	0.473	1.01404503600536e-57
Epb41l2	3.52800614595962e-62	0.356343845210268	0.794	0.314	1.13901678422306e-57
Ccdc12	3.5405499216343e-62	0.359362899090659	0.862	0.351	1.14306654219963e-57
Kmt2a	3.71934809979353e-62	-0.856087677830129	0.86	0.77	1.20079153401834e-57
Picalm	5.29669833448077e-62	0.589240401986694	0.952	0.597	1.71003905728712e-57
Ass1	8.16387573431907e-62	0.380784728425019	0.572	0.194	2.63570728082491e-57
Timm23	1.07285395317425e-61	0.408227727903806	0.889	0.385	3.46370898782307e-57
Fam102a	1.24165258589267e-61	-1.06399194563886	0.462	0.582	4.00867537355447e-57
Rer1	1.3144277693382e-61	0.331541700672685	0.857	0.337	4.24363005330836e-57
St8sia6	1.38773721263406e-61	-0.971630321466327	0.019	0.255	4.48030959098907e-57
Lypd6b	1.870417414291e-61	-0.864806172599319	0.012	0.242	6.03864262203848e-57
Arhgef1	2.61543255416142e-61	-0.855995596315507	0.825	0.733	8.44392400111014e-57
Ier5l	2.63809188543475e-61	0.26703812410039	0.183	0.008	8.5170796521261e-57
Tomm22	2.70767167136133e-61	0.37620582748764	0.872	0.358	8.74171799099005e-57
Npc2	2.82903812303529e-61	-0.721957327666805	0.901	0.821	9.13354958021942e-57
Asb2	3.01191119738127e-61	0.278525547295838	0.187	0.009	9.72395530074544e-57
Gltp	3.0977721639353e-61	0.271204708790371	0.772	0.284	1.00011574312651e-56
Sh3kbp1	3.83364989389337e-61	-0.654325824600769	0.96	0.92	1.23769386824348e-56
Fchsd2	3.84378766076232e-61	-1.23051304689794	0.567	0.636	1.24096684627712e-56
Gnb1	9.69515713754279e-61	0.464375548491101	0.945	0.529	3.13008148185569e-56
Ncald	1.02931379582774e-60	0.259082862184887	0.24	0.029	3.32313958982985e-56
Hspa5	1.15728964298806e-60	0.515650017232679	0.932	0.526	3.73630961238695e-56
Trgv2	1.16688862562893e-60	0.470252891329976	0.174	0.005	3.76729992784301e-56
Ncl	1.21983752931388e-60	0.501292756461577	0.982	0.822	3.93824546338987e-56
Rpl26	1.42149349980479e-60	-0.355605073994844	1	0.999	4.58929176411978e-56
Vps28	1.56241182581828e-60	0.283576653488739	0.786	0.295	5.0442465796543e-56
Dzip1	1.77200339234553e-60	-0.730167923718171	0.004	0.225	5.72091295218754e-56
Il12rb2	2.29284981943947e-60	0.423895914042614	0.234	0.028	7.40246564206034e-56
Dgkg	4.56333099233417e-60	0.306398632518263	0.207	0.017	1.47327141087509e-55
Vasp	5.630453571137e-60	0.382063051049637	0.863	0.363	1.81779193544158e-55
Rasgrp1	5.75357132681669e-60	-1.12415530464622	0.528	0.605	1.85754050286277e-55
U2af1	6.1934106112161e-60	0.407165671050483	0.881	0.395	1.99954261583112e-55
Ifi214	7.54255007255636e-60	-0.977229247375343	0.044	0.286	2.43511229092482e-55
Pdia3	8.9633715447298e-60	0.479560733774967	0.918	0.487	2.89382450321602e-55
Sf3b2	9.28300096977308e-60	0.459162744762222	0.941	0.538	2.99701686309124e-55
Tmed10	1.01951919095115e-59	0.414137237492225	0.879	0.389	3.2915177079858e-55
Gabarap	1.09880754164198e-59	0.414810777901913	0.922	0.428	3.54750014819112e-55
Mrps14	1.40686968266018e-59	0.275062523524031	0.82	0.312	4.54207877046838e-55
Scand1	1.99030001258727e-59	0.426914285229914	0.905	0.425	6.425683590638e-55
Uqcrh	3.0769950451677e-59	0.428174187610042	0.992	0.795	9.93407850332392e-55
Tcea1	5.27664685648248e-59	0.367512866400233	0.869	0.361	1.70356543761537e-54
Irf2bp2	6.59117778237901e-59	0.346414952245967	0.664	0.25	2.12796174704106e-54
Cd3e	7.61511006340736e-59	0.466289118534383	0.98	0.767	2.45853828397107e-54
Map3k5	1.16419066633671e-58	0.321571614789822	0.778	0.316	3.75858956626808e-54
Cd200	1.35217468592144e-58	0.283553131000702	0.307	0.061	4.36549597349737e-54
Dock10	1.39871904477483e-58	-0.656563361485787	0.969	0.954	4.51576443605553e-54
Rsrp1	1.68135070707364e-58	-0.706047565909992	0.904	0.835	5.42824075778726e-54
Parp8	3.03732522805154e-58	-1.11537891656078	0.156	0.408	9.80600449876438e-54
Zcchc7	3.22833652781347e-58	-0.897990391231677	0.835	0.763	1.04226844800458e-53
Prdx6	4.28987405886345e-58	0.435686359243517	0.897	0.429	1.38498583990406e-53
Hivep3	4.50398853499739e-58	0.265962651233103	0.423	0.117	1.45411269852391e-53
Ndufb3	4.69620195755594e-58	0.294887312639104	0.826	0.322	1.51616880199694e-53
B630019A10Rik	6.27358914869903e-58	-0.832176756716884	0.018	0.242	2.02542825665748e-53
Myo16	8.78406429677032e-58	0.34252127448235	0.161	0.003	2.8359351582123e-53
Erp29	1.63186597800369e-57	0.328115307048326	0.857	0.343	5.26847930998491e-53
Klf6	3.42272995348955e-57	0.404728826630024	0.772	0.329	1.1050283654841e-52
Homer1	6.34265911063336e-57	0.278239721492032	0.366	0.091	2.04772749386798e-52
Calr	8.8858303083423e-57	0.517695070930101	0.922	0.51	2.86879031504831e-52
Rap1gap2	9.75231791696252e-57	0.389260481215399	0.174	0.008	3.14853583949135e-52
Dazap2	1.00615101023927e-56	0.368535507207141	0.86	0.37	3.24835853655749e-52
Smc3	1.28392392539091e-56	0.445173109827915	0.9	0.455	4.14514839312455e-52
Sf3b6	1.44118845899203e-56	0.420996254250206	0.914	0.445	4.65287693985578e-52
Ndrg3	2.84066750074071e-56	-1.242098213605	0.309	0.488	9.1710950261414e-52
Pparg	3.39793527064488e-56	0.269079056490719	0.166	0.006	1.0970234021277e-51
Mob3b	3.74436488442428e-56	-1.03257744691356	0.062	0.296	1.20886820293638e-51
Rab8a	3.84569262642669e-56	0.323312764371933	0.821	0.337	1.24158186444186e-51
Runx3	3.99539435963274e-56	0.459635365411999	0.628	0.248	1.28991306900743e-51
Selenof	4.51213906204253e-56	0.307943037909809	0.84	0.335	1.45674409618043e-51
Taldo1	5.1744448039306e-56	0.392247890878044	0.872	0.394	1.67056950494899e-51
Igfbp4	5.70244935411248e-56	-1.05344661798338	0.028	0.253	1.84103577397521e-51
Sipa1l1	7.69877150776921e-56	-0.931319741374607	0.64	0.685	2.48554838128329e-51
Trim30a	8.46156081947825e-56	-1.36880675412209	0.506	0.597	2.73181491056855e-51
Asap1	1.20051528709321e-55	-1.14993093239151	0.481	0.587	3.87586360438043e-51
Atp8a1	1.20862880006485e-55	-1.17211662624229	0.367	0.523	3.90205808100938e-51
Gm48236	1.31694974866881e-55	0.307240740113216	0.165	0.006	4.25177226357727e-51
Gm20559	1.4994503130086e-55	-0.962152133816209	0.092	0.329	4.84097533554827e-51
Zfp652	1.74076797451954e-55	-1.16591228211038	0.373	0.525	5.62006940573634e-51
Samd9l	2.26497024800414e-55	-1.09569298939849	0.187	0.417	7.31245644568137e-51
Ndufb5	2.3509949970281e-55	0.371534228278892	0.885	0.392	7.59018734790523e-51
Pebp1	2.5735199512194e-55	0.307079525605682	0.799	0.319	8.30860916251184e-51
Mdh2	2.65673238919006e-55	0.395204079741141	0.885	0.396	8.5772605185001e-51
Numb	3.03020686633669e-55	-1.04248400973652	0.557	0.618	9.78302286796801e-51
Nsd1	3.12452958825804e-55	-0.826602334182524	0.842	0.738	1.00875437756911e-50
Suz12	4.35185585893486e-55	0.446033688688142	0.883	0.457	1.40499666405712e-50
Ddit4	5.00673842001901e-55	0.354235832399068	0.607	0.231	1.61642549890314e-50
Fam107b	6.15604947844985e-55	0.489797455351023	0.953	0.59	1.98748057411753e-50
Bptf	7.1747230289718e-55	-0.744662769504459	0.861	0.764	2.31635932990355e-50
Ubxn1	7.78540344632397e-55	0.363695517785663	0.88	0.383	2.51351750264569e-50
Gramd3	8.95467632260794e-55	-0.985978900981373	0.584	0.679	2.89101725075397e-50
Atp10a	1.67906952722599e-54	0.283809712323439	0.711	0.287	5.42087596864911e-50
Kdm6b	2.63053971922206e-54	0.311111716018631	0.663	0.26	8.49269748350841e-50
Ipcef1	5.76154362343e-54	-0.91653454441213	0.761	0.745	1.86011435882438e-49
Cntrl	6.56314128427824e-54	0.409354968293155	0.882	0.422	2.11891016362923e-49
Nabp1	8.79477083569182e-54	0.309723533181155	0.7	0.28	2.8393917643031e-49
Rpl13	1.00736165955999e-53	-0.331233388544881	1	1	3.25226711788943e-49
Mndal	1.09439267410277e-53	-1.04877825608779	0.789	0.733	3.53324674834079e-49
Dock8	1.40637469661204e-53	-0.677751672933984	0.877	0.822	4.54048070801197e-49
Lta	1.47342616043921e-53	0.296953262028407	0.388	0.107	4.75695635897798e-49
Ccm2	1.69093307751041e-53	-0.943994497334564	0.753	0.694	5.45917744074235e-49
Ier3ip1	1.92669602385319e-53	0.284232418871468	0.829	0.336	6.22033811301003e-49
Ssh2	2.4012345192485e-53	-0.717004367931758	0.921	0.876	7.75238564539377e-49
Stat3	3.10967475609038e-53	0.613109810688063	0.92	0.562	1.00395849500378e-48
Traf3ip3	3.23886058956361e-53	-0.935612973268702	0.685	0.649	1.04566614134061e-48
Bax	3.36554836055681e-53	0.270327129721516	0.786	0.309	1.08656728820577e-48
Ash1l	3.42313513114767e-53	-0.79750361701926	0.838	0.767	1.10515917709103e-48
Gm44148	3.51573150233448e-53	-0.868407229777429	0.036	0.253	1.13505391552869e-48
Ifitm1	5.39663110074772e-53	0.999645750229144	0.16	0.007	1.7423023508764e-48
Psma5	6.07829560613013e-53	0.250845099343669	0.797	0.31	1.96237773643911e-48
Psmb2	6.10154165050874e-53	0.340150788534763	0.874	0.381	1.96988272186675e-48
Col4a3bp	6.96726615110189e-53	0.408018602828253	0.852	0.404	2.24938187688325e-48
Atp5g1	9.27278226937455e-53	0.405201264898756	0.88	0.428	2.99371775566757e-48
Rpl21	1.2283975745349e-52	-0.344935843112304	0.998	0.999	3.96588156938592e-48
Eif2s2	1.3048258247938e-52	0.436472600132518	0.922	0.504	4.21263017534679e-48
Ikzf3	1.33217580153577e-52	0.476155282769352	0.906	0.497	4.30092957525823e-48
Slc49a4	1.94936920941035e-52	-0.838814459165297	0.065	0.289	6.2935384925813e-48
Prdx5	2.36183259241241e-52	0.264280846280852	0.82	0.325	7.62517652460345e-48
H2afj	2.76744722996701e-52	0.396213531605842	0.921	0.46	8.93470338194849e-48
Hecw2	2.98157963434684e-52	0.415277439792098	0.184	0.016	9.62602984948876e-48
Mir142hg	3.29194196941415e-52	-0.705283061984143	0.91	0.905	1.06280346482536e-47
Atp5o	3.76657258900809e-52	0.411959662058344	0.916	0.486	1.21603796036126e-47
Klf2	5.90992345537343e-52	-0.906478383880806	0.377	0.605	1.90801878756731e-47
Ctse	8.88369372612501e-52	-1.01830944310626	0.295	0.472	2.86810051947946e-47
Eif3i	9.24938624315905e-52	0.39117127689454	0.893	0.422	2.9861643486039e-47
Rps13	2.21256283221651e-51	-0.301477126454694	1	0.999	7.143259103811e-47
Vcp	2.34325293948019e-51	0.356138449692484	0.873	0.394	7.56519211511178e-47
Rps25	2.40566582884532e-51	-0.371913031620458	0.995	0.992	7.76669212842713e-47
Frg1	2.74624600649834e-51	0.28816417750349	0.801	0.332	8.86625523197988e-47
Ndufb10	3.48233091403158e-51	0.273691232928951	0.839	0.346	1.12427053559509e-46
Nme1	4.12583763699172e-51	0.450667136817917	0.884	0.46	1.33202668110278e-46
Gpr132	4.803900885367e-51	0.433879130211032	0.876	0.45	1.55093940084074e-46
Ndufa4	5.35858879085948e-51	0.475827736744553	0.941	0.585	1.73002039112898e-46
Klrd1	6.69178342773843e-51	0.568971840106603	0.205	0.028	2.16044227964535e-46
Gimap3	8.49803548863001e-51	-0.698545824314154	0.875	0.814	2.7435907575042e-46
Serpina3f	1.14012635036283e-50	0.294558129781448	0.141	0.003	3.68089792214639e-46
Emsy	2.2794795722124e-50	0.288792605918097	0.79	0.337	7.35929979888772e-46
Srp9	2.65291637004916e-50	0.40695564027896	0.933	0.526	8.56494050070372e-46
Ifit3	3.46189375868887e-50	-0.9765222865578	0.009	0.201	1.1176723999927e-45
Crebbp	4.00480026428415e-50	-0.687346835962855	0.9	0.795	1.29294976532414e-45
Ubr5	4.20291946084525e-50	0.3428269826026	0.839	0.382	1.35691254793389e-45
Ddx58	4.34639166166131e-50	-1.02002167869388	0.179	0.391	1.40323254796735e-45
Ms4a4c	4.92114132067794e-50	-0.711966250380137	0.017	0.215	1.58879047538087e-45
Rps3a1	5.40589614765093e-50	-0.305911562418776	1	0.999	1.7452935712691e-45
Micos13	6.20660127753909e-50	0.28480860754208	0.831	0.343	2.00380122245349e-45
Sgms1	6.76827640119072e-50	0.398580946137349	0.831	0.407	2.18513803612442e-45
Mrfap1	7.82047965312773e-50	0.268526035549181	0.803	0.324	2.52484185601229e-45
Sgk3	8.33933182688854e-50	-0.68877628180422	0.016	0.211	2.69235328031096e-45
Psma3	9.97121165715854e-50	0.40097197222067	0.922	0.501	3.21920568351363e-45
Ppp2r3a	1.24608914291974e-49	0.297639746025795	0.389	0.117	4.02299879791637e-45
Fam78a	1.26185150742554e-49	-1.09802570001648	0.292	0.462	4.07388759172336e-45
Atp5h	1.77209620685469e-49	0.376015569572365	0.974	0.758	5.72121260383035e-45
Hnrnpul1	1.78438868894553e-49	0.290663976343458	0.857	0.37	5.76089888226065e-45
Ift80	1.92283742165255e-49	-1.29527631341976	0.28	0.457	6.20788061580525e-45
Ndufa7	2.12675733335122e-49	0.292217831436979	0.836	0.349	6.86623605072441e-45
Gabarapl2	2.22628544883955e-49	0.256631069401833	0.829	0.338	7.18756257157848e-45
Ctdspl2	2.35676404517719e-49	0.283753346495892	0.779	0.33	7.60881271985456e-45
Neat1	3.33755968193169e-49	0.270455103081806	0.683	0.274	1.07753114331165e-44
Sik3	3.98076686450027e-49	0.466999336663465	0.929	0.554	1.28519058220391e-44
Zc3h15	4.34597635696263e-49	0.363520624185935	0.878	0.425	1.40309846684538e-44
Tacc1	4.52644136902012e-49	0.389005660141697	0.85	0.414	1.46136159598815e-44
Timm13	4.90947735321316e-49	0.289004864290796	0.849	0.356	1.58502476348487e-44
Tcrg-C1	5.21507551072555e-49	0.328269729828001	0.14	0.004	1.68368712863774e-44
Fyn	5.26342949596365e-49	-0.668684132119203	0.933	0.865	1.69929821277186e-44
Gzmb	5.99979678477258e-49	0.440267335833826	0.155	0.009	1.93703439196383e-44
Rfc1	6.15488780374001e-49	0.27000565053447	0.683	0.284	1.98710552743746e-44
Dad1	8.39044693297207e-49	0.396645675207345	0.91	0.452	2.70885579231003e-44
Insyn2b	1.21518733833059e-48	-0.977951828430849	0.602	0.638	3.9232323218003e-44
Cox6a1	1.53175969107492e-48	0.401967231976327	0.939	0.536	4.94528616263537e-44
Rtn3	2.2723727093475e-48	0.406480551410824	0.916	0.503	7.33635529212839e-44
Cd226	2.33902257162426e-48	-1.10194956094849	0.309	0.495	7.55153437248893e-44
Itm2b	2.48441101970315e-48	0.490945084323534	0.985	0.859	8.02092097711164e-44
Slfn8	3.30256617819205e-48	-1.06611124832884	0.189	0.396	1.0662334906293e-43
Sik2	3.75554418182954e-48	0.395337470723399	0.789	0.366	1.21247743910367e-43
Srp14	3.84717620187692e-48	0.403511345115451	0.92	0.464	1.24206083677596e-43
Gng5	3.91936773861847e-48	0.392871735618373	0.956	0.646	1.26536787441297e-43
Tmed9	4.17710937401599e-48	0.380077312038626	0.894	0.425	1.34857976140106e-43
Gramd1b	4.28644545340535e-48	0.421221847337359	0.66	0.285	1.38387891463192e-43
Rhoa	1.41791747829747e-47	0.369569559125339	0.973	0.72	4.57774657868337e-43
Rpl30	1.4385523266844e-47	-0.325591201198856	0.999	0.998	4.6443661867006e-43
B3gnt2	2.5866698337327e-47	0.302676220451968	0.851	0.38	8.35106355820603e-43
Elovl5	3.51238241726169e-47	0.454955542653835	0.776	0.363	1.13397266341294e-42
Baz1b	4.30948436764124e-47	0.351986051888081	0.861	0.44	1.39131702809297e-42
Parp11	5.48148310306231e-47	-1.14517632501052	0.187	0.387	1.76969681982367e-42
Hbs1l	6.5739758960323e-47	0.399656178404294	0.801	0.368	2.12240811803403e-42
Cyth1	7.34860002537396e-47	-0.750530616286256	0.817	0.741	2.37249551819198e-42
Cd48	9.00743687579066e-47	0.40206032771743	0.854	0.405	2.90805099534901e-42
Gpr18	9.87904501858891e-47	-1.02034924025063	0.245	0.427	3.18944968425143e-42
Smg1	1.16486958504121e-46	-0.768037423520691	0.845	0.735	3.76078145530556e-42
Smarcc1	1.17709349311134e-46	0.311327269110177	0.807	0.359	3.80024634250996e-42
Rtp4	1.30186363901899e-46	-0.812049604113898	0.046	0.247	4.20306675857281e-42
Rdx	2.19937397355399e-46	0.339505406792673	0.85	0.417	7.10067887361907e-42
Vgll4	2.28444509740023e-46	0.457342519794026	0.867	0.471	7.37533099695664e-42
Rbx1	3.25224832783676e-46	0.360432086649435	0.936	0.561	1.0499883726421e-41
Nfatc1	3.41426460927424e-46	0.304064978640831	0.784	0.354	1.10229532910419e-41
Rpl28	4.37477743844836e-46	0.332407020704279	0.998	0.999	1.41239689600305e-41
Klf4	4.66197789747132e-46	0.253666233815035	0.164	0.015	1.50511956419862e-41
Psmd14	6.77319792242055e-46	0.262424568140382	0.868	0.381	2.18672694925347e-41
Pcbp1	8.17794705559517e-46	0.307297678427746	0.884	0.422	2.6402502068989e-41
Tbc1d1	1.24060592318769e-45	-1.07656022542055	0.641	0.626	4.00529622301147e-41
Tnfaip8	1.57338874176008e-45	0.337711160201953	0.894	0.484	5.07968555277243e-41
Atf7ip	2.49158894139032e-45	-0.931783530746624	0.695	0.661	8.04409489727865e-41
Nono	2.71683749092479e-45	0.331642948178136	0.87	0.414	8.77130983945068e-41
Coro1a	3.50928987061357e-45	0.37617709614738	0.991	0.934	1.13297423472759e-40
Stk39	4.15023686133883e-45	0.288744558522686	0.781	0.356	1.33990397068324e-40
Pacsin1	4.46213060412417e-45	-0.877823258470606	0.098	0.306	1.44059886554149e-40
Rps29	5.12462512088299e-45	-0.292185014412741	1	1	1.65448522027707e-40
Psmd4	5.27106531186155e-45	0.310413785295475	0.881	0.403	1.7017634359345e-40
Zfp91	5.69229427663583e-45	0.336511772635941	0.886	0.444	1.83775720721188e-40
Ss18	5.75790740886849e-45	0.370672587310538	0.864	0.415	1.85894040695319e-40
Add3	6.97050119688276e-45	-0.795582298616783	0.786	0.724	2.2504263114136e-40
Rfx3	7.03157070026153e-45	-1.14407186025126	0.477	0.556	2.27014260057944e-40
Cdc5l	7.76646024665673e-45	0.258989341295403	0.837	0.366	2.50740169063312e-40
Gm34006	8.68477044648632e-45	-0.58877875394332	0.014	0.191	2.80387813864811e-40
Rps10	9.71016344712017e-45	-0.28880650118078	1	1	3.13492626890275e-40
Vmn2r97	9.78666318865264e-45	-0.703850141410443	0.034	0.225	3.15962421045651e-40
Filip1l	2.28845586815818e-44	-1.0807733368592	0.455	0.532	7.38827977034867e-40
Atp5a1	2.38021812095587e-44	0.392917658167149	0.945	0.638	7.68453420350604e-40
Cdc37	2.77870454410023e-44	0.300689905845279	0.856	0.385	8.97104762062758e-40
Gm16337	2.96439835359018e-44	-0.69801100510493	0.036	0.224	9.57056008456591e-40
Senp7	3.31883189347796e-44	-0.993044832808739	0.532	0.57	1.07148487680936e-39
Brk1	4.08319470410409e-44	0.321264002501264	0.895	0.431	1.31825941022e-39
Gspt1	5.80429072382116e-44	0.3009363366239	0.853	0.398	1.87391526018566e-39
Cdkn2d	8.07654050107015e-44	0.370516853142501	0.719	0.339	2.6075111007705e-39
Mif	1.13325056232945e-43	0.410770199864299	0.895	0.5	3.65869944048064e-39
Als2cl	1.21079529716297e-43	-0.834987295533907	0.134	0.332	3.90905261689064e-39
Gpi1	1.39030335172154e-43	0.323501381906653	0.873	0.42	4.48859437103299e-39
Gbp8	1.66239815183874e-43	-0.960684530470999	0.136	0.334	5.36705243321137e-39
Eprs	2.25512318935664e-43	0.336159626220227	0.771	0.346	7.2806652168379e-39
Arpc2	2.93588285545437e-43	0.330313282293537	0.978	0.869	9.47849779883443e-39
Ifi203	5.17488751161932e-43	-0.946035200248921	0.786	0.729	1.6707124331263e-38
Esyt2	5.34910645418142e-43	-0.790721099756569	0.842	0.744	1.72695901873247e-38
Dnaja1	6.00643283988828e-43	-0.623438976840208	0.921	0.837	1.93917684235793e-38
Hsd11b1	7.92048197954066e-43	-1.14594827782437	0.46	0.54	2.5571276070947e-38
Mrtfa	8.03467109073746e-43	-0.923283645136798	0.701	0.65	2.59399356164459e-38
Tnfsf8	9.26911319130203e-43	-0.638430691834165	0.061	0.262	2.99253319381186e-38
Eif4a1	9.7649600695125e-43	0.394866533791333	0.94	0.586	3.15261735844211e-38
Cd247	1.50257862989385e-42	-0.543210399026304	0.966	0.95	4.85107510661229e-38
Rpl36al	1.63008566564411e-42	0.351656759880499	0.982	0.859	5.26273157153201e-38
Syncrip	1.70715406575922e-42	0.352582948362457	0.889	0.476	5.51154690130365e-38
Setx	2.40415807179658e-42	-0.804689596208224	0.786	0.691	7.76182433479527e-38
Gmfg	4.70283442356959e-42	0.409111110510759	0.961	0.724	1.51831009364944e-37
Plxdc2	6.35347684779093e-42	0.343035341424209	0.212	0.041	2.0512200003093e-37
Tent5a	8.31072661287158e-42	0.376875308070476	0.205	0.038	2.68311808696559e-37
Stat1	8.5849981869757e-42	-1.18055610009098	0.835	0.735	2.7716666646651e-37
Smg6	9.99602867192772e-42	0.487288618901856	0.936	0.642	3.22721785673186e-37
Tdrp	1.081330441777e-41	-0.549069374959941	0.011	0.176	3.49107533127705e-37
Tln1	1.11827251778568e-41	0.385607503025503	0.948	0.615	3.61034282367108e-37
Serbp1	1.63035634585814e-41	0.360282667602269	0.978	0.822	5.26360546260301e-37
Map1lc3b	1.66549185398778e-41	0.333854588842388	0.913	0.472	5.37704045059954e-37
Bcl9	1.77513019328773e-41	-0.783201300644364	0.056	0.243	5.73100782902943e-37
Tcp11l2	2.17813242618279e-41	-0.74347547314107	0.098	0.292	7.03210053793113e-37
Ppp2ca	2.43298820995159e-41	0.357646491440119	0.925	0.518	7.85490243582872e-37
Slfn2	2.58661968696217e-41	-0.706085199442134	0.859	0.78	8.35090165935736e-37
St13	3.22508890168526e-41	0.284741370024014	0.856	0.416	1.04121995190908e-36
Kras	4.2334114961564e-41	0.31467024186724	0.873	0.444	1.36675690153409e-36
Ywhab	4.92699845521614e-41	0.335094685372028	0.922	0.506	1.59068145126653e-36
Limd2	6.81765787790245e-41	-0.591849052330905	0.894	0.803	2.20108084588081e-36
Itga4	8.2250824484808e-41	0.639881418191389	0.915	0.585	2.65546786849203e-36
Atp6v0e	1.65669363990865e-40	0.314011877532472	0.894	0.454	5.34863541644508e-36
Areg	1.78768923881377e-40	0.296325595084549	0.12	0.004	5.77155470751026e-36
Hnrnpa2b1	1.85563345485086e-40	0.346089314309466	0.994	0.917	5.990912608986e-36
Srsf7	1.89953538425015e-40	0.378518142134888	0.933	0.58	6.13264998805161e-36
Rassf2	2.363339717297e-40	-0.893884727828194	0.194	0.37	7.63004227729337e-36
Hnrnpdl	2.53906287793826e-40	0.300541820679067	0.861	0.42	8.19736450142368e-36
Degs2	2.90786805302651e-40	-0.53985971376668	0.021	0.188	9.38805200919609e-36
Hnrnpr	3.20449472446606e-40	0.25199067339994	0.858	0.406	1.03457112179387e-35
Gpx4	4.32876033487956e-40	0.307093749713189	0.895	0.474	1.39754027411587e-35
Shisa5	4.60957715998221e-40	-0.439260887566746	0.978	0.951	1.48820198610026e-35
Oas2	8.57047435979185e-40	-0.539088860649926	0.004	0.155	2.7669776470588e-35
Izumo1r	1.17512379349217e-39	0.26131561231138	0.577	0.248	3.79388716728948e-35
Tank	2.40913078634349e-39	0.264772506701307	0.782	0.371	7.77787874370995e-35
Slc9a9	2.57707901195563e-39	-0.806136833231829	0.705	0.733	8.32009959009875e-35
Dock2	3.29167563258891e-39	-0.290777016958951	0.987	0.984	1.06271747798133e-34
Cyba	3.30244491189006e-39	0.406109246271372	0.954	0.664	1.06619433980371e-34
Stambpl1	6.88096304162238e-39	-1.01630731255185	0.488	0.54	2.22151891798779e-34
Klrk1	8.9278808021472e-39	0.288330263087942	0.115	0.004	2.88236631697322e-34
Ccl3	1.12891678350544e-38	0.35002441721455	0.115	0.004	3.64470783554731e-34
Smarca2	1.50149459884746e-38	-0.971024905274371	0.567	0.572	4.84757531237903e-34
Fam169b	1.58381195308348e-38	-0.743297815672955	0.862	0.779	5.11333689053001e-34
Ncmap	3.1551820741828e-38	0.272194211205952	0.242	0.061	1.01865053264992e-33
Slc17a8	5.66590110318638e-38	0.262622727789047	0.114	0.004	1.82923617116372e-33
Cd83	8.10408362465946e-38	0.335886862293628	0.122	0.008	2.61640339822131e-33
Park7	9.41743196442866e-38	0.315171676552908	0.898	0.476	3.04041790971579e-33
Stim1	9.55982325796564e-38	-0.840460062076173	0.839	0.716	3.08638893883421e-33
Tmem71	1.54241501229034e-37	-0.994973603864291	0.347	0.469	4.97968686717937e-33
Gm2245	1.59199250651254e-37	-0.906452436322334	0.414	0.511	5.13974780727574e-33
Ezr	1.97955270285227e-37	0.327426618410087	0.924	0.573	6.39098590115855e-33
Thrap3	2.44042917894132e-37	0.326130720120428	0.934	0.587	7.87892560421205e-33
Pum2	3.59744333389232e-37	-0.66011838338683	0.864	0.72	1.16143458034714e-32
Abcg3	3.73578238624955e-37	-0.616104756286586	0.027	0.186	1.20609734340067e-32
Dennd2d	5.7774748178803e-37	-0.829251594567566	0.141	0.318	1.86525774495266e-32
Znrf3	6.44804008724703e-37	-0.923995186561758	0.536	0.592	2.0817497421677e-32
Jund	6.53540226473484e-37	0.428831328609143	0.971	0.802	2.10995462116964e-32
Smap1	8.13448511683091e-37	0.256080198429648	0.825	0.385	2.62621851996886e-32
Psmb9	1.08688697708472e-36	0.282441125721326	0.932	0.569	3.50901460551802e-32
Phf20l1	1.29064037532845e-36	-0.703205328728941	0.859	0.737	4.1668324517479e-32
1700062C10Rik	1.69289755374411e-36	-0.944342722990652	0	0.136	5.46551975226285e-32
Smyd3	1.71336900577737e-36	-0.815847595969191	0.705	0.701	5.53161183515225e-32
Tsc22d4	1.82282834654505e-36	0.316112683823505	0.923	0.548	5.88500131682069e-32
Rps26	2.59020982926531e-36	0.333536877356811	0.999	0.996	8.36249243378304e-32
Slc16a5	2.71168901380126e-36	-0.435122034269038	0.001	0.137	8.75468798105736e-32
Hnrnpk	2.94755643160008e-36	0.310421540190447	0.954	0.661	9.51618593942085e-32
Atp5c1	4.12031978922751e-36	0.312337100005767	0.935	0.561	1.3302452439521e-31
Calcrl	4.52776825482079e-36	-1.00258048234759	0.211	0.371	1.46178998106889e-31
Bicdl1	4.88477493158341e-36	-0.970600956559194	0.251	0.404	1.5770495866617e-31
Rpl35	6.19319866714497e-36	0.316140477303566	0.991	0.96	1.99947418968775e-31
Hnrnpu	6.54583864112739e-36	0.331063105137028	0.966	0.747	2.11332400528798e-31
Tbc1d4	7.15387417804275e-36	0.301336460964737	0.388	0.146	2.3096282783811e-31
A330040F15Rik	7.67562017891851e-36	-1.28088249763395	0.19	0.354	2.47807397476384e-31
Slc14a1	1.63352903796305e-35	-0.592445884477127	0.028	0.183	5.2738484990637e-31
Cflar	1.81727091846456e-35	-0.892189234945875	0.614	0.587	5.86705916026284e-31
Frmd5	1.83469177717377e-35	0.49025101520543	0.111	0.006	5.92330240260551e-31
Vipr1	2.2101899936053e-35	-0.431639877721633	0.003	0.137	7.13559839435471e-31
Pdlim1	4.06347691847143e-35	-0.813887217658705	0.188	0.356	1.3118935231285e-30
Bcl2	4.17011931174582e-35	-1.40017223569219	0.485	0.561	1.34632301979714e-30
Dipk1a	4.41010668919374e-35	-1.0641716198413	0.405	0.488	1.4238029446062e-30
G3bp1	5.29616317821904e-35	0.288188762733559	0.873	0.456	1.70986628208802e-30
Rfx7	6.43148454765775e-35	-0.957355142191932	0.658	0.612	2.0764047862113e-30
Ifit2	8.0576960741263e-35	-0.833464123867463	0.114	0.284	2.60142717753168e-30
Psma7	8.0711152877751e-35	0.335540410742089	0.926	0.561	2.60575957065819e-30
Anxa6	2.09351108980818e-34	0.305201243676283	0.863	0.48	6.75890055344571e-30
Insr	2.81223662208982e-34	-0.802708886370228	0.128	0.297	9.07930593441697e-30
Sesn3	4.32184370044213e-34	-0.814481182676754	0.593	0.605	1.39530723868774e-29
Oasl2	4.67571582862966e-34	-0.653457954695315	0.016	0.157	1.50955485527309e-29
Acss1	5.72402062347672e-34	-0.59158037506704	0.041	0.196	1.84800005828946e-29
Etnk1	1.12383226469803e-33	-0.869356415977225	0.676	0.614	3.62829246657759e-29
Fam49b	1.40169307495749e-33	-0.537022323704412	0.947	0.856	4.52536609250024e-29
Usp24	2.56469321358069e-33	-0.955247923685323	0.512	0.527	8.28011204004525e-29
Treml2	2.8933549574949e-33	-0.777722339681228	0.113	0.279	9.34119648027229e-29
Luc7l2	4.83267407599799e-33	0.316540110575016	0.967	0.776	1.56022882543595e-28
Pabpc1	5.37963101447525e-33	-0.445840152985804	0.96	0.923	1.73681387302333e-28
Rgs10	6.35814396303885e-33	0.370931549485945	0.94	0.636	2.05272677846709e-28
Art2b	7.29791696209067e-33	-0.59861288365383	0.056	0.213	2.35613249121097e-28
Ppp1r13b	7.82565131290248e-33	-0.898336314178889	0.36	0.46	2.52651152637057e-28
Sri	8.44014985526179e-33	0.305284789830197	0.918	0.543	2.72490238077127e-28
Morf4l1	9.93381391223938e-33	0.307057580441936	0.965	0.681	3.20713182156648e-28
Ms4a6c	1.36138579772173e-32	-0.759432218078567	0.123	0.288	4.39523404794459e-28
Rab6b	1.37525170988001e-32	-0.70745662821918	0.098	0.261	4.44000014534763e-28
Pan3	1.75672010744982e-32	-0.708372836311582	0.847	0.713	5.67157086690175e-28
Lrig1	1.80259312687588e-32	0.265614816251202	0.458	0.195	5.81967191011876e-28
Cers6	2.02325866603987e-32	-0.899394004496455	0.327	0.46	6.53209060330973e-28
Rasgrp2	2.1516773918235e-32	-0.752776058232506	0.224	0.392	6.94669045950218e-28
Ddx6	2.59717180679684e-32	-0.518462919859442	0.891	0.771	8.3849691782436e-28
Cap1	2.85485692223729e-32	0.296394176539443	0.912	0.508	9.21690557344309e-28
Psma2	3.00103054449749e-32	0.297610915733129	0.929	0.573	9.68882711291014e-28
Eef1g	3.39625431490203e-32	-0.432446056460718	0.947	0.888	1.09648070556612e-27
Dnajb6	3.58992131544774e-32	0.250229439896199	0.889	0.454	1.1590060966923e-27
Hp1bp3	4.29065266305098e-32	0.3611611169764	0.891	0.519	1.38523721226601e-27
Pecam1	4.72330163906488e-32	-0.666860865343754	0.801	0.738	1.5249179341721e-27
Smchd1	5.6928066792395e-32	-0.676575074675681	0.942	0.838	1.83792263639247e-27
Spcs2	6.88221120360695e-32	0.312539398399915	0.934	0.557	2.2219218870845e-27
Dapl1	1.10817863925017e-31	-0.731315372036565	0.012	0.142	3.57775473681917e-27
Isg15	1.31241923736108e-31	-1.52419361688807	0.151	0.311	4.23714550782024e-27
Mylip	1.68071599534462e-31	-0.773315108391765	0.151	0.311	5.4261915909701e-27
Tmlhe	2.12418865378191e-31	-0.825003275732544	0.09	0.248	6.8579430687349e-27
AW011738	2.43153819005567e-31	-0.520987009048205	0.022	0.159	7.85022104659472e-27
Psme2	2.97674758266406e-31	0.345093702206329	0.935	0.558	9.61042957063092e-27
Ncor1	3.56653319034639e-31	-0.446108316278215	0.963	0.88	1.15145524050333e-26
Cbl	5.61809784659741e-31	-0.69354098953971	0.813	0.672	1.81380288977398e-26
Pacs1	8.23578785660215e-31	-0.954941887102877	0.614	0.584	2.658924109504e-26
Cct2	8.25940765002346e-31	0.274146344120943	0.887	0.482	2.66654975981008e-26
Ubc	8.95528444875497e-31	0.338451746333301	0.925	0.573	2.89121358428054e-26
Traf3	1.53690951607272e-30	0.251921720648568	0.857	0.479	4.96191237264078e-26
Bzw1	1.62640952872403e-30	0.291874112439947	0.934	0.583	5.25086316348553e-26
Prkch	2.05783145278768e-30	0.394533521689926	0.983	0.878	6.64370884532504e-26
Slc12a6	3.60013214540679e-30	-0.992493173005439	0.56	0.543	1.16230266314458e-25
Selenop	3.72693300167372e-30	-0.8389916766019	0.166	0.318	1.20324031959036e-25
Rpl37	3.80320330550411e-30	0.257554165239792	1	0.994	1.227864187182e-25
Arid5b	5.09644156689362e-30	0.340534544337326	0.883	0.556	1.64538615987161e-25
Lrrc1	5.37173619217078e-30	-0.742933622094186	0.11	0.263	1.73426502964234e-25
Rras2	6.53914557311497e-30	-0.81041832571236	0.133	0.287	2.11116314828017e-25
Gimap8	6.6421909977826e-30	-0.812431584008405	0.661	0.598	2.14443136363411e-25
Susd6	8.56699793015458e-30	-0.633914348161187	0.851	0.716	2.7658552817504e-25
Exoc4	1.15550185543955e-29	-0.628429855123021	0.886	0.789	3.73053774028659e-25
Boll	1.97184650508162e-29	-0.580063534036643	0.031	0.167	6.36610644165601e-25
Sumo1	2.44591658526243e-29	0.255632846348832	0.932	0.565	7.89664169551977e-25
Fto	2.70962198276265e-29	-0.900887421631863	0.548	0.54	8.74801457134922e-25
Dusp10	3.11921644927056e-29	-0.985802760033619	0.401	0.471	1.007039030647e-24
Atp5b	3.21999122993175e-29	0.287178178156755	0.951	0.686	1.03957416858347e-24
Pycard	3.44421103155651e-29	0.314845111919	0.906	0.516	1.11196353153802e-24
Atp8b4	4.62830403744859e-29	-0.706254754564005	0.122	0.288	1.49424795849028e-24
Eif4a2	4.79960980076387e-29	-0.799582463232467	0.657	0.577	1.54955402417661e-24
Btla	5.779844822182e-29	-0.786683891549345	0.217	0.366	1.86602290084146e-24
Ccnd2	6.18134186088668e-29	-0.730784170721759	0.728	0.701	1.99564621978726e-24
Trir	6.87578674464378e-29	0.25403977374026	0.893	0.509	2.21984775050824e-24
Prrg1	7.12233914337584e-29	-0.843214579349959	0.107	0.258	2.29944719243889e-24
Rcsd1	7.77417481450538e-29	-0.783707635395992	0.688	0.614	2.50989233886306e-24
S1pr1	8.63829646539729e-29	-0.705391140236962	0.48	0.583	2.78887401385352e-24
Eif3a	9.97133167244772e-29	0.289309987647776	0.93	0.621	3.21924443044975e-24
Foxn3	1.1844797979525e-28	-0.645719634353603	0.963	0.92	3.82409302768964e-24
Wnt5b	1.20633067088477e-28	-0.602744136576169	0.021	0.147	3.89463857095147e-24
Pglyrp2	2.19918264437603e-28	-0.655966259545659	0.11	0.258	7.10006116736801e-24
Cd2ap	2.56693844708786e-28	-0.943324540547313	0.389	0.452	8.28736077642315e-24
Nrip1	2.94518474251706e-28	0.271910869994767	0.92	0.587	9.50852894121634e-24
Tsix	3.53887619181964e-28	-0.723969723677517	0.072	0.221	1.14252617852897e-23
Inpp5d	3.73947943725052e-28	0.26375655129339	0.892	0.515	1.20729093631633e-23
Ywhaz	4.43405593432696e-28	0.255108942077579	0.964	0.775	1.43153495839746e-23
Eya2	6.96348422679982e-28	-0.589906149094282	0.044	0.179	2.24816088262232e-23
Rap1gds1	9.49265900995402e-28	-0.69829762376344	0.825	0.713	3.06470496136366e-23
Pip4k2a	1.05213660132579e-27	-0.572477533082074	0.872	0.781	3.39682301738031e-23
Ascc3	1.52420818416457e-27	-0.772798779156891	0.827	0.689	4.9209061225753e-23
Trip12	2.01303009459768e-27	-0.640052386460819	0.837	0.672	6.49906766040862e-23
Oasl1	3.52647881308575e-27	-0.416645577518748	0.006	0.115	1.13852368480473e-22
Tecpr1	5.11942791193727e-27	-0.817637200426916	0.527	0.528	1.65280730136895e-22
Stk24	1.24495363824325e-26	0.313917772239249	0.923	0.583	4.01933282106832e-22
Psmb8	1.80970959902621e-26	0.264295343426326	0.976	0.819	5.84264744045611e-22
Cd52	1.84194929384489e-26	0.412343778423438	0.994	0.945	5.94673329517822e-22
Ralgps2	1.89600336287311e-26	-0.864311667823398	0.426	0.475	6.12124685703584e-22
Zfp710	2.36433914590429e-26	-0.687736729060059	0.1	0.24	7.63326893255201e-22
Cd3d	2.48052053700146e-26	0.284530597350725	0.987	0.92	8.00836055370922e-22
Birc6	3.55135455522593e-26	-0.458229162497656	0.938	0.826	1.14655481815469e-21
4933406I18Rik	5.67160999310132e-26	-0.974167242370293	0.234	0.364	1.83107928627276e-21
Pcgf5	5.90473265322298e-26	-0.906257426879461	0.588	0.575	1.90634293709304e-21
Rps12	6.40502507048091e-26	0.250030576388447	1	0.999	2.06786234400476e-21
Gm43647	8.68313411056041e-26	-0.46449037877712	0.017	0.129	2.80334984759443e-21
Gramd4	2.28482953745237e-25	-0.725736274210528	0.127	0.265	7.37657216166498e-21
Slco3a1	2.56027644332385e-25	-0.844143257355735	0.747	0.654	8.26585249727104e-21
Pnrc1	3.13099376380242e-25	0.26409015966602	0.942	0.65	1.01084133664361e-20
Tax1bp1	3.75277267141101e-25	0.304923144738486	0.942	0.651	1.21158265696504e-20
Igsf23	4.9391140094229e-25	-0.495351928376911	0.044	0.169	1.59459295794218e-20
Tlk1	1.33870877133715e-24	-0.703153021020599	0.733	0.617	4.32202126826199e-20
Mbp	1.78611236825731e-24	-0.782428342016076	0.588	0.551	5.76646378091871e-20
Dennd1a	2.47072297872973e-24	-0.607573736575694	0.793	0.699	7.97672913682893e-20
Srsf5	3.20365559349438e-24	-0.488379902955761	0.905	0.766	1.03430020835966e-19
Clec2d	4.64090638261011e-24	-0.731699392012003	0.596	0.568	1.49831662562567e-19
Lnpep	6.34846878956922e-24	-0.566337817020266	0.857	0.708	2.04960314871242e-19
BE692007	6.82292205836862e-24	-0.870831661621675	0.435	0.484	2.20278038654431e-19
Ggt5	1.10957014944041e-23	-0.354334688202704	0.006	0.102	3.58224722746835e-19
Zfp36l1	1.52198218964455e-23	-0.584118366420076	0.761	0.7	4.91371949926741e-19
Top2b	2.08426522482481e-23	-0.566708298098993	0.779	0.695	6.72905027834691e-19
Med13l	2.12415522406851e-23	-0.67101380784061	0.741	0.634	6.8578351409052e-19
Cox7a2l	2.25540034378353e-23	-0.446248723444153	0.937	0.824	7.28156000990512e-19
Ifngr2	2.27327694182653e-23	-0.689504004398484	0.155	0.283	7.33927460668697e-19
Sox4	2.44052665126215e-23	-0.446374685857013	0.012	0.112	7.87924029359985e-19
Kansl1	2.66922083875001e-23	-0.444400612160964	0.955	0.864	8.61757947790441e-19
Heca	3.99843330368388e-23	-0.811230227808702	0.634	0.569	1.29089419209434e-18
Mcl1	6.37134480849583e-23	-0.472302321260341	0.918	0.762	2.05698867142288e-18
Mbd2	6.65623748253358e-23	0.266165459412135	0.934	0.632	2.14896627123597e-18
Cd84	7.05347809182435e-23	-0.853743376829179	0.539	0.517	2.27721540194549e-18
Lrba	7.98968829618709e-23	0.567315463396844	0.917	0.627	2.579470866424e-18
Herc4	8.42142760420206e-23	-0.823989003656815	0.635	0.562	2.71885790201664e-18
Lck	8.70451138085921e-23	-0.372589982045688	0.945	0.872	2.8102514993104e-18
Nlrc5	9.32219891816245e-23	-0.834846540195456	0.65	0.576	3.00967192072875e-18
Ankrd11	9.79704813521606e-23	-0.341924099304647	0.971	0.949	3.16297699045451e-18
Arid4a	1.14207474581168e-22	-0.590406241606837	0.831	0.684	3.687188316853e-18
Map2k6	1.22367527588594e-22	-0.710148276595587	0.09	0.215	3.95063562819777e-18
Vps37b	1.54639025843729e-22	-0.595301315722986	0.567	0.607	4.99252094936479e-18
Sorcs2	1.57762547901991e-22	-0.34150860771785	0.007	0.1	5.09336385901579e-18
Rsu1	2.01613309571467e-22	-1.01962349206871	0.345	0.409	6.50908569951483e-18
Cdyl2	3.32203934705293e-22	-0.885727177214984	0.203	0.319	1.07252040319604e-17
Gm32633	3.89815317022862e-22	-0.324652174692694	0.012	0.107	1.25851875100831e-17
Ranbp9	8.24665206855934e-22	-0.638797638260705	0.825	0.656	2.66243162033438e-17
Mpp7	8.49143228622094e-22	0.268938248854966	0.442	0.222	2.74145891360643e-17
Ttc3	8.90349764752722e-22	-0.892572792608085	0.437	0.471	2.87449421550416e-17
Ptk2b	1.06296224635659e-21	-0.725561672072494	0.729	0.611	3.43177361236225e-17
Gm26740	1.18460240608009e-21	-0.515016217577831	0.825	0.763	3.82448886802958e-17
Parp14	2.01228450091919e-21	-1.08206369011766	0.5	0.495	6.4966605112176e-17
Cd96	2.28778159508371e-21	-0.816461586336798	0.331	0.404	7.38610287972776e-17
Hexb	4.08154803430494e-21	-0.79805816868542	0.504	0.486	1.31772778287535e-16
Zdhhc20	4.20775035060443e-21	-0.705607894029705	0.706	0.597	1.35847220069264e-16
Focad	5.78559075251246e-21	-0.715276950585275	0.174	0.289	1.86787797444865e-16
Trib2	8.96690250284627e-21	-0.709955892329375	0.311	0.402	2.89496447304392e-16
Tet3	9.18702434682992e-21	-0.728526860831299	0.681	0.577	2.96603081037404e-16
Zeb1	1.22787619711328e-20	-0.447840339564344	0.882	0.817	3.96419830238022e-16
Celf1	1.42956722707941e-20	-0.577727394226555	0.855	0.684	4.61535779262589e-16
Itsn2	1.58945203029588e-20	-0.63489943393775	0.825	0.654	5.13154587981025e-16
Epsti1	1.59970680412844e-20	-1.02540830292873	0.676	0.597	5.16465341712868e-16
4930444A19Rik	2.0490949316577e-20	-0.793160586339291	0.544	0.518	6.61550298685689e-16
Sp110	2.55020185392444e-20	-0.790595233020668	0.428	0.447	8.23332668539504e-16
Abcg1	3.12381042401155e-20	-0.825601512802695	0.262	0.35	1.00852219539213e-15
Usp25	4.45294042835238e-20	-0.808415061652718	0.693	0.578	1.43763181729357e-15
Id3	4.73174904035574e-20	-0.598956469399161	0.053	0.161	1.52764517767885e-15
Map3k3	5.64306693662822e-20	-0.785542974845489	0.64	0.551	1.82186416049042e-15
Zhx2	5.7217924750658e-20	-0.800092885551405	0.274	0.361	1.84728070057499e-15
Uvrag	6.35871614665021e-20	-0.738118911638001	0.714	0.587	2.05291150794602e-15
Gm12592	6.66490883865935e-20	-0.429544991084643	0.04	0.143	2.15176581856117e-15
Herc6	7.50255299952051e-20	-1.23904171448081	0.433	0.447	2.4221992358952e-15
Cd2	1.04558464501436e-19	0.352515084719595	0.937	0.679	3.37567002642887e-15
Ppp2r5a	1.23403984717151e-19	-0.652248001662354	0.771	0.614	3.98409764659322e-15
Prkce	1.28996366998013e-19	-0.858930600694938	0.217	0.318	4.16464770853085e-15
Ankrd17	1.50230288354286e-19	-0.498826615760899	0.894	0.737	4.85018485951813e-15
Klhl3	1.57926730973377e-19	-0.505016401815689	0.07	0.181	5.09866450947547e-15
mt-Nd4	2.03180442023883e-19	-0.272557633289117	0.98	0.979	6.55968057074107e-15
Cd53	2.57415194844127e-19	-0.403695555256781	0.913	0.785	8.31064956554264e-15
Elf1	3.055356853185e-19	-0.416104616104129	0.937	0.799	9.86421960050777e-15
Arid4b	3.68470496608016e-19	-0.515411821924351	0.898	0.726	1.18960699829898e-14
Zc3hav1	4.31735686185038e-19	0.310237173217086	0.969	0.784	1.39385866284839e-14
Chchd3	4.47432195046794e-19	-0.671396774009237	0.796	0.629	1.44453484170857e-14
Pmel	4.79025596823147e-19	-0.346852995961223	0.028	0.122	1.54653413934353e-14
Herc3	4.9705947439983e-19	-0.840629428352454	0.532	0.499	1.60475651309985e-14
Foxo1	5.3350020255778e-19	-0.547613078478859	0.862	0.73	1.72240540395779e-14
Map4k3	7.07877881015822e-19	-0.539916824961813	0.072	0.181	2.28538373885958e-14
Cnn3	1.31882210080581e-18	-0.41475732245351	0.04	0.138	4.25781715245155e-14
Prkd2	1.61965840946121e-18	-0.842688806738456	0.496	0.475	5.22906717494552e-14
Tanc1	1.67439703713211e-18	-0.652997393489592	0.128	0.237	5.40579083438103e-14
Plcl2	1.99707797783155e-18	-0.64059038703323	0.806	0.671	6.44756625142917e-14
Kat2b	4.23925608132129e-18	-0.786847952737877	0.656	0.558	1.36864382585458e-13
Gm8369	4.48040944191875e-18	-0.686636555430788	0.626	0.581	1.44650018832347e-13
A930037H05Rik	4.56085186824728e-18	-0.648045976615955	0.067	0.171	1.47247102566363e-13
Gm17231	5.23532257558264e-18	-0.486485474796289	0.063	0.166	1.69022389352686e-13
Mbd5	5.64177576073107e-18	-0.830209114633223	0.697	0.58	1.82144730435202e-13
Ambra1	8.00679339180987e-18	-0.548240484968377	0.832	0.671	2.58499324654582e-13
Lonp2	8.14155474077596e-18	-0.706681442644342	0.699	0.573	2.62850094805952e-13
Retreg1	1.03492232441524e-17	-0.627207331804059	0.797	0.661	3.3412467243746e-13
Slc44a2	1.72674054857512e-17	-0.830874267097512	0.476	0.457	5.57478186107477e-13
Gm11944	1.79590501703236e-17	-0.483583771506708	0.061	0.161	5.79807934748898e-13
Dgkd	1.96338085796953e-17	-0.670087957511747	0.722	0.585	6.33877509995464e-13
Itk	2.0314685456468e-17	-0.301646421922195	0.982	0.925	6.55859619962070e-13
Rbms1	2.43215125709933e-17	-0.630921437908214	0.772	0.624	7.85220033354517e-13
Cdk13	2.45603309704596e-17	-0.555271863110171	0.833	0.659	7.9293028538129e-13
Arl4c	3.03975361836831e-17	-0.566979976144143	0.605	0.58	9.81384455690207e-13
Fubp1	3.20014501105397e-17	-0.506689619186325	0.842	0.662	1.03316681681877e-12
Ugcg	3.6749355419123e-17	-0.902239992898635	0.553	0.504	1.18645293970639e-12
Cul3	3.93042220065128e-17	-0.486148361867514	0.893	0.701	1.26893680748027e-12
Bcas3	3.97935565478056e-17	-0.863677414523109	0.62	0.55	1.2847349731459e-12
Gm12185	4.23991507480592e-17	-0.837804690449673	0.293	0.36	1.36885658190109e-12
Camk2d	4.9956281911395e-17	-0.721510928030415	0.688	0.607	1.61283856150939e-12
Zmynd8	7.10624049078548e-17	-0.728228048891399	0.678	0.548	2.29424974245009e-12
Tmie	7.57889848375834e-17	-0.448261221548407	0.052	0.147	2.44684737548138e-12
Cnot6l	9.35495624658351e-17	-0.456526783422687	0.901	0.741	3.02024762420949e-12
Trim12c	1.20455734986706e-16	-0.853305419180602	0.351	0.39	3.88891340404579e-12
Trim56	1.27883061620095e-16	-0.681149891371799	0.235	0.316	4.12870464440478e-12
Itga6	2.52108050755921e-16	-0.783152346523923	0.441	0.45	8.13930841865492e-12
Nck2	2.8209812073624e-16	-0.790666468614077	0.368	0.396	9.1075378279695e-12
Rap1b	3.56535532004323e-16	0.260073960840963	0.97	0.832	1.15107496507596e-11
Tle4	3.61463461655069e-16	-0.619267549456956	0.663	0.577	1.16698478595339e-11
Sptbn1	3.98752605583513e-16	-0.547035831358106	0.813	0.656	1.28737278712637e-11
Washc4	5.46221952673126e-16	-0.822029999819883	0.414	0.42	1.76347757420519e-11
A930015D03Rik	6.62126741616325e-16	-0.833278180060723	0.473	0.454	2.13767618530831e-11
Irf2	6.71804843059287e-16	-0.548344185211487	0.838	0.662	2.16892193581691e-11
Plekha1	7.21816054955736e-16	-0.371003367168408	0.046	0.136	2.33038313342459e-11
Eif5	7.81684287386854e-16	-0.520571777013979	0.816	0.64	2.52366772182846e-11
Nxpe3	8.04887606407667e-16	-0.862729272097079	0.474	0.464	2.59857963728715e-11
1810026B05Rik	1.37067863062624e-15	-0.475505552968939	0.877	0.689	4.42523595897683e-11
Dyrk2	1.48412431758626e-15	-0.64956998215103	0.197	0.282	4.79149535932724e-11
Ccny	1.65256598306758e-15	-0.697699104135307	0.627	0.534	5.33530927633368e-11
Smc6	1.72179807836187e-15	-0.520316686705999	0.848	0.711	5.55882509599130e-11
Herc1	2.00118198555191e-15	-0.590919893286248	0.753	0.593	6.46081604035434e-11
Erbin	2.21197133423836e-15	-0.591582197536249	0.811	0.632	7.14134945258854e-11
9930111J21Rik2	2.99325370526876e-15	-0.863382697827459	0.416	0.427	9.6637195874602e-11
Slc26a10	3.36059133646658e-15	-0.453995287652926	0.065	0.156	1.08496691297824e-10
4930469K13Rik	3.76994821124444e-15	-0.659918216544601	0.224	0.302	1.21712778000027e-10
Ppp3ca	4.07773387455152e-15	-0.816116581096221	0.529	0.5	1.31649638139896e-10
Gm48678	4.49653456788068e-15	-0.809458459585974	0.486	0.455	1.45170618524028e-10
Acp5	6.89047452401886e-15	-0.802695075535481	0.445	0.434	2.22458970007949e-10
Wipf1	7.1894790279952e-15	-0.48692321514301	0.846	0.677	2.32112330418825e-10
Zdhhc15	8.89521228242642e-15	-0.817401552134922	0.251	0.319	2.87181928538137e-10
Ikbke	9.0258472788061e-15	-0.701627844887606	0.249	0.319	2.91399479396255e-10
Tasor	1.43911447161269e-14	-0.696367227091874	0.626	0.528	4.64618107160155e-10
Sfmbt2	1.5747346977316e-14	-0.470423647818085	0.06	0.147	5.08403097162646e-10
Arap2	1.71617996847168e-14	-0.56148081499866	0.717	0.623	5.54068702821081e-10
Gm36279	1.74613804665441e-14	-0.534373422331237	0.092	0.184	5.63740668362377e-10
Smad4	2.30098291667157e-14	-0.708079346781789	0.598	0.501	7.42872334647418e-10
Gbp9	2.99561188021538e-14	-0.550037624875784	0.119	0.21	9.67133295527536e-10
Pitpnc1	3.92745826106404e-14	-0.326816280637575	0.969	0.918	1.26797989958452e-09
Lyst	4.00862184273942e-14	-0.687474853876483	0.478	0.466	1.29418356192842e-09
Zfp148	4.17672352856633e-14	-0.540076415513852	0.838	0.655	1.34845519119764e-09
Rev3l	4.30879708680669e-14	-0.662540431475931	0.684	0.568	1.39109513947554e-09
Zdhhc17	4.57503891570692e-14	-0.615881958976655	0.165	0.25	1.47705131393598e-09
Xrn1	6.36581783335016e-14	-0.628608361869565	0.715	0.572	2.0552042874971e-09
Phf3	6.65330595056027e-14	-0.568571040047557	0.784	0.598	2.14801982613838e-09
Cnot4	6.96854321241255e-14	-0.540309398024265	0.851	0.66	2.24979417612739e-09
Huwe1	6.98617289720304e-14	-0.478608279536467	0.856	0.66	2.255485919862e-09
A930005H10Rik	9.01504034916792e-14	-0.621712573055333	0.187	0.267	2.91050577672886e-09
Klf7	9.1133969513583e-14	-0.740459870946014	0.384	0.403	2.94226020574603e-09
Bbx	9.26941382852481e-14	-0.826909583255045	0.471	0.45	2.99263025453924e-09
Fhit	9.30044792868527e-14	-0.455617074663871	0.027	0.1	3.00264961377604e-09
Pten	9.47237334755337e-14	-0.606701547759875	0.709	0.575	3.05815573525761e-09
Fli1	9.84311960614738e-14	-0.4594265342417	0.876	0.748	3.17785116484468e-09
Airn	1.33260728147836e-13	-0.585833021127757	0.582	0.568	4.30232260825289e-09
Ralgapa2	1.42865063235147e-13	-0.720691642922219	0.632	0.538	4.61239856654673e-09
Pnisr	1.49534042268079e-13	-0.519900801613987	0.82	0.623	4.82770655462492e-09
L3mbtl3	1.89363348615028e-13	-0.790256758030391	0.285	0.339	6.11359571003616e-09
Zfp831	2.40254350560913e-13	-0.760960315425243	0.529	0.479	7.75661170785907e-09
Tspan32	2.80165322461136e-13	-0.641982315585822	0.61	0.527	9.04513743565778e-09
Eif2ak2	3.15923002511104e-13	-0.299059773410089	0.447	0.226	1.0199574136071e-08
Rictor	4.79865370061438e-13	-0.63819850122632	0.727	0.567	1.54924534724335e-08
Itpkb	6.02080589415255e-13	-0.42615980328869	0.883	0.759	1.94381718292715e-08
Rundc3b	6.04394514621114e-13	-0.598094617256524	0.107	0.194	1.95128769045427e-08
Vps13a	7.58094563804134e-13	-0.68638457751231	0.571	0.497	2.44750829924165e-08
Rtn4rl1	7.78391459203909e-13	-0.379411606574673	0.046	0.122	2.51303682603982e-08
Znrf1	1.10231533009575e-12	-0.434836945241202	0.898	0.768	3.55882504321414e-08
Fam189b	1.22910546558579e-12	-0.662706123353414	0.294	0.338	3.96816699564373e-08
Phip	1.38079289790327e-12	-0.64710199733213	0.796	0.603	4.45788987088071e-08
Hspbap1	1.69445301910143e-12	-0.590011716411167	0.133	0.214	5.47054157216898e-08
Arhgap5	1.73639355597877e-12	-0.394883749058226	0.042	0.115	5.60594659547745e-08
Mfsd4a	2.30945049176328e-12	-0.686111882872436	0.304	0.343	7.45606091265776e-08
Saraf	2.97945470498402e-12	-0.374337100114789	0.891	0.701	9.61916951504092e-08
Iigp1	3.42078102732062e-12	-0.763183008655623	0.194	0.284	1.10439915467046e-07
Zfp280d	4.10631309504961e-12	-0.669654626211615	0.626	0.519	1.32572318273677e-07
Cdkal1	4.52131809527072e-12	-0.698051874710583	0.613	0.518	1.45970754705815e-07
Tnrc6a	4.84135200906354e-12	-0.557900143273456	0.783	0.588	1.56303049612616e-07
Znrf2	4.9164639985035e-12	-0.5636993822127	0.759	0.592	1.58728040191685e-07
Slc25a27	5.39793464707848e-12	-0.333852194177865	0.039	0.109	1.74272320080929e-07
Kdm7a	5.48986363788441e-12	-0.595301320708701	0.48	0.471	1.77240247549098e-07
Tbl1x	5.63668637295273e-12	-0.656460757198593	0.692	0.561	1.81980419550779e-07
Stab2	6.74998188633563e-12	-0.637983165664707	0.248	0.321	2.17923165200346e-07
Tnfrsf26	8.6517631646779e-12	-0.334729018971813	0.037	0.105	2.79322173771626e-07
Tbxa2r	9.08644429984762e-12	-0.42454311229217	0.089	0.168	2.93355854220581e-07
Mgat5	9.56820611193026e-12	-0.694212472833203	0.437	0.43	3.08909534323668e-07
Stk10	1.12772962705509e-11	-0.464220814333708	0.872	0.678	3.64087510094735e-07
Eif4g3	1.17972444166976e-11	-0.459558396508751	0.847	0.661	3.80874035993081e-07
Mia2	1.37763789935551e-11	-0.647552458063693	0.59	0.496	4.44770395806926e-07
Gm50218	1.39686817282612e-11	-0.356404334608093	0.047	0.118	4.50978889596911e-07
Unc5cl	1.43529193342514e-11	-0.361620946421441	0.048	0.119	4.63384000706308e-07
Trim34a	1.63397992989461e-11	-0.581929777085056	0.159	0.233	5.27530420366474e-07
Pwwp2a	1.77703737200891e-11	-0.258898676164826	0.538	0.276	5.73716515553078e-07
2010016I18Rik	1.93853182377984e-11	-0.481552678327589	0.11	0.188	6.25854999307321e-07
Card6	2.01316179650794e-11	-0.535463333004602	0.151	0.227	6.49949286002587e-07
Kat6a	2.09709809169803e-11	-0.564235897018286	0.745	0.57	6.77048118904709e-07
Dennd1b	2.44852159864927e-11	-0.505038760639224	0.804	0.63	7.90505198123918e-07
Ets1	2.54548872596923e-11	-0.271060135938419	0.982	0.949	8.21811035179167e-07
5830468F06Rik	2.86553830627094e-11	-0.290075289618175	0.036	0.102	9.25139042179573e-07
Dph5	3.17650650420091e-11	-0.631147483256046	0.235	0.29	1.02553512488127e-06
Oas3	3.25885236854666e-11	-0.383330993115713	0.047	0.116	1.05212048718529e-06
Usp34	3.26487660429098e-11	-0.355703353692564	0.911	0.758	1.05406541169534e-06
Diaph2	4.1273792321007e-11	-0.674314971944894	0.654	0.557	1.33252438508371e-06
Tmem131l	4.14487174477547e-11	-0.749876626757267	0.46	0.425	1.33817184280076e-06
Phf11c	5.3540565142862e-11	-0.547483402524996	0.123	0.196	1.7285571456373e-06
Rbm6	6.15735149160814e-11	-0.500748869461965	0.796	0.615	1.98790092906569e-06
Stat4	6.75780443092383e-11	0.309747370973227	0.743	0.518	2.18175716052376e-06
Nampt	8.93111585129474e-11	-0.25015926010394	0.34	0.176	2.88341075259051e-06
Lncppara	9.86529900911650e-11	-0.370275689367245	0.057	0.127	3.18501178509326e-06
Smad7	1.01831184617802e-10	-0.450881567273581	0.846	0.66	3.28761979538574e-06
Xrcc4	1.12885484251656e-10	-0.839418240121123	0.446	0.425	3.6445078590647e-06
Iqgap2	1.2038787027015e-10	-0.554296997840639	0.768	0.627	3.88672239167179e-06
Fbxw4	1.26868251589689e-10	-0.631898422974866	0.221	0.277	4.09594150257311e-06
Spata6	1.31115915676336e-10	-0.685925933453843	0.329	0.352	4.2330773376105e-06
Irf7	1.39065013114712e-10	-0.620879593204083	0.162	0.23	4.48971394840847e-06
Lipa	1.39515269699836e-10	-0.633564080500834	0.24	0.289	4.5042504822592e-06
Itgb7	1.41181892554765e-10	0.265380198497389	0.744	0.523	4.55805740113058e-06
Zfp644	1.42600143124522e-10	-0.606424505897725	0.742	0.568	4.60384562077521e-06
Dnajc3	1.60890066831956e-10	-0.58164004916718	0.719	0.545	5.19433580766971e-06
Gphn	2.82410481036403e-10	-0.538551316221292	0.756	0.612	9.11762238026027e-06
Ifi47	2.88777374778172e-10	-0.811837942117039	0.392	0.392	9.32317754471328e-06
Mllt10	2.99255510605695e-10	-0.439482357202828	0.873	0.684	9.66146415990487e-06
Crebrf	5.21612471163531e-10	-0.717185507646585	0.588	0.484	1.68402586315146e-05
Rabac1	5.79642389163561e-10	-0.543420919135804	0.753	0.555	1.87137545341456e-05
Ahcyl2	6.34329776502138e-10	-0.76080529527966	0.551	0.481	2.04793368343715e-05
Pnpla7	6.35095640121541e-10	-0.559861797738524	0.151	0.218	2.0504062741324e-05
Zfp36l2	7.68955954674908e-10	-0.468380858807115	0.799	0.639	2.48257429966794e-05
Cdc42se2	7.82401328460281e-10	-0.56057328884408	0.764	0.583	2.52598268893402e-05
Chd6	8.2256333087336e-10	-0.718954253775937	0.609	0.488	2.65564571372464e-05
Hmg20a	9.36933156250456e-10	-0.691222613043806	0.405	0.392	3.0248886949546e-05
Ptpn12	9.87585601861563e-10	-0.303283292895434	0.367	0.195	3.18842011561006e-05
Vps13b	1.02000857766965e-09	-0.491738500460878	0.8	0.63	3.29309769300646e-05
Prkca	1.03267998245266e-09	-0.279908302722129	0.866	0.792	3.3340073233484e-05
Gtf2i	1.09120338219195e-09	-0.504963455247867	0.698	0.574	3.52295011940671e-05
Map4k4	1.2747533169653e-09	-0.391652919737019	0.837	0.651	4.11554108382247e-05
Nxn	1.29592306401634e-09	-0.259400856956773	0.254	0.132	4.18388761217676e-05
Il27ra	1.36593729675053e-09	-0.71280684174873	0.512	0.442	4.40992856255909e-05
Hdac8	1.40371674988155e-09	-0.746675580651222	0.543	0.479	4.53189952699258e-05
Rab3ip	1.57541021869779e-09	-0.702439728621141	0.515	0.454	5.08621189106582e-05
4930523C07Rik	1.5786379918699e-09	-0.396194515024578	0.866	0.699	5.09663275675196e-05
Il16	1.82845333407126e-09	-0.675047573084427	0.432	0.397	5.90316158904906e-05
Arhgef11	2.03176648061357e-09	-0.560514606213125	0.157	0.22	6.55955808266091e-05
Asxl2	2.19633207744899e-09	-0.605341013915448	0.699	0.537	7.09085811204408e-05
Lcp2	2.58107587787686e-09	-0.461179165009323	0.806	0.62	8.33300347172546e-05
Scaf8	2.61294119096953e-09	-0.563542748714388	0.748	0.556	8.43588063504514e-05
Ccdc171	2.67509297587871e-09	-0.485691798477543	0.104	0.171	8.6365376726244e-05
Wdr33	2.67665495140902e-09	-0.407726301440191	0.848	0.64	8.64158051062402e-05
Rps6ka3	3.40144141918678e-09	-0.477606602501379	0.844	0.674	0.000109815536218445
Trim44	4.16342409070101e-09	-0.749499402119938	0.524	0.447	0.000134416146768282
Rab5b	4.62087258238443e-09	-0.263158250682768	0.336	0.181	0.000149184871322281
Ccser2	4.86104420371096e-09	-0.272768616342151	0.536	0.289	0.000156938812116808
Gsk3b	4.94054427445512e-09	-0.430441240613523	0.873	0.665	0.000159505471900784
Isg20	4.94219039000932e-09	-0.356396506120591	0.368	0.203	0.000159558616741451
Arhgap30	5.18391808597528e-09	-0.431609363936684	0.843	0.632	0.000167362795405712
Efl1	5.22018551763335e-09	-0.267722483146387	0.381	0.207	0.000168533689436793
Plekha7	6.41819154058906e-09	-0.389988960815469	0.061	0.122	0.000207211313887918
Gbp4	6.47742595289615e-09	-0.66882852295128	0.264	0.302	0.000209123696889252
Dguok	7.17693674956389e-09	-0.251931152635894	0.404	0.219	0.00023170740295967
Anks1	7.1939604954031e-09	-0.275519532403506	0.383	0.208	0.000232257014594089
Xaf1	7.32583095340416e-09	-0.624818047747257	0.199	0.251	0.000236514452330653
Fbxl17	7.56302168341422e-09	-0.579346017755181	0.8	0.632	0.000244172155049028
Cep350	7.69091165217701e-09	-0.546015041942036	0.75	0.56	0.000248301082690535
Ubr4	7.79481073664047e-09	-0.261221838017863	0.584	0.311	0.000251655464632438
Irgm2	7.88515172958758e-09	-0.630561815481917	0.184	0.239	0.000254572123589735
Immp1l	1.27031332404537e-08	-0.310391962221279	0.512	0.277	0.000410120656668049
Smad3	1.30429416393827e-08	-0.605740654120459	0.246	0.289	0.000421091370827472
Mcu	1.40390751800366e-08	-0.259447635015806	0.682	0.381	0.000453251542187481
Cd8b1	1.41261010074337e-08	-0.271788606007473	0.421	0.23	0.000456061171024997
Lims1	1.56152915003938e-08	-0.503428591238364	0.795	0.602	0.000504139686090214
Itfg1	1.66437959331982e-08	-0.301368683423931	0.481	0.263	0.000537344951703304
Otulinl	1.67420487852341e-08	-0.679191717097225	0.611	0.484	0.000540517045031284
Rapgef2	1.79254441417289e-08	-0.680027197506197	0.585	0.483	0.000578722964115717
N4bp2l1	1.82079964059798e-08	-0.616201022305226	0.205	0.252	0.000587845163967059
Gm15563	1.87400474754875e-08	-0.592992609122289	0.199	0.246	0.000605022432746113
Scmh1	1.97819346315941e-08	-0.548325525423365	0.113	0.175	0.000638659759581017
Dnmt3a	1.97890794251399e-08	-0.697016849592184	0.385	0.368	0.000638890429240642
Azi2	1.99470928387306e-08	-0.273408313081189	0.562	0.303	0.000643991892298417
Ext1	2.03842367409592e-08	-0.530726278520707	0.782	0.636	0.000658105083181867
Gpatch2l	2.05929672927835e-08	-0.259715436479597	0.335	0.183	0.000664843949047517
Baz2b	2.17804691172744e-08	-0.635938210184385	0.677	0.532	0.000703182445451204
Tigd2	2.59182833248508e-08	-0.293719417523083	0.414	0.228	0.000836771777142809
Atf7	2.82007674197002e-08	-0.65400626181265	0.528	0.453	0.00091046177614502
Tmco4	2.89631059941545e-08	-0.286678159496011	0.389	0.214	0.000935073877021279
Abi3	3.10083056105966e-08	-0.397574998519876	0.097	0.157	0.00100110314663811
Tent4b	3.13802805373931e-08	-0.26882261823664	0.634	0.345	0.00101311235714974
Mtif2	3.14999673457566e-08	-0.25729708383555	0.373	0.206	0.00101697644575775
Rptor	3.21542232659537e-08	-0.250185337463613	0.585	0.319	0.00103809909814132
Ano6	3.5493145705649e-08	-0.677286806271396	0.558	0.463	0.00114589620910688
Cdk12	3.61769619104477e-08	-0.487138414568823	0.81	0.595	0.0011679732152788
Sec24c	3.8192636735716e-08	-0.268800781094201	0.445	0.243	0.00123304927701259
Wbp1l	3.94223672152871e-08	-0.269446139864914	0.482	0.265	0.00127275112554554
Map7	4.13907322902543e-08	-0.339119062729149	0.073	0.132	0.00133629979199086
Gigyf2	4.14512875700458e-08	-0.626129978059846	0.594	0.478	0.00133825481919893
Gm42722	4.22424954520475e-08	-0.460542854424833	0.099	0.159	0.00136379896566935
Ttc27	4.59918318237512e-08	-0.53174138319927	0.145	0.201	0.00148484629042981
8030462N17Rik	5.02188390972427e-08	-0.264188054726516	0.475	0.262	0.00162131522025448
Immp2l	5.25519559109984e-08	-0.814617906098167	0.163	0.221	0.00169663989658658
Irf2bpl	5.45277292534483e-08	-0.30510496823899	0.439	0.24	0.00176042773894758
Parp9	5.58878690975293e-08	-0.759495468549755	0.409	0.382	0.00180433985381373
5330438D12Rik	6.06040547374519e-08	-0.632040145859935	0.652	0.506	0.00195660190719864
H2-T23	6.93090940280442e-08	-0.386512691303177	0.837	0.651	0.00223764410069541
Dop1a	7.29854940002027e-08	-0.642039830623997	0.286	0.307	0.00235633667379655
Tbc1d23	7.90691320694748e-08	-0.265381642389252	0.373	0.208	0.00255274692886299
Cluap1	8.82277923985982e-08	-0.258530479843502	0.387	0.217	0.00284843427758874
Dcaf8	8.89147008129003e-08	-0.280666969064303	0.562	0.308	0.00287061111574448
Nrros	9.54452599760038e-08	-0.570265378970645	0.217	0.258	0.00308145021832528
Kmt5b	1.00437514258789e-07	-0.638208384146325	0.536	0.447	0.00324262514784502
Eefsec	1.05380342259381e-07	-0.675184968311605	0.392	0.372	0.00340220434984413
Cpsf3	1.07205836228463e-07	-0.258659890096161	0.354	0.197	0.00346114042263594
Lrch1	1.10710903290489e-07	-0.430654995022214	0.826	0.643	0.00357430151273344
Ccnt2	1.16971392162974e-07	-0.273790826580949	0.49	0.27	0.00377642139598161
Zfp36	1.18678574275408e-07	-0.623702069996298	0.341	0.346	0.00383153777048156
Nckap1l	1.22609362030454e-07	-0.261377108047537	0.6	0.325	0.0039584432531532
Nfatc3	1.3124482092387e-07	-0.415155122528603	0.844	0.646	0.00423723904352715
Ilrun	1.31265950708727e-07	-0.253049126917154	0.613	0.335	0.00423792121863124
Bfar	1.35134313998975e-07	-0.29084352583184	0.406	0.225	0.00436281132745691
Tmem87a	1.45888814273093e-07	-0.264352332925437	0.487	0.272	0.0047100203688068
Taok3	1.46118077661553e-07	-0.46727857862408	0.793	0.588	0.00471742213730325
Msh3	1.52238499954353e-07	-0.313780238274305	0.436	0.247	0.00491501997102628
Txk	1.56266847937431e-07	-0.300097187706388	0.778	0.666	0.00504507518565997
Gm15564	1.57524132308361e-07	-0.449387186145194	0.14	0.193	0.00508566661157545
Zup1	1.61322315031197e-07	-0.786908059258369	0.484	0.419	0.00520829094078218
Mrps28	1.70512631846709e-07	-0.28955509250104	0.413	0.233	0.005505000319171
Arid3b	1.77434174161585e-07	-0.476773275975556	0.15	0.201	0.00572846231280676
Vps41	1.82565390777796e-07	-0.277839240815165	0.403	0.227	0.00589412364126113
Dtnb	1.92337020779582e-07	-0.320840852915628	0.574	0.324	0.0062096007158688
Ythdc1	1.92899342337685e-07	-0.361773735711708	0.889	0.665	0.00622775526737217
Fntb	1.9444357427723e-07	-0.580487362331293	0.213	0.252	0.00627761079554037
Prkd3	1.97336187962665e-07	-0.44841016150888	0.138	0.191	0.00637099882837465
Dyrk1a	2.01855410512419e-07	-0.43349937393433	0.81	0.61	0.00651690192839346
Gm16158	2.10477820714181e-07	-0.741189171038397	0.402	0.376	0.00679527644175732
Ptbp3	2.12279486985224e-07	-0.29095281282875	0.935	0.775	0.00685344323731797
Tmem229b	2.31502151935153e-07	-0.455785689803938	0.133	0.186	0.0074740469752264
Fam222b	2.41118844526861e-07	-0.258353250420465	0.387	0.222	0.0077845218955497
Poc1b	2.42194635978541e-07	-0.265584512765434	0.292	0.163	0.0078192538225672
Atg10	2.6017630048302e-07	-0.340157625959045	0.375	0.215	0.00839979186109429
Mettl16	2.74929232672857e-07	-0.274366420392638	0.393	0.222	0.00887609027684319
Man1a2	2.90331540207014e-07	-0.563383087483369	0.708	0.533	0.00937335377558343
Rbm5	3.30898391884982e-07	-0.466481053762661	0.794	0.567	0.0106830545820066
Tut4	3.42647290668196e-07	-0.354845108289055	0.868	0.703	0.0110623677792227
Arfgef2	3.50106540079623e-07	-0.259024459662834	0.311	0.176	0.0113031896464706
Rcbtb1	3.51200089630054e-07	-0.595545288297321	0.297	0.307	0.0113384948937063
Bmp2k	3.64429199029361e-07	-0.306490036498586	0.447	0.251	0.0117655966906629
R3hcc1l	3.71711774209144e-07	-0.310137809582751	0.49	0.276	0.0120007146303422
Cyld	3.81088217493002e-07	-0.451218375142767	0.802	0.587	0.0123034331017616
Stag2	3.86827630084471e-07	-0.423098619717433	0.841	0.627	0.0124887300372772
AU040320	4.20062922909646e-07	-0.265316008297137	0.327	0.188	0.0135617314661379
Cyfip2	4.92634523478104e-07	-0.400392417481943	0.856	0.632	0.0159047055904906
Clec2i	5.28859456765403e-07	-0.464464857224167	0.168	0.214	0.0170742275616711
Foxo3	6.12159455519545e-07	-0.643379174888881	0.305	0.315	0.0197635680214485
Zfp609	6.17631491326044e-07	-0.279360241306651	0.334	0.194	0.0199402326974613
Siah1a	6.48157016788993e-07	-0.650969979417586	0.354	0.34	0.0209257492870326
Bicra	6.56361669672167e-07	-0.688398004682349	0.43	0.385	0.0211906365053659
Kansl1l	6.5882574791619e-07	-0.708009963756344	0.426	0.39	0.0212701892714742
Amy1	6.78222374499893e-07	-0.295459364149	0.054	0.102	0.021896409360729
Elk4	6.89562880686641e-07	-0.666782020097187	0.517	0.426	0.0222625376029682
Rnf130	6.9181060118883e-07	-0.382748308173083	0.073	0.124	0.0223351052593814
Akap8l	6.93913308066207e-07	-0.594181809003104	0.367	0.35	0.0224029911509175
Kdm5a	6.98026113652881e-07	-0.49831649795665	0.756	0.556	0.0225357730792833
Kdm3b	6.99582687705207e-07	-0.288296057956727	0.547	0.309	0.0225860270725626
Smim4	7.27266578465474e-07	-0.293172547968296	0.476	0.269	0.0234798014857578
Cog5	7.91327094914193e-07	-0.518680415500279	0.78	0.581	0.0255479952593047
Mark2	7.96538789482913e-07	-0.4444767451474	0.825	0.586	0.0257162548184558
St8sia4	8.10253511471347e-07	-0.543183232212881	0.544	0.48	0.0261590346178525
H2-T24	8.53627766052481e-07	-0.451295025774529	0.129	0.179	0.0275593724270044
Mfhas1	8.62412004447569e-07	-0.661410149076227	0.36	0.351	0.0278429715635898
A530088E08Rik	8.93135921575919e-07	-0.361714642637137	0.076	0.127	0.0288348932280786
Trim14	9.0680011707749e-07	-0.685530959618687	0.353	0.341	0.0292760417798468
Hdhd5	9.4632565356151e-07	-0.44681652045395	0.142	0.189	0.0305521237252333
Marf1	1.14749713415204e-06	-0.304801756312477	0.458	0.261	0.0370469449760987
Fam53a	1.19359729441623e-06	-0.259209436963192	0.321	0.185	0.0385352886502279
Pum1	1.28719543818949e-06	-0.391779350735996	0.823	0.599	0.0415571047219476
Rab11fip4	1.31324541221086e-06	-0.265142676939846	0.331	0.191	0.0423981281332277
Zbtb44	1.32927936159973e-06	-0.308295045382172	0.397	0.229	0.0429157841892474
Nck1	1.34631004173564e-06	-0.26817278467775	0.647	0.358	0.0434656196974353
Pxk	1.54708156855671e-06	-0.295186719314321	0.486	0.277	0.0499475284408533
Trrap	1.66005202881086e-06	-0.263423950134229	0.441	0.251	0.0535947797501585
Eps15l1	1.6646976131519e-06	-0.265163962333046	0.485	0.275	0.0537447624406092
Myo9a	1.73261116427023e-06	-0.338565416227773	0.59	0.338	0.0559373514384643
Rbm33	1.89046507512595e-06	-0.554449102991819	0.686	0.506	0.0610336649504411
Mxd4	1.90724347843688e-06	-0.252411474941403	0.479	0.282	0.0615753557013347
Snhg12	2.13849841659309e-06	-0.275396103921313	0.463	0.266	0.069041421379708
Tgfbr3	2.15587099552116e-06	-0.580399276966936	0.279	0.302	0.0696022950904008
Bmt2	2.19799180016854e-06	-0.643061096455497	0.476	0.41	0.0709621652684412
Nfyc	2.37830156369242e-06	-0.29619034141654	0.617	0.349	0.0767834659838097
Golga4	2.41061875111033e-06	-0.28879395956721	0.541	0.306	0.077826826379597
Traf3ip2	2.49065505993618e-06	-0.266943084113052	0.301	0.174	0.0804107986100397
Fas	2.69196843990768e-06	-0.368901648242953	0.087	0.136	0.0869102010824193
Rlim	2.77691282436484e-06	-0.262911364455168	0.619	0.348	0.0896526305346189
Zfp638	2.82009005287755e-06	-0.48375968207308	0.757	0.564	0.0910466073571517
Pign	3.08148417608617e-06	-0.331753540502592	0.359	0.21	0.0994857166249419
Ube2w	3.089848726163e-06	-0.314288796423371	0.492	0.282	0.0997557661241725
Hivep2	3.17086457189502e-06	-0.291186998024092	0.921	0.799	0.102371362703631
Zfand3	3.20499489858493e-06	-0.419272231186854	0.869	0.659	0.103473260300814
Bcor	3.33505586065814e-06	-0.331577633847703	0.534	0.304	0.107672278461348
Ube4b	3.51578474704234e-06	-0.273872422107658	0.569	0.324	0.113507110558262
Vcpip1	3.53434263692701e-06	-0.291300096065334	0.442	0.257	0.114106252033188
Inpp5a	3.5981646270867e-06	-0.250045624490222	0.292	0.171	0.116166744985494
Atxn3	3.73406754831011e-06	-0.27856512444701	0.298	0.174	0.120554370797192
Wapl	3.80088994560587e-06	-0.330281665451688	0.877	0.656	0.122711731893886
Ppargc1b	3.89620239072023e-06	-0.317945623002815	0.074	0.121	0.125788894184403
Slc10a7	3.99397614178882e-06	-0.263891601939507	0.64	0.366	0.128945519737652
Dtx3l	4.21722211472301e-06	-0.709077725800859	0.354	0.336	0.136153015973832
Opa1	4.27311632205631e-06	-0.297142424512556	0.416	0.242	0.137957560457588
Spen	4.35255668751746e-06	-0.290295264703299	0.541	0.308	0.140522292656501
Prkacb	4.47416781320132e-06	-0.610385339388558	0.527	0.427	0.144448507849205
Mga	4.5147282452395e-06	-0.683050127893539	0.468	0.396	0.145758001397557
Cdk7	4.81769701644636e-06	-0.307787479948111	0.342	0.199	0.155539348175971
Lrrc4	4.98483888534171e-06	-0.653543110369379	0.424	0.379	0.160935523413257
Prpf39	5.11391733201715e-06	-0.277108969138046	0.536	0.308	0.165102821064174
Ctnnbl1	5.11402765236081e-06	-0.315572291795911	0.532	0.299	0.165106382756469
Lpcat3	5.21820398948828e-06	-0.3007685049347	0.421	0.247	0.168469715800629
Stt3b	5.2760896224933e-06	-0.631189975504545	0.606	0.459	0.170338553462196
Irf3	5.46813848352215e-06	-0.307723963285108	0.395	0.229	0.176538850940513
Klhl2	5.48495983251979e-06	-0.281346504695432	0.405	0.24	0.177081928192901
Cnst	5.63863556171122e-06	-0.287300249739763	0.411	0.241	0.182043349109847
Wdr20	5.7420393505788e-06	-0.308297551663239	0.55	0.312	0.185381740433437
Dhx40	5.77305036915761e-06	-0.251985797149495	0.558	0.329	0.186382931168254
Smad1	6.18676008606756e-06	-0.385208490102791	0.104	0.15	0.199739549378691
Lman2l	6.23413749915307e-06	-0.380870339621334	0.102	0.149	0.201269129160157
Fam53b	6.60664769129308e-06	-0.291108319214284	0.454	0.263	0.213295620713397
Ezh1	6.84759084195626e-06	-0.264378490932874	0.301	0.179	0.221074470332558
Clk1	7.23586139820167e-06	-0.284245557798271	0.909	0.698	0.233609785240941
Ubash3a	7.558908353325e-06	-0.527172374036752	0.557	0.46	0.244039356187098
Ccdc85b	7.69236048252447e-06	-0.292378543756886	0.413	0.24	0.248347858178302
Gm49797	8.29365213359406e-06	-0.310884061778613	0.386	0.228	0.267760559133084
Akap9	8.46391485341952e-06	-0.566243205781704	0.637	0.492	0.273257491042649
Stk38	9.50413006592738e-06	-0.462818298473847	0.734	0.562	0.306840839178466
Slc28a2	9.53695976541575e-06	-0.573948545850906	0.343	0.331	0.307900746026447
Ldhb	9.84614617298754e-06	-0.297358789414887	0.067	0.111	0.317882829194903
Trim30d	1.00075416310794e-05	-0.434036665286715	0.11	0.155	0.323093481559399
Plcg1	1.0606717462514e-05	-0.287570491520755	0.505	0.292	0.342437873277263
Sp4	1.08778515623296e-05	-0.612813008524383	0.477	0.405	0.351191437689812
Gm32036	1.1456491017573e-05	-0.305431295929891	0.383	0.226	0.369872812502344
Pcf11	1.17207365325209e-05	-0.260705198776349	0.608	0.351	0.378403978952437
Smurf1	1.20425771347541e-05	-0.624780946173849	0.331	0.319	0.388794602795537
Dcun1d1	1.22755350133683e-05	-0.331030948870717	0.416	0.243	0.396315647906595
Rasa3	1.28197045123714e-05	-0.290122247167629	0.572	0.536	0.413884160181911
Map2k5	1.37369333917914e-05	-0.273801920826153	0.638	0.359	0.443496894553985
Vti1a	1.387421805463e-05	-0.553730384184577	0.763	0.576	0.447929129893729
Tsnax	1.51511573288459e-05	-0.255244486737297	0.321	0.193	0.489155114361791
Stat2	1.59733323120161e-05	-0.383922956880578	0.348	0.209	0.515699033693439
Rph3al	1.60033382211808e-05	-0.400271723706864	0.085	0.128	0.516667774470821
Rnf2	1.6272088734476e-05	-0.263938389508183	0.472	0.279	0.525344384792558
Wdr37	1.74228103587631e-05	-0.29129411899366	0.558	0.321	0.562495432432667
Smurf2	1.77846995232972e-05	-0.611153764398298	0.693	0.52	0.574179024109649
Cd40lg	1.78631193603361e-05	-0.711455278539926	0.327	0.321	0.576710808548451
Limk2	1.83411105343885e-05	-0.350034635591718	0.551	0.316	0.592142753602734
Bst2	1.83918314703319e-05	-0.815767167633591	0.55	0.443	0.593780279019664
Fcho2	1.84085247298914e-05	-0.270419072406818	0.546	0.321	0.594319220904543
Mbtps1	1.87831665437231e-05	-0.292004194659139	0.423	0.252	0.606414531864102
Gm20275	1.88033086912341e-05	-0.368564083563367	0.632	0.399	0.607064821096494
Klhdc10	1.98047312782511e-05	-0.318017476682403	0.294	0.177	0.639395749318338
Rab11fip2	2.01348237812435e-05	-0.269671977283542	0.261	0.156	0.650052785777446
Hace1	2.02280099508958e-05	-0.328451837666707	0.39	0.233	0.653061301264671
Taf3	2.18651881226728e-05	-0.349409371798601	0.648	0.369	0.705917598540493
Galnt7	2.2496752652129e-05	-0.710118885143225	0.524	0.422	0.726307659373986
Ip6k1	2.3449667833056e-05	-0.273427297561427	0.638	0.366	0.757072525990214
Orc3	2.40870802693796e-05	-0.307226684926243	0.408	0.242	0.777651386496922
Rnf145	2.42610798155531e-05	-0.657112851012041	0.5	0.408	0.783268961845133
Ppm1b	2.56388361034265e-05	-0.508031091314748	0.753	0.54	0.827749823599125
Sec11a	2.6643001256198e-05	-0.356103449732369	0.851	0.601	0.860169295556352
Kif3b	2.81505274076807e-05	-0.2732248979855	0.292	0.176	0.908839777356973
Fbxl20	2.92941787201978e-05	-0.588625023342626	0.329	0.32	0.945762559981585
Pvr	2.94978382951172e-05	-0.441740190296578	0.143	0.181	0.952337709357859
Mboat1	2.98624121233556e-05	-0.565254191455801	0.23	0.25	0.964107975402536
Cwf19l2	3.01463723464447e-05	-0.334965359021989	0.559	0.325	0.973275631204968
Nin	3.01726677780248e-05	-0.269373686144262	0.618	0.358	0.97412457921353
Zmynd11	3.036983756718e-05	-0.579652877140622	0.56	0.442	0.980490205856407
Abcb7	3.35727398899368e-05	-0.658869645720541	0.488	0.403	1
Kdm5c	3.4166415758883e-05	-0.353728600139483	0.476	0.28	1
Phf14	3.47282644293919e-05	-0.554424226626576	0.775	0.546	1
Ifi35	3.91411873180992e-05	-0.32916483881384	0.488	0.287	1
Ddb2	3.92657012012935e-05	-0.288872662051061	0.399	0.242	1
Hibadh	3.97221792143467e-05	-0.665056896182669	0.357	0.33	1
Hmgn1	4.17336144080911e-05	-0.493295925993578	0.455	0.403	1
Usp40	4.35967022865069e-05	-0.42701855482396	0.134	0.171	1
Dapk1	4.36256195554914e-05	-0.326920949078152	0.063	0.102	1
Scd2	4.43827603008903e-05	-0.259853771352277	0.323	0.199	1
Pitpnm2	4.53045016584165e-05	-0.303365285476028	0.429	0.258	1
Pptc7	4.53135687696158e-05	-0.281593250697525	0.512	0.301	1
Camkmt	4.8141121981265e-05	-0.313752679397109	0.236	0.146	1
Usp45	4.92377078134403e-05	-0.270711523532655	0.33	0.201	1
Tnpo3	4.93798611308365e-05	-0.291914924263387	0.657	0.371	1
Orc4	5.02116491118603e-05	-0.305177405185888	0.571	0.329	1
Abi1	5.19435040489125e-05	-0.314306748781139	0.886	0.659	1
Prdm2	5.43851675809957e-05	-0.519413526598036	0.687	0.501	1
Gbp7	5.49480818347146e-05	-0.777590523504575	0.405	0.37	1
Phf12	5.81830060222182e-05	-0.318038477571216	0.633	0.359	1
Erap1	6.02471198604198e-05	-0.63498217743498	0.378	0.341	1
Kcnq1ot1	6.14288512280477e-05	-0.601488995718503	0.479	0.427	1
Gm46367	6.20353242216557e-05	-0.401188943331791	0.124	0.161	1
Zfp182	6.57354906886648e-05	-0.259174703453122	0.379	0.232	1
Cnp	6.65572461658918e-05	-0.281336472001047	0.543	0.317	1
Desi2	6.75516886668099e-05	-0.656698202121516	0.453	0.384	1
Ggact	7.34779717529955e-05	-0.445947663958051	0.138	0.173	1
Itch	7.37637992214604e-05	-0.513012722759817	0.705	0.522	1
Scaf4	7.49297056663138e-05	-0.306078285862227	0.634	0.361	1
Xpo7	7.49319982916439e-05	-0.276475954328722	0.669	0.387	1
Cnot2	7.56176212268991e-05	-0.406231040160872	0.818	0.583	1
Mllt6	7.97919517357719e-05	-0.312819117015421	0.441	0.265	1
Gab3	8.81148939904202e-05	-0.464368325389639	0.158	0.192	1
Foxk1	9.44866209746212e-05	-0.529314261058181	0.293	0.289	1
Rala	9.87398882547493e-05	-0.301534520199849	0.649	0.365	1
Emb	9.92045346256688e-05	0.457946570527719	0.843	0.806	1
Bbip1	0.000100220042285107	-0.299006265868539	0.583	0.338	1
Inpp1	0.000109390125712793	-0.309518392534967	0.429	0.259	1
3110056K07Rik	0.000112139709546971	-0.278454187626855	0.307	0.191	1
Ulk2	0.000112884820358766	-0.343302556057159	0.452	0.276	1
Papolg	0.000120611493122067	-0.271203403811191	0.275	0.17	1
Usp32	0.000122201752624184	-0.651367623380139	0.473	0.392	1
Scaper	0.000124843157489381	-0.658229723370565	0.548	0.441	1
Kiz	0.000125965391151605	-0.254069775208474	0.199	0.123	1
Fbxo38	0.00013227757658599	-0.331469489420234	0.47	0.28	1
Setd7	0.000133823997771671	-0.604956985167455	0.49	0.404	1
Gm14858	0.000135352754949336	-0.349496133580218	0.079	0.116	1
Ube3a	0.000138429992808087	-0.476255067971565	0.765	0.549	1
Bbs9	0.000146889484940205	-0.67165604783129	0.274	0.275	1
Dop1b	0.000149941062784507	-0.25492162494593	0.267	0.166	1
Cd200r1	0.000151320087405672	-0.265081269627156	0.064	0.1	1
Papola	0.000151732071194167	-0.325055939218615	0.86	0.619	1
Mipol1	0.000152036870256894	-0.291781822856212	0.256	0.158	1
Pml	0.00015227296231103	-0.43352428504427	0.42	0.254	1
Pym1	0.000154700191207643	-0.340704800803289	0.406	0.246	1
Zbtb4	0.00016521677135033	-0.380733399930747	0.133	0.167	1
Brdt	0.000174392552094246	-0.301728303643995	0.069	0.105	1
Gpcpd1	0.000182579081704551	-0.251717803059175	0.638	0.381	1
Tug1	0.000184546985463106	-0.278249816656784	0.315	0.195	1
Mtm1	0.000185807063955329	-0.288826058968384	0.068	0.104	1
Dmxl1	0.000211729326762308	-0.595553006442268	0.572	0.439	1
Gpr174	0.000225702488766714	-0.675949505665118	0.346	0.321	1
Uggt1	0.000230670014486848	-0.263389258390263	0.622	0.363	1
Irgm1	0.000235207605028529	-0.499465186259788	0.179	0.205	1
Cep68	0.000243217384497347	-0.3126710746462	0.331	0.205	1
Gbf1	0.000246387561760451	-0.300640302348707	0.658	0.391	1
Slc25a36	0.000247153075841218	-0.257909775548085	0.32	0.2	1
Sash3	0.000249125321166703	-0.250236295031447	0.69	0.397	1
Ammecr1	0.000252475766409925	-0.303340739652547	0.317	0.199	1
Tbck	0.00026372347641404	-0.348619354968093	0.435	0.267	1
Eps15	0.000264622786801166	-0.337656569854517	0.645	0.37	1
Cr1l	0.000306088535720396	-0.326242360143277	0.588	0.346	1
R3hdm1	0.000312465590795355	-0.460651894076528	0.784	0.55	1
Klhl20	0.00033275917631349	-0.262615565507449	0.235	0.149	1
Nup153	0.000333676410947512	-0.560791932892833	0.696	0.492	1
Mapk8	0.000335045064019416	-0.29191682377912	0.302	0.19	1
Brwd1	0.000342035570149776	-0.5826275569617	0.468	0.387	1
Ankib1	0.000348873864105837	-0.501259651950682	0.717	0.513	1
Wdr7	0.000383912940058398	-0.34429205811763	0.397	0.245	1
Mov10	0.000389004284886811	-0.396856424145439	0.131	0.162	1
Casd1	0.000392015324615284	-0.274522427149975	0.281	0.178	1
Tmem245	0.000402980978537198	-0.555095823428501	0.342	0.315	1
Snd1	0.000427112975288632	-0.451661023592689	0.779	0.551	1
Scfd1	0.000430723799111571	-0.343236594320627	0.497	0.299	1
Atp6v0a2	0.000450071084515027	-0.343587272471427	0.391	0.24	1
Use1	0.000451683007219112	-0.454391911670176	0.766	0.528	1
Maml3	0.000457910138673934	-0.266298752393627	0.443	0.299	1
Nmi	0.000461413879579371	-0.33251670085119	0.645	0.373	1
Snapc3	0.000461645767256912	-0.313431015038267	0.434	0.266	1
Tapbpl	0.000479992323983616	-0.250850093548141	0.29	0.184	1
Tpcn1	0.000493934509145265	-0.291926862016273	0.314	0.198	1
Fam126b	0.000509253352165962	-0.264409550744767	0.229	0.146	1
Epb41	0.00051112958968918	-0.338815688664166	0.722	0.577	1
Sil1	0.000540803797714501	-0.283474108062244	0.283	0.182	1
Ptbp2	0.000577086575547706	-0.279395609461171	0.497	0.305	1
Pcca	0.000605826127244361	-0.587255591817514	0.28	0.274	1
Hs2st1	0.000645964414038827	-0.643071486343941	0.293	0.279	1
Arhgap25	0.000704078858474217	-0.532523271198989	0.621	0.473	1
Helz	0.00071347596231875	-0.457951765945495	0.736	0.516	1
Adnp	0.000716819370237444	-0.259782574593443	0.701	0.405	1
Tnfaip8l2	0.00072017980249714	-0.332828799871061	0.514	0.311	1
Skp1a	0.000795738162454893	-0.291949942283934	0.689	0.395	1
Cyb5b	0.000804421840308133	-0.333329443287404	0.6	0.351	1
Parp4	0.000822801364945658	-0.325917621498206	0.599	0.354	1
Nol8	0.000834720171878275	-0.294738731549144	0.272	0.175	1
Uqcc1	0.000840144026963053	-0.275067968397066	0.242	0.157	1
Pex14	0.000866625941916704	-0.350812742161273	0.343	0.218	1
Vav3	0.000867417250724386	-0.520963746869923	0.297	0.296	1
Pik3c2a	0.000871921337346436	-0.331621876890355	0.579	0.349	1
Shprh	0.000890197477327387	-0.605285201088091	0.333	0.304	1
Hipk1	0.000890564378288209	-0.289570014619979	0.686	0.392	1
Sec63	0.000900478290403065	-0.513031536209776	0.691	0.502	1
Jmjd1c	0.000903037735422735	-0.327688650981293	0.837	0.639	1
Sfi1	0.00103367208803518	-0.264714493670329	0.239	0.155	1
Gm26771	0.00104321871904875	-0.28447823611183	0.088	0.119	1
Thap3	0.00104906012741377	-0.314215709066756	0.356	0.225	1
Morc3	0.00105836861015329	-0.585623984670011	0.56	0.422	1
Traf5	0.00107276689874764	-0.535639870536154	0.342	0.311	1
Dhx30	0.00112545412752183	-0.306124647674667	0.302	0.194	1
Galnt6	0.00123342433960099	-0.509336155598627	0.591	0.449	1
Xpo6	0.00125534901798711	-0.292291644174588	0.671	0.393	1
Sept6	0.00130131849538327	-0.301635336194879	0.868	0.637	1
Pgap1	0.00130767741169599	-0.322979410526365	0.096	0.126	1
Babam2	0.00131080958707226	-0.322578868764752	0.695	0.422	1
Igf1r	0.00131609644885043	-0.594710400850187	0.279	0.28	1
Casp8	0.0013236791223152	-0.461247214547471	0.767	0.53	1
Smim14	0.00135867190464635	-0.316942811750574	0.537	0.331	1
Atm	0.00137653454905719	-0.540508131735967	0.316	0.292	1
Ranbp10	0.00139846538866745	-0.342517002697845	0.379	0.243	1
Gbp2	0.00139949850944551	-0.502347902396433	0.182	0.203	1
Atad2b	0.00140827593646409	-0.46284482863133	0.715	0.514	1
E130307A14Rik	0.0014185046212845	-0.642745022470091	0.341	0.307	1
Map3k2	0.0014226801471128	-0.328559463579214	0.595	0.358	1
Klk8	0.00144340516200771	-0.496631515508452	0.287	0.274	1
Arfgef1	0.00146622375322911	-0.435309338801856	0.747	0.529	1
Arid2	0.00149194722192569	-0.553493560477119	0.701	0.49	1
Eml5	0.00155998933326803	-0.47595106124093	0.205	0.216	1
Cd164	0.00157779109905591	-0.291763834200995	0.639	0.376	1
Sh3bp5	0.00164142415183333	-0.480575172412148	0.251	0.25	1
Tasor2	0.0016538650989701	-0.590821617910483	0.596	0.445	1
Gatad2b	0.00168318856095285	-0.424459359159172	0.826	0.577	1
Zzef1	0.00168398712313118	-0.311332696435475	0.631	0.374	1
AW554918	0.00169702726055692	-0.364384605119088	0.584	0.368	1
Zfp871	0.00185683307510991	-0.334428339412603	0.538	0.325	1
A630023P12Rik	0.00193216412712329	-0.39332141683004	0.142	0.166	1
Dido1	0.00199663292766061	-0.340336884314196	0.585	0.347	1
Celsr1	0.0020679290378808	-0.436340142427791	0.191	0.204	1
Gm16599	0.00213027772092408	-0.264422454997255	0.357	0.237	1
Rai1	0.00221661456090229	-0.600648281202685	0.449	0.365	1
Rasa2	0.00223983151256551	-0.514425639656687	0.693	0.492	1
Nufip2	0.00227125394350254	-0.37852635852211	0.81	0.562	1
Rassf5	0.00229623562314555	-0.319324149507217	0.626	0.37	1
Suclg2	0.00231054501772115	-0.583378640162135	0.32	0.292	1
Elmsan1	0.00251119742989507	-0.531343623448477	0.459	0.378	1
Rnf169	0.00254099862558279	-0.344722573062197	0.663	0.402	1
Stk26	0.00256306381135589	-0.332099371349913	0.453	0.285	1
Vamp1	0.00259995058560223	-0.468215533291793	0.232	0.233	1
Pja2	0.00268368496525707	-0.294187843433173	0.265	0.174	1
Mbtd1	0.00278789220111196	-0.298147837971819	0.633	0.394	1
Zfp398	0.00282207461879069	-0.344546295390134	0.402	0.257	1
Ppp4r2	0.00284455487340228	-0.424936010712264	0.78	0.53	1
Twf2	0.00290192418267224	-0.349822247347268	0.597	0.354	1
Slc25a12	0.00297402116190418	-0.62418018721098	0.433	0.356	1
Mettl8	0.00303446389036252	-0.30785171426621	0.1	0.125	1
Cbr1	0.0030963826674294	-0.399610765986588	0.167	0.183	1
Ppp2r5c	0.00312284161595763	-0.283500255500242	0.884	0.648	1
Irf9	0.00320804853242551	-0.34440784250437	0.424	0.27	1
Klhdc1	0.00324545083101028	-0.458716916674686	0.185	0.198	1
Tesc	0.00326240822097692	-0.456462968960947	0.321	0.299	1
Smap2	0.00331347474631101	-0.269056030248308	0.667	0.401	1
Lcorl	0.00334375729642474	-0.363568104368847	0.571	0.358	1
Arhgap35	0.00341278178337719	-0.3380380671084	0.308	0.203	1
Zfp260	0.00362721757822292	-0.285821200429343	0.329	0.218	1
Bod1l	0.00365074114193346	-0.431355933912079	0.777	0.54	1
4632427E13Rik	0.00371052372299738	-0.417081409521409	0.16	0.176	1
Phf20	0.00372791426110068	-0.378594039247108	0.586	0.352	1
Gm17106	0.00380555889933512	-0.278236513450883	0.297	0.198	1
Slmap	0.00381643428216089	-0.308498567551137	0.691	0.411	1
Ankrd28	0.00383214349392623	-0.400590607225507	0.522	0.329	1
Zyg11b	0.00393518288159747	-0.411532953093116	0.671	0.497	1
Klhl6	0.00402562923482796	-0.555952714569909	0.678	0.492	1
Zmym4	0.0040623201542572	-0.358296562183849	0.481	0.306	1
Osbpl8	0.00409254320903956	-0.255789054461757	0.908	0.711	1
Socs3	0.00419691787745398	-0.364934781172886	0.361	0.238	1
Mef2a	0.00427964051088326	-0.411634307639994	0.712	0.516	1
Chd8	0.00453635449521237	-0.369507719569235	0.613	0.366	1
Rabep1	0.0046257854685311	-0.374755209684057	0.618	0.38	1
Chd7	0.00468385415613909	-0.342217248550595	0.703	0.555	1
Zzz3	0.00481867458614912	-0.31742781844976	0.59	0.358	1
9930021J03Rik	0.00482814103907567	-0.333327182614796	0.599	0.377	1
Pgpep1l	0.00489512409932751	-0.391202182824514	0.137	0.157	1
Zfp281	0.00496488433668586	-0.487521480679657	0.24	0.236	1
Slamf6	0.00502107904179641	-0.400316700182864	0.567	0.485	1
Zmym2	0.00505443711761512	-0.561889729017826	0.446	0.362	1
Zfp53	0.00514203350849659	-0.493332496955092	0.587	0.361	1
Zc3h6	0.00530730912154876	-0.301789546262759	0.235	0.159	1
Mark3	0.00539153602648876	-0.303355896283452	0.67	0.397	1
Acss2	0.00544565972771057	-0.39414334279711	0.163	0.181	1
C1galt1	0.00547775797194117	-0.354288080298774	0.529	0.329	1
Frs2	0.00569656066507518	-0.394152521595994	0.543	0.331	1
Clec16a	0.00626447049337412	-0.312383819949754	0.287	0.191	1
Kcnn4	0.00631988051722841	-0.466008551605905	0.66	0.485	1
Ccdc88c	0.00635737629358453	-0.355466482968814	0.786	0.55	1
Ccpg1	0.00639896141570186	-0.309200941897216	0.313	0.208	1
Tmem175	0.00663029826001379	-0.250818463184234	0.191	0.13	1
Galk2	0.00663910393460349	-0.376434047153889	0.418	0.272	1
Gpatch2	0.00678716062937276	-0.335056150094549	0.335	0.221	1
Strn3	0.00688356854947034	-0.407205608638314	0.805	0.565	1
Dcaf6	0.0070169198076786	-0.597703014182138	0.344	0.302	1
Larp1	0.00728646875794005	-0.464320138678697	0.696	0.492	1
Mecp2	0.00729854961982685	-0.372629627635994	0.598	0.364	1
Epc1	0.00779775122133493	-0.313612862253297	0.807	0.569	1
Efr3a	0.00781753028668077	-0.536390772754327	0.642	0.456	1
Arf3	0.00785030657632311	-0.373351599061011	0.595	0.354	1
Stx16	0.00786001080827023	-0.365682325680511	0.451	0.286	1
Smg9	0.00791457828891239	-0.2864069405976	0.244	0.165	1
Rnf114	0.00812356898386578	-0.386822933548868	0.563	0.343	1
Fam13b	0.00813857999230831	-0.340589680000275	0.635	0.383	1
Msl2	0.00814603166739353	-0.54252601300513	0.56	0.417	1
Itgb3	0.00831112592448441	-0.287357529874006	0.105	0.127	1
Zfp950	0.00859380251607327	-0.312699798070309	0.285	0.193	1
Usp47	0.00865724980257783	-0.312082044465885	0.681	0.412	1
Gm48719	0.00876600215343801	-0.311946381964375	0.106	0.127	1
Stx8	0.00876633295747029	-0.289768270398999	0.736	0.439	1
Wdr12	0.00897284775654863	-0.352710687876478	0.341	0.226	1
Slc2a3	0.00914105518957778	-0.34436686532957	0.101	0.122	1
Usp6nl	0.00923097707728739	-0.276028882666064	0.224	0.154	1
Mtr	0.00929639729019742	-0.265743804234746	0.24	0.165	1
Ctps2	0.00940385019270363	-0.326420809595696	0.549	0.349	1
Tbcel	0.00957127278927118	-0.492895597046489	0.259	0.246	1
Mdm4	0.00968806236578524	-0.513557307742579	0.626	0.45	1
Kdm6a	0.00975162391200865	-0.493988877455279	0.669	0.477	1
Zkscan3	0.0100741997466815	-0.338457660737984	0.323	0.216	1
Rmdn1	0.0107538042410421	-0.438180157746132	0.155	0.169	1
Mlh3	0.0110492264372542	-0.267455256376303	0.079	0.101	1
Trim33	0.0116425534915797	-0.502010817278714	0.688	0.477	1
Ncoa6	0.0117071477828667	-0.345581005742969	0.481	0.31	1
Asb13	0.0121892792065215	-0.349782525345192	0.157	0.17	1
Lcor	0.0125941495034891	-0.469667056244972	0.765	0.531	1
Ikbkb	0.0130477489826765	-0.609179005971428	0.583	0.421	1
Orc5	0.0132548714746647	-0.273370180696389	0.21	0.144	1
Golga1	0.0134848571113447	-0.295569596750074	0.241	0.166	1
Zfp869	0.0139131975802017	-0.34912835353633	0.35	0.231	1
Ubn2	0.0140052912832107	-0.418175787703396	0.713	0.514	1
Tnks	0.0142754353708626	-0.362504055242856	0.483	0.309	1
Rb1cc1	0.0144957372799049	-0.44994396497627	0.736	0.513	1
Cep97	0.0148067131260118	-0.592668421841215	0.454	0.36	1
Bdp1	0.0149705046150666	-0.35292454494811	0.644	0.389	1
Trip11	0.0150050652343256	-0.461769114837134	0.73	0.506	1
Fam117a	0.0150052210284557	-0.47047016644477	0.289	0.266	1
Scai	0.0150982980930488	-0.385155170938681	0.443	0.29	1
Elp4	0.0151857410897983	-0.466348444155842	0.463	0.306	1
Bckdhb	0.0154893498669851	-0.308447134109722	0.09	0.11	1
Dennd6a	0.0154952313071993	-0.373777382638988	0.41	0.27	1
Hectd4	0.0159110385546017	-0.364661138318135	0.524	0.329	1
Sgpp1	0.0160119484627815	-0.298775940894953	0.258	0.178	1
Idh2	0.0167470223329971	-0.28229329758781	0.216	0.15	1
Gm10130	0.0167894455950907	-0.279811983417914	0.096	0.115	1
Lrpprc	0.0170873102295714	-0.363426759529192	0.317	0.213	1
Gng12	0.0171529231567343	-0.293323970463304	0.239	0.169	1
Phkb	0.0174197829693103	-0.388842907210545	0.384	0.257	1
Zfp169	0.0174630545361369	-0.258872053042627	0.088	0.107	1
Ggps1	0.0174912561580478	-0.396842552795595	0.491	0.312	1
Creb1	0.0178792363231491	-0.398676394708686	0.799	0.582	1
Helz2	0.018284995203278	-0.300126645720896	0.253	0.174	1
Pcmtd2	0.0183211351490322	-0.499211372335145	0.272	0.252	1
Btaf1	0.0185074217346052	-0.347836627807777	0.579	0.362	1
Tbc1d22b	0.0185254362121914	-0.493937933595179	0.279	0.256	1
Dicer1	0.0186987272579927	-0.386934764886662	0.451	0.289	1
Ttc14	0.0188704820760205	-0.427231842095147	0.712	0.491	1
Jun	0.0194024403475071	-0.282892286063499	0.547	0.374	1
Rlf	0.0196478820116257	-0.309285409714123	0.677	0.418	1
Scarb2	0.0201006169512184	-0.510898177151837	0.316	0.28	1
Ppp1r21	0.0202540757725306	-0.37492326381745	0.317	0.215	1
Hbp1	0.0208387584212899	-0.497544611009779	0.318	0.28	1
Lmo4	0.0213868080066071	-0.344875358177984	0.133	0.146	1
Tmem164	0.02214582913266	-0.514675950766593	0.711	0.501	1
Clip1	0.0225406944555968	-0.526620101304273	0.63	0.447	1
Pcm1	0.0226720400168023	-0.302598150766933	0.696	0.427	1
Saysd1	0.0231499075706237	-0.32417483486371	0.298	0.205	1
Pot1b	0.0236723070060124	-0.319890279293072	0.247	0.173	1
1600014C10Rik	0.0242218310602502	-0.304933176883758	0.266	0.186	1
Pfkfb3	0.0253330882433215	-0.357485811654188	0.415	0.282	1
4930417O13Rik	0.0257825251326175	-0.373285118791661	0.172	0.18	1
Dis3l2	0.0259204456339404	-0.360257868749759	0.5	0.327	1
Rnf111	0.0260649229239818	-0.323140777676956	0.671	0.405	1
Mgat4a	0.0275542233709118	-0.288855392920002	0.244	0.171	1
Atrn	0.0282923757227397	-0.513686882052013	0.403	0.335	1
Kif1b	0.0291070331162531	-0.643554607963898	0.361	0.306	1
Dync1h1	0.0292759814481734	-0.311617465190252	0.691	0.408	1
Ttll3	0.0297557281284853	-0.285263339767891	0.116	0.13	1
6530409C15Rik	0.0298877104576122	-0.28461663493532	0.217	0.155	1
Dnm2	0.0299162525404619	-0.341293045275284	0.848	0.562	1
Gimap1os	0.030207042910199	-0.41850989799023	0.18	0.183	1
Dnajb4	0.0311279992552247	-0.25843616089214	0.092	0.109	1
Zfp395	0.0312111872654638	-0.309801760213062	0.117	0.131	1
Tmem87b	0.0319699953968962	-0.268103400659749	0.213	0.152	1
Pkd1	0.0330651448657301	-0.253331299362961	0.185	0.132	1
Stard5	0.0341188585722804	-0.426382335176484	0.212	0.206	1
Resf1	0.0341773075059318	-0.532215028283374	0.649	0.466	1
Igtp	0.0354485904958308	-0.418022752639402	0.517	0.347	1
Ppm1k	0.0359971994458368	-0.316851240865181	0.13	0.142	1
Pdss2	0.0363850013218289	-0.572315304979757	0.358	0.304	1
Aqr	0.0368021927373694	-0.413262172605075	0.565	0.35	1
Lsm14a	0.037688670313347	-0.264783112432283	0.783	0.465	1
Gpatch4	0.0381419558682984	-0.270979867541292	0.211	0.152	1
Csnk1g1	0.0382797112128737	-0.418460932979591	0.699	0.491	1
Gm37240	0.0385306203244521	-0.555441554413987	0.514	0.395	1
Rabgap1	0.0385445503288441	-0.582866053536984	0.451	0.356	1
Gm26749	0.0395891139796294	-0.312620881684574	0.322	0.224	1
Fam193a	0.0408747572606483	-0.384351956290262	0.748	0.522	1
Vav1	0.0424551187547745	-0.562936135198519	0.539	0.392	1
Herc2	0.0431052428019843	-0.34382142631282	0.62	0.385	1
Xylt2	0.0450631700726782	-0.270053732334744	0.114	0.126	1
Atxn7	0.0451525648040869	-0.354203010582529	0.677	0.418	1
Rufy2	0.0452770356346955	-0.309027942457669	0.315	0.219	1
Prmt3	0.0464162915009686	-0.318359594091647	0.334	0.234	1
Usp7	0.0467085408826198	-0.29572707346056	0.732	0.435	1
Adar	0.0480965008923521	-0.513273143238757	0.377	0.311	1
Kdm4c	0.0490803365737007	-0.496230797397069	0.596	0.429	1
St3gal1	0.0494657606061044	-0.34689331460333	0.533	0.35	1
Sesn1	0.0497196678441171	-0.552145519077995	0.475	0.374	1
AB124611	0.0511172882559671	-0.293922252376704	0.125	0.135	1
Armc7	0.0513361872039377	-0.52237978226482	0.293	0.257	1
Cox10	0.0517292717697844	-0.338244370918893	0.313	0.218	1
Dnah8	0.0521145165771671	-0.455809339508891	0.185	0.184	1
Abcc5	0.0521287967134292	-0.385699798447295	0.168	0.17	1
Zhx3	0.0533407677723558	-0.332397850411982	0.289	0.204	1
Cab39l	0.0536124115791563	-0.472424080484308	0.519	0.331	1
Ttc13	0.0540517518504989	-0.444349025786822	0.258	0.236	1
Zfp407	0.0544263723403537	-0.487933455024518	0.729	0.513	1
Rprd2	0.0558815603593507	-0.346913509488895	0.625	0.392	1
Ralgapa1	0.0559056872766078	-0.268080129144179	0.681	0.438	1
Mdn1	0.0560853382543773	-0.331076202364585	0.379	0.262	1
Tmem161b	0.0562113240599559	-0.287524041720624	0.191	0.139	1
Patz1	0.0564196699455524	-0.370684162648097	0.167	0.169	1
Atp6v1h	0.0573092211187766	-0.480736879198116	0.296	0.262	1
3300002I08Rik	0.0578021234995875	-0.301023258744032	0.119	0.129	1
Rnf167	0.0578257955748591	-0.501727740762351	0.34	0.287	1
Dmtf1	0.0582250283562609	-0.363215062084924	0.54	0.345	1
Cept1	0.0587056088193439	-0.544958588646904	0.547	0.403	1
Washc2	0.060828243978815	-0.335553357093366	0.345	0.24	1
Ctso	0.0608827948036616	-0.258209718904883	0.166	0.122	1
Dlg1	0.0622676798841073	-0.425994081506136	0.769	0.533	1
Hspe1	0.0625486641286446	-0.281495136868264	0.82	0.595	1
Spopl	0.0626892188335389	-0.402144147940233	0.403	0.271	1
Rab10	0.06423251818797	-0.275457246882877	0.879	0.646	1
Slc30a7	0.0644242596446049	-0.490695259189844	0.357	0.297	1
Tango6	0.0644905235740783	-0.393968312966895	0.173	0.174	1
Rbbp6	0.0645504278406152	-0.336141294686813	0.786	0.55	1
Kidins220	0.0646108545935952	-0.514851114574726	0.529	0.389	1
Nup210	0.065061479063664	-0.276347899246113	0.72	0.446	1
Nr2c2	0.0651720778454763	-0.406281392182099	0.77	0.519	1
Dph6	0.0681658649222905	-0.396971107125278	0.292	0.208	1
Rps27rt	0.0686626305987115	-0.309353802362809	0.257	0.184	1
Nme7	0.069679284759019	-0.273051244448898	0.204	0.151	1
Zcchc2	0.0701529464295534	-0.386455460829633	0.31	0.218	1
Sdha	0.0716437056794361	-0.340440074871286	0.681	0.407	1
Grap	0.0729682521574387	-0.36621535285715	0.657	0.403	1
Gtdc1	0.0732175822043261	-0.262454923614008	0.641	0.442	1
Zfp942	0.0742497477575052	-0.363853013662551	0.292	0.207	1
Ypel3	0.0744040779581661	-0.37455209743678	0.589	0.37	1
Znfx1	0.0784141885891431	-0.447457342209282	0.21	0.199	1
Enox2	0.0798400511333859	-0.429816231754894	0.375	0.269	1
Lrif1	0.0813178811141456	-0.38460219037177	0.394	0.27	1
Zbtb9	0.0822714235355559	-0.256125751291339	0.091	0.104	1
Synrg	0.0859747619541038	-0.405034013277072	0.5	0.326	1
Xpr1	0.0877782499130999	-0.35093519644996	0.634	0.406	1
5031425E22Rik	0.0878556009523671	-0.293039156513142	0.658	0.424	1
Cop1	0.090993856581375	-0.338089449771522	0.653	0.408	1
Washc3	0.0924399345761776	-0.442226053883305	0.441	0.295	1
N4bp2l2	0.094315823384267	-0.342494417592303	0.803	0.543	1
Ctss	0.0949888592772507	-0.367764124220085	0.63	0.395	1
Ube3c	0.0952872550728457	-0.354673776967675	0.596	0.383	1
Trac	0.0959312676312912	-0.374101092774242	0.712	0.427	1
Spata13	0.0967728926874025	-0.439129830905805	0.6	0.444	1
Dram2	0.0985700250498003	-0.275387021338076	0.217	0.161	1
Gon4l	0.100020440225661	-0.397740494351638	0.632	0.387	1
Hsph1	0.100186509158733	-0.507297440631145	0.31	0.267	1
Txlng	0.100412105639478	-0.439727111663971	0.447	0.297	1
Pisd	0.102534651888924	-0.29503658789723	0.106	0.115	1
Chd9	0.103169553422699	-0.448683686674839	0.511	0.337	1
Slc39a11	0.103240762561317	-0.301554123294969	0.195	0.145	1
Hdac4	0.106880703318519	-0.278220177967479	0.669	0.426	1
Arhgap12	0.108297825328481	-0.38160790956257	0.352	0.247	1
Dym	0.110171471392647	-0.538063823685275	0.425	0.332	1
Jmy	0.110609346275519	-0.398240592722339	0.273	0.246	1
Rsf1os1	0.111773511487705	-0.317956807362945	0.25	0.184	1
Tnks2	0.112867039304599	-0.333793325538886	0.745	0.525	1
Max	0.113385272234802	-0.484422812411204	0.476	0.358	1
Rasa1	0.11672780810542	-0.397880811961942	0.75	0.51	1
Add1	0.117692730370276	-0.321321971343364	0.765	0.472	1
Pgs1	0.120082729598577	-0.398334991844671	0.387	0.266	1
Prkdc	0.120594239097489	-0.367526479363169	0.446	0.302	1
Txndc16	0.121189011755914	-0.440962661764749	0.193	0.184	1
Arhgap1	0.121309123815391	-0.418445098151772	0.476	0.312	1
Alkbh8	0.123751171193597	-0.397536134596833	0.362	0.252	1
Polr1a	0.125206071362467	-0.360114993653717	0.178	0.173	1
Tmcc1	0.127773361128878	-0.407422014720866	0.647	0.433	1
Rapgef1	0.128209348679236	-0.471871746469312	0.647	0.449	1
Pibf1	0.128336384533424	-0.450826332711462	0.363	0.253	1
Etv3	0.129067204926107	-0.386474434592129	0.37	0.257	1
Gm16124	0.12996790737324	-0.273705775750794	0.102	0.11	1
Fry	0.130599965187891	-0.56362869014808	0.314	0.274	1
Tmem241	0.131397851248419	-0.338979893615816	0.226	0.17	1
Dcaf5	0.135833089385461	-0.495645370358733	0.557	0.405	1
Aig1	0.139185639236972	-0.365927145089161	0.27	0.199	1
Fam168a	0.139305424038658	-0.471208319729957	0.497	0.33	1
Epb41l4aos	0.139375690677382	-0.291441849072572	0.217	0.162	1
Bclaf1	0.141098702689642	-0.250714579894322	0.847	0.591	1
Ppp1r9b	0.141622140296976	-0.325497573529214	0.246	0.181	1
Psmb10	0.146227744895871	-0.349507860469671	0.669	0.416	1
Gm4258	0.146337719771368	-0.297348348782582	0.138	0.142	1
Tlk2	0.146338161655214	-0.341246866675319	0.677	0.425	1
Ankmy2	0.147541820491947	-0.285813644786461	0.196	0.149	1
Ankhd1	0.153318512939216	-0.299357286520347	0.816	0.566	1
Atxn7l3b	0.153716755264316	-0.366411654028422	0.594	0.376	1
Zfp329	0.153997447961136	-0.296843513354217	0.215	0.16	1
Gm48765	0.154669759559197	-0.254798123023657	0.135	0.104	1
Aatf	0.1562199950111	-0.451199870695551	0.399	0.275	1
Taok1	0.157370136299017	-0.436246093952042	0.693	0.47	1
Rab3gap1	0.157867315349024	-0.327892111055402	0.694	0.434	1
Sos1	0.16165989506824	-0.408989445409287	0.475	0.323	1
Setd4	0.162569356598763	-0.285581223212608	0.119	0.124	1
Usp15	0.163754002682506	-0.301317388483484	0.849	0.58	1
Smad5	0.163939040650788	-0.263610390077222	0.189	0.144	1
Kantr	0.166033002679375	-0.271586326355144	0.18	0.137	1
Nop10	0.166317151626402	-0.398011492682503	0.718	0.476	1
Ubr1	0.16963182664854	-0.416506242933575	0.582	0.373	1
Ehd3	0.170471184427107	-0.366545414194987	0.191	0.181	1
Orai2	0.180372343090945	-0.452757731556031	0.365	0.296	1
Usp12	0.182407908978373	-0.410216789003998	0.389	0.27	1
Xpnpep3	0.193737944053491	-0.277761956200459	0.165	0.128	1
Gm12353	0.195891202138418	-0.25718646228225	0.139	0.109	1
Pkn2	0.202803991171938	-0.368200491067751	0.766	0.514	1
Lysmd4	0.205217440038655	-0.445378477307889	0.212	0.194	1
Pura	0.205357660034016	-0.406099045959478	0.731	0.486	1
Fgfr2	0.206495128382087	-0.470616635105638	0.489	0.366	1
Sh2d3c	0.208808891674382	-0.342800220969782	0.319	0.233	1
Ubxn4	0.213187759432578	-0.265314009768969	0.807	0.501	1
Nub1	0.218885326849431	-0.415113147863213	0.576	0.368	1
Idnk	0.220352967200371	-0.421026528746253	0.528	0.346	1
Usp33	0.22053349350713	-0.452473824511083	0.235	0.21	1
Mcmbp	0.222550012870793	-0.333256894063466	0.702	0.443	1
Gm38604	0.223432688512037	-0.330211423103084	0.114	0.117	1
Lrp6	0.224303847873325	-0.480334944409721	0.378	0.302	1
Kif21b	0.228987989356834	-0.440997472339672	0.632	0.442	1
Gm4876	0.229913333278885	-0.45105770150677	0.303	0.258	1
Lats2	0.23259008355079	-0.254370075983595	0.237	0.183	1
Gm43713	0.232684668098195	-0.258396818923185	0.171	0.134	1
Atp11c	0.23325019934834	-0.5657102750934	0.52	0.387	1
Parp6	0.235043076547089	-0.254961154873429	0.11	0.114	1
Ube2d1	0.245560131221352	-0.480982348739344	0.28	0.238	1
Vps13c	0.247749759157824	-0.495892650246633	0.389	0.307	1
Rffl	0.248145295748664	-0.3793825916451	0.176	0.168	1
Spop	0.250866932655794	-0.357354173267409	0.741	0.467	1
Cox16	0.252205839469996	-0.510294332581041	0.751	0.497	1
Gramd1a	0.256508526359358	-0.48441326959077	0.575	0.403	1
Ppp1r12b	0.258848908457496	-0.466365768869426	0.392	0.277	1
Sltm	0.259550134655824	-0.255399979722994	0.854	0.605	1
Wdr44	0.261808418732549	-0.427094430035416	0.492	0.334	1
Nt5dc1	0.262404424620059	-0.561579070339794	0.554	0.398	1
Bcl6	0.262788320316252	-0.258073141696602	0.219	0.208	1
Krit1	0.263679252442856	-0.392275954456872	0.663	0.425	1
Apc	0.264926621674149	-0.43378693986199	0.725	0.487	1
Zfp518a	0.266662306756156	-0.306445195494858	0.207	0.16	1
Gpatch8	0.269470041280002	-0.284101873472134	0.851	0.583	1
N4bp2	0.269854559645146	-0.455144157321842	0.384	0.269	1
Trappc12	0.270378691712821	-0.386743944932526	0.321	0.235	1
Snx29	0.275691860861978	-0.470447591328234	0.279	0.239	1
Zfp277	0.277906722989774	-0.442102813782076	0.363	0.258	1
Scp2	0.281196483215712	-0.369743029914383	0.769	0.492	1
Mindy2	0.281727918933248	-0.403504140920223	0.603	0.39	1
Trim25	0.282211278523291	-0.374936578646185	0.289	0.216	1
Trpm7	0.284742733168513	-0.278096026531788	0.773	0.487	1
Zfp236	0.286201981917031	-0.389017260531411	0.359	0.257	1
Ino80	0.294834400846261	-0.364185731583484	0.583	0.384	1
Ncoa1	0.295324690759122	-0.509072576267436	0.619	0.445	1
Ddx10	0.300054479486795	-0.515684677968836	0.58	0.407	1
Ldb1	0.30257388373628	-0.486235107811981	0.412	0.314	1
Gbp6	0.302716522930309	-0.415919921980428	0.215	0.198	1
Atp13a3	0.304195858366207	-0.303395603610508	0.763	0.482	1
Tspan13	0.30571843836522	-0.350080998226364	0.496	0.341	1
Ust	0.309298104390804	-0.501363825638571	0.233	0.213	1
Nfkbiz	0.312448595432249	-0.253721942569728	0.501	0.371	1
Ralgapb	0.316914601849253	-0.473736961355475	0.432	0.297	1
Mapkap1	0.321140053303153	-0.423513803074139	0.607	0.39	1
Il17ra	0.327188864036196	-0.398515405129538	0.485	0.332	1
Synj2bp	0.327191726781945	-0.511284646915887	0.6	0.413	1
Tmem131	0.329443751308985	-0.448613424691506	0.583	0.407	1
Atxn2	0.331441487886306	-0.390833846299639	0.381	0.273	1
Lrrc28	0.33558983227885	-0.314871985725226	0.177	0.14	1
Arhgap4	0.341666085988023	-0.415422774211141	0.588	0.38	1
Rc3h1	0.342425558806855	-0.298388206367993	0.757	0.474	1
Ythdf3	0.345278063597253	-0.349788727316894	0.739	0.497	1
Lrch3	0.361960735588908	-0.275444327901924	0.812	0.557	1
Ankfy1	0.363470732096729	-0.446418087636962	0.443	0.307	1
Rnf38	0.364767678587373	-0.50403031251442	0.469	0.346	1
Tbl1xr1	0.364873527614107	-0.427759798621092	0.696	0.475	1
Ttc17	0.367214746560558	-0.500105484393251	0.422	0.324	1
Zfp1	0.375870353243723	-0.434178094504983	0.271	0.23	1
Fars2	0.37722270789828	-0.492013807969661	0.633	0.436	1
Ly9	0.380386405334049	-0.384872382747439	0.235	0.205	1
Trim5	0.382848834466151	-0.337669207480173	0.21	0.165	1
Arhgef6	0.383552363627757	-0.460613943356241	0.627	0.429	1
Prr14l	0.385547791766141	-0.311223145317577	0.668	0.438	1
Pias2	0.390869757001428	-0.414623551967853	0.536	0.358	1
Agk	0.391003489954606	-0.479841331868529	0.262	0.225	1
Gngt2	0.399364288985917	-0.335163254612869	0.185	0.169	1
Letm2	0.402176172646251	-0.288998865624733	0.144	0.138	1
Fam214a	0.40292759542308	-0.357420103285546	0.25	0.194	1
Micall1	0.404096448408867	-0.397697592712906	0.185	0.168	1
Exoc6	0.405470747417084	-0.493101184398453	0.384	0.301	1
Tapt1	0.406054166436831	-0.454404621243318	0.433	0.301	1
Ubr3	0.412751518016142	-0.378926207051285	0.651	0.417	1
Pim2	0.413072236950875	-0.259950354066366	0.161	0.13	1
Tmem260	0.413708262998694	-0.38818987254557	0.173	0.159	1
Rftn1	0.417818800686364	-0.361288826378446	0.707	0.484	1
Nt5c3	0.419229077940066	-0.437542395081965	0.338	0.246	1
Mitd1	0.422220946530323	-0.492595770451332	0.417	0.316	1
Gm30054	0.423150616926537	-0.319759112331236	0.206	0.164	1
Rsbn1	0.431885712184584	-0.321702576158224	0.635	0.423	1
Ttc7b	0.43492156095482	-0.41832903415958	0.274	0.231	1
Gapvd1	0.438892243904494	-0.367563863117632	0.693	0.44	1
Smc4	0.439954401221349	-0.315313327805099	0.944	0.802	1
Dnajb9	0.440498757770265	-0.482572406068367	0.325	0.261	1
Zbp1	0.443579436200672	-0.555175757080382	0.48	0.358	1
Hsdl1	0.447128995808599	-0.387150166717426	0.201	0.179	1
2610037D02Rik	0.449129514245913	-0.489547297966856	0.294	0.243	1
Fam120b	0.451075721929675	-0.373172621285961	0.313	0.235	1
Mkln1	0.451294077574116	-0.305658113659783	0.81	0.543	1
Abl2	0.454886888790403	-0.48990958366852	0.366	0.29	1
Dnajc7	0.459151129527668	-0.273096522351411	0.81	0.499	1
Kcnmb4	0.460463170341625	-0.358591666615136	0.296	0.252	1
Zscan26	0.46083611016091	-0.337110259816726	0.244	0.189	1
Asb3	0.462817513736664	-0.503029078828777	0.559	0.395	1
Rinl	0.468287385893772	-0.328159069253543	0.749	0.506	1
Fam149b	0.469482799212199	-0.370168957449051	0.235	0.184	1
Osbpl9	0.469645594078342	-0.273847909690258	0.711	0.479	1
Fez2	0.470153524789119	-0.278306885608838	0.175	0.142	1
B4galnt1	0.472225782391053	-0.363603603234279	0.575	0.407	1
Zfp592	0.473860025608593	-0.445588902052816	0.531	0.353	1
Gucd1	0.474554426649346	-0.331958900837275	0.148	0.139	1
Pias1	0.475394018201871	-0.338216046304336	0.763	0.503	1
Hmbox1	0.476500389872958	-0.509217194100077	0.403	0.308	1
Sppl3	0.480875527182581	-0.347986422246539	0.699	0.45	1
Sorl1	0.482111543764648	-0.261473905851653	0.223	0.179	1
Strbp	0.484347495091126	-0.398538664321737	0.67	0.438	1
Gm36756	0.486584617774697	-0.392201405975665	0.257	0.217	1
Mef2d	0.486656528009566	-0.328667056041171	0.645	0.423	1
Rsf1	0.489514885014529	-0.279105594341758	0.829	0.563	1
Prkcz	0.489997969667013	-0.262219224597482	0.13	0.125	1
Akap10	0.491521613001004	-0.497907596830515	0.536	0.383	1
Slc38a9	0.494242342993697	-0.447730486435431	0.255	0.217	1
Msra	0.49474266723766	-0.471722064856549	0.418	0.302	1
Fbxl12	0.498520502571217	-0.300739541775052	0.202	0.162	1
Gprasp1	0.49914749162657	-0.418419572877535	0.255	0.217	1
Btbd7	0.500259664005879	-0.417620331586545	0.684	0.459	1
Zfp984	0.502817076276697	-0.302036319374743	0.162	0.149	1
Armc8	0.504500214655973	-0.456901857911591	0.399	0.285	1
Afg1l	0.504652324016428	-0.396985552502324	0.222	0.177	1
Nfe2l2	0.507310032472079	-0.440740977255889	0.354	0.279	1
Exoc6b	0.510857279979493	-0.422420936759056	0.547	0.38	1
Dcaf17	0.512497415177229	-0.383164442110182	0.268	0.206	1
Plcl1	0.515923855033885	-0.479683614153868	0.225	0.184	1
Dcp1b	0.52124194488141	-0.318212884614596	0.161	0.148	1
Ttyh3	0.527730744631199	-0.330196435773554	0.195	0.173	1
Inpp5f	0.535257784163264	-0.392043467667361	0.301	0.23	1
Acap2	0.537661518779662	-0.388728755836873	0.692	0.439	1
Ngly1	0.539439202196777	-0.423221993650101	0.427	0.301	1
Pkn1	0.54507168325483	-0.363857585182514	0.709	0.441	1
Gm44686	0.546563116398354	-0.416970770858753	0.461	0.322	1
Git2	0.552318996330269	-0.335255402851856	0.773	0.511	1
Klhl24	0.556071896101164	-0.446672926045548	0.427	0.302	1
Trpc4ap	0.56607053024426	-0.352244054558478	0.705	0.445	1
Ube2r2	0.57251728168526	-0.428168573825194	0.719	0.47	1
Gm26510	0.573159333547063	-0.507037591639312	0.295	0.241	1
Sec24b	0.59123223026492	-0.436383975665507	0.576	0.378	1
Chordc1	0.602928818508729	-0.348250936201534	0.662	0.424	1
Ccdc125	0.609036936575242	-0.29521435803155	0.125	0.117	1
H2-T22	0.611454111547942	-0.444896998029131	0.367	0.268	1
Nav2	0.616943356341577	-0.307956073579978	0.211	0.177	1
Baz2a	0.643293853907971	-0.457870356715728	0.59	0.402	1
Tom1l2	0.643792596077269	-0.460638249779848	0.268	0.222	1
Spsb1	0.648453222554555	-0.370192829571905	0.196	0.173	1
Eif4ebp2	0.651626284602751	-0.325577971644757	0.776	0.498	1
Map2k4	0.664930763653417	-0.491413264466044	0.554	0.386	1
Slc35b3	0.665082167586602	-0.453277262198804	0.43	0.319	1
Ice1	0.670747109751279	-0.421150637844504	0.33	0.249	1
Prex1	0.692312283814032	-0.271840158496851	0.707	0.484	1
Gm13708	0.697650199144177	-0.269805059427431	0.163	0.137	1
Lgals8	0.697853148562445	-0.349826032048239	0.245	0.194	1
Bach1	0.701361545085838	-0.290894468320585	0.158	0.133	1
Tut7	0.702343193358854	-0.297950661810192	0.801	0.528	1
Tmtc2	0.707395252136273	-0.270104897578344	0.117	0.111	1
Setd5	0.716017915319382	-0.310460905031574	0.82	0.542	1
Gimap9	0.718708061602878	-0.369140364930258	0.725	0.482	1
Ehmt1	0.72006789355163	-0.414820930912705	0.589	0.405	1
Gm12216	0.725175258356845	-0.336743063420022	0.222	0.191	1
Pde6h	0.727348970554677	-0.280716165901054	0.144	0.131	1
Jade2	0.73189371473672	-0.356731773730213	0.211	0.18	1
Ndufs4	0.732261398495314	-0.300289918989866	0.839	0.542	1
Crtc3	0.736304356322912	-0.415254315304468	0.705	0.468	1
Gm27008	0.741549544886962	-0.365996017018516	0.188	0.165	1
Hlcs	0.751192382894911	-0.413111574318419	0.247	0.208	1
Bcl9l	0.755824266025181	-0.35164819544587	0.217	0.184	1
Esco1	0.756340652864391	-0.412939586839936	0.701	0.446	1
Ube4a	0.757072404955578	-0.447209276175583	0.376	0.287	1
Rgs14	0.760900424239494	-0.315036559859957	0.188	0.164	1
Pvt1	0.769533534300394	-0.353920569445993	0.387	0.297	1
Lgals9	0.771783035709078	-0.436553334687315	0.518	0.356	1
Ppp4r3b	0.77429296948827	-0.342460769719589	0.782	0.499	1
Ifih1	0.779443808593604	-0.503346492610246	0.245	0.207	1
Mettl9	0.78803190730411	-0.521842724706256	0.454	0.326	1
BC005561	0.790115047356182	-0.346927498661079	0.2	0.167	1
Tbc1d5	0.794191166561942	-0.48750538015998	0.588	0.417	1
Wars2	0.794506303128407	-0.318357718681043	0.137	0.125	1
Tk2	0.794799066071028	-0.260193038039576	0.136	0.117	1
Zfp943	0.794812210356292	-0.297683509969426	0.157	0.134	1
Pcmtd1	0.799792241224279	-0.43995335748981	0.584	0.393	1
Slc39a10	0.803805793228034	-0.259738502743504	0.139	0.126	1
Rev1	0.804031733225558	-0.329341311303563	0.204	0.177	1
Daxx	0.808452759483068	-0.559773777180319	0.316	0.246	1
Avl9	0.81136650422147	-0.448574997324647	0.572	0.383	1
Relch	0.813736732784697	-0.441165666367578	0.589	0.401	1
Trp53inp1	0.813820190286633	-0.285854691495065	0.615	0.445	1
Tulp4	0.820516124778974	-0.466982824548458	0.441	0.317	1
Kmt2d	0.825513926714663	-0.466532127627329	0.399	0.295	1
AI467606	0.826372950440197	-0.456854699457958	0.403	0.3	1
Pikfyve	0.830175261003419	-0.335620506091989	0.194	0.168	1
Hdgfl3	0.842454228162701	-0.268381488168783	0.145	0.127	1
Zfp654	0.842698811461173	-0.465371518170262	0.562	0.392	1
Ppp6r3	0.851660219923478	-0.294997137885937	0.789	0.51	1
Rbm26	0.853480133279138	-0.351323633855229	0.729	0.464	1
Sipa1l3	0.854030605128336	-0.390523656437356	0.213	0.175	1
Invs	0.858717078155175	-0.343563434037956	0.153	0.133	1
Abhd18	0.863386316737037	-0.293948836207836	0.169	0.145	1
Zbtb37	0.871472860394016	-0.269502423257425	0.139	0.125	1
Rars2	0.873328906171263	-0.316711759921958	0.152	0.135	1
Slc17a9	0.88892201970533	-0.265015705452227	0.137	0.124	1
Uri1	0.889107450953581	-0.390699510758276	0.633	0.418	1
Numa1	0.903689044347846	-0.320599679138707	0.745	0.488	1
Upf2	0.90519139943902	-0.402216961930036	0.68	0.435	1
Banp	0.907377925455997	-0.461829738758025	0.409	0.301	1
Ldah	0.914709179804158	-0.440226817560754	0.331	0.255	1
Itpr3	0.922167615266155	-0.303262394380962	0.174	0.151	1
Zfp369	0.925613160538053	-0.26822405588882	0.15	0.13	1
Tsc22d3	0.931975771123957	-0.439349830120073	0.417	0.312	1
Rnf19a	0.933087623869412	-0.405442925357227	0.693	0.456	1
Zfp438	0.934512333553112	-0.33362334512907	0.153	0.136	1
Atf2	0.938332055962818	-0.447526472067086	0.596	0.398	1
Tnpo1	0.940873044491411	-0.382445988435136	0.674	0.44	1
Gm11361	0.955255739091518	-0.333507024048715	0.675	0.438	1
Rasal3	0.961784600019515	-0.386729839713844	0.644	0.42	1
Lfng	0.966881690045029	-0.404000955887873	0.32	0.249	1
Itm2a	0.973477953812396	-0.451720084150404	0.295	0.236	1
Dusp7	0.973949638048401	-0.255365204112598	0.15	0.131	1
Snrk	0.974020653855867	-0.458408635684714	0.348	0.264	1
Pdpk1	0.976507208280522	-0.372191885725898	0.712	0.454	1
Galnt11	0.980107897398941	-0.348228720970867	0.252	0.206	1
Gse1	0.984083098636299	-0.455967619859692	0.38	0.284	1
Glg1	0.984543567855824	-0.348687843074379	0.773	0.503	1
Nars2	0.986026829692205	-0.335829868111559	0.182	0.157	1
Sec16a	0.989257765018153	-0.387959874427959	0.266	0.215	1
Slc37a1	0.994728830139113	-0.334739953932783	0.187	0.159	1
