p_val	avg_log2FC	pct.1	pct.2	p_val_adj
Aff3	0	-2.88309515060009	0.143	0.91	0
Ctla4	0	3.84824230785078	0.997	0.29	0
Icos	0	2.87905910548659	0.971	0.213	0
Tmem163	0	2.69591173662122	0.781	0.021	0
Atp2b4	0	2.06993755994484	0.877	0.03	0
Fam129a	0	2.40243129834629	0.892	0.045	0
Lamc1	0	2.22431288285757	0.839	0.028	0
Rabgap1l	0	2.46334594110852	0.997	0.662	0
Camk1d	0	-1.58964521507691	0.897	0.982	0
Prkcq	0	-2.03009250819195	0.696	0.957	0
Vim	0	2.53613041287277	0.965	0.343	0
Rpl12	0	-1.3719006885229	0.997	1	0
Arhgap15	0	-1.93383069569248	0.984	0.999	0
Neb	0	2.00259548236362	0.81	0.072	0
Itgav	0	2.75733921364907	0.915	0.191	0
Ptprj	0	2.24419563676149	0.827	0.048	0
S100a13	0	1.62681004653837	0.937	0.294	0
S100a4	0	4.82439027165979	0.988	0.023	0
S100a6	0	4.06459750886678	0.913	0.024	0
S100a11	0	2.78517363384592	0.978	0.188	0
S100a10	0	3.0018600306161	0.997	0.545	0
Lef1	0	-3.16055263158021	0.378	0.97	0
Rps20	0	-1.13450924339211	0.997	1	0
Bach2	0	-2.30495779966529	0.448	0.967	0
Tnfrsf1b	0	2.07524655989507	0.921	0.097	0
Tnfrsf9	0	2.09937324364263	0.782	0.073	0
Tnfrsf4	0	2.33580260506413	0.883	0.126	0
Rbpj	0	2.16262668659215	0.901	0.216	0
Rpl5	0	-1.06831863172749	0.997	0.999	0
Kdm2b	0	2.13382391726222	0.931	0.249	0
Rilpl2	0	1.62801146772596	0.782	0.065	0
Hip1	0	2.44606766485125	0.845	0.024	0
Cdk8	0	-1.78043230461821	0.755	0.95	0
Osbpl3	0	1.84275339622838	0.799	0.033	0
Capg	0	2.65516254013456	0.973	0.128	0
Foxp1	0	-2.69068554452801	0.632	0.989	0
Irak2	0	2.17211861185338	0.895	0.1	0
Lag3	0	2.97372332237885	0.933	0.028	0
Ptms	0	2.29296662759492	0.928	0.16	0
Rps19	0	-1.13635730904426	0.996	1	0
Fxyd5	0	1.55973358949475	0.994	0.807	0
Nkg7	0	3.07453533591429	0.765	0.024	0
Rpl13a	0	-1.17806532415711	0.999	1	0
AU020206	0	1.92588941211184	0.934	0.286	0
Rps17	0	-1.36332315979942	0.966	0.997	0
Dusp4	0	1.40128840333879	0.712	0.04	0
Maf	0	3.50126906201014	0.976	0.051	0
Ubash3b	0	2.81461550448569	0.981	0.243	0
Anxa2	0	1.81302324035694	0.767	0.045	0
Nt5e	0	3.20559888248535	0.943	0.043	0
Cmtm7	0	2.1524656041201	0.931	0.186	0
Ccr2	0	2.64187923495676	0.769	0.008	0
Ifngr1	0	2.14954799862757	0.972	0.315	0
Scml4	0	-2.66148379397404	0.141	0.844	0
Srgn	0	2.61578874109047	0.995	0.572	0
Eea1	0	2.51372780166359	0.903	0.165	0
Tcf7	0	-2.84527000898221	0.051	0.893	0
Timp2	0	1.83127191829215	0.909	0.151	0
Actg1	0	1.85916884628323	0.998	0.865	0
Odc1	0	2.09647145063357	0.813	0.132	0
Crip1	0	2.29113083560959	0.969	0.454	0
Atxn1	0	2.21067482465511	0.957	0.229	0
Aopep	0	1.79852230271268	0.966	0.434	0
Glrx	0	2.08400240570968	0.867	0.046	0
Rps24	0	-0.810232826722596	1	1	0
Lgals3	0	2.5052118525312	0.702	0.026	0
Ltb4r1	0	1.83693804479104	0.722	0.013	0
Ctsb	0	1.89635358058716	0.898	0.148	0
Gm2682	0	-3.2194880410439	0.312	0.968	0
Sla	0	1.63453165399836	0.947	0.34	0
Il2rb	0	2.30492101461053	0.953	0.124	0
Lgals1	0	3.35245707133579	0.989	0.262	0
Prr13	0	1.48854619730659	0.827	0.124	0
Litaf	0	1.79688905267063	0.756	0.023	0
Arhgap31	0	2.20282919482727	0.939	0.305	0
Alcam	0	2.31106054260033	0.678	0.022	0
Cmss1	0	-1.9373444968737	0.984	0.998	0
Samsn1	0	1.87144550826742	0.877	0.2	0
D16Ertd472e	0	1.6145498484746	0.898	0.217	0
Snx9	0	2.25168837622551	0.863	0.026	0
Pim1	0	2.52063742209394	0.962	0.299	0
Gm42418	0	-1.91326587609892	1	1	0
AY036118	0	-2.24912089293819	0.987	0.997	0
Runx2	0	2.01647002179399	0.804	0.071	0
Ccnd3	0	-3.1446863129849	0.542	0.985	0
Satb1	0	-2.29588831132498	0.457	0.973	0
Ndfip1	0	1.70234867658145	0.991	0.681	0
Ahnak	0	2.55394816923996	0.936	0.042	0
AW112010	0	2.82165173528912	0.995	0.411	0
Ms4a4b	0	-3.49119177598437	0.057	0.947	0
Mxi1	0	2.37905431262067	0.915	0.15	0
Foxp3	0	1.80818242227227	0.825	0.044	0
Junb	9.65273371377627e-308	1.83467018490141	0.981	0.663	3.11638507949267e-303
Socs2	5.82149128651526e-305	1.54596104162151	0.729	0.055	1.87946846185145e-300
Arl5a	2.98846133768828e-304	1.73354009388185	0.816	0.137	9.64824742872661e-300
St6gal1	3.08712111494688e-304	-2.09315039214459	0.082	0.738	9.96677051960599e-300
Rps16	2.39217603813559e-300	-0.829123413380154	0.997	1	7.72314033912074e-296
Pglyrp1	2.9174135555423e-300	1.54234071108532	0.697	0.041	9.41886966406833e-296
Evl	4.25696316387535e-300	-2.03418050938195	0.054	0.695	1.37436055745716e-295
Crem	1.14407624943688e-299	1.93052973703551	0.807	0.136	3.69365017130697e-295
Podnl1	8.04695957206743e-299	1.30479887775689	0.674	0.029	2.59796089784197e-294
Cysltr2	2.62574525676224e-298	1.91265994311153	0.68	0.034	8.47721856145688e-294
Sept11	6.57618842480407e-296	1.51288845063901	0.796	0.117	2.12312243294799e-291
Rps6	3.84391665180987e-295	-1.05046770857621	0.987	0.998	1.24100849103682e-290
Raph1	2.44987025755482e-293	1.5175907884259	0.678	0.035	7.90940612651573e-289
Dusp16	8.55115050282464e-293	1.75922254960687	0.714	0.062	2.76073893983694e-288
Myo1f	1.97454478221922e-292	1.4722207414231	0.666	0.029	6.37481782939474e-288
Gapdh	1.17723711105422e-290	1.39553324777491	0.981	0.675	3.80071001303854e-286
Tpm4	1.33859140211725e-290	1.46664505115758	0.941	0.375	4.32164234173554e-286
Oaz1	1.36028754308611e-290	1.07246862624345	0.994	0.877	4.39168833285351e-286
Rpl23a	4.45883434795639e-290	-0.974904158520383	0.995	0.999	1.43953466923772e-285
St8sia1	1.75925053835366e-289	-2.06427478228687	0.029	0.659	5.6797403630748e-285
Rps27a	8.9730268879083e-288	-0.852922870912997	0.999	0.999	2.8969417307612e-283
Rps4x	2.93210310573629e-285	-0.909537233907727	0.997	0.999	9.46629487686961e-281
Skap1	1.27222943395009e-284	-1.33723250614388	0.962	0.991	4.10739272750785e-280
Gm2a	1.61118616097541e-284	1.47905499427266	0.855	0.196	5.2017145207091e-280
Dennd4a	2.76020137220934e-282	2.00628941118621	0.859	0.239	8.91131013017786e-278
Dgat1	9.17331573926981e-282	1.45193927409126	0.728	0.077	2.96160498642326e-277
A430093F15Rik	3.70760639961766e-281	1.35400845657262	0.701	0.056	1.19700072611656e-276
Tnfrsf18	4.5596210135815e-280	1.50991004588407	0.853	0.191	1.47207364423479e-275
Gm45716	1.02179443435015e-279	1.58277901705241	0.68	0.048	3.29886333129946e-275
Gadd45b	1.05000544408442e-279	1.92276178719765	0.7	0.066	3.38994257622655e-275
Ehd1	1.75489393993738e-279	1.26208460993397	0.648	0.03	5.66567508508785e-275
Rpl8	5.13987629857754e-279	-0.883743657420211	0.997	0.999	1.65940906299576e-274
Nfil3	1.53999681244865e-278	1.23791148234597	0.619	0.016	4.97187970899045e-274
Ikzf1	3.93359419334296e-278	-1.44814864803339	0.89	0.977	1.26996088532077e-273
Rora	1.53678082625643e-276	1.75745510222316	0.761	0.112	4.9614968975689e-272
Sh3bgrl3	3.86484457761436e-275	1.26336401889828	0.991	0.691	1.2477650718828e-270
Rbm3	4.42577258118026e-275	1.33119177400856	0.979	0.602	1.42886067783405e-270
Cxcr3	8.50239008297947e-275	1.3070511098464	0.605	0.013	2.74499663828992e-270
Mdfic	8.70997416452371e-274	1.48535311988316	0.665	0.046	2.81201515901648e-269
Themis	1.03544563706244e-272	-1.81758208986233	0.646	0.938	3.34293623925609e-268
Cst7	1.7254485920836e-272	1.34093839337641	0.643	0.033	5.57061077954192e-268
Mxd1	2.6131959494812e-271	1.56841669777889	0.759	0.117	8.43670312290004e-267
Ccr5	6.41243717134859e-270	1.56831032837213	0.6	0.012	2.07025534076989e-265
Hif1a	1.04827432589379e-267	1.61638621598831	0.91	0.328	3.3843536611481e-263
Chst11	1.56425636662372e-267	1.48053511120182	0.628	0.03	5.05020167964467e-263
Ccl5	1.28407841544709e-266	4.07710344845161	0.598	0.017	4.14564716427093e-262
Rgs1	1.47269429622969e-266	1.80021255693326	0.733	0.105	4.75459353537756e-262
Stx11	7.22740556188919e-266	1.49449508238883	0.634	0.033	2.33336788565593e-261
Tespa1	4.98967282460984e-265	-1.88975000526039	0.052	0.642	1.61091587142529e-260
Rpl31	6.75519434468088e-264	-1.10129996920081	0.941	0.982	2.18091449418022e-259
Uba52	2.42111071636151e-260	1.26454186332897	0.93	0.357	7.81655594777313e-256
Fth1	7.02762915611079e-259	1.17013841965605	0.999	0.961	2.26887007305037e-254
Rps15	3.00163946916005e-258	-0.851833050231794	0.993	0.999	9.69079302618323e-254
Maml2	3.75168944839086e-257	-1.94292021709518	0.529	0.903	1.21123293841299e-252
Rab43	5.27480352137626e-256	1.40063218948016	0.813	0.169	1.70297031687633e-251
Crlf2	4.35148963143194e-255	1.23001753934294	0.738	0.105	1.4048784275078e-250
Sdcbp2	4.79404899374725e-255	1.08971174220305	0.621	0.035	1.5477587176313e-250
Ell2	1.25289350951861e-254	1.64114921701957	0.596	0.026	4.04496669548084e-250
Actn1	2.54394986764301e-254	-1.76994559360269	0.245	0.752	8.21314214768547e-250
Lclat1	4.032087113038e-252	1.41521009085085	0.743	0.121	1.30175932444432e-247
Sdf4	1.75037272398743e-251	1.70989376923552	0.923	0.42	5.65107833939343e-247
Mmd	8.53342993149586e-251	1.56474514418475	0.75	0.131	2.75501785338344e-246
Bcl11b	1.95288503214963e-249	-1.46464409559553	0.807	0.945	6.30488932629507e-245
Ubb	5.3705248409397e-248	1.03308124578597	0.997	0.964	1.73387394489738e-243
Reep5	2.8497706030067e-247	1.26235994489536	0.905	0.296	9.20048439180712e-243
Dusp5	6.60172197943343e-247	1.30099360573266	0.734	0.115	2.13136594106008e-242
Pag1	1.03251569712827e-246	-1.80065972070871	0.196	0.734	3.33347692817863e-242
Fnbp1	4.93448358498948e-246	1.26693308009945	0.975	0.689	1.59309802541385e-241
Tgfbr2	1.30280231548023e-241	-1.69974304938198	0.433	0.819	4.20609727552793e-237
Tmsb4x	2.83082837485292e-240	0.857479117160418	1	1	9.13932940821264e-236
Cox8a	6.12652260520032e-240	1.1221477875638	0.974	0.669	1.97794782308892e-235
Gpr68	9.49871930027569e-239	1.09739348489192	0.611	0.045	3.06666152609401e-234
Atf6	9.62285315263253e-239	1.18406318236829	0.626	0.051	3.10673814032741e-234
Morrbid	1.58455743615595e-238	1.31999360607579	0.553	0.016	5.11574368262949e-234
Galnt10	3.17544723393595e-238	-1.75517796772198	0.122	0.66	1.02519313947622e-233
Rps29	2.40961781084475e-237	-0.746097495672177	0.997	1	7.77945110231228e-233
Casp3	3.19670023898733e-237	1.13112779652591	0.647	0.061	1.03205467215706e-232
Il10	1.6784901708111e-236	2.24020326518864	0.54	0.01	5.41900551646364e-232
Ripor2	6.7021555231525e-236	-1.40636238896652	0.787	0.965	2.16379091064978e-231
Cd80	1.75501972521229e-235	1.37179921654753	0.578	0.031	5.66608118284788e-231
Cd2	5.21078704148759e-235	1.20239166176299	0.977	0.677	1.68230259634427e-230
Impa2	7.32200265179023e-235	1.24865525034294	0.688	0.092	2.36390855613047e-230
Myl6	7.63391016966529e-235	1.045511185295	0.993	0.884	2.46460789827644e-230
Gna15	1.62817098169808e-234	1.06673668646181	0.534	0.009	5.25655001441224e-230
Phlpp1	1.73354376268534e-234	1.77491463782913	0.72	0.131	5.59674603782961e-230
Nsg2	5.8330561416459e-234	-1.62072042295954	0.003	0.537	1.88320217533038e-229
Fosl2	1.47015637558779e-233	1.20927798164888	0.604	0.045	4.74639985858519e-229
Vamp8	9.15043466597108e-233	1.19544653159013	0.861	0.249	2.95421783190876e-228
Matk	1.12872458488635e-232	1.10646563528919	0.576	0.03	3.64408732230558e-228
Rps7	1.16571955394336e-232	-0.736878014500745	0.999	1	3.76352557990614e-228
Rab8b	1.21217171355241e-232	1.53467738834401	0.901	0.375	3.91349637720395e-228
Rps8	1.38557128332536e-232	-0.73818664172164	0.999	1	4.47331688821591e-228
Pkp3	4.33626279490169e-232	1.48056272712065	0.713	0.138	1.39996244333401e-227
Gm13684	1.63353531399814e-231	1.40376886447686	0.61	0.055	5.27386876124299e-227
Rplp1	5.93089967975339e-231	-0.687903340577305	1	1	1.91479096160838e-226
Grap2	6.03277445527853e-231	-1.3555956486215	0.802	0.966	1.94768123288667e-226
Arpc3	2.61267561046975e-230	1.11894986257467	0.964	0.634	8.43502320840158e-226
Ubl3	3.06592808789715e-229	1.37648814478088	0.869	0.302	9.89834883177594e-225
Rps23	6.24459759596918e-229	-0.701990001355051	1	0.999	2.01606833385865e-224
Cd44	1.59462546713756e-228	1.37517302458225	0.707	0.116	5.14824832065361e-224
Pde3b	1.65475699252906e-227	-2.03743394702337	0.217	0.733	5.34238295038007e-223
Picalm	1.66612215813191e-227	1.27200382400236	0.965	0.596	5.37907538752887e-223
Prdm1	2.99578855534432e-227	1.08820633948371	0.561	0.027	9.67190335092915e-223
Izumo1r	1.15491882392947e-226	1.53799862220714	0.835	0.245	3.72865542305628e-222
Mapkapk2	1.75093051536982e-226	1.21745304779372	0.784	0.171	5.65287916887146e-222
Mapkapk3	4.591619090912e-226	1.38433484935593	0.744	0.154	1.48240422350094e-221
Rps9	4.96454509148014e-226	-0.68349098381158	0.997	1	1.60280338278436e-221
mt-Nd2	6.27445284044165e-226	-1.08242118506977	0.957	0.99	2.02570709953659e-221
Fam20a	2.30193687525766e-225	1.33267513374365	0.551	0.025	7.43180320176937e-221
Wnk1	8.37933701484749e-225	1.23696424978899	0.988	0.795	2.70526895524351e-220
Farp1	6.22243462260316e-223	1.42898157684991	0.574	0.04	2.00891301790743e-218
Gnai2	2.02522728350088e-221	0.9982968188767	0.981	0.742	6.53844628478258e-217
Cpd	2.95072868016381e-220	1.14166487627841	0.546	0.027	9.52642754390885e-216
Snx2	1.27066079096744e-219	1.16481887822078	0.869	0.281	4.10232836363838e-215
Zbtb20	2.17526663896376e-219	-1.6773727765066	0.594	0.888	7.0228483438945e-215
Slc22a15	1.36024547602865e-218	1.07733544302143	0.538	0.023	4.39155251935849e-214
Tmsb10	4.71132382980733e-218	0.868084397481447	0.998	0.996	1.5210508984533e-213
AA467197	3.85303756969682e-217	1.14964796436629	0.531	0.02	1.24395317937662e-212
Ptprcap	6.12825452640681e-217	1.03193369929424	0.985	0.748	1.97850697385044e-212
Arpc1b	9.13331738091538e-216	1.05270119190859	0.973	0.647	2.94869151642853e-211
Ms4a6b	9.21608168193273e-216	-1.4999522236011	0.659	0.884	2.97541197101198e-211
Smco4	2.05918818571385e-215	1.09339311137675	0.676	0.101	6.64808905757718e-211
Dgka	3.20610252476203e-215	-1.3272299265342	0.748	0.917	1.03509020011942e-210
Utrn	4.27252136927659e-215	-1.20496958801122	0.879	0.967	1.37938352407095e-210
Prkcb	4.53732524926492e-215	-1.73971582915891	0.308	0.751	1.46487545672518e-210
Nfkbia	9.58562027690947e-215	1.56735880228824	0.906	0.428	3.09471750640022e-210
Lmnb1	1.04563708196925e-214	1.35574573582014	0.776	0.2	3.37583931913773e-210
Phlda1	1.85258410543031e-214	1.14157918092202	0.568	0.041	5.98106778438177e-210
Nr4a2	4.87157672595514e-214	1.53110530298759	0.537	0.028	1.57278854597462e-209
Gna13	9.74441314527326e-214	1.19766581397081	0.907	0.39	3.14598378395147e-209
Prkar1a	3.66936517291694e-213	1.09954248539348	0.926	0.427	1.18465454607623e-208
Cst3	5.56274661112677e-213	1.07554983866092	0.794	0.186	1.79593274340228e-208
Bhlhe40	3.33281108194535e-212	1.35438699969599	0.555	0.038	1.07599805780606e-207
Cdk6	4.16158646292298e-212	1.5593806564659	0.756	0.19	1.34356818955468e-207
Smpdl3a	1.87040769637509e-211	1.19001127226528	0.813	0.224	6.03861124774698e-207
A630014C17Rik	2.03659917056874e-211	-1.53000660605052	0.009	0.505	6.57516042218117e-207
F730043M19Rik	3.47463898801925e-211	0.962142889837341	0.53	0.025	1.12178719728202e-206
Itm2b	2.9982108930985e-210	1.03370648290707	0.993	0.86	9.67972386836852e-206
Rpl21	2.01854755808083e-209	-0.751255523581448	0.996	0.999	6.51688079126396e-205
Rps14	2.54502752290731e-209	-0.586585334802226	1	1	8.21662135770626e-205
Cox17	6.11018295396423e-209	1.26568354075022	0.867	0.333	1.97267256668735e-204
Entpd1	2.16034429062296e-208	1.15571969359983	0.495	0.011	6.97467154227624e-204
Furin	4.78267830068985e-208	1.28378990064545	0.61	0.07	1.54408768937772e-203
Ctsa	5.15267209935721e-208	1.03987095222629	0.682	0.11	1.66354018727748e-203
Plek	6.06153101200411e-208	1.2894805636378	0.494	0.012	1.95696528722553e-203
Ablim1	2.47571907101153e-206	-1.08139838371565	0.919	0.979	7.99285902076073e-202
Rpl13	1.4889686628777e-204	-0.668153582479056	1	1	4.80713532810066e-200
Chsy1	3.12381913004793e-204	0.963891127487889	0.524	0.028	1.00852500613597e-199
Vps54	5.31160235012461e-204	1.34063096200023	0.909	0.422	1.71485081873773e-199
Galnt2	2.69723941773041e-203	1.14626778282622	0.826	0.25	8.70803746014264e-199
Atp5e	2.81433267481848e-203	1.01094269453388	0.964	0.667	9.08607304065146e-199
Creb3l2	3.72605612841996e-203	1.42317330399857	0.578	0.06	1.20295722106038e-198
Slfn1	2.20574842240999e-202	-1.74057438652451	0.235	0.695	7.12125878175065e-198
Nucb1	1.00752550751342e-201	0.929297147727323	0.673	0.11	3.25279610100709e-197
Gng2	6.00074670523898e-201	1.10638053143357	0.833	0.242	1.9373410737864e-196
Coro2a	9.38186966641848e-201	1.1880938921459	0.584	0.063	3.02893662180321e-196
Ifi27l2a	7.71084384722257e-200	1.86478633727443	0.967	0.8	2.48944593607581e-195
Serinc3	2.07977325075001e-199	1.20020962912431	0.907	0.402	6.7145479400464e-195
Adap1	2.56907014202396e-199	0.850372086226883	0.496	0.021	8.29424295352437e-195
Got1	2.95394854542238e-199	1.20374588263035	0.658	0.113	9.53682287889617e-195
Pkm	1.60804037605043e-198	1.12187059970687	0.946	0.532	5.19155835407881e-194
Arhgdib	3.0258353795683e-198	0.855428830369942	0.992	0.935	9.76890952293625e-194
Lamtor4	1.08993798467086e-197	1.01951587292121	0.774	0.193	3.51886478350986e-193
Rps3a1	1.14359531703711e-197	-0.649053980177783	1	0.999	3.69209748105431e-193
Tnfrsf13b	1.17891899417423e-197	1.05390773820571	0.641	0.099	3.8061399726915e-193
Ubl5	1.41189756636599e-197	1.06024669847933	0.94	0.485	4.55831129301261e-193
Cyth4	3.54981475282806e-197	1.06371245574342	0.791	0.212	1.14605769295054e-192
Ssbp2	4.20219241232603e-197	-1.7703477592597	0.227	0.704	1.35667782031946e-192
Rgs2	7.97186640698218e-197	1.27813775117576	0.693	0.139	2.5737170694942e-192
Srgap3	8.53916078331283e-197	1.26136853610011	0.478	0.014	2.75686805889255e-192
Cd52	9.02887667426316e-197	1.03559504005253	0.996	0.945	2.91497283428586e-192
Ech1	2.4789010874497e-195	0.986873647757706	0.717	0.144	8.00313216083134e-191
Unc119	2.49101004910688e-195	0.871384523581197	0.522	0.035	8.04222594354156e-191
Sell	3.00128341742193e-195	-1.45853727405948	0.143	0.657	9.68964351314669e-191
Rpl19	3.287849187897e-195	-0.580171985554439	0.999	1	1.06148211031255e-190
Cox7c	6.02349110357382e-194	0.941708616732202	0.971	0.657	1.94468410278881e-189
H1f0	6.17983054983716e-194	1.03124950149544	0.516	0.035	1.99515829301493e-189
Tigit	5.51678308837598e-193	0.857958014874502	0.472	0.016	1.78109342008219e-188
Map1lc3b	1.2787790552338e-192	1.03089679121553	0.941	0.471	4.12853817982231e-188
Tbx21	1.79576458580689e-191	1.15481641637843	0.467	0.013	5.79762596527753e-187
Angptl2	3.11513072364392e-191	1.12549809345112	0.515	0.037	1.00571995412844e-186
Hilpda	8.08154998627225e-190	1.1543116136894	0.568	0.067	2.609128413068e-185
Cox6c	9.19337545317019e-190	1.01210518874687	0.949	0.571	2.96808126505599e-185
1110008P14Rik	7.3945552289902e-189	0.878529263725067	0.696	0.129	2.38733215567948e-184
Vmp1	1.04847287229616e-188	1.14055269490257	0.927	0.465	3.38499466820815e-184
Actb	1.17930346450731e-188	0.771720229018814	1	1	3.80738123516185e-184
Arl6ip1	1.11039479722046e-187	1.27736399783791	0.963	0.654	3.58490960282626e-183
Acsbg1	1.20805774428673e-187	0.886723604989636	0.464	0.016	3.9002144274297e-183
Serpina3g	2.36553070203484e-187	1.34751669990283	0.45	0.009	7.63711587151948e-183
Fgl2	1.93617845919882e-186	0.965294008628683	0.444	0.007	6.25095215552338e-182
Mllt3	3.90124697152834e-186	-1.36180121919744	0.753	0.918	1.25951758475792e-181
Rapgef4	5.06120301164284e-186	-1.61276788594027	0.017	0.47	1.63400939230889e-181
Glipr2	6.61353762179511e-186	0.859443475664617	0.57	0.066	2.13518062119655e-181
N4bp1	7.83924342109314e-186	1.07766493890261	0.736	0.184	2.53089973849992e-181
Fam117b	3.39707742695683e-185	1.45737612551367	0.807	0.286	1.09674644729301e-180
Uhrf2	2.25173679559554e-184	1.39265403317692	0.858	0.361	7.26973224458019e-180
Tex2	3.47117232087737e-184	1.23830066839473	0.775	0.241	1.12066798379526e-179
Cox6b1	6.60193829898405e-184	0.967164408535625	0.937	0.51	2.131435779827e-179
Cxcr6	7.8212159610444e-184	1.27768055965834	0.49	0.033	2.52507957302318e-179
Twsg1	1.62351918551694e-183	1.01080806482456	0.59	0.083	5.24153169044143e-179
Glipr1	4.50143809554574e-183	1.02266626985478	0.712	0.159	1.45328928914694e-178
Il2ra	6.97602778420661e-183	1.74322006551115	0.785	0.284	2.2522105701311e-178
Plp2	7.38371642763409e-183	0.789234236262619	0.51	0.038	2.38383284866167e-178
Ccn4	1.06179588578858e-182	1.2160018843145	0.445	0.011	3.42800801726842e-178
Elob	1.10179469617293e-182	0.968340056770265	0.959	0.549	3.5571441765943e-178
Tgif1	1.10464199544918e-180	0.885274113080845	0.55	0.06	3.56633668230767e-176
Ucp2	1.3603120399288e-180	1.09849718361631	0.929	0.53	4.39176742091014e-176
Ccr7	5.4281547183642e-180	-1.37144788317341	0.057	0.515	1.75247975082388e-175
Rac2	5.9130565753167e-180	0.844737660399471	0.984	0.798	1.909030315341e-175
Mapre2	4.14877371656828e-179	0.929232479041305	0.574	0.075	1.33943159439407e-174
Ifrd1	4.44968647249366e-179	1.32069434829805	0.758	0.239	1.43658127764458e-174
Arhgef18	5.23504036309917e-179	-1.39418657030442	0.511	0.824	1.69013278122657e-174
Pfn1	5.99380808846296e-179	0.769068918297551	0.993	0.967	1.93510094136027e-174
Il1r1	2.40957090600139e-178	1.58676705813636	0.435	0.011	7.77929967002547e-174
Trps1	7.00445754751155e-178	1.43986027212766	0.714	0.186	2.2613891192141e-173
Slc16a6	1.30415693722195e-177	0.948105956311304	0.652	0.121	4.21047067182106e-173
Cmah	2.01738970304466e-177	-1.66005569643107	0.239	0.666	6.51314265627968e-173
Skil	2.39881898270276e-177	1.08203533739131	0.785	0.245	7.74458708565585e-173
Nedd4l	2.57487515111652e-177	-1.44468023780793	0.02	0.459	8.31298442537968e-173
Pdk1	1.36447143800294e-175	-1.48179624718236	0.109	0.553	4.40519603759248e-171
Rnase4	1.54615782304696e-175	0.835373719142338	0.427	0.009	4.9917705317071e-171
Ppp1ca	4.94527924784181e-175	0.926472186026455	0.952	0.576	1.59658340516573e-170
Prelid1	6.25850106700076e-175	0.972401980795551	0.868	0.333	2.02055706948119e-170
Cebpb	1.13250939510122e-174	1.22136532185437	0.575	0.09	3.65630658208428e-170
Lrba	4.13338442524378e-174	1.39637732989517	0.945	0.626	1.33446316168995e-169
mt-Atp6	8.84991045403212e-174	-0.58823771684133	0.999	1	2.85719359008427e-169
Rpl9	1.02104388985458e-172	-0.590332633007003	0.999	0.999	3.2964401983955e-168
Lgals7	1.10400860636967e-172	2.54975867464399	0.428	0.013	3.56429178566449e-168
Cd3e	1.62093520608801e-172	0.886094642550725	0.983	0.766	5.23318931285513e-168
Rps25	4.04422613533766e-172	-0.706859024644003	0.994	0.992	1.30567840779376e-167
Malt1	4.24393840601642e-172	1.39598313977929	0.873	0.413	1.3701555143824e-167
Gimap5	6.15307203207839e-172	1.03198690715944	0.821	0.272	1.98651930555651e-167
Thada	7.93076831066997e-172	-1.67443670331538	0.37	0.726	2.5604485490998e-167
Pik3ap1	2.32091598305942e-171	0.848848210569251	0.428	0.013	7.49307725130733e-167
Gm36975	4.565621872737e-171	1.22957376461389	0.791	0.269	1.47401102161314e-166
Ern1	1.41512073330247e-170	1.2048485077028	0.502	0.05	4.56871728746704e-166
Sept7	7.47830392814916e-170	0.984423481384317	0.961	0.644	2.41437042320296e-165
Ndufb7	9.87332455063806e-170	0.951672148592092	0.879	0.358	3.1876028311735e-165
Rnf125	1.20643504633932e-169	1.07173656890691	0.694	0.173	3.89497554710648e-165
Smc4	9.09167230871536e-169	-1.74284334918466	0.604	0.801	2.93524640486875e-164
Bcl2a1b	2.37315823333205e-168	1.0235037772714	0.493	0.046	7.66174135631253e-164
Cyfip1	1.28627603732212e-167	0.86462734369293	0.49	0.045	4.15274218649447e-163
Spty2d1	3.1254967802709e-167	1.06431551501519	0.662	0.149	1.00906663551046e-162
Patj	5.30598127831675e-167	-1.4960069505091	0.049	0.476	1.71303605570456e-162
Rrbp1	1.40248154015695e-166	1.01227499778438	0.772	0.235	4.5279116523967e-162
Laptm5	3.00565298277074e-166	0.859608844715229	0.987	0.834	9.70375065487534e-162
Ctnna1	4.37779786120948e-166	0.815956610772189	0.508	0.053	1.41337203949148e-161
Cdkn1a	1.32926428965472e-165	1.07519304200408	0.486	0.046	4.29152975915026e-161
Serf2	1.390270460476e-165	0.763227499874735	0.988	0.829	4.48848818164676e-161
Cd82	2.0227949670043e-165	0.913874040451363	0.734	0.192	6.53059355097337e-161
Rpl15	4.30663387451917e-165	-0.620233517518854	0.998	0.999	1.39039674638851e-160
Gm10076	4.676201374824e-165	0.936239920377185	0.936	0.537	1.50971161386193e-160
Ctsd	2.32701816576361e-164	1.01607853243417	0.811	0.278	7.51277814816782e-160
Sirt2	6.59938073756391e-164	0.794696790139733	0.666	0.137	2.13061007112251e-159
Cdc42	8.62308282184993e-164	0.826582861097101	0.975	0.763	2.78396228903425e-159
Itgae	9.77600307611467e-164	1.2732217879255	0.425	0.019	3.15618259312362e-159
Rpl7	1.25928277004942e-163	-0.613226499860615	0.998	1	4.06559442310456e-159
Rpl39	1.67717778947805e-163	0.785357124039468	1	0.997	5.4147684933299e-159
Arpc2	2.33065690898065e-163	0.74910683200515	0.987	0.868	7.52452583064404e-159
Hivep1	3.55731566720048e-163	1.05418115618287	0.73	0.21	1.14847936315567e-158
Txndc17	5.76417281843406e-163	0.880662444943308	0.771	0.226	1.86096319443144e-158
Apbb1ip	4.69262025478067e-162	-1.24724660486512	0.692	0.855	1.51501244925594e-157
Rnf216	5.91219082156322e-162	0.825821658478277	0.578	0.091	1.90875080674169e-157
Tmem256	1.01415554802442e-161	0.807748117018956	0.563	0.085	3.27420118679684e-157
Il18r1	1.20679655459941e-161	1.55389819585219	0.588	0.127	3.89614267652419e-157
Capns1	1.30038004080051e-161	0.875574035574331	0.78	0.225	4.19827696172445e-157
Tmem160	5.08702590872068e-161	0.883255436876602	0.845	0.296	1.64234631463047e-156
Rab11a	2.91923118748545e-160	0.883775790438877	0.714	0.18	9.42473788879678e-156
Ptpn22	3.21874965822891e-160	1.15167910730619	0.925	0.577	1.0391733271592e-155
Traf1	8.52993681221833e-160	1.00947190599884	0.761	0.235	2.75389009982469e-155
Atox1	1.20672466027531e-159	0.902302245969334	0.815	0.281	3.89591056569885e-155
Ldha	1.2801650478728e-159	1.00095368568715	0.933	0.587	4.13301285705734e-155
Calm3	2.66385313247897e-159	0.945989953005249	0.813	0.289	8.60024983820835e-155
Anxa11	3.10398251947443e-159	0.896628817450937	0.716	0.189	1.00212075641232e-154
Tspo	4.3444355970739e-159	0.902754065667804	0.949	0.574	1.40260103251531e-154
Clic1	4.63497548862088e-159	0.834005664525942	0.965	0.654	1.49640183650125e-154
Phactr2	6.22364529311384e-159	1.15695769189555	0.458	0.038	2.0093038828818e-154
Baz1a	3.65406939775761e-158	1.1325915534911	0.861	0.384	1.17971630506605e-153
Ehd4	4.19920664164198e-158	0.761248294588443	0.47	0.042	1.35571386425411e-153
Tnfaip3	4.57496066721535e-158	1.0367533184628	0.831	0.313	1.47702605141048e-153
Gnb2	2.4941668554737e-157	0.887325748766208	0.861	0.331	8.05241769289685e-153
Ikzf3	4.33133471642286e-157	1.07307240640945	0.937	0.495	1.39837141319712e-152
Ndrg1	2.15778549013361e-156	1.24826388660481	0.452	0.04	6.96641045489635e-152
Rpl41	2.48038215497572e-156	0.606953299708242	0.999	0.993	8.0079137873391e-152
Ybx3	2.75938335079247e-156	0.845352448897758	0.487	0.053	8.90866914803348e-152
Bcl2	2.14318614887702e-155	-2.12061484012863	0.149	0.557	6.91927648164944e-151
Fgf13	3.12539899688902e-155	-1.92299637383221	0.009	0.401	1.00903506614562e-150
Sec61g	6.84813165609572e-155	0.937369180465069	0.889	0.415	2.2109193051705e-150
Cish	1.52387435648711e-154	0.903551236173261	0.57	0.1	4.91982835991863e-150
March3	2.38123765578426e-154	1.068957496062	0.462	0.043	7.68782577169948e-150
Ptpn1	5.26149890034696e-154	0.927568510119549	0.94	0.538	1.69867491997702e-149
Arf5	9.44483479443391e-154	0.82017066261599	0.949	0.614	3.04926491338299e-149
Tagln2	1.22472276869617e-153	0.955227932745893	0.802	0.293	3.9540174587356e-149
Slc3a2	1.2301227885837e-153	0.901012585989057	0.732	0.208	3.97145142294249e-149
Myo1e	1.98796248651945e-153	1.14442869038259	0.421	0.028	6.41813688772806e-149
Gm12840	9.24212639419641e-153	-1.38318600591126	0.316	0.679	2.98382050636631e-148
Lcp1	4.52281285207823e-152	0.866981467755076	0.977	0.718	1.46019012929346e-147
Gem	6.9255414762346e-151	1.01717533479232	0.419	0.027	2.23591106560234e-146
Lbh	1.19618612044332e-150	0.968042013469741	0.891	0.431	3.86188688985125e-146
Sh3rf1	1.91788958365006e-150	1.29177418721924	0.541	0.097	6.19190652081422e-146
Rnh1	2.09528282432088e-150	0.763867058046919	0.616	0.126	6.76462059831995e-146
Cd3g	5.59737797855614e-150	0.854880430124061	0.997	0.93	1.80711348037685e-145
Atp5d	1.01822498475039e-149	0.83690358394401	0.926	0.538	3.28733936326664e-145
Plaat3	1.23062878981235e-149	0.923138920608682	0.712	0.198	3.97308504790917e-145
Rpl26	1.43466260971542e-149	-0.555453464892428	0.999	0.999	4.63180823546624e-145
Nr4a3	4.35489392841731e-149	1.11915025438345	0.5	0.069	1.40597750478953e-144
Gnas	5.74734400898047e-149	0.893400050480753	0.955	0.641	1.85553001329934e-144
Adam8	7.13061830660775e-149	0.673483894866435	0.36	0.003	2.30212012028831e-144
Abtb2	1.82189511181121e-148	-1.5481167880706	0.38	0.724	5.8819883684825e-144
Ssr4	2.96465929303957e-148	0.951804752109094	0.865	0.378	9.57140252757824e-144
Mrps6	4.79591198752344e-148	0.909791126194603	0.63	0.143	1.54836018517194e-143
Parp8	1.01361120701824e-147	-1.38354279911045	0.024	0.407	3.27244378185839e-143
Hopx	1.67296075480661e-147	0.945832415535748	0.402	0.021	5.40115379689314e-143
Mafg	1.7368748917119e-147	0.692799884554292	0.442	0.039	5.60750058789186e-143
Bag1	2.94539572246285e-147	0.826842035480426	0.787	0.257	9.5092100899713e-143
Ccl4	4.51306158043908e-147	2.32860335899365	0.374	0.011	1.45704193124476e-142
Zfp52	1.0484606319318e-146	0.856594842852632	0.533	0.086	3.38495515019182e-142
Gimap6	1.44235810771971e-146	-1.00560358472559	0.923	0.969	4.65665315077308e-142
Ptpn7	5.59267501259553e-146	0.837818891497484	0.767	0.242	1.80559512781647e-141
Dusp1	5.63614563590198e-146	0.867016637853597	0.53	0.086	1.81962961855095e-141
Atp5l	1.48399313316147e-145	0.805025402576927	0.961	0.623	4.79107183041182e-141
Ckb	1.75428128815248e-145	1.09879548008829	0.472	0.062	5.66369713880027e-141
Nfkb1	4.55533157763588e-145	1.22811630051029	0.948	0.651	1.47068879983974e-140
Gfod1	1.57800981186605e-144	0.872309581825514	0.498	0.073	5.09460467760953e-140
Mier1	1.51434410978093e-143	0.960369164394764	0.943	0.628	4.88905995842773e-139
Chst2	1.51901931918113e-143	0.655192457673187	0.358	0.007	4.90415387197627e-139
Pdcd1	2.27529271058988e-143	0.778000700706615	0.394	0.023	7.34578251613943e-139
Sytl3	3.07402990457101e-143	0.82871767506968	0.42	0.034	9.92450554690751e-139
Tec	4.68756416282568e-143	0.864600469495284	0.569	0.112	1.51338008996827e-138
Itih5	3.14379259659947e-142	0.787205853161878	0.446	0.047	1.01497343981214e-137
Hcls1	3.59305836921299e-142	0.831999125424346	0.805	0.291	1.16001889450042e-137
Aplp2	7.64045195803542e-142	0.947441529293552	0.691	0.2	2.46671991465174e-137
Nr4a1	9.42614913455146e-142	0.901637193567249	0.532	0.093	3.04323224808994e-137
Prkch	1.03058419761743e-141	0.890932192551615	0.99	0.878	3.32724108200789e-137
Csrnp1	1.07529746331549e-141	0.751474570089234	0.538	0.093	3.47159786031406e-137
Orai1	1.21646477671295e-141	0.940545325597664	0.833	0.341	3.92735653161776e-137
Atxn7l1	1.78056501040597e-141	1.0949225347521	0.851	0.405	5.74855413609567e-137
Ppp1cc	1.88168710293142e-141	0.870394574629116	0.883	0.416	6.07502681181408e-137
Slc4a7	6.88322216672618e-141	0.94217151374995	0.598	0.134	2.22224827652755e-136
Hnrnpll	7.07211906024322e-141	0.879933594475841	0.666	0.175	2.28323363859952e-136
Lrrfip2	7.78607088792649e-141	0.848262506050216	0.573	0.116	2.51373298616707e-136
Bzw2	1.62719357244205e-140	-1.32948755642459	0.164	0.547	5.25339444862917e-136
Rap1b	1.74616747735709e-140	0.7436406050315	0.983	0.831	5.63750170064736e-136
Cfl1	1.79305939920934e-140	0.70593448075632	0.989	0.869	5.78889227034735e-136
Ttc39b	3.44457828875982e-140	0.828994569438186	0.773	0.255	1.11208210052611e-135
Mast4	4.41799784614333e-140	1.08310972207221	0.578	0.131	1.42635060462737e-135
Arf4	5.51689673166838e-140	0.991737536494979	0.879	0.42	1.78113010981914e-135
Dgkh	7.89133589198456e-140	1.03132406989623	0.46	0.059	2.54771779272721e-135
Lsp1	8.04717260857713e-140	0.936942683349108	0.928	0.576	2.59802967667913e-135
Klf3	9.2299992624947e-140	-1.31050871577419	0.067	0.451	2.97990526189642e-135
Hivep3	1.28226721144937e-139	1.01090054302276	0.564	0.116	4.13979969216428e-135
Pik3r5	2.88589886348145e-139	-1.2935324695982	0.079	0.46	9.31712448074987e-135
Rgs16	3.23346182874558e-139	0.788121877179407	0.372	0.016	1.04392315141051e-134
Syngr2	4.29900469703581e-139	0.624501213465408	0.466	0.056	1.38793366643801e-134
Txn1	6.44400911454121e-139	0.920732820384629	0.88	0.428	2.08044834262963e-134
Ubald2	7.88247048528008e-139	0.895802737240769	0.74	0.237	2.54485559617267e-134
Cstb	1.24390354962984e-138	0.781266242269508	0.708	0.198	4.01594260997995e-134
Rap2a	2.18569533249866e-138	0.786835318298968	0.452	0.053	7.05651738097193e-134
Trat1	4.92002666192814e-138	-1.17124071662361	0.011	0.366	1.5884306078035e-133
Tasp1	1.05413968852497e-137	-1.34444020145401	0.245	0.609	3.40328998440287e-133
Gm26532	1.62420095119747e-137	0.759449705075668	0.371	0.018	5.24373277094104e-133
Prrc2c	2.26452559028058e-137	-0.878924744872325	0.909	0.947	7.31102086822085e-133
Rpl17	2.70096226187076e-137	-0.49781088754981	0.999	0.999	8.72005666244975e-133
Atp1b1	2.81422263346348e-137	-1.06636439667649	0.005	0.355	9.08571777213684e-133
Gm5547	3.20941869987679e-137	0.667908823313691	0.416	0.036	1.03616082725522e-132
Rps3	1.94347771655202e-136	-0.51950019886329	0.999	0.999	6.2745178078882e-132
Adarb1	3.61273317002415e-136	0.92703828769597	0.356	0.012	1.1663709039423e-131
Mif4gd	4.80192609446771e-136	0.737110388963096	0.59	0.128	1.5503018395989e-131
Rorc	7.91652577609993e-136	0.673514164519366	0.346	0.008	2.55585034681386e-131
Plk3	6.72835677270339e-135	0.678343208935235	0.43	0.045	2.17224998406729e-130
Elk3	7.09678130063761e-135	0.918621457984564	0.818	0.323	2.29119584291085e-130
Nmb	1.31512225651479e-134	0.675126945205142	0.422	0.042	4.24587220515801e-130
Map2k3	1.39000858926104e-134	0.667075366774375	0.482	0.069	4.48764273042927e-130
Cdc14a	3.70126885025189e-134	0.897369366880213	0.626	0.161	1.19495464830382e-129
Cobll1	6.10709336377357e-134	0.792321975909906	0.364	0.017	1.9716750924943e-129
Neurl3	7.28038513989724e-134	0.952391492520821	0.513	0.094	2.35047234241582e-129
Isy1	8.1337641930695e-134	0.878518409875706	0.72	0.228	2.62598576973249e-129
Id2	1.21846775152264e-133	0.968001665922869	0.481	0.077	3.93382313579086e-129
Igfbp7	1.27500154622393e-133	1.02411253604929	0.383	0.026	4.11634249198395e-129
Syt11	3.10651135389807e-133	0.711541724133545	0.504	0.083	1.00293719060599e-128
Rpl38	1.01285835125091e-132	0.530775166768627	0.998	0.987	3.27001318701358e-128
Uqcr11	1.27455134393387e-132	0.755437992932765	0.754	0.24	4.11488901389049e-128
Batf	1.8927411931436e-132	0.86354169508283	0.614	0.153	6.1107149420641e-128
Gabarap	3.06559826649663e-132	0.787757537055317	0.895	0.426	9.89728400338436e-128
Rps10	3.2215610354277e-132	-0.488796217220688	0.999	1	1.04008098028783e-127
Gimap7	5.35117377379291e-132	1.00252337079654	0.854	0.422	1.72762645286904e-127
Cd3d	5.59558156820059e-132	0.691263507248622	0.99	0.92	1.80653350929356e-127
Gzmb	6.36994642852818e-132	1.36374693830619	0.348	0.012	2.05653720445032e-127
Chp1	6.65884051977218e-132	0.819908302550369	0.63	0.163	2.14980666180845e-127
Atp5j2	1.47201432864972e-131	0.810129927472708	0.919	0.529	4.75239826004564e-127
Skap2	5.54155129423687e-131	0.687951916318368	0.51	0.089	1.78908983534437e-126
Bcl2l1	6.68320190809496e-131	0.904667410960456	0.52	0.099	2.15767173602846e-126
Fam110a	1.2738936698516e-130	0.641195949926424	0.381	0.026	4.1127657131159e-126
Rflnb	1.78333970412248e-130	-1.27558740051308	0.079	0.444	5.75751223475944e-126
Arid5b	3.20413450367154e-130	1.07226090943042	0.919	0.555	1.03445482451036e-125
Pnrc1	7.29179068599809e-130	0.817149695873717	0.957	0.648	2.35415462297448e-125
Gpx1	7.92861657819667e-130	0.864610477592383	0.766	0.283	2.55975386227079e-125
Cerk	9.60924902280605e-130	0.765617992138261	0.516	0.094	3.10234604701293e-125
Mycbp2	1.12817106654873e-129	-0.98062985884983	0.819	0.888	3.64230028835257e-125
Ankrd44	1.23026803650164e-129	-0.863302723622451	0.923	0.951	3.97192035584555e-125
D8Ertd738e	1.09893056995758e-128	0.79875802173033	0.885	0.417	3.54789734510804e-124
Rere	1.19727011087081e-128	-1.22799946782691	0.37	0.679	3.86538655294641e-124
Ctsz	1.37055975486351e-128	0.654117530674492	0.527	0.097	4.42485216857686e-124
Tbcb	3.64275981363286e-128	0.649698314680551	0.587	0.13	1.17606500583137e-123
Sept1	1.85672668562306e-126	0.809503141709491	0.925	0.524	5.99444210453406e-122
Ccr4	1.90277649225522e-126	0.715254374905888	0.371	0.027	6.14311390524596e-122
Scand1	3.24457713250388e-126	0.815519747502303	0.871	0.423	1.04751172722888e-121
Uqcrq	3.42852954090196e-126	0.771406313073364	0.892	0.454	1.1069007622802e-121
Grina	5.32919280227401e-126	0.629890008451356	0.499	0.087	1.72052989621416e-121
Zbtb1	5.38065058151594e-126	0.938043652018327	0.725	0.264	1.73714304024242e-121
Inpp5d	5.99214411291423e-126	0.892939509418932	0.913	0.513	1.93456372685436e-121
Hcst	6.03166117587322e-126	0.945732872882552	0.875	0.451	1.94732181063067e-121
Ifi208	6.08021935456816e-126	-1.3187801683831	0.089	0.448	1.96299881862233e-121
Rpl10a	1.2371029061571e-125	-0.589956437075238	0.991	0.997	3.99398673252821e-121
Arhgef3	1.46461849054896e-125	-1.46600504560765	0.368	0.661	4.72852079673733e-121
Pdlim1	2.1920078950375e-125	-1.01696090926211	0.02	0.354	7.07689748912858e-121
Cd101	3.85809565646078e-125	0.678769734047293	0.366	0.026	1.24558618268836e-120
Sfr1	4.07475228422285e-125	0.775236067590504	0.759	0.268	1.31553377496135e-120
Rapsn	5.91443147148321e-125	0.608657944470076	0.32	0.006	1.90947420056835e-120
Endod1	6.53376603823782e-125	0.545671222630575	0.347	0.018	2.10942636544508e-120
Asb2	1.04083239983466e-124	0.729492729033771	0.324	0.008	3.36032740286619e-120
Peak1	1.45811666653796e-124	1.02976961250322	0.759	0.306	4.70752965791781e-120
Ubac2	1.62813675702064e-124	-1.11245196526585	0.572	0.759	5.25643952004112e-120
Rpl14	1.8996458765972e-124	-0.661224552552534	0.984	0.987	6.13300671259407e-120
Metrnl	2.15096352324472e-124	0.609782026207038	0.318	0.006	6.94438573479556e-120
Eef1g	4.65154183638666e-124	-0.864170890658037	0.843	0.886	1.50175028187743e-119
Il10ra	6.39290970985767e-124	0.579588650745396	0.358	0.022	2.06395089982755e-119
Ier2	7.431308024887e-124	0.857041531462546	0.809	0.336	2.39919779583477e-119
Klf2	7.68731267025042e-124	-1.27831315481624	0.235	0.607	2.48184889559035e-119
Ap2s1	8.94784387647818e-124	0.705818598703293	0.729	0.235	2.88881139552098e-119
Mcm6	1.34331710279408e-123	0.77655467026162	0.569	0.132	4.33689926637067e-119
Bcl2a1d	1.46389686161252e-123	0.708703204213113	0.358	0.024	4.72619101771602e-119
Tln1	2.49849683476054e-123	0.770403737077477	0.935	0.613	8.06639703102441e-119
Flnb	5.15044147346762e-123	1.12630575170106	0.556	0.142	1.66282002970902e-118
Sgip1	9.32666612079115e-123	0.829553125210128	0.335	0.015	3.01111415709742e-118
Tmem123	1.93620581029851e-122	0.822461755153833	0.75	0.275	6.25104045854873e-118
Rbbp8	2.16659735279252e-122	0.912051655006512	0.491	0.094	6.99485955349066e-118
Atp5k	2.67601653549281e-122	0.765983062663191	0.764	0.276	8.63951938483855e-118
Atpif1	4.40556778651089e-122	0.71048620977329	0.64	0.173	1.42233755987504e-117
Cox5b	5.68330993299689e-122	0.811832902125157	0.839	0.397	1.83485661186804e-117
Ndufa13	6.73375860031686e-122	0.74312309907496	0.933	0.539	2.1739939641123e-117
Rpl18a	7.16042499857673e-122	-0.462909438067149	1	1	2.3117432107905e-117
Grn	1.68422164791612e-121	0.55522604711788	0.336	0.017	5.43750959029718e-117
Cers4	1.95539853387712e-121	0.716023757325885	0.428	0.058	6.31300416662229e-117
Myo3b	2.74816996735236e-121	0.810630872153497	0.326	0.012	8.87246673959709e-117
Ndufb1-ps	3.36278645755568e-121	0.792603485945202	0.828	0.366	1.08567560782185e-116
Trim12a	7.68401279849866e-121	-1.32515000661808	0.276	0.586	2.48078353199529e-116
H2-D1	1.35877568815914e-120	0.648057903752611	0.997	0.979	4.38680730922178e-116
Dstn	1.36310028322335e-120	0.580244534420865	0.392	0.04	4.4007692643866e-116
Psmd8	2.32404185959185e-120	0.762497724531882	0.759	0.282	7.50316914369227e-116
Uqcrh	3.48331081444943e-120	0.638130205278891	0.987	0.795	1.124586896445e-115
2610035D17Rik	3.73103488818125e-119	-1.42840515627021	0.191	0.525	1.20456461364932e-114
Hnrnpl	7.48320503990205e-119	0.783624710203664	0.88	0.445	2.41595274713238e-114
Efhd2	2.03436126101959e-118	0.702921389663211	0.605	0.158	6.56793533120174e-114
Slc39a14	4.14367473210697e-118	0.718643456603826	0.454	0.077	1.33778538726074e-113
Chmp2a	4.51811870134476e-118	0.759311954230102	0.803	0.329	1.45867462272916e-113
Prelid2	4.80810306342198e-118	0.713267892529881	0.384	0.041	1.55229607402579e-113
Cd38	7.60560324985822e-118	0.567849028579108	0.31	0.009	2.45546900921673e-113
Ifi213	1.22970507907745e-117	-1.48880995203337	0.158	0.508	3.97010284780154e-113
Cers6	2.41586195504124e-117	-1.23167578923652	0.111	0.461	7.79961032185064e-113
Dok2	2.92904593489812e-117	0.605194654175422	0.518	0.104	9.45642480081858e-113
Card11	3.20903341487684e-117	-1.27410034178272	0.374	0.643	1.03603643799299e-112
Ncf4	4.21635269549698e-117	0.568232212780271	0.46	0.077	1.3612494677412e-112
Lig1	4.76371194422387e-117	0.818859021785659	0.442	0.07	1.53796440119268e-112
Dst	6.67741642700352e-117	0.651527924559471	0.46	0.078	2.15580389345809e-112
E130308A19Rik	1.08287557633037e-116	0.849948171529049	0.466	0.087	3.4960637981826e-112
Sp100	1.18000640324136e-116	-0.986862514582171	0.865	0.887	3.80965067286472e-112
Mctp2	1.28445931116265e-116	-1.07461685932971	0.029	0.352	4.1468768860886e-112
Rpl35a	1.50444733029214e-116	-0.474666613821973	1	1	4.85710820584819e-112
Gm15655	2.84863898270461e-116	0.526020226519387	0.31	0.01	9.19683095566184e-112
Nrip1	3.87940934213921e-116	0.969231167636516	0.931	0.586	1.25246730610964e-111
Ddit4	2.71659954313108e-115	0.887404147658783	0.67	0.232	8.77054162499868e-111
Sh2d2a	7.51751550749419e-115	0.748832499862274	0.728	0.259	2.4270298815945e-110
Sytl2	1.75169545485029e-114	0.808585954833076	0.412	0.059	5.65534877598418e-110
Plac8	2.64491392689237e-114	2.03118702634545	0.324	0.02	8.53910461297203e-110
Gm14085	5.28244413308319e-114	-1.28290622520039	0.008	0.309	1.70543708836591e-109
Gdi2	7.42421236509666e-114	0.866945286631834	0.884	0.506	2.39690696207146e-109
AI662270	8.32470769471227e-114	0.67466702003237	0.668	0.207	2.68763187923786e-109
Slc25a24	9.50950129824128e-114	0.49904589049504	0.344	0.026	3.0701424941372e-109
Fchsd2	1.07497882769052e-113	-1.32800982034965	0.351	0.633	3.47056914519883e-109
Abhd17a	1.69866048735251e-113	0.617339174335458	0.638	0.178	5.48412538341758e-109
Zbtb38	2.43221413218188e-113	0.678388109291844	0.61	0.166	7.85240332574919e-109
Sec11c	2.54440849675671e-113	0.745336572613722	0.724	0.261	8.21462283177904e-109
Ctla2a	3.01336396032113e-113	0.953212671481488	0.366	0.038	9.72864554589675e-109
Adam19	3.29042562317035e-113	0.93539790360939	0.695	0.255	1.06231391244055e-108
Ramp1	6.73991510697484e-113	1.13361678546787	0.783	0.416	2.17598159228683e-108
Sidt1	9.00360967091152e-113	-1.28476736777288	0.069	0.405	2.90681538225378e-108
Ahr	9.51310671092326e-113	0.729822352521104	0.315	0.015	3.07130650162157e-108
Fis1	9.83291412101859e-113	0.684820852664896	0.833	0.348	3.17455632397085e-108
Pik3ip1	1.65485048565373e-112	-0.961056033785458	0.023	0.332	5.34268479293305e-108
Ttc39c	1.66739740067792e-112	0.618767559137437	0.306	0.011	5.38319250808868e-108
Capzb	2.79621214439393e-112	0.695747032631305	0.931	0.57	9.0275709081758e-108
F2r	5.38430462026512e-112	0.580998570909397	0.358	0.033	1.73832274665259e-107
Atp2b1	2.04901701049375e-111	0.852722824181604	0.884	0.45	6.61525141837907e-107
Vasp	2.41717593315518e-111	0.742728405654253	0.825	0.36	7.80385250019149e-107
Gpr55	2.44734129679154e-111	0.538333908333488	0.29	0.006	7.9012413766915e-107
Gimap4	3.25766870616777e-111	0.675309192331572	0.981	0.839	1.05173834178627e-106
Rps18	5.32474538219768e-111	-0.601690495244613	0.987	0.992	1.71909404664252e-106
Pmaip1	7.0542760314848e-111	0.552530131665401	0.321	0.019	2.27747301676487e-106
Zap70	9.91174927477882e-111	0.759456246450024	0.777	0.332	3.20000825336234e-106
Mir142hg	1.37915436582294e-110	-0.932220235664343	0.838	0.905	4.45259987005936e-106
Ppib	2.17169390961833e-110	0.680149550729435	0.936	0.598	7.01131378720277e-106
Csnk2b	2.99254106815841e-110	0.668973228690578	0.737	0.264	9.66141883854943e-106
Mien1	4.00379602293331e-110	0.642023535451207	0.702	0.227	1.29262554600402e-105
Lpgat1	9.56583883394664e-110	0.644805271277944	0.459	0.085	3.08833106753967e-105
Bspry	1.21708704157124e-109	0.451800377802959	0.28	0.004	3.92936551371276e-105
Dhrs1	1.23149381180483e-109	0.496934562644816	0.384	0.046	3.9758777714119e-105
Ppp1r16b	1.33183171248918e-109	0.838429069877021	0.886	0.485	4.29981868377133e-105
Fbxo11	1.46949576682189e-109	0.967986417264339	0.894	0.534	4.74426708318448e-105
Sytl1	2.63655118690358e-109	0.492209502471556	0.35	0.031	8.51210550691822e-105
Zyx	3.23529240846366e-109	0.580661538596745	0.462	0.086	1.04451415407249e-104
Aup1	4.66907657287635e-109	0.602244732573104	0.616	0.176	1.50741137155313e-104
Cotl1	5.17321270894846e-109	0.783482305640695	0.93	0.589	1.67017172308401e-104
Zfp652	5.59773463795425e-109	-1.20575920765064	0.21	0.525	1.80722862786353e-104
Il6ra	7.07270654249473e-109	-1.13719471863902	0.099	0.423	2.28342330724442e-104
Gm17745	1.11915046578745e-108	0.532136719009712	0.3	0.013	3.61317727879479e-104
Clic4	2.07520677894753e-108	0.620247896599504	0.368	0.042	6.6998050858321e-104
Rab11fip1	2.83220101972131e-108	0.706320280087849	0.526	0.126	9.14376099217027e-104
A330040F15Rik	3.30787259796903e-108	-1.3863302783427	0.046	0.357	1.0679466682543e-103
Hip1r	4.33809674173884e-108	0.573190252301391	0.363	0.04	1.40055453307039e-103
Slfn5	3.85975643655453e-107	-1.77778008745363	0.148	0.464	1.24612236554163e-102
Fam49a	7.21973207168639e-107	-0.989481075284804	0.021	0.316	2.33089049934395e-102
Ift80	1.34098132089995e-106	-1.37586053880989	0.14	0.455	4.32935819452548e-102
Fosb	1.65674177745926e-106	0.835562138189286	0.331	0.029	5.34879082852722e-102
Col4a3bp	2.3653715887622e-106	0.83906796961621	0.825	0.402	7.63660217431877e-102
Bcl3	2.58561754305077e-106	0.56860747105317	0.512	0.114	8.34766623773941e-102
Sik3	2.98023482296989e-106	0.90172207426687	0.902	0.552	9.6216881259583e-102
Ddx60	4.16821516010008e-106	-1.34814315532681	0.058	0.37	1.34570826443831e-101
Ube2m	4.55138628285502e-106	0.650818105098272	0.687	0.223	1.46941506141974e-101
Mob3b	4.61308695023925e-106	-1.08714416287135	0.011	0.296	1.48933512188474e-101
Tcf12	5.03847217501523e-106	-0.942135777445779	0.773	0.856	1.62667074170367e-101
Sem1	5.81916250890239e-106	0.690236138607157	0.915	0.542	1.87871661599914e-101
Smc6	6.12267627796413e-106	-1.12102898913215	0.522	0.708	1.97670603634072e-101
Relb	6.96449429000753e-106	0.62663401390336	0.548	0.142	2.24848698152893e-101
Zmiz1	7.34805801180745e-106	0.69701081963861	0.724	0.27	2.37232052911204e-101
Cblb	1.31168636021519e-105	0.974996260275074	0.931	0.655	4.23477941395472e-101
Tgfb1	1.38589663419432e-105	0.810014231723265	0.739	0.296	4.47436728349635e-101
Gramd3	1.66901137114612e-105	-1.12398883166743	0.372	0.677	5.38840321174524e-101
Fam78a	1.76777122268665e-105	-1.15535310005184	0.153	0.462	5.70724939244386e-101
Paxbp1	1.99936146226214e-105	0.790815482524862	0.731	0.295	6.45493848091331e-101
Mtch1	2.20822431859189e-105	0.580042922747403	0.567	0.148	7.12925221257393e-101
Ctla2b	2.46987644010267e-105	0.513866293236806	0.274	0.005	7.97399608687148e-101
Coro1a	2.62976770710099e-105	0.559636224191803	0.991	0.933	8.49020504237553e-101
Cdc25b	4.88168752788924e-105	0.573090661460335	0.33	0.029	1.57605281837904e-100
Ikzf2	5.12962326618798e-105	1.49270266898822	0.478	0.127	1.65609887148879e-100
2210408F21Rik	1.68766419049208e-104	0.590858239227713	0.271	0.004	5.44862383900368e-100
Dtx1	3.101595146928e-104	-1.06217696235234	0.02	0.309	1.0013499931857e-99
Slc36a3os	3.5629939696831e-104	0.498768701050352	0.296	0.014	1.15031260311219e-99
Eva1b	3.60056964775488e-104	0.574108512532514	0.562	0.148	1.16244391077766e-99
Lyn	3.79239466520773e-104	0.845194959414301	0.286	0.011	1.22437461766232e-99
Pcgf5	1.41677603995373e-103	-1.30955789681787	0.286	0.573	4.57406144499062e-99
Rassf1	1.74010510773589e-103	0.648173239195505	0.592	0.171	5.61792934032532e-99
Itgb7	1.82230494242537e-103	0.821714655195619	0.897	0.523	5.8833115066203e-99
Asap1	2.11710223460565e-103	-1.19859875615346	0.3	0.586	6.83506456442436e-99
Susd3	2.19060718965057e-103	0.63152556871674	0.528	0.133	7.07237531178686e-99
Fam107b	2.52145032608766e-103	0.79515330611774	0.932	0.588	8.14050237777402e-99
Eif4ebp1	2.74312238285565e-103	0.448988376447272	0.35	0.037	8.85617061304946e-99
Hmces	4.14185741324773e-103	0.518577192563824	0.434	0.078	1.33719866586703e-98
Ssbp4	7.72414043204506e-103	0.542857603401723	0.575	0.151	2.49373873848575e-98
Krtcap2	7.82136340403777e-103	0.739205926972294	0.855	0.425	2.52512717499359e-98
Itga3	9.60421768973389e-103	0.535043242255485	0.279	0.009	3.10072168113059e-98
Wdr26	1.87020029455056e-102	0.751027143620071	0.877	0.472	6.0379416509565e-98
Pold4	2.61252417979523e-102	0.57248720720822	0.563	0.15	8.4345343144689e-98
Pomp	3.87424165822015e-102	0.682528402937663	0.829	0.387	1.25079891935637e-97
Frmd4b	6.02766349001276e-102	0.55432627942023	0.308	0.022	1.94603115775062e-97
Ubc	6.73170735651906e-102	0.78727129670017	0.915	0.571	2.17333172005218e-97
Acot9	7.80169440673856e-102	0.577576951109618	0.604	0.175	2.51877703921554e-97
Macf1	9.94527965872103e-102	-0.804142268431216	0.895	0.907	3.21083353781808e-97
Pqlc1	9.96405065824736e-102	0.606797116803489	0.32	0.028	3.21689375501516e-97
Fos	1.59212188340275e-101	0.949106912115589	0.469	0.111	5.14016550056579e-97
Tomm6	2.08939075518101e-101	0.685220793327239	0.801	0.341	6.74559805310188e-97
Uqcr10	2.65351953794529e-101	0.693251868408305	0.85	0.412	8.56688782825638e-97
Adamts6	2.90878853961988e-101	1.03069416563593	0.73	0.33	9.39102380016278e-97
Ndufb8	3.1241753517156e-101	0.662498372718665	0.749	0.291	1.00864001230138e-96
Tmbim4	4.01432017169116e-101	0.493523580606902	0.481	0.101	1.29602326743049e-96
Ppfibp1	5.13648510395784e-101	0.531283770951044	0.298	0.018	1.65831421581279e-96
Ndrg3	5.15209875441172e-101	-1.23047338983326	0.193	0.488	1.66335508286182e-96
Gpr65	7.20539076969177e-101	0.679658146506292	0.462	0.102	2.32626040999499e-96
Pfkp	7.92814930294938e-101	0.718831204540578	0.715	0.272	2.55960300245721e-96
Npm1	1.01322689455399e-100	-0.727387923602682	0.91	0.92	3.27120302906756e-96
Igflr1	1.64116855188e-100	0.664235592216848	0.508	0.127	5.29851266974459e-96
Ifit1bl1	1.67715885494069e-100	-1.00379368952763	0.024	0.307	5.41470736317602e-96
Pmepa1	1.68757932189624e-100	0.730826206201469	0.634	0.213	5.448349840742e-96
Trp53i11	2.13261164715878e-100	0.549111836127666	0.466	0.097	6.88513670285214e-96
Aebp2	3.76095227103646e-100	0.750865433086277	0.871	0.468	1.21422344070412e-95
Rac1	4.11413127864847e-100	0.651426424404963	0.925	0.555	1.32824728331166e-95
Lrrc32	5.48097892840016e-100	0.566723564303357	0.296	0.018	1.76953404703399e-95
Abracl	5.64672902919446e-100	0.689205171583232	0.906	0.545	1.82304646707543e-95
Gstp3	1.03615947782435e-99	0.64319226418337	0.536	0.144	3.34524087415591e-95
Emp1	1.60251019601616e-99	0.594411039509325	0.271	0.009	5.17370416783817e-95
Arf6	1.76233854807086e-99	0.581240380595051	0.604	0.176	5.68971000244679e-95
Gm37529	1.8593737642978e-99	0.469997794907978	0.286	0.015	6.00298819803546e-95
Olfr60	2.07131193239455e-99	0.609110956531583	0.261	0.005	6.68723057373582e-95
Fam3c	2.15469748565066e-99	0.678962965575548	0.795	0.335	6.95644083242314e-95
Mrpl54	2.27049858744289e-99	0.610136134291868	0.658	0.215	7.33030468955938e-95
Trpv2	2.36512982388421e-99	0.549755080906306	0.502	0.118	7.63582163641019e-95
Card19	2.78202128279126e-99	0.515253058116417	0.458	0.094	8.9817557114916e-95
Acot7	2.88910694900105e-99	0.472173918237414	0.359	0.046	9.32748178484988e-95
Atp5mpl	4.52884743865889e-99	0.667063683124758	0.815	0.371	1.46213839557102e-94
Jund	5.25192138480866e-99	0.752495772933068	0.969	0.802	1.69558281908548e-94
Otud7b	6.04156760036777e-99	0.587314961393232	0.534	0.139	1.95052009977874e-94
Tob2	1.10310795023754e-98	0.762662264880645	0.624	0.213	3.56138401734188e-94
Map3k5	1.1046754312566e-98	0.723964907174769	0.762	0.315	3.56644462981192e-94
A330023F24Rik	3.32605354709387e-98	0.585520637009599	0.328	0.034	1.07381638767925e-93
Tpi1	3.63242657642706e-98	0.680286908854866	0.569	0.165	1.17272892019948e-93
Glmp	3.64956813994328e-98	0.494125396343483	0.455	0.094	1.17826307398069e-93
Ciapin1	3.72032278561865e-98	0.586304183821617	0.529	0.136	1.20110621133698e-93
Dhrs7	4.66331423544241e-98	0.471439498501657	0.413	0.072	1.50555100091258e-93
Neat1	4.82298067576771e-98	0.765315814015581	0.695	0.272	1.55709931117161e-93
Rap1a	5.7999832646584e-98	0.622176111984956	0.968	0.697	1.87252459699496e-93
Tgfbr3	6.75651995150116e-98	-1.00698752373983	0.025	0.303	2.18134246634215e-93
Vsir	6.90309783822695e-98	0.675861663039267	0.708	0.27	2.22866513707157e-93
Slc15a3	7.9939298835966e-98	0.517042959718645	0.272	0.011	2.58084026291916e-93
Atp5md	1.53667201051581e-97	0.654022784675115	0.822	0.374	4.96114558595028e-93
Nrp1	1.68155151551926e-97	0.748683165578394	0.333	0.038	5.42888906785393e-93
Evi2a	2.02312103085753e-97	0.517609791540177	0.32	0.031	6.53164624812354e-93
Pik3cd	2.41363451899706e-97	-1.11258060942923	0.484	0.669	7.792419044582e-93
Lrp10	2.57366871564837e-97	0.635193073920376	0.739	0.288	8.30908944847076e-93
Zc3hav1	3.97747132702228e-97	0.77570270388252	0.956	0.783	1.28412661792914e-92
Ppm1h	4.23440922432992e-97	-0.923085866521288	0.765	0.864	1.36707901807491e-92
Mt1	5.28673868939506e-97	1.03262166228645	0.297	0.023	1.7068235858712e-92
Pabpc1	5.32708682552813e-97	-0.726311530413298	0.893	0.923	1.71984998162176e-92
Stk4	9.02307326007253e-97	-0.785159771989698	0.827	0.876	2.91309920201441e-92
Myo1g	2.02643125934222e-96	0.675074180582168	0.635	0.214	6.54233332078634e-92
Cox7a2	2.79283960961002e-96	0.666996824657963	0.873	0.485	9.01668267962595e-92
Ccdc28b	3.90601593680164e-96	0.463149698065845	0.293	0.021	1.26105724519641e-91
Commd4	3.96577005314235e-96	0.521240955993463	0.536	0.14	1.28034886165701e-91
Slc1a5	4.54894339933922e-96	0.586054707256436	0.565	0.161	1.46862637647667e-91
Rtf2	6.17052468464617e-96	0.592469323992647	0.66	0.223	1.99215389443802e-91
Gpr18	7.44078149497558e-96	-1.04526093022887	0.13	0.427	2.40225630565287e-91
Ebp	1.01837145727722e-95	0.527448740479451	0.564	0.155	3.28781224981951e-91
Adora2a	1.76247994145578e-95	0.464195409782791	0.31	0.028	5.69016649098999e-91
Ncmap	2.45983128856695e-95	0.676111441277425	0.376	0.063	7.9415653151384e-91
Mical1	2.56396196454888e-95	0.448448479731847	0.378	0.059	8.27775120254607e-91
mt-Co3	3.35494875475609e-95	-0.416972875532347	0.999	0.999	1.083145205473e-90
Kmt2a	4.72951711752628e-95	-0.955310535177838	0.686	0.77	1.52692460139336e-90
Stat3	6.17557616931821e-95	0.761083716259864	0.908	0.563	1.99378476626438e-90
Btla	7.93502603142776e-95	-0.995276389267138	0.072	0.367	2.56182315424645e-90
4933406I18Rik	1.47849511787105e-94	-1.22035855802145	0.069	0.365	4.7733214880467e-90
Sh3bgrl	1.4984809282812e-94	0.576993308417423	0.496	0.125	4.83784567695586e-90
Arid1a	1.88836034221948e-94	-0.907115277322445	0.676	0.762	6.09657136485559e-90
Dok1	2.56926008958112e-94	0.418254350532151	0.324	0.035	8.29485619921264e-90
Sec61b	2.78170860297455e-94	0.656757786992892	0.905	0.552	8.98074622470334e-90
Acads	2.91012246018787e-94	0.443224479760974	0.412	0.076	9.39533036271655e-90
Dctn4	3.21393196727221e-94	0.559497800108785	0.624	0.202	1.03761793563383e-89
Comt	4.57602186704821e-94	0.501888592045716	0.436	0.09	1.47736865977652e-89
Ccl3	5.63007036658398e-94	1.3159748205348	0.245	0.004	1.81766821785164e-89
Cenpa	6.58339998028162e-94	0.680389167336184	0.56	0.164	2.12545068363392e-89
Zdhhc18	7.61654307107943e-94	0.6640026164093	0.85	0.429	2.45900093049799e-89
Samhd1	7.67604365122398e-94	0.834887779399563	0.909	0.523	2.47821069279766e-89
Eif1	1.4268087295383e-93	0.460267769266814	0.995	0.97	4.6064519833144e-89
Usp18	1.71728268678315e-93	-1.15978646016737	0.028	0.298	5.54424715427942e-89
Wdfy2	1.71873295044294e-93	0.640488443421558	0.478	0.119	5.54892933050504e-89
Larp1b	1.82125639052044e-93	0.680998345315354	0.505	0.136	5.87992625679523e-89
Rin2	1.86029187860148e-93	0.606298090592449	0.252	0.007	6.00595233006487e-89
Chd3	2.37033817131044e-93	-1.04451120774088	0.596	0.715	7.65263678607574e-89
Phf21a	2.47175074097228e-93	-1.05072744245549	0.62	0.76	7.980047267229e-89
Cited2	3.64770374645339e-93	0.666898443987284	0.592	0.19	1.17766115454248e-88
Gnaq	4.86539722974627e-93	0.6726232647721	0.378	0.067	1.57079349562358e-88
Cd226	5.29293163618072e-93	-1.19280317115872	0.195	0.497	1.70882297874094e-88
Snx18	5.91376330533663e-93	0.63835431948397	0.44	0.099	1.90925848312793e-88
Tnfsf8	6.19876941353348e-93	-0.824639917301753	0.008	0.262	2.00127270515928e-88
Prdx2	6.43002543070827e-93	0.620449060968438	0.739	0.297	2.07593371030417e-88
Igfbp4	1.16950546551128e-92	-1.10916021337471	0.004	0.254	3.77574839540318e-88
Glud1	1.36297655447653e-92	0.718155957337141	0.763	0.331	4.40036980612747e-88
Lztfl1	1.52611317416476e-92	0.871593918537048	0.498	0.142	4.92705638279091e-88
Cmip	1.88602573673141e-92	0.738541280580388	0.927	0.643	6.08903409103737e-88
Snapc5	1.96775067065911e-92	0.505966767983915	0.56	0.157	6.35288304022295e-88
Cyba	2.06923864633716e-92	0.655761962333562	0.948	0.663	6.68053696969954e-88
Cox5a	2.59230629298729e-92	0.667099793878982	0.867	0.458	8.36926086690947e-88
Aprt	2.70190209255462e-92	0.767771068762378	0.685	0.281	8.72309090581259e-88
Iqgap1	3.2212972201088e-92	0.655670102330007	0.92	0.62	1.03999580751213e-87
Rpl4	4.63432579053396e-92	-0.570268559332503	0.971	0.97	1.49619208147389e-87
Hcfc1r1	7.44753904134261e-92	0.436355033979185	0.427	0.085	2.40443797949746e-87
Icam1	1.15414648177032e-91	0.686702326822096	0.398	0.077	3.72616191639548e-87
Tctex1d1	1.32755774089437e-91	0.5965308578702	0.249	0.008	4.28602016647748e-87
Cenpb	2.58588215004212e-91	0.446234717323098	0.358	0.055	8.348520521411e-87
Dkkl1	2.77810765452341e-91	0.405226641214545	0.253	0.009	8.96912056262883e-87
S1pr4	3.01681793255792e-91	0.594533887294016	0.64	0.217	9.73979669526324e-87
Rpl28	4.02220913194713e-91	-0.451963397983496	0.994	0.999	1.29857021824913e-86
Lypd6b	4.03383402851681e-91	-0.876119737362551	0.001	0.242	1.30232331610665e-86
Spcs1	5.18256906164679e-91	0.650795061093481	0.71	0.278	1.67319242155267e-86
St6galnac3	5.78806166724644e-91	1.12035671117444	0.558	0.193	1.86867570927051e-86
Ehbp1l1	6.87043178950833e-91	0.444955658611651	0.34	0.046	2.21811890324276e-86
Mrpl52	8.48852707701184e-91	0.632718332445645	0.785	0.345	2.74052096681327e-86
Lrrc8d	9.00788594406449e-91	0.689348239845667	0.544	0.166	2.90819597704122e-86
Rhof	1.40602919910584e-90	0.628731863142554	0.678	0.252	4.5393652693132e-86
Dennd5a	1.44290030855498e-90	0.604794314889461	0.344	0.05	4.65840364616976e-86
Ndufv3	1.55717351070656e-90	0.634700255787363	0.843	0.417	5.02733467931613e-86
Bicdl1	5.27423813684022e-90	-1.0574203701656	0.117	0.406	1.70278778247887e-85
Rell1	7.03669046760591e-90	0.521502052779117	0.342	0.049	2.27179551746657e-85
Rpl36a	1.08931065317274e-89	-0.631532321741259	0.954	0.951	3.5168394437682e-85
Tcf20	1.34967846044072e-89	-0.932503344029985	0.643	0.776	4.35743690953285e-85
Pecam1	1.4409367213668e-89	-0.946107484447408	0.548	0.74	4.6520642049327e-85
Treml2	1.97151325396306e-89	-0.86778096388895	0.023	0.279	6.36503054041975e-85
Serpinb1a	4.29910998040818e-89	0.651360735632461	0.239	0.006	1.38796765717478e-84
Kbtbd11	4.91842533230372e-89	-1.00457788552245	0.331	0.571	1.58791361853425e-84
Eno1	5.48226490899304e-89	0.649142119569843	0.759	0.326	1.7699492258684e-84
Tmem258	6.35289039703726e-89	0.557459237563208	0.703	0.256	2.05103066468348e-84
Prrg1	9.55085492560858e-89	-0.959511460726787	0.011	0.258	3.08349351273273e-84
Lpxn	1.97257089388227e-88	0.58477007705571	0.486	0.128	6.3684451308989e-84
Ifitm3	2.10472237450199e-88	0.825010362630306	0.378	0.073	6.79509618607967e-84
Spag9	2.86696244399212e-88	0.834863954668978	0.823	0.439	9.25598825042856e-84
Nfkbie	3.09076915551356e-88	0.492550141139537	0.378	0.068	9.97854821857552e-84
Coq10b	4.25959469487011e-88	0.643296198340671	0.634	0.227	1.37521014723881e-83
Cd96	8.41554067102413e-88	-1.01152126734048	0.119	0.402	2.71695730564014e-83
1700017B05Rik	9.75599987016351e-88	0.46289115069159	0.451	0.104	3.14972455808229e-83
Cltc	1.29141234315831e-87	0.612600144443271	0.759	0.325	4.1693247498866e-83
Ppp1r12a	1.77841156911314e-87	0.613879279451564	0.965	0.78	5.74160175088176e-83
Phf11b	2.95460372120154e-87	0.500031039029145	0.566	0.175	9.53893811389918e-83
Rpsa	3.13664808580487e-87	0.478982105676975	1	1	1.0126668345021e-82
Rgs10	3.20751015507631e-87	0.692514358544228	0.941	0.635	1.03554465356639e-82
Camk2n1	3.48571941971002e-87	0.493121632307022	0.268	0.019	1.12536451465338e-82
Wdr78	4.09067735201229e-87	0.738983964872676	0.376	0.074	1.32067518309717e-82
Parp11	4.6215388837159e-87	-1.13669936330573	0.109	0.389	1.49206382860768e-82
Il1r2	4.64907558119968e-87	0.737568722082979	0.239	0.008	1.50095405139032e-82
Unc119b	4.91815467634834e-87	0.438025984605552	0.411	0.084	1.58782623725906e-82
Smchd1	5.77289779768994e-87	-0.973991090172684	0.793	0.838	1.8637800539842e-82
Ufc1	6.07474670068131e-87	0.505806336671544	0.568	0.172	1.96123197231496e-82
Gnb1	6.33245170634687e-87	0.638519917623961	0.906	0.527	2.04443203339409e-82
Trib1	7.72017368146417e-87	0.460985990403001	0.28	0.024	2.49245807306071e-82
Atl3	8.69668263651631e-87	0.613900651619922	0.586	0.196	2.80772398919929e-82
Gm15283	9.94862219928903e-87	0.667649088181896	0.598	0.205	3.21191267704046e-82
Smdt1	1.103819991372e-86	0.652253422519232	0.806	0.402	3.56368284214452e-82
Srp14	1.4277004439223e-86	0.628789178961523	0.871	0.46	4.60933088320316e-82
Snx5	2.52105621478331e-86	0.656156836012951	0.739	0.316	8.13922998942792e-82
Cnn2	2.67699302107005e-86	0.62974257594092	0.899	0.54	8.64267196852466e-82
St8sia6	2.81275352598757e-86	-0.960932193575927	0.013	0.255	9.08097475865087e-82
Pdcd1lg2	3.2039896209014e-86	0.45432966449337	0.274	0.022	1.03440804910802e-81
Cap1	3.32887994773256e-86	0.63044731293912	0.893	0.509	1.07472889112546e-81
Ptprc	3.64927717409144e-86	-0.517284769979597	0.996	0.994	1.17816913565542e-81
Ctsw	3.73883819602056e-86	0.605784058009482	0.362	0.066	1.20708391158524e-81
Il3ra	4.78689315993625e-86	0.376156641862588	0.248	0.012	1.54544845668542e-81
Vps29	9.81381426534827e-86	0.480919158840958	0.589	0.181	3.16838993556769e-81
Fam89b	1.22580076610936e-85	0.464358155881095	0.458	0.111	3.95749777338408e-81
Cirbp	1.52752760125952e-85	0.546129892973722	0.536	0.159	4.93162286066637e-81
Cwc25	1.74902442041175e-85	0.590513629325789	0.459	0.115	5.64672534129932e-81
Nup98	1.8523041521398e-85	0.777521891599603	0.757	0.367	5.98016395518335e-81
Mfsd10	1.86114844683688e-85	0.424111770097283	0.314	0.04	6.00871776061286e-81
Vamp5	2.01050166991933e-85	0.485597414901754	0.352	0.059	6.49090464133456e-81
Ggta1	2.49473622999161e-85	0.476662088816039	0.429	0.097	8.0542559185279e-81
Inf2	3.70768306068537e-85	0.432195155503118	0.311	0.04	1.19702547614227e-80
Sesn3	3.78316490279546e-85	-1.0286959929795	0.384	0.605	1.22139478886752e-80
Xbp1	3.86636260159437e-85	0.463409535087247	0.41	0.087	1.24825516592474e-80
Sla2	6.28735801983032e-85	0.525436430600577	0.546	0.163	2.02987353670222e-80
Selenow	8.82565723221417e-85	0.559042244242879	0.961	0.7	2.84936343742034e-80
Slc12a7	1.31629360253078e-84	-0.919904797022136	0.075	0.341	4.24965389577062e-80
Dap	1.32906681495843e-84	0.482889244545748	0.468	0.118	4.2908922120933e-80
Irf8	1.48359077110111e-84	0.503822676315317	0.364	0.065	4.78977280449992e-80
Itga4	1.96824976804436e-84	0.885602780885114	0.885	0.583	6.35449437613121e-80
Gpr132	1.99922427874427e-84	0.671983476914374	0.832	0.448	6.45449558392587e-80
Rfx3	2.42845542487179e-84	-1.1463019539137	0.301	0.556	7.84026833919859e-80
Ndufa2	2.48646765684982e-84	0.606878766678322	0.851	0.441	8.02756083013963e-80
Il12rb1	3.38516262620511e-84	0.398966684484713	0.254	0.016	1.09289975387032e-79
Gabarapl1	3.39093427558218e-84	0.39698293432563	0.249	0.014	1.09476313087171e-79
Bmpr2	3.49982822760681e-84	0.586296655247695	0.326	0.05	1.12991954328286e-79
Dazap2	5.71642418678159e-84	0.604698364790969	0.796	0.369	1.84554754870243e-79
Nlk	7.67865020579975e-84	-1.00860769508051	0.512	0.68	2.47905221894245e-79
Dzip1	8.03085227194747e-84	-0.733549548194584	0.001	0.225	2.59276065599824e-79
Shisa5	1.10039322135563e-83	0.507963905914169	0.995	0.951	3.55261951514666e-79
Arpc5	1.40806677841197e-83	0.627790875297443	0.893	0.57	4.54594359410306e-79
Plekhb2	1.43630209331172e-83	0.417419689187064	0.371	0.068	4.63710130825688e-79
Lst1	1.57726384461551e-83	0.429798959143433	0.314	0.043	5.09219632234117e-79
B4galnt4	2.0772293517641e-83	0.388235791209443	0.224	0.005	6.7063349621704e-79
Gas2	2.1328890661261e-83	0.537647337661479	0.318	0.045	6.88603234998812e-79
Gpr160	2.16207247417048e-83	0.503669432781792	0.253	0.017	6.98025098285939e-79
Rack1	3.01975407561608e-83	-0.432110503217309	0.999	0.999	9.74927603312651e-79
Leprotl1	3.78002347624734e-83	0.638399101227613	0.936	0.637	1.22038057930646e-78
Atp6v1e1	5.53195491888383e-83	0.543187518104773	0.684	0.257	1.78599164556164e-78
Trabd	7.45043233034713e-83	0.426012023290062	0.48	0.122	2.40537207785257e-78
Dctn2	7.9662843083791e-83	0.437676612301483	0.48	0.124	2.57191488896019e-78
Mxd4	9.59690952023856e-83	0.573970993887845	0.704	0.279	3.09836223860902e-78
Axl	9.64794487956278e-83	0.402779765779832	0.244	0.014	3.11483900436684e-78
Ywhah	1.08851835930339e-82	0.568821424418861	0.77	0.337	3.51428152301101e-78
Acot11	1.21333714673484e-82	0.463117207513549	0.267	0.023	3.91725897823344e-78
Nol10	1.63186658293741e-82	0.599754277556478	0.506	0.149	5.26848126301344e-78
Nfkb2	2.14572828802325e-82	0.428839750588122	0.4	0.084	6.92748377788305e-78
Agpat4	2.19730047231885e-82	0.4753733179982	0.412	0.092	7.0939845748814e-78
Fkbp1a	3.61649572993368e-82	0.593594715979591	0.845	0.426	1.16758564640909e-77
Hmgn1	3.83448575160427e-82	-0.879045403006379	0.129	0.401	1.23796372490544e-77
Slc25a3	5.98930667283095e-82	0.595726108719087	0.903	0.537	1.93364765932347e-77
Pet100	7.21712138270555e-82	0.426002087457938	0.475	0.123	2.33004763840649e-77
Filip1l	1.14979649114737e-81	-1.06016144188509	0.306	0.532	3.71211797166928e-77
Cox20	1.16357264552127e-81	0.48587277712382	0.578	0.186	3.75659428606541e-77
Bscl2	1.17643766868334e-81	0.429351820660818	0.393	0.083	3.79812901334417e-77
Hccs	1.28444381619456e-81	0.438191471966416	0.366	0.07	4.14682686058413e-77
Rasgrp2	1.40829843885172e-81	-0.942957310424406	0.119	0.392	4.54669150983277e-77
Tmem135	1.41518090575999e-81	0.674894334506617	0.679	0.288	4.56891155424613e-77
B630019A10Rik	1.78374108122886e-81	-0.83930578028399	0.012	0.243	5.75880808074736e-77
Atp5j	1.79454180692071e-81	0.619802368502575	0.883	0.537	5.79367822364351e-77
March2	1.94002080591892e-81	0.485764693621763	0.608	0.204	6.26335717190924e-77
Irs2	2.37842421178947e-81	0.65897177950215	0.338	0.06	7.6787425677623e-77
2210011C24Rik	3.41198756577781e-81	0.40187433478422	0.215	0.004	1.10156018561137e-76
Xist	5.09282755246845e-81	-1.6613692114489	0.111	0.399	1.64421937531444e-76
Spn	6.70541570806589e-81	0.638992094478861	0.793	0.392	2.16484346134907e-76
Lypla2	7.49578375550123e-81	0.41594649789945	0.466	0.121	2.42001378546357e-76
Top2b	9.14860461031372e-81	-0.883847795435458	0.546	0.692	2.95362699843978e-76
Akt1	9.97476981011638e-81	0.387222946933655	0.396	0.083	3.22035443319607e-76
Tnrc6c	1.01079505170373e-80	-0.819959389318817	0.699	0.771	3.2633518244255e-76
Sap18	1.05204170136835e-80	0.53762846590668	0.619	0.212	3.39651663286772e-76
Cass4	1.12995496124774e-80	0.44299133337848	0.227	0.008	3.64805959238834e-76
Rnf213	1.13511469167903e-80	-1.5355813418584	0.225	0.482	3.66471778208574e-76
Pced1b	1.33549520910665e-80	-1.04697538476214	0.472	0.637	4.31164628260081e-76
Cox4i1	1.76394384182575e-80	0.501067704442233	0.975	0.869	5.69489269333443e-76
Htatip2	3.08797669189314e-80	0.429878622043846	0.378	0.077	9.96953274977701e-76
Hmg20b	4.09680927042261e-80	0.424745729829816	0.415	0.095	1.32265487295594e-75
Slc35d1	4.3209512612624e-80	0.652773771440443	0.499	0.153	1.39501911469857e-75
Tnfrsf8	5.33511527554256e-80	0.509126333468291	0.227	0.009	1.72244196670892e-75
Nfatc1	7.56964990191496e-80	0.638585949562853	0.764	0.355	2.44386147083325e-75
Arpc4	7.83407299203218e-80	0.547485247158877	0.761	0.329	2.52923046547759e-75
Arf1	8.7056165600998e-80	0.574446149150666	0.828	0.417	2.81060830642822e-75
Sub1	1.01376160967395e-79	0.602973502179583	0.937	0.705	3.27292935683233e-75
Fyb	1.06236265796338e-79	-0.595916442931463	0.933	0.964	3.42983784123479e-75
Diaph1	1.37085821558234e-79	0.623003339452576	0.937	0.627	4.42581574900757e-75
Mcub	1.43712561461375e-79	0.359655863826301	0.296	0.037	4.63976004678048e-75
Tg	1.45185033926228e-79	0.546332663689221	0.514	0.158	4.68729882030827e-75
Naa20	1.81305530411195e-79	0.537146144676337	0.56	0.185	5.85344904932542e-75
2900026A02Rik	1.96052668342562e-79	0.484392682128946	0.217	0.006	6.3295603974396e-75
Ms4a4c	2.19849785556019e-79	-0.742316545955996	0.001	0.215	7.09785032667607e-75
Slc37a2	2.41416392018569e-79	0.471847567741003	0.253	0.021	7.79412821631949e-75
Rreb1	3.11923766475583e-79	-1.01959717085176	0.153	0.422	1.00704588006642e-74
Dctpp1	3.30025921025134e-79	0.402977646828752	0.366	0.071	1.06548868602964e-74
Zswim4	3.52914470740392e-79	0.43189983345087	0.278	0.03	1.13938436878536e-74
Gm44148	4.47582001901945e-79	-0.857616578989867	0.021	0.255	1.44501849314043e-74
Yipf3	1.13116189257247e-78	0.421399264001836	0.468	0.125	3.65195617017022e-74
Tjp2	1.20182778004788e-78	0.432895118694419	0.245	0.019	3.88010098788457e-74
Eef1b2	1.24640616693115e-78	-0.544269379734046	0.973	0.975	4.02402230993722e-74
Zswim6	1.71068689932054e-78	0.7053126732117	0.898	0.552	5.52295265445635e-74
Plekho2	1.99238208324809e-78	0.409221588316511	0.313	0.048	6.43240555576646e-74
Usp24	2.03551745723567e-78	-1.01100893434457	0.303	0.525	6.57166811068537e-74
Dipk1a	2.42672387565657e-78	-1.05532970590637	0.221	0.487	7.83467803255722e-74
Myo10	2.47811094019065e-78	0.825165138329348	0.462	0.141	8.00058117040552e-74
Irf4	2.69231843920062e-78	0.56232652701869	0.339	0.063	8.6921500809592e-74
Tbc1d1	3.33892123255095e-78	-1.07123234114229	0.451	0.626	1.07797071992907e-73
Gng10	4.18472903984104e-78	0.426365361412747	0.427	0.104	1.35103977051268e-73
Cetn2	4.25242545669866e-78	0.461099219102371	0.515	0.154	1.37289555869516e-73
Tmem126a	4.59086286929084e-78	0.473707093992138	0.541	0.171	1.48216007735055e-73
Sh3pxd2a	5.93370464259193e-78	-0.858238176432669	0.066	0.32	1.9156965438608e-73
Smg6	2.21819081288682e-77	0.697481442085075	0.92	0.642	7.16142903940511e-73
Ccdc124	2.31064142435761e-77	0.404159439957888	0.467	0.124	7.45990583853853e-73
Midn	2.73283611541338e-77	0.539642256075095	0.541	0.18	8.82296139861209e-73
Anxa6	3.7852133698427e-77	0.584404269652417	0.863	0.48	1.22205613645372e-72
Lamtor5	4.32097994542468e-77	0.46337269323879	0.644	0.23	1.39502837538036e-72
Cep250	5.31547028531258e-77	0.441674555026454	0.434	0.11	1.71609958161317e-72
Sccpdh	5.64024762736286e-77	0.446465032939278	0.209	0.005	1.8209539464941e-72
Ets2	6.7289420039785e-77	0.579136002161932	0.468	0.136	2.17243892598446e-72
Pfdn1	9.17433368282276e-77	0.506658230149582	0.605	0.217	2.96193362949933e-72
Pmm1	9.61579309737037e-77	0.386403961622804	0.292	0.04	3.10445880148602e-72
Sh2b1	1.08639619369003e-76	0.423795116731638	0.386	0.086	3.50743011132825e-72
Vgll4	1.08801138831459e-76	0.742004689297004	0.815	0.47	3.51264476717365e-72
Fbxw8	1.24111378434801e-76	0.371964473095609	0.251	0.022	4.00693585276754e-72
Arhgdia	1.51011169687271e-76	0.557999497283342	0.815	0.395	4.87539561335355e-72
Cops9	1.59820798522627e-76	0.496799834813869	0.682	0.267	5.15981448030303e-72
Ifi206	2.14600561087226e-76	-1.22487338658661	0.279	0.522	6.92837911470111e-72
Apobec3	2.2107148571742e-76	0.567780795538438	0.841	0.433	7.13729291638692e-72
Plin2	2.57041451620745e-76	0.454856196754956	0.341	0.064	8.29858326557576e-72
Hdac7	2.69773533516527e-76	0.591680387995505	0.74	0.327	8.70963852958107e-72
Selplg	3.57496289157107e-76	0.587062103784766	0.914	0.623	1.15417676954372e-71
Cep112	3.6561327361615e-76	0.834782288234318	0.205	0.004	1.18038245386974e-71
Ttc3	4.33394882553745e-76	-1.06357968880007	0.215	0.47	1.39921537832477e-71
Slc9a9	6.72316810404791e-76	-1.01797650235303	0.568	0.733	2.17057482239187e-71
Emp3	8.18134710019353e-76	0.633659567150776	0.882	0.56	2.64134791129748e-71
1300002E11Rik	9.07360534343206e-76	0.484805476491272	0.466	0.132	2.92941348512704e-71
Gabarapl2	1.31285736454894e-75	0.534100278018533	0.773	0.338	4.23856000144625e-71
H2afy	1.92220697867778e-75	0.581494297048332	0.895	0.569	6.2058452306612e-71
Pde4b	1.98960110022185e-75	0.769865205596784	0.848	0.547	6.42342715206624e-71
Atp6v1f	2.03410143496936e-75	0.548545490175827	0.849	0.428	6.56709648279859e-71
Gtf2i	3.52704674165843e-75	-0.952056216649232	0.368	0.573	1.13870704054442e-70
Camk4	3.93289109572786e-75	-0.806961823131819	0.748	0.859	1.26973389025574e-70
Ifitm2	4.38799265154192e-75	0.609074035301507	0.25	0.024	1.41666342755031e-70
Ubr5	4.85338388908673e-75	0.637741143569461	0.765	0.38	1.56691498859165e-70
Wsb1	5.04689413908808e-75	0.490225875447936	0.562	0.189	1.62938977280459e-70
Itgb1	5.7886905251265e-75	0.79601954755294	0.468	0.145	1.86887873603709e-70
Gng5	7.27085342234967e-75	0.527755658461562	0.929	0.644	2.34739502740559e-70
Hspa4l	8.74872887589293e-75	0.474488713064391	0.49	0.146	2.82452711758203e-70
Psme2	9.29111884926331e-75	0.637713167333534	0.891	0.557	2.99963772048466e-70
Bsg	1.06056678146869e-74	0.512856174562098	0.688	0.272	3.42403985397166e-70
Hint1	1.15111440473049e-74	0.581536106204839	0.881	0.532	3.7163728556724e-70
Gatad2a	1.52319326134338e-74	0.515094731182762	0.742	0.319	4.91762944424709e-70
Ube2f	1.82721685130793e-74	0.454506635354105	0.48	0.14	5.89916960444765e-70
Atp1b3	2.70444936803674e-74	-0.691052019464358	0.787	0.829	8.73131478470663e-70
Lamp2	4.17135307275748e-74	0.457562270590074	0.492	0.148	1.34672133953975e-69
1810037I17Rik	4.34862569276093e-74	0.548181830952523	0.734	0.323	1.40395380490787e-69
Runx2os1	5.07380525088333e-74	0.34769094135912	0.21	0.009	1.63807802524768e-69
Crybg3	5.09855415046597e-74	0.422868598274821	0.233	0.018	1.64606820747794e-69
Hras	8.18241952433271e-74	0.400775237203934	0.443	0.118	2.64169414343082e-69
Klc3	9.36774480542882e-74	0.377813503262997	0.286	0.04	3.02437641043269e-69
Rnf10	9.82702402582191e-74	0.448156191380446	0.539	0.176	3.17265470673661e-69
Egln3	1.18612362225747e-73	0.428230430371082	0.27	0.033	3.82940011445823e-69
Ralgps2	1.28323241548979e-73	-0.948951986492625	0.218	0.473	4.14291585340878e-69
Gm12709	1.7162854463952e-73	0.413899795812643	0.21	0.009	5.54102756368691e-69
Ifngr2	2.47067462358122e-73	-0.779686289432453	0.048	0.282	7.97657302223197e-69
Capn2	3.96467718291836e-73	0.40464823823	0.436	0.118	1.27999602850519e-68
Arhgap18	4.80065283835455e-73	0.419186794829768	0.415	0.107	1.54989076886277e-68
Ppp1r15a	4.86033794006144e-73	0.577991103282874	0.565	0.205	1.56916010394884e-68
Slbp	5.1193402720468e-73	0.440399956870429	0.53	0.169	1.65277900683031e-68
Ube2v1	5.2473143908007e-73	0.408250010670629	0.555	0.183	1.69409545107e-68
Ap2m1	5.56496793326071e-73	0.426894494492129	0.51	0.156	1.79664989725322e-68
Man1a	6.22363253760353e-73	-0.846838176036753	0.62	0.753	2.0092997647653e-68
Golph3	9.05141471161493e-73	0.538890958941693	0.664	0.269	2.92224923964488e-68
Apaf1	1.51814394952137e-72	0.498334529423008	0.466	0.139	4.90132774102974e-68
Popdc2	1.55476832126622e-72	0.364721605617863	0.201	0.006	5.01956952520798e-68
Flna	2.146155091414e-72	0.533980734007919	0.706	0.305	6.9288617126301e-68
Rassf2	2.17563424358674e-72	-0.868521667248575	0.123	0.369	7.02403515541978e-68
Psmd13	2.42407008429924e-72	0.452354481491114	0.585	0.203	7.82611026716009e-68
Rnf11	2.57663090802985e-72	0.368579853738902	0.336	0.065	8.31865288657439e-68
Atp6v0c	3.14183777908411e-72	0.504954662562831	0.726	0.311	1.01434232697731e-67
Lin54	4.06563317983786e-72	0.713436315880166	0.446	0.139	1.31258967211065e-67
Eif3h	5.35422547027527e-72	0.519747260876351	0.951	0.715	1.72861169307837e-67
Ipmk	6.16802856692743e-72	0.493009105238463	0.316	0.058	1.99134802283252e-67
Nlrc5	7.50378532726927e-72	-1.0029727355028	0.368	0.578	2.42259709290889e-67
Itm2c	9.19829010103857e-72	0.427016830857673	0.487	0.146	2.9696679591203e-67
Mlf2	9.36210276866465e-72	0.388842091501332	0.462	0.129	3.02255487886338e-67
Mrpl33	1.09508551607784e-71	0.531101230639524	0.771	0.371	3.53548358865731e-67
Ric1	1.49427018325063e-71	0.467160173930214	0.449	0.129	4.82425128662466e-67
Dusp10	3.16981557074022e-71	-1.03205399000126	0.231	0.469	1.02337495701348e-66
Cisd1	3.25957412508494e-71	0.396913312973662	0.37	0.083	1.05235350628367e-66
Arhgef10	3.33586196575938e-71	0.412638128089466	0.312	0.055	1.07698303564542e-66
Anxa4	4.10705382027711e-71	0.309926464497589	0.207	0.01	1.32596232587647e-66
Ndufa11	4.33724751205197e-71	0.483438063421635	0.682	0.277	1.40028035926598e-66
Hsp90ab1	4.45866421392985e-71	-0.637199591402263	0.975	0.976	1.43947974146725e-66
Dennd2d	4.62940750892297e-71	-0.824059186799708	0.079	0.318	1.49460421425578e-66
Serpinf1	5.70911310825383e-71	0.344555827002833	0.202	0.008	1.84318716699975e-66
Arid1b	7.72261056676764e-71	-0.820051657436453	0.686	0.755	2.49324482148093e-66
Gstp1	9.84969425583312e-71	0.353774337223371	0.308	0.054	3.17997379049572e-66
Klhdc2	1.07632985811304e-70	0.478791805928816	0.386	0.096	3.47493094691794e-66
Pbxip1	1.15618771828689e-70	0.491435165420449	0.577	0.21	3.73275204848922e-66
Ramac	1.25795024672121e-70	0.402843773493029	0.536	0.175	4.06129237153944e-66
Ostf1	1.4888176540294e-70	0.598075024489044	0.761	0.372	4.80664779603392e-66
Slc25a19	1.75180091752192e-70	0.358074922297485	0.276	0.039	5.65568926221952e-66
Pqlc3	1.7971206907762e-70	0.31721204465535	0.26	0.031	5.80200415017098e-66
Rtraf	1.82802589030227e-70	0.519261514575336	0.761	0.347	5.90178158684087e-66
Atp8a1	2.97378083167547e-70	-1.00281305474994	0.306	0.525	9.60085141506425e-66
Chmp4b	3.60357145467239e-70	0.537150846353408	0.877	0.514	1.16341304414098e-65
Arhgef12	4.75290956961136e-70	0.42628142748367	0.37	0.087	1.53447685454903e-65
Etfb	5.71901516686579e-70	0.431950078699196	0.496	0.153	1.84638404662262e-65
Snf8	6.10739649937298e-70	0.446882603485623	0.612	0.224	1.97177295982257e-65
Ptpn18	6.11582757838675e-70	0.547739504755284	0.969	0.793	1.97449493368216e-65
Ccdc12	7.83917687071105e-70	0.491281022058588	0.767	0.35	2.53087825270906e-65
Rhog	8.7629427290414e-70	0.426865292053203	0.6	0.216	2.82911606007102e-65
Smg1	1.05099614893101e-69	-0.822269708590621	0.667	0.734	3.39314106682377e-65
Cpped1	1.15989819305312e-69	0.376953455032893	0.327	0.064	3.74473131627201e-65
Chst12	1.26190950996267e-69	0.3491960667565	0.302	0.052	4.07407485291447e-65
Cd40lg	1.50048327630431e-69	-1.01584852473975	0.082	0.32	4.84431025754847e-65
Dock11	1.6774402036735e-69	-0.816940098437987	0.689	0.758	5.41561569755989e-65
Soat1	1.69235463732186e-69	0.391948289608956	0.417	0.112	5.46376694659362e-65
Mvb12a	1.80854246939442e-69	0.356707295102218	0.42	0.112	5.8388793624399e-65
Rpl27a	1.94770509904629e-69	-0.336406643210394	0.998	0.999	6.28816591227094e-65
Arl6ip5	2.61647015325771e-69	0.504481524017328	0.771	0.359	8.44727388979251e-65
Sys1	2.67032817428302e-69	0.490070431910402	0.712	0.303	8.62115451067272e-65
Fam71b	2.86190201392365e-69	0.363096519277558	0.207	0.011	9.23965065195252e-65
Btbd19	3.00344928021539e-69	0.34357161526872	0.27	0.038	9.69663600117537e-65
Zfand5	3.0106414240708e-69	0.473653251779616	0.668	0.268	9.71985583761257e-65
Ppp2ca	3.13320383318576e-69	0.56957630226696	0.869	0.515	1.01155485754402e-64
Jak3	3.31112232672738e-69	0.342905342621252	0.32	0.061	1.06899584318393e-64
Gpr107	3.60160683083039e-69	0.425189453611272	0.528	0.175	1.16277876533359e-64
Fbxw11	3.64482331333879e-69	0.616578179943769	0.69	0.314	1.17673120671143e-64
Sri	3.68863039952007e-69	0.544175617995811	0.891	0.542	1.19087432448505e-64
Anapc13	4.1240196114431e-69	0.357100994170511	0.457	0.131	1.33143973155441e-64
Homer1	4.82092250825969e-69	0.604166703276862	0.36	0.087	1.55643483179164e-64
Snx20	6.77037834886582e-69	0.479524432372003	0.66	0.266	2.18581664993133e-64
Adprh	7.24912703542545e-69	0.367266113695373	0.451	0.129	2.34038066338711e-64
Adam9	9.71672876771112e-69	0.380306716867122	0.256	0.033	3.13704588265554e-64
Ston2	9.99230928537705e-69	0.440224402902776	0.228	0.021	3.22601705278398e-64
Plekho1	1.05970807335293e-68	0.342049494957481	0.256	0.033	3.42126751481992e-64
Lars2	1.394507421575e-68	-0.801614944931544	0.614	0.688	4.50216721055487e-64
Slc4a8	1.5223567484462e-68	0.342346899378461	0.217	0.016	4.91492876235856e-64
Focad	1.78038952474712e-68	-0.791324912721926	0.059	0.288	5.74798758064609e-64
4932438A13Rik	1.79863000919944e-68	-0.787795703893998	0.747	0.778	5.80687698470041e-64
Sin3b	2.06526658575753e-68	0.457796878785403	0.672	0.269	6.6677131721182e-64
Gm30541	2.4951851820676e-68	0.309042069270808	0.186	0.004	8.05570536030525e-64
Mea1	2.56258747690034e-68	0.369035838252309	0.396	0.1	8.27331366917276e-64
Nsd2	3.25928666053441e-68	0.390810132790694	0.4	0.103	1.05226069835353e-63
Rab1b	5.60955576499812e-68	0.334681064471858	0.466	0.137	1.81104507872964e-63
Glcci1	5.92810444032817e-68	0.661930158846269	0.761	0.394	1.91388851855995e-63
Degs2	6.16224541237712e-68	-0.554145645974658	0.002	0.188	1.98948093138595e-63
Zfp948	9.29020613028371e-68	0.379615103311625	0.233	0.023	2.9993430491621e-63
Dock8	9.86117487190783e-68	-0.6966623704604	0.783	0.822	3.18368030739544e-63
Slc5a3	1.02058219852486e-67	0.423476029226164	0.333	0.071	3.29494962793751e-63
Rrad	1.22170491652117e-67	0.555519713505654	0.327	0.071	3.94427432298861e-63
Mrps21	1.24327213387086e-67	0.454773097543321	0.646	0.257	4.01390408420206e-63
Gbp3	1.26632781747047e-67	0.377279436211918	0.282	0.045	4.0883393587034e-63
Ifit3	1.7538500311669e-67	-0.989324348799462	0.011	0.205	5.66230482562234e-63
Clta	1.9518971995675e-67	0.519109541997383	0.905	0.589	6.30170010880368e-63
Ube2j2	2.46982900895906e-67	0.449776887788691	0.618	0.238	7.97384295542432e-63
Numb	2.47841669644396e-67	-0.904593451633267	0.453	0.616	8.00156830446932e-63
4932438H23Rik	2.50387884440631e-67	0.366930057085738	0.202	0.011	8.08377284916578e-63
Kctd12	3.01979835408181e-67	0.381518887398795	0.199	0.009	9.74941898615312e-63
Srpk2	3.66159335270542e-67	0.792120565038762	0.838	0.537	1.18214541392094e-62
Myl12a	3.97180773609185e-67	0.561074545937132	0.855	0.496	1.28229812759725e-62
Havcr2	4.48234731411699e-67	0.453924626298538	0.183	0.004	1.44712583036267e-62
C1qtnf12	5.95591803301723e-67	0.311531325844471	0.211	0.015	1.92286813695961e-62
Gm2629	6.49409326618239e-67	0.363117566664395	0.191	0.008	2.09661801098698e-62
Upf3b	7.56503004385658e-67	0.528148587677794	0.574	0.223	2.4423699496591e-62
Eloa	7.78658477284805e-67	0.389904099936054	0.455	0.137	2.51389889391399e-62
Ass1	1.0481851340733e-66	0.573032865556386	0.523	0.193	3.38406570535565e-62
Rpl23	1.1418992377869e-66	-0.317504348370979	1	1	3.68662168919501e-62
Ss18	1.52983638943735e-66	0.599492607775155	0.781	0.412	4.93907678329849e-62
Cd5	1.87394899051463e-66	0.464402496963624	0.634	0.257	6.0500443158765e-62
Btg1	2.00011138751121e-66	-0.546479332828045	0.943	0.965	6.45735961457994e-62
Sgk3	2.17714703778719e-66	-0.67513839556069	0.015	0.211	7.02891921149594e-62
Aldoa	2.32206394561394e-66	0.630389016030939	0.792	0.446	7.49678344841459e-62
Cox7b	3.17628182739493e-66	0.538051355003388	0.863	0.522	1.02546258797445e-61
Btf3	3.35876401399965e-66	0.436601805500864	0.975	0.825	1.08437696191979e-61
Ifit2	3.9953414606583e-66	-0.822056155081908	0.063	0.287	1.28989599057353e-61
Galm	4.62791070556056e-66	0.376897280933924	0.281	0.047	1.49412097129023e-61
Psmc3	4.66237999948695e-66	0.457807700146263	0.645	0.262	1.50524938283436e-61
Ulk1	4.71261836350771e-66	0.338886249289456	0.276	0.043	1.52146883865846e-61
Il6st	4.7244190255025e-66	-0.75818128555508	0.254	0.515	1.52527868238348e-61
Sik1	4.96295957046994e-66	0.494479658910931	0.608	0.245	1.60229149732622e-61
Vps28	6.06542281359963e-66	0.448843660429677	0.689	0.293	1.95822175537064e-61
Atg2a	6.83164824569856e-66	0.378416065870435	0.445	0.131	2.20559763612378e-61
Uap1	7.08519595449788e-66	0.391952796286878	0.321	0.067	2.28745551390964e-61
Prickle1	8.90420495235089e-66	0.825873050406223	0.382	0.11	2.87472256886648e-61
Nedd8	1.07954980136072e-65	0.520471658049702	0.855	0.499	3.4853265336931e-61
Psma1	1.10582825411085e-65	0.43223702730291	0.667	0.267	3.57016651839688e-61
Txnrd1	1.13211749540479e-65	0.396231761315559	0.382	0.1	3.65504133391437e-61
Myo1c	1.18271521997634e-65	0.327315314515829	0.251	0.034	3.81839608769361e-61
Slk	1.21555705848525e-65	0.535694617077981	0.62	0.262	3.92442596331962e-61
Pgls	1.3328595718803e-65	0.441801891807528	0.604	0.227	4.30313712781554e-61
Mbp	1.46688823761083e-65	-0.921958046553753	0.376	0.551	4.73584867512656e-61
Nipbl	1.53562371952686e-65	-0.665876914069436	0.882	0.881	4.95776117849248e-61
Degs1	1.87074776511869e-65	0.363097645818737	0.457	0.137	6.0397091596857e-61
Ifit1	1.94855523844008e-65	-1.21144926784211	0.046	0.262	6.29091058730379e-61
Tmem234	2.53912619905742e-65	0.53008823272825	0.817	0.446	8.19756893365688e-61
Gnptg	2.79380284508076e-65	0.33017498811954	0.291	0.051	9.01979248534322e-61
Polr1d	2.92646918142157e-65	0.49752454545268	0.877	0.514	9.44810575221952e-61
Lrmp	3.73828510535232e-65	0.404163237614239	0.426	0.125	1.206905346263e-60
Mir22hg	4.25434224889204e-65	0.297246477483991	0.205	0.014	1.3735143950548e-60
Gm26827	4.67755793359531e-65	0.439607901859749	0.212	0.018	1.51014957886125e-60
Gm16337	5.90978004006117e-65	-0.685341406032248	0.024	0.224	1.90797248593375e-60
Ypel3	6.42435898660933e-65	0.520946208906095	0.762	0.368	2.07410429882682e-60
Gpr183	7.22780451326707e-65	-1.08697863649414	0.161	0.4	2.33349668710827e-60
Trim8	8.1559395092642e-65	0.412054136577052	0.46	0.144	2.63314507056595e-60
Setx	8.37025972556254e-65	-0.833916162731263	0.603	0.689	2.70233835239787e-60
Tdrp	9.30894523030419e-65	-0.559698016651258	0	0.176	3.00539296760371e-60
Stk32c	1.06986500019396e-64	0.327579615336329	0.19	0.009	3.45405915312621e-60
Pmvk	1.28526855670953e-64	0.332751278143591	0.32	0.067	4.14948953533672e-60
Ndufa1	2.05445493883051e-64	0.434580716440553	0.6	0.227	6.63280777001431e-60
Prkce	2.05959981217043e-64	-0.922284706905306	0.088	0.32	6.64941799359222e-60
Anxa5	4.25119727785069e-64	0.428685006433814	0.586	0.225	1.3724990411541e-59
Dnajc8	5.19299240226243e-64	0.510223786677579	0.816	0.423	1.67655759707042e-59
Capza2	5.80915296713636e-64	0.487971623575043	0.837	0.461	1.87548503543997e-59
Pld3	8.29760233423832e-64	0.362472862737059	0.482	0.155	2.67888091360884e-59
Sec24d	1.00973695952681e-63	0.429715141425615	0.263	0.042	3.25993577383231e-59
St3gal3	1.163979737162e-63	0.620185584451289	0.362	0.097	3.75790858142752e-59
Svbp	1.32690513618538e-63	0.343576157899499	0.48	0.152	4.28391323217451e-59
Tmem134	1.3674136786303e-63	0.464235396094279	0.716	0.32	4.41469506145793e-59
Rpl3	1.36742937754456e-63	-0.401844200103664	0.994	0.994	4.41474574540261e-59
Aurkaip1	1.4084926444115e-63	0.424078237661509	0.634	0.246	4.54731850248254e-59
Tmem154	1.4186900543544e-63	0.473601735908718	0.521	0.188	4.5802408404832e-59
Sqstm1	1.42665145762505e-63	0.514962929684517	0.668	0.298	4.60594423094249e-59
Fam173a	1.50108824439989e-63	0.358189366006828	0.551	0.198	4.84626339704506e-59
Ppp1r18	1.84495837447063e-63	0.460883580329497	0.793	0.389	5.95644811197842e-59
Tmem128	2.3865023227811e-63	0.380822303999479	0.532	0.186	7.70482274909879e-59
Aak1	2.83729095627957e-63	-0.746941559064886	0.729	0.77	9.1601938523486e-59
Tpm3	2.97487520662109e-63	0.518557261984011	0.925	0.681	9.60438460457619e-59
Nab1	3.37747855882578e-63	0.55775298732121	0.627	0.274	1.0904189527169e-58
Thy1	3.83371096973979e-63	0.5790634642403	0.847	0.526	1.23771358658049e-58
Sema4d	4.43297045385945e-63	0.5261213412319	0.898	0.576	1.43118451102852e-58
Birc2	6.16037510889071e-63	0.457007865364823	0.58	0.223	1.98887710390536e-58
Fbxo6	6.40194000925436e-63	0.266828496367492	0.219	0.021	2.06686633198777e-58
Ift20	7.10346649133796e-63	0.399450103902789	0.548	0.198	2.29335415672846e-58
Ost4	8.86304006579993e-63	0.422155649810417	0.639	0.259	2.86143248524351e-58
Necap2	8.91123046346412e-63	0.351450893597831	0.44	0.13	2.87699075512939e-58
D5Ertd579e	9.64432848345417e-63	0.386392192332234	0.47	0.153	3.11367145088318e-58
Msi2	1.31151917842537e-62	0.563419324817453	0.947	0.73	4.23423966754632e-58
Ftl1	2.21264577146735e-62	0.487580428788884	0.97	0.795	7.14352687318235e-58
Cemip2	2.64982548655173e-62	0.352794883956391	0.195	0.014	8.55496158333227e-58
Klf10	2.73668592771952e-62	0.366752854641061	0.274	0.049	8.83539051764248e-58
Borcs8	3.43321171881192e-62	0.35227227322389	0.438	0.134	1.10841240341843e-57
Gm42921	4.12828843995036e-62	0.283213487743035	0.165	0.002	1.33281792283797e-57
Pgam1	4.21207572276569e-62	0.456828049343812	0.538	0.198	1.3598686470949e-57
Bcr	6.05327414779111e-62	0.461376362493106	0.384	0.109	1.95429955861436e-57
Surf4	8.64869922408102e-62	0.359488032932957	0.484	0.158	2.79223254449456e-57
Rex1bd	8.974279258091e-62	0.341321885219641	0.516	0.176	2.89734605847468e-57
Blmh	9.50754107121789e-62	0.357587230683205	0.473	0.154	3.06950963484269e-57
Slco3a1	1.06435112137184e-61	-1.0099162434719	0.528	0.653	3.43625759534898e-57
Tpst2	1.08186372779737e-61	0.393959582878591	0.547	0.202	3.49279704519382e-57
B9d2	1.1900172488368e-61	0.325375999526773	0.29	0.056	3.8419706878696e-57
Sdf2l1	1.36832926679447e-61	0.312901028311288	0.254	0.04	4.41765103784593e-57
R3hdm4	1.41631618836982e-61	0.342340950541222	0.469	0.151	4.57257681415198e-57
Sat1	1.56158375603425e-61	0.516213365492225	0.717	0.336	5.04157315635659e-57
Atp8b4	1.62539618006125e-61	-0.83623150415145	0.068	0.289	5.24759156732773e-57
Gm34006	1.70521739491734e-61	-0.586921341670315	0.011	0.191	5.50529435949064e-57
Crim1	1.73226461957141e-61	-0.872889384790903	0.145	0.381	5.59261632428628e-57
Adipor1	1.73542054339781e-61	0.356847379423627	0.475	0.154	5.60280522435984e-57
Vmn2r97	1.80579012831608e-61	-0.698119479227011	0.029	0.225	5.82999342926847e-57
Stt3b	1.84490783790495e-61	-0.908564101055107	0.251	0.458	5.95628495467614e-57
Ier5l	1.92363069550007e-61	0.412458234459658	0.175	0.006	6.21044170042199e-57
Emd	1.92606016544138e-61	0.373242728803406	0.45	0.143	6.2182852441275e-57
Mbd2	2.4990829180639e-61	0.523698811491072	0.925	0.633	8.06828920096931e-57
Ube2a	2.86905564202495e-61	0.349281096154281	0.498	0.164	9.26274614027755e-57
Galc	3.1870486615769e-61	0.398550181929117	0.244	0.036	1.0289386603901e-56
Bak1	3.45131377967435e-61	0.312378828034157	0.311	0.067	1.11425665376786e-56
Plekhm3	3.46534938599892e-61	0.374133572194918	0.338	0.082	1.11878804926975e-56
Rab27a	3.49206878535378e-61	0.511083280183521	0.626	0.271	1.12741440735147e-56
Rps6ka1	3.71314264656376e-61	0.380850209704468	0.579	0.218	1.19878810344311e-56
Ndufb6	4.00667579810013e-61	0.369701898228768	0.468	0.151	1.29355528141663e-56
Iqgap2	4.28474555358176e-61	-0.902468177278099	0.461	0.626	1.38333010197387e-56
Uqcrb	4.42390741841915e-61	0.414845423937848	0.705	0.306	1.42825851003662e-56
Ap1s1	4.49768273131776e-61	0.315065532202469	0.328	0.076	1.45207686980594e-56
Gdpd5	4.76774876888556e-61	0.289690195355402	0.186	0.011	1.5392676900347e-56
Elovl1	5.91318405106095e-61	0.291177629043647	0.325	0.073	1.90907147088503e-56
Naa10	7.00091384410908e-61	0.388285884863713	0.49	0.166	2.26024503457062e-56
Cx3cr1	7.020456587888e-61	0.390250891300012	0.233	0.031	2.26655440939964e-56
Psmb3	7.30640037423315e-61	0.480218354639532	0.817	0.428	2.35887136082117e-56
Rapgef6	7.71835910709158e-61	-0.550107212817992	0.97	0.959	2.49187223772452e-56
Tax1bp1	9.45672777945986e-61	0.539348734443746	0.932	0.65	3.05310456359862e-56
Stk38l	9.4931566905139e-61	0.403157938134227	0.344	0.087	3.06486563753241e-56
Ninj1	1.00532722164978e-60	0.272445495461292	0.208	0.019	3.24569893509633e-56
Slc49a4	1.07732702362922e-60	-0.775854019636646	0.075	0.29	3.47815029578693e-56
Jazf1	1.14502656259176e-60	0.426108172319476	0.279	0.054	3.6967182573275e-56
Rasgrp1	1.16110080381661e-60	-0.873065847600824	0.482	0.605	3.74861394512194e-56
Rps5	1.3844931460445e-60	-0.379899713422816	0.996	0.998	4.46983612200467e-56
Rab8a	1.58913869678274e-60	0.450300390391898	0.725	0.335	5.13053428256309e-56
Tmem64	1.64511491139583e-60	0.497733566397729	0.37	0.105	5.31125349144144e-56
Cytip	1.99807792671956e-60	0.458493318874093	0.983	0.89	6.45079458641411e-56
Ssr2	2.00954956611633e-60	0.348915676709141	0.472	0.153	6.48783077420658e-56
Bcl9	2.15433705118681e-60	-0.767373660184348	0.043	0.242	6.95527716975663e-56
Dgkg	2.81462424038997e-60	0.571851061725505	0.197	0.016	9.08701436009903e-56
Ccdc92	2.86164381218145e-60	0.308893099953728	0.265	0.046	9.23881704762782e-56
Mboat1	3.71199704253128e-60	-0.725506949385857	0.047	0.25	1.19841824518122e-55
Dpm3	4.07531683741795e-60	0.369300392885979	0.508	0.177	1.31571604096039e-55
Dnajb13	4.55212669009925e-60	0.331766767733231	0.226	0.028	1.46965410189854e-55
Wwp2	5.2456824993607e-60	0.458551177179875	0.652	0.282	1.6935685949186e-55
Slc43a2	5.38337103452465e-60	0.463518256154189	0.533	0.202	1.73802133849628e-55
Rps27l	5.72183461748886e-60	0.461322629154611	0.736	0.352	1.84729430625628e-55
Trappc1	6.10224095472879e-60	0.31690487090009	0.348	0.088	1.97010849223419e-55
Sipa1l1	6.5579504557928e-60	-0.742079162817414	0.52	0.685	2.11723430465271e-55
Pacsin1	7.43137489202019e-60	-0.816579463992119	0.087	0.306	2.39921938388872e-55
Fabp5	8.76543819452169e-60	0.398961815199556	0.332	0.082	2.82992172110133e-55
Uap1l1	1.08332532388457e-59	0.266002013527099	0.176	0.008	3.49751580816132e-55
Prdx5	1.12818029037919e-59	0.429424690413892	0.729	0.323	3.64233006748922e-55
Esd	1.1550731807835e-59	0.408092248096394	0.668	0.278	3.72915376415951e-55
Pou2f2	1.21126287854084e-59	0.422472553478602	0.344	0.089	3.91056220336909e-55
Tle5	1.2292443433886e-59	0.453197334728184	0.938	0.707	3.96861536263011e-55
Dusp14	1.24360694076541e-59	0.360587463183315	0.181	0.011	4.01498500826112e-55
BC004004	1.27579484268065e-59	0.320898535666787	0.424	0.128	4.11890364959447e-55
Carhsp1	1.60325593622722e-59	0.310081132492743	0.268	0.048	5.17611179010957e-55
Rab4b	1.832399494111e-59	0.352658943119481	0.528	0.191	5.91590176673737e-55
Bclaf3	1.93073692130562e-59	0.532804724663852	0.497	0.183	6.23338415043521e-55
Rps13	2.15022842891992e-59	-0.303606810008262	0.999	0.999	6.94201248276798e-55
Elof1	2.34017419438801e-59	0.321560082542646	0.414	0.122	7.55525238658169e-55
Zfp787	3.14435905619555e-59	0.319208892375972	0.306	0.068	1.01515632129273e-54
Ggh	3.1487400160979e-59	0.258791223903303	0.227	0.03	1.01657071419721e-54
Sp110	3.76846007481504e-59	-0.831259387230218	0.239	0.447	1.21664733515404e-54
Dip2a	3.8492020979176e-59	0.351256913401379	0.202	0.019	1.2427148973127e-54
Eif5a	3.90277681742222e-59	0.495644984540702	0.869	0.518	1.26001149550476e-54
Rps27	4.42349090762067e-59	-0.342672432482299	0.999	0.997	1.42812403952533e-54
Itgb8	4.58138500493425e-59	0.599021965415044	0.166	0.005	1.47910014884302e-54
Zeb2	4.75659856048485e-59	0.491515518949192	0.175	0.009	1.53566784525253e-54
Tma7	5.08438909368668e-59	0.491274236718287	0.913	0.614	1.64149501889674e-54
Cyb5a	5.63675832708028e-59	0.526185874385033	0.893	0.571	1.81982742589787e-54
Fkbp2	5.81345191523304e-59	0.351195902281927	0.315	0.072	1.87687295083299e-54
Med13l	5.97493428313582e-59	-0.825107654953563	0.518	0.63	1.9290075333104e-54
Fundc2	6.04514279268757e-59	0.383957243805145	0.561	0.214	1.95167435061918e-54
Map7d1	6.65021005861913e-59	0.313854349492476	0.314	0.073	2.14702031742519e-54
Sertad1	8.01884465213045e-59	0.363842817757544	0.386	0.112	2.58888399594032e-54
Ufm1	8.05456178553421e-59	0.299514791852866	0.412	0.122	2.60041527245972e-54
Inpp4b	9.3554509382426e-59	-0.476044213197569	0.975	0.984	3.02040733541162e-54
Rhoc	1.27093125203889e-58	0.284123831053745	0.177	0.009	4.10320154720757e-54
Gpr155	1.39758746849636e-58	0.417746346631845	0.212	0.024	4.5121111420405e-54
1500009L16Rik	1.8294598793674e-58	0.388758474972381	0.164	0.005	5.90641122053766e-54
Rab5if	1.8598136747517e-58	0.418610760803631	0.68	0.296	6.00440844893588e-54
Mrpl9	1.90325059598694e-58	0.363385550183185	0.506	0.179	6.14464454914384e-54
Itgb1bp1	1.95551888853289e-58	0.308497527716174	0.455	0.144	6.31339273162844e-54
Tmem14c	2.01681970748723e-58	0.429425468874159	0.659	0.28	6.51130242562251e-54
Gm17767	2.78013264852444e-58	0.350589224555671	0.165	0.006	8.97565825576116e-54
Dctn3	3.41577786847395e-58	0.36435935626849	0.604	0.235	1.10278388483681e-53
Pofut2	4.15293136349643e-58	0.285862223686579	0.254	0.043	1.34077389070482e-53
Abhd12	4.24564991719046e-58	0.343928821904407	0.457	0.152	1.37070807576494e-53
Ece1	4.65296972621044e-58	0.620068531488819	0.426	0.15	1.50221127610704e-53
Optn	4.66085861580149e-58	0.305871479631412	0.17	0.008	1.50475820411151e-53
Myb	4.70217885993086e-58	0.423129832998598	0.377	0.11	1.51809844492868e-53
Nfkbib	5.99445668226633e-58	0.313151749967975	0.415	0.125	1.93531033986969e-53
Ppme1	6.46324768486692e-58	0.42391244901125	0.46	0.158	2.08665951505929e-53
Ide	7.66102484761676e-58	0.33786679132367	0.392	0.116	2.47336187205307e-53
Gm48236	8.2227932797425e-58	0.523771999129066	0.165	0.006	2.65472881036487e-53
Atxn7l1os1	1.01948748014678e-57	0.315689521017627	0.208	0.023	3.29141532965389e-53
Mapk6	1.35465060215405e-57	0.347974836500308	0.496	0.174	4.37348946905435e-53
B3gat3	1.52061327006205e-57	0.307171293424284	0.363	0.099	4.90929994239533e-53
Igf2r	1.69329325814198e-57	0.486404710537691	0.674	0.321	5.46679728391137e-53
H2afj	1.97622563050595e-57	0.475829295982226	0.827	0.46	6.38024444808845e-53
Polr2e	2.0304085751589e-57	0.378546481968913	0.531	0.195	6.55517408490051e-53
Serpinb6a	2.07441639460572e-57	0.524434322662859	0.54	0.223	6.69725332998458e-53
Fkbp8	2.18052684791462e-57	0.377825132339747	0.603	0.238	7.03983092849235e-53
Lxn	2.36644987161245e-57	0.251633956762302	0.229	0.033	7.64008341050078e-53
Akr1a1	2.38889448927188e-57	0.420458082052776	0.688	0.308	7.71254585861427e-53
Tstd3	2.75049512476119e-57	0.264847678717948	0.204	0.022	8.87997351029151e-53
Fuca2	2.82766333415331e-57	0.271707991309545	0.214	0.026	9.12911107431396e-53
Ccrl2	3.01640311330264e-57	0.300477721915179	0.173	0.009	9.73845745129759e-53
Rpl34	3.53615743373378e-57	0.289991724863929	0.999	0.998	1.14164842748095e-52
Aph1a	3.53649161774508e-57	0.28016086357406	0.373	0.102	1.141756318789e-52
Bcl7c	4.18348145634146e-57	0.294107717434065	0.399	0.117	1.35063698817984e-52
Vdac2	4.36392237940373e-57	0.424062507975868	0.731	0.337	1.40889234019049e-52
Arl1	4.9952832963928e-57	0.315704560373407	0.442	0.141	1.61272721224042e-52
Cdkn2c	5.57265195323675e-57	0.275434864252706	0.189	0.016	1.79913068310249e-52
Pin4	1.27201673596361e-56	0.331731711613684	0.502	0.178	4.1067060320585e-52
Vax2	1.41813768872612e-56	0.310226654875387	0.161	0.006	4.57845752805229e-52
Als2cl	1.50260108107158e-56	-0.762494744332685	0.123	0.331	4.85114759023959e-52
4930503L19Rik	1.65011326061716e-56	0.340827963976889	0.288	0.063	5.32739066190251e-52
Slc17a8	1.81791087473649e-56	0.530691950413495	0.161	0.006	5.86912525908676e-52
Cndp2	2.03109172828428e-56	0.290374078212545	0.33	0.083	6.5573796447658e-52
Alg5	2.30688253314724e-56	0.320090783653835	0.433	0.138	7.44777025826587e-52
Vamp3	2.52367444492375e-56	0.294526279995135	0.326	0.08	8.14768294543632e-52
Cops6	2.63980728626139e-56	0.310620940589774	0.468	0.158	8.5226178236949e-52
Ormdl3	2.77117420276846e-56	0.306548581722791	0.332	0.084	8.94673591363797e-52
Brk1	2.99645845633973e-56	0.416274512852888	0.825	0.429	9.67406612629281e-52
Ppil1	4.17952184129383e-56	0.327334506139458	0.319	0.08	1.34935862646171e-51
Timm17b	4.24603738811762e-56	0.291561533041498	0.388	0.113	1.37083317075378e-51
Leprot	4.69421171309408e-56	0.292293980453094	0.303	0.07	1.51552625157242e-51
Vcpkmt	5.24717840131231e-56	0.285138484178073	0.235	0.036	1.69405154686368e-51
Rel	5.41457053186287e-56	0.768238161009888	0.655	0.348	1.74809409621193e-51
I730030J21Rik	5.69211525654206e-56	0.293883683733705	0.211	0.026	1.83769941057461e-51
Gtf2f1	6.8330659293349e-56	0.330463335102701	0.395	0.12	2.20605533528577e-51
P2ry10	7.30969129993081e-56	0.437911824425547	0.621	0.272	2.35993383618266e-51
Lats2	7.90721759523122e-56	0.447204743213657	0.486	0.18	2.5528452006204e-51
mt-Co2	8.95882034370631e-56	-0.296543189929216	0.997	0.999	2.89235514796558e-51
Gldc	1.00574394997543e-55	0.32059591731181	0.156	0.004	3.24704434249568e-51
Il17a	1.06570951512547e-55	0.461794878289032	0.167	0.009	3.44064316958257e-51
Fem1c	1.15204736409185e-55	0.394958116784198	0.507	0.191	3.71938491497054e-51
Raf1	1.31577521009222e-55	0.55047141334945	0.683	0.329	4.24798026578273e-51
Plekha2	1.71333850483911e-55	0.459507983457522	0.662	0.304	5.53151336287305e-51
Dad1	1.73273384846944e-55	0.48063395031988	0.819	0.45	5.5941312297836e-51
Ripk3	1.81019230299746e-55	0.254302682765415	0.24	0.04	5.8442058502273e-51
Hbs1l	1.86678659478156e-55	0.520988434912045	0.721	0.368	6.02692052125228e-51
Calm1	2.12897526807357e-55	0.478263787568571	0.981	0.933	6.87339665297552e-51
4921524J17Rik	2.37411485280787e-55	0.404245443438284	0.516	0.195	7.66482980229021e-51
Fau	3.02920182481131e-55	0.264564326473731	1	1	9.7797780914033e-51
Map2k6	3.19972539051547e-55	-0.746506833502926	0.033	0.216	1.03303134232792e-50
Psen2	3.85070261547388e-55	0.37546596403257	0.42	0.137	1.24319933940574e-50
Zbtb8os	3.9958394658365e-55	0.312132115713632	0.466	0.158	1.29005677154531e-50
Rpl30	4.15481670257928e-55	-0.320235308888289	0.999	0.998	1.34138257242772e-50
Azin1	4.56821472254987e-55	0.392017468922006	0.509	0.192	1.47484812317523e-50
Atp6v0e	4.64450675566432e-55	0.457452052019223	0.82	0.451	1.49947900606622e-50
Tlk1	5.33626979186237e-55	-0.81349459713528	0.516	0.615	1.72281470230277e-50
Gpsm3	5.40837091656787e-55	0.442308363044252	0.756	0.37	1.74609255041394e-50
P4hb	5.50719557591417e-55	0.341185173267558	0.467	0.161	1.77799809168389e-50
Cystm1	5.80057223334619e-55	0.330210968523783	0.165	0.009	1.87271474553582e-50
Mapk3	6.23334675831908e-55	0.281889723960682	0.262	0.051	2.01243600092332e-50
Ddost	6.76332500651163e-55	0.321087341821499	0.464	0.158	2.18353947835228e-50
Crmp1	7.6486464100512e-55	0.31558268369602	0.175	0.013	2.46936549348503e-50
Ywhae	8.05030080633252e-55	0.470347241620579	0.85	0.505	2.59903961532445e-50
Gm11808	8.73104943627627e-55	0.318216017961125	0.462	0.157	2.8188193105018e-50
Lockd	9.28693717908173e-55	0.356157543871782	0.281	0.062	2.99828766826654e-50
Hvcn1	1.0982980950152e-54	0.296003037338313	0.412	0.129	3.54585539975657e-50
Syap1	1.19790775388835e-54	0.327917141110792	0.397	0.124	3.86744518342853e-50
Alpk2	1.27477168730821e-54	0.344302094987109	0.155	0.005	4.11560039247456e-50
Serinc1	1.31478380492128e-54	0.359448914436366	0.572	0.227	4.24477951418837e-50
Tbc1d10c	1.32209685902868e-54	0.426428970046775	0.754	0.38	4.26838970937411e-50
Gnpda1	1.40797215874519e-54	0.274654581890738	0.251	0.046	4.54563811450883e-50
Ddt	1.43379990828122e-54	0.334957572494684	0.446	0.151	4.62902300388591e-50
Hsp90aa1	1.61454209675999e-54	-0.740833378834095	0.766	0.768	5.21254915938962e-50
Camk2g	1.84332003249197e-54	0.383746064631076	0.48	0.176	5.95115872490033e-50
Acadl	2.49106431047984e-54	0.292246268453665	0.516	0.188	8.04240112638416e-50
Fto	2.78364859460994e-54	-0.862936070872103	0.377	0.54	8.98700948769818e-50
Bptf	3.35184392528956e-54	-0.655232430696234	0.773	0.761	1.08214281127974e-49
Dph3	3.775703939332e-54	0.316044101598206	0.473	0.166	1.21898601681334e-49
Mkrn1	3.94526157399569e-54	0.38733747214381	0.638	0.272	1.27372769916451e-49
Plscr1	4.84900441133701e-54	0.287999882101907	0.191	0.021	1.56550107420015e-49
Bnip2	4.85843267801048e-54	0.348831873770507	0.552	0.211	1.56854499009568e-49
Cd2ap	5.06682131211144e-54	-0.876672085944849	0.266	0.451	1.63582326061518e-49
Xylt1	5.24277709478795e-54	0.41626772004924	0.458	0.167	1.69263058505229e-49
Nabp1	5.24523770629128e-54	0.502330583090367	0.609	0.278	1.69342499347614e-49
Romo1	6.61570944226764e-54	0.320501577514915	0.542	0.207	2.13588179343611e-49
Naa38	6.79127978531962e-54	0.279404092688676	0.396	0.121	2.19256467869044e-49
Zc3h12a	6.8788547362474e-54	0.32347324295077	0.362	0.106	2.22083825159747e-49
Pparg	7.33134400412436e-54	0.384291431414473	0.155	0.006	2.36692441173155e-49
Gch1	8.14684289836162e-54	0.353811229817996	0.283	0.064	2.63020822973605e-49
Ralbp1	9.09587861322635e-54	0.445590145667714	0.712	0.343	2.93660441028013e-49
Sema7a	9.29096408626594e-54	0.259282628709753	0.158	0.007	2.99958775525096e-49
Tmed3	9.68852809544775e-54	0.259236401014842	0.267	0.055	3.12794129561531e-49
Selenok	9.81521097286693e-54	0.443736327105532	0.839	0.473	3.16884086259009e-49
2310010J17Rik	1.12123280627555e-53	0.261696975866657	0.237	0.041	3.61990011506061e-49
Adam12	1.19089814257461e-53	0.706009467873707	0.181	0.017	3.84481465330211e-49
Lrrc59	1.29083747008545e-53	0.278262107568473	0.337	0.09	4.16746877217086e-49
Psmc5	1.3113658988578e-53	0.319124051104064	0.546	0.205	4.2337448044624e-49
Eefsec	1.38083765853621e-53	-0.828379401863886	0.166	0.37	4.45803438058414e-49
Fgfr1op2	1.41974464751771e-53	0.439567662256138	0.763	0.39	4.58364559451091e-49
Sema4b	1.54613416085367e-53	0.369378134226884	0.354	0.103	4.99169413831607e-49
Ciao2a	1.98655771249197e-53	0.304653096008326	0.499	0.181	6.41360157478032e-49
Jcad	2.19227283587175e-53	0.322911210356539	0.147	0.003	7.07775285061196e-49
P2rx4	2.32296527792973e-53	0.419813248520144	0.361	0.11	7.49969339979615e-49
Mpc1	2.72590638989649e-53	0.404088294157633	0.596	0.252	8.80058877978081e-49
Kdelr1	3.02629134585233e-53	0.284568308218471	0.454	0.154	9.77038161008426e-49
Anxa7	3.03801571246535e-53	0.266577777926154	0.364	0.105	9.80823372769437e-49
Snx25	3.72588122638339e-53	0.400037674023099	0.475	0.176	1.20290075393788e-48
E230029C05Rik	3.82611011365389e-53	0.281824711123	0.176	0.014	1.23525965019316e-48
H3f3b	4.90831838138144e-53	0.374021987439802	0.994	0.952	1.584650589429e-48
Arhgef1	5.26806894713899e-53	-0.693812023335151	0.738	0.733	1.70079605958382e-48
Trbc2	7.27282313265541e-53	0.382823675522933	0.993	0.965	2.3480309483778e-48
Stk11	8.03763580450937e-53	0.33067612776741	0.468	0.166	2.59495071948585e-48
Zhx2	8.55176547649975e-53	-0.839046195731501	0.155	0.36	2.76093748408794e-48
Rras2	1.17759635769655e-52	-0.767203618870001	0.087	0.287	3.80186984082332e-48
Eif3c	1.55951922337711e-52	0.438162574669432	0.845	0.485	5.03490781267301e-48
Ssna1	1.77004117825974e-52	0.335755459123829	0.457	0.158	5.71457794401158e-48
Tceal9	1.79737055552751e-52	0.28908863277318	0.34	0.094	5.80281083852058e-48
Arel1	2.33066442838449e-52	0.344894985602926	0.39	0.124	7.52455010703931e-48
Tecr	2.5403596763008e-52	0.375358033516493	0.657	0.289	8.20155121493714e-48
Pim3	2.59893118275747e-52	0.307412533161591	0.262	0.055	8.39064932353249e-48
Serpina3f	2.64536197250026e-52	0.384317479874924	0.141	0.002	8.5405511282171e-48
Ube2e3	2.94191199362333e-52	0.331249271567356	0.35	0.103	9.49796287141291e-48
Fuca1	3.5727116504531e-52	0.296993660404801	0.42	0.14	1.15344995634878e-47
Bcl2l15	3.78923376348138e-52	0.333814971844961	0.16	0.009	1.22335412053996e-47
Klhl3	3.93442538392454e-52	-0.553237278011414	0.018	0.181	1.27022923520004e-47
Mrpl20	4.16810592864763e-52	0.336977397242709	0.596	0.24	1.34567299906389e-47
Stat1	4.17338640787774e-52	-1.09194939740538	0.709	0.733	1.34737780178333e-47
Pdlim2	4.22004702287466e-52	0.289803177743654	0.438	0.149	1.36244218133509e-47
Ndufa7	5.70644464867739e-52	0.403302499210171	0.715	0.346	1.8423256548255e-47
Zmat2	6.37550841779926e-52	0.37987823870144	0.589	0.25	2.05833289268649e-47
Immp2l	6.7677812447284e-52	-0.976264367328721	0.038	0.219	2.18497817486056e-47
Vcp	7.5927525394093e-52	0.45579894242789	0.755	0.392	2.45132015734829e-47
Rheb	8.20085070885081e-52	0.425665839929168	0.67	0.306	2.64764465135248e-47
Tnf	8.36157674497249e-52	0.390512873492486	0.277	0.066	2.69953505211437e-47
Amz2	8.75943067149242e-52	0.296308322538318	0.347	0.1	2.82798219229133e-47
Nubp1	8.83171051584251e-52	0.307061389920969	0.438	0.149	2.85131774003975e-47
Sra1	9.55746565352757e-52	0.336331294645003	0.508	0.192	3.08562778624137e-47
Fhl2	9.72205042091916e-52	0.262160062128826	0.162	0.011	3.13876397839375e-47
Id3	9.79833848838295e-52	-0.643190959684586	0.009	0.161	3.16339358097444e-47
Pigx	1.04000217250194e-51	0.34994351021158	0.591	0.246	3.35764701392252e-47
Rwdd1	1.19667241498326e-51	0.361598357615342	0.67	0.296	3.86345689177345e-47
Jak2	1.23583297849228e-51	0.646237644588588	0.644	0.329	3.98988677106234e-47
Ptpn9	1.26827694530906e-51	0.318077980009347	0.352	0.105	4.0946321179303e-47
Slamf1	1.79361687557795e-51	0.422741556625195	0.438	0.159	5.79069208280341e-47
Spock2	1.89160247482556e-51	0.348675291125915	0.167	0.013	6.10703858997432e-47
Chchd2	2.75991881825635e-51	0.378881824891258	0.97	0.787	8.91039790474062e-47
Clec2i	2.76591692157878e-51	-0.583248179645378	0.039	0.215	8.92976278131708e-47
Dapl1	3.2284264137348e-51	-0.759149799489913	0.001	0.144	1.04229746767428e-46
Zcrb1	3.28769773800605e-51	0.348892277311559	0.596	0.247	1.06143321471525e-46
Phf20l1	3.54259868380826e-51	-0.722062743433025	0.713	0.735	1.1437279850675e-46
Pbx3	3.55936671897495e-51	0.440180184945018	0.183	0.02	1.14914154522106e-46
Tsix	3.70997332342189e-51	-0.79513142553981	0.043	0.221	1.19776488746676e-46
Atcay	3.79092859972063e-51	0.260991528765099	0.147	0.005	1.2239012984198e-46
Rap1gap2	3.92768750439554e-51	0.504153413926422	0.157	0.009	1.2680539107941e-46
Oasl2	4.19671806464531e-51	-0.651447995677041	0.008	0.159	1.35491042717074e-46
Cd2bp2	4.33793151169584e-51	0.291642565842693	0.356	0.104	1.400501188551e-46
Abcg3	5.0273049595016e-51	-0.602165568588157	0.023	0.186	1.62306540617509e-46
Gpi1	5.41011954313538e-51	0.426765879616149	0.772	0.417	1.74665709450126e-46
Il18rap	5.42249393814541e-51	0.285111626754257	0.157	0.009	1.75065216793024e-46
Gtf2h5	5.49921866775875e-51	0.358860998283409	0.588	0.244	1.77542274688591e-46
Pon2	5.68143963037157e-51	0.354601958994024	0.516	0.202	1.83425278466546e-46
Edf1	5.76443894810829e-51	0.442132980435801	0.828	0.498	1.86104911439676e-46
Hk2	7.92555888656017e-51	0.31647246092826	0.194	0.025	2.55876668652595e-46
Nde1	8.90108280340792e-51	0.258176774778328	0.317	0.084	2.87371458308025e-46
Eid1	1.10135353817999e-50	0.333503227653915	0.491	0.183	3.55571989801411e-46
Hmgb1	1.25401426767617e-50	0.431324251588798	0.953	0.733	4.04858506319252e-46
Arl2bp	1.29839549820524e-50	0.281029588322802	0.443	0.154	4.19186986595561e-46
Psenen	1.76049809887176e-50	0.436371005164241	0.766	0.392	5.68376811220747e-46
Rab19	2.05632498753801e-50	0.259934218561164	0.282	0.068	6.63884522226647e-46
S1pr1	2.09796833499867e-50	-0.75878893530229	0.386	0.583	6.77329076954321e-46
Ube2i	2.09981139995071e-50	0.427207681446609	0.873	0.54	6.77924110474086e-46
Ust	2.13947996160728e-50	-0.827095863717085	0.038	0.213	6.9073110560491e-46
2310011J03Rik	2.22404970487439e-50	0.255801041817722	0.41	0.134	7.18034447218697e-46
Tsc22d4	2.2394170106888e-50	0.439761036043298	0.873	0.546	7.22995781900879e-46
Smim3	2.25040643892822e-50	0.294354017464529	0.159	0.011	7.26543718807976e-46
Prdx1	2.66002916926385e-50	0.496134306882969	0.813	0.482	8.58790417296833e-46
Golm1	3.13772174164187e-50	0.258250480382368	0.192	0.024	1.01301346428908e-45
Arpp19	3.29884826460473e-50	0.391825550135227	0.759	0.375	1.06503316222764e-45
Hadha	3.33820456624272e-50	0.322983772035559	0.566	0.228	1.07773934421146e-45
Polk	3.47853402107957e-50	0.319011345480362	0.323	0.09	1.12304470870554e-45
Vps13a	3.56474631886377e-50	-0.825927840788437	0.33	0.495	1.15087834904517e-45
Tomm7	3.68090632628616e-50	0.420874451383096	0.783	0.414	1.18838060744149e-45
Arrdc1	3.68414421222026e-50	0.269062836141413	0.32	0.087	1.18942595891531e-45
Crot	3.73127436387711e-50	0.322474690756788	0.368	0.114	1.20464192837773e-45
Psmb1	3.74259292405937e-50	0.426325385888785	0.908	0.609	1.20829612553257e-45
Abi2	3.80963135649363e-50	0.324453139030746	0.231	0.043	1.22993948344397e-45
Dnttip1	5.03109264734424e-50	0.288281878090942	0.426	0.146	1.62428826119509e-45
Btbd9	5.17003788095094e-50	0.44995892428795	0.666	0.33	1.66914672986501e-45
Higd2a	5.44818318894777e-50	0.308588008631691	0.59	0.239	1.75894594255179e-45
Cib1	6.33575837200696e-50	0.281556756798169	0.423	0.143	2.04549959040245e-45
Mrps16	6.89094438844278e-50	0.35694620001722	0.589	0.247	2.22474139580875e-45
Becn1	7.06520883808426e-50	0.310536515717338	0.486	0.182	2.2810026733755e-45
Slc16a5	8.05372815584344e-50	-0.435890136135399	0	0.137	2.60014613511406e-45
E2f2	9.42402506869756e-50	0.294889816136894	0.245	0.051	3.04254649342901e-45
Oas2	9.47150296653023e-50	-0.528299967833892	0.008	0.155	3.05787473274429e-45
Mphosph6	9.48735921143223e-50	0.266842404432245	0.25	0.053	3.0629939214109e-45
Jak1	9.81754375747487e-50	-0.491367041994407	0.97	0.944	3.16959400210076e-45
Ndufs5	1.01097702377669e-49	0.376567953718681	0.661	0.301	3.26393932126305e-45
Mmp9	1.11308548181707e-49	0.518672811846321	0.129	0	3.5935964780464e-45
Csrp1	1.32972631255565e-49	0.291271005986714	0.432	0.15	4.29302140008593e-45
Grb2	1.54738830362946e-49	0.443492051627771	0.87	0.546	4.9957431382677e-45
Fam172a	1.57803218338424e-49	-0.693844342992274	0.815	0.824	5.09467690405602e-45
Ciao2b	1.58659732910392e-49	0.285847009463462	0.485	0.178	5.122329477012e-45
Idh3a	1.64082415895017e-49	0.253844433090927	0.309	0.082	5.29740079717064e-45
Rnf157	1.71711998869358e-49	0.433002983323988	0.405	0.144	5.54372188349721e-45
Ugp2	1.86396492581419e-49	0.307026934631761	0.421	0.146	6.01781076299112e-45
Kat6b	2.06916856957209e-49	0.57228733041991	0.686	0.365	6.68031072686349e-45
Cope	2.42624279062253e-49	0.305775344619166	0.524	0.204	7.83312484952484e-45
Afg3l1	2.64021376467762e-49	0.272848664168441	0.372	0.117	8.52393013926169e-45
Oxr1	2.92387235693595e-49	0.541270164678808	0.419	0.161	9.43972190436772e-45
Ube2q2	3.1130138224756e-49	0.306559652518977	0.46	0.169	1.00503651258625e-44
Ctse	3.11637695913357e-49	-0.771726990198341	0.301	0.471	1.00612230125627e-44
Itpr1	3.32109566280496e-49	0.552376072272455	0.705	0.388	1.07221573473658e-44
Ubxn1	3.56240607281174e-49	0.399256515717973	0.751	0.38	1.15012280060727e-44
1810058I24Rik	3.66867953529093e-49	0.341836466999819	0.562	0.229	1.18443318796868e-44
Lrrc1	3.67879647347564e-49	-0.704118959344638	0.077	0.264	1.18769944146161e-44
Vdac3	3.79838383373925e-49	0.307386590366605	0.496	0.188	1.22630822072272e-44
Kxd1	3.9303707515815e-49	0.332131079419321	0.473	0.179	1.26892019714809e-44
Ppdpf	4.08399457712981e-49	0.418361917623589	0.68	0.329	1.31851764922636e-44
Mvp	4.80394231144576e-49	0.309787751223164	0.362	0.113	1.55095277525026e-44
Prkcsh	5.1636325610148e-49	0.265534038530542	0.366	0.113	1.66707877232363e-44
Mrpl4	5.85605744149365e-49	0.271479957405076	0.408	0.136	1.89062814498623e-44
Slc16a3	6.07856341613613e-49	0.298144156914814	0.206	0.033	1.96246419889955e-44
Mknk2	7.97727262172201e-49	0.34467875909056	0.603	0.258	2.57546246592295e-44
1700062C10Rik	9.89535253980025e-49	-0.942851959504361	0.001	0.136	3.19471456747451e-44
Hnrnpf	1.05383957240011e-48	-0.494974312207757	0.921	0.902	3.40232105949376e-44
Stk19	1.15794703078664e-48	0.278390713381318	0.298	0.08	3.73843198889465e-44
Eif4e2	1.69353909436279e-48	0.335546799703487	0.636	0.278	5.46759096615025e-44
Zbtb7a	1.82180163807249e-48	0.305886812045496	0.538	0.216	5.88168658851703e-44
Fut8	2.01621985086247e-48	0.577474252444312	0.596	0.291	6.5093657885095e-44
Rcsd1	2.0709108602905e-48	-0.768236125961567	0.516	0.613	6.68593571244789e-44
Rgs3	2.09616282581003e-48	0.299495131469313	0.39	0.131	6.7674616831277e-44
Hspa5	2.38479269178917e-48	0.506337958647862	0.851	0.525	7.69930320544134e-44
Ccr1	2.41017596744673e-48	0.303345186023994	0.131	0.002	7.78125311090178e-44
Snrnp25	2.54333082940778e-48	0.25622238857243	0.268	0.063	8.21114358274301e-44
Ptprs	2.54363971139047e-48	0.27434696030171	0.195	0.028	8.21214080822414e-44
Rnf149	3.14153678328686e-48	0.288973781642251	0.276	0.069	1.01424515048416e-43
Ilk	3.23916427148115e-48	0.261231102292747	0.426	0.148	1.04576418504769e-43
Calcrl	3.45864593077422e-48	-0.839585817320412	0.175	0.372	1.11662383875046e-43
Kmt2c	3.80261668562369e-48	-0.692977312446496	0.689	0.723	1.22767479695361e-43
Tff1	3.87931257655006e-48	0.622866823533372	0.145	0.008	1.25243606533919e-43
Csnk1d	3.94188962181163e-48	0.322962910888981	0.55	0.225	1.27263906440189e-43
Cd4	4.4290941256549e-48	0.4386180541546	0.905	0.621	1.42993303846768e-43
Polr2k	4.64092486818669e-48	0.295515690934202	0.44	0.16	1.49832259369407e-43
1700012B07Rik	4.77015313808985e-48	0.305009751025633	0.137	0.004	1.54004394063231e-43
Gm33104	4.88942040518804e-48	0.252802171612727	0.155	0.011	1.57854937781496e-43
Wdr1	5.6925633408368e-48	0.405510272892247	0.691	0.34	1.83784407458916e-43
Ash1l	6.42872644188993e-48	-0.654519323395106	0.742	0.765	2.07551433176417e-43
Cited4	6.58380894136253e-48	0.272971146790328	0.142	0.006	2.12558271671889e-43
Supt4a	6.93012850428353e-48	0.402519693496345	0.893	0.563	2.23739198760794e-43
Dnase2a	7.48350738764413e-48	0.284591105858639	0.251	0.055	2.41605036010091e-43
Sigirr	8.10694269366306e-48	0.268027262104995	0.331	0.097	2.61732644864912e-43
Vipr1	8.64533480211179e-48	-0.427061156003921	0.003	0.138	2.79114634086179e-43
Otulin	9.81693538471746e-48	0.355549882682358	0.649	0.295	3.16939758895603e-43
Atf4	1.10506500454742e-47	0.280660955591113	0.494	0.188	3.56770236718136e-43
Cript	1.12382392180881e-47	0.308063308101922	0.593	0.251	3.62826553155975e-43
Dynlrb1	1.64528443822034e-47	0.350491507321421	0.682	0.318	5.31180080879437e-43
Tmf1	1.67517580309455e-47	0.291870225608772	0.5	0.194	5.40830508029074e-43
Cycs	2.10609382098503e-47	0.347885490076374	0.519	0.21	6.79952390105016e-43
Tmed2	2.18195884845777e-47	0.38852473354297	0.766	0.397	7.04445414224591e-43
Ppm1d	2.19633291945871e-47	0.285978449799344	0.388	0.131	7.09086083047246e-43
Spcs2	2.43504014419155e-47	0.431139151128313	0.866	0.556	7.86152710552243e-43
Kif13a	2.44024173592176e-47	0.342629815204214	0.196	0.031	7.87832044442341e-43
Lrrfip1	2.65115397263126e-47	0.433808378178811	0.909	0.618	8.55925060064001e-43
Nedd9	3.23862966887905e-47	-0.662242872454564	0.831	0.817	1.0455915885976e-42
Psma3	3.46776431531913e-47	0.433828381197031	0.837	0.502	1.11956770920078e-42
Zc3h7a	4.12298730130447e-47	0.404443279902327	0.657	0.32	1.33110645022615e-42
F2rl1	4.63940184098592e-47	0.26071884596887	0.171	0.019	1.4978308843623e-42
Dcaf15	5.72768754716964e-47	0.25530721344058	0.276	0.07	1.84918392460372e-42
Mfsd14a	6.09211322661174e-47	0.291109167819809	0.472	0.179	1.9668387552116e-42
Rhoh	6.84862403336208e-47	-0.591214034022048	0.827	0.822	2.21107826917095e-42
Pacsin2	7.08170650370687e-47	0.258245750536791	0.313	0.089	2.28632894472176e-42
Mgat5	7.42299651219188e-47	-0.818287821370614	0.249	0.431	2.39651442396115e-42
Scyl2	7.52682991529841e-47	0.273864073026256	0.374	0.123	2.43003703815409e-42
Gstt2	8.17255474941919e-47	0.275850878938806	0.247	0.056	2.63850930084999e-42
Usp3	1.05012728152689e-46	-0.718191545138687	0.702	0.721	3.39033592840957e-42
Ddx58	1.34369257481681e-46	-0.831555947680654	0.215	0.394	4.33811147779608e-42
Rab3ip	1.47443154764921e-46	-0.832330700516952	0.286	0.456	4.76020225158547e-42
Grk2	1.61302785351874e-46	0.390028750228782	0.761	0.409	5.20766042508524e-42
Tnfaip8	1.68833429345053e-46	0.466594398021064	0.813	0.483	5.45078726640502e-42
Dync1li1	1.8505194017373e-46	0.30428927694434	0.529	0.217	5.97440188850887e-42
Tmem65	1.8512377037204e-46	0.295870464180176	0.276	0.071	5.97672092646133e-42
Slc26a2	1.87192395433564e-46	0.271222858573122	0.276	0.07	6.04350648657261e-42
Specc1	2.16655989368717e-46	0.296920824826517	0.148	0.01	6.99473861676902e-42
Ogt	2.55693608595205e-46	0.471898743967614	0.899	0.636	8.25506815349621e-42
Incenp	2.65447718848938e-46	0.266102890884524	0.266	0.065	8.56997960303797e-42
Calr	2.9903125202296e-46	0.524105667298526	0.809	0.508	9.65422397156127e-42
Pdcd4	3.49027177365717e-46	-0.64516582251745	0.77	0.77	1.12683424212522e-41
Syf2	3.64226531247127e-46	0.391535182240757	0.81	0.446	1.17590535613135e-41
Cdk17	3.7320260363982e-46	0.508778857419899	0.846	0.532	1.20488460585116e-41
Tent5c	3.80856062973899e-46	0.374682373726774	0.498	0.207	1.22959379931123e-41
Herc6	4.21653122904745e-46	-1.19603880565207	0.292	0.45	1.36130710729797e-41
Zfp710	4.76654069598573e-46	-0.668519484359599	0.066	0.241	1.53887766369899e-41
Pde4d	5.2261592519483e-46	0.508955345683606	0.788	0.471	1.68726551449151e-41
Rab18	6.05116166780654e-46	0.273901545689341	0.482	0.185	1.95361754445134e-41
Pabpn1	6.25394848722795e-46	0.356009140599328	0.771	0.397	2.01908726910154e-41
Tmem208	6.35800231060067e-46	0.285683957743792	0.524	0.21	2.05268104597743e-41
Ccdc186	6.70864887522077e-46	0.285942708896505	0.412	0.146	2.16588728936503e-41
Mkrn2	7.14332226944695e-46	0.255848058728946	0.339	0.105	2.30622159469095e-41
Mettl26	7.41831684950808e-46	0.277823876125574	0.388	0.134	2.39500359486368e-41
Tmed9	7.44423505930694e-46	0.412916202741051	0.771	0.421	2.40337128889725e-41
Map2k2	1.00283679545794e-45	0.310793374247647	0.662	0.3	3.23765859413597e-41
Hmgcr	1.03249313937276e-45	0.308595325507592	0.44	0.163	3.33340410046495e-41
Hmgb2	1.06649705219657e-45	0.496813967960717	0.837	0.521	3.44318573301664e-41
Lrrc8c	1.12222286789238e-45	0.4810149459176	0.828	0.498	3.62309652899055e-41
Fam102a	1.13825670614525e-45	-0.708713344802891	0.494	0.585	3.67486177578993e-41
Ssr1	1.19688535162444e-45	0.284943949572004	0.452	0.17	3.86414435771951e-41
Synj2	1.36266577729784e-45	0.270348788248497	0.292	0.081	4.39936646200608e-41
Rev3l	1.60392379548463e-45	-0.802167643035726	0.444	0.569	5.17826797372213e-41
Sept9	1.7700414949587e-45	0.386599155361032	0.734	0.377	5.71457896647418e-41
Nudt4	2.07674165196152e-45	0.296341370883192	0.364	0.122	6.70476042335775e-41
Ndufa3	2.41638082315541e-45	0.341047402870173	0.621	0.279	7.80128548755724e-41
Slc2a1	3.10186953815434e-45	0.262763626280384	0.299	0.084	1.00143858039313e-40
Copb2	3.56050151873705e-45	0.308246151935484	0.576	0.247	1.14950791532426e-40
Tmem167	3.67125029010689e-45	0.366108678549111	0.721	0.36	1.18526315616101e-40
Pfdn5	4.32869675240649e-45	0.380580219905899	0.965	0.78	1.39751974651444e-40
Fmnl2	4.48182575037409e-45	0.706174488768137	0.143	0.01	1.44695744350828e-40
Eif4a2	4.94721728204718e-45	-0.717723970814642	0.499	0.578	1.59720909950893e-40
Pgk1	5.76610222707019e-45	0.427325361305319	0.707	0.373	1.86158610400961e-40
Dnajc3	6.43296778572028e-45	-0.748884404246219	0.434	0.542	2.07688364961979e-40
Maf1	7.5319240428162e-45	0.28880226948831	0.498	0.2	2.43168167722321e-40
Wnt5b	8.3069414651257e-45	-0.598291426532934	0.011	0.148	2.68189605201583e-40
Far1	8.44413140149951e-45	0.268581077336806	0.44	0.164	2.72618782297412e-40
Dnajb11	9.46284476540083e-45	0.286757503350344	0.532	0.218	3.05507943250966e-40
Ntan1	9.50622483216293e-45	0.290533733399838	0.557	0.234	3.0690846870638e-40
Ndufb9	9.94337650732458e-45	0.403019269267709	0.772	0.434	3.21021910538974e-40
A930005H10Rik	1.04195834749519e-44	-0.654300936391606	0.09	0.264	3.36396252488824e-40
Mdp1	1.32197872437433e-44	0.287029683017397	0.46	0.178	4.26800831164252e-40
Gm16201	1.60512821145528e-44	0.252034583054227	0.175	0.024	5.18215643068337e-40
Ccdc117	1.75707922611585e-44	0.314315645596426	0.349	0.116	5.67273028151502e-40
Gm10260	1.94275651779282e-44	-0.451854508945638	0.927	0.906	6.27218941769412e-40
Tex261	2.39734449753856e-44	0.294314570563425	0.497	0.201	7.73982671030323e-40
Nfkbil1	2.42445340398928e-44	0.270675354900536	0.324	0.1	7.82734781477939e-40
Eloc	2.55630991464569e-44	0.317824953018744	0.629	0.284	8.25304655943362e-40
Adipor2	2.69876338446015e-44	0.370083778924325	0.587	0.267	8.71295758672959e-40
Rpa2	3.5785137939578e-44	0.277222244030756	0.298	0.086	1.15532317837928e-39
Dph5	3.63441719963729e-44	-0.670585041529383	0.11	0.289	1.1733715929029e-39
Slc25a11	4.02102180660459e-44	0.273726521602527	0.417	0.151	1.29818689026229e-39
Rnasek	4.7366349338061e-44	0.372800270233834	0.744	0.394	1.5292225883793e-39
Thap12	6.17254775601854e-44	0.361548319104365	0.428	0.167	1.99280704303059e-39
Leo1	6.36934609802319e-44	0.255356316812561	0.291	0.082	2.05634338774679e-39
Etnk1	6.82393054607508e-44	-0.752297263904907	0.541	0.614	2.20310597680034e-39
Ndufs8	6.87598550029715e-44	0.27462178960545	0.436	0.164	2.21991191877093e-39
Ccm2	6.93423589060992e-44	-0.659872022982436	0.644	0.692	2.23871805728341e-39
Arrb1	8.34366823708439e-44	0.274417971311447	0.328	0.104	2.6937532903427e-39
Ube2b	8.90619803623371e-44	0.400549797833867	0.916	0.64	2.87536603599805e-39
Tmem29	9.67765805835022e-44	0.252043428762415	0.197	0.035	3.12443190413837e-39
Uhrf1bp1l	1.03997463446021e-43	0.334302051974577	0.5	0.209	3.35755810735478e-39
Smyd3	1.19282816359318e-43	-0.763825030360791	0.596	0.697	3.85104572616057e-39
Cops4	1.30677588621115e-43	0.297918934077263	0.501	0.205	4.21892594863269e-39
Gm15472	1.40695623734084e-43	0.295455974919414	0.321	0.102	4.54235821225492e-39
Ncoa2	1.62312250606067e-43	-0.590547156970533	0.807	0.817	5.24025101081687e-39
Gm2245	2.01110036632907e-43	-0.73992236248821	0.36	0.512	6.4928375326934e-39
Coro1c	2.86600803179795e-43	0.287577260063313	0.432	0.168	9.2529069306597e-39
Dnajc15	2.93855948016178e-43	0.424351174382691	0.612	0.289	9.48713928170232e-39
Ap3s1	4.20973412772063e-43	0.326887248999242	0.616	0.284	1.35911266313461e-38
Nsd1	4.23224775001035e-43	-0.622669674152508	0.742	0.738	1.36638118609084e-38
Cd37	4.25894006931414e-43	0.378874106824515	0.788	0.427	1.37499880137807e-38
Rhoq	4.56671142022031e-43	0.307806502927821	0.161	0.019	1.47436278201813e-38
Exoc4	4.81063124195736e-43	-0.657632705138031	0.799	0.787	1.55311229646593e-38
Smad1	4.89514119138134e-43	-0.461736587710777	0.014	0.149	1.58039633363747e-38
Nrgn	5.0068688424868e-43	0.434448430627986	0.145	0.013	1.61646760579686e-38
Lmbrd1	5.55533734550935e-43	0.343795159060464	0.584	0.269	1.79354066199769e-38
Atp6v0d1	6.55219438871567e-43	0.291452470048668	0.513	0.215	2.11537595839686e-38
Wdfy1	7.45237051424738e-43	0.253418952140006	0.272	0.074	2.40599782052477e-38
Sdhb	9.22327046128772e-43	0.328731114071833	0.615	0.282	2.97773286842674e-38
Trp53inp1	9.51392948848012e-43	0.473553229545656	0.761	0.446	3.07157213535581e-38
Sgms1	1.19203333147337e-42	0.510388757331653	0.718	0.405	3.84847961066177e-38
Cuta	1.25243442523539e-42	0.260729247020243	0.494	0.198	4.04348454187246e-38
Tomm22	1.3571620175603e-42	0.33496619390197	0.716	0.355	4.38159757369342e-38
Lmo4	1.61864978870778e-42	-0.443514314080436	0.013	0.146	5.22581084284308e-38
Chchd3	1.68455417549394e-42	-0.752071526096676	0.574	0.626	5.43858315558219e-38
Sdc4	1.72894482297323e-42	0.357526931566865	0.14	0.011	5.58189836096906e-38
Abcf1	1.88306418636189e-42	0.33087205139187	0.68	0.333	6.07947272566935e-38
Dyrk2	1.90299915485731e-42	-0.649745362020023	0.111	0.282	6.14383277145681e-38
Fmnl1	1.94825751221144e-42	0.35919869052102	0.734	0.388	6.28994937817463e-38
Ltb	1.96674772227811e-42	0.426347524251712	0.985	0.924	6.34964502137489e-38
Clcn5	2.01431113764478e-42	0.281068979557831	0.224	0.05	6.50320350788618e-38
Rapgef5	2.03353669119756e-42	0.348218237426034	0.131	0.008	6.56527320753132e-38
Xdh	2.06491737828894e-42	0.309876475883124	0.195	0.036	6.66658575580584e-38
Emc3	2.58599064203765e-42	0.271886010150753	0.428	0.165	8.34887078781855e-38
Hspe1	3.12371634431358e-42	-0.743187916541207	0.54	0.59	1.00849182176164e-37
Slc25a4	3.40407747396907e-42	0.357120786760566	0.558	0.259	1.09900641247091e-37
Ppp2r2d	3.68270261019998e-42	0.253692755706827	0.418	0.156	1.18896053770306e-37
Flii	3.83356852389124e-42	0.250396509263122	0.464	0.181	1.23766759793829e-37
Lsm6	3.95390256756902e-42	0.257329851442404	0.562	0.24	1.27651744393966e-37
Il12rb2	4.11953315158553e-42	0.408582826262332	0.171	0.026	1.32999127798939e-37
Mrtfa	4.17509889533059e-42	-0.710632544156701	0.605	0.651	1.34793067835748e-37
Gprin3	5.34711094924491e-42	0.331667537971341	0.439	0.178	1.72631476996372e-37
Srgap2	5.66746457432446e-42	0.34595213168754	0.648	0.319	1.82974093782065e-37
Rtn3	6.22559354182628e-42	0.465113492082821	0.821	0.502	2.00993287497861e-37
Ehmt2	6.26323051581007e-42	0.262616269950972	0.365	0.129	2.02208397202928e-37
Glb1	7.13512320509035e-42	0.280221730640691	0.424	0.164	2.30357452676342e-37
Reep3	8.19454438528891e-42	0.313084829506059	0.526	0.227	2.64560865479052e-37
Rfx7	9.3240001898161e-42	-0.775598907537907	0.529	0.613	3.01025346128213e-37
Panx1	9.88808902042315e-42	0.26569159183536	0.406	0.151	3.19236954024361e-37
Plec	1.17551990952839e-41	0.344278861371547	0.673	0.342	3.79516602791241e-37
Wdr83os	1.20980784435062e-41	0.266036786248463	0.514	0.212	3.90586462548599e-37
Taldo1	1.24836773826601e-41	0.377034667493703	0.74	0.393	4.03035524299183e-37
Ndufs6	1.26890982407512e-41	0.296324230958711	0.64	0.297	4.09667536702651e-37
Rom1	2.13613496461438e-41	0.269206161709148	0.127	0.007	6.89651173325753e-37
Akt3	2.27023445011957e-41	0.416261702365439	0.783	0.467	7.32945192221102e-37
Itpk1	2.47027776536339e-41	0.362137592069264	0.6	0.289	7.9752917654757e-37
Smarca2	2.92644772154229e-41	-0.742797366473579	0.488	0.573	9.44803646899929e-37
Sec62	2.92784276533688e-41	0.371476582598992	0.853	0.519	9.45254036789013e-37
Ms4a6c	2.97203902481147e-41	-0.691974367633758	0.117	0.289	9.59522799160383e-37
Pum2	3.5294024750621e-41	-0.609080294120349	0.736	0.719	1.1394675890738e-36
Arl4c	3.72624664027798e-41	0.495658324183582	0.839	0.581	1.20301872781374e-36
Akirin1	4.17597249419521e-41	0.276520964978795	0.584	0.257	1.34821271975092e-36
Rtn4	5.33818487773239e-41	0.331988618338765	0.688	0.349	1.7234329877759e-36
Cox14	5.36155806034777e-41	0.278891747868653	0.614	0.279	1.73097901978328e-36
Cplane1	5.55037012685814e-41	0.337748039807414	0.418	0.166	1.79193699545615e-36
Ghitm	6.28625884200091e-41	0.303409343741925	0.59	0.268	2.02951866714e-36
Uqcrfs1	8.55884539571428e-41	0.33044050903645	0.586	0.271	2.76322323600636e-36
Pik3ca	9.36797655490599e-41	0.408113281910885	0.72	0.392	3.0244512307514e-36
Sntb2	1.11993883033885e-40	0.28026204176654	0.287	0.087	3.61572251374898e-36
Crnkl1	1.20159034695656e-40	0.261682419180013	0.4	0.152	3.87933443514925e-36
Gramd4	1.37794655259125e-40	-0.688830651114034	0.098	0.265	4.44870044504084e-36
Rsu1	1.47591523210404e-40	-0.92162028055661	0.252	0.406	4.76499232684788e-36
Atp11b	1.83912572530422e-40	-0.518586255682151	0.74	0.769	5.93761740414466e-36
Manf	1.9436164236077e-40	0.365549655716145	0.674	0.339	6.27496562361745e-36
Nipa2	2.19671068873986e-40	0.256276649809244	0.475	0.195	7.09208045859665e-36
Higd1a	2.56972899120537e-40	0.284959104145147	0.577	0.257	8.29637004810654e-36
Gxylt1	2.65253546838981e-40	0.345022917570518	0.4	0.156	8.5637107596965e-36
Boll	4.06989019516794e-40	-0.55588823019016	0.027	0.167	1.31396404950997e-35
Tnik	5.01476223760292e-40	-0.568728127732376	0.905	0.895	1.6190159884101e-35
Ly6a	5.76476099371342e-40	0.501855736117511	0.464	0.215	1.86115308682038e-35
Cd6	6.12591661124843e-40	0.301386112181838	0.56	0.255	1.97775217794156e-35
Slc14a1	6.17874328103816e-40	-0.549046656906069	0.037	0.183	1.99480726828317e-35
Rpl11	7.06270317490689e-40	-0.272709264807085	0.999	0.997	2.28019372001869e-35
Senp7	1.12566684470483e-39	-0.706844177131051	0.496	0.569	3.63421540812955e-35
E130307A14Rik	1.19594987250286e-39	-0.78771644992217	0.14	0.306	3.86112416337547e-35
Tmlhe	1.20441495094864e-39	-0.737416512749875	0.083	0.247	3.8884536691377e-35
Ccnc	1.34422548675201e-39	0.273145121458545	0.356	0.128	4.33983198397887e-35
Ntng2	1.40431282627062e-39	0.257442209248271	0.181	0.033	4.53382395961469e-35
Tmed10	1.43708773201163e-39	0.366318219967207	0.722	0.387	4.63963774279955e-35
Galnt7	1.55888750590832e-39	-0.841857442320099	0.272	0.422	5.032868312825e-35
Gm20186	1.71301509221865e-39	0.252182319949497	0.212	0.048	5.5304692252279e-35
Ndufc2	1.76046697585215e-39	0.277289243875577	0.568	0.254	5.68366763153867e-35
Rab1a	1.81626988176864e-39	0.300892474108822	0.644	0.315	5.86382731329005e-35
Txnl1	2.18094003806451e-39	0.276993270467626	0.545	0.239	7.04116491289127e-35
Kat2b	2.20368013875045e-39	-0.786591878227876	0.468	0.56	7.11458132795583e-35
Pdap1	2.802620209705e-39	0.27764778524106	0.614	0.284	9.04825934703258e-35
Gimap1	3.67784068416887e-39	0.380150747752017	0.936	0.679	1.18739086488392e-34
Ing2	4.05647701672983e-39	0.252368343087732	0.331	0.114	1.30963360485122e-34
Lncpint	4.16812164237899e-39	0.508744609711465	0.911	0.698	1.34567807224206e-34
Nt5c	5.96055044697734e-39	0.325146446876106	0.686	0.345	1.92436371180663e-34
Herc3	6.52352215753467e-39	-0.791069659065331	0.376	0.498	2.10611912856007e-34
Gsap	7.42737643699439e-39	0.255350135829435	0.23	0.06	2.39792848268364e-34
Rpl24	7.55647381795101e-39	0.267151786329954	0.999	0.996	2.43960757212548e-34
Ywhaq	9.50372351798702e-39	0.319380204946667	0.684	0.349	3.06827713778211e-34
Raly	9.65261072667502e-39	0.307669741649093	0.7	0.35	3.11634537310703e-34
Nfat5	1.04787463295419e-38	0.469195723250936	0.732	0.436	3.3830632524926e-34
Dnaja1	1.26048178662157e-38	-0.53300912436227	0.87	0.836	4.06946544810773e-34
Cdipt	1.46372934743148e-38	0.286837283387013	0.554	0.254	4.72565019818253e-34
Sptbn1	2.11011734889345e-38	-0.654822155463263	0.633	0.655	6.8125138609025e-34
mt-Nd4	2.36420363238406e-38	-0.362151210888678	0.982	0.978	7.63283142715192e-34
Sacm1l	3.35257564281893e-38	0.282222390464345	0.5	0.222	1.08237904628409e-33
Csf1	3.58882705678542e-38	0.278870678333738	0.107	0.003	1.15865281528317e-33
Dop1a	4.00740616149219e-38	-0.696478795262929	0.144	0.308	1.29379107923775e-33
Ypel2	4.11734595312395e-38	0.301818689951005	0.263	0.078	1.32928514096607e-33
Birc6	4.24820617633907e-38	-0.495625114114774	0.848	0.824	1.37153336403107e-33
Nop53	5.50469961241015e-38	0.363007212880206	0.838	0.499	1.77719226986662e-33
Celf2	7.56862513766345e-38	-0.484074370517165	0.884	0.886	2.44353062569464e-33
Celf1	8.98429894704884e-38	-0.625448717045291	0.676	0.682	2.90058091505472e-33
Srp9	1.02152382752563e-37	0.357936570837416	0.839	0.524	3.29798967716648e-33
Phip	1.12363320240722e-37	-0.764026717451317	0.535	0.6	3.6276497939717e-33
Ndufa8	1.20147777272589e-37	0.250232139571965	0.598	0.271	3.87897098924555e-33
Ppp1r11	1.23091000436805e-37	0.250899038026747	0.506	0.219	3.97399294910224e-33
H2afz	1.27911223836426e-37	0.530548302021087	0.87	0.627	4.12961386155902e-33
Mt2	1.28774677303871e-37	0.267020620921048	0.109	0.004	4.15749045675548e-33
Cd28	1.49900858178959e-37	0.410573380950423	0.917	0.664	4.83954920630769e-33
Scmh1	1.62593622050765e-37	-0.627026258335422	0.035	0.173	5.24933508790895e-33
Sox4	1.65649797746389e-37	-0.450341519138605	0.003	0.112	5.34800372024217e-33
4930417O13Rik	1.79240025635434e-37	0.355870490735165	0.422	0.18	5.78676422763998e-33
Mfhas1	1.94547264364046e-37	-0.77401494986358	0.189	0.35	6.28095842999321e-33
Sdcbp	3.11758140833919e-37	0.318119216067712	0.721	0.379	1.00651115768231e-32
Frmd5	3.19039953786718e-37	1.27337380774151	0.118	0.008	1.03002049080042e-32
Rab7	3.54013734101984e-37	0.306549175276178	0.712	0.363	1.14293334054826e-32
Dot1l	3.55277473355307e-37	0.287190513506663	0.393	0.157	1.14701332272761e-32
Ier3ip1	4.43163544257995e-37	0.303682754170859	0.661	0.331	1.43075350263694e-32
Exoc2	6.37005619924783e-37	0.370142717669187	0.761	0.438	2.05657264392716e-32
Oprm1	6.5204808300159e-37	-0.665955373863029	0.589	0.652	2.10513723597063e-32
Virma	6.57466994130701e-37	0.313430106929535	0.624	0.306	2.12263219055097e-32
Bax	8.09049496540723e-37	0.2981396112503	0.63	0.305	2.61201629958173e-32
Tmem50a	8.86324111028399e-37	0.348400308937949	0.914	0.662	2.86149739245519e-32
Ccr9	9.07162953489718e-37	0.955944937009243	0.321	0.138	2.92877559534156e-32
Snrpg	1.00339681240885e-36	0.348328286383665	0.919	0.659	3.23946660886197e-32
Arhgap45	1.01042636249405e-36	-0.467072263400501	0.876	0.849	3.26216151131203e-32
Pdia3	1.08553404939818e-36	0.337300516411021	0.812	0.486	3.50464667848202e-32
Eif3i	1.13876354216545e-36	0.320806665552989	0.77	0.419	3.67649809588115e-32
Traf3ip3	1.16146872477283e-36	-0.617182547110548	0.636	0.648	3.74980177792909e-32
Fubp1	1.18350299775186e-36	-0.602516169356129	0.642	0.659	3.82093942824188e-32
Fntb	1.25064385078377e-36	-0.625883296790042	0.096	0.251	4.03770367225539e-32
Tasor	1.40707273595434e-36	-0.713434472498805	0.44	0.527	4.54273432802858e-32
Srebf2	1.58066850390603e-36	0.257888897123209	0.588	0.277	5.10318826486061e-32
Hk1	1.63055543996461e-36	0.292353329039261	0.546	0.255	5.26424823792574e-32
Slc44a2	1.69948408812202e-36	-0.744158604127377	0.344	0.46	5.48678437850193e-32
Suclg2	2.02137268998824e-36	-0.655499385333735	0.128	0.289	6.52600172962702e-32
Cdkn1b	2.11981661125202e-36	0.369075116771607	0.787	0.474	6.84382792942713e-32
Gm12592	2.8863900936656e-36	-0.426639638788452	0.02	0.143	9.3187104173994e-32
Washc4	3.01218425283571e-36	-0.752168834899789	0.284	0.419	9.72483686028008e-32
Cnn3	4.23643252169921e-36	-0.422080303493611	0.017	0.137	1.36773223963059e-31
Tnfsf11	4.43870178769846e-36	0.442739462590007	0.205	0.052	1.43303487215845e-31
P2rx7	4.98844574609082e-36	0.331059980662578	0.193	0.046	1.61051970912542e-31
Dbi	5.35481227733708e-36	0.288259404393677	0.546	0.255	1.72880114373828e-31
Timm10b	5.94435652493491e-36	0.259096276316977	0.615	0.291	1.91913550407524e-31
Ube2n	6.21376187282294e-36	0.283540361228238	0.625	0.303	2.00611302064089e-31
Trim44	7.31230937783388e-36	-0.782077746368612	0.322	0.444	2.36077908263367e-31
Cdc37	1.10829883185736e-35	0.316684138207717	0.708	0.383	3.5781427786515e-31
Sf3b5	1.19257056782403e-35	0.267284310290852	0.628	0.299	3.85021407821987e-31
Slc26a10	1.54001349875034e-35	-0.471599872869233	0.029	0.156	4.97193358071548e-31
Mib1	1.60415529943904e-35	0.255367940964205	0.388	0.156	5.17901538423895e-31
Ube2l3	1.7161372499343e-35	0.324230041594359	0.773	0.443	5.5405491114129e-31
Selenof	1.76035084954549e-35	0.292063851343423	0.66	0.331	5.68329271775761e-31
Zfp280d	2.74113082565675e-35	-0.702265217834751	0.416	0.517	8.84974087063283e-31
Fam126a	2.81641037396933e-35	0.259057868237896	0.302	0.105	9.09278089235998e-31
E330020D12Rik	3.30961966231868e-35	0.311653706019209	0.291	0.1	1.06851070797959e-30
Tmem30a	3.69728868397719e-35	0.300384720378727	0.638	0.326	1.19366965162203e-30
Klf6	3.73594003926354e-35	0.395716584709948	0.625	0.329	1.20614824167623e-30
Arl5b	4.13591575288864e-35	0.326641320259101	0.468	0.212	1.3352804008201e-30
Raet1e	4.66560259213371e-35	0.393268953175881	0.604	0.318	1.50628979687037e-30
Ly6e	4.80298043342848e-35	0.485530200080673	0.6	0.327	1.55064223293239e-30
Med14	5.17964056397594e-35	0.401387217333106	0.644	0.344	1.67224695607963e-30
Cwc15	7.62042522316085e-35	0.29089315991678	0.694	0.362	2.46025428329748e-30
Psmb5	7.70839535763053e-35	0.277706382158045	0.684	0.347	2.48865544121102e-30
4930444A19Rik	7.7945698055676e-35	-0.762869856447612	0.418	0.517	2.5164768617275e-30
Psmb4	8.65663349501277e-35	0.3112211671942	0.712	0.387	2.79479412386487e-30
Slfn8	8.95926837258368e-35	-0.821333058797811	0.262	0.399	2.89249979408864e-30
Tnip3	1.00792825146009e-34	0.322639299508376	0.103	0.004	3.25409635983889e-30
Ggt5	1.20370880348497e-34	-0.359479302576563	0.003	0.102	3.88617387205121e-30
Eed	1.30187287354404e-34	0.277991200627269	0.569	0.273	4.20309657223693e-30
Cd48	1.36394308430132e-34	0.35107312194389	0.724	0.404	4.40349024766682e-30
Tmem71	1.81990485653163e-34	-0.750865688515625	0.352	0.467	5.87556282931236e-30
Cyth1	2.04163828720861e-34	-0.542064251728513	0.762	0.743	6.59142921025301e-30
Mettl23	3.34574057064399e-34	0.274111477788539	0.712	0.376	1.08017234323241e-29
Map3k3	4.6646423178122e-34	-0.702280042447117	0.476	0.549	1.50597977230567e-29
mt-Nd1	4.85102291131667e-34	-0.338410670490289	0.979	0.979	1.56615274691859e-29
Bnip3l	5.02454180830901e-34	0.313503903458993	0.783	0.444	1.62217332281256e-29
Gm43647	5.48579698760345e-34	-0.449454249224915	0.016	0.129	1.77108955744777e-29
Tank	5.9359910820491e-34	0.433853756803542	0.648	0.372	1.91643472083955e-29
Stk38	6.742550721566e-34	-0.694120790434522	0.507	0.561	2.17683250045758e-29
Eif4h	8.77528279641913e-34	0.289623774005305	0.702	0.365	2.83310005082392e-29
H2-K1	9.18381470614283e-34	0.30492686785075	0.997	0.996	2.96499457787821e-29
Ablim3	1.11512963088798e-33	0.275953178823655	0.106	0.007	3.60019601332185e-29
Actn4	1.23208214322445e-33	0.262708362612025	0.654	0.333	3.97777719940015e-29
Ighm	1.45934516796405e-33	0.683931768622672	0.683	0.463	4.71149587477195e-29
Zdhhc15	1.61849534385559e-33	-0.736856229062834	0.167	0.32	5.22531221763776e-29
Atm	1.85635669566959e-33	-0.634327995860213	0.144	0.293	5.99324759196927e-29
Oasl1	1.93917791529317e-33	-0.406784533320496	0.011	0.117	6.26063589952399e-29
Ndufb11	2.27542465435086e-33	0.310637603373954	0.793	0.452	7.34620849657175e-29
Asxl1	2.88684097503806e-33	0.365751762040785	0.784	0.487	9.32016608791037e-29
Hacd3	3.02746886303591e-33	0.313816633181995	0.444	0.205	9.77418322431144e-29
Selenos	3.3990281058631e-33	0.257722976670134	0.526	0.25	1.0973762239779e-28
Saraf	4.28717641542536e-33	0.408252091059524	0.927	0.701	1.38411490572008e-28
Ostc	4.45920052495289e-33	0.257854441355715	0.634	0.315	1.43965288948104e-28
Susd6	4.4843306772636e-33	-0.560492330659347	0.722	0.714	1.44776615915455e-28
Kcnq1ot1	4.5078330375832e-33	-0.747127208056999	0.263	0.423	1.45535389618374e-28
Trerf1	5.12448017186448e-33	0.369438478156719	0.634	0.351	1.65443842348645e-28
Insyn2b	6.42483866429444e-33	-0.576993815297176	0.58	0.638	2.07425916276746e-28
Runx3	6.95205500237593e-33	0.369831954498821	0.493	0.244	2.24447095751707e-28
Gm11944	8.85239482215188e-33	-0.477325655299264	0.036	0.161	2.85799566833173e-28
Pip5k1b	9.42120164802986e-33	0.33558331735169	0.168	0.037	3.04163495206644e-28
Smap1	1.07252941011524e-32	0.331056424530043	0.697	0.382	3.46266120055705e-28
Pde2a	1.20041338488332e-32	0.290289700518888	0.167	0.036	3.87553461309579e-28
Frg1	1.32463210375035e-32	0.262003640670785	0.65	0.33	4.276574746958e-28
Stk39	1.38615464992056e-32	0.297638552198631	0.652	0.355	4.47520028726854e-28
Prdx6	1.5431158590881e-32	0.317439928796478	0.747	0.426	4.98194955106592e-28
Psmd4	1.73183407553107e-32	0.274511159662433	0.745	0.401	5.59122631285205e-28
Tanc1	1.75825354682993e-32	-0.594186315677508	0.093	0.238	5.67652157594043e-28
Man1b1	1.78703993042657e-32	0.277947325556525	0.264	0.09	5.7694584153822e-28
Sun1	2.20685114843512e-32	0.261278368957814	0.292	0.106	7.1248189327228e-28
A930015D03Rik	2.30822878899205e-32	-0.751055217120816	0.355	0.455	7.45211664526082e-28
Synj1	2.37101681105863e-32	0.256239373045313	0.51	0.244	7.65482777450277e-28
Srsf2	2.82690773612514e-32	0.275826488722478	0.734	0.394	9.12667162608001e-28
Plcl2	3.01658917750752e-32	-0.656569776520673	0.648	0.67	9.73905815958302e-28
Atp2a2	3.02110055946678e-32	0.255229552882293	0.558	0.271	9.7536231562385e-28
Mdh2	3.08010013662816e-32	0.282078451723246	0.723	0.394	9.94410329110401e-28
Rpl10	3.11370704809518e-32	-0.296610221247851	0.989	0.988	1.00526032047753e-27
Ugcg	3.23420902540807e-32	-0.838047972992897	0.427	0.503	1.04416438385299e-27
Gm20559	3.37440421809356e-32	-0.735785707407222	0.195	0.333	1.08942640181151e-27
Nfkbid	3.52754895423041e-32	0.287546498020203	0.429	0.196	1.13886917987329e-27
Ino80	3.75123543461819e-32	-0.683993517779207	0.247	0.382	1.21108636006648e-27
Arl5c	6.70993192954668e-32	0.352499261810161	0.519	0.263	2.16630152345415e-27
Nebl	7.44380196489694e-32	0.258222967412683	0.116	0.013	2.40323146436698e-27
Cux1	1.02784952692287e-31	0.546475675766824	0.794	0.559	3.31841219767049e-27
Tmem245	1.15517023388265e-31	-0.645178989028055	0.169	0.314	3.72946710009013e-27
Ifi214	1.45782466647052e-31	-0.688091793867246	0.137	0.289	4.70658693570009e-27
Ppp2r5a	1.63242244069187e-31	-0.617151423978047	0.595	0.612	5.27027584977369e-27
Micos10	1.77320289778314e-31	0.295720289657427	0.775	0.443	5.72478555549286e-27
Atp5g3	2.02227152556453e-31	0.289512996400466	0.807	0.48	6.52890362028509e-27
Ttc27	2.77423581444679e-31	-0.560103680916227	0.069	0.202	8.95662032694145e-27
Rhoa	3.46121895068416e-31	0.305985609315885	0.946	0.721	1.11745453822838e-26
Taf10	4.8276165784508e-31	0.297252997655454	0.797	0.471	1.55859601235284e-26
Snrpd2	5.36584959643753e-31	0.273271161334498	0.744	0.407	1.73236454220986e-26
Tmbim6	8.23475500587373e-31	0.295437376566741	0.85	0.537	2.65859065364633e-26
Timm13	8.30598000928208e-31	0.255626025873076	0.681	0.354	2.68158564599672e-26
Ptma	8.49835372858095e-31	0.318594196345648	0.995	0.982	2.74369350127236e-26
Samd9l	9.17045973140381e-31	-0.782222323552308	0.304	0.42	2.96068292428372e-26
Atp11c	1.25581943163766e-30	-0.73430687466124	0.246	0.386	4.05441303504219e-26
Mettl9	1.73215249782531e-30	-0.673450059396837	0.189	0.323	5.59225433922901e-26
Znrf1	2.69042153446358e-30	-0.538314362647958	0.771	0.768	8.68602592401567e-26
Prkacb	2.71103588376939e-30	-0.663269446721511	0.322	0.429	8.75257935074948e-26
Eif3f	2.95792754854749e-30	0.291350594285941	0.938	0.747	9.54966909048559e-26
Zfp292	3.31241730923418e-30	-0.487328001627469	0.807	0.765	1.06941392828625e-25
Snw1	3.54749863096093e-30	0.262572831287816	0.671	0.362	1.14530993300574e-25
Ptp4a2	4.08580741499804e-30	0.334281861310324	0.94	0.767	1.31910292393212e-25
Runx1	4.94603106922782e-30	0.4258032125061	0.965	0.916	1.5968261307002e-25
Rbm6	6.42466278557801e-30	-0.600679701027267	0.598	0.615	2.07420238032386e-25
Sorcs2	8.26388586355381e-30	-0.333508387115649	0.007	0.1	2.66799555104835e-25
Rtp4	8.81158708660315e-30	-0.620826427612327	0.109	0.25	2.84482089090983e-25
Atp5g2	1.16207952029913e-29	0.297307578850992	0.907	0.638	3.75177373128575e-25
Phf11c	1.37011663031681e-29	-0.55085145480441	0.071	0.2	4.42342154097782e-25
Ldlrad4	2.02408347169714e-29	0.446577832345561	0.748	0.508	6.53475348837422e-25
Morc3	2.27499376423585e-29	-0.657560109798913	0.322	0.424	7.34481736783543e-25
Gm6225	2.3195310789593e-29	0.254904217641002	0.146	0.031	7.48860608842009e-25
Ppp1r13b	2.4513367001581e-29	-0.639596126790668	0.358	0.461	7.91414053646043e-25
Zcchc7	3.61659029969454e-29	-0.537343975562037	0.781	0.763	1.16761617825638e-24
Cep97	4.04412007687001e-29	-0.674634484889562	0.233	0.36	1.30564416681748e-24
Stk24	4.40309267778114e-29	0.372723649205297	0.856	0.583	1.42153847102164e-24
Traf3	4.95970179342263e-29	0.373720531569973	0.752	0.477	1.6012397240065e-24
Xpo4	5.6271478617728e-29	0.272889870929073	0.474	0.234	1.81672468717335e-24
Med13	6.60299063136182e-29	0.352114875396738	0.776	0.47	2.13177552533516e-24
Rad51b	6.96891029773928e-29	0.287409826642409	0.18	0.05	2.24991268962513e-24
Arhgap5	7.48314224077563e-29	-0.4018657545351	0.016	0.115	2.41593247243441e-24
Ccdc171	9.7522520331954e-29	-0.508399655557225	0.05	0.17	3.14851456891714e-24
Crtam	1.07381491457956e-28	0.265359325365471	0.124	0.021	3.46681145172009e-24
Gmfg	1.14576697245448e-28	0.322763001291993	0.906	0.722	3.6991086705693e-24
Ranbp9	1.32487597282855e-28	-0.581599521345884	0.665	0.658	4.27736207827697e-24
Peli1	1.35183527177788e-28	-0.444078778318926	0.921	0.91	4.3644001749349e-24
Psma4	1.49686601340539e-28	0.2599958035893	0.69	0.375	4.83263192427931e-24
Herc1	1.63456295173456e-28	-0.566572238437461	0.566	0.593	5.27718648967503e-24
Foxk1	1.99787708943441e-28	-0.574952769015174	0.158	0.289	6.450146183239e-24
Arih2	2.38802517376849e-28	0.255799643161306	0.574	0.298	7.70973927351157e-24
Tmie	2.76786969235267e-28	-0.433825797138469	0.036	0.147	8.93606730176061e-24
Irf1	4.34435665514135e-28	0.316054448441875	0.681	0.407	1.40257554611238e-23
Herc4	4.62140255116382e-28	-0.660515750967882	0.521	0.56	1.49201981364324e-23
Kcnn4	5.84661000181401e-28	-0.658774092779945	0.402	0.483	1.88757803908565e-23
Hexb	6.27845328037494e-28	-0.599596925408269	0.411	0.486	2.02699864156905e-23
Sh3bp5	7.61200124790937e-28	-0.55242987635245	0.118	0.25	2.45753460288754e-23
A930037H05Rik	7.83627185887327e-28	-0.612043510077422	0.055	0.175	2.52994036963724e-23
Ikbke	9.23373188518241e-28	-0.636268219277248	0.197	0.321	2.98111033913114e-23
5830468F06Rik	1.09935045354699e-27	-0.310486811974913	0.011	0.102	3.54925293927647e-23
Nop10	1.34286898873186e-27	-0.629685995322114	0.414	0.476	4.3354525301208e-23
Tle4	1.45178073667511e-27	-0.584807585364595	0.546	0.578	4.68707410835559e-23
Emsy	1.54319748755672e-27	0.276223894277098	0.615	0.336	4.98221308857688e-23
Xrcc4	1.79117987612475e-27	-0.770927932852012	0.306	0.423	5.78282423006874e-23
Rpl22l1	2.05046206631749e-27	-0.448886018337451	0.845	0.81	6.61991678110601e-23
Igsf23	2.29534916453298e-27	-0.438040284259138	0.051	0.168	7.41053477769473e-23
Map3k1	2.29948014658259e-27	0.303902201624428	0.717	0.431	7.42387165324189e-23
Mga	2.35205495272654e-27	-0.679578610933504	0.289	0.395	7.59360941487763e-23
Morf4l1	3.22890027655879e-27	0.286708291782459	0.908	0.682	1.042450454287e-22
2410006H16Rik	3.25063049235356e-27	0.327645340299848	0.767	0.474	1.04946605445635e-22
Tnfrsf26	4.36650463428591e-27	-0.34191451951791	0.013	0.105	1.4097260211792e-22
Sumo2	4.58667264173705e-27	0.259431271233384	0.911	0.676	1.48080726238481e-22
Gpx4	4.84171950128612e-27	0.284903158832438	0.793	0.471	1.56314914099022e-22
Rcbtb1	6.93414249032914e-27	-0.560892367244316	0.179	0.306	2.23868790300276e-22
Dnajb6	1.06185092582476e-26	0.316892392438843	0.768	0.453	3.42818571402523e-22
Hdgfl3	1.22140825916628e-26	-0.397893109249628	0.025	0.124	3.94331656471835e-22
Rpl36al	1.77914901542591e-26	0.267324137706034	0.965	0.858	5.74398259630255e-22
Nme2	2.29193322684857e-26	-0.437232156929727	0.829	0.792	7.39950642288062e-22
Specc1l	3.14931388812167e-26	0.260604887385134	0.455	0.229	1.01675598878008e-21
Prkd2	4.84499188015322e-26	-0.685121853750608	0.418	0.475	1.56420562850747e-21
Lrch1	6.55981391968653e-26	-0.568131307974958	0.638	0.643	2.1178359239708e-21
Snrpe	7.56436458141848e-26	0.264348161847638	0.863	0.564	2.44215510511096e-21
B3gnt2	8.59199012092527e-26	0.251699448980197	0.67	0.378	2.77392401054072e-21
Sntb1	1.4221601227934e-25	0.443785980635254	0.442	0.242	4.59144395643849e-21
Gm26917	1.71333757659488e-25	0.431997490750776	0.532	0.288	5.53151036603658e-21
Tcp11l2	1.83455300720939e-25	0.264960438635444	0.546	0.29	5.92285438377551e-21
Csnk1g3	2.22889953615388e-25	0.293452768425994	0.697	0.419	7.19600215247281e-21
Jpt1	2.98740069647419e-25	0.276882013552211	0.765	0.474	9.64482314856691e-21
Ube4b	3.04376508565927e-25	0.25590786395924	0.596	0.323	9.82679557905094e-21
Rassf3	3.99627732930004e-25	0.323381490694898	0.35	0.168	1.29019813576452e-20
Mbnl2	4.12463400369431e-25	-0.5447773395891	0.725	0.706	1.33163808809271e-20
Mllt10	4.58768186184298e-25	-0.53476542088405	0.729	0.682	1.48113308909601e-20
Txnip	4.82671622797596e-25	-0.595739961923567	0.599	0.615	1.55830533420204e-20
Jarid2	5.79148445866957e-25	0.411287599029477	0.859	0.638	1.86978075748147e-20
Art2b	6.00680310030102e-25	-0.465536815143739	0.093	0.214	1.93929638093218e-20
Npc2	8.74271580658648e-25	0.357305906716184	0.962	0.822	2.82258579815645e-20
Hnrnpd	1.0093852621723e-24	0.286986457989632	0.815	0.532	3.25880031892329e-20
Sp4	1.10120317610679e-24	-0.640323394102819	0.307	0.406	3.55523445406077e-20
Cpm	1.26181722285707e-24	0.549037788953555	0.507	0.299	4.07377690399405e-20
Cdyl2	1.6339408053586e-24	-0.694261911904448	0.194	0.318	5.27517789010023e-20
Tacc1	1.64566012436729e-24	0.295597431530944	0.678	0.412	5.31301371151978e-20
Trim30a	2.10253965585559e-24	-0.804105079700138	0.59	0.599	6.78804927892977e-20
Cep120	2.16004198860596e-24	0.256062583668175	0.549	0.299	6.97369556021435e-20
Zc3h15	2.63295125207822e-24	0.260715886404008	0.712	0.422	8.50048311733454e-20
Sfmbt1	3.02443343244699e-24	-0.438333576939146	0.039	0.141	9.76438333665511e-20
Prkd3	3.4503788264291e-24	-0.459162635418853	0.076	0.19	1.11395480411264e-19
Lpp	3.61688816979975e-24	-0.677472984186859	0.518	0.571	1.16771234561985e-19
Mta3	3.85559304477535e-24	0.260677522126066	0.715	0.425	1.24477821450572e-19
Stambpl1	3.8760984294248e-24	-0.598173994107326	0.493	0.538	1.2513983779398e-19
Mtmr3	4.76460949263881e-24	0.289543052624309	0.786	0.502	1.53825417469844e-19
Elovl6	5.3496140216392e-24	0.374864403313808	0.338	0.164	1.72712288688622e-19
Map4k4	6.32222601153322e-24	-0.496439983838737	0.671	0.648	2.0411306678235e-19
Stag1	9.02592712577875e-24	-0.418889988192322	0.844	0.792	2.91402057255767e-19
1700025G04Rik	9.54015794739678e-24	-0.486972465163892	0.076	0.192	3.08003999331705e-19
Tbl1x	1.0659465355705e-23	-0.641106717071552	0.528	0.561	3.44140839008935e-19
Elovl5	1.13235712450749e-23	0.449018476600391	0.586	0.361	3.65581497647243e-19
4930523C07Rik	1.17135205006853e-23	-0.483558966071527	0.703	0.7	3.78171009364623e-19
Gbp8	1.5907306440548e-23	-0.691423044377369	0.235	0.339	5.13567388433092e-19
Nck2	2.47298144811158e-23	-0.634442350582894	0.306	0.395	7.98402060522824e-19
Pmel	2.60691941280974e-23	-0.317208846533192	0.029	0.122	8.41643932425623e-19
Setd7	2.63409009830064e-23	-0.620444275188857	0.31	0.404	8.5041598823636e-19
Pak2	2.97744374058009e-23	0.260650437148192	0.957	0.798	9.6126771164628e-19
Ankrd12	5.7234829270529e-23	0.335179349577244	0.893	0.678	1.84782646299903e-18
Dkc1	6.57463806305118e-23	-0.483738834710119	0.121	0.236	2.12262189865607e-18
Rundc3b	6.68810851523974e-23	-0.519447922889592	0.079	0.193	2.15925583414515e-18
mt-Nd3	7.63498670621963e-23	-0.430375545126179	0.782	0.731	2.46495545810301e-18
Gm11361	7.69827143155962e-23	-0.581599644956912	0.38	0.434	2.48538693167902e-18
Aff1	8.08052575305999e-23	0.315479797575755	0.658	0.405	2.60879773937542e-18
Trim56	8.48872591327577e-23	-0.541726297954636	0.205	0.316	2.74058516110108e-18
AW011738	1.0229170896487e-22	-0.444564335189057	0.058	0.162	3.30248782393083e-18
Crlf3	1.07792592040765e-22	-0.484572682445547	0.763	0.742	3.48008383403609e-18
B4galnt1	1.1704857751027e-22	-0.56482101964549	0.326	0.404	3.77891332491906e-18
Zup1	1.78720136030882e-22	-0.731617339671755	0.34	0.421	5.76997959175704e-18
Clec2d	1.80203791371711e-22	-0.534380772370984	0.544	0.568	5.81787940443568e-18
Arid2	1.8705706922912e-22	-0.611408109334982	0.439	0.488	6.03913748006214e-18
Hmg20a	2.10648813253649e-22	-0.591145951587926	0.288	0.389	6.80079693589407e-18
Acss1	2.30801617737056e-22	-0.47538165394726	0.086	0.196	7.45143022864085e-18
Diaph2	2.42121526275339e-22	-0.632669089514858	0.499	0.555	7.81689347579932e-18
Epb41	3.12330148856158e-22	-0.538264917389768	0.525	0.575	1.00835788558211e-17
Cbl	3.74345892883318e-22	-0.475503595613848	0.718	0.67	1.20857571517379e-17
Uvrag	4.24874081863202e-22	-0.580619009130301	0.593	0.584	1.37170597329535e-17
Trim12c	4.7031933323154e-22	-0.655907638495735	0.308	0.39	1.51842596733803e-17
Nptn	5.15095286333438e-22	0.272790018711156	0.682	0.414	1.6629851319275e-17
Ano6	5.74181564937552e-22	-0.637822016555845	0.4	0.462	1.85374518240089e-17
Ncapd3	6.02414629980791e-22	0.324605741501186	0.416	0.223	1.94489563289299e-17
Cep350	6.22852631820352e-22	-0.56196569153799	0.559	0.559	2.01087972183201e-17
Klf13	7.20391756861806e-22	-0.415057967033486	0.889	0.823	2.32578478702834e-17
Rai1	7.51464202400163e-22	-0.624101803411761	0.276	0.364	2.42610217744893e-17
Mylip	1.04276235555176e-21	-0.533629003842192	0.197	0.313	3.36655826489885e-17
Fhit	1.04725333238574e-21	-0.441446147443359	0.019	0.1	3.38105738360735e-17
Hspa8	1.06585012644767e-21	-0.315399277970884	0.977	0.961	3.4410971332363e-17
Abcb7	1.10655091764963e-21	-0.597248026453615	0.308	0.404	3.57249963763184e-17
Lncppara	1.15081552039847e-21	-0.371998618809952	0.035	0.126	3.71540790760645e-17
Larp1	1.22630464860854e-21	-0.571947427145607	0.452	0.49	3.95912455803266e-17
Dnah8	1.26039310069403e-21	-0.541756186730117	0.079	0.184	4.06917912559068e-17
Mfsd4a	1.34857751261819e-21	-0.57356281941141	0.241	0.34	4.35388249948782e-17
Fanci	1.37957832341005e-21	-0.293431895854822	0.02	0.101	4.45396861712936e-17
Zfp148	1.76978429243699e-21	-0.530468823201948	0.716	0.653	5.71374858813282e-17
Insr	1.93882613583689e-21	-0.562303080106212	0.187	0.299	6.25950017954941e-17
Bbx	2.22826960367505e-21	-0.69347689374739	0.39	0.449	7.19396841546491e-17
Erap1	2.26757691572193e-21	-0.607256199461298	0.242	0.34	7.32087207240826e-17
Kmt2e	2.30328174553797e-21	0.274234169826792	0.93	0.756	7.43614511546933e-17
Rsrp1	2.71524263324712e-21	-0.375875551760345	0.888	0.836	8.76616084143832e-17
4930469K13Rik	2.9111273201711e-21	-0.548854099589136	0.197	0.301	9.3985745531724e-17
Sfmbt2	3.15133910720567e-21	-0.442654853401794	0.051	0.148	1.01740983076135e-16
Mia2	4.26207734324694e-21	-0.53637922123737	0.448	0.493	1.37601167026728e-16
Rif1	4.51023331986786e-21	-0.61345166075881	0.328	0.407	1.45612882731934e-16
Map4k3	4.5600680269857e-21	-0.462359241209659	0.076	0.18	1.47221796251233e-16
Crebbp	5.24360312064845e-21	-0.402721295132467	0.856	0.793	1.69289726750135e-16
Papola	5.34032220921266e-21	-0.48066265537326	0.65	0.616	1.72412302524431e-16
Cd47	5.47334230616447e-21	0.259879602892549	0.945	0.824	1.7670685635452e-16
Chd7	5.59071335044567e-21	-0.53717094412791	0.504	0.554	1.80496180519138e-16
Ap3b1	6.0603215781863e-21	0.269598341275858	0.759	0.484	1.95657482151745e-16
Ppargc1b	6.13845378396507e-21	-0.333924070025136	0.033	0.121	1.98179980415312e-16
Zfp644	6.29904206900098e-21	-0.559868557928932	0.554	0.567	2.03364573197697e-16
Siah1a	6.59383291499741e-21	-0.576452176561733	0.244	0.34	2.12881895660692e-16
Gm36279	6.72839093782755e-21	-0.475063087619562	0.08	0.184	2.17226101427762e-16
Pip4k2a	7.34476744213539e-21	-0.40727196219491	0.796	0.778	2.37125816869341e-16
5330438D12Rik	8.62700362762292e-21	-0.602605668313978	0.475	0.503	2.78522812117806e-16
Lyst	9.2221333120945e-21	-0.5565606767518	0.394	0.465	2.97736573980971e-16
Stim1	1.06082068804921e-20	-0.518284122614944	0.779	0.716	3.42485959136686e-16
Pglyrp2	1.23211775776586e-20	-0.493572525436579	0.149	0.257	3.97789218094709e-16
Hs2st1	1.68501102308902e-20	-0.615735946204337	0.17	0.279	5.44005808804291e-16
Map7	1.7428627730482e-20	-0.328731600377387	0.04	0.131	5.62683246278613e-16
Gm17231	1.79980807737608e-20	-0.432734764956994	0.067	0.166	5.81068037780867e-16
Sorl1	1.985358707492e-20	-0.421033647635699	0.078	0.181	6.40973058713793e-16
Sept6	2.02252332789552e-20	-0.471652059634466	0.664	0.636	6.52971656411068e-16
Hnrnpa2b1	2.05839842502531e-20	-0.292933004322025	0.941	0.917	6.64553931519422e-16
Osbpl8	2.14218036859923e-20	-0.440011089689232	0.746	0.711	6.91602932002262e-16
Cdk13	5.98656057557158e-20	-0.455065507208496	0.696	0.659	1.93276108182328e-15
Pten	5.9955897601752e-20	-0.540070072558975	0.6	0.577	1.93567615407256e-15
Gm32633	6.54978803186619e-20	-0.291348909388798	0.027	0.107	2.114599066088e-15
Tspan13	6.83358204447038e-20	-0.532228366106404	0.245	0.34	2.20622196305726e-15
Rev1	6.84264058458056e-20	-0.405526676589936	0.075	0.177	2.20914651273183e-15
Ccny	7.21341551050841e-20	-0.524777195188932	0.504	0.532	2.32885119756764e-15
Fryl	8.24414906834843e-20	0.325417716267393	0.901	0.714	2.66162352671629e-15
Hsp90b1	8.36000074583114e-20	0.271742919947828	0.723	0.463	2.69902624079159e-15
Gigyf2	8.37216812308179e-20	-0.569022140913295	0.434	0.475	2.70295447853696e-15
Sik2	8.88004159158815e-20	0.263237197611321	0.588	0.363	2.86692142784423e-15
Tasor2	8.88328528028373e-20	-0.622657815557866	0.39	0.443	2.8679686527396e-15
Ankrd13c	1.50377523358575e-19	0.380334830045587	0.528	0.311	4.85493834163158e-15
BC005561	1.75634603560909e-19	-0.431222525707943	0.069	0.167	5.67036317596395e-15
Wdr12	1.79637159254892e-19	-0.518745835070925	0.121	0.223	5.7995856865442e-15
Rictor	1.92857314034842e-19	-0.540076169273455	0.572	0.566	6.22639838361487e-15
Ddx39b	2.38465151540041e-19	-0.55172670762913	0.452	0.468	7.69884741747024e-15
Hnrnpa0	2.41793853189105e-19	-0.354487125594246	0.861	0.778	7.80631455021026e-15
Dennd1a	2.66322049192688e-19	-0.418687751835803	0.716	0.699	8.59820735818593e-15
Ehd3	2.8601505224596e-19	-0.42488637737516	0.083	0.182	9.23399596176082e-15
Hspbap1	3.250592802423e-19	-0.511530436858325	0.113	0.214	1.04945388626227e-14
Psip1	3.57177822986432e-19	-0.476963518124628	0.58	0.57	1.15314860151169e-14
Kif1b	4.88580651324458e-19	-0.671308556078101	0.208	0.306	1.57738263280101e-14
Anp32a	5.53343365218917e-19	0.270899936708778	0.871	0.63	1.78646905460927e-14
Rtn4rl1	5.90386384112587e-19	-0.355295814430074	0.039	0.123	1.90606244110749e-14
Tmem131l	6.05003876921189e-19	-0.599074612047027	0.364	0.424	1.95325501664006e-14
Ahcyl2	1.09986956292547e-18	-0.605817319528873	0.419	0.481	3.55092888390489e-14
Eml5	1.3731030725944e-18	-0.484230712433652	0.114	0.216	4.433063269871e-14
Kat6a	1.70835253617147e-18	-0.496094333082092	0.586	0.57	5.51541616302959e-14
Gpatch4	2.23311955541872e-18	-0.384746253892908	0.06	0.151	7.20962648466935e-14
Zfp638	2.254743252666e-18	-0.52289477274809	0.564	0.561	7.27943859123217e-14
Ubash3a	2.32189214972919e-18	-0.518144679417727	0.403	0.459	7.49622880540071e-14
Cdk11b	2.39552257498122e-18	0.304640287418706	0.682	0.414	7.73394463332687e-14
Esyt2	2.45186713995235e-18	-0.428595173568296	0.812	0.743	7.91585306133616e-14
Ankib1	2.58718846160889e-18	-0.540129273471656	0.496	0.515	8.3527379483043e-14
Srsf5	3.12129329371419e-18	-0.378013482167615	0.837	0.766	1.00770953987563e-13
Fkbp5	3.16668094679637e-18	-0.539925957232549	0.163	0.264	1.02236294367321e-13
Arih1	3.45208154165559e-18	0.334205148146367	0.926	0.761	1.11450452572351e-13
Tubb5	3.51154806466976e-18	-0.452580323421072	0.636	0.613	1.13370329267863e-13
Ascc3	3.76098099507473e-18	-0.526757098062056	0.722	0.69	1.21423271425988e-13
Foxn3	3.78950026564778e-18	-0.476277284160196	0.931	0.92	1.22344016076438e-13
Eya2	4.69482651459947e-18	-0.458873792075178	0.084	0.18	1.51572474023844e-13
Il16	4.70095380288008e-18	-0.555046609415447	0.346	0.396	1.51770293525984e-13
Hsd11b1	4.90731737724136e-18	-0.630602993264424	0.549	0.541	1.58432741524237e-13
Airn	6.00804132373298e-18	0.419404698561716	0.745	0.568	1.93969614136719e-13
Hibadh	6.02733827427169e-18	-0.611138064342028	0.244	0.328	1.94592616184862e-13
Grcc10	6.87350952875133e-18	0.252765100125414	0.803	0.549	2.21911255135737e-13
Lrrc4	7.04535791379082e-18	-0.605317173497293	0.306	0.377	2.27459380246737e-13
Mettl8	7.65143669378354e-18	-0.332687716410442	0.042	0.124	2.47026633658802e-13
Scaf8	8.58105006052064e-18	-0.511492604255154	0.568	0.554	2.77039201203909e-13
Dapk1	8.80332891413475e-18	-0.345754443202191	0.027	0.102	2.8421547399284e-13
Smad4	9.32978940997314e-18	-0.509779730789347	0.484	0.499	3.01212251100983e-13
Arhgef11	1.13616584830183e-17	-0.484182786566908	0.121	0.22	3.66811144124245e-13
Pds5b	1.20996215282234e-17	-0.595545917014729	0.388	0.433	3.90636281038691e-13
Lnpep	1.31439599684081e-17	-0.410560316281555	0.774	0.707	4.24352747580055e-13
Dgkd	1.38046241728503e-17	-0.481497509264253	0.596	0.585	4.45682291420472e-13
Lipa	1.43152466375701e-17	-0.51710729305323	0.198	0.288	4.62167737693949e-13
Slfn2	1.52730376243505e-17	-0.381155459245163	0.815	0.78	4.93090019702154e-13
Hivep2	1.85480226830949e-17	-0.408915442676726	0.797	0.797	5.9882291232372e-13
Slc12a6	1.8566825668338e-17	-0.577357459002557	0.533	0.543	5.99429966702293e-13
Plekha1	1.92867352636657e-17	-0.339564318037455	0.053	0.137	6.22672247987446e-13
AW554918	1.99676328857238e-17	-0.638633201964373	0.274	0.365	6.44655027715593e-13
Atf7	2.06997663819364e-17	-0.579907589919161	0.411	0.452	6.68291957640818e-13
Kcnmb4	2.11110332230826e-17	-0.484123427829255	0.151	0.251	6.81569707607221e-13
Tnrc6b	2.21333507572843e-17	-0.269785362912633	0.961	0.935	7.14575229198923e-13
Sec63	2.86089385259457e-17	-0.532153048625442	0.482	0.501	9.23639580310157e-13
Smurf2	3.01870363889778e-17	-0.603371365934583	0.501	0.52	9.74588469818147e-13
Trmt61b	4.20785482708834e-17	0.256086698123377	0.137	0.048	1.35850593092547e-12
Limd2	4.2538427687843e-17	-0.350819064814529	0.845	0.801	1.37335313790201e-12
Wapl	5.15891952667838e-17	-0.419960277702252	0.71	0.655	1.66555716918811e-12
Dyrk1a	5.48211948239294e-17	-0.461732407014963	0.649	0.61	1.76990227489056e-12
Rab6b	6.05213561087092e-17	-0.499276494240895	0.17	0.261	1.95393198196968e-12
Mcmbp	6.41037373882478e-17	-0.537074359456175	0.401	0.441	2.06958916157958e-12
Tuba1b	7.20061101908018e-17	-0.544152133604137	0.223	0.302	2.32471726751004e-12
A530088E08Rik	8.2826510987676e-17	-0.357725901313004	0.047	0.127	2.67405390723712e-12
Fli1	1.03290413248226e-16	0.277130930328777	0.915	0.75	3.33473099171898e-12
Ldhb	1.03503296769659e-16	-0.286179092008504	0.035	0.111	3.34160393620844e-12
Znrf3	1.0812973143923e-16	-0.416219547870095	0.53	0.59	3.49096837951556e-12
Fbxw4	1.23989748348975e-16	-0.507351672428843	0.187	0.277	4.00300902544666e-12
Xpo1	1.43920164806788e-16	-0.59768450470312	0.298	0.361	4.64646252078717e-12
Mbd5	1.47693861910206e-16	-0.591442157678028	0.582	0.577	4.768296331771e-12
Mad1l1	1.52788645890356e-16	-0.564528729200178	0.236	0.312	4.93278143257015e-12
Slc25a27	1.5552522457884e-16	-0.291851505450788	0.034	0.109	5.02113187552786e-12
Hsph1	1.87813805983701e-16	-0.535387992801672	0.177	0.266	6.0635687261838e-12
Fkbp4	2.35994625088798e-16	-0.512238826493532	0.201	0.283	7.61908647099184e-12
Atad2b	2.80609380608955e-16	-0.504246457120787	0.501	0.515	9.05947385296011e-12
Cdkal1	2.82935531630021e-16	-0.543485075013184	0.498	0.517	9.13457363867521e-12
Nup210	2.84716350220352e-16	-0.54295967847271	0.424	0.444	9.19206736686407e-12
Jmy	3.37422725033304e-16	0.259681169676191	0.416	0.246	1.08936926777002e-11
R3hdm1	3.7612869039367e-16	-0.510191894708564	0.564	0.548	1.21433147693596e-11
AB124611	4.02536909188218e-16	-0.315731718621321	0.053	0.134	1.29959041131416e-11
Oas3	4.99957448631648e-16	-0.362485275105091	0.043	0.119	1.61411262290727e-11
Elk4	5.48191089061982e-16	-0.545898847143893	0.396	0.425	1.76983493103661e-11
Agk	6.05905670956173e-16	-0.514202696827564	0.131	0.222	1.95616645868201e-11
Pdss2	6.24058033096533e-16	-0.535861689080325	0.207	0.303	2.01477135985216e-11
Gramd1a	6.50399068490082e-16	-0.533003396277813	0.358	0.401	2.09981339262023e-11
Ar	6.82738957175744e-16	-0.315275164715041	0.036	0.11	2.20422272324189e-11
Mat2a	6.9245711053961e-16	-0.530545273073701	0.486	0.497	2.23559778137713e-11
Arhgap35	7.46593193159196e-16	-0.451969298423292	0.109	0.2	2.41037612411447e-11
Shprh	1.28331123309135e-15	-0.571361932228359	0.227	0.302	4.14317031603543e-11
Arid3b	1.33246121177104e-15	-0.411109224964147	0.111	0.2	4.30185102220279e-11
Add3	1.59318422682999e-15	-0.37844659114779	0.751	0.721	5.14359527632062e-11
Dnmt3a	1.69097586687298e-15	-0.56401073666058	0.308	0.366	5.45931558619942e-11
Usp34	1.97017510926833e-15	-0.350031667447618	0.824	0.758	6.36071034027279e-11
Nr3c1	2.14524281513066e-15	0.459813903321658	0.797	0.63	6.92591642864933e-11
Usp25	2.35133473685384e-15	-0.536055133507954	0.615	0.579	7.59128419793264e-11
Ncor1	2.96703697467314e-15	-0.282643059520782	0.945	0.879	9.57907887273224e-11
Lrp6	3.11050437932796e-15	-0.52372508177762	0.227	0.303	1.00422633886603e-10
Xrn1	4.12532518148579e-15	-0.451874786540128	0.585	0.573	1.33186123484269e-10
Nxpe3	4.38710098864258e-15	-0.634119821687018	0.439	0.461	1.41637555418326e-10
Sema4a	4.92012955079074e-15	-0.260032346098475	0.034	0.103	1.58846382547279e-10
Ankrd28	5.21406842473697e-15	-0.583690039593193	0.251	0.328	1.68336199092633e-10
Gm50218	6.0095888632286e-15	-0.320653336395517	0.045	0.119	1.94019576449335e-10
Atf7ip	6.81397058391391e-15	-0.415390289725409	0.709	0.662	2.19989040301661e-10
Patz1	8.14290676368945e-15	-0.3814653572337	0.086	0.168	2.62893744865714e-10
Ttc13	8.42758281571446e-15	-0.4546356922927	0.151	0.234	2.72084511205341e-10
BE692007	1.06073162368375e-14	-0.559368194110856	0.458	0.485	3.42457204706298e-10
Strbp	1.41924803454882e-14	-0.568989543361198	0.4	0.436	4.58204227954087e-10
Ttc7b	1.49151856356927e-14	-0.46928107108674	0.147	0.229	4.8153676824834e-10
Il17ra	1.53332837065483e-14	-0.522618445115202	0.266	0.33	4.95035064465913e-10
Tango6	1.7605861031957e-14	-0.387676061104276	0.089	0.173	5.68405223416732e-10
Stab2	2.1150274423735e-14	-0.552152182790937	0.23	0.319	6.82836609770285e-10
Tbc1d22b	2.64359389196503e-14	-0.482781509945442	0.179	0.257	8.53484288020909e-10
Pan3	3.36189220628363e-14	-0.404541239773105	0.797	0.711	1.08538689879867e-09
Mtss1	3.91999146833918e-14	-0.4553358579744	0.132	0.22	1.26556924555331e-09
Cd84	3.99042819178629e-14	-0.51397153330662	0.527	0.517	1.2883097417182e-09
Itpr2	4.40376353082129e-14	-0.296775072717922	0.881	0.849	1.42175505592565e-09
Hist1h4d	4.5929706067431e-14	-0.450698076773582	0.144	0.225	1.48284056038701e-09
Gatad2b	4.8834264370307e-14	-0.492304436057936	0.61	0.572	1.57661422519536e-09
Acp5	4.88811665459561e-14	-0.535288842699907	0.415	0.433	1.57812846193619e-09
Amy1	4.9713636654263e-14	-0.280880388867024	0.035	0.102	1.60500475938288e-09
Wars2	5.24052388210487e-14	-0.372145399536363	0.052	0.125	1.69190313533756e-09
Cnot4	5.43053997775977e-14	-0.425331124244023	0.727	0.658	1.75324983181974e-09
Clpb	5.51899346519863e-14	-0.307006837619312	0.05	0.122	1.78180704023938e-09
Eif5	6.05004331172821e-14	-0.398092707048171	0.715	0.636	1.95325648319145e-09
Stard5	6.15013680102665e-14	-0.400074857140844	0.125	0.207	1.98557166621146e-09
Asb13	6.32251805153471e-14	-0.356827985619165	0.091	0.171	2.04122495293798e-09
Lims1	6.36666334841328e-14	-0.440555256124978	0.645	0.601	2.05547726203523e-09
Bcl6	6.97209121229395e-14	-0.398897679841965	0.121	0.205	2.2509396478891e-09
Tapt1	7.82713086293819e-14	-0.502363379625187	0.229	0.301	2.52698919909959e-09
Rbl1	8.09823005598691e-14	-0.445220348391998	0.126	0.208	2.61451357357537e-09
Irf7	1.09992820860511e-13	-0.49599905142343	0.151	0.233	3.5511182214816e-09
Rps6ka3	1.17699121909077e-13	-0.393427244668568	0.686	0.674	3.79991615083456e-09
Card6	1.22601135197744e-13	-0.429387279323324	0.147	0.227	3.95817764985916e-09
Elmsan1	1.32364401366873e-13	-0.468714188676292	0.324	0.375	4.27338469812948e-09
Smad7	1.76025760674986e-13	-0.401832875798593	0.71	0.656	5.68299168339192e-09
Man1a2	1.86248860004115e-13	-0.472884952469427	0.555	0.532	6.01304444523286e-09
Cdk19	1.87512314728693e-13	-0.539604793488287	0.379	0.424	6.05383508101586e-09
Il21r	1.91616831476434e-13	0.259077107091305	0.712	0.51	6.18634940421668e-09
Mndal	2.16053468807528e-13	-0.523001323407658	0.803	0.733	6.97528624045105e-09
Nfe2l2	2.23436003320244e-13	-0.458057638379814	0.205	0.278	7.21363136719408e-09
Rabgap1	2.55294716744062e-13	-0.54194754399406	0.3	0.355	8.24218993008203e-09
Mical3	2.89184515814642e-13	-0.283422596313501	0.047	0.116	9.33632209307571e-09
Cnot2	2.97160478420906e-13	-0.421127726744195	0.638	0.581	9.59382604581895e-09
Ggact	3.32095418896114e-13	-0.414828918262906	0.096	0.173	1.0721700599061e-08
Nop56	3.99496334003898e-13	-0.47447151494047	0.221	0.289	1.28977391433159e-08
Ppm1b	4.19325869264541e-13	-0.477710497146711	0.577	0.537	1.35379356892057e-08
Dmxl1	4.33832104587704e-13	-0.504199939807486	0.416	0.438	1.4006269496614e-08
Dph6	5.90440753975842e-13	-0.474591117334182	0.125	0.205	1.90623797421101e-08
Baz2b	6.36001770557461e-13	-0.523715447168015	0.545	0.529	2.05333171624476e-08
Tmpo	7.94408460972583e-13	-0.507204752796391	0.333	0.368	2.56474771624998e-08
Mdm4	8.56410130354167e-13	-0.473258857455779	0.438	0.446	2.76492010584843e-08
Smurf1	1.1166086683269e-12	-0.510574589725401	0.258	0.317	3.60497108569339e-08
Eif4g3	1.14588797396948e-12	-0.399132102218195	0.726	0.658	3.69949932396046e-08
Bclaf1	1.18834755370374e-12	-0.409554602546349	0.644	0.589	3.83658007713253e-08
Gucd1	1.22476287957459e-12	-0.349850520113736	0.067	0.137	3.95414695670658e-08
Nup153	1.26315499246811e-12	-0.487925533974114	0.512	0.492	4.0780958931833e-08
Cox10	1.35182159564252e-12	-0.419992322696629	0.143	0.217	4.36435602153186e-08
Il7r	1.39277484467625e-12	0.293505301804912	0.558	0.392	4.49657358603728e-08
Ssh2	1.467958107279e-12	-0.266117649015444	0.889	0.876	4.73930274935025e-08
Ppm1k	1.60412836013429e-12	-0.310746814030403	0.072	0.144	5.17892841069355e-08
Bicra	1.68452084860996e-12	-0.525826593144583	0.343	0.386	5.43847555973725e-08
Numa1	1.8244906080743e-12	-0.473646152802575	0.502	0.484	5.89036792816789e-08
St3gal1	1.84279404456498e-12	-0.540093427084535	0.306	0.351	5.94946057287803e-08
Tmem229b	1.84544853365783e-12	-0.384665585191951	0.112	0.186	5.9580305909143e-08
Trim33	2.12875809071861e-12	-0.466105381636087	0.473	0.475	6.87269549588503e-08
Atp13a3	2.45560658748591e-12	-0.488340289613987	0.489	0.482	7.92792586769827e-08
Iigp1	2.54394004887113e-12	-0.443951741638483	0.195	0.288	8.21311044778044e-08
Lonp2	3.48550749509339e-12	-0.443261054534431	0.624	0.571	1.1252960947909e-07
Nars2	3.93716043717181e-12	-0.402479494478676	0.084	0.156	1.27111224714092e-07
Pcca	4.0391560710945e-12	-0.481567542901074	0.198	0.272	1.30404153755286e-07
Trip12	5.02254627002966e-12	-0.353038483667745	0.758	0.671	1.62152906327908e-07
Slc25a12	6.52174665830063e-12	-0.530168184349605	0.314	0.355	2.10554590863236e-07
Isg15	6.98582143941404e-12	-1.11987857454893	0.257	0.314	2.25537245171482e-07
Tet3	7.13506894925381e-12	-0.418801862226127	0.629	0.575	2.30355701026659e-07
Abcg1	7.44934277106455e-12	-0.528542080808102	0.307	0.351	2.40502031363819e-07
Gphn	7.52304658634664e-12	-0.40680089682908	0.644	0.61	2.42881559040201e-07
Bckdhb	9.34647337989238e-12	-0.301525457290782	0.046	0.109	3.01750893069826e-07
Smad3	1.21798314987468e-11	-0.458527091706144	0.215	0.289	3.93225859937041e-07
Hmbox1	1.40532509315739e-11	-0.483670825777615	0.252	0.308	4.53709206325863e-07
Akap8l	1.42893169226608e-11	-0.471295378225662	0.305	0.348	4.61330596848103e-07
Txndc16	1.56218780059542e-11	-0.425378402201566	0.114	0.184	5.04352331422233e-07
Adar	1.66033927202798e-11	-0.475595934422841	0.262	0.313	5.36040533974233e-07
Rasa3	1.74000747238291e-11	-0.277325234669338	0.477	0.538	5.61761412458824e-07
Ntrk3	1.74250303348095e-11	-0.382343938487383	0.089	0.159	5.62567104359324e-07
Gm48678	1.8601383544705e-11	-0.509315379596896	0.456	0.454	6.005456677408e-07
Huwe1	2.03589888276582e-11	-0.360183177891244	0.72	0.658	6.57289954300945e-07
Pou2f1	2.11866548845578e-11	-0.474749597630466	0.312	0.363	6.84011152947949e-07
Tut4	2.60478633832829e-11	-0.330117152385069	0.742	0.701	8.40955269329289e-07
Nrros	3.13433572494555e-11	-0.474605679780685	0.195	0.258	1.01192028879867e-06
Exoc6	3.18219061534521e-11	-0.496548913696825	0.243	0.299	1.0273702401642e-06
Zfp1	3.81909933386414e-11	-0.409997877319914	0.161	0.229	1.23299621993804e-06
Gm4258	4.05258689599397e-11	-0.327216516936878	0.073	0.141	1.30837767937165e-06
Lman2l	4.1628012559754e-11	-0.325396727703959	0.081	0.149	1.34396038549166e-06
Unc5cl	4.65149526500172e-11	-0.290459236748938	0.057	0.12	1.5017352463058e-06
Trim34a	4.69658329059808e-11	-0.462053398352235	0.169	0.233	1.51629191536959e-06
Timm9	5.79245466610261e-11	-0.295571032021894	0.089	0.158	1.87009398895123e-06
Polr1a	5.97980847780768e-11	-0.341898383399199	0.105	0.173	1.93058116706021e-06
Stk26	7.97046321307494e-11	-0.453261659648616	0.225	0.282	2.57326404834125e-06
Atxn2	8.02650253367808e-11	-0.413955157834131	0.209	0.272	2.59135634299797e-06
Itm2a	8.84970592827841e-11	-0.497933741474217	0.169	0.234	2.85712755894468e-06
Rapgef1	9.62759419287251e-11	-0.464730003803697	0.443	0.445	3.10826878516889e-06
Cnot6l	9.7991757556361e-11	-0.296619676617403	0.815	0.74	3.16366389270712e-06
Aig1	1.09887723380371e-10	-0.448853205920621	0.129	0.198	3.54772514933527e-06
Fry	1.12434446874834e-10	-0.576520181138631	0.209	0.274	3.62994611735403e-06
Tmem260	1.15864151407193e-10	-0.401582329067734	0.094	0.159	3.74067412818121e-06
Banp	1.1951900415797e-10	-0.447626297259333	0.245	0.299	3.85867104924007e-06
Jade2	1.29062367335163e-10	-0.357147600232686	0.113	0.18	4.16677852941574e-06
Zfp438	1.37787623698303e-10	-0.355079124384778	0.07	0.134	4.44847343109972e-06
Itpkb	1.38017436239989e-10	0.270357890779453	0.893	0.757	4.45589292900804e-06
Hsdl1	1.40240459835715e-10	-0.38026419915618	0.115	0.18	4.52766324579606e-06
Tnrc6a	1.5903126141295e-10	-0.395777918792923	0.664	0.584	5.1343242747171e-06
Pum1	1.6356437456164e-10	-0.373372479635543	0.666	0.598	5.28067583272254e-06
2010016I18Rik	1.74116986651459e-10	-0.409808379543064	0.124	0.188	5.62136691404234e-06
Gm15564	1.77783506667875e-10	-0.352677076359557	0.13	0.195	5.73974051277234e-06
Lrif1	1.81223903047035e-10	-0.432472780632452	0.206	0.266	5.85081370987352e-06
Slc16a10	1.89016261660046e-10	-0.301569426493023	0.047	0.105	6.10239000769458e-06
Adcy3	2.17770753883817e-10	-0.287287987967054	0.053	0.112	7.03072878913904e-06
Mgat4a	2.84373646789226e-10	-0.353229488916714	0.103	0.169	9.18100318659015e-06
Ube3a	2.93282924126042e-10	-0.431842884891944	0.604	0.546	9.46863920540927e-06
Akap10	3.27984385126089e-10	-0.473375443629906	0.344	0.383	1.05889758737958e-05
Snrpd3	3.35674818809769e-10	-0.45320244210558	0.479	0.451	1.08372615252734e-05
Zmynd11	3.4548775145908e-10	-0.411810487878366	0.421	0.441	1.11540720558564e-05
Fbl	3.64871566478174e-10	-0.472968153051705	0.307	0.335	1.17798785237479e-05
Rmdn1	3.98430135770064e-10	-0.397060240077177	0.103	0.168	1.28633169333365e-05
Cept1	4.0503257577002e-10	-0.484385770326183	0.381	0.399	1.30764767087351e-05
Xpnpep3	4.58834486778898e-10	-0.324035326610694	0.067	0.127	1.48134714056567e-05
Chd1	4.83602163276512e-10	-0.444105618493016	0.494	0.471	1.56130958413822e-05
Klk8	5.57287709771904e-10	-0.421685370146821	0.221	0.274	1.79920337099859e-05
Nr2c2	5.68119084923195e-10	-0.43064030552629	0.56	0.515	1.83417246567453e-05
Msl2	5.8675127650579e-10	-0.476968428567803	0.418	0.417	1.89432649619894e-05
Snd1	5.94181809805908e-10	-0.409835343443115	0.603	0.55	1.91831597295837e-05
Dip2c	6.94241864113222e-10	-0.443833781821386	0.069	0.131	2.24135985828954e-05
Tox	8.21797723673899e-10	0.382293201515291	0.881	0.834	2.65317395088118e-05
Ifi209	8.95848860361099e-10	-0.492131943524565	0.512	0.506	2.89224804567581e-05
Mdn1	9.55603317523772e-10	-0.401604073167292	0.199	0.261	3.0851653106255e-05
Mpp7	1.02768623775054e-09	0.272549125132206	0.336	0.22	3.31788501857762e-05
Dicer1	1.03466807170672e-09	-0.443893265340684	0.239	0.286	3.34042586950516e-05
Stip1	1.03920080425501e-09	-0.470523980402152	0.28	0.316	3.35505979653729e-05
Tmco4	1.05638388460767e-09	-0.434935305494565	0.151	0.212	3.41053537145585e-05
Xylt2	1.06239795877993e-09	-0.259777841970087	0.066	0.124	3.42995180992101e-05
Pign	1.07884966996562e-09	-0.440722896245314	0.145	0.207	3.48306615948401e-05
Mov10	1.40255548198286e-09	-0.357272022566057	0.102	0.163	4.52815037358167e-05
L3mbtl3	1.41869759753339e-09	-0.506236710715093	0.299	0.341	4.58026519363655e-05
Tbxa2r	1.46526258851801e-09	-0.328854849727708	0.106	0.167	4.73060026703041e-05
Sil1	1.64773056294067e-09	-0.39579840824428	0.118	0.18	5.31969812245395e-05
Kansl1l	1.86723218193177e-09	-0.488435837949016	0.354	0.389	6.02835909936672e-05
Hdhd5	1.93659195805064e-09	-0.361667559167145	0.129	0.188	6.25228713656651e-05
Rnf38	1.93976527230242e-09	-0.460013833689313	0.314	0.345	6.26253218162837e-05
Gpr174	2.27446222376804e-09	-0.562384915491206	0.284	0.32	7.34310128943511e-05
Slc37a1	2.39730274477278e-09	-0.333281296479067	0.099	0.158	7.73969191149893e-05
Mlh3	3.29870558003337e-09	-0.258445106741122	0.048	0.1	0.000106498709651377
Bst2	3.44850021381541e-09	-0.629130959701295	0.452	0.446	0.00011133482940303
Asb3	3.88615559407081e-09	-0.472042378402353	0.372	0.39	0.000125464533354576
Mettl16	4.08903779781007e-09	-0.390408873793233	0.163	0.22	0.000132014585302298
Trappc12	4.25359832574795e-09	-0.423550065945774	0.179	0.232	0.000137327421946773
Ikbkb	4.75303311307386e-09	-0.506167055373833	0.44	0.421	0.000153451674055589
Tnks	4.83759877866336e-09	-0.433039980453013	0.264	0.306	0.000156181876569147
Ehmt1	5.79646236375876e-09	-0.447213264604766	0.402	0.402	0.000187138787413952
Cdk12	5.95765178044751e-09	-0.364289501659278	0.663	0.593	0.000192342787731748
Sarnp	6.30354820819112e-09	-0.375899744748041	0.614	0.535	0.00020351005390145
Trim14	6.77838014365660e-09	-0.465577148483065	0.313	0.342	0.000218840002937953
Gm12185	7.54269406549235e-09	-0.549133648120894	0.342	0.361	0.00024351587790442
Rbm25	8.47609817780789e-09	-0.280188939536586	0.869	0.764	0.000273650829670528
Fgfr2	8.91686026430324e-09	-0.415390723649659	0.34	0.366	0.00028788083363303
Mpp6	8.94096913768847e-09	-0.384636955079071	0.151	0.21	0.000288659188610272
Wdr33	9.23002920891686e-09	-0.323779248958935	0.73	0.636	0.000297991493009881
Znrf2	9.91841588728462e-09	-0.360356595888759	0.669	0.59	0.000320216056920984
Gm36756	1.12554041174017e-08	-0.366352247095999	0.16	0.216	0.000363380721930315
Max	1.3140291585993e-08	-0.406816800677725	0.343	0.358	0.000424234313853783
Nfatc3	1.3943076976144e-08	-0.342470351672426	0.714	0.644	0.000450152240174809
Fyn	1.40245551887438e-08	-0.250364599947448	0.93	0.864	0.000452782764268593
Zhx3	1.42060853951578e-08	-0.364183367268809	0.145	0.203	0.00045864346698267
Aqr	1.43321444730912e-08	-0.458744552429621	0.332	0.348	0.000462713284313751
Chd6	1.54219205024578e-08	-0.425440427300589	0.514	0.488	0.000497896703421849
Ttc28	1.7261564986295e-08	-0.297596838064338	0.055	0.106	0.000557289625582533
Mrps28	1.80532063107366e-08	-0.425692847118361	0.177	0.23	0.000582847765742131
Usp32	2.02374006871336e-08	-0.465687965520404	0.38	0.392	0.000653364481184107
Abi3	2.11351991814984e-08	-0.307386163822833	0.101	0.156	0.000682349905574675
Phf3	2.23369031919053e-08	-0.35722379709508	0.688	0.596	0.000721146919550662
N4bp2	2.32602090883662e-08	-0.432772890976591	0.225	0.269	0.000750955850417903
Stag2	2.36636281536472e-08	-0.358912118204392	0.72	0.627	0.000763980234940499
Sgpp1	2.80815290408007e-08	-0.337322857566704	0.12	0.176	0.000906612165082251
Zfp395	2.87296991251727e-08	-0.281724441073903	0.077	0.131	0.0009275383362562
Ccdc58	2.90717992483208e-08	-0.355942554054521	0.095	0.149	0.000938583038732037
Pnisr	3.01178230566636e-08	-0.332495105292564	0.714	0.622	0.000972353917384385
Prkdc	3.02368654426056e-08	-0.417981443124439	0.261	0.301	0.00097619720081452
Rftn1	3.07160290478222e-08	-0.41576276109399	0.518	0.483	0.000991666997808941
Hnrnpc	3.10685094675205e-08	-0.252979984888741	0.821	0.729	0.0010030468281589
Smad5	3.18152014610653e-08	-0.29025893928475	0.089	0.144	0.00102715377917049
Dym	3.25888051693283e-08	-0.436286696290634	0.296	0.328	0.00105212957489176
Gm4876	3.54371778829893e-08	-0.388981288009763	0.206	0.257	0.00114408928795231
Pms1	3.66854825672436e-08	-0.278373579253227	0.075	0.129	0.00118439080468346
Prmt3	3.74153053629727e-08	-0.354268797722738	0.179	0.233	0.00120795313364357
Eif3e	3.86722559902367e-08	-0.26349889264216	0.855	0.741	0.00124853378464479
Baz1b	3.89817824608732e-08	-0.419703256342547	0.456	0.439	0.00125852684674929
Gm46367	4.25918655622301e-08	-0.314920729520252	0.106	0.161	0.0013750783796766
Gm48719	4.39868997160417e-08	-0.277687120303956	0.075	0.126	0.00142011705733241
Zfp592	4.69611865024557e-08	-0.433169555332393	0.338	0.352	0.00151614190623178
Gm10130	4.71094780949832e-08	-0.254433383288126	0.063	0.114	0.00152092950029653
Arap2	4.74877153365013e-08	-0.320406403508426	0.67	0.621	0.00153314088963895
Poc1b	5.83358888150975e-08	-0.351504647468525	0.109	0.162	0.00188337417039542
Gm38604	5.96428244579734e-08	-0.319149996019596	0.067	0.117	0.00192556858762567
Rnf145	6.13053555604015e-08	-0.472315266803498	0.423	0.407	0.00197924340426756
Cab39l	6.36197693237731e-08	-0.490372935683827	0.306	0.329	0.00205396425261802
Creb1	6.57421039846678e-08	-0.388277991834561	0.642	0.579	0.002122483827145
Ankrd17	6.74192408321094e-08	-0.265757207162049	0.824	0.736	0.00217663019026465
Senp6	6.74780333527737e-08	-0.321509906879554	0.656	0.59	0.0021785283067943
Washc3	6.84314478988752e-08	-0.462947330577816	0.264	0.293	0.00220930929541518
Gm26771	7.35442502088264e-08	-0.26237397367277	0.067	0.118	0.00237437611799196
6530409C15Rik	7.56575898170508e-08	-0.33239204444512	0.101	0.154	0.00244260528724349
Cep295	9.64523324806036e-08	-0.366677207798973	0.136	0.187	0.00311396355413629
Hspa9	1.22140861323196e-07	-0.417060790737432	0.272	0.298	0.0039433177078194
Ppp1r12b	1.33364055901695e-07	-0.444506945597881	0.229	0.275	0.00430565854478622
Rbm33	1.44885530897304e-07	-0.394491700689769	0.568	0.502	0.00467762936501945
Rap1gds1	1.54407713083197e-07	-0.332642160160738	0.797	0.713	0.004985053016891
Mark2	1.6043569527153e-07	-0.314115087462271	0.679	0.583	0.00517966642184134
Map3k14	1.65853944971256e-07	-0.34189770595689	0.177	0.227	0.00535459461339701
Vav1	1.73572265381697e-07	-0.44591148766397	0.406	0.39	0.00560378058784808
Pds5a	1.8090797725677e-07	-0.354797184158962	0.625	0.559	0.00584061404573483
Rbm5	1.83896066646422e-07	-0.337038581459163	0.654	0.566	0.00593708451167975
Slc39a11	1.89551193434122e-07	-0.318775807916931	0.093	0.144	0.00611966028002063
Tbc1d5	1.96960567857845e-07	-0.515343970809254	0.408	0.416	0.00635887193329053
Akap9	1.97260596807117e-07	-0.396785772685799	0.52	0.49	0.00636855836791779
Kantr	2.03727699710308e-07	-0.297478965401427	0.087	0.137	0.00657734878514729
Prpsap2	2.15173239462182e-07	-0.267113636707919	0.079	0.128	0.00694686803603654
4632427E13Rik	2.18332187984709e-07	-0.342601246695465	0.126	0.176	0.00704885468908634
Ppp3cb	2.29408038709974e-07	-0.42799024599818	0.444	0.422	0.00740643852975152
A630089N07Rik	2.33838199598386e-07	-0.266884555699019	0.076	0.127	0.0075494662740339
Mybbp1a	2.45942381981425e-07	-0.33821124728526	0.129	0.179	0.0079402498022703
Faf1	2.55192262983172e-07	-0.429249415074423	0.525	0.485	0.00823888221041171
Itga6	2.77343736810866e-07	-0.38496392756452	0.457	0.449	0.0089540425429388
H2-T24	2.9550921735422e-07	-0.35880153155554	0.134	0.182	0.009540515082281
Lrpprc	3.2851743579112e-07	-0.383079706472599	0.163	0.21	0.0106061854145163
Parp3	3.34630685562259e-07	-0.282207471872906	0.081	0.129	0.0108035516833775
Hist1h1b	3.47010723998798e-07	-0.324581704028541	0.072	0.121	0.0112032412243012
Slc30a7	3.50209064053955e-07	-0.407666659568936	0.272	0.296	0.0113064996329819
Ythdc1	3.56728133026435e-07	-0.283275277418307	0.757	0.662	0.0115169677747585
Pvt1	3.57070604799439e-07	-0.356720777361627	0.251	0.297	0.0115280244759499
Itsn2	3.75481430274795e-07	-0.33142497395628	0.757	0.652	0.0121224179764218
Ercc6l2	3.81587506730277e-07	-0.297153070260123	0.09	0.139	0.012319552654787
Ddx10	4.00761309403131e-07	-0.441453265196931	0.415	0.402	0.0129385788740801
Usp40	4.86552639951296e-07	-0.335381531818046	0.123	0.171	0.0157083519808276
Dcun1d2	4.89705341771613e-07	-0.252317324161377	0.071	0.119	0.0158101369590965
Ralgapa2	5.37249892091444e-07	-0.391208656148248	0.591	0.537	0.0173451127661723
3300002I08Rik	5.42363847243352e-07	-0.270920709263006	0.081	0.128	0.0175102168082516
Gm14858	5.54517297816206e-07	-0.295551257294653	0.07	0.116	0.0179025909599962
Jmjd1c	5.72109886718989e-07	-0.29171861858156	0.704	0.64	0.0184705676927226
Zdhhc17	5.83841230884953e-07	-0.394010239996759	0.213	0.25	0.0188493141391207
Idh2	7.16432805804084e-07	-0.292756604308034	0.101	0.149	0.0231300331353849
Mphosph9	7.52733125104852e-07	-0.360682767688188	0.141	0.188	0.0243019889440101
Klhdc1	7.65468790154878e-07	-0.384821543923331	0.151	0.196	0.0247131598901503
Gngt2	7.71256622948367e-07	-0.309300505267083	0.122	0.169	0.024900020071888
Hlcs	7.87238596083403e-07	-0.393760512791516	0.159	0.206	0.0254159980745527
Synj2bp	8.36821847729557e-07	-0.42250224531553	0.43	0.415	0.0270167933539488
Setd4	8.94281638015786e-07	-0.264217312647799	0.077	0.123	0.0288718826833396
Ice1	9.02005609736714e-07	-0.391712679630277	0.211	0.247	0.0291212511103498
Skp1a	9.14867928766207e-07	-0.417240682319457	0.419	0.394	0.029536511080217
Mtap	9.26027903661757e-07	-0.30845195041864	0.099	0.145	0.0298968108697198
Rars2	9.35827887765411e-07	-0.305976413211292	0.087	0.133	0.0302132033565063
Heca	1.04350958324085e-06	-0.358003736132269	0.649	0.571	0.0336897068949307
Parp9	1.22538761131603e-06	-0.512574559668078	0.397	0.382	0.0395616390313379
Pisd	1.30368228698256e-06	-0.266595599118997	0.071	0.115	0.0420893826352319
Uck2	1.33093774477492e-06	-0.376581044900922	0.187	0.226	0.0429693250900582
Uri1	1.38081612973714e-06	-0.385921144071307	0.436	0.416	0.0445796487485636
Cacybp	1.38408045411182e-06	-0.405669562253585	0.347	0.346	0.044685037461
Ipo11	1.49661939310942e-06	-0.329111840869106	0.151	0.196	0.0483183571065377
Xaf1	1.50464417268071e-06	-0.458240673984871	0.218	0.251	0.0485774371149967
Epc1	1.50688763810074e-06	-0.31709530689919	0.642	0.569	0.0486498673960825
Lin9	1.53596465956267e-06	-0.251338135407117	0.078	0.124	0.0495886190339808
Desi2	1.60670866704687e-06	-0.462081943469764	0.396	0.384	0.0518725893156083
Dcaf6	1.64777284469441e-06	-0.415673805594085	0.272	0.302	0.0531983462909589
Irgm1	1.73583993175807e-06	-0.420060459484186	0.165	0.207	0.0560415921968094
Dcp1b	1.80582077910425e-06	-0.283131921108368	0.101	0.148	0.0583009238533807
Gbp9	1.81689025511881e-06	-0.36524975825442	0.17	0.212	0.0586583018865108
Cox16	1.86919083574474e-06	-0.475740709347403	0.562	0.497	0.060346826132019
Gab3	1.87537502945778e-06	-0.355956228293704	0.143	0.191	0.0605464828260444
Uqcc1	1.90203056467811e-06	-0.348139820487565	0.111	0.156	0.0614070567806327
Rph3al	2.01531906200342e-06	-0.316141717679759	0.083	0.128	0.0650645759167805
Msra	2.12074479516909e-06	-0.448756406455358	0.272	0.299	0.0684682457120342
Bbs9	2.24858355223188e-06	-0.440800195330322	0.237	0.276	0.0725955199838061
Irgm2	2.42057737462124e-06	-0.446433395409355	0.205	0.244	0.0781483405396467
Nt5c3	2.54169223959169e-06	-0.384782313503979	0.212	0.245	0.0820585339552177
Plcl1	2.73470124205804e-06	-0.536959817484675	0.135	0.182	0.0882898295998437
Sdha	2.82216195501257e-06	-0.387221998421889	0.44	0.403	0.0911134987175808
Efr3a	2.82263756978895e-06	-0.400242679650437	0.507	0.456	0.0911288539406364
Suz12	3.46397536610887e-06	-0.377098548112505	0.512	0.454	0.111834444694825
Zfp281	3.61666908785002e-06	-0.388355001623123	0.201	0.233	0.116764161501238
Gprasp1	3.72551519169656e-06	-0.347928803159394	0.176	0.216	0.120278257963923
Dcaf17	3.94191813739344e-06	-0.332675577192961	0.161	0.203	0.127264827065747
Ppp4r2	4.05438752533508e-06	-0.33756329466109	0.616	0.527	0.130895901255443
Ttll3	4.48234232735298e-06	-0.255390807392172	0.087	0.129	0.144712422038591
Rnf130	4.75477161069722e-06	-0.292277356395369	0.081	0.124	0.15350780145136
Hp1bp3	5.56546345895239e-06	-0.311284827391248	0.592	0.516	0.179680987772278
Rbm26	6.73223918019383e-06	-0.377729421336046	0.533	0.463	0.217350341932558
Taf3	6.81125592885505e-06	-0.441987118390508	0.368	0.369	0.219901397663085
Wipf1	6.86064259468767e-06	-0.253134327547074	0.765	0.677	0.221495846169491
Cep128	7.28046004023425e-06	-0.267426351927613	0.105	0.153	0.235049652398963
Phf14	7.28668779620233e-06	-0.38932953887779	0.636	0.546	0.235250715500392
Zfp518a	7.71736029527304e-06	-0.275190586452654	0.115	0.158	0.24915497713289
Gm42722	7.8928827359694e-06	-0.324773672512231	0.113	0.158	0.254821719130772
Tmem209	8.63427016308835e-06	-0.274324908362328	0.077	0.117	0.278757412215308
Uchl3	9.45867732992858e-06	-0.369396601524714	0.279	0.293	0.305373397596744
Utp20	9.48760461113716e-06	-0.258028272650115	0.082	0.123	0.306307314870563
Snhg12	9.96505802463143e-06	-0.374385082033031	0.241	0.264	0.321721898325226
Cd9	1.05517748858876e-05	-0.302268713204157	0.125	0.166	0.340664052190882
Prpf38b	1.06678531672237e-05	-0.309696991556112	0.636	0.551	0.344411639503816
Enox2	1.11677456663589e-05	-0.400098823669116	0.225	0.268	0.360550668838398
Gm13561	1.2709670695665e-05	-0.252879045297439	0.068	0.107	0.410331718409543
Srsf7	1.28405407315845e-05	-0.281857249649352	0.679	0.579	0.414556857519206
Rnf19a	1.31335094303947e-05	-0.425297985331851	0.509	0.455	0.424015351960294
Gm13708	1.334834010981e-05	-0.279017911167213	0.096	0.136	0.430951160445216
Spata6	1.33786538668968e-05	-0.358207701026183	0.34	0.351	0.431929840092764
Pkn2	1.3497533960123e-05	-0.35117846227496	0.591	0.51	0.43576788390257
Sltm	1.37375464257468e-05	-0.308968092933858	0.71	0.605	0.443516686355236
Pias2	1.38086530445182e-05	-0.37724061075527	0.361	0.355	0.445812363542269
Ttyh3	1.40713638238903e-05	-0.291165328129557	0.136	0.175	0.454293981054298
Sec24b	1.43640252211048e-05	-0.419258724522428	0.405	0.375	0.463742554263367
Aatf	1.45264594342539e-05	-0.407453560882251	0.252	0.273	0.468986742834886
Ldb1	1.47688892725222e-05	-0.356204805011311	0.306	0.311	0.476813590163378
Gse1	1.48579030343584e-05	-0.381357094076062	0.262	0.281	0.47968739946426
Ambra1	1.51367564329135e-05	-0.273644781102723	0.759	0.668	0.488690181436613
Zzz3	1.52865748166985e-05	-0.364333310812352	0.363	0.356	0.493527067957111
Cyb5b	1.57752083331739e-05	-0.418138748982934	0.366	0.349	0.50930260103652
Vti1a	1.63508315473465e-05	-0.38517913388237	0.655	0.575	0.527886596506081
Casp8	1.68816508167026e-05	-0.356426696853191	0.628	0.53	0.545024096617242
Zfp36	1.70708895042638e-05	-0.359416700923263	0.334	0.347	0.551133667645156
Ube2d1	1.90223505112338e-05	-0.400842147763362	0.211	0.237	0.614136586255185
Mitd1	1.91255636681935e-05	-0.387878039459083	0.31	0.315	0.617468823027626
Fam117a	1.93114477158636e-05	-0.356806969176474	0.24	0.266	0.623470089506657
Celsr1	2.1005362994418e-05	-0.315623013376549	0.165	0.202	0.678158144274785
Kmt2d	2.35187392855449e-05	-0.385075236965526	0.291	0.296	0.759302497833818
Ube3c	2.50999264675967e-05	-0.396029559608909	0.397	0.38	0.810351126006358
Cbr1	2.60744957744965e-05	-0.297117964783027	0.148	0.184	0.84181509607962
Wdr46	2.8920359266539e-05	-0.264590280943525	0.111	0.148	0.933693798920213
Hdac8	3.19675811582835e-05	-0.345588189548041	0.487	0.478	1
Saysd1	3.25996623551694e-05	-0.32906842537698	0.171	0.203	1
Pkp4	3.72364768747967e-05	-0.264932105953886	0.085	0.124	1
Traf5	3.83547605967494e-05	-0.358118353469535	0.303	0.309	1
Pibf1	3.9522033945178e-05	-0.393554034592122	0.223	0.252	1
Limk2	4.03774312254883e-05	-0.405235921280744	0.311	0.316	1
Elp4	4.13090172734097e-05	-0.43031030034186	0.277	0.304	1
Orc3	4.23820593773292e-05	-0.35089269488373	0.215	0.24	1
Gm43713	4.59980258485621e-05	-0.271543642594189	0.095	0.132	1
Atrn	4.70948233872014e-05	-0.363787062380305	0.322	0.332	1
Gbp4	4.91445504481735e-05	-0.439426261543314	0.297	0.304	1
Gm15563	5.05924530849617e-05	-0.371067256156822	0.219	0.245	1
Klf7	5.12992576171334e-05	-0.370306129644613	0.424	0.406	1
B3galnt2	5.20154814019565e-05	-0.266451641056068	0.093	0.129	1
Clip1	5.21145224887006e-05	-0.366927362615692	0.488	0.445	1
Npm3	5.38949755898963e-05	-0.345175547324036	0.228	0.249	1
Cyfip2	5.67364624736747e-05	-0.275882046827262	0.757	0.633	1
Naa25	5.72143741038683e-05	-0.251001588469916	0.103	0.139	1
Tmem175	5.83478966702603e-05	-0.265106445428664	0.091	0.128	1
Dhx30	5.89478266056232e-05	-0.327217236671167	0.163	0.195	1
Ly9	6.22474469664613e-05	-0.332010409441198	0.175	0.203	1
Invs	6.87101510275115e-05	-0.314274172902516	0.095	0.133	1
Usp33	6.97687936745859e-05	-0.360775837562794	0.183	0.212	1
BC052040	6.99360028576338e-05	-0.253827111189417	0.071	0.107	1
Wdr43	7.05716095871498e-05	-0.357410194089622	0.302	0.305	1
Parp14	7.3290047602062e-05	-0.588370706020605	0.581	0.495	1
Zfp869	8.16799265142379e-05	-0.315852437105871	0.204	0.23	1
Sin3a	8.61145747337672e-05	-0.355679603384318	0.28	0.286	1
Zmym4	8.77243318093694e-05	-0.378965588061159	0.292	0.305	1
Impdh2	9.0884330659692e-05	-0.309015989394057	0.175	0.204	1
Gsk3b	9.17473431242129e-05	-0.28196933780621	0.789	0.661	1
Erbin	9.2240294141554e-05	-0.285872155309802	0.743	0.633	1
Gnl3	9.97121820446673e-05	-0.337436873481852	0.193	0.22	1
Usp47	0.000101983278823871	-0.378301678304386	0.447	0.409	1
Ngly1	0.000103339020275768	-0.349112718235515	0.301	0.302	1
2610037D02Rik	0.000108889223924015	-0.376819268814147	0.215	0.243	1
Daxx	0.00012467905633944	-0.448748176891633	0.238	0.252	1
Magt1	0.000129316883718359	-0.333633027490644	0.229	0.249	1
Chd9	0.000137851323607265	-0.447423093024459	0.345	0.337	1
Fam168a	0.00013928379081729	-0.404863162442828	0.326	0.329	1
Tbcel	0.000143138993996114	-0.36513757344073	0.228	0.245	1
Traf3ip2	0.000143940036797571	-0.304125853003465	0.144	0.175	1
Abce1	0.000147887840417955	-0.353157707493059	0.224	0.242	1
Ttc17	0.000154049983489093	-0.375117338767296	0.322	0.324	1
Cep164	0.000163828360261124	-0.272556924947861	0.117	0.149	1
Ppat	0.000164458075281402	-0.314500227709639	0.147	0.176	1
Chordc1	0.000164463294087649	-0.357289689037068	0.482	0.422	1
Mapkap1	0.000173321948925859	-0.376385868603607	0.42	0.388	1
Sec11a	0.000186638325510151	-0.258870818785701	0.724	0.599	1
Klhl6	0.000188528638100606	-0.329144866361854	0.536	0.491	1
Gbp2	0.000202788741042421	-0.437824600206536	0.179	0.205	1
Arhgef6	0.000203565521404491	-0.361462581355012	0.483	0.431	1
Zfp236	0.000231308093637132	-0.32123340736896	0.243	0.258	1
Rmnd1	0.000237071032793237	-0.259582015037997	0.095	0.127	1
Gm26749	0.000248857746359212	-0.308628743703979	0.202	0.225	1
Orc5	0.000275209652477924	-0.280123328936131	0.113	0.144	1
Lin52	0.000286502615336725	-0.368204339015179	0.17	0.2	1
Cdon	0.00028692409995393	-0.309375819357664	0.175	0.203	1
Hectd4	0.000295383544678082	-0.38107215363942	0.34	0.327	1
Cep68	0.000308162168353868	-0.334746861986726	0.182	0.205	1
Tecpr1	0.000308389719262545	-0.271767224385572	0.609	0.528	1
N4bp2l2	0.000308937505472086	-0.295309625903615	0.65	0.543	1
Tom1l2	0.000339790775503233	-0.391248941967272	0.201	0.22	1
Abl2	0.000377406570559309	-0.327012804882603	0.276	0.289	1
Lpcat3	0.00038398099363528	-0.400453779809134	0.235	0.246	1
Kiz	0.000384031948698621	-0.295935747535222	0.092	0.124	1
Strn3	0.000393259713739423	-0.304936476590273	0.664	0.562	1
Hspd1	0.00043338076556202	-0.393945011037803	0.412	0.371	1
C1qbp	0.000437624671310696	-0.309172394197501	0.183	0.204	1
Dennd6a	0.00044198979018183	-0.350538107041392	0.257	0.269	1
Zfp62	0.000451407235265457	-0.301001268768662	0.181	0.203	1
Pde7a	0.000465949449871117	-0.375322861726774	0.49	0.449	1
Sf1	0.000476419502160412	-0.311596476058639	0.531	0.451	1
Kidins220	0.000480110429943573	-0.334066494699945	0.431	0.389	1
Il27ra	0.000481998167567571	-0.361918780255085	0.517	0.44	1
Prdm2	0.000516093942120529	-0.315629258455052	0.588	0.5	1
Armc7	0.000526336430362244	-0.372650033493313	0.25	0.257	1
Uggt1	0.000549502773681744	-0.336228171275906	0.39	0.362	1
Snhg8	0.000563294082766428	-0.319790469332909	0.322	0.312	1
Chd8	0.000581145186019815	-0.391971582029734	0.403	0.365	1
Itch	0.000593470201204402	-0.288885493648259	0.592	0.521	1
Rgcc	0.000609497566236832	-0.303944200081721	0.276	0.294	1
Acap2	0.000617839097906346	-0.369848056938824	0.506	0.436	1
Ube4a	0.000690006824215469	-0.332774923163885	0.284	0.284	1
Zdhhc20	0.000707730882254546	-0.26570540268411	0.694	0.593	1
Vav3	0.000711626160868426	-0.3359683663898	0.274	0.296	1
Pot1b	0.000717162730069651	-0.272901375359971	0.143	0.173	1
Gm48765	0.000717409791278668	-0.252258227999313	0.075	0.104	1
Zmynd8	0.000808304987556947	-0.273471130655796	0.644	0.548	1
Taok1	0.000839188378218164	-0.313873663901017	0.541	0.468	1
Naa15	0.000850859741371298	-0.310369000829332	0.494	0.436	1
Asxl2	0.00085225620454683	-0.292684054142679	0.628	0.536	1
Cct3	0.000853909587209703	-0.326605289274206	0.444	0.39	1
Rpa3	0.000904309386150265	-0.275023357900959	0.126	0.152	1
Snx29	0.000963086273062395	-0.320251107828483	0.223	0.24	1
mt-Atp8	0.00097652318101744	-0.325422058658199	0.275	0.275	1
Nfyc	0.000982571628124862	-0.410293078932857	0.372	0.346	1
Cpsf3	0.00100951456245051	-0.309868007928272	0.175	0.195	1
Cnot1	0.00101881332939916	-0.250015163047621	0.639	0.532	1
Slamf6	0.00104989690671326	-0.256146252471407	0.506	0.486	1
Pvr	0.00106118098822783	-0.301412030660431	0.157	0.181	1
Gripap1	0.00106149295055755	-0.324794352551413	0.233	0.244	1
Exosc1	0.00108601449924069	-0.284883992660783	0.173	0.195	1
Armc8	0.00110280577970405	-0.362904251219087	0.288	0.285	1
Tuba4a	0.00111921493285701	-0.32511061953662	0.254	0.259	1
Ube2s	0.00132788044052329	-0.289517176996334	0.674	0.54	1
Ankmy2	0.00134944204820586	-0.280705333890322	0.122	0.148	1
5031425E22Rik	0.00135222044114377	-0.351715388305597	0.488	0.424	1
Brwd1	0.00136522899898407	-0.325514779368793	0.424	0.385	1
Pias1	0.00143080576445081	-0.31325375300722	0.612	0.505	1
Slc28a2	0.00148525210895463	-0.329811984967872	0.343	0.33	1
Zmym2	0.00149531754700103	-0.332908530154308	0.387	0.36	1
Znfx1	0.00153048104636712	-0.350395548043145	0.185	0.201	1
Zfp398	0.00157494742909265	-0.323503055602246	0.247	0.256	1
Bmt2	0.00159557780311655	-0.31917189805238	0.448	0.407	1
Snhg1	0.00163609153363275	-0.331602294971092	0.316	0.302	1
Zfp831	0.00163941829916946	-0.319708812316964	0.548	0.478	1
Pbrm1	0.00164854343161781	-0.251886174127337	0.7	0.582	1
Orai2	0.00167940157941989	-0.321572376922041	0.304	0.295	1
Zscan26	0.00176822286858361	-0.257231700305918	0.166	0.187	1
Pcna	0.00180360132163409	-0.305660692647595	0.416	0.37	1
H2-Q6	0.00183160440524876	-0.304395902578734	0.296	0.293	1
Adk	0.00192378062217937	-0.357442091654746	0.25	0.276	1
Brd1	0.00200981003086923	-0.297721364170652	0.598	0.493	1
Mrpl23	0.00201412926014028	-0.342799197699109	0.32	0.301	1
Inpp5f	0.0020210616148502	-0.33075597430684	0.214	0.228	1
Ttc14	0.00207460242555854	-0.295201794596039	0.581	0.487	1
Pml	0.00214551162611214	-0.428200879834564	0.256	0.257	1
Etv3	0.00221029835771422	-0.320370388774575	0.256	0.257	1
Mphosph10	0.00222459227996481	-0.315501512106303	0.204	0.217	1
Cbfb	0.00225752160923306	-0.312992337342135	0.552	0.472	1
Trim30d	0.00229907929475288	-0.288931080543767	0.133	0.158	1
Cbx5	0.00234852467523812	-0.284687683910937	0.201	0.218	1
Gimap8	0.00237995583900491	-0.253061229135922	0.704	0.596	1
Nol8	0.00242183981370884	-0.309611989696592	0.153	0.173	1
Otulinl	0.00247427169229328	-0.335778309519592	0.579	0.482	1
Gapvd1	0.00253600762086678	-0.319354295166594	0.506	0.441	1
Ankfy1	0.00263881106980852	-0.380097412709188	0.326	0.306	1
Zfp943	0.0026590932533104	-0.254784862582519	0.109	0.134	1
Resf1	0.00270791812348913	-0.350555377890425	0.536	0.466	1
Pwwp2a	0.00271420914318653	-0.347449546634586	0.28	0.274	1
Rcc2	0.00272224788314324	-0.332063539525784	0.31	0.296	1
Rps6kb1	0.00283724487904185	-0.296271003166298	0.468	0.409	1
Zc3h6	0.00289280890063508	-0.289232342082228	0.134	0.158	1
Nop58	0.00291473717493664	-0.31801572795122	0.296	0.288	1
Nup214	0.00292971196328904	-0.351202123740147	0.301	0.289	1
H2-T22	0.00296518974349588	-0.334457066206328	0.274	0.267	1
Scai	0.00297321224935496	-0.342662278022675	0.288	0.289	1
Gm8369	0.00311334641844115	-0.26598114111678	0.678	0.581	1
Taf15	0.00312063231900057	-0.280478202206751	0.579	0.489	1
Ralgapb	0.00332288803760893	-0.360385869383045	0.308	0.296	1
Msh2	0.00350930328742508	-0.284445710947919	0.174	0.189	1
Fas	0.00356154777031845	-0.263048830751005	0.113	0.136	1
Cdkn2d	0.00360731589387856	-0.344230238331533	0.369	0.339	1
Scp2	0.00361670805885659	-0.297820561089761	0.606	0.49	1
Jun	0.003674732510307	-0.310513858756228	0.386	0.372	1
Ptges3	0.00368442485414423	-0.270064376684902	0.574	0.483	1
Hist1h1c	0.00379841647003419	-0.289990310117091	0.231	0.238	1
Tomm70a	0.00395914705998076	-0.333236738680174	0.247	0.248	1
Tbl1xr1	0.0041423935544942	-0.340076652020929	0.555	0.471	1
Btaf1	0.00435207569614043	-0.308794482756941	0.39	0.36	1
Ddx18	0.00442303683521263	-0.347651282894453	0.271	0.262	1
Cdc42se2	0.00442919260101161	-0.255682610037848	0.7	0.583	1
Nxf1	0.00465065201361591	-0.280600237777248	0.218	0.222	1
Phf20	0.00476363859134961	-0.359947398476579	0.388	0.351	1
Eif4g1	0.00478288536978457	-0.331730153361822	0.501	0.422	1
Pde11a	0.00479281655078745	-0.252143005840306	0.084	0.108	1
Galnt11	0.00484500630745761	-0.277731257743435	0.191	0.203	1
Lcor	0.00502084877353882	-0.305178333334347	0.632	0.529	1
Cwf19l2	0.00508295136100794	-0.360832333887333	0.338	0.321	1
Gm12353	0.00521989611549627	-0.251633483319717	0.085	0.109	1
Nub1	0.00542853526462035	-0.327000368767662	0.418	0.365	1
Zkscan3	0.00545380183512726	-0.318092995239928	0.209	0.217	1
Setd5	0.00559225850287349	-0.282204073289428	0.654	0.541	1
Dars	0.00563856547459755	-0.319141683857944	0.282	0.274	1
Pnpt1	0.00573097426741835	-0.269067656289573	0.152	0.169	1
Micall1	0.00596297025797665	-0.300445330194118	0.151	0.167	1
Mecp2	0.00598169463842077	-0.334231251291469	0.392	0.362	1
Ldah	0.00609949307634946	-0.35748725894078	0.258	0.253	1
Mapk8	0.00652799771311161	-0.284385168360746	0.173	0.188	1
Epsti1	0.00656119452839189	-0.421408777628461	0.698	0.599	1
Cct5	0.00656247976289663	-0.281321217838367	0.6	0.489	1
Rps27rt	0.00657298384692503	-0.266618602129083	0.172	0.185	1
Usp12	0.00701333163768142	-0.305697922108216	0.279	0.271	1
Ctnnbl1	0.00778066553475559	-0.331106303313708	0.322	0.297	1
Tardbp	0.00800616689449443	-0.31657971140846	0.446	0.38	1
Krit1	0.008198743834956	-0.343652155052965	0.488	0.421	1
Nop14	0.00820240254736201	-0.286009333016886	0.177	0.188	1
Rasa2	0.00831074017967803	-0.273307206890194	0.582	0.493	1
Pcm1	0.00840003578098013	-0.336981034365708	0.494	0.424	1
Lysmd4	0.00877307860499893	-0.322046378594696	0.185	0.195	1
Pptc7	0.00887288437463671	-0.320105184282752	0.321	0.3	1
Ttf1	0.0100177541418684	-0.253942684890201	0.154	0.169	1
Tesc	0.0102744061158956	-0.293639362965919	0.316	0.301	1
Frs2	0.0103203507988741	-0.344128011130373	0.356	0.326	1
AI467606	0.0103444556243714	-0.32665068372316	0.323	0.299	1
Scd2	0.0108891389252757	-0.316310854288919	0.189	0.196	1
Tnpo1	0.0109287715348546	-0.288847300027585	0.514	0.438	1
Sipa1l3	0.0118344030270353	-0.281945681027944	0.161	0.175	1
Rfc1	0.0119277858490785	-0.33832649966205	0.298	0.279	1
Slc9a8	0.0123735655684106	-0.278460984380655	0.181	0.189	1
Usp6nl	0.0125265802766533	-0.268103277645544	0.136	0.153	1
Pdpk1	0.0134643472272646	-0.303883468669144	0.541	0.449	1
Fam149b	0.0142031788527808	-0.284561946887625	0.173	0.183	1
Tia1	0.0147921555936152	-0.313434743621616	0.269	0.261	1
Cstf3	0.0148600063234806	-0.324874561081775	0.46	0.397	1
Ylpm1	0.0150697705349805	-0.322817155188484	0.398	0.35	1
Psmb10	0.0153678431976403	-0.297362838370723	0.49	0.414	1
Bbip1	0.0159143915752998	-0.319462476760075	0.379	0.337	1
Sos1	0.0161419429078822	-0.340258752555934	0.347	0.323	1
Fam189b	0.0162762888631792	-0.292146025695936	0.376	0.337	1
Hipk1	0.0175868699166272	-0.303544975243603	0.455	0.389	1
Fancl	0.017813553739464	-0.267789219255235	0.134	0.15	1
Ppp2r5e	0.0178664465185579	-0.267981188476754	0.548	0.458	1
Sh2d3c	0.0181077623805722	-0.296859210401438	0.236	0.232	1
Atg3	0.0183688583315826	-0.302917881487181	0.331	0.304	1
Bdp1	0.0196363245597071	-0.323432203023195	0.454	0.389	1
Usp7	0.0197767325057823	-0.293694889846231	0.538	0.436	1
Gm37240	0.0205771215768119	-0.282761053821311	0.428	0.392	1
Mcph1	0.0210285149605538	-0.309017591053876	0.159	0.171	1
Cspp1	0.0217354413763611	-0.32537844199366	0.341	0.319	1
Relch	0.0218220111025619	-0.303144424158848	0.476	0.401	1
Slf1	0.0220690050428678	-0.268527115494897	0.153	0.168	1
Nin	0.0221306451580881	-0.300477783277639	0.402	0.359	1
Fbxl14	0.022168286592869	-0.269811679442258	0.195	0.199	1
Drg1	0.0230712547445728	-0.297058927673967	0.43	0.37	1
Selenop	0.0232378431855696	-0.348945703179214	0.348	0.317	1
Dmtf1	0.0235647820143794	-0.308524574222179	0.394	0.344	1
Zfp407	0.023975462459788	-0.296162344863484	0.598	0.513	1
Prkca	0.024256476946869	0.321093637575566	0.859	0.792	1
Snapc3	0.0246974177825879	-0.288871391748951	0.28	0.265	1
Dido1	0.0250634080243319	-0.304072355261677	0.4	0.346	1
Rab3gap1	0.0256766514044784	-0.302542986760105	0.524	0.433	1
Fam120b	0.0265376783445306	-0.279585852597741	0.237	0.233	1
Pja2	0.0268718090136555	-0.250523088699155	0.165	0.175	1
Scaper	0.0283576003457835	-0.315004713074491	0.488	0.438	1
Igf1r	0.0293079219842403	-0.343581753977229	0.278	0.281	1
Atp6v0a2	0.0299076808866467	-0.297346637173643	0.252	0.239	1
Dcaf5	0.0302823045650409	-0.262049817557089	0.463	0.401	1
Zbtb4	0.0308891466965765	-0.254896298500064	0.157	0.166	1
Trip11	0.0315750027337776	-0.268953086082467	0.622	0.507	1
Tcof1	0.0316255918412326	-0.307583704355075	0.452	0.384	1
Fars2	0.0316427622178104	-0.316882107595117	0.506	0.433	1
Yeats2	0.0335666010115446	-0.255632029515434	0.183	0.19	1
Snx27	0.034303217357152	-0.286889619042502	0.244	0.239	1
Lamp1	0.0349867999197928	-0.277008807275769	0.23	0.225	1
Me2	0.0352556061115525	-0.309863430916646	0.426	0.369	1
Rnf167	0.035360101944013	-0.31120767836106	0.32	0.287	1
Ammecr1	0.0367088754438758	-0.27979100817893	0.194	0.198	1
Slc35b3	0.0385571844496033	-0.280796715598455	0.356	0.315	1
Galnt1	0.0387076569573659	-0.27763581218833	0.514	0.434	1
Fam193a	0.038834793713471	-0.250351532361715	0.648	0.522	1
Emg1	0.0390779565037511	-0.271093517253421	0.587	0.459	1
Ncoa1	0.0405339458888014	-0.322483198766452	0.514	0.446	1
Dguok	0.0434660885429697	-0.310556298201052	0.223	0.215	1
Sesn1	0.043515602166181	-0.290232355553377	0.41	0.374	1
Slc38a9	0.0438218039596552	-0.294122368503628	0.216	0.216	1
Bcas3	0.0440873508225132	-0.296684696593863	0.65	0.548	1
Anapc5	0.0457701252378578	-0.308512429431181	0.35	0.307	1
Arid5a	0.0483787411294764	-0.271211114304843	0.221	0.216	1
Smim14	0.0483813824115562	-0.323776237603149	0.38	0.331	1
Fam13b	0.0496511808813487	-0.287843126791747	0.445	0.383	1
Phgdh	0.0504001779801677	-0.289797871587186	0.19	0.19	1
Gm49797	0.050720703056721	-0.316881542423222	0.231	0.225	1
Mipol1	0.0511976925850546	-0.277519287971071	0.153	0.159	1
Snrk	0.051891881806175	-0.313505842623119	0.289	0.265	1
Ccnt2	0.0519512155482526	-0.2715852950978	0.29	0.269	1
Rala	0.0524117184891747	-0.301163707595378	0.433	0.362	1
Foxo3	0.0528318229468656	-0.280503486802431	0.343	0.317	1
Smg9	0.0557436525987361	-0.250065949713291	0.158	0.163	1
Phf12	0.0566147263430593	-0.282144415079802	0.4	0.356	1
Vkorc1l1	0.057135803834813	-0.263611405966261	0.136	0.146	1
Irf3	0.057592143516345	-0.275676140566771	0.237	0.226	1
Dync1h1	0.0576236065713824	-0.275883241842186	0.49	0.405	1
Ube2r2	0.0577319817843471	-0.282886975729341	0.577	0.468	1
Sec16a	0.0578282085352247	-0.281695754177023	0.219	0.213	1
Pnpla7	0.0600224135731259	-0.274206451000173	0.219	0.218	1
Dcun1d1	0.0627395561434257	-0.307872011253536	0.256	0.241	1
Matr3	0.0642303707365858	-0.268253916347655	0.468	0.385	1
Nsmce1	0.0646122428648012	-0.289732252177008	0.289	0.264	1
Phkb	0.0647377008974212	-0.297203305049581	0.263	0.255	1
Cpsf6	0.0662292891691434	-0.292286482394488	0.496	0.409	1
Wwox	0.0672577232646234	-0.296721857565138	0.497	0.383	1
Gbp7	0.0673240121034899	-0.352022609989907	0.51	0.368	1
Nt5dc1	0.0697756476614778	-0.343645844331791	0.479	0.398	1
Utp14a	0.0712188238863909	-0.272596990800816	0.207	0.202	1
Smc2	0.071912200681113	-0.254324096231238	0.167	0.171	1
Msh3	0.0732938519627057	-0.302333864272974	0.257	0.247	1
Spopl	0.073706346547677	-0.30907965570649	0.292	0.267	1
Myo9a	0.077483740124333	-0.375154301066422	0.379	0.336	1
Ubr1	0.079814521382609	-0.306512670855322	0.437	0.37	1
Gm27008	0.0800293787075256	-0.259416989122228	0.16	0.165	1
Atxn2l	0.0812643101157412	-0.282176738811913	0.29	0.265	1
Cop1	0.0815923720332557	-0.289550166622569	0.49	0.406	1
Pura	0.0827237636290284	-0.265126671109897	0.608	0.483	1
Trim25	0.082852380540123	-0.273894091296155	0.227	0.218	1
Cdk5rap2	0.0840123078970817	-0.250370442982588	0.151	0.155	1
Btbd7	0.0896785322382943	-0.268032823003407	0.559	0.457	1
Tmem164	0.0907107577523711	-0.280195619131756	0.59	0.497	1
Ppp1r21	0.0933534020010767	-0.30436491676869	0.224	0.213	1
Trim5	0.0948471715609237	-0.274202668126535	0.162	0.164	1
Synrg	0.0968289174403782	-0.304700163176981	0.371	0.322	1
Slf2	0.0977576606006678	-0.26936930106906	0.253	0.238	1
Fdps	0.101958166333822	-0.258790063681909	0.173	0.173	1
8030462N17Rik	0.105172061117055	-0.281273002143751	0.287	0.263	1
Afg1l	0.107553845915972	-0.297010493196898	0.173	0.176	1
Rsf1os1	0.110092772074999	-0.25169961871277	0.183	0.181	1
Zbtb11	0.113532114212229	-0.253116149543273	0.42	0.368	1
Setdb2	0.113833725507082	-0.277707062241083	0.165	0.167	1
Rlf	0.115932743896717	-0.294371005055281	0.506	0.416	1
Zfp609	0.123031180365452	-0.276734362227685	0.193	0.194	1
Lgals9	0.124364722594776	-0.287901755734374	0.429	0.358	1
Arhgap1	0.128940462549523	-0.31550434731298	0.372	0.311	1
Tulp4	0.132492613945526	-0.304918900704763	0.374	0.32	1
Rffl	0.132852738773459	-0.250406807181545	0.165	0.166	1
Caprin1	0.13331029429922	-0.254119118045172	0.626	0.491	1
Commd8	0.133329645508429	-0.278192604803557	0.303	0.267	1
Tnpo3	0.133473371922261	-0.273432825447259	0.438	0.369	1
Xpr1	0.141554826355297	-0.272839390378741	0.475	0.402	1
Nxn	0.143621056012327	-0.286927734995724	0.125	0.131	1
Immp1l	0.144942562926231	-0.327969755852979	0.309	0.272	1
Kif21b	0.150256666213802	-0.277602465457876	0.552	0.438	1
Ube2v2	0.15465728350357	-0.299513987818243	0.326	0.285	1
Ndufs4	0.157895052734794	-0.250934160870094	0.705	0.541	1
Atxn7l3b	0.15855616526421	-0.271350352507523	0.462	0.375	1
Casd1	0.1601084172507	-0.26007865709391	0.18	0.175	1
Dnajb9	0.168431230160501	-0.305011206648229	0.293	0.258	1
Lsm14a	0.169115049096369	-0.258198424742004	0.591	0.464	1
Cdk7	0.180281120929954	-0.250694253603164	0.207	0.198	1
Scfd1	0.182960665582335	-0.270796988516434	0.339	0.296	1
Foxn2	0.185656062614837	-0.259384535818324	0.37	0.323	1
Tmcc1	0.189739962659566	-0.314496285741821	0.494	0.431	1
C1galt1	0.190371065721644	-0.271825094891218	0.382	0.33	1
9930111J21Rik2	0.191944882715455	-0.327099987892591	0.532	0.43	1
Hira	0.196221829376626	-0.258063208081955	0.324	0.289	1
N4bp2l1	0.205177618738175	-0.304455850883758	0.279	0.249	1
Ncoa6	0.205348961083903	-0.265708727563872	0.353	0.309	1
Orc4	0.2119977000991	-0.289544898970264	0.389	0.326	1
Xpo6	0.212368201444289	-0.252154201338046	0.478	0.392	1
AU040320	0.216819429190166	-0.261582594957203	0.193	0.186	1
Tcerg1	0.225098547417515	-0.282357389268292	0.35	0.298	1
Mfsd6	0.227058317186171	-0.27580719305718	0.217	0.205	1
Smim4	0.228721153538507	-0.293719224327342	0.305	0.266	1
Hace1	0.236786866829918	-0.269461188443313	0.249	0.23	1
Atp10a	0.256594266267762	-0.414255013691998	0.33	0.288	1
Mtif2	0.260753411651564	-0.256193487214	0.218	0.203	1
Txlng	0.270571677609327	-0.280754200568914	0.342	0.298	1
Hspb11	0.276574286144905	-0.265022778292734	0.212	0.196	1
Fbxo38	0.295458723049812	-0.270734548747581	0.326	0.28	1
Rabep1	0.30050943014499	-0.28954675050255	0.442	0.38	1
Trak1	0.304188419234023	-0.264438245602057	0.308	0.266	1
Dtx3l	0.305806077607865	-0.310400711565054	0.402	0.335	1
Scarb2	0.307561156202866	-0.268208280615537	0.322	0.277	1
Hjurp	0.309407048330897	-0.253921431453339	0.197	0.184	1
Kdm4c	0.324076666805878	-0.265517645173761	0.55	0.425	1
Zfp277	0.329433995244265	-0.273847379102831	0.291	0.256	1
Ddhd1	0.330465711754685	-0.255918341911433	0.293	0.263	1
Klhdc10	0.335781878481154	-0.267578262835686	0.182	0.175	1
Nfx1	0.336225614215264	-0.273821775689234	0.347	0.292	1
Pym1	0.341987145512458	-0.274302247630063	0.278	0.244	1
Rsrc1	0.369977623544492	-0.269713346866936	0.588	0.478	1
Arhgap12	0.382899858701573	-0.257117803061543	0.275	0.245	1
Gon4l	0.387835019864563	-0.267217042506613	0.49	0.385	1
Opa1	0.394166862424891	-0.257146642853151	0.27	0.239	1
Ppp1r14b	0.398944510501348	-0.254508429048154	0.388	0.318	1
Tbck	0.399733188476017	-0.260569204003088	0.305	0.267	1
Sp1	0.402956442974454	-0.251536092291219	0.33	0.287	1
Mbtps1	0.416332607123505	-0.266657857480731	0.289	0.248	1
9930021J03Rik	0.421349549836741	-0.291894080181452	0.443	0.374	1
Gpatch2l	0.450399845976231	-0.256621372466533	0.199	0.181	1
Map2k4	0.457614953683622	-0.28313033181602	0.475	0.384	1
Pfkfb3	0.496355261011479	-0.265574505557376	0.322	0.282	1
Kif2a	0.497035166338195	-0.253527375648003	0.478	0.379	1
Marf1	0.542801348685359	-0.265815728320851	0.305	0.26	1
Ifih1	0.588997163210186	-0.319901641203871	0.23	0.21	1
Nampt	0.601031711376947	-0.255719809402508	0.195	0.178	1
Luc7l	0.607209590207342	-0.263272095799055	0.372	0.299	1
Xpo7	0.637078606367867	-0.261324640989369	0.484	0.386	1
Gm26510	0.657099536373388	-0.299931925195674	0.275	0.239	1
Rptor	0.667186159746612	-0.271078073824992	0.391	0.318	1
Gm20275	0.690816072924366	-0.295674754711716	0.474	0.397	1
Ifi47	0.695962118362041	-0.343996917934244	0.492	0.393	1
Ptpn12	0.832816351099722	-0.253883879144353	0.227	0.195	1
Egln1	0.833279387836251	-0.255960069930501	0.346	0.277	1
Naa16	0.834443671746457	-0.273221972639926	0.34	0.276	1
Itfg1	0.855397418951839	-0.250054762327652	0.312	0.259	1
Kdm5c	0.881383301874881	-0.271232889067871	0.338	0.277	1
Zbp1	0.883741693809574	-0.285157815191575	0.458	0.36	1
Scaf4	0.899841851632176	-0.25812677705581	0.463	0.36	1
Zranb2	0.931040040487543	-0.256258164627284	0.474	0.362	1
Emb	0.962910555695583	0.391010833589816	0.755	0.804	1
Brd7	0.971694970945679	-0.255816917250276	0.36	0.283	1
