p_val	avg_log2FC	pct.1	pct.2	p_val_adj	cluster	gene
0	1.45616188091223	0.775	0.331	0	0	Tbc1d4
0	1.36373098589653	0.878	0.522	0	0	Aff3
4.11526889242884e-294	1.12826943581318	0.716	0.335	1.32861456192065e-289	0	Lrig1
4.74976983611264e-291	1.10515301383363	0.577	0.183	1.53346319158897e-286	0	Ccr6
2.4528030352388e-285	0.9137822921254	0.565	0.189	7.91887459926846e-281	0	Cd200
3.02585990949661e-279	0.691892046454523	0.417	0.088	9.7689887178098e-275	0	Gm31718
1.91469779995323e-259	1.0285689317586	0.97	0.867	6.18160184714899e-255	0	Cblb
1.21226678508188e-257	1.02401664134305	0.847	0.51	3.91380331563684e-253	0	Nr4a3
6.77872588554505e-234	1.16590033101957	0.737	0.409	2.18851165214822e-229	0	Phactr2
7.54083776791412e-229	1.05691369493734	0.871	0.648	2.43455947337107e-224	0	Raf1
5.90350631287214e-227	1.32025600070967	0.639	0.295	1.90594701311077e-222	0	Adk
8.79385545660183e-225	0.978722671801236	0.859	0.612	2.8390962341639e-220	0	Jak2
3.91697990144399e-220	1.11821108128052	0.776	0.465	1.26459696118119e-215	0	Nr4a2
1.2666745968347e-213	0.81533098677725	0.945	0.77	4.08945893588082e-209	0	Hif1a
7.34094985769126e-209	0.911066074434067	0.892	0.652	2.37002566155562e-204	0	Stat4
8.01619864605041e-208	1.58178262127141	0.593	0.272	2.58802973287738e-203	0	Nrgn
4.8872343378931e-205	0.926676313541702	0.903	0.648	1.57784360598879e-200	0	Trps1
4.43272563917391e-202	1.07362197945991	0.789	0.52	1.4311054726073e-197	0	Gramd1b
6.98356544239476e-202	0.815349514160772	0.498	0.183	2.25464410307715e-197	0	Gm49180
2.1773663938004e-196	0.844766516213528	0.838	0.579	7.02962740238458e-192	0	Gm15283
4.63182716607629e-192	0.743078216504285	0.567	0.245	1.49538540056773e-187	0	Shld1
2.33327204083039e-191	0.977892008375073	0.491	0.186	7.53296878382092e-187	0	Ntrk3
1.46989724061658e-186	0.716072418503799	0.888	0.68	4.74556324133063e-182	0	Eml4
3.41269581908407e-186	0.825840349248895	0.503	0.207	1.10178884519129e-181	0	Nt5dc3
1.06971055061346e-183	0.831241918434046	0.632	0.335	3.45356051265557e-179	0	2310001H17Rik
1.07568861099024e-182	0.938396127325684	0.935	0.848	3.47286068058198e-178	0	Prkca
6.05244115188502e-181	0.882656655913851	0.41	0.133	1.95403062588608e-176	0	Plxdc2
1.88807809325125e-171	-0.954823200475249	0.321	0.608	6.09566012406167e-167	0	Arl4c
6.02724668287372e-171	0.753280971622567	0.558	0.246	1.94589659156578e-166	0	Tox2
2.68551177806838e-164	0.681822780741254	0.481	0.188	8.67017477549377e-160	0	Bcl6
3.56409551123464e-164	0.513916957237076	0.453	0.163	1.1506682358021e-159	0	Cd9
7.73095834861867e-164	0.759645587819528	0.91	0.769	2.49593990285154e-159	0	Dip2b
4.91535914806355e-161	0.872034465715695	0.703	0.39	1.58692370095232e-156	0	Tnfsf11
3.3632669492488e-160	0.923014169419266	0.791	0.545	1.08583073456498e-155	0	Gm20275
8.27724959012324e-160	-0.796092668552789	0.276	0.592	2.67231003017129e-155	0	Ppp3ca
1.47692539225498e-157	0.563786618505064	0.449	0.177	4.76825362889521e-153	0	Tspan3
3.23757070711613e-156	-1.04165886316686	0.07	0.354	1.04524970279244e-151	0	Neb
2.89224342797157e-153	0.595111099932325	0.967	0.854	9.33760790720623e-149	0	Ptpn22
3.5755604378582e-152	0.585247242723053	0.809	0.519	1.15436968736252e-147	0	Irf2bp2
6.02635539905601e-150	0.399756328788875	0.312	0.086	1.94560884058523e-145	0	Fgf2
4.54655935842725e-149	0.545170567809194	0.405	0.146	1.46785668886824e-144	0	Gypc
1.86050067033586e-148	0.717888024247826	0.238	0.048	6.00662641417932e-144	0	Cd83
2.19365292993343e-146	-0.949914575880083	0.144	0.431	7.08220848429009e-142	0	Snx9
2.07077926152643e-145	0.586898083434978	0.878	0.581	6.68551084583809e-141	0	St6galnac3
4.3815021273014e-145	0.85488292054679	0.765	0.542	1.41456796179926e-140	0	Sesn3
2.43217250032442e-143	-1.18316589083899	0.233	0.526	7.85226891729738e-139	0	Il2ra
1.06444906280772e-142	0.616674587206926	0.876	0.583	3.43657379927474e-138	0	Bhlhe40
4.16955039320761e-142	0.752110059599789	0.744	0.504	1.34613934444708e-137	0	Sh2d1a
8.64494966851915e-142	-1.00666381878622	0.571	0.703	2.79102200048141e-137	0	Cmtm7
9.73723678194163e-140	-0.637137468553503	0.901	0.965	3.14366689504986e-135	0	Dock10
3.31840175780615e-138	0.338397022557449	0.192	0.03	1.07134600750772e-133	0	Gm31814
3.75512534959249e-138	-0.847050338416311	0.155	0.43	1.21234221911594e-133	0	Ltb4r1
1.4875582743462e-133	0.489542786026464	0.143	0.012	4.80258188872669e-129	0	Grik4
7.08578790641141e-133	0.747110600675646	0.644	0.377	2.28764662558492e-128	0	Hipk2
2.84546961890189e-132	0.823345303657563	0.974	0.98	9.18659866462475e-128	0	Inpp4b
1.28038438116899e-131	0.634367578655336	0.963	0.85	4.13372097460408e-127	0	Emb
4.48622239819905e-131	0.603390579479786	0.467	0.198	1.44837690125856e-126	0	Btla
2.18537527765214e-130	0.825731196863751	0.842	0.655	7.05548408389992e-126	0	Adamts6
1.42349104030725e-129	0.420212868857838	0.764	0.409	4.59574082363197e-125	0	Tcf7
1.08555553861528e-127	0.556953166793775	0.508	0.22	3.50471605641943e-123	0	Parp8
1.16480531455776e-127	-0.696726786950908	0.78	0.872	3.76057395804972e-123	0	Npc2
4.88526028428845e-127	-1.23882893287604	0.07	0.315	1.57720628278253e-122	0	Ccr2
4.56364890770362e-126	0.837964063969781	0.833	0.627	1.47337404985211e-121	0	Rel
4.1788943561361e-124	-0.783649838882294	0.067	0.31	1.34915604287854e-119	0	Foxp3
2.37887871366969e-123	0.59861196374364	0.853	0.616	7.68020992708258e-119	0	Rgs2
2.5780304468938e-123	0.579879200388176	0.991	0.904	8.32317129779663e-119	0	Rabgap1l
6.33038517120799e-123	0.397038616000772	0.169	0.026	2.0437648525245e-118	0	Bdh2
6.77179764139424e-123	-0.892769760107646	0.245	0.486	2.18627486852413e-118	0	Glrx
1.83089454650677e-122	0.488536653402363	0.65	0.381	5.9110430433971e-118	0	Ccdc50
1.00439221406484e-121	0.625929930205506	0.881	0.737	3.24268026310835e-117	0	Map4k4
2.63850562607781e-120	0.578466546084263	0.8	0.592	8.51841541379219e-116	0	Rnf19a
1.45375893941912e-118	0.526906817205303	0.957	0.824	4.69346073591462e-114	0	Gdi2
2.01780960011694e-118	0.603518296167476	0.613	0.365	6.51449829397754e-114	0	Stat5a
1.31475931040965e-115	0.493140302163928	0.709	0.436	4.24470043365757e-111	0	Bcl2
1.74445157122337e-115	0.552205980603497	0.949	0.868	5.63196189769465e-111	0	Hivep2
5.3173211813222e-115	-0.806726422815573	0.363	0.582	1.71669714338987e-110	0	Gimap7
5.26947929957503e-114	0.724486283689637	0.711	0.484	1.7012513918678e-109	0	Tspan5
1.86501326633722e-111	0.505956287095981	0.582	0.332	6.02119533036972e-107	0	Fgfr1op
2.08749425361221e-111	0.50935696482726	0.944	0.834	6.73947519778701e-107	0	Anp32a
1.02690160230937e-110	-0.705361837540681	0.038	0.251	3.3153518230558e-106	0	Ccr5
2.17274753095536e-110	0.498161969150944	0.872	0.68	7.01471540368938e-106	0	Smap1
2.9108556911255e-109	0.532573901213449	0.629	0.391	9.39769759879868e-105	0	Lrmp
2.28134847209923e-107	0.51805145311351	0.952	0.857	7.36533354217238e-103	0	Clint1
9.64571221810641e-107	0.556225102464253	0.951	0.835	3.11411818961566e-102	0	Nrip1
1.11808378052767e-106	0.806363074672759	0.187	0.04	3.60973348543357e-102	0	Pcsk1
1.72533861362766e-106	0.250293455511691	0.122	0.012	5.57025571409689e-102	0	8030451A03Rik
2.00402836773853e-105	-0.865466885843161	0.039	0.245	6.47000558524386e-101	0	Sell
3.3242732971917e-104	-0.742018479480713	0.652	0.774	1.07324163399834e-99	0	Itpr2
8.23650376196951e-104	0.576017279325281	0.759	0.52	2.65915523955186e-99	0	Slc22a15
2.27165554900831e-103	-0.501352428684079	0.094	0.324	7.33403993997334e-99	0	Prdm1
8.23803903563954e-103	-0.570700618493382	0.84	0.909	2.65965090265623e-98	0	Gimap4
1.36980281805028e-102	0.553649679179551	0.692	0.456	4.42240839807533e-98	0	Dusp1
8.50489419648456e-101	0.48482688403414	0.864	0.689	2.74580509133504e-96	0	Kras
1.33253598612735e-100	0.395357112125318	0.516	0.273	4.30209243121214e-96	0	Zfpm1
3.0158506373417e-100	0.315414591569776	0.997	0.999	9.73667378265768e-96	0	Rps27
9.33865427149276e-100	0.725166050162322	0.946	0.882	3.01498453155144e-95	0	Tox
1.35468579416625e-99	0.652660219842281	0.496	0.266	4.37360308646574e-95	0	Nrp1
3.11713204404487e-98	0.571022588428277	0.86	0.647	1.00636608041988e-93	0	Rora
4.5118040757275e-98	-0.541078745313228	0.705	0.847	1.45663594584862e-93	0	Fli1
1.67093578907704e-97	0.430645808193095	0.969	0.87	5.39461619503522e-93	0	Rgs10
3.34206287596113e-97	0.470959434148435	0.924	0.778	1.07898499950405e-92	0	Gna13
1.67830929151215e-96	0.522937858363997	0.711	0.476	5.41842154764697e-92	0	Ybx3
2.04106056474167e-96	0.686212617229136	0.663	0.44	6.58956403326847e-92	0	Creb3l2
2.73537109896354e-96	0.434446095194238	0.276	0.098	8.83114559300379e-92	0	2610204G07Rik
2.21578071731448e-95	-0.846012368187694	0.727	0.84	7.1536480458498e-91	0	Gimap6
6.75151188455631e-95	-0.635689751777603	0.71	0.858	2.179725611929e-90	0	Grap2
8.74929715708323e-95	0.394289850672243	0.277	0.1	2.82471058716432e-90	0	Prr5l
5.07167398285399e-94	-0.334632788629428	0.992	0.997	1.63738994536441e-89	0	B2m
8.37771467074914e-94	0.86446217672446	0.29	0.106	2.70474518145136e-89	0	Tnfsf8
9.20014450436135e-94	0.561777577596214	0.732	0.53	2.97026665323306e-89	0	Reep3
1.67752626439847e-93	0.562610431010693	0.831	0.66	5.41589354461046e-89	0	Med14
3.98899747957927e-93	-0.776929283027555	0.641	0.769	1.28784783628217e-88	0	Ppm1h
7.80033483529091e-93	-0.667881711306738	0.17	0.385	2.51833810157367e-88	0	Gbp7
1.02857019592409e-92	0.281641811469762	0.998	0.998	3.32073887754093e-88	0	Rps28
3.43687473029677e-92	0.515434966037873	0.619	0.41	1.10959500667631e-87	0	Ptpn11
8.29390050425163e-92	0.560360414863112	0.151	0.03	2.67768577779764e-87	0	Tshz2
3.76826267233047e-91	-0.601393759801319	0.12	0.334	1.21658360376189e-86	0	Wdr78
1.69748105619976e-90	0.412139564153707	0.811	0.594	5.48031758994094e-86	0	Gtf2i
3.46363877812306e-90	-0.800740855627312	0.224	0.448	1.11823577951703e-85	0	Cxcr6
6.32718164477688e-90	0.431849618836082	0.976	0.929	2.04273059401622e-85	0	Celf2
2.43872282289598e-89	0.479448564440158	0.811	0.617	7.87341663371968e-85	0	Slc38a1
2.4924070962185e-88	0.293395379176097	0.261	0.095	8.04673631014143e-84	0	Slc9b2
1.49464830001676e-87	0.391867839141934	0.406	0.203	4.8254720366041e-83	0	Ptprs
1.85275797406354e-87	0.569051382573442	0.807	0.654	5.98162911926414e-83	0	Nfatc1
7.84790353293379e-87	0.503048408130446	0.749	0.533	2.53369565560767e-82	0	Lrrc8d
1.95890167146505e-86	-0.403062505912418	0.944	0.939	6.32431404632491e-82	0	Rap1b
3.60907168823166e-86	0.432345651142564	0.951	0.888	1.16518879454559e-81	0	Msi2
4.99636884612875e-86	0.5143166946971	0.6	0.378	1.61307768197267e-81	0	Chka
1.05635681880601e-85	0.27653056915659	0.182	0.048	3.41044798951522e-81	0	Egr2
2.38984777495806e-85	-0.451308861767396	0.743	0.828	7.71562354145211e-81	0	Selplg
8.66834223055051e-85	-0.468481631799267	0.61	0.733	2.79857428913323e-80	0	Anxa6
3.36545022528928e-84	-0.539979937876764	0.885	0.939	1.08653560523464e-79	0	Foxn3
9.20484872975515e-84	0.623788201844207	0.606	0.39	2.97178541240145e-79	0	Rgcc
1.79481962285046e-83	0.373781580189623	0.989	0.909	5.79457515237271e-79	0	Ndfip1
4.32041296776829e-83	0.617320516067845	0.211	0.066	1.39484532664399e-78	0	Itgb8
5.3337378403959e-83	-0.722589540504731	0.273	0.479	1.72199726177182e-78	0	Znrf3
1.36081674385283e-82	0.523404029029258	0.621	0.427	4.39339685752888e-78	0	Fam162a
1.97666587123103e-82	0.612428738201496	0.6	0.4	6.38166576526939e-78	0	Arhgap18
4.2212392247373e-82	0.346080876237193	0.338	0.155	1.36282708370644e-77	0	Ptger2
1.71327806549118e-81	-1.20349065221175	0.967	0.987	5.53131823443827e-77	0	AY036118
3.221184410018e-81	0.405324117258446	0.644	0.412	1.03995938677431e-76	0	Ttc3
3.60736292198899e-81	0.379322071339603	0.536	0.318	1.16463711936415e-76	0	Plekho1
1.60289434846895e-79	0.449489021606236	0.934	0.819	5.17494440403201e-75	0	Sik3
1.98378595857475e-79	-0.864477303812221	0.841	0.814	6.40465296725857e-75	0	AW112010
3.21289613034157e-79	0.480058525819252	0.852	0.665	1.03728351568077e-74	0	Eea1
3.73282840551622e-79	0.509927478329937	0.229	0.081	1.20514365072091e-74	0	Klf4
6.57563140239772e-79	0.575833312979473	0.602	0.384	2.1229425982641e-74	0	Fos
4.73182686459475e-78	0.511222897191899	0.692	0.475	1.52767030323441e-73	0	Arhgap26
8.38412454783088e-78	-0.679115069679425	0.167	0.357	2.7068146102672e-73	0	Ifi209
1.09812437687832e-77	0.474575884611188	0.155	0.038	3.54529455075167e-73	0	Gpm6b
4.28426936126207e-77	-1.07003467482716	0.039	0.199	1.38317636328346e-72	0	Il10
3.21233557381891e-76	-0.37542245105357	0.914	0.926	1.03710254000744e-71	0	Cd47
3.73682740099464e-76	0.416610307973578	0.408	0.221	1.20643472641112e-71	0	Pdcd1lg2
3.8670155399976e-76	0.522483924080624	0.306	0.14	1.24846596708823e-71	0	Dusp14
4.22039893534995e-76	0.402395137159436	0.807	0.624	1.36255579627773e-71	0	Chd1
2.40604993672443e-75	0.526138432602838	0.654	0.452	7.76793222071483e-71	0	Ctsw
3.24844770507068e-75	0.545203087509792	0.515	0.305	1.04876134158207e-70	0	Fosb
7.08932659242856e-75	0.461312819455429	0.934	0.855	2.28878909036556e-70	0	Ankrd12
7.77277730706762e-75	-0.777723154230795	0.306	0.473	2.50944115358678e-70	0	Arl5a
9.10697882328995e-75	-0.436099387482041	0.158	0.35	2.94018811309916e-70	0	Tmem154
1.17043079610722e-74	-0.530748421919022	0.105	0.287	3.77873582523214e-70	0	Morrbid
6.2069978305038e-74	0.343021147405179	0.524	0.309	2.00392924957815e-69	0	Tle3
2.03781176202316e-73	0.3260955759737	0.106	0.017	6.57907527369177e-69	0	Agbl1
4.35115662550349e-73	0.516209789011718	0.607	0.408	1.4047709165438e-68	0	Slc7a1
1.25872729466898e-72	0.530210655626743	0.826	0.693	4.0638010708388e-68	0	Itpr1
1.30140914210943e-72	0.620037451909822	0.761	0.593	4.20159941530031e-68	0	Trerf1
1.38881223234904e-72	0.391908065527489	0.527	0.313	4.48378029213889e-68	0	Mtss1
1.7835981558532e-72	0.297865782959577	0.221	0.081	5.75834664617207e-68	0	Lgalsl
2.48810501991773e-72	0.647122906017634	0.892	0.789	8.0328470568044e-68	0	Itga4
3.0246434618719e-72	0.439500023314265	0.462	0.263	9.76506141665344e-68	0	Nmrk1
3.23950569754643e-72	0.427881155476001	0.817	0.663	1.04587441445286e-67	0	Csnk1g3
4.51281023760952e-72	0.282470210250165	0.285	0.121	1.45696078521223e-67	0	Dpy19l3
4.59017998556516e-72	0.55964232610039	0.499	0.304	1.48193960833971e-67	0	E130308A19Rik
8.09909558338943e-72	0.274963863117614	0.216	0.076	2.61479300909728e-67	0	Siae
2.1760523801551e-71	0.440595322557758	0.476	0.285	7.02538510933074e-67	0	Pmaip1
6.97968018013673e-71	0.407162826746637	0.463	0.255	2.25338974615714e-66	0	Tgfbr3
9.94260073995311e-71	-0.491695489927351	0.285	0.467	3.20996864889386e-66	0	Glipr1
1.06926499890696e-70	0.515993212948369	0.484	0.299	3.45212204897111e-66	0	Dr1
1.40389039276071e-70	0.527138592919083	0.777	0.606	4.53246013302795e-66	0	Sik2
3.81863669547393e-70	0.626293671361435	0.71	0.538	1.23284685713376e-65	0	Stx11
5.00376027360595e-70	-0.486270031571468	0.556	0.693	1.61546400433368e-65	0	Rbms1
5.47393305272121e-70	0.482376408051111	0.777	0.611	1.76725928607104e-65	0	Gm8369
5.91340668556582e-70	0.367547943386155	0.67	0.482	1.90914334843493e-65	0	Hmox2
8.83595610274615e-70	0.446360012642178	0.376	0.195	2.85268842777159e-65	0	Pou2f2
9.36726829830344e-70	0.361027674363533	0.667	0.463	3.02422257010726e-65	0	B4galnt1
9.76816548762531e-70	0.281372759636424	0.342	0.159	3.15365222767983e-65	0	Tnfrsf25
1.63992632774513e-69	0.269035761840924	0.192	0.063	5.29450214912516e-65	0	Casp4
1.67188648066739e-69	0.435289150244549	0.49	0.297	5.39768550283466e-65	0	Gch1
1.67308823117257e-69	-0.588563808612184	0.788	0.785	5.40156535434066e-65	0	Ifngr1
1.98025572559149e-69	-0.432452353018341	0.742	0.794	6.39325561007212e-65	0	Sema4d
2.22728465337993e-69	-0.381601604923413	0.07	0.237	7.19078850343711e-65	0	Fgl2
3.01779663737377e-69	0.374425396964148	0.9	0.733	9.74295644376121e-65	0	Tnfaip3
4.16968721038385e-69	-0.649174155691678	0.288	0.464	1.34618351587243e-64	0	Hsd11b1
7.05490207672944e-69	0.429159004608489	0.726	0.558	2.2776751354721e-64	0	Dgkz
8.33337624310202e-69	0.481404164375496	0.286	0.126	2.69043052008549e-64	0	Acvr2a
8.54090164515102e-69	0.448135511747028	0.513	0.337	2.75743009613701e-64	0	Scyl2
8.65553915296315e-69	0.477089543386885	0.829	0.661	2.79444081553415e-64	0	Gm36975
1.52779946145959e-68	-0.817382374801207	0.577	0.693	4.93250056132228e-64	0	Pim1
1.86392081182893e-68	0.398109860115775	0.971	0.886	6.01766834098971e-64	0	Nfkb1
4.12591514975275e-68	0.420890627099764	0.808	0.649	1.33205170609767e-63	0	Stk39
4.78156274365216e-68	0.406539007612414	0.962	0.771	1.5437275317881e-63	0	Ubash3b
5.65111250443005e-68	0.425537461202673	0.625	0.418	1.82446167205524e-63	0	Mgat5
9.05913261810344e-68	0.465457367818935	0.911	0.823	2.9247409657547e-63	0	Jarid2
1.7829239167039e-67	0.315777020847804	0.333	0.162	5.75616986507855e-63	0	Ptpn3
4.40692215244357e-67	0.54466025851533	0.487	0.29	1.42277481691641e-62	0	Stab2
5.94115194562387e-67	0.278340400784637	0.185	0.062	1.91810090564467e-62	0	Sh3gl3
7.50790365470798e-67	0.266881334819541	0.213	0.077	2.42392669492247e-62	0	Ramp3
1.53911183117622e-66	0.754478169447475	0.635	0.459	4.96902254695242e-62	0	Ece1
1.63202156283221e-66	0.367454203013421	0.932	0.753	5.26898161560379e-62	0	Kdm2b
1.78397806666103e-66	-0.325383766376792	0.063	0.222	5.75957318821515e-62	0	Pik3ap1
1.86152731903953e-66	-0.38844322582625	0.045	0.197	6.00994094951912e-62	0	Sytl2
3.65587607519608e-66	-0.428718957794508	0.867	0.865	1.18029959087706e-61	0	Mier1
5.15721361865703e-66	0.28248041678018	0.491	0.289	1.66500641678342e-61	0	Lamp1
1.34906736676128e-65	-0.723870896872464	0.385	0.547	4.35546399358881e-61	0	Hip1
1.62799221200646e-65	0.408804937984133	0.731	0.554	5.25597285646286e-61	0	Hpcal1
1.9064985171985e-65	0.293338026404905	0.996	0.996	6.15513046277534e-61	0	Rps26
2.76057976122304e-65	-0.311254066648284	0.982	0.978	8.91253175910858e-61	0	Arhgdib
6.82831589875704e-65	0.728370279586652	0.427	0.262	2.20452178791371e-60	0	Jazf1
6.92867345518693e-65	0.323883854358227	0.359	0.188	2.2369222250071e-60	0	Sestd1
1.53424305845223e-64	0.447017512815504	0.249	0.102	4.95330371421304e-60	0	Ar
2.41256672284196e-64	0.401138073827432	0.45	0.27	7.78897166469528e-60	0	Slc29a1
3.33752921860769e-64	0.47830662562536	0.758	0.583	1.07752130822749e-59	0	Clasp2
1.11482379219251e-63	0.459407517210123	0.824	0.672	3.59920861309353e-59	0	Glud1
1.1150102560866e-63	-0.459831365752594	0.738	0.791	3.5998106117756e-59	0	Emp3
2.29595042380248e-63	0.338893984993401	0.78	0.598	7.41247594324631e-59	0	Coq10b
2.40494325097865e-63	-0.292385492194199	0.994	0.989	7.76435928578458e-59	0	Pfn1
5.88744606237467e-63	0.4603342566569	0.414	0.24	1.90076196123766e-58	0	Ppp2r3a
8.68524616433715e-63	0.405425649929269	0.216	0.085	2.80403172415625e-58	0	Cd160
9.29908602966201e-63	0.328343027783093	0.661	0.453	3.00220992467638e-58	0	Smim14
1.48727331810923e-62	0.571040420392809	0.654	0.485	4.80166190751565e-58	0	Farp1
6.71452005749387e-62	0.334505283379741	0.964	0.92	2.1677828005619e-57	0	Ftl1
1.13283386677374e-61	0.335684396003534	0.529	0.339	3.65735413887902e-57	0	Gm15472
1.35624425675968e-61	0.371078286122812	0.659	0.465	4.37863458294864e-57	0	Ric1
1.42954770445788e-61	0.672098368430512	0.349	0.191	4.61529476384227e-57	0	Cd81
1.80977395481907e-61	-0.635959501058981	0.163	0.334	5.84285521313337e-57	0	Ctla2a
2.26836009984561e-61	0.420463561515557	0.622	0.427	7.32340058235155e-57	0	Asap1
4.89430007005655e-61	0.448835861336835	0.909	0.817	1.58012477761776e-56	0	Stat3
6.43910434618242e-61	0.285965836549488	0.444	0.26	2.07886483816499e-56	0	Wdfy1
7.03319513201594e-61	0.356610853214165	0.602	0.399	2.27066704837134e-56	0	Prelid2
8.08396650042884e-61	-0.342322593767719	0.023	0.15	2.60990858466345e-56	0	Ccna2
9.65270900186365e-61	0.374537746315411	0.27	0.123	3.11637710125168e-56	0	Btbd11
9.69647439991319e-61	0.431697023866034	0.883	0.754	3.13050676001197e-56	0	Ldlrad4
3.05628224572413e-60	0.307601040317547	0.426	0.252	9.86720723032034e-56	0	Ccdc28b
3.07866614626309e-59	0.359906319795893	0.627	0.433	9.9394736532104e-55	0	Myo9a
3.27430521066758e-59	0.306298286100312	0.303	0.15	1.05710943726403e-54	0	Tspan2
3.95687680468734e-59	-0.687134868995031	0.137	0.298	1.27747767639331e-54	0	Ifi206
1.01530422878162e-58	0.523057951887332	0.907	0.843	3.27790970262145e-54	0	Gm26740
2.73992356661105e-58	-0.403295572052493	0.3	0.48	8.84584323480378e-54	0	Cish
3.94266554488934e-58	0.345855438184953	0.306	0.152	1.27288957116752e-53	0	Ier5l
1.66467283995472e-57	-0.950763575469884	0.101	0.246	5.37439626379381e-53	0	Pclaf
2.87989469898876e-57	0.296868725870048	0.963	0.873	9.2977400356852e-53	0	Pnrc1
3.84718997505719e-57	-0.780482926174035	0.326	0.476	1.24206528344721e-52	0	Gpr183
3.88647429238974e-57	0.510389670058363	0.732	0.579	1.25474822529803e-52	0	Eprs
7.57261491481662e-57	0.409456065795666	0.832	0.708	2.44481872524854e-52	0	Ss18
1.85431802007501e-56	-0.460413751983333	0.051	0.189	5.98666572781215e-52	0	Itgae
1.91385231182175e-56	0.354718934938151	0.908	0.784	6.17887218871651e-52	0	Arf4
2.25021075342355e-56	0.448454481150912	0.873	0.784	7.26480541742793e-52	0	Stat5b
2.89612641249689e-56	0.369548404094823	0.611	0.433	9.3501441227462e-52	0	Nsmaf
3.08940912466399e-56	0.324238117301077	0.923	0.825	9.9741573589777e-52	0	Ogt
3.98977896924272e-56	-0.394377468677542	0.103	0.259	1.28810014022001e-51	0	Entpd1
4.80663407320283e-56	0.300176292733406	0.94	0.789	1.55182181053353e-51	0	Uba52
4.94124254243986e-56	-0.507228671729534	0.428	0.564	1.59528015482671e-51	0	Rcsd1
6.55175858564339e-56	-0.399091526259235	0.021	0.139	2.11523525937497e-51	0	Hmmr
8.62094486209063e-56	-0.711919731372712	0.806	0.785	2.78327204872596e-51	0	Vim
9.19629433267803e-56	-0.527389581521435	0.215	0.374	2.9690236253051e-51	0	Ifi47
1.19348041712844e-55	-0.267726340852847	0.98	0.976	3.85315152669917e-51	0	Coro1a
1.8453231855395e-55	0.334006790842659	0.937	0.869	5.95762590451428e-51	0	Atrx
6.99232409804676e-55	0.320281816235811	0.733	0.55	2.2574718350544e-50	0	Sik1
7.20645853941623e-55	-0.976320184412992	0.691	0.701	2.32660513945053e-50	0	S100a4
2.27589846215356e-54	0.397755033793536	0.524	0.367	7.34773818506278e-50	0	Endod1
2.38823887365981e-54	0.447019471328156	0.887	0.793	7.71042920361069e-50	0	Arid5b
3.33698964119022e-54	0.300686627183521	0.386	0.218	1.07734710565826e-49	0	Cyth3
3.4104635785874e-54	0.342600521114419	0.882	0.784	1.10106816634694e-49	0	Zbtb20
6.37907335968423e-54	-1.20369569745961	0.26	0.394	2.05948383417405e-49	0	Stmn1
1.00967997358079e-53	-0.343327565723789	0.054	0.183	3.25975179470559e-49	0	Spc24
1.082449425902e-53	0.346742463124098	0.515	0.341	3.4946879715246e-49	0	Lnx2
1.11014569685407e-53	0.46317996744451	0.597	0.413	3.58410538229336e-49	0	Slamf6
1.34457372951689e-53	-0.529763003590778	0.016	0.125	4.34095628574526e-49	0	Hist1h2ab
1.40952147837144e-53	-0.425506093169585	0.045	0.171	4.55064009292219e-49	0	Knl1
1.89396779232995e-53	-0.480192877046568	0.648	0.763	6.11467501753724e-49	0	Ipcef1
2.9298605576924e-53	-0.85450943917017	0.986	0.99	9.45905481050992e-49	0	Cmss1
3.06073227010942e-53	-0.751296347487493	0.191	0.341	9.88157413404825e-49	0	Pag1
3.86540935369489e-53	-0.277005503669079	0.049	0.18	1.2479474098404e-48	0	Rnase4
5.6395349274715e-53	0.313142899861317	0.327	0.175	1.82072385133417e-48	0	Grk5
5.74674107437324e-53	-0.484448711326997	0.304	0.465	1.8553353558614e-48	0	Socs2
1.0762140655916e-52	0.332911854678484	0.873	0.736	3.47455711076249e-48	0	Ostf1
2.42950816195407e-52	-0.83630526656435	1	1	7.84366710086871e-48	0	Gm42418
2.53188927246879e-52	-0.606744887548226	0.018	0.127	8.17420451616549e-48	0	Gzmb
5.27044287875288e-52	0.395041620995191	0.726	0.556	1.70156248340537e-47	0	Raet1e
5.56638553999891e-52	0.404101831060669	0.823	0.704	1.79710757158865e-47	0	Ap3b1
6.41613917707708e-52	0.352698306016695	0.649	0.469	2.07145053331934e-47	0	Nr4a1
8.79765999556298e-52	-0.771431971772052	0.12	0.267	2.84032452956751e-47	0	Ly6a
1.14276036313082e-51	0.34371044992323	0.546	0.377	3.68940183236786e-47	0	Nf1
1.27870740828222e-51	0.276446288700438	0.99	0.897	4.12830686763916e-47	0	Junb
3.27390502344614e-51	-0.356963791400195	0.024	0.136	1.05698023681959e-46	0	Hist1h3c
8.58308710319809e-51	0.340084738311496	0.758	0.602	2.7710496712675e-46	0	Atp9b
9.1150836476657e-51	0.344270362927476	0.685	0.496	2.94280475564887e-46	0	Fosl2
9.39562172795239e-51	-0.358618521886389	0.048	0.171	3.03337647486943e-46	0	Cdk1
1.30594951113921e-50	-0.343742515933448	0.976	0.982	4.21625799671294e-46	0	Cd52
1.39421911130955e-50	-0.583225797731583	0.357	0.501	4.50123640086289e-46	0	Oprm1
1.49325023727353e-50	-1.60081830049402	0.362	0.482	4.8209583910376e-46	0	S100a6
1.57608136111116e-50	-0.30148029376049	0.03	0.145	5.08837867434739e-46	0	Fbxo5
1.76816377674308e-50	-0.552987648472335	0.993	0.992	5.70851675321502e-46	0	Ptma
3.27062595976648e-50	0.666558817422618	0.394	0.248	1.05592159111061e-45	0	Nebl
6.85405422367468e-50	-0.361908423625967	0.845	0.841	2.21283140611337e-45	0	Leprotl1
9.73902024053115e-50	-0.483880280968881	0.481	0.591	3.14424268465548e-45	0	Cflar
1.04376059780648e-49	-0.875976689443744	0.658	0.685	3.36978109001823e-45	0	Tubb5
1.06167885769654e-49	0.262529705070999	0.997	0.998	3.42763019207327e-45	0	Rpl28
1.68334683152631e-49	-0.309260497316113	0.797	0.827	5.43468524558268e-45	0	Lat
2.57437148677451e-49	-0.281609284099389	0.963	0.971	8.31135834505151e-45	0	Calm1
3.11780443758927e-49	-0.340764704462852	0.964	0.955	1.0065831626757e-44	0	Itm2b
4.85488424736212e-49	-0.443834699797179	0.181	0.326	1.56739937926086e-44	0	Arl5c
5.5731130351334e-49	-0.295647855131197	0.036	0.151	1.79927954339282e-44	0	Kif4
6.55450131070575e-49	0.410972901080281	0.915	0.827	2.11612074816135e-44	0	Fam107b
9.14230063707867e-49	-0.446980128670287	0.708	0.798	2.95159176068085e-44	0	Ifi203
1.22729471174527e-48	0.508291060733671	0.463	0.298	3.9623209768696e-44	0	Igf1r
1.22858724832276e-48	0.5050963503877	0.71	0.557	3.96649393121002e-44	0	Mmd
1.31821505584109e-48	-0.661902055777027	0.441	0.579	4.25585730778296e-44	0	Tmem163
2.11874048472145e-48	0.319911914573231	0.723	0.555	6.8403536549232e-44	0	Mxd4
2.43045458463445e-48	0.277710546748331	0.36	0.209	7.84672262649233e-44	0	Ahi1
4.44626889287033e-48	0.333980049131981	0.937	0.85	1.43547791206318e-43	0	Btg2
4.89798209490849e-48	0.394434840270468	0.798	0.654	1.58131351934121e-43	0	Etv6
5.28389497893439e-48	-0.435679776048749	0.049	0.166	1.70590549394897e-43	0	Cenpp
6.39816455238951e-48	0.282663956657242	0.724	0.561	2.06564742573895e-43	0	Pebp1
8.1108991059504e-48	-0.555577274372563	0.294	0.431	2.61860377635609e-43	0	Lig1
8.71837740926053e-48	-0.288860754776029	0.038	0.152	2.81472814657976e-43	0	Asb2
9.8445543853484e-48	-0.728421576897315	0.089	0.216	3.17831438330973e-43	0	Ifi213
1.22504902774264e-47	0.348576329606919	0.973	0.926	3.95507078606711e-43	0	Jund
1.38971129264298e-47	-0.745223867501996	0.088	0.214	4.48668290829785e-43	0	Birc5
1.49899533859466e-47	-0.318037122590782	0.944	0.904	4.83950645065286e-43	0	Sh3bgrl3
1.65007396705803e-47	0.310416627889764	0.735	0.579	5.32726380264685e-43	0	Mpc1
1.82086153691383e-47	0.282757271588506	0.522	0.334	5.87865147192629e-43	0	Sh3rf1
3.47981355979125e-47	-0.497416445990278	0.574	0.671	1.12345780777861e-42	0	Add3
4.79269593109326e-47	0.36229225841567	0.214	0.098	1.54732188135346e-42	0	Crtam
5.04886529325252e-47	0.373252086536111	0.345	0.206	1.63002615992658e-42	0	Tjp2
5.13111881991881e-47	0.373067377179548	0.674	0.504	1.65658171101079e-42	0	Braf
5.20460441382458e-47	-0.425809470041736	0.018	0.118	1.68030653500326e-42	0	Trat1
9.95915193187042e-47	0.376689721319572	0.636	0.485	3.21531220120436e-42	0	Atl3
1.23252407230432e-46	0.277896200973163	0.436	0.274	3.97920396743449e-42	0	Tfdp2
1.37722543726202e-46	-0.251906389204488	0.967	0.958	4.44637232420044e-42	0	Cfl1
1.56082545772e-46	0.335673136884703	0.751	0.597	5.03912499024901e-42	0	Sat1
1.74368417345141e-46	0.373822453076966	0.534	0.37	5.62948435398789e-42	0	Fam168a
2.19704612942226e-46	0.299983331337249	0.937	0.921	7.09316342883977e-42	0	Fyn
2.74829972423495e-46	0.328365134305164	0.552	0.381	8.87288565969254e-42	0	Faah
3.35047992993118e-46	0.265532413512998	0.386	0.231	1.08170244537828e-41	0	Slc5a3
3.64972084267877e-46	-0.411784361487865	0.05	0.165	1.17831237405884e-41	0	Rrm2
4.60879150817724e-46	-0.549286550100678	0.841	0.875	1.48794833841502e-41	0	Bcl11b
5.37084469193022e-46	0.483766508730377	0.627	0.476	1.73397720878967e-41	0	Atp10a
7.49961763773854e-46	-0.586826603912221	0.048	0.162	2.42125155434389e-41	0	Ccr9
2.40553303581016e-45	0.368156872048621	0.822	0.689	7.7662634061131e-41	0	Nfat5
2.51760775466867e-45	0.309538649422367	0.644	0.457	8.12809663594778e-41	0	Bcl2a1d
6.75199438007751e-45	0.368402019323764	0.594	0.434	2.17988138560802e-40	0	Elmsan1
7.59215383046394e-45	0.350294000242541	0.622	0.461	2.45112686416528e-40	0	Ube2q2
8.1625988321703e-45	-1.89670415677073	0.093	0.213	2.63529503296618e-40	0	Hist1h1b
1.27611245616272e-44	-0.50837429803356	0.464	0.6	4.11992906472133e-40	0	Airn
1.40820644155483e-44	0.296381864623612	0.871	0.719	4.54639449655977e-40	0	Orai1
2.94323902541351e-44	0.435580140571698	0.552	0.391	9.50224719354753e-40	0	Mpp7
3.15531187899815e-44	0.465694745188559	0.903	0.864	1.01869244013455e-39	0	Trbc1
4.59865133586238e-44	0.256101596454237	0.551	0.381	1.48467458378317e-39	0	Pptc7
5.44779130720229e-44	0.407402534153353	0.726	0.553	1.75881942353026e-39	0	Kdm7a
6.24094361160275e-44	-0.404907157345729	0.2	0.341	2.01488864500595e-39	0	Isg20
8.18758840518358e-44	0.519856123960969	0.6	0.456	2.64336291661352e-39	0	Flnb
1.5607223144539e-43	0.397199290147468	0.612	0.471	5.03879199221442e-39	0	Phf6
1.61508287105019e-43	0.274240933871783	0.57	0.404	5.21429504918554e-39	0	Ifnar1
1.68310166379899e-43	-0.543053236294958	0.084	0.203	5.43389372157504e-39	0	Prc1
1.78924202997408e-43	-0.376155077445931	0.442	0.586	5.7765678937713e-39	0	Iqgap2
2.02835004626596e-43	-0.288468328328868	0.03	0.131	6.54852812436964e-39	0	Hist1h1d
2.04792423629562e-43	-0.421611662493698	0.33	0.47	6.6117233968804e-39	0	Rcbtb2
2.32713634666649e-43	0.282972365622066	0.629	0.475	7.51315969521275e-39	0	Mrps6
2.60055713840063e-43	0.258679171153056	0.643	0.482	8.39589872132643e-39	0	Csnk1d
4.82000564289888e-43	-0.592697905763539	0.05	0.159	1.5561388218099e-38	0	Cenpf
5.17594764632541e-43	-0.274665241439022	0.047	0.156	1.67105469761616e-38	0	Cit
5.97353913856707e-43	0.476176270613216	0.605	0.461	1.92855711088638e-38	0	Chst11
9.0385038328348e-43	-0.267439257311629	0.012	0.101	2.91808096243072e-38	0	Eya2
1.11375964433192e-42	0.279543896024694	0.907	0.844	3.5957730117256e-38	0	Usp34
1.16667822175454e-42	0.275252919790434	0.639	0.467	3.76662063893454e-38	0	Tgif1
1.27942068027346e-42	0.325801143006523	0.752	0.614	4.13060966626287e-38	0	Stim2
1.80818160741407e-42	0.341984400573444	0.686	0.538	5.83771431953632e-38	0	Selenos
2.05876217684143e-42	-0.478949447085994	0.067	0.179	6.64671368793256e-38	0	Tpx2
2.27094912974892e-42	0.374042859378875	0.873	0.773	7.33175926539439e-38	0	Zfp36l1
2.96567275574118e-42	-0.302818892527595	0.854	0.861	9.5746744919104e-38	0	Cyba
3.91739162260008e-42	0.261662951276471	0.928	0.867	1.26472988535643e-37	0	Csnk1a1
4.02536095971344e-42	0.308468250001357	0.431	0.283	1.29958778584348e-37	0	Plscr1
5.19880269522339e-42	0.439591345732067	0.165	0.068	1.67843345015287e-37	0	Areg
5.94431244592658e-42	0.338973263676642	0.37	0.214	1.9191212731674e-37	0	Ccr7
6.49225823312452e-42	0.279322034689941	0.591	0.432	2.09602557056425e-37	0	Mfsd14a
9.51011765823272e-42	0.251619431164821	0.865	0.705	3.07034148596043e-37	0	Dennd4a
1.0181093958152e-41	-0.290475038460558	0.07	0.185	3.28696618438936e-37	0	Asf1b
1.40677796537446e-41	0.256531986454317	0.362	0.217	4.54178266121146e-37	0	Itm2a
1.5956963978429e-41	-0.313121610411183	0.04	0.144	5.1517058204358e-37	0	Neil3
1.59651449963112e-41	-0.58469455040762	0.061	0.17	5.15434706205908e-37	0	Nusap1
1.81331809267563e-41	-0.271478739509625	0.155	0.29	5.85429746220326e-37	0	1700017B05Rik
2.33118022255047e-41	0.321304025769864	0.824	0.705	7.5262153485042e-37	0	Ppp1cb
2.37103197173796e-41	-0.620102586490138	0.829	0.832	7.654876720756e-37	0	Lrba
2.97834116310646e-41	0.367248212183205	0.69	0.548	9.61557444508921e-37	0	Fnip1
3.89618432178634e-41	-0.505342447134911	0.804	0.849	1.25788310828872e-36	0	Sp100
4.07613552312299e-41	-0.630870503360944	0.351	0.464	1.31598035364026e-36	0	Ighm
7.25285037671658e-41	-0.542217552570174	0.469	0.575	2.34158274412295e-36	0	Lamc1
1.07336537756376e-40	0.266208313494227	0.307	0.178	3.46536012146459e-36	0	Fhl2
2.00466100517263e-40	0.29460753043661	0.258	0.139	6.47204805519983e-36	0	Marcksl1
2.15685887527049e-40	0.287608191359245	0.555	0.403	6.96341887881077e-36	0	Hacd3
2.94965498359948e-40	0.304978091519615	0.6	0.441	9.52296111455092e-36	0	Tet2
3.06241681575084e-40	-0.397644690850926	0.137	0.264	9.88701268965158e-36	0	Gbp4
3.77372720304592e-40	0.474338595529425	0.669	0.505	1.21834782750337e-35	0	Igfbp7
1.04971593241596e-39	0.252423567467016	0.248	0.131	3.38900788780492e-35	0	Bmyc
1.57697198424392e-39	0.25145482215232	0.623	0.457	5.09125405113149e-35	0	Rnf216
1.586341723283e-39	-0.429433447478613	0.053	0.158	5.12150425361916e-35	0	Atp8b4
2.05290659781219e-39	-0.333533217121107	0.382	0.522	6.62780895103667e-35	0	Slc16a6
2.58505444737312e-39	-0.527166371608009	0.39	0.517	8.3458482833441e-35	0	Lpp
2.85717654235682e-39	-0.3351518400996	0.627	0.734	9.224394466999e-35	0	Arl15
3.47246103936037e-39	-0.280470882603303	0.063	0.17	1.1210840465575e-34	0	Ncapg2
3.80243396902705e-39	0.276455091905927	0.83	0.67	1.22761580690038e-34	0	Ifrd1
6.20188160434188e-39	0.336353290347047	0.629	0.485	2.00227747596178e-34	0	Nt5dc1
1.27923290517695e-38	0.349574887216938	0.715	0.563	4.13000343436378e-34	0	Rilpl2
1.55060026386865e-38	-0.765564089028404	0.066	0.175	5.00611295189992e-34	0	Ccl4
1.79940216158278e-38	-0.627540664512601	0.938	0.887	5.80936987867e-34	0	Arl6ip1
1.8257477778912e-38	0.260273992417842	0.846	0.697	5.89442670092173e-34	0	Nup98
2.00037977253882e-38	-0.405710551469075	0.057	0.162	6.45822609564157e-34	0	Mt1
2.48534341136735e-38	-0.6034860006613	0.807	0.832	8.0239312035995e-34	0	Themis
5.38838347673661e-38	-0.343606472884005	0.068	0.173	1.73963960546441e-33	0	Cdca3
7.57066178672458e-38	0.337682962643762	0.428	0.295	2.44418815784403e-33	0	Gm17745
7.8403256357412e-38	-0.256373895606391	0.918	0.909	2.53124913149905e-33	0	Lcp1
1.70117958932304e-37	0.294528374036359	0.887	0.757	5.49225830412942e-33	0	Pde4d
1.80211532128098e-37	-0.283535989584957	0.061	0.165	5.81812931475563e-33	0	Pglyrp2
2.1628963310087e-37	-0.800606677745815	0.118	0.229	6.9829108046616e-33	0	Ube2c
2.16831096933935e-37	-0.773587371422148	0.368	0.481	7.0003919645121e-33	0	Nkg7
2.42294824532612e-37	-0.433506564785939	0.327	0.448	7.82248841003537e-33	0	Ddit4
2.78857390927116e-37	-0.383607961885968	0.075	0.182	9.00291086608195e-33	0	Gm20559
4.43415173524053e-37	-0.461936584671051	0.127	0.247	1.43156588772241e-32	0	Serpina3g
4.77122894760038e-37	-0.520619450741643	0.284	0.388	1.54039126573278e-32	0	Hmgn2
4.8700142755245e-37	-0.433786145448117	0.609	0.672	1.57228410885309e-32	0	Itgb7
6.85212678744668e-37	-0.949008928706153	0.067	0.168	2.21220913332716e-32	0	Hist1h2ae
1.05752340102374e-36	0.272096551430416	0.732	0.585	3.41421430020513e-32	0	Ralgapa1
1.31716863354574e-36	-0.265962742450873	0.062	0.168	4.25247893340243e-32	0	Ncmap
1.43640619651891e-36	-0.324566936658468	0.741	0.774	4.63743740546132e-32	0	Cyb5a
2.07063705678885e-36	-1.0871962641344	0.222	0.327	6.6850517378428e-32	0	Mki67
2.17146452466895e-36	0.315178446535759	0.611	0.469	7.01057321789371e-32	0	Rab11fip1
2.31438682596645e-36	-0.368447460616283	0.931	0.957	7.47199786763268e-32	0	Rapgef6
2.47244165550065e-36	-0.36930854150732	0.516	0.599	7.98227788478385e-32	0	Casp8
3.222171277934e-36	0.317277505377622	0.634	0.473	1.04027799708099e-31	0	Neurl3
4.97684456274718e-36	-0.340992239576158	0.028	0.113	1.60677426708293e-31	0	Sh3pxd2a
1.15751362773794e-35	-0.537584397633258	0.667	0.736	3.73703274715193e-31	0	Apbb1ip
1.61262435993032e-35	-0.268208401706743	0.994	0.994	5.20635774603504e-31	0	Ppia
2.06864892289864e-35	-0.569094096280668	0.106	0.212	6.67863304757826e-31	0	Cdca8
2.09730652380342e-35	-0.491114209548986	0.085	0.187	6.77115411209936e-31	0	Kif11
2.49556429210037e-35	-0.492779293456909	0.465	0.588	8.05692931704606e-31	0	Arhgef18
3.34961056473212e-35	-0.337335139150676	0.652	0.719	1.08142177082377e-30	0	Lrrc8c
4.69966255693894e-35	-0.468898406365563	0.094	0.199	1.51728605650774e-30	0	Pik3r5
4.76979402143265e-35	0.421476963227294	0.555	0.415	1.53992799981953e-30	0	Myb
9.50913442109897e-35	0.262663298941621	0.864	0.767	3.0700240478518e-30	0	Fbxl17
9.59636837790727e-35	0.255883218311099	0.117	0.043	3.09818753080736e-30	0	Sox5
9.64498316354024e-35	0.250215357975125	0.688	0.536	3.11388281434897e-30	0	Tob2
1.01885852601568e-34	-0.270452004059783	0.838	0.838	3.28938475124161e-30	0	Mbd2
1.06965877687892e-34	-0.251794508001213	0.081	0.188	3.4533933611536e-30	0	Kif23
1.3111588250045e-34	-0.28425032806449	0.992	0.988	4.23307626652704e-30	0	Fth1
1.7516037393848e-34	-0.511093007697534	0.085	0.187	5.65505267260383e-30	0	Ifi208
1.78704466848153e-34	-0.363718893339706	0.504	0.593	5.76947371219263e-30	0	Sept11
1.81990931118465e-34	-0.25277743014872	0.101	0.21	5.87557721115964e-30	0	Ncapd2
2.07730252331408e-34	-0.272933539028623	0.88	0.908	6.70657119651951e-30	0	Fam49b
2.10499942731118e-34	-1.61734124629492	0.097	0.199	6.79599065107413e-30	0	Hist1h2ap
3.01647897684153e-34	0.250903774939339	0.613	0.465	9.73870237673288e-30	0	Otud7b
3.56144809358222e-34	0.252172274003865	0.53	0.379	1.14981351701302e-29	0	Cplane1
4.87858101019368e-34	-0.360381817382538	0.461	0.552	1.57504987914103e-29	0	Gimap9
8.00945938723136e-34	0.324579414032907	0.854	0.675	2.58585396316764e-29	0	Ahnak
1.01544940991914e-33	-0.622526725619115	0.872	0.819	3.27837841992395e-29	0	Crip1
1.50161287364065e-33	-0.306645576236009	0.661	0.734	4.84795716254884e-29	0	Dennd1b
1.66624563442352e-33	0.293059913342722	0.846	0.732	5.37947403073632e-29	0	Akt3
1.80816545703941e-33	-0.30350653331067	0.19	0.306	5.83766217805174e-29	0	Phgdh
1.93496755350393e-33	0.304317671327618	0.328	0.205	6.24704274648743e-29	0	Vdr
2.18743114953589e-33	-0.353134966660938	0.07	0.166	7.06212146627661e-29	0	Clspn
2.66191485590022e-33	0.346421627481931	0.805	0.724	8.59399211227387e-29	0	Vgll4
3.07555552505083e-33	-0.634684435092603	0.175	0.28	9.9294310126266e-29	0	Galnt10
3.43134242774697e-33	0.334042720392674	0.418	0.284	1.10780890279811e-28	0	Lta
4.4460641936129e-33	-0.484521679086433	0.124	0.231	1.43541182490792e-28	0	Il6st
4.90549827113804e-33	-0.439794587354444	0.167	0.28	1.58374011683692e-28	0	Samd9l
5.64399238774847e-33	-0.285747059571049	0.61	0.714	1.82216294238459e-28	0	Txk
2.11395802587146e-32	-0.450245772639683	0.921	0.945	6.824913486526e-28	0	Camk1d
2.28507494270482e-32	-0.332234576945421	0.718	0.772	7.37736445252251e-28	0	Cyth1
2.54364769267244e-32	-0.278541605790443	0.216	0.336	8.21216657579296e-28	0	Il4ra
5.00225674546899e-32	-0.300368083668697	0.071	0.169	1.61497859027466e-27	0	Ccnb2
5.52786985174149e-32	-0.423100439004611	0.525	0.615	1.78467278163474e-27	0	Sipa1l1
6.37517396101404e-32	-0.402441283808541	0.277	0.391	2.05822491331338e-27	0	Zbp1
7.94160407182294e-32	0.254594826310517	0.858	0.752	2.56394687458804e-27	0	Smarca5
8.41373282886361e-32	-0.277389081406563	0.766	0.744	2.71637364379862e-27	0	Ndufb7
1.23147566920906e-31	-0.37230009339189	0.048	0.135	3.97581919804146e-27	0	Ifi214
1.23273629379081e-31	-0.41788603313071	0.273	0.391	3.97988912450364e-27	0	Zfp652
1.26305017252881e-31	-0.313592468121251	0.846	0.892	4.07775748200928e-27	0	Mir142hg
4.14596563920685e-31	0.317782701492569	0.745	0.633	1.33852500661793e-26	0	B3gnt2
4.46483197532425e-31	-0.282778909661277	0.753	0.747	1.44147100323343e-26	0	Krtcap2
4.78666983741362e-31	-0.348551572828157	0.595	0.659	1.54537635700899e-26	0	Cdc42se2
4.99726048611164e-31	-0.396734751811064	0.843	0.901	1.61336554794114e-26	0	Ablim1
5.25830341890262e-31	0.281682974989208	0.906	0.833	1.69764325879271e-26	0	Cd28
5.58152751473388e-31	-0.448484177625111	0.212	0.318	1.80199615813183e-26	0	Kbtbd11
6.27804724233871e-31	-0.45899358225723	0.073	0.164	2.02686755218905e-26	0	Rflnb
6.82199864495399e-31	-0.314680167647609	0.153	0.267	2.2024822625234e-26	0	Smad3
7.28868856950285e-31	-0.43565037504066	0.158	0.264	2.35315310466399e-26	0	Slfn8
8.17618866637853e-31	0.263880258626323	0.824	0.659	2.63968251094031e-26	0	Fam117b
1.05759813156131e-30	-0.278547057073863	0.774	0.79	3.4144555677457e-26	0	Psme2
1.08012735049104e-30	0.285191669313861	0.848	0.76	3.48719115106032e-26	0	Jmjd1c
1.09782941815018e-30	0.259279966790741	0.731	0.596	3.54434227649784e-26	0	Baz2b
7.13059254016264e-30	-0.329395039503389	0.027	0.103	2.30211180159151e-25	0	Ccl3
9.45107636087743e-30	-0.624928466988252	0.806	0.836	3.05128000310928e-25	0	Cdk8
1.42738329619185e-29	-0.500915219346685	0.077	0.169	4.60830697175539e-25	0	A330040F15Rik
3.17023650566177e-29	-0.648411031343776	0.121	0.223	1.0235108558529e-24	0	Isg15
3.23571989780541e-29	0.319475976099846	0.492	0.364	1.04465216900648e-24	0	Ccn4
3.70927606533154e-29	-0.347692054869363	0.527	0.605	1.19753977769229e-24	0	Pten
3.84725918306288e-29	0.255200211415204	0.78	0.673	1.24208762725185e-24	0	Aff4
4.56486304047106e-29	0.392014402760609	0.299	0.187	1.47376603261608e-24	0	Kcnq5
5.13694268979723e-29	0.27020334798751	0.633	0.495	1.65846194740104e-24	0	Slc4a7
6.57398688554807e-29	0.267495248327008	0.572	0.442	2.12241166599919e-24	0	Senp1
1.30316306763215e-28	-0.350239172044125	0.793	0.825	4.20726196385038e-24	0	Rhoh
1.61422578739797e-28	0.475730592963109	0.464	0.343	5.21152795461436e-24	0	Hivep3
2.09569593020628e-28	0.299338174908737	0.805	0.684	6.76595431067096e-24	0	Tgfb1
2.15770079280145e-28	-0.271103966101574	0.745	0.784	6.96613700955948e-24	0	H2-T23
3.41882795077148e-28	-1.74176087470175	0.202	0.307	1.10376860390657e-23	0	Ccl5
5.34310704831259e-28	-0.425475961270349	0.097	0.191	1.72502211054772e-23	0	Cenpe
5.362059035823e-28	0.31646324562294	0.397	0.273	1.73114075971546e-23	0	Vmn2r96
6.29732077707716e-28	0.305202643139313	0.852	0.776	2.03309001287936e-23	0	Khdrbs1
7.72394597676962e-28	0.252524926309689	0.753	0.606	2.49367595860007e-23	0	Pde7a
8.10846413454016e-28	-0.250684382153293	0.164	0.267	2.61781764583629e-23	0	Sit1
9.33241634538753e-28	-0.387978488037106	0.466	0.549	3.01297061710836e-23	0	Irf1
1.15564208351126e-27	0.372264942346984	0.643	0.527	3.73099046661611e-23	0	Wwox
1.27468890229711e-27	-0.647160774825629	0.911	0.787	4.11533312106623e-23	0	Lgals1
1.54690748498487e-27	-0.396142526428729	0.503	0.589	4.99419081527364e-23	0	Pacs1
2.34895250213736e-27	-0.480019554336332	0.062	0.142	7.58359315315045e-23	0	Nedd4l
2.38740099278068e-27	-0.320905709258063	0.032	0.104	7.70772410519243e-23	0	Atp1b1
2.68348667562238e-27	-0.327807226378924	0.376	0.475	8.66363673224686e-23	0	Arhgap10
3.18155352517331e-27	0.273339222225624	0.848	0.743	1.0271645556022e-22	0	Rtn3
3.61056638081124e-27	-0.690607621073152	0.046	0.123	1.16567135604491e-22	0	Fgf13
5.76920392259054e-27	-0.361899649903793	0.821	0.802	1.86258748640835e-22	0	Aopep
6.1786389599871e-27	0.301582524477405	0.634	0.506	1.99477358823184e-22	0	Ell2
7.6018211734774e-27	-0.350210259984787	0.72	0.772	2.45424796585718e-22	0	Nr3c1
7.81013351843702e-27	0.385569137731843	0.55	0.412	2.52150160642739e-22	0	Itgb1
8.1704299985762e-27	-0.300437508229553	0.696	0.706	2.63782332504033e-22	0	Hsp90b1
1.11979805330299e-26	0.257541773882216	0.325	0.215	3.61526801508869e-22	0	Ripk2
1.17463684895233e-26	0.250308465136889	0.551	0.423	3.79231506684259e-22	0	Thap12
1.66386856644013e-26	0.28611657947806	0.62	0.505	5.37179966675196e-22	0	Abhd2
1.85131457271235e-26	0.383926959514127	0.442	0.327	5.97696909800182e-22	0	Myo1e
2.14706861816745e-26	0.252355832823863	0.812	0.69	6.9318110337536e-22	0	Elk3
2.36325140544031e-26	0.280375402770041	0.805	0.683	7.62975716246405e-22	0	Bach2
2.76835645895824e-26	0.271773194712428	0.511	0.382	8.93763882774667e-22	0	Kcnq1ot1
3.24591790884207e-26	0.251355958107423	0.661	0.531	1.04794459686966e-21	0	Tmcc1
3.5150425020915e-26	-0.554149887810234	0.394	0.456	1.13483147180024e-21	0	Tubb4b
3.68222160219209e-26	-0.319047903407247	0.332	0.441	1.18880524426772e-21	0	Dleu2
3.93669696327351e-26	-0.285285120465297	0.365	0.47	1.27096261459285e-21	0	Jakmip1
4.22220091275148e-26	0.260446723019275	0.761	0.653	1.36313756468181e-21	0	Cd82
5.66607237566868e-26	-0.344080520878264	0.775	0.795	1.82929146648463e-21	0	Foxo1
6.47525761806896e-26	-0.265636221267062	0.747	0.763	2.09053692199356e-21	0	Ctcf
7.46393788130895e-26	-0.485495074870938	0.716	0.676	2.40973234498059e-21	0	Lmnb1
9.393259482186e-26	-0.325333113298309	0.071	0.155	3.03261382382375e-21	0	Tcrg-C1
1.06601456565773e-25	-0.318398443533408	0.468	0.536	3.44162802522599e-21	0	Anxa11
1.71309116584316e-25	0.271271141590693	0.436	0.313	5.53071482892463e-21	0	Uty
1.78010937773034e-25	0.266824890545671	0.682	0.558	5.74708312600242e-21	0	P2ry10
1.87250617274849e-25	0.268963109803979	0.595	0.471	6.04538617871851e-21	0	Hspa4l
2.0970905729016e-25	-0.269073652507024	0.065	0.145	6.77045691461282e-21	0	Hist1h3e
2.47478051857055e-25	0.264271856435596	0.705	0.585	7.98982890420501e-21	0	Ap3s1
2.5168720455231e-25	-0.30852020335641	0.473	0.523	8.12572139897132e-21	0	Banf1
3.57505883574328e-25	0.468264677762015	0.506	0.379	1.15420774511972e-20	0	Lgals7
4.08401357903846e-25	-0.28852569048106	0.709	0.719	1.31852378399257e-20	0	Prdx1
6.0471724731601e-25	-0.45617761873502	0.97	0.873	1.95232963295974e-20	0	S100a10
7.0882532289114e-25	0.561126086137169	0.277	0.187	2.28844255495405e-20	0	Pkp4
8.36417554252381e-25	-0.615416827569958	0.252	0.321	2.70037407390381e-20	0	Smc2
8.42045318694829e-25	0.251047623821096	0.876	0.828	2.71854331140626e-20	0	Chd4
9.29474315008871e-25	-0.423917134460224	0.167	0.269	3.00080782600614e-20	0	Serpinb1a
9.84518834359705e-25	-1.07253755824946	0.732	0.741	3.17851905673031e-20	0	Foxp1
1.96162049494608e-24	-0.273458861951802	0.125	0.219	6.33309176793342e-20	0	Gbp6
1.97072257322867e-24	-0.272233205620138	0.115	0.204	6.36247782766877e-20	0	Nrros
2.12106243030043e-24	-0.302878432926388	0.787	0.753	6.84785005622493e-20	0	Serinc3
5.28698255692162e-24	-0.550633962353973	0.079	0.155	1.70690231850215e-19	0	Rapgef4
7.79488216729366e-24	-0.278136251774471	0.264	0.364	2.51657770771076e-19	0	Gpr65
8.97351489409145e-24	-0.987281984240602	0.845	0.798	2.89709928355742e-19	0	Hmgb2
1.40771758703996e-23	-0.304825024099652	0.752	0.789	4.54481622975851e-19	0	Aak1
1.76705084362533e-23	-0.464033563358346	0.472	0.53	5.70492364864439e-19	0	Ly6e
1.86395433131144e-23	-0.250765381508647	0.83	0.849	6.01777655863898e-19	0	Nme2
1.97975081641113e-23	-0.526505616865534	0.791	0.815	6.39162551078334e-19	0	Ripor2
2.25594799920332e-23	-0.309901903077242	0.041	0.107	7.28332811542791e-19	0	Pik3ip1
2.48860787011333e-23	-0.360434858184287	0.222	0.312	8.03447050866089e-19	0	Trib2
3.10934711098269e-23	0.254913187801128	0.618	0.498	1.00385271478076e-18	0	Mdfic
3.13539693117143e-23	-0.288055097258201	0.542	0.583	1.0122628992287e-18	0	Lbr
3.89371640390003e-23	-0.446630513716017	0.373	0.452	1.25708634099912e-18	0	Bst2
5.09373946647078e-23	-0.468401078605171	0.392	0.461	1.64451378675009e-18	0	Cd27
5.10624882659227e-23	0.301002602910513	0.469	0.356	1.64855243366531e-18	0	Dusp10
7.02663769172956e-23	-0.258023119685241	0.461	0.536	2.26854997877489e-18	0	Sash3
7.71870765786475e-23	-0.292917422447431	0.652	0.677	2.49198476734163e-18	0	Asxl1
9.01315656920393e-23	-0.315131321909181	0.892	0.869	2.90989759836749e-18	0	Cd2
1.38248765224989e-22	-0.294348532427815	0.053	0.123	4.46336138528876e-18	0	Rtp4
1.61737536414373e-22	-0.33391921629583	0.18	0.268	5.22169636313803e-18	0	Mcm3
1.85035879010979e-22	-0.510893961372473	0.085	0.156	5.97388335386945e-18	0	Nsg2
1.88053697119128e-22	0.250993020484861	0.115	0.054	6.07131361149104e-18	0	Il23r
1.99662042465805e-22	-0.321503247459849	0.42	0.494	6.44608904100851e-18	0	N4bp1
2.26149284751414e-22	-0.339950546843744	0.661	0.71	7.3012296581994e-18	0	Ubac2
2.82171146749829e-22	-0.324156102789412	0.632	0.652	9.10989547281822e-18	0	Atp2b4
3.21227367664891e-22	-0.442093903323966	0.385	0.475	1.0370825565061e-17	0	Izumo1r
4.01785564476489e-22	-0.393432205821076	0.8	0.722	1.29716469491234e-17	0	Capg
4.20239775517841e-22	-0.511229655611678	0.739	0.741	1.35674411525935e-17	0	Smc4
6.69785326948378e-22	0.269563261278778	0.301	0.209	2.16240192805284e-17	0	Nipal1
7.10635373361025e-22	-0.34172416596538	0.424	0.506	2.29428630289607e-17	0	Map3k3
1.16865176486802e-21	-0.269448866723949	0.752	0.808	3.7729922228764e-17	0	Ikzf3
1.2759500661634e-21	0.258092047030153	0.774	0.656	4.11940478860854e-17	0	Chd7
1.55164093880961e-21	-0.62933590234733	0.184	0.273	5.00947277094682e-17	0	Plac8
1.81256828669587e-21	-0.640577440098481	0.347	0.39	5.85187671359761e-17	0	Tuba1b
2.42374650035146e-21	-0.338825872360906	0.199	0.289	7.82506557638469e-17	0	Lztfl1
3.55808486038172e-21	-0.340148060469335	0.141	0.227	1.14872769717424e-16	0	Krt83
5.24068633982001e-21	-0.250132444462771	0.589	0.611	1.69195558481089e-16	0	Lamtor4
5.7621478366533e-21	-0.257708410473194	0.129	0.21	1.86030942906352e-16	0	Racgap1
6.05110044571078e-21	-0.371778095308297	0.149	0.229	1.95359777889773e-16	0	Cks1b
6.32208865370669e-21	-0.374482251029533	0.228	0.305	2.0410863218492e-16	0	Hist1h1c
6.33641139444463e-21	-0.360946598125923	0.111	0.187	2.04571041869645e-16	0	Hist2h2ac
7.30181604117004e-21	-0.253868430800121	0.169	0.255	2.35739130889175e-16	0	Rbl1
7.43970936213215e-21	-0.353804001280472	0.377	0.434	2.40191016756436e-16	0	Selenoh
9.18648166173437e-21	-0.305208688387823	0.759	0.752	2.96585560449094e-16	0	Vmp1
1.10839778153046e-20	-0.320540269252606	0.656	0.685	3.57846223767109e-16	0	Lbh
1.76620480320295e-20	-0.253293813524609	0.046	0.11	5.70219220714071e-16	0	Lyn
1.98538232450444e-20	-0.270240264187092	0.882	0.853	6.40980683466257e-16	0	Picalm
2.33513433135125e-20	-0.322962650722165	0.27	0.357	7.53898118876751e-16	0	Ppp1r13b
2.48354988937753e-20	0.278787342848961	0.294	0.201	8.01814081785534e-16	0	Zeb2
3.00589884976459e-20	-0.386857729735035	0.355	0.434	9.70454443646499e-16	0	Igtp
3.40454243033665e-20	-0.339674045827008	0.88	0.898	1.09915652363419e-15	0	Peli1
4.77381960653835e-20	-0.323633453170431	0.768	0.757	1.54122765997091e-15	0	AU020206
5.34706044314713e-20	-0.307664883983218	0.348	0.431	1.72629846407005e-15	0	AA467197
5.48344609914787e-20	-0.576516474810603	0.107	0.184	1.77033057310989e-15	0	Iigp1
5.51995330657888e-20	-0.32769523600328	0.345	0.421	1.78211692502899e-15	0	Hexb
6.67976826261407e-20	-0.321478550369039	0.324	0.405	2.15656318358495e-15	0	Acp5
6.7886360099509e-20	-0.305584196299821	0.214	0.291	2.19171113581265e-15	0	Gmnn
8.65748649456624e-20	-0.280396482050165	0.336	0.429	2.79506951477071e-15	0	Hilpda
9.15649748597156e-20	0.343900927858598	0.9	0.834	2.95617521334592e-15	0	Ucp2
1.07850365535734e-19	-0.33537190734517	0.178	0.258	3.48194905132117e-15	0	Ddx58
1.18271640686146e-19	-0.275531947401631	0.502	0.562	3.81839991955222e-15	0	Smap2
1.31721003804668e-19	-0.283118344126881	0.116	0.196	4.25261260783371e-15	0	Rasgrp2
1.33432756936992e-19	-0.268934106811374	0.208	0.295	4.30787655771079e-15	0	Icam1
1.58965340751391e-19	-0.337957387950433	0.152	0.228	5.13219602615867e-15	0	Gbp8
2.41880646526386e-19	-0.524256177003242	0.161	0.23	7.80911667310436e-15	0	Pdk1
3.67325522084529e-19	-0.522249892324793	0.1	0.18	1.1859104480499e-14	0	Xist
4.20697275922918e-19	-0.259772170824194	0.731	0.761	1.35822115531714e-14	0	Arhgef1
5.9204339993888e-19	0.27181069853837	0.82	0.739	1.91141211670268e-14	0	Ext1
8.17224450446935e-19	-0.403240712605213	0.562	0.603	2.63840913826793e-14	0	Cdk6
8.52077272152112e-19	-0.304424970610151	0.579	0.625	2.75093147314309e-14	0	Gimap8
8.79058074656069e-19	-0.322696633977509	0.31	0.37	2.83803899402712e-14	0	Dnmt1
1.34560608395983e-18	-0.6411514779627	0.57	0.616	4.34428924206431e-14	0	Satb1
1.85553865858299e-18	-0.282541765875018	0.331	0.402	5.99060655923518e-14	0	Xpo1
1.93738597387659e-18	-0.281200568922274	0.702	0.701	6.25485061666057e-14	0	Hnrnpab
1.98569042495573e-18	-0.27772321992546	0.396	0.473	6.41080153696959e-14	0	Pik3c2a
2.66974911025593e-18	-0.439239286236134	0.129	0.202	8.61928500246127e-14	0	Tcrg-C2
2.99176751785088e-18	-0.344314364694467	0.715	0.745	9.65892143138156e-14	0	Crlf3
3.67319501568619e-18	-0.289734725087641	0.221	0.303	1.18589101081429e-13	0	Zfp36
4.21846143212425e-18	-0.252299330738397	0.13	0.203	1.36193027336131e-13	0	Tyms
5.8375074655746e-18	-0.451704135301865	0.043	0.1	1.88463928526076e-13	0	Ifit1
8.87399893861717e-18	0.26048572892592	0.355	0.264	2.86497055733255e-13	0	Adarb1
1.26030135834586e-17	-0.267778755342111	0.992	0.961	4.06888293541962e-13	0	Actg1
2.81797496298231e-17	-0.738752176149154	0.31	0.361	9.09783216798838e-13	0	Hist1h1e
2.9740840766604e-17	-0.343140465449493	0.664	0.67	9.60183044149809e-13	0	Smc6
3.13604786222872e-17	-0.2535698613807	0.701	0.671	1.01247305232054e-12	0	1810037I17Rik
3.77198836600597e-17	0.289222618641164	0.77	0.706	1.21778644396503e-12	0	Arap2
4.79044354162563e-17	-0.289936610433662	0.747	0.73	1.54659469741384e-12	0	Ran
9.29226110396258e-17	-0.342566771615444	0.07	0.128	3.00000649741432e-12	0	Mctp2
1.17323404192588e-16	-0.315831184982936	0.362	0.434	3.78778610435769e-12	0	Prkd2
1.76026327220302e-16	-0.472124849439932	0.485	0.547	5.68300997430745e-12	0	Pde3b
2.11180769410842e-16	-0.268907139695442	0.523	0.577	6.81797114042902e-12	0	Arhgap25
2.42065167667093e-16	-0.285222964721931	0.628	0.653	7.81507393813208e-12	0	Agfg1
2.49552142474795e-16	-0.410355048985431	0.133	0.199	8.05679091979875e-12	0	Parp11
2.68394704037217e-16	-0.403866414122844	0.5	0.519	8.66512301984155e-12	0	Gm2a
2.83644987714307e-16	-1.20590447507656	0.384	0.419	9.15747842835639e-12	0	Gm2682
5.1202610020231e-16	-0.347113418580156	0.864	0.757	1.65307626450316e-11	0	S100a11
5.66010536739473e-16	-0.264501908405418	0.479	0.539	1.82736501786339e-11	0	Otulinl
6.44548386467146e-16	-0.271085208052732	0.233	0.301	2.08092446570918e-11	0	Rrm1
9.40685300031953e-16	-0.422896271449863	0.247	0.325	3.03700249115316e-11	0	Il1r1
1.40458287900732e-15	0.299270374569719	0.48	0.397	4.53469582487515e-11	0	Plcxd2
1.60449339725903e-15	-0.36731966914283	0.458	0.506	5.18010693305078e-11	0	Parp14
1.71570846872955e-15	0.284902988885656	0.723	0.636	5.53916479129336e-11	0	Epb41
1.77666749885363e-15	-0.329952375785739	0.309	0.38	5.73597102004896e-11	0	Cebpb
1.78546345376428e-15	-0.256440860158345	0.685	0.707	5.76436876047797e-11	0	Cbl
3.66660951164653e-15	-0.301813266396191	0.336	0.396	1.18376488083508e-10	0	Ncapd3
4.4736714804764e-15	-0.290997050583884	0.488	0.533	1.44432483747181e-10	0	Spata13
4.51061414980379e-15	-0.32466728346728	0.428	0.485	1.45625177826415e-10	0	Stambpl1
5.04174254596158e-15	0.414477647833169	0.733	0.656	1.6277265809637e-10	0	Fndc3a
6.54750793979535e-15	-0.366748552281563	0.463	0.512	2.11386293836293e-10	0	Pced1b
7.30373762627373e-15	-0.257139957380702	0.199	0.274	2.35801169264247e-10	0	Dgkh
1.29025617337648e-14	-0.30212868657848	0.623	0.658	4.16559205574595e-10	0	Atf7ip
2.11003424785794e-14	-0.279989252420285	0.739	0.742	6.81224556920936e-10	0	Arid1a
4.0735538808691e-14	-0.28756797595924	0.232	0.295	1.31514687043859e-09	0	Cxcr3
4.43594235372523e-14	-0.331848794996672	0.286	0.355	1.43214398890019e-09	0	Dipk1a
5.54200507516237e-14	-0.266869458622151	0.078	0.133	1.78923633851617e-09	0	Ifit2
9.50243300486434e-14	-0.699718746050935	0.269	0.323	3.06786049562045e-09	0	Scml4
1.35050372843066e-13	-0.326837173108304	0.655	0.662	4.36010128723839e-09	0	Cux1
1.36282896503165e-13	-0.445211412136132	0.303	0.365	4.39989331360468e-09	0	Herc6
2.04253496175284e-13	0.275663620665249	0.496	0.417	6.59432412401905e-09	0	Xylt1
2.33341421712734e-13	-0.272220601565418	0.39	0.447	7.5334277999956e-09	0	Phlda1
2.50901974462659e-13	-0.257353800900191	0.372	0.424	8.10037024552693e-09	0	Ctsa
3.31654249971177e-13	-0.272216426092061	0.352	0.402	1.07074574603194e-08	0	Smco4
5.00354222260484e-13	0.382583012841679	0.619	0.555	1.61539360656797e-08	0	Gramd3
6.77945159800917e-13	-0.358637177906328	0.239	0.3	2.18874594841726e-08	0	Ndrg3
7.92373430890608e-13	-0.269245501290671	0.409	0.462	2.55817762163033e-08	0	9930111J21Rik2
1.09931359809947e-12	0.251888133967662	0.156	0.101	3.54913395146413e-08	0	Tent5a
1.88090528654383e-12	-0.344720204085823	0.16	0.217	6.07250271760676e-08	0	Rreb1
5.26248825854878e-12	-0.26686051312202	0.096	0.15	1.69899433427247e-07	0	Trgv2
5.30094616014084e-12	-0.299925885161627	0.661	0.66	1.71141046780147e-07	0	Mxi1
6.4540553389685e-12	-0.438219134000116	0.496	0.485	2.08369176618598e-07	0	Tmpo
8.35325644142779e-12	0.251742627874644	0.904	0.898	2.69684884211496e-07	0	Ssh2
1.31162897519587e-11	-0.299842575773944	0.184	0.241	4.23459414641986e-07	0	Calcrl
1.35952883607051e-11	-0.286075751850026	0.287	0.341	4.38923884725364e-07	0	Dtx3l
2.53008752068598e-11	-0.34930808421858	0.785	0.722	8.16838756053468e-07	0	Ube2s
3.74569998442181e-11	-0.278214384202406	0.657	0.68	1.20929923997058e-06	0	Samhd1
5.2097425115768e-11	0.25435349944152	0.365	0.297	1.68196536986257e-06	0	Rgs16
7.39205512629802e-11	-0.447866029314919	0.099	0.145	2.38652499752532e-06	0	Ddx60
8.16364598937174e-11	0.280262948353069	0.152	0.104	2.63563310766867e-06	0	Hecw2
1.41500674079129e-10	-0.272193994959146	0.252	0.313	4.56834926264467e-06	0	Klf2
1.76728758182971e-10	-0.31329208997958	0.491	0.496	5.70568795793723e-06	0	Pcna
2.91150127243763e-10	-0.374548928932782	0.618	0.6	9.39978185806489e-06	0	Fam129a
3.09325528549368e-10	-0.292316608555426	0.196	0.246	9.98657468921634e-06	0	Gpr18
4.87754702764392e-10	-0.612432779354889	0.264	0.304	1.57471605787484e-05	0	Rnf213
5.39507737826555e-10	-0.265855892609819	0.482	0.509	1.74180073157303e-05	0	Fam102a
6.49075254145163e-10	-0.325490128132326	0.246	0.293	2.09553945800766e-05	0	Fam78a
1.46625306512899e-09	-0.26376171145561	0.497	0.534	4.73379802076894e-05	0	Txnip
2.09139335921341e-09	0.326170175371151	0.466	0.397	6.75206346022051e-05	0	Cpm
2.61988956755606e-09	-0.397100239613035	0.671	0.692	8.45831346885472e-05	0	Ms4a6b
4.78730085999308e-09	-0.356911053095004	0.064	0.101	0.000154558008264877	0	Usp18
8.76369031224075e-09	0.300735393918872	0.691	0.634	0.000282935741730693	0	Il7r
1.248579306673e-08	-0.420505104891105	0.734	0.73	0.000403103829159378	0	Dgka
1.39536517442072e-08	-0.309828640031976	0.37	0.407	0.00045049364656173	0	Filip1l
3.66762353581368e-08	-0.268905208538592	0.382	0.419	0.00118409225853745	0	Cd226
5.76278454691794e-08	-0.261498584776925	0.336	0.372	0.00186051499097246	0	Parp9
1.55568854701711e-07	-0.325094794252248	0.318	0.365	0.00502254047404474	0	Alcam
8.32171925186531e-07	-0.338425090978684	0.427	0.442	0.0268666706046472	0	Rere
1.2710966539767e-06	-0.400248545203734	0.476	0.477	0.0410373554736379	0	Cenpa
3.43231405141907e-06	-0.266620610837797	0.594	0.593	0.110812259150065	0	Pik3cd
3.47827433593615e-06	-0.306156684439675	0.525	0.517	0.112296086935699	0	Mxd1
3.71987179500083e-06	-0.25108805630291	0.405	0.409	0.120096060901602	0	Ckap5
7.92818341991051e-06	-0.423997815874697	0.66	0.624	0.255961401711811	0	Rgs1
2.83111138749445e-05	-0.411335392099865	0.251	0.273	0.914024311452582	0	2610035D17Rik
3.66832159868093e-05	-0.423102048335304	0.381	0.387	1	0	Actn1
3.93767018242114e-05	-0.280226623317342	0.782	0.71	1	0	Dek
4.50751138661991e-05	-0.556050611076615	0.231	0.243	1	0	St6gal1
0.000188166058254737	-0.779342384190846	0.315	0.311	1	0	Hist1h4d
0.000220668168525819	-0.435251833326833	0.264	0.271	1	0	H2afx
0.000345188231067137	-0.27039069912338	0.62	0.614	1	0	Man1a
0.000451955133779749	-0.32019459397207	0.769	0.751	1	0	Stat1
0.000545549381674308	-0.671289851760616	0.708	0.675	1	0	Lef1
0.000714756224579624	-0.340680473144808	0.405	0.408	1	0	Gm12840
0.00079293718170158	-0.372746996690125	0.586	0.566	1	0	Abtb2
0.00188421742567161	-0.365356895515201	0.981	0.799	1	0	Ctla4
0.00251289351838883	-0.687462649117639	0.354	0.34	1	0	Ms4a4b
0.00356472618444424	-0.299658734515908	0.579	0.566	1	0	Trim30a
0.00419123302268652	-0.356077582781076	0.848	0.736	1	0	Icos
0.00427330830454083	-0.276632219988545	0.749	0.623	1	0	Lag3
0	3.36525267780505	0.968	0.272	0	1	Gm2682
0	2.81550181965384	0.947	0.197	0	1	Ms4a4b
0	2.81026894259386	0.989	0.677	0	1	Foxp1
0	2.4607888247983	0.97	0.615	0	1	Lef1
0	2.45534473179106	0.997	0.977	0	1	AY036118
0	2.44571938774959	0.844	0.176	0	1	Scml4
0	2.27320510748874	0.973	0.512	0	1	Satb1
0	2.10754112443432	0.985	0.779	0	1	Ccnd3
0	2.08016979515548	0.998	0.987	0	1	Cmss1
0	2.05839359229614	1	1	0	1	Gm42418
0	2.03969326576142	0.738	0.117	0	1	St6gal1
0	1.87974645211122	0.734	0.191	0	1	Pag1
0	1.87320487474776	0.401	0.028	0	1	Fgf13
0	1.85236750114998	0.957	0.766	0	1	Prkcq
0	1.76690686575733	0.95	0.797	0	1	Cdk8
0	1.74258371353674	0.66	0.149	0	1	Galnt10
0	1.71894516206235	0.657	0.071	0	1	Sell
0	1.71398909509338	0.999	0.988	0	1	Arhgap15
0	1.70853919293234	0.752	0.296	0	1	Actn1
0	1.70749230207148	0.969	0.768	0	1	Gimap6
0	1.67013808408549	0.508	0.099	0	1	Ifi213
0	1.66926543102038	0.965	0.77	0	1	Ripor2
0	1.63445403155781	0.695	0.304	0	1	Slfn1
0	1.61153503261168	0.893	0.418	0	1	Tcf7
0	1.60277108539413	0.884	0.638	0	1	Ms4a6b
0	1.60069451858217	0.917	0.685	0	1	Dgka
0	1.56707486786802	0.824	0.487	0	1	Arhgef18
0	1.56055437931751	0.537	0.038	0	1	Nsg2
0	1.5582621202551	0.47	0.051	0	1	Rapgef4
0	1.53903507426225	0.642	0.234	0	1	Tespa1
0	1.4972529330529	0.553	0.126	0	1	Pdk1
0	1.49141433814266	0.967	0.658	0	1	Bach2
0	1.46570644662572	0.938	0.797	0	1	Themis
0	1.4323328020058	0.855	0.682	0	1	Apbb1ip
0	1.43146952885546	0.945	0.845	0	1	Bcl11b
0	1.42892211281998	0.982	0.927	0	1	Camk1d
0	1.42314239428335	0.459	0.036	0	1	Nedd4l
0	1.39855074432954	0.505	0.085	0	1	A630014C17Rik
0	1.39337921108588	0.979	0.861	0	1	Ablim1
0	1.38980744693255	0.966	0.779	0	1	Grap2
0	1.33127389060153	0.448	0.087	0	1	Ifi208
0	1.31898551138747	0.444	0.063	0	1	Rflnb
0	1.26567543843919	0.46	0.098	0	1	Pik3r5
0	1.25384679408681	0.309	0.021	0	1	Gm14085
0	1.25087167838571	0.977	0.911	0	1	Ikzf1
0	1.20233635129978	0.515	0.123	0	1	Il6st
0	1.14722424056709	0.366	0.022	0	1	Trat1
0	1.09611731104093	0.309	0.006	0	1	Dtx1
0	1.04612308535579	0.355	0.017	0	1	Atp1b1
0	1.02892997532921	1	0.998	0	1	Rpl12
0	1.02275049360332	0.307	0.014	0	1	Ifit1bl1
0	0.970898578116268	0.991	0.981	0	1	Skap1
0	0.961104026438358	0.332	0.028	0	1	Pik3ip1
0	0.935834066981698	0.99	0.967	0	1	mt-Nd2
0	0.928798265744041	1	0.999	0	1	Rpl13a
0	0.86667384153045	0.997	0.982	0	1	Rps17
0	0.805362071326774	0.999	0.996	0	1	Rpl5
0	0.748667173629898	1	0.997	0	1	Rps19
0	0.628491945814518	1	0.999	0	1	Rps16
0	0.601550394899586	1	1	0	1	Rps24
0	-0.871862292767863	0.996	0.999	0	1	Tmsb10
0	-0.991494906373268	0.571	0.951	0	1	Cox6c
0	-0.995916738794069	0.634	0.966	0	1	Arpc3
0	-1.03398572511256	0.657	0.97	0	1	Cox7c
0	-1.050802831794	0.669	0.974	0	1	Cox8a
0	-1.05971411740059	0.877	0.994	0	1	Oaz1
0	-1.08003199672148	0.029	0.594	0	1	Podnl1
0	-1.10430426608132	0.192	0.804	0	1	Cd82
0	-1.11942847646169	0.245	0.839	0	1	Skil
0	-1.13721801178044	0.056	0.65	0	1	A430093F15Rik
0	-1.1536148354134	0.027	0.601	0	1	Cpd
0	-1.16973072154443	0.092	0.702	0	1	Impa2
0	-1.1908731279657	0.294	0.885	0	1	S100a13
0	-1.19998212314065	0.035	0.623	0	1	Raph1
0	-1.20930493366287	0.302	0.87	0	1	Ubl3
0	-1.22121032044459	0.029	0.603	0	1	Myo1f
0	-1.24887776783595	0.048	0.626	0	1	Gm45716
0	-1.25857121690103	0.39	0.925	0	1	Gna13
0	-1.25869820894098	0.296	0.914	0	1	Reep5
0	-1.27419651920041	0.375	0.921	0	1	Tpm4
0	-1.27426945075919	0.04	0.7	0	1	Dusp4
0	-1.27593716390205	0.046	0.651	0	1	Mdfic
0	-1.27860778462409	0.053	0.663	0	1	Ybx3
0	-1.29223098470118	0.675	0.971	0	1	Gapdh
0	-1.29990792151391	0.169	0.82	0	1	Rab43
0	-1.30674660121119	0.116	0.739	0	1	Cd44
0	-1.31417067990154	0.375	0.894	0	1	Rab8b
0	-1.31434975477482	0.602	0.972	0	1	Rbm3
0	-1.32415111608765	0.357	0.948	0	1	Uba52
0	-1.36259091306589	0.045	0.673	0	1	Fosl2
0	-1.38190335199381	0.313	0.895	0	1	Tnfaip3
0	-1.38471204516635	0.115	0.747	0	1	Dusp5
0	-1.38657886909427	0.03	0.617	0	1	Chst11
0	-1.42305430969601	0.077	0.719	0	1	Dgat1
0	-1.42617667618488	0.154	0.788	0	1	Mapkapk3
0	-1.43047012013265	0.2	0.81	0	1	Samsn1
0	-1.43310841492673	0.148	0.855	0	1	Ctsb
0	-1.43897559321683	0.065	0.739	0	1	Rilpl2
0	-1.44167726839731	0.506	0.949	0	1	Gdi2
0	-1.44489487136576	0.217	0.843	0	1	D16Ertd472e
0	-1.46653893912773	0.062	0.69	0	1	Dusp16
0	-1.46758715576177	0.151	0.833	0	1	Timp2
0	-1.47004174648029	0.2	0.807	0	1	Lmnb1
0	-1.47348241583365	0.124	0.861	0	1	Prr13
0	-1.4828581937772	0.024	0.63	0	1	Bcl2a1d
0	-1.4940966652487	0.577	0.962	0	1	Ptpn22
0	-1.49728345768934	0.239	0.833	0	1	Ifrd1
0	-1.5010845619169	0.361	0.883	0	1	Uhrf2
0	-1.50531450287546	0.046	0.646	0	1	Bcl2a1b
0	-1.51863102567301	0.286	0.876	0	1	AU020206
0	-1.54439150450116	0.865	0.995	0	1	Actg1
0	-1.5646294846825	0.045	0.705	0	1	Anxa2
0	-1.57539582252384	0.071	0.727	0	1	Runx2
0	-1.59018262125381	0.34	0.942	0	1	Sla
0	-1.59962578853282	0.1	0.773	0	1	Irak2
0	-1.60229300868654	0.097	0.831	0	1	Tnfrsf1b
0	-1.60766775667666	0.186	0.782	0	1	Cmtm7
0	-1.61080373654406	0.04	0.654	0	1	Farp1
0	-1.61366205959849	0.028	0.67	0	1	Lamc1
0	-1.64527979385165	0.024	0.617	0	1	Hip1
0	-1.64953627551298	0.038	0.617	0	1	Phactr2
0	-1.6653669405088	0.681	0.993	0	1	Ndfip1
0	-1.67431826622033	0.045	0.742	0	1	Fam129a
0	-1.67892951277697	0.048	0.688	0	1	Ptprj
0	-1.70673384564769	0.651	0.974	0	1	Nfkb1
0	-1.72210927292726	0.023	0.727	0	1	Slc22a15
0	-1.72242865936911	0.315	0.901	0	1	Ifngr1
0	-1.72525250001495	0.132	0.801	0	1	Odc1
0	-1.73062570738042	0.023	0.744	0	1	Litaf
0	-1.73884446998755	0.139	0.817	0	1	Rgs2
0	-1.74451242540406	0.454	0.927	0	1	Crip1
0	-1.75062247325201	0.033	0.765	0	1	Osbpl3
0	-1.78357699926358	0.03	0.797	0	1	Atp2b4
0	-1.80997627537241	0.033	0.722	0	1	Stx11
0	-1.82130785492664	0.026	0.669	0	1	Ell2
0	-1.83451225746005	0.15	0.785	0	1	Mxi1
0	-1.86950705595087	0.16	0.904	0	1	Ptms
0	-1.87140920237089	0.663	0.988	0	1	Junb
0	-1.90592900493623	0.328	0.94	0	1	Hif1a
0	-1.9196513396849	0.066	0.669	0	1	Gadd45b
0	-1.9298669913965	0.136	0.832	0	1	Crem
0	-1.96709798612917	0.343	0.9	0	1	Vim
0	-1.98555773548582	0.124	0.921	0	1	Il2rb
0	-2.01124861139008	0.411	0.923	0	1	AW112010
0	-2.01219382894226	0.165	0.854	0	1	Eea1
0	-2.03113343636507	0.105	0.763	0	1	Rgs1
0	-2.0630898986508	0.186	0.852	0	1	Trps1
0	-2.07534180096574	0.028	0.683	0	1	Nr4a2
0	-2.07858448480857	0.572	0.99	0	1	Srgn
0	-2.09616300612759	0.028	0.813	0	1	Lag3
0	-2.10268036807399	0.069	0.738	0	1	Nr4a3
0	-2.11462227630709	0.07	0.694	0	1	Furin
0	-2.12319996787963	0.128	0.895	0	1	Capg
0	-2.12907685364166	0.249	0.94	0	1	Kdm2b
0	-2.13724617220086	0.021	0.666	0	1	Tmem163
0	-2.14941882679648	0.239	0.876	0	1	Dennd4a
0	-2.15536414847506	0.305	0.911	0	1	Arhgap31
0	-2.15794521024419	0.213	0.904	0	1	Icos
0	-2.18022348757908	0.026	0.673	0	1	Lgals3
0	-2.18656019344989	0.191	0.853	0	1	Itgav
0	-2.21355088590081	0.042	0.894	0	1	Ahnak
0	-2.21512041861047	0.188	0.935	0	1	S100a11
0	-2.21611118458329	0.229	0.923	0	1	Atxn1
0	-2.26199291088447	0.026	0.681	0	1	Igfbp7
0	-2.29644273110115	0.038	0.821	0	1	Bhlhe40
0	-2.31287627792464	0.216	0.925	0	1	Rbpj
0	-2.38624260295773	0.545	0.987	0	1	S100a10
0	-2.43075935277097	0.243	0.969	0	1	Ubash3b
0	-2.51452380874487	0.127	0.775	0	1	Il18r1
0	-2.52606576148114	0.112	0.854	0	1	Rora
0	-2.54977198406687	0.193	0.782	0	1	St6galnac3
0	-2.64898160152284	0.662	0.994	0	1	Rabgap1l
0	-2.80270739883732	0.043	0.892	0	1	Nt5e
0	-2.89149458321722	0.262	0.96	0	1	Lgals1
0	-2.9000342590054	0.051	0.907	0	1	Maf
0	-3.05761436942173	0.29	0.989	0	1	Ctla4
0	-3.79558861127216	0.023	0.862	0	1	S100a4
5.75476494248497e-308	0.7152877601094	1	0.999	1.85792586168127e-303	1	Rps20
6.90224305014021e-308	-0.998091296160175	0.807	0.986	2.22838916873777e-303	1	Fxyd5
4.86993743207143e-306	0.699822552654358	0.999	0.994	1.57225929994426e-301	1	Rpl23a
5.28478705010308e-304	-1.10574172675614	0.242	0.836	1.70619349912578e-299	1	Gng2
1.7650785579708e-301	-1.30489481117404	0.131	0.716	5.69855612440873e-297	1	Mmd
2.6593122655974e-301	0.938352569892529	0.32	0.033	8.5855896494812e-297	1	Sh3pxd2a
2.92910264059578e-301	0.723110809883841	0.998	0.992	9.45660787516349e-297	1	Rps6
1.72865664660006e-300	-0.966121648226785	0.045	0.607	5.58096798354828e-296	1	Gpr68
6.67264281624139e-300	1.24989490314705	0.451	0.094	2.15426273322353e-295	1	Klf3
1.79837520384219e-299	1.34576912953145	0.476	0.113	5.80605434560451e-295	1	Patj
1.01999950444743e-298	0.859930713287812	0.994	0.984	3.29306840010852e-294	1	Ptprc
2.13237673730555e-298	-1.48766731106429	0.655	0.955	6.88437829639096e-294	1	Cblb
5.26814783183949e-298	-1.03159017590764	0.249	0.847	1.70082152750938e-293	1	Vamp8
2.42881069466556e-297	1.51353305068874	0.751	0.437	7.84141532772774e-293	1	Prkcb
6.30399880181985e-297	-1.13695046123533	0.333	0.873	2.03524601316754e-292	1	Cox17
7.51516078153448e-297	-1.48167033555337	0.126	0.705	2.42626965831841e-292	1	Tnfrsf4
3.09105732199667e-296	-1.10595470240918	0.689	0.969	9.97947856406626e-292	1	Fnbp1
6.84577197825781e-295	-0.864464504734353	0.742	0.978	2.21015748318053e-290	1	Gnai2
1.40581611248359e-294	-1.2937538909443	0.066	0.619	4.53867731915327e-290	1	Ctsw
2.84485158220764e-292	-1.46842738108404	0.034	0.577	9.18460333315736e-288	1	Cysltr2
4.80420532703341e-292	-0.935647479230008	0.06	0.628	1.55103768983274e-287	1	Tgif1
7.97346879588688e-292	-1.14536459600099	0.42	0.917	2.57423440075208e-287	1	Arf4
1.04420388906113e-290	-1.44142328456425	0.06	0.613	3.37121225583387e-286	1	Creb3l2
1.21186298796459e-290	-0.990244013911716	0.537	0.946	3.91249965664368e-286	1	Gm10076
1.07202569425344e-288	-1.34877262984907	0.269	0.817	3.46103495389723e-284	1	Gm36975
3.51733431873064e-288	-1.27795604586573	0.023	0.555	1.13557138480219e-283	1	Pdcd1
5.5779736698633e-288	-1.04325627446153	0.224	0.813	1.80084879931537e-283	1	Smpdl3a
2.57877666352072e-285	-2.19052481286312	0.024	0.552	8.32558045817664e-281	1	Nkg7
5.79739152206107e-285	-0.959938181112655	0.03	0.566	1.87168785289742e-280	1	Ehd1
6.72251784695935e-285	-0.72158550508346	1	1	2.17036488689083e-280	1	Tmsb4x
1.00511313319747e-283	-1.81465706416454	0.052	0.585	3.24500775052804e-279	1	Tnfsf11
1.43488103378313e-283	-1.20785346913726	0.53	0.931	4.63251341756883e-279	1	Ucp2
2.79038073152539e-283	1.34427230443715	0.659	0.26	9.00874419172971e-279	1	St8sia1
4.22437411562482e-282	-0.901573245372891	0.647	0.969	1.36383918322947e-277	1	Arpc1b
1.8534935469382e-281	-0.853952835679217	0.884	0.99	5.98400391628998e-277	1	Myl6
1.10353815987222e-280	1.42095296341701	0.679	0.34	3.56277294914747e-276	1	Gm12840
1.88014605998441e-280	-2.54325507928557	0.024	0.551	6.07005155465967e-276	1	S100a6
2.95962633652942e-280	-1.10109035747198	0.117	0.677	9.55515362748522e-276	1	Sept11
1.66830743263641e-279	-1.24658097295104	0.205	0.762	5.38613054626666e-275	1	Gm15283
4.34497008378745e-279	-1.259826612313	0.434	0.899	1.40277359155078e-274	1	Aopep
5.70153353548345e-278	-1.14018707625235	0.372	0.874	1.84074010193083e-273	1	Ostf1
1.19345869263724e-277	-1.25245904249842	0.027	0.552	3.85308138917932e-273	1	Gem
1.40348564159301e-277	-0.839751472563415	0.964	0.995	4.53115339388304e-273	1	Ubb
2.84108775289647e-277	1.04255054559366	0.352	0.053	9.17245181022625e-273	1	Mctp2
7.51685784631742e-277	1.00179928462597	0.967	0.913	2.42681755568358e-272	1	Utrn
3.55965129898202e-275	1.25541046295634	0.887	0.824	1.14923342187635e-270	1	Sp100
3.58222016670626e-275	0.622910252491999	0.999	0.995	1.15651978082111e-270	1	Rps15
8.03735141777798e-275	1.30734202406246	0.864	0.7	2.59485890522962e-270	1	Ppm1h
1.43710326053635e-274	-0.944565804292492	0.212	0.799	4.63968787664162e-270	1	Cyth4
1.27926580465481e-273	-0.949154110594606	0.691	0.971	4.13010965032804e-269	1	Sh3bgrl3
4.68338336557426e-273	-1.06719145681308	0.21	0.776	1.51203031957565e-268	1	Hivep1
6.50385743588315e-272	0.563728185815266	0.999	0.999	2.09977037317487e-267	1	Rps23
9.98384045709159e-270	-1.44713783687028	0.428	0.883	3.22328289157202e-265	1	Nfkbia
1.37068612924022e-269	1.23563065838988	0.571	0.219	4.42526016825205e-265	1	Kbtbd11
9.28024593802714e-269	-1.05073564120956	0.086	0.631	2.99612740109206e-264	1	Dusp1
2.77914033506542e-267	0.850507185739462	0.242	0.015	8.97245457175872e-263	1	Lypd6b
8.69160065747341e-267	0.497700186268412	1	1	2.80608327226529e-262	1	Rps14
1.01331282506468e-266	-2.52361306229878	0.013	0.514	3.27148045572132e-262	1	Lgals7
1.20018758924544e-266	-0.860847477566798	0.126	0.691	3.87480563187891e-262	1	Rnh1
1.2738436514843e-266	-0.878189197970469	0.105	0.664	4.11260422881705e-262	1	Crlf2
2.05657277316274e-265	-1.02097518179481	0.041	0.559	6.63964519815591e-261	1	Prelid2
1.96601063329776e-264	-0.9734772219005	0.289	0.839	6.34726532960183e-260	1	Calm3
3.62748166501149e-264	-0.923751071673087	0.427	0.913	1.17113245554896e-259	1	Prkar1a
1.69315152368019e-263	-0.668674830907581	0.993	0.999	5.46633969420148e-259	1	Rpl41
2.06745347419857e-263	-1.24712109434781	0.094	0.623	6.67477354145008e-259	1	Neurl3
2.59564238958007e-263	-1.07025912402268	0.428	0.893	8.38003145475925e-259	1	Txn1
2.61366861082574e-263	-0.902135201595466	0.485	0.931	8.43822911005091e-259	1	Ubl5
7.15822428388902e-263	-1.01413495404566	0.173	0.733	2.31103271005357e-258	1	Rnf125
3.10404848572216e-262	0.718645800755661	0.225	0.011	1.0021420536154e-257	1	Dzip1
3.40737040070913e-260	0.579966301304074	0.999	0.998	1.10006953386894e-255	1	Rps4x
3.67640383818057e-260	-1.14827609281054	0.296	0.822	1.1869269791566e-255	1	Tgfb1
5.72869789245907e-260	-0.872077785558599	0.225	0.808	1.84951011458041e-255	1	Capns1
1.35593420979603e-259	-0.988979298150398	0.576	0.947	4.37763359632647e-255	1	Lsp1
1.48726701733243e-259	1.27217880940144	0.607	0.219	4.80164156545776e-255	1	Klf2
1.28783621800573e-257	-1.31400677191841	0.286	0.809	4.15777922983151e-253	1	Fam117b
2.97549717257603e-257	0.501605551766971	1	1	9.60639262166172e-253	1	Rpl19
7.68563409197798e-257	-1.40907456262098	0.413	0.873	2.48130696659509e-252	1	Malt1
3.12149923642874e-256	-1.10177805103504	0.138	0.669	1.00777602848102e-251	1	Pkp3
1.01125650944743e-255	-1.24626668311745	0.654	0.962	3.26484164075103e-251	1	Arl6ip1
1.12279245237162e-255	-0.83679854545839	0.667	0.966	3.62493543248177e-251	1	Atp5e
4.13859169492844e-255	-1.01531724434218	0.25	0.794	1.33614432870765e-250	1	Galnt2
3.45980571541799e-254	-0.989716041138022	0.093	0.625	1.1169982752227e-249	1	Nr4a1
4.44096595406509e-254	-0.830516889323894	0.018	0.508	1.43376585826991e-249	1	Endod1
9.92212156728547e-254	-1.28725625062325	0.011	0.496	3.20335694799812e-249	1	Ccn4
2.33263683073063e-253	-0.819380043613993	0.085	0.621	7.53091800801384e-249	1	Tmem256
5.3754557975265e-253	-0.902342506472075	0.028	0.525	1.73546590423143e-248	1	Chsy1
1.90493843959271e-252	0.973104227798645	0.959	0.947	6.15009375222506e-248	1	Rapgef6
1.56424822875859e-250	-0.870444600620921	0.641	0.958	5.05017540654712e-246	1	Gnas
4.4792113470341e-250	1.33726990988927	0.695	0.406	1.44611338338996e-245	1	Evl
5.35557813289224e-248	-1.0189783818075	0.635	0.963	1.72904840020426e-243	1	Rgs10
4.58637263943283e-247	-1.07156634810772	0.166	0.7	1.48071040664089e-242	1	Lrrc8d
1.16890936480248e-246	1.3319296204074	0.37	0.074	3.77382388426481e-242	1	Ddx60
1.31060638676989e-246	1.14385558724253	0.298	0.039	4.2312927196866e-242	1	Usp18
5.59978101857053e-246	0.565673567572301	0.999	0.998	1.8078893018455e-241	1	Rpl8
1.07883877521623e-244	-1.14765823523342	0.012	0.487	3.48303098578561e-240	1	Plek
2.39079685800144e-244	1.30049343115344	0.679	0.379	7.71868765605765e-240	1	Rere
4.69884434616707e-244	-1.02714919371304	0.02	0.502	1.51702189716004e-239	1	AA467197
2.01844110621016e-243	-0.832950380961722	0.186	0.748	6.5165371113995e-239	1	Cst3
1.32088423310967e-241	1.46954651261347	0.522	0.186	4.26447474659457e-237	1	Ifi206
2.07566651276747e-241	-0.991154292157876	0.149	0.683	6.70128933646978e-237	1	Spty2d1
3.44298099704921e-240	-0.734823506413442	0.11	0.645	1.11156641489734e-235	1	Nucb1
4.11363987792044e-240	0.685438688430755	0.211	0.011	1.32808863458662e-235	1	Sgk3
9.71103123091503e-240	-1.11149015504755	0.241	0.76	3.13520643290092e-235	1	Tex2
3.97318938196494e-239	-0.936292729065699	0.341	0.866	1.28274419196738e-234	1	Orai1
6.70176221772588e-239	-0.870783308815032	0.208	0.76	2.1636639319928e-234	1	Slc3a2
2.21769960065447e-237	-0.918477735924123	0.035	0.514	7.15984316071297e-233	1	H1f0
5.70525099239703e-237	-0.943668796277841	0.041	0.526	1.84194028289538e-232	1	Phlda1
6.6313842230557e-236	-1.44199341530579	0.073	0.557	2.14094239641353e-231	1	Tnfrsf9
1.75637806546142e-235	-0.689420896645579	0.829	0.986	5.6704665843422e-231	1	Serf2
2.39384614891927e-235	1.43944664504784	0.525	0.203	7.72853229178585e-231	1	2610035D17Rik
1.66430957286989e-234	1.24254000160347	0.903	0.752	5.37322345601044e-230	1	Maml2
1.87783155465232e-234	-1.62221590405163	0.299	0.748	6.06257917419502e-230	1	Pim1
9.85617123669899e-234	-0.864154913663714	0.051	0.539	3.18206488376827e-229	1	Atf6
3.3402595536708e-233	-0.816231649025367	0.51	0.93	1.07840279690262e-228	1	Cox6b1
7.37196663930348e-233	-0.795931081537414	0.654	0.96	2.38003942949913e-228	1	Clic1
8.08652820466043e-232	-0.869344736462755	0.163	0.696	2.61073563087462e-227	1	Chp1
5.63295196101506e-231	-0.853089550840043	0.416	0.9	1.81859854061371e-226	1	Ppp1cc
2.65769644716545e-230	-0.751162128815338	0.091	0.606	8.58037297967366e-226	1	Rnf216
1.06095867350364e-229	-1.03018753957204	0.094	0.592	3.42530507740649e-225	1	Rbbp8
1.62005791283553e-229	0.690516151479113	0.982	0.968	5.23035697158949e-225	1	Rpl31
4.35841721582617e-229	-0.73563307755618	0.035	0.505	1.40711499812948e-224	1	Unc119
1.14730544995044e-228	-1.14246970210557	0.062	0.536	3.70407564516498e-224	1	Ckb
7.63856612952023e-228	-0.837223558171043	0.331	0.854	2.46611107491561e-223	1	Gnb2
4.53088342937453e-226	-1.32976317655525	0.33	0.801	1.46279571517357e-221	1	Adamts6
4.96439675864317e-225	-0.966291987660441	0.117	0.617	1.60275549352795e-220	1	Mxd1
2.0904265322833e-224	-0.804113527763536	0.171	0.71	6.74894205947663e-220	1	Mapkapk2
8.18249812151317e-224	0.513218389388382	1	0.999	2.64171951853053e-219	1	Rps7
2.54349979974681e-223	-0.775426715824555	0.144	0.674	8.21168910348258e-219	1	Ech1
6.31187263613699e-223	1.07570584430536	0.918	0.83	2.03778808057683e-218	1	Mllt3
8.00497326415394e-223	-0.530982110334638	0.987	0.998	2.5844056183321e-218	1	Rpl38
1.67301901710053e-222	-0.788087688392743	0.173	0.711	5.40134189670907e-218	1	Atpif1
6.52893395738458e-222	-1.10065259996739	0.046	0.508	2.10786632814161e-217	1	Glrx
3.86948696020265e-221	-0.965949815792856	0.293	0.791	1.24926386510142e-216	1	Tagln2
2.81794141317114e-220	-0.786148526407178	0.042	0.506	9.09772385242304e-216	1	Ehd4
7.74693879882159e-220	-1.13084333351013	0.19	0.689	2.50109919119955e-215	1	Cdk6
2.40464891628705e-219	-2.48375789667917	0.013	0.45	7.76340902623275e-215	1	Nrgn
3.66951112919294e-219	-1.35617546583228	0.627	0.937	1.18470166805994e-214	1	H2afz
9.161847223236e-219	1.40866961913453	0.726	0.494	2.95790237602174e-214	1	Thada
1.02944221287684e-218	1.36655361591291	0.666	0.375	3.32355418427287e-214	1	Cmah
2.42083202385869e-218	-0.875259652199513	0.378	0.872	7.81565618902777e-214	1	Ssr4
4.3651548540079e-218	-0.887497837683253	0.587	0.939	1.40929024461645e-213	1	Ldha
5.40802888236813e-218	-0.786018105639328	0.061	0.537	1.74598212467255e-213	1	Casp3
5.69659946585734e-218	-0.857484998336843	0.103	0.599	1.83914713755204e-213	1	Nsd2
1.34558646354521e-217	-0.964379934481623	0.128	0.622	4.34422589755571e-213	1	Lpxn
9.58031063245591e-217	-0.794329228831741	0.549	0.94	3.09300328768839e-212	1	Elob
2.97755100486061e-216	0.479167559370181	1	0.999	9.61302341919247e-212	1	Rps9
3.82967564400918e-216	-0.853955522131482	0.227	0.753	1.23641078166836e-211	1	Coq10b
1.29058749593276e-215	-0.811599622807399	0.259	0.788	4.16666173061892e-211	1	Sh2d2a
7.39804219072882e-215	-0.823235201355802	0.235	0.768	2.3884579212768e-210	1	Rrbp1
1.4668374818057e-214	-0.939597572362346	0.485	0.907	4.73568481000971e-210	1	Ppp1r16b
2.58682685324308e-213	-0.795759710493981	0.016	0.449	8.35157049569527e-209	1	Nfil3
4.3481713666016e-213	-1.31327386391936	0.416	0.807	1.40380712570733e-208	1	Ramp1
4.69373053734182e-213	-1.38412740734212	0.033	0.47	1.51537090398081e-208	1	Cxcr6
5.77323590553932e-213	0.973863986906722	0.205	0.014	1.86388921210337e-208	1	Ifit3
1.24333526795594e-212	-0.80508802916076	0.415	0.881	4.01410791259576e-208	1	Sec61g
1.38215656032084e-211	-0.737657212962229	0.623	0.957	4.46229245499583e-207	1	Atp5l
2.28585418731934e-211	0.469277640255287	1	1	7.37988024376050e-207	1	Rplp1
2.42039729680592e-211	-0.911093449583247	0.213	0.714	7.8142526727379e-207	1	Pmepa1
2.50242217437702e-211	-0.735655390248993	0.035	0.48	8.07906998997619e-207	1	Sdcbp2
4.93387736642287e-211	-1.1907057503263	0.329	0.806	1.59290230774962e-206	1	Raf1
1.82509261614645e-210	-0.889205583798079	0.468	0.908	5.89231151122882e-206	1	Aebp2
4.06076271244646e-210	-0.977851726535096	0.055	0.508	1.31101724171334e-205	1	Socs2
8.92720845247442e-210	-0.844589090873644	0.228	0.746	2.88214924888137e-205	1	Isy1
1.05312287786942e-209	-0.900816634781915	0.191	0.703	3.40000721120142e-205	1	Tnfrsf18
2.40002516799111e-209	-0.744290285988827	0.257	0.796	7.7484812548593e-205	1	Bag1
4.35194519196847e-209	-0.968425921659747	0.384	0.859	1.40502550522702e-204	1	Baz1a
6.15269059984669e-209	-0.907433429546377	0.011	0.436	1.9863961601605e-204	1	Ttc39c
7.95316309597765e-209	-0.684549945380164	0.798	0.978	2.56767870553638e-204	1	Rac2
1.71766717144678e-208	-0.826733797589929	0.397	0.864	5.54548846301593e-204	1	Cox5b
2.90228553255108e-208	-0.962601004581026	0.013	0.439	9.37002884184116e-204	1	Tbx21
3.44881361133331e-208	-0.834061386408022	0.134	0.632	1.11344947441896e-203	1	Slc4a7
1.23454537731922e-207	-0.77908813103985	0.574	0.948	3.98572975067509e-203	1	Tspo
1.31138333911964e-207	-0.638810733606163	0.129	0.642	4.23380111034775e-203	1	1110008P14Rik
7.76446685091907e-207	-1.10786748398912	0.013	0.434	2.50675812281922e-202	1	Ltb4r1
6.2860309534152e-206	-1.00363937552524	0.055	0.497	2.0294450933101e-201	1	Gm13684
1.10489612357224e-205	1.00875861293031	0.849	0.712	3.56715713495298e-201	1	Itpr2
2.23731201679936e-205	-0.77168042264568	0.297	0.819	7.22316184623672e-201	1	Prdx2
3.54860534398483e-205	1.72156063704675	0.464	0.167	1.1456672353055e-200	1	Slfn5
3.83293528835592e-205	0.475199918181386	0.999	0.999	1.23746315784571e-200	1	Rps27a
6.25851742770048e-205	-0.84142625988024	0.094	0.565	2.0205623515331e-200	1	Cerk
3.51528439541837e-204	-0.787953720562525	0.333	0.837	1.13490956706082e-199	1	Prelid1
8.15925143445301e-204	-0.919798071883015	0.077	0.533	2.63421432561315e-199	1	Id2
9.97428399315534e-204	-0.792076762661848	0.129	0.616	3.2201975871902e-199	1	Ric1
4.70403946270011e-203	-0.676783049763324	0.033	0.466	1.51869914053273e-198	1	Plekho1
6.18519846647121e-203	-0.88754519737667	0.121	0.598	1.99689132490023e-198	1	Lclat1
7.70195873113372e-202	-0.908776528578313	0.733	0.969	2.48657737634652e-197	1	Hmgb1
1.51613984749376e-201	1.60377401836328	0.399	0.099	4.89485749763359e-197	1	Xist
3.46744200261601e-201	1.15586380761753	0.405	0.113	1.11946365054458e-196	1	Sidt1
5.41812564542443e-201	-0.743306842670986	0.281	0.81	1.74924186462528e-196	1	Atox1
2.4651979665776e-200	-0.775517622748863	0.033	0.462	7.95889163509577e-196	1	Cst7
4.01140456219896e-200	0.435801770196982	0.137	0	1.29508196290593e-195	1	Slc16a5
4.75397078916753e-200	-0.719011417520629	0.198	0.723	1.53481946928274e-195	1	Cstb
1.04619983702092e-199	-1.40428703609389	0.15	0.597	3.37765617382203e-195	1	Ece1
1.05376214601532e-199	0.536891945701606	0.155	0.004	3.40207108841047e-195	1	Oas2
1.20071278702066e-199	-0.949439036831051	0.552	0.925	3.87650123289619e-195	1	Sik3
7.57397381839134e-199	1.33769001447422	0.357	0.09	2.44525744726765e-194	1	A330040F15Rik
1.32087583384247e-198	-1.07297468897071	0.008	0.415	4.2644476295604e-194	1	Tox2
2.23926378251966e-198	-1.25417928777593	0.028	0.441	7.22946312186474e-194	1	Myo1e
5.61220322586275e-198	-0.73064640229672	0.255	0.784	1.81189981146979e-193	1	Ttc39b
6.13166340438755e-198	-1.12286455132613	0.029	0.447	1.97960753010652e-193	1	Fosb
1.69150227917923e-197	-0.643566516977808	0.137	0.637	5.46101510833015e-193	1	Sirt2
2.9815494629528e-197	-0.731215377670591	0.099	0.567	9.62593244114313e-193	1	Tnfrsf13b
5.15605955315154e-197	-0.806758062069441	0.126	0.604	1.66463382673497e-192	1	Rab11fip1
5.62901876365302e-197	0.944152412773547	0.136	0	1.81732870784538e-192	1	1700062C10Rik
5.90244223371541e-197	-0.74364751521394	0.576	0.937	1.90560347515502e-192	1	Ppp1ca
7.01456656579949e-197	-0.823227504023341	0.532	0.917	2.26465281576837e-192	1	Pkm
7.27062681813181e-196	1.32665652412053	0.704	0.45	2.34732186823386e-191	1	Ssbp2
1.28778776790406e-195	-1.06608049290517	0.42	0.869	4.15762280867827e-191	1	Sdf4
3.40996742790966e-195	-0.777410778654769	0.073	0.518	1.10090798410063e-190	1	Gfod1
3.6456294492339e-195	-0.730417823990973	0.961	0.996	1.17699146768517e-190	1	Fth1
5.22243578166348e-195	-0.808890981383925	0.175	0.669	1.68606339211006e-190	1	Hnrnpll
2.30669096703998e-194	-1.42982566281865	0.022	0.432	7.44715178708857e-190	1	Alcam
3.31489170687216e-194	-0.792472920148768	0.272	0.777	1.07021278756368e-189	1	Pfkp
3.37548574301186e-194	-0.718697154173001	0.045	0.472	1.08977557213138e-189	1	Cyfip1
1.83931787262907e-193	-0.686553906014087	0.193	0.705	5.93823775178294e-189	1	Lamtor4
1.98568870661897e-193	1.22685467727141	0.262	0.04	6.41079598931933e-189	1	Ifit1
9.64337905903162e-193	-0.810717247721224	0.034	0.45	3.11336492920836e-188	1	Sytl3
2.51744017658209e-192	-0.706045559572505	0.144	0.629	8.12755561009528e-188	1	Gstp3
1.44570268323985e-191	-0.710833019841155	0.091	0.548	4.66745111283985e-187	1	Ccdc50
2.04109504786772e-191	-0.959747843928819	0.014	0.414	6.58967536204093e-187	1	Srgap3
4.3554361599505e-191	1.01538513565382	0.254	0.036	1.40615256424002e-186	1	Igfbp4
1.47374383104729e-190	-0.714969372117866	0.013	0.411	4.75798195853616e-186	1	Gm17745
4.81673313825702e-190	-0.858530202598005	0.264	0.751	1.55508229368628e-185	1	Zbtb1
5.16686114389825e-190	0.946650883139781	0.515	0.196	1.66812112030755e-185	1	Ccr7
6.01593672796552e-190	-1.15806672997786	0.026	0.427	1.94224517262367e-185	1	Snx9
6.26250045049517e-190	-0.787243875921319	0.161	0.642	2.02184827044237e-185	1	Cdc14a
1.91278441213258e-189	-0.74928463246308	0.358	0.846	6.17542447457003e-185	1	Ndufb7
2.45752890173901e-189	1.35098217712284	0.733	0.479	7.93413205926439e-185	1	Pde3b
3.17606252261637e-189	-1.00262753989345	0.344	0.798	1.02539178542669e-184	1	Med14
3.65022606254329e-189	-1.04365971768715	0.04	0.451	1.1784754842921e-184	1	Ndrg1
4.52179994647082e-189	-1.18624363361681	0.142	0.584	1.4598631127181e-184	1	Flnb
9.88107798118857e-189	-0.791328099897747	0.235	0.732	3.19010602622673e-184	1	Traf1
2.65294577384136e-188	-0.504956501484594	0.97	0.996	8.56503543084682e-184	1	Eif1
4.46461504949434e-188	-0.636069859634119	0.053	0.482	1.44140096872925e-183	1	Ctnna1
6.59282576734559e-188	-0.91624686055411	0.031	0.436	2.12849379898752e-183	1	Cd80
8.03259766866547e-188	-0.608855911452526	0.038	0.456	2.59332415732865e-183	1	Plp2
9.711726902547e-188	-0.73126449169237	0.374	0.859	3.1354310304873e-183	1	Atp5md
4.6765870859387e-187	-0.699930579149389	0.019	0.418	1.50983614069531e-182	1	Pmaip1
1.22500941417916e-186	-0.815748758559721	0.336	0.82	3.95494289367743e-182	1	Ier2
1.54128018153108e-186	-0.867063221513001	0.367	0.831	4.9760230660731e-182	1	Nup98
2.96205364826153e-186	-0.798141968595328	0.323	0.823	9.56299020341235e-182	1	Elk3
3.03745609443198e-185	-0.725694961381322	0.016	0.407	9.80642700087366e-181	1	Acsbg1
4.36358880854196e-185	-1.1201521004161	0.329	0.77	1.40878464683777e-180	1	Jak2
9.26644013184457e-185	-0.750377518448452	0.644	0.952	2.99167019656602e-180	1	Sept7
1.3285506246413e-184	0.454408581136182	0.999	0.998	4.28922569165444e-180	1	Rpl9
2.71533623087584e-184	-0.955192065847266	0.586	0.938	8.76646302138264e-180	1	Nrip1
7.07256270447829e-184	-0.895030951984539	0.153	0.615	2.28337686914082e-179	1	Slc35d1
7.66413174905034e-183	-0.8046987308072	0.643	0.942	2.4743649351809e-178	1	Cmip
1.12636934109168e-182	-0.791338609973449	0.261	0.744	3.63648341771448e-178	1	Sec11c
2.05124345424413e-182	-0.739265033950495	0.648	0.96	6.62243949202717e-178	1	Pnrc1
3.29090980870201e-182	0.870470896062879	0.255	0.04	1.06247023173945e-177	1	St8sia6
3.97707698394611e-182	0.746790586257422	0.91	0.554	1.283999304267e-177	1	Aff3
6.2058886829904e-182	0.438283735251184	1	0.998	2.00357116130345e-177	1	mt-Atp6
9.87200479316744e-182	-0.725015547600614	0.116	0.572	3.18717674747411e-177	1	Lrrfip2
1.92058107587032e-181	-0.928405931157718	0.024	0.416	6.20059600344731e-177	1	Ifitm2
2.36993775582076e-181	-0.717928007220792	0.018	0.405	7.65134404466732e-177	1	Gm26532
4.07575243861506e-181	0.684767022998826	0.224	0.029	1.31585667480687e-176	1	Gm16337
4.78843375721627e-181	-0.700538700478556	0.268	0.773	1.54594583851727e-176	1	Sfr1
5.03715547010123e-181	1.07506959482789	0.422	0.147	1.62624564352218e-176	1	Rreb1
5.3892890040199e-181	-0.764648803317627	0.589	0.938	1.73993195494783e-176	1	Cotl1
1.0455840114538e-180	-0.664391050701623	0.075	0.507	3.3756679809786e-176	1	Mapre2
1.58692848570031e-180	-1.21644406452944	0.348	0.769	5.12339861608346e-176	1	Rel
1.7612384818816e-180	-0.856296319517664	0.063	0.48	5.68615843875474e-176	1	Coro2a
1.96188088374821e-180	-0.855535931034632	0.067	0.484	6.33393243318108e-176	1	Hilpda
2.92191405833068e-180	-0.796629817123429	0.132	0.584	9.43339953732061e-176	1	Mcm6
9.83318676410594e-180	0.933703423285712	0.392	0.119	3.1746443467916e-175	1	Rasgrp2
1.19414217710736e-179	0.899604732597358	0.316	0.073	3.85528801879112e-175	1	Fam49a
1.43173139512585e-179	0.904558749849707	0.341	0.091	4.62234480916382e-175	1	Slc12a7
1.58006213561309e-179	-0.906156374109534	0.025	0.415	5.10123060482688e-175	1	Fam20a
1.77835222899734e-179	-0.748593142218392	0.121	0.57	5.7414101713179e-175	1	Slc16a6
5.05440949091456e-179	-0.617151828849422	0.083	0.52	1.63181610414177e-174	1	Syt11
9.89577975418885e-178	-0.904566255254066	0.015	0.395	3.19485249363987e-173	1	Sgip1
1.55430417088752e-177	-0.955032822648525	0.099	0.525	5.01807101571036e-173	1	Bcl2l1
1.70371111417804e-177	-0.725656461159911	0.006	0.378	5.50043133212382e-173	1	Vax2
1.92088942211453e-177	-0.685638722945298	0.143	0.611	6.20159149929675e-173	1	Mrps6
2.62137142732481e-177	-0.698177493383547	0.27	0.765	8.46309765311816e-173	1	Zmiz1
4.69838357574492e-177	-0.591736011928848	0.795	0.984	1.51687313742925e-172	1	Uqcrh
2.33033523428572e-176	-0.697329366055139	0.276	0.769	7.52348730389144e-172	1	Atp5k
3.13468651885572e-176	-0.597368335331751	0.086	0.521	1.01203354261257e-171	1	Zyx
5.57358187953031e-176	-0.738772228497441	0.718	0.958	1.79943090980636e-171	1	Lcp1
6.57639251684901e-176	1.15541226281369	0.652	0.413	2.1231883240647e-171	1	Oprm1
6.84093930717106e-176	-0.586232984024005	0.128	0.591	2.20859725532018e-171	1	Mif4gd
7.04527859180603e-176	-0.662664960420118	0.614	0.939	2.27456819336458e-171	1	Arf5
9.14036403814437e-176	-0.530765161642869	0.056	0.471	2.95096652971491e-171	1	Syngr2
1.59969846806061e-175	-0.650670598842465	0.133	0.588	5.16462650413367e-171	1	Susd3
3.00201493325035e-175	0.762191210567268	0.951	0.941	9.69200521199877e-171	1	Ankrd44
3.4353167133437e-175	-0.677412944269062	0.538	0.925	1.10909200090301e-170	1	Atp5d
9.75491877468086e-175	-0.576968065571797	0.094	0.534	3.14937552640572e-170	1	Card19
1.23378039983539e-174	-0.632364678557712	0.763	0.973	3.98326002086857e-170	1	Cdc42
1.31244086168446e-174	-0.987171174320196	0.043	0.438	4.23721532194828e-170	1	March3
1.92521695144487e-174	-0.688231336142328	0.021	0.4	6.21556292773976e-170	1	Plscr1
3.49023772887826e-174	1.11213928604706	0.753	0.582	1.12682325076835e-169	1	Man1a
5.57714147576374e-174	1.30183581702879	0.724	0.535	1.80058012545032e-169	1	Abtb2
6.18749697312825e-174	-0.913249277787721	0.388	0.815	1.99763339777446e-169	1	Itpr1
8.68762403941381e-174	-0.731212077876487	0.538	0.925	2.80479942112475e-169	1	Ptpn1
1.12680279035175e-173	-0.884849141203825	0.11	0.54	3.63788280865064e-169	1	Myb
1.46582728090672e-173	-0.726608405793682	0.107	0.543	4.73242337640735e-169	1	Arhgap18
1.54113015733001e-173	-0.820803961252074	0.016	0.39	4.97553871293995e-169	1	Rgs16
1.61028484277095e-173	-0.673837009162707	0.537	0.92	5.198804614886e-169	1	Slc25a3
2.18856196303327e-173	1.15494661796529	0.389	0.13	7.06577229765292e-169	1	Parp11
3.90035039936362e-173	-0.806223381481297	0.331	0.809	1.25922812643455e-168	1	Glud1
7.40671194799818e-173	0.98405451421749	0.296	0.065	2.39125695241121e-168	1	Mob3b
9.66011883203583e-173	-0.895184007591719	0.422	0.852	3.11876936492277e-168	1	Vps54
3.73433757519426e-172	0.836251353370174	0.255	0.045	1.20563088615147e-167	1	Gm44148
4.83967571350824e-172	-0.915262461484161	0.563	0.912	1.56248930410614e-167	1	Stat3
6.5826246291475e-172	-0.685974786626932	0.569	0.927	2.12520036152027e-167	1	H2afy
1.24526402449922e-171	-0.606981726005906	0.093	0.522	4.02033490309573e-167	1	Csrnp1
1.3296860413397e-171	-0.622191291339647	0.139	0.598	4.29289138446522e-167	1	Otud7b
3.36121626825684e-171	-0.63244728379398	0.223	0.723	1.08516867220672e-166	1	Ube2m
4.04958825682912e-171	-0.58168457211958	0.069	0.485	1.30740956871728e-166	1	Map2k3
4.77243195890088e-171	-0.773448255203718	0.113	0.544	1.54077965793115e-166	1	Got1
7.92153057122717e-171	-0.725811470073763	0.332	0.808	2.55746614492069e-166	1	Zap70
8.77872230185018e-171	-0.745468588233714	0.165	0.621	2.83421049515233e-166	1	Tpi1
1.96385907622272e-170	0.815230647971233	0.876	0.853	6.34031902758506e-166	1	Stk4
3.2795291881356e-170	-0.644657281251934	0.242	0.737	1.05879599838958e-165	1	Ptpn7
4.14397953548713e-170	-0.654232948060907	0.291	0.793	1.33788379303202e-165	1	Hcls1
4.50182826567747e-170	0.687483748741367	0.215	0.028	1.45341525557397e-165	1	Ms4a4c
5.69922274260977e-170	-2.46552581181842	0.009	0.371	1.83999406245156e-165	1	Il17a
6.55820795089056e-170	-0.532159660252509	0.13	0.592	2.11731743694502e-165	1	Tbcb
7.29466660924369e-170	-1.21657799398952	0.011	0.374	2.35508311479433e-165	1	Il1r1
8.46764988178855e-170	-0.953452234318647	0.07	0.471	2.73378076433543e-165	1	Lig1
8.60001649855308e-170	-0.815381774656844	0.278	0.748	2.77651532655786e-165	1	Ctsd
1.57445032472273e-169	1.20816855862374	0.488	0.232	5.08311287336734e-165	1	Ndrg3
1.14094608784154e-168	-0.966324862669275	0.111	0.528	3.68354444459641e-164	1	Fos
1.4945086862019e-168	-0.669974800621437	0.058	0.457	4.82502129340284e-164	1	Cers4
7.01522109793462e-168	-1.113693493839	0.073	0.469	2.26486413146819e-163	1	Ifitm3
1.47248020341188e-167	-0.859310914479367	0.439	0.861	4.75390233671526e-163	1	Spag9
1.71643210748403e-167	-0.797578898724929	0.041	0.423	5.54150105901219e-163	1	Pglyrp1
1.82639871226879e-167	-0.57410417455172	0.015	0.38	5.89652824255979e-163	1	Gm37529
9.00135161192905e-167	-0.666688625819725	0.009	0.368	2.90608636791129e-162	1	Gna15
1.07782291216858e-166	-0.688229289296523	0.366	0.831	3.47975127193627e-162	1	Ndufb1-ps
2.0688551327972e-166	-0.552337726983782	0.09	0.514	6.67929879623578e-162	1	Comt
8.88042605364539e-166	-0.570475195268044	0.066	0.469	2.86704555141941e-161	1	Glipr2
1.10681941196544e-165	-0.77857232062479	0.213	0.67	3.57336647153042e-161	1	Tob2
4.25339873342556e-165	-0.810393443383909	0.026	0.393	1.37320978108644e-160	1	Nmrk1
7.8329421380133e-165	-0.777299416125739	0.402	0.851	2.52886536925760e-160	1	Serinc3
1.37623205797005e-164	0.424854266272004	0.138	0.005	4.44316519915632e-160	1	Vipr1
8.50427916538722e-164	-0.613489272728185	0.296	0.8	2.74560652854526e-159	1	Tmem160
1.05145498411318e-163	-0.591147556530281	1	1	3.39462241620941e-159	1	Actb
6.71638090065689e-163	-0.833155823402771	0.05	0.431	2.16838357377708e-158	1	Ern1
1.31365381834288e-162	-0.75926540486422	0.1	0.508	4.24113135252e-158	1	Cish
2.85127139602377e-162	-0.584413747548281	0.235	0.73	9.20532970206273e-158	1	Ap2s1
6.10221427072491e-162	0.665855764545686	0.964	0.934	1.97009987730354e-157	1	Fyb
9.48082458677044e-162	-0.580731058492813	0.118	0.554	3.06088421783884e-157	1	Dap
1.29839503817502e-161	-0.717007020857637	0.037	0.408	4.19186838074805e-157	1	Angptl2
1.95396944760869e-161	0.8779281357185	0.91	0.889	6.30839036160465e-157	1	Peli1
2.03571728435202e-161	-0.624428475261116	0.146	0.594	6.57231325253049e-157	1	Hspa4l
6.49255066836114e-161	-0.582648748724405	0.142	0.584	2.09611998328039e-156	1	Relb
9.11720121590406e-161	-0.805247366299147	0.009	0.359	2.94348841255463e-156	1	Il18rap
1.59587373150672e-160	-0.571347719760666	0.009	0.357	5.15227834216944e-156	1	Cd38
1.80119995760102e-160	-0.674899616320296	0.412	0.858	5.81517406311489e-156	1	Uqcr10
3.80588787677752e-160	0.652580848595369	0.159	0.012	1.22873090101762e-155	1	Oasl2
9.33355889238733e-160	-0.574872511218636	0.226	0.713	3.01333948840725e-155	1	Txndc17
1.31921067863151e-159	-0.716407331155507	0.532	0.901	4.25907167596183e-155	1	Hint1
2.5913599005172e-159	-0.656487733770482	0.748	0.969	8.36620543881978e-155	1	Ptprcap
3.68579107064079e-159	0.892750468909433	0.289	0.066	1.18995764715638e-154	1	Ifi214
4.66052683931477e-159	-1.20555688292618	0.14	0.536	1.50465109007277e-154	1	Tbc1d4
6.43759519411961e-159	-0.826859182152253	0.046	0.417	2.07837760842152e-154	1	Cdkn1a
6.65276533152522e-159	0.423600261452884	0.999	0.998	2.14784528728292e-154	1	Rps3
1.11624332745473e-158	-0.610313860274596	0.264	0.75	3.60379158268759e-154	1	Csnk2b
1.3586148594524e-158	-0.618670102834103	0.766	0.977	4.38628807374206e-154	1	Cd3e
1.39897956887478e-158	-0.664723407636699	0.529	0.911	4.51660553811222e-154	1	Atp5j2
1.40022585447009e-158	-0.929962058683051	0.038	0.403	4.52062917115669e-154	1	Nrp1
1.5522023044643e-158	-0.613877455657949	0.161	0.61	5.01128513996298e-154	1	Slc1a5
1.59922392206066e-158	0.568676878598589	0.191	0.023	5.16309443237284e-154	1	Gm34006
2.46237392139028e-158	-0.79113268926629	0.451	0.87	7.94977420520852e-154	1	Hcst
2.89659748624483e-158	1.17076473650754	0.637	0.464	9.35166498434144e-154	1	Pced1b
6.22376975084762e-158	-0.898063322788457	0.012	0.358	2.00934406406115e-153	1	Adarb1
8.54901959597199e-158	-1.0418781481577	0.131	0.536	2.76005097655956e-153	1	Phlpp1
1.62721310649191e-157	-0.629223191972129	0.169	0.62	5.25345751430912e-153	1	Slbp
5.40278447673944e-157	-0.669392522418278	0.485	0.882	1.74428896831533e-152	1	Cox7a2
1.0276620419021e-156	0.80920851917502	0.888	0.88	3.31780690228093e-152	1	Mycbp2
1.07547850816722e-156	-0.927508887728423	0.013	0.357	3.47218236361788e-152	1	Nebl
1.39513545961982e-156	-0.691962323707055	0.115	0.533	4.50419483138258e-152	1	Cwc25
2.66403917125753e-156	-1.41918089079704	0.804	0.901	8.60085046440495e-152	1	Emb
1.04823416353988e-155	-0.50846767640951	0.084	0.489	3.3842239969885e-151	1	Unc119b
1.89069806551898e-155	1.26550775669826	0.661	0.477	6.10411870452804e-151	1	Arhgef3
3.82549387231589e-155	1.2247114195479	0.801	0.725	1.23506069667718e-150	1	Smc4
7.62718417413415e-155	-0.535249998393544	0.021	0.37	2.46243641061921e-150	1	Ccdc28b
8.10797447928999e-155	-0.820705389750269	0.628	0.924	2.61765956063877e-150	1	Mier1
1.56549850617955e-154	-0.487864089511451	0.046	0.419	5.05421192720068e-150	1	Acot7
1.70558268479362e-154	-0.615643705651581	0.008	0.346	5.50647369785619e-150	1	Rorc
4.0003669126754e-154	0.946195427923834	0.759	0.68	1.29151845775725e-149	1	Ubac2
1.60634941303735e-153	0.762219313472345	0.907	0.92	5.18609907999109e-149	1	Macf1
5.77684449433897e-153	0.397193069930927	1	1	1.86505424499734e-148	1	Rpl18a
5.91534043934815e-153	-0.601546547619359	0.282	0.766	1.90976766084355e-148	1	Psmd8
7.06487299582303e-153	-1.17376224441933	0.021	0.363	2.28089424670147e-148	1	Ccr6
7.29523825271682e-153	-0.581529255644523	0.715	0.961	2.35526766988962e-148	1	Eif3h
7.71089005568525e-153	-0.495910735511005	0.052	0.426	2.48946085447798e-148	1	Chst12
1.87352867214456e-152	0.971666243095023	0.583	0.298	6.04868731801872e-148	1	S1pr1
2.47132547391278e-152	-0.603724737413025	0.125	0.541	7.9786742925274e-148	1	Lrmp
3.09539456482501e-152	0.882587197405523	0.819	0.713	9.99348135253753e-148	1	Tgfbr2
3.44680343003851e-152	-0.574264627415711	0.159	0.601	1.11280048738793e-147	1	Cirbp
4.15368673376978e-152	-0.679135012038867	0.029	0.377	1.34101776199757e-147	1	Cdc25b
4.98855270561873e-152	-0.641037532863885	0.252	0.714	1.61055424100901e-147	1	Mpc1
5.45375749273913e-152	-0.503471794016205	0.178	0.642	1.76074560653083e-147	1	Abhd17a
7.41348866475261e-152	-1.57302301304411	0.521	0.882	2.39344481541538e-147	1	Hmgb2
1.45065288294719e-151	-0.567884980071647	0.025	0.373	4.68343283259501e-147	1	F730043M19Rik
1.48554429601047e-151	-0.581976427793174	0.198	0.662	4.7960797596698e-147	1	Plaat3
1.85132819523639e-151	-0.600262680709694	0.011	0.346	5.9770130783207e-147	1	Smim3
2.11684274517999e-151	-0.752088786871463	0.471	0.873	6.83422680281359e-147	1	Pde4d
2.79927290846388e-151	-0.674034878116222	0.458	0.872	9.03745258497564e-147	1	Cox5a
6.05872917274778e-151	-0.856388231518055	0.008	0.339	1.95606071342162e-146	1	Gm49180
7.69615152384332e-151	-0.71247900640693	0.526	0.898	2.48470251947281e-146	1	Thy1
8.72247577267378e-151	-0.501621744573574	0.087	0.484	2.81605130320773e-146	1	Grina
1.39204600475298e-150	-0.808474224056773	0.131	0.534	4.49422052634499e-146	1	Mast4
6.68602957188959e-150	-0.62329837211592	0.042	0.401	2.15858464728455e-145	1	Clic4
1.01533391883196e-149	-0.460572659698165	0.117	0.542	3.27800555694899e-145	1	Bcl7c
1.24490710637532e-149	-0.543598649263348	0.045	0.405	4.01918259293273e-145	1	Plk3
1.47461160627071e-149	-0.555236317641322	0.189	0.644	4.760783570845e-145	1	Wsb1
1.61152809489503e-149	-0.681143116644759	0.283	0.744	5.20281845436861e-145	1	Gpx1
1.63133135929107e-149	0.894786409008847	0.762	0.736	5.26675329347122e-145	1	Arid1a
1.90876580671854e-149	1.18033694741215	0.586	0.39	6.16245040699082e-145	1	Trim12a
2.67316382122098e-149	-0.538131151004532	0.007	0.334	8.63030939681193e-145	1	Chst2
7.44454332813719e-149	0.997745773099524	0.427	0.184	2.40347081348909e-144	1	Gpr18
1.35070801901152e-148	-0.702377594941669	0.013	0.342	4.36076083937869e-144	1	Cxcr3
2.02538784647536e-148	1.25703013568591	0.455	0.212	6.53896466234569e-144	1	Ift80
3.13700200838038e-148	-0.622879093062153	0.454	0.881	1.01278109840561e-143	1	Uqcrq
3.74251464889177e-148	-0.562698451536651	0.24	0.718	1.20827085439471e-143	1	Uqcr11
1.55523117182276e-147	-0.684067548023424	0.281	0.734	5.02106383822977e-143	1	Aprt
6.71860152110628e-147	-0.876448017784339	0.217	0.633	2.16910050108916e-142	1	Dut
6.78917480142203e-147	-1.17247549068545	0.8	0.959	2.1918850846391e-142	1	Ifi27l2a
1.16981845695214e-146	-0.522275394822847	0.018	0.354	3.77675888826998e-142	1	Ppfibp1
2.3033626092168e-146	-0.69558505072923	0.252	0.688	7.43640618385643e-142	1	Irf2bp2
2.55850358915674e-146	-0.571726660014753	0.04	0.391	8.26012883759255e-142	1	Hip1r
2.95121468836139e-146	-0.907989319209206	0.495	0.865	9.52799662137473e-142	1	Ikzf3
1.10862838765506e-145	1.58592688727005	0.482	0.247	3.57920674954435e-141	1	Rnf213
1.94938352809767e-145	-0.654715571533596	0.392	0.833	6.29358472046334e-141	1	Spn
3.095802612965e-145	0.775766411007284	0.829	0.801	9.9947987359575e-141	1	Atp1b3
4.03769322102421e-145	-0.621784957005627	0.417	0.871	1.30356925640767e-140	1	D8Ertd738e
4.50462120486504e-145	-0.549142026728703	0.256	0.735	1.45431695599068e-140	1	Tmem258
4.66910576798569e-145	-0.729853916908375	0.802	0.973	1.50742079719418e-140	1	Jund
5.98662499211898e-145	0.872934818911863	0.258	0.057	1.93278187870561e-140	1	Prrg1
7.56979317717756e-145	0.685903349746728	0.225	0.041	2.44390772725178e-140	1	Vmn2r97
1.22747137151526e-144	-0.553211698348958	0.869	0.983	3.96289132293701e-140	1	Cfl1
2.54207209320079e-144	0.835937965571663	0.287	0.076	8.20707975289875e-140	1	Ifit2
4.05458862806556e-144	0.390815824556191	1	1	1.30902393857096e-139	1	Rpl13
4.55583482954565e-144	-0.578451156217724	0.268	0.738	1.47085127471881e-139	1	Zfand5
4.91122513832101e-144	-0.692742761992663	0.095	0.479	1.58558903590694e-139	1	Cks2
5.0971320112904e-144	-0.614667692461771	0.112	0.508	1.6456090698451e-139	1	Tec
5.65481898173918e-144	-0.639029180806817	0.227	0.676	1.82565830825449e-139	1	Reep3
6.01258723444889e-144	0.389028134319117	0.999	0.999	1.94116378864182e-139	1	Rps3a1
7.2892591260999e-144	-0.433223692680141	0.101	0.505	2.35333730886135e-139	1	Tmbim4
7.88194591330196e-144	-0.605733313257668	0.026	0.36	2.54468623810954e-139	1	Cd101
1.29927208568515e-143	-0.477172763936858	0.997	0.998	4.19469992863452e-139	1	Rpl39
1.33801756676345e-143	-2.53098680065022	0.017	0.341	4.31978971429578e-139	1	Ccl5
1.35469052868499e-143	0.898908183776938	0.333	0.106	4.37361837185949e-139	1	Gm20559
1.99535422963631e-143	1.08291105797807	0.506	0.253	6.44200113038083e-139	1	Ifi209
2.12114189550875e-143	-0.591048317869503	0.291	0.764	6.84810660964999e-139	1	Ndufb8
3.22449346776282e-143	1.037973298746	0.547	0.313	1.04102771606723e-138	1	Bzw2
3.46003486158349e-143	1.01736596378382	0.715	0.638	1.11707225506223e-138	1	Chd3
7.81345904727781e-143	-0.596420224109948	0.539	0.913	2.52257525341364e-138	1	Ndufa13
1.3224123639674e-142	-0.491437284537495	0.202	0.654	4.26940831706875e-138	1	Dctn4
2.22542561071911e-142	-0.582652832821471	0.426	0.884	7.18478658420665e-138	1	Gabarap
5.51604119160995e-142	1.06105443153213	0.462	0.235	1.78085389871127e-137	1	Fam78a
5.56886368180824e-142	-0.453123724481779	0.104	0.504	1.79790763967179e-137	1	Gng10
6.37599301083562e-142	-0.648550911994442	0.046	0.39	2.05848934354828e-137	1	P2rx7
8.49085099464611e-142	-0.755221321514783	0.596	0.926	2.7412712436215e-137	1	Picalm
8.51917930914384e-142	-0.631830728840395	0.471	0.9	2.75041703995709e-137	1	Map1lc3b
1.10429160802691e-141	1.06793869776734	0.609	0.404	3.56520545651487e-137	1	Tasp1
1.78653235869009e-141	-0.614629405103039	0.705	0.954	5.76781972003095e-137	1	Sub1
1.86500173206967e-141	-0.590427164003309	0.158	0.574	6.02115809198692e-137	1	Tg
3.54393480057939e-141	-0.582297425424269	0.078	0.446	1.14415935036706e-136	1	Dst
4.48299067818308e-141	-0.611184223905415	0.064	0.423	1.44733354045141e-136	1	Gch1
5.14730783603657e-141	0.879978117947772	0.888	0.794	1.66180833486441e-136	1	Zbtb20
6.76788383491593e-141	-0.595322611014523	0.198	0.634	2.18501129610261e-136	1	Pgam1
9.79888746763611e-141	0.982726339939184	0.423	0.182	3.16357081892632e-136	1	Il6ra
1.3456907498789e-140	-0.562470939089474	0.083	0.456	4.34456258598403e-136	1	Twsg1
2.13876681674283e-140	-0.492463674752123	0.028	0.36	6.90500866785424e-136	1	Adora2a
5.95285280445199e-140	-0.467654230469637	0.181	0.636	1.92187852791732e-135	1	Vps29
6.75107421140694e-140	-0.473486028090209	0.026	0.355	2.17958430915273e-135	1	Slc25a24
9.29784342607764e-140	-0.569483585551616	0.011	0.326	3.00180875010917e-135	1	Slc15a3
9.65443537422552e-140	-0.472833646001017	0.172	0.611	3.11693446056871e-135	1	Ufc1
1.17265063496261e-139	-0.487687520350636	0.136	0.552	3.78590257497679e-135	1	Ciapin1
1.20893369020539e-139	-0.457970864341936	0.151	0.58	3.90304241882811e-135	1	Ssbp4
1.37923500376832e-139	-0.695999104458263	0.448	0.853	4.45286020966601e-135	1	Gpr132
1.40710558899358e-139	0.9207709688444	0.776	0.712	4.54284039406579e-135	1	Tcf20
4.58060068140613e-139	-0.437197791220343	0.055	0.408	1.47884692999197e-134	1	Cenpb
5.39019979524397e-139	-0.652845118875728	0.015	0.333	1.74022600389452e-134	1	Ahr
7.15394757350789e-139	-0.592822720421249	0.371	0.822	2.30965197410702e-134	1	Atp5mpl
1.03843645846055e-138	-0.607229941078317	0.275	0.726	3.35259210613989e-134	1	Tmem123
1.32481306057235e-138	-0.474896193881677	0.039	0.377	4.27715896605783e-134	1	Mafg
3.02097459097545e-138	0.656177510144239	0.944	0.958	9.75321646696423e-134	1	Jak1
3.54222490639333e-138	-0.612181746584944	0.237	0.681	1.14360731102909e-133	1	Ubald2
6.35305431191085e-138	-0.720594083443381	0.355	0.782	2.05108358460042e-133	1	Nfatc1
7.49166151258186e-138	-0.608064102144673	0.402	0.833	2.41868291933705e-133	1	Smdt1
9.1934650618666e-138	-0.602672703916975	0.2	0.632	2.96811019522363e-133	1	Aplp2
1.01155053467692e-137	-0.610944912009188	0.272	0.725	3.26579090120445e-133	1	Gimap5
1.51378444293993e-137	-0.507370533831584	0.026	0.353	4.88725307403158e-133	1	Fam110a
1.63074888667071e-137	-0.402170625412494	0.083	0.461	5.26487278061638e-133	1	Akt1
1.80643973878788e-137	-0.612701836007222	0.445	0.874	5.83209069667668e-133	1	Hnrnpl
3.54894462344218e-137	-0.693041815316732	0.255	0.682	1.14577677167831e-132	1	Adam19
3.68152853208669e-137	0.823817148520913	0.822	0.814	1.18858148658419e-132	1	Rhoh
6.04303920502742e-137	-0.457491790909642	0.148	0.57	1.9509952073431e-132	1	Mtch1
1.23068659160411e-136	-0.504068164942233	0.158	0.58	3.97327166099388e-132	1	Efhd2
1.79782813700809e-136	-0.469041234937573	0.15	0.567	5.80428814033061e-132	1	Pold4
5.35480361973898e-136	-0.623193920639935	0.009	0.316	1.72879834863273e-131	1	Emp1
8.3319602339821e-136	0.516421871722354	0.176	0.023	2.68997336154112e-131	1	Tdrp
1.08667348384755e-135	-0.754741174433611	0.097	0.461	3.50832534260183e-131	1	St3gal3
2.00509456042232e-135	-0.54162207628123	0.169	0.59	6.47344778832345e-131	1	Ube2q2
2.72467233559473e-135	-0.48825251304701	0.021	0.336	8.7966046354676e-131	1	Adap1
3.146760669924e-135	-0.620556586313717	0.05	0.387	1.01593168228496e-130	1	Bmpr2
3.15052784583121e-135	-0.874656446033035	0.164	0.553	1.0171479150266e-130	1	Cenpa
9.78048511909642e-135	-0.640642195873594	0.86	0.982	3.15762962070028e-130	1	Itm2b
1.04434149216368e-134	-0.602395120401836	0.281	0.718	3.37165650745044e-130	1	Snx2
1.97550624522615e-134	-0.413358982168314	0.124	0.529	6.37792191271264e-130	1	Dctn2
2.15418278164588e-134	-0.552678013599346	0.598	0.925	6.95477911054374e-130	1	Ppib
3.37594515845696e-134	-0.788949104806089	0.097	0.459	1.08992389440783e-129	1	Sh3rf1
4.29866062739516e-134	-0.53303263693289	0.245	0.69	1.38782258355453e-129	1	Sik1
7.93103127648751e-134	-0.516313974913901	0.05	0.388	2.56053344761399e-129	1	Slc29a1
1.28604467439495e-133	-0.492269848301144	0.153	0.571	4.1519952312841e-129	1	Etfb
1.55427018111012e-133	0.717563979337964	0.144	0.013	5.01796127971402e-129	1	Dapl1
1.93351364343202e-133	-0.56819578218095	0.441	0.872	6.24234879782027e-129	1	Ndufa2
2.09023063160478e-133	-0.483620153674467	0.085	0.452	6.74830959413602e-129	1	Lpgat1
3.69181157707486e-133	-0.502093779975378	0.067	0.419	1.19190136765862e-128	1	Ap1s2
5.74076474729124e-133	-0.531032824851919	0.348	0.82	1.85340589866298e-128	1	Fis1
5.96067281473408e-133	-0.515262350809598	0.022	0.336	1.9244032182369e-128	1	Pdcd1lg2
6.05183575158674e-133	-0.634514292932526	0.382	0.821	1.95383517239978e-128	1	Smap1
8.07932998740114e-133	-0.572884914171371	0.03	0.349	2.60841168643246e-128	1	Matk
9.00795561446534e-133	-0.682873384421814	0.019	0.329	2.90821847013013e-128	1	Plod2
1.74846342740437e-132	-0.554852538770758	0.103	0.477	5.64491417537501e-128	1	Fgfr1op
2.30499266300362e-132	0.796002446590749	0.331	0.114	7.44166881250718e-128	1	Als2cl
2.55493739688809e-132	-0.610050364721839	0.323	0.767	8.24861538585319e-128	1	1810037I17Rik
2.5915501600508e-132	-0.579561722800824	0.552	0.911	8.36681969172402e-128	1	Sec61b
2.63396155132432e-132	-0.578008448013498	0.93	0.992	8.50374486845055e-128	1	Cd3g
1.0253684719693e-131	-0.50119821202937	0.024	0.339	3.3104021117529e-127	1	Golm1
1.12471426393926e-131	-0.521807402666242	0.967	0.996	3.63114000112791e-127	1	Pfn1
1.54316914184697e-131	-0.64286165215497	0.06	0.397	4.98212157445293e-127	1	Irs2
2.40707760595004e-131	1.03442528084857	0.669	0.574	7.77125005080971e-127	1	Pik3cd
2.65911698589379e-131	-0.535148944291786	0.15	0.548	8.58495918895809e-127	1	Ptpn11
3.37033114276728e-131	-0.581924704538638	0.196	0.61	1.08811140944242e-126	1	Atl3
6.62749716576753e-131	-0.430560992478686	0.156	0.576	2.13968745996805e-126	1	Ap2m1
1.01187399746708e-130	-0.497540718021525	0.016	0.317	3.26683520082247e-126	1	Tigit
1.53136515458674e-130	-0.531725348623701	0.077	0.428	4.94401240158329e-126	1	Slc39a14
1.64158090275184e-130	-0.591327116459727	0.524	0.913	5.2998439445343e-126	1	Sept1
1.81737650515622e-130	-0.404592181703041	0.068	0.421	5.86740004689687e-126	1	Plekhb2
3.54530020640479e-130	-0.563806233032022	0.387	0.828	1.14460017163779e-125	1	Pomp
3.79497558417843e-130	-0.459954387633854	0.18	0.606	1.225207867352e-125	1	Rab11a
4.07899924568814e-130	-0.490852362414335	0.227	0.679	1.31690490647042e-125	1	Pgls
6.83940734211655e-130	-0.407837021877012	0.059	0.401	2.20810266040233e-125	1	Mical1
7.02126253326826e-130	-0.61618549730252	0.025	0.333	2.26681460886566e-125	1	Dtl
7.86365147089417e-130	-0.43476012327579	0.077	0.43	2.53877987737818e-125	1	Ncf4
9.33701074423394e-130	-1.32500702713231	0.008	0.303	3.01445391877593e-125	1	Ccr2
1.77121496461646e-129	-0.613933719078336	0.005	0.297	5.71836751326423e-125	1	Olfr60
2.40619456397332e-129	-0.736530922558982	0.227	0.626	7.76839914978788e-125	1	Atad2
2.93085362723459e-129	-0.593591516434142	0.153	0.544	9.46226093552686e-125	1	Batf
3.41361638184264e-129	1.03968211699973	0.525	0.316	1.1020860488779e-124	1	Zfp652
4.36154165608538e-129	0.418594746796381	0.117	0.006	1.40812372366716e-124	1	Oasl1
7.1905441588099e-129	-0.801626769694802	0.145	0.527	2.32146718167178e-124	1	Itgb1
8.82924898484645e-129	-0.709501876220998	0.795	0.972	2.85052303475768e-124	1	Wnk1
1.14049788822252e-128	-0.55692519307789	0.341	0.797	3.6820974321264e-124	1	Tomm6
1.3807517765779e-128	-0.985170450501147	0.006	0.297	4.45775711068176e-124	1	Serpinb1a
1.75456361859365e-128	-0.664272696166171	0.33	0.756	5.66460864262959e-124	1	Slc38a1
2.16368645886211e-128	-0.558164341619618	0.36	0.816	6.98546173243631e-124	1	Vasp
2.22819572607063e-128	0.784814840086418	0.856	0.84	7.19372990161903e-124	1	Tcf12
3.26973440172859e-128	-0.699246807433365	0.007	0.298	1.05563375159807e-123	1	Vdr
3.45796225730991e-128	-0.431670623552751	0.065	0.408	1.1164031147725e-123	1	Rnf11
4.4292051442827e-128	-0.464128390357754	0.036	0.354	1.42996888083167e-123	1	Gm5547
4.67504176556836e-128	-0.540492987147027	0.009	0.302	1.50933723401374e-123	1	Itga3
5.10814709891795e-128	-0.667264704261549	0.063	0.395	1.64916529088566e-123	1	Irf4
1.4749512892498e-127	-0.417048024818148	0.176	0.597	4.76188023734298e-123	1	Aup1
2.14761039226288e-127	-0.673392484700835	0.412	0.825	6.9335601514207e-123	1	Ss18
2.22656965158803e-127	-0.556640794164301	0.214	0.635	7.18848012015196e-123	1	Myo1g
2.48113305396227e-127	-0.439992461748389	0.1	0.469	8.01033806471718e-123	1	Nfkbil1
3.2127037026032e-127	-0.517608573640444	0.171	0.574	1.03722139038544e-122	1	Rassf1
3.99344490419119e-127	-0.668302526709344	0.196	0.591	1.28928368731813e-122	1	Gm2a
4.77340589793898e-127	-0.475713964602346	0.102	0.465	1.5410940941496e-122	1	Gm15472
5.66837810384155e-127	-0.413434181052566	0.014	0.31	1.83003587082524e-122	1	Gabarapl1
1.24303046772872e-126	-0.487966719456011	0.92	0.988	4.01312386506216e-122	1	Cd3d
1.25939739929293e-126	-0.487791790521878	0.11	0.482	4.06596450361724e-122	1	Ctsa
2.11685919016381e-126	-0.44366167299917	0.176	0.599	6.83427989544387e-122	1	Arf6
2.29264050119594e-126	-1.0883740115883	0.008	0.297	7.40178985811108e-122	1	Tff1
2.57971216154873e-126	-0.739970647543322	0.087	0.427	8.32860071356007e-122	1	E130308A19Rik
2.71977177748939e-126	-0.760712666562117	0.508	0.86	8.7807831836245e-122	1	Ldlrad4
2.72848427878683e-126	-0.464035606565471	0.869	0.982	8.80891149406327e-122	1	Cox4i1
3.90074434429347e-126	-0.534557331827403	0.345	0.802	1.25935531155515e-121	1	Mrpl52
8.73951092798117e-126	-0.475608711285883	0.033	0.343	2.82155110309872e-121	1	Adam9
1.81509383251895e-125	0.962144880971013	0.76	0.693	5.86003043828743e-121	1	Phf21a
2.77932073630736e-125	-0.613996528349199	0.355	0.777	8.97303699716831e-121	1	Stk39
3.18820757680839e-125	-0.562765057167767	0.542	0.905	1.02931281617259e-120	1	Sem1
6.24017236735843e-125	0.508607522028531	0.188	0.032	2.01463964880167e-120	1	Degs2
7.67083519985938e-125	0.592295487373765	0.148	0.016	2.4765291442746e-120	1	Wnt5b
9.24635846888218e-125	-0.600185372213983	0.141	0.516	2.98518683167861e-120	1	Chka
1.25278192634809e-124	-0.901967879092198	0.038	0.345	4.0446064492148e-120	1	Ctla2a
2.07334110650369e-124	-0.699792979919021	0.139	0.502	6.69378176234715e-120	1	Lin54
3.50491006625285e-124	0.291830668302536	1	1	1.13156021488973e-119	1	Tpt1
5.23147249113799e-124	-0.764300179412035	0.054	0.372	1.6889808937639e-119	1	Jazf1
5.26863629171081e-124	-0.524208650590255	0.101	0.458	1.70097922677884e-119	1	Smco4
5.52377474164852e-124	-0.493217790832285	0.979	0.996	1.78335067534122e-119	1	H2-D1
6.02970629826686e-124	-0.522641177502656	0.935	0.99	1.94669067839546e-119	1	Arhgdib
6.81199582391679e-124	0.387002793121299	1	0.997	2.19925285175153e-119	1	Rpl7
1.55065970486739e-123	-0.658934530527589	0.402	0.809	5.00630485716438e-119	1	Col4a3bp
2.12420840512045e-123	-0.692676871411896	0.588	0.917	6.85800683593138e-119	1	Fam107b
4.55788323789375e-123	-0.782076371721641	0.137	0.495	1.471512603354e-118	1	Arl5a
4.78308443820258e-123	-0.568882062918002	0.681	0.942	1.5442188108737e-118	1	Tpm3
5.44520665918005e-123	-0.54746001515988	0.659	0.941	1.75798496991628e-118	1	Snrpg
1.30655050939282e-122	-0.410691914055028	0.176	0.589	4.21819831957473e-118	1	Rnf10
1.32103428818139e-122	-0.540930892407544	0.259	0.678	4.26495919939363e-118	1	Slc25a4
2.82918400937555e-122	-0.565967288830518	0.326	0.757	9.13402057426898e-118	1	Eno1
3.24332468541872e-122	1.02989913165049	0.643	0.521	1.04710737468743e-117	1	Card11
1.71360017049536e-121	-0.365763750331408	0.076	0.418	5.53235815044426e-117	1	Acads
1.9536305141806e-121	-0.570341180109917	0.065	0.39	6.30729611503207e-117	1	Incenp
2.16306370311743e-121	-0.395879498607084	0.097	0.456	6.98345116551463e-117	1	Ctsz
2.6190991011808e-121	-0.641991092099465	0.183	0.57	8.45576144816221e-117	1	Bclaf3
4.50706827721563e-121	-0.418963166235609	0.118	0.489	1.45510699329907e-116	1	Trpv2
5.59008760318439e-121	-0.472115657331493	0.189	0.597	1.80475978268808e-116	1	Anxa11
7.28508379161361e-121	0.908275556498174	0.381	0.157	2.35198930212245e-116	1	Crim1
1.36882667836314e-120	-0.831661696875358	0.286	0.673	4.4192569310954e-116	1	Gramd1b
2.97617959919372e-120	0.777706659291662	0.279	0.085	9.60859583599692e-116	1	Treml2
3.13558953921929e-120	-0.374537252600199	0.129	0.515	1.01232508273695e-115	1	Mlf2
3.58252150175355e-120	-0.540162447567646	0.027	0.32	1.15661706684113e-115	1	Ccr4
5.20850196060132e-120	-1.67864069391713	0.02	0.303	1.68156485798014e-115	1	Plac8
7.27628439073755e-120	-0.441086869830337	0.125	0.493	2.34914841554962e-115	1	Sh3bgrl
9.49132957104645e-120	-0.701653457594422	0.547	0.871	3.06427575201235e-115	1	Pde4b
1.07937427622813e-119	0.874804940452759	0.721	0.624	3.48475985080253e-115	1	Add3
1.44339015322118e-119	-0.653781547101688	0.09	0.425	4.65998510967458e-115	1	Cebpb
1.80133897295948e-119	0.968886731330899	0.59	0.378	5.81562287419968e-115	1	Znrf3
1.89217630386114e-119	-0.520832770798856	0.337	0.774	6.10889119701568e-115	1	Ywhah
2.82481139563973e-119	-0.537055763644548	0.417	0.848	9.11990359082286e-115	1	Ndufv3
4.48876368988646e-119	-0.392945573249871	0.148	0.535	1.44919735727984e-114	1	Eva1b
4.85758337652546e-119	-0.486621790163486	0.086	0.427	1.56827079311125e-114	1	Zfp52
4.95969365354645e-119	-0.531108681418555	0.57	0.914	1.60123709604747e-114	1	Capzb
7.12054839650169e-119	-0.600757343125235	0.295	0.711	2.29886904981057e-114	1	Paxbp1
1.34319722881136e-118	-0.513889730153774	0.019	0.301	4.33651225321748e-114	1	Tjp2
2.54649225033575e-118	-0.418877401628583	0.083	0.424	8.22135023020898e-114	1	Cisd1
3.90702665025959e-118	-0.50928031354526	0.329	0.772	1.26138355403631e-113	1	Chmp2a
4.47927086489397e-118	-0.396663206437072	0.078	0.413	1.44613259873102e-113	1	Hmces
9.2819450592424e-118	-0.76425217023534	0.534	0.869	2.99667596237641e-113	1	Fbxo11
1.1412283150693e-117	0.743530520517693	0.25	0.067	3.68445561520123e-113	1	Rtp4
1.1479157904547e-117	-0.782602974587614	0.009	0.282	3.70604612948299e-113	1	Zeb2
1.18544754780395e-117	0.75877088207931	0.29	0.093	3.82721740808505e-113	1	Slc49a4
1.19993067917661e-117	-0.608184867176186	0.062	0.375	3.87397619772167e-113	1	Lockd
1.34675361223567e-117	-0.396640325423528	0.04	0.342	4.34799403710285e-113	1	Inf2
1.76028994782867e-117	-0.524268222771452	0.017	0.297	5.68309609656487e-113	1	Gpr160
2.28160754013075e-117	-0.763054609142284	0.555	0.885	7.36616994331213e-113	1	Arid5b
4.16788033329663e-117	-0.586715816244893	0.027	0.314	1.34560016560482e-112	1	Prdm1
4.27964449563904e-117	-0.436775705489958	0.217	0.642	1.38168322541706e-112	1	Pfdn1
5.88648507436767e-117	-0.438682572925754	0.166	0.558	1.9004517062596e-112	1	Zbtb38
6.18282159990385e-117	-0.538423653383901	0.25	0.661	1.99612395352896e-112	1	Selenos
6.35786646964245e-117	-0.394906892240349	0.171	0.574	2.05263718972406e-112	1	Tmem126a
6.41658460787502e-117	1.02245059503212	0.532	0.363	2.07159434065245e-112	1	Filip1l
8.88104863408219e-117	-0.641817928390014	0.087	0.416	2.86724655151343e-112	1	Homer1
9.72025009007655e-117	-0.585302207249351	0.518	0.891	3.13818274158121e-112	1	Eif5a
1.04055947906466e-116	0.986659352144558	0.42	0.205	3.35944627816027e-112	1	Samd9l
1.31355444938763e-116	0.566632387646896	0.183	0.033	4.24081053984796e-112	1	Slc14a1
1.41445146339777e-116	-0.453834631190371	0.028	0.318	4.56655654957971e-112	1	Ptprs
1.746266508224e-116	-0.460047589216788	0.825	0.977	5.63782142180118e-112	1	Btf3
2.70797812796599e-116	-0.590442287587635	0.066	0.379	8.7427073861382e-112	1	Tnf
6.40042088193331e-116	-0.380848339326777	0.153	0.545	2.06637588173217e-111	1	Ssr2
1.33680798114776e-115	-0.591397672711438	0.571	0.916	4.31588456713555e-111	1	Ubc
1.39524223127185e-115	-0.505462489786217	0.697	0.956	4.50453954366118e-111	1	Rap1a
1.61219620139133e-115	-0.368121886774228	0.095	0.441	5.20497543619191e-111	1	Hmg20b
2.00225916205129e-115	-0.476966506455233	0.272	0.715	6.4642937046826e-111	1	Bsg
2.49142965869083e-115	-0.412067785767407	0.227	0.66	8.04358065308334e-111	1	Mien1
3.23484781614794e-115	0.783926754315971	0.289	0.088	1.04437061744336e-110	1	Atp8b4
3.48737985496721e-115	-0.641446052018944	0.05	0.351	1.12590058617616e-110	1	Nt5dc3
7.78160934509797e-115	-0.417488530299496	0.223	0.649	2.51229257706488e-110	1	Rtf2
1.13483055692326e-114	-0.371078559324579	0.155	0.547	3.66380045302674e-110	1	Ebp
1.14443847025082e-114	-0.6440610464873	0.016	0.288	3.69481960120477e-110	1	Morrbid
1.23973903259986e-114	0.724428106678539	0.905	0.873	4.00249746674864e-110	1	Mir142hg
1.63780164101543e-114	-0.898588619089175	0.007	0.273	5.28764259801833e-110	1	Ablim3
1.80400852943769e-114	-0.429565525565499	0.207	0.618	5.82424153728958e-110	1	AI662270
2.78064246782947e-114	-0.546876530132823	0.38	0.802	8.97730420738744e-110	1	Ubr5
3.878569178113e-114	-0.386481854720243	0.161	0.554	1.25219605915378e-109	1	P4hb
4.7298607427518e-114	-0.39087915006326	0.11	0.464	1.52703554079742e-109	1	Cep250
7.46665228739678e-114	-0.43656132336408	0.212	0.633	2.41060869098605e-109	1	Sap18
7.49586794119979e-114	-0.554336426923571	0.017	0.291	2.42004096481635e-109	1	Cobll1
7.97377221827353e-114	-0.38168541405565	0.143	0.52	2.57433236066961e-109	1	Emd
8.74104943801273e-114	-0.385424945953309	0.084	0.418	2.82204781106241e-109	1	Nfkb2
1.40712781583904e-113	0.827956597341633	0.688	0.661	4.54291215343635e-109	1	Lars2
1.42454037194951e-113	0.376346614442617	0.999	0.997	4.599128590839e-109	1	Rpl21
1.7975959824736e-113	-0.454574760102091	0.288	0.732	5.80353862941603e-109	1	Lrp10
2.0737015413254e-113	-0.479996302754779	0.223	0.629	6.69494542616907e-109	1	Birc2
2.523506606666e-113	-0.390730010009012	0.186	0.591	8.14714107962118e-109	1	Cox20
3.55968029175466e-113	-0.404094325055902	0.089	0.42	1.14924278219299e-108	1	Skap2
5.53355951202573e-113	-0.614428937873829	0.05	0.347	1.78650968845751e-108	1	Dennd5a
2.49124503704654e-112	-0.381756243230203	0.154	0.537	8.04298460210476e-108	1	Cetn2
4.15026541306161e-112	-0.432141730344978	0.008	0.27	1.33991318860694e-107	1	Optn
4.58690352423561e-112	-0.810757997681555	0.067	0.365	1.48088180279947e-107	1	Diaph3
5.48353273580642e-112	-0.436298964929163	0.1	0.436	1.7703585437551e-107	1	Txnrd1
8.35989406429356e-112	-0.420241078244712	0.042	0.334	2.69899179865718e-107	1	Nmb
9.4777356730334e-112	-0.469453478540025	0.139	0.499	3.05988696203883e-107	1	Apaf1
1.4151878162935e-111	-0.630403804207418	0.175	0.536	4.56893386490357e-107	1	Slc7a1
1.77980639217755e-111	-0.343095716014573	0.094	0.432	5.74610493714523e-107	1	Glmp
1.92771075498929e-111	-0.35780753094124	0.118	0.477	6.22361417248293e-107	1	Hras
2.0960690174137e-111	-0.6138143991546	0.63	0.923	6.76715882272014e-107	1	Anp32a
2.7792281245927e-111	0.569032504901205	0.167	0.028	8.97273800024752e-107	1	Boll
4.51843296623813e-111	-0.448488355083532	0.158	0.531	1.45877608314998e-106	1	Ppme1
6.9319975903365e-111	-0.365531113523393	0.14	0.511	2.23799542204014e-106	1	Commd4
8.76198010138828e-111	-0.400277299065162	0.228	0.654	2.82880527573321e-106	1	Hadha
8.88487687999034e-111	-0.461019094145187	0.319	0.761	2.86848250070488e-106	1	Gatad2a
8.93813090092371e-111	0.985740658782506	0.399	0.193	2.88567556136322e-106	1	Slfn8
9.7764443335989e-111	-0.504015622008386	0.514	0.899	3.1563250531024e-106	1	Polr1d
1.73356971805423e-110	0.90010356973812	0.708	0.659	5.5968298347381e-106	1	Smc6
1.77358222396528e-110	0.739761604385642	0.242	0.068	5.7260102100719e-106	1	Bcl9
1.87641200324433e-110	-0.390777982932946	0.104	0.446	6.05799615247432e-106	1	Dok2
2.33645526615152e-110	-0.397189261880876	0.147	0.52	7.54324582677019e-106	1	Dynll2
2.38020952133898e-110	-0.51233685909946	0.304	0.72	7.68450643964289e-106	1	Plekha2
2.87397743751499e-110	-0.391794529246364	0.131	0.489	9.27863615701714e-106	1	Rgs3
4.18544491380077e-110	0.749966216518658	0.771	0.768	1.35127089042058e-105	1	Tnrc6c
4.18745425006153e-110	-0.456449096796135	0.311	0.756	1.35191960463236e-105	1	Atp6v0c
4.98647812148993e-110	-0.461162113498766	0.227	0.643	1.60988446152302e-105	1	Ndufa1
8.328419369808e-110	-0.34737923826314	0.183	0.582	2.68883019354251e-105	1	Ube2v1
1.46906465448166e-109	-0.484649540320874	0.428	0.86	4.74287523699405e-105	1	Atp6v1f
2.75229256625402e-109	-0.414776632451975	0.239	0.666	8.88577655015112e-105	1	Txnl1
3.57218801810179e-109	-0.356202973265188	0.112	0.458	1.15328090164416e-104	1	Soat1
8.92567323976665e-109	-0.579153639591803	0.06	0.355	2.88165360545866e-104	1	Cd200
8.93276202797127e-109	-0.356790688478423	0.164	0.556	2.88394222073053e-104	1	Ube2a
8.96130010228592e-109	-0.334755264059237	0.123	0.481	2.89315573802301e-104	1	Pet100
1.03566938235175e-108	-0.362552052905106	0.156	0.535	3.34365860092264e-104	1	Ppp2r2d
1.77821841248412e-108	-0.383327055670432	0.068	0.378	5.74097814470498e-104	1	Nfkbie
2.0204575221834e-108	0.660415193337987	0.243	0.064	6.52304711036911e-104	1	B630019A10Rik
2.79883437905447e-108	0.938569294749695	0.613	0.504	9.03603679277735e-104	1	Rcsd1
3.40865700526562e-108	-0.431132740593378	0.18	0.559	1.10048491415e-103	1	Midn
3.50392528308709e-108	-0.424987409261492	0.257	0.675	1.13124227764467e-103	1	Cd5
4.23070726326273e-108	-0.408108272624074	0.014	0.274	1.36588383994437e-103	1	Cemip2
4.53094046499414e-108	0.755974660162621	0.221	0.055	1.46281412912336e-103	1	Tsix
4.8089020352216e-108	-0.372767211175939	0.087	0.412	1.55255402207129e-103	1	Xbp1
4.82213369990823e-108	-0.366026170283179	0.046	0.337	1.55682586501537e-103	1	Ehbp1l1
4.90984821494529e-108	-0.331609575489735	0.113	0.461	1.58514449619509e-103	1	Timm17b
6.34590859286413e-108	-0.673913489521609	0.47	0.815	2.04877658920618e-103	1	Vgll4
9.00712058168758e-108	-0.518748671129692	0.57	0.9	2.90794887979783e-103	1	Arpc5
9.73161319120273e-108	0.344122584701258	0.999	0.999	3.1418513187798e-103	1	Rpl26
1.07114417329987e-107	-0.436317313520339	1	1	3.45818896349864e-103	1	Rpsa
1.17914147742446e-107	-0.528163870922454	0.537	0.884	3.80685825986485e-103	1	Atp5j
1.19174611600659e-107	-0.383800986861636	0.04	0.325	3.84755233552726e-103	1	Dstn
1.40288597709922e-107	-0.402941360270753	0.269	0.709	4.52921737706484e-103	1	Sin3b
1.60478479380351e-107	-0.491972979226104	0.279	0.683	5.18104770679464e-103	1	Mxd4
2.09880026970156e-107	-0.522644117300674	0.613	0.924	6.77597667073147e-103	1	Tln1
2.82995070633809e-107	-0.399981414884152	0.031	0.307	9.13649585541252e-103	1	Evi2a
3.15624749231293e-107	-0.477042795124538	0.136	0.482	1.01899450289323e-102	1	Larp1b
3.90458018624466e-107	0.716764429334419	0.769	0.747	1.26059371312909e-102	1	Atp11b
4.5622785871187e-107	-0.471424921816698	0.167	0.531	1.47293164185127e-102	1	Thap12
4.76233641923816e-107	-0.430392466217772	0.277	0.709	1.53752031295104e-102	1	Ndufa11
4.87726882634524e-107	-0.440822682161571	0.308	0.747	1.57462624058556e-102	1	Akr1a1
5.32995195447463e-107	-0.534950041222798	0.496	0.87	1.72077498850213e-102	1	Myl12a
5.65007539813745e-107	-0.457400480882373	0.301	0.731	1.82412684228868e-102	1	Ndufs5
6.41704557031401e-107	-0.686818816139368	0.116	0.442	2.07174316237588e-102	1	Hivep3
8.05120254047071e-107	-0.696217725028237	0.009	0.263	2.59933074019097e-102	1	Serpina3g
8.36265268273145e-107	-0.409818875009702	0.267	0.697	2.69988241861985e-102	1	Cops9
9.03726044549841e-107	-0.365640990491843	0.164	0.543	2.91767953482916e-102	1	Far1
1.21420786623396e-106	-0.446327460753072	0.011	0.265	3.92007009613635e-102	1	Fhl2
1.31126693614896e-106	1.02169024580189	0.487	0.298	4.2334253033569e-102	1	Dipk1a
1.79369919784289e-106	-0.342687106284793	0.082	0.401	5.79095786023576e-102	1	Idh3a
2.28960678112179e-106	-0.319863931802139	0.141	0.51	7.39199549285168e-102	1	Arl1
3.22898407502746e-106	-0.496924172714739	0.614	0.928	1.04247750862262e-101	1	Tma7
7.44724893231106e-106	0.428293057401689	0.988	0.987	2.40434431779663e-101	1	Mbnl1
7.92580797578701e-106	-0.412639526658853	0.007	0.257	2.55884710498283e-101	1	Ptger2
9.80449831412964e-106	-0.360815900871777	0.122	0.467	3.16538228071676e-101	1	Nudt4
9.80982560031506e-106	-0.402226017254549	0.257	0.682	3.16710219506172e-101	1	Mrps21
1.17980899177048e-105	0.750516625948581	0.61	0.4	3.80901332993098e-101	1	Cd27
2.49922205124514e-105	-0.425075019812348	0.024	0.289	8.06873839244493e-101	1	Sestd1
2.60918431736687e-105	-0.347251850293626	0.056	0.35	8.42375156861893e-101	1	B9d2
2.71693123291658e-105	-0.319808140996044	0.154	0.53	8.77161248547119e-101	1	Adipor1
3.0248010942695e-105	-0.36957714911144	0.017	0.274	9.76557033284908e-101	1	Grn
3.09497968932145e-105	-0.605977813977165	0.45	0.846	9.99214192697429e-101	1	Atp2b1
3.26851062607543e-105	-0.410218974337062	0.192	0.579	1.05523865562845e-100	1	Azin1
3.30164705596145e-105	-0.33650306123394	0.084	0.402	1.06593675201716e-100	1	Nde1
3.80248259494977e-105	-0.32100155990008	0.188	0.584	1.22763150577953e-100	1	Acadl
4.7183582521848e-105	1.07399132075606	0.541	0.383	1.52332196171786e-100	1	Hsd11b1
4.77694923860851e-105	-0.383923612507266	0.203	0.605	1.54223806168476e-100	1	Psmd13
5.12612631262247e-105	-0.451020487016425	0.338	0.78	1.65496988003016e-100	1	Gabarapl2
5.90076794719202e-105	-0.559490893652019	0.011	0.264	1.90506293175095e-100	1	Entpd1
6.23014252549492e-105	0.759656700409894	0.354	0.15	2.01140151435603e-100	1	Pdlim1
7.35554421696915e-105	-0.335098896368142	0.124	0.476	2.37473745044849e-100	1	Ccdc124
7.41554602725073e-105	-0.358383824111711	0.094	0.418	2.3941090348979e-100	1	Tceal9
9.01365231343874e-105	-0.360531553167446	0.207	0.61	2.9100576493937e-100	1	Romo1
1.2736321629878e-104	-0.349136139953464	0.07	0.373	4.1119214382061e-100	1	Hccs
2.02646781018931e-104	-0.304659678695669	0.998	0.999	6.54245132519619e-100	1	Rpl34
2.03566342229235e-104	0.336715616931652	0.1	0.006	6.57213935887086e-100	1	Sorcs2
2.37967159501771e-104	-0.34875861366748	0.151	0.519	7.68276974451467e-100	1	Ndufb6
2.64270701168366e-104	-0.434665017550416	0.055	0.345	8.5319795872207e-100	1	Pim3
2.77536042020314e-104	-0.348452833643628	0.101	0.43	8.96025111662584e-100	1	Cfap20
3.63537003511181e-104	0.994274309606917	0.525	0.359	1.17367921583585e-99	1	Atp8a1
3.7988129171667e-104	-0.33498605736455	0.157	0.53	1.22644675030727e-99	1	Gm11808
4.04506709738878e-104	-0.333111773438757	0.14	0.499	1.30594991239197e-99	1	Fuca1
4.07849136160453e-104	-0.329714739703431	0.129	0.48	1.31674093609402e-99	1	Adprh
4.09454311542931e-104	-0.30840986064508	0.121	0.467	1.32192324481635e-99	1	Lypla2
7.30460634256157e-104	0.899138920527786	0.394	0.196	2.358292157696e-99	1	Ddx58
2.55043129730227e-103	-0.318198441749575	0.072	0.377	8.23406744334039e-99	1	Dhrs7
3.45073872412663e-103	-0.657932407935306	0.006	0.25	1.11407099708428e-98	1	Krt83
4.05255062235809e-103	0.331148498591306	1	0.999	1.30836596842831e-98	1	Rps29
4.24314797585734e-103	-0.294626058267673	0.076	0.385	1.36990032400554e-98	1	Ap1s1
5.47425227256641e-103	-0.338514066662033	0.086	0.4	1.76736234619807e-98	1	Sh2b1
7.83528902009174e-103	-0.366728754035493	0.152	0.51	2.52962306013662e-98	1	Abhd12
8.28803424471218e-103	-0.505789116818232	0.004	0.246	2.67579185590533e-98	1	Gldc
8.58510630667773e-103	-0.329462820727192	0.191	0.582	2.77170157111091e-98	1	Rab4b
8.65531264893093e-103	-0.442887386530819	0.397	0.829	2.79436768870735e-98	1	Pabpn1
1.13097965841821e-102	-0.440252811038529	0.21	0.597	3.65136782720318e-98	1	Cycs
1.20626880432648e-102	-0.37612804786661	0.238	0.652	3.89443883476804e-98	1	Ube2j2
1.56998135784335e-102	-0.466226096643036	0.272	0.672	5.06868481379725e-98	1	P2ry10
1.59059123693559e-102	-0.665633090694287	0.263	0.631	5.13522380844655e-98	1	Anp32e
2.5096508421078e-102	-0.312542463764415	0.125	0.47	8.10240774374502e-98	1	Yipf3
3.91398600739101e-102	-0.595148812721147	0.405	0.794	1.26363038248619e-97	1	Atxn7l1
4.48379607148824e-102	-0.410568360468304	0.047	0.326	1.44759356167998e-97	1	Galm
8.99286042246855e-102	-0.376491108948354	0.214	0.61	2.90334498739397e-97	1	Fundc2
1.02458467409849e-101	-0.322217150694756	0.037	0.309	3.30787162032696e-97	1	Eif4ebp1
1.03317520754587e-101	-0.548163877787118	0.021	0.276	3.33560615756183e-97	1	Hopx
1.32075385329522e-101	-0.448507139048588	0.019	0.272	4.26405381536363e-97	1	Camk2n1
1.40794589401347e-101	0.449463916493483	0.129	0.016	4.5455533188225e-97	1	Gm43647
1.66666632228155e-101	-0.488805500963614	0.184	0.543	5.38083222148599e-97	1	N4bp1
2.50509570201355e-101	-0.437168341021598	0.28	0.702	8.08770147395075e-97	1	Tmem14c
3.07825117459914e-101	-0.433280263647553	0.284	0.701	9.93813391719332e-97	1	Ap3s1
3.26402486852101e-101	-0.488834592389154	0.255	0.64	1.05379042880201e-96	1	Dbi
4.53946032987449e-101	-0.327013040760879	0.166	0.539	1.46556476749998e-96	1	Commd3
7.7157955106742e-101	0.5021325224916	0.162	0.029	2.49104458062117e-96	1	AW011738
8.13233796909174e-101	-0.484576999568954	0.423	0.843	2.62552531332127e-96	1	Scand1
1.00134606357931e-100	-0.412085873070143	0.306	0.733	3.23284576626579e-96	1	Uqcrb
1.31847863869443e-100	-0.524198112139449	0.426	0.827	4.25670828502498e-96	1	Prdx6
1.38279348160158e-100	-0.483696066647891	0.315	0.719	4.4643487553507e-96	1	Map3k5
1.45682423564636e-100	-0.400586710422258	0.096	0.41	4.70335704478428e-96	1	Klhdc2
2.63864197841046e-100	-0.317693139196614	0.111	0.441	8.51885562729818e-96	1	Fam89b
2.80283957191107e-100	-0.308456495351278	0.198	0.589	9.04896755791489e-96	1	Fam173a
2.80525665959969e-100	-0.411474528016361	0.188	0.556	9.0567711255176e-96	1	Nsmaf
3.60456932174465e-100	-0.377058855775662	0.103	0.422	1.16373520552526e-95	1	Aim2
4.10450742881196e-100	-0.536362958062841	0.167	0.506	1.32514022339194e-95	1	Xylt1
4.39144467926465e-100	-0.297305176866525	0.131	0.478	1.41777791470059e-95	1	Anapc13
6.22323930371007e-100	-0.402848488974344	0.123	0.452	2.0091728092028e-95	1	Scyl2
6.44831780726413e-100	-0.281996375569878	0.137	0.489	2.08183940407522e-95	1	Rab1b
9.17517872259333e-100	-0.364713822953775	0.163	0.525	2.96220645058926e-95	1	Vdac1
9.96017171933368e-100	-0.351873692635318	0.106	0.425	3.21564143958688e-95	1	Zc3h12a
1.1622321700967e-99	-0.404186419650874	0.004	0.24	3.75226656115719e-95	1	Tspan2
1.21383798858024e-99	-0.349927478275144	0.074	0.371	3.91887594613132e-95	1	Wdfy1
1.46328749830511e-99	0.752160460296531	0.733	0.757	4.72422368827803e-95	1	Arhgef1
1.62619780139477e-99	-0.447838429084366	0.337	0.759	5.25017960180301e-95	1	Vdac2
1.65777267291009e-99	0.87565076666095	0.742	0.735	5.35211907449024e-95	1	Crlf3
1.75226026166514e-99	-0.502780134771963	0.425	0.828	5.6571722547859e-95	1	Krtcap2
1.77293623930738e-99	-0.355842620791197	0.179	0.551	5.72392464860388e-95	1	Mfsd14a
2.18333034733007e-99	-0.389730094801366	0.278	0.706	7.04888202635514e-95	1	Esd
2.4127987420404e-99	-0.548924027335459	0.006	0.243	7.78972073867742e-95	1	Ier5l
3.71975252962184e-99	-0.316010867429748	0.046	0.321	1.20092210418841e-94	1	Gnpda1
5.83272826864165e-99	-0.299372997876677	0.122	0.461	1.88309632153096e-94	1	Trabd
8.16901008760696e-99	-0.329486096687716	0.083	0.385	2.63736490678391e-94	1	Bscl2
9.26864647375103e-99	-1.21481453230611	0.075	0.351	2.99238251405052e-94	1	Mki67
9.98313569975011e-99	-0.426731990931836	0.259	0.659	3.22305536066432e-94	1	Sms
1.10444510154086e-98	0.312111590305926	0.999	0.999	3.56570101032466e-94	1	Rpl17
1.15652759435723e-98	-0.407484545531079	0.296	0.724	3.73384933838232e-94	1	Rwdd1
1.16905858955386e-98	0.909287506771974	0.615	0.501	3.77430565637462e-94	1	Txnip
1.17333359023296e-98	-0.294785957855058	0.088	0.397	3.78810749606711e-94	1	Trappc1
1.40532888556609e-98	-0.379596249555852	0.072	0.366	4.53710430705014e-94	1	Fkbp2
1.6583702293293e-98	-0.329221255102927	0.124	0.457	5.35404828538965e-94	1	Syap1
1.67747754074172e-98	0.563560271572288	0.886	0.897	5.41573624028465e-94	1	Eef1g
2.28279485099619e-98	-0.350359235164431	0.994	0.999	7.3700031764412e-94	1	Rpl37
2.34937713176887e-98	-0.312023899224712	0.166	0.534	7.58496406991581e-94	1	Stk11
2.84592266198682e-98	-0.30503885193717	0.157	0.52	9.18806131422445e-94	1	Snapc5
2.88169592368853e-98	-0.430393196975436	0.325	0.747	9.30355528962842e-94	1	Cltc
3.53719454329774e-98	-0.328847502646887	0.022	0.272	1.14198325830368e-93	1	Fbxw8
3.55409961304426e-98	-0.308262632071011	0.12	0.453	1.14744106007134e-93	1	Gtf2f1
4.07899451712651e-98	-0.970193971793961	0.392	0.714	1.31690337985429e-93	1	Il7r
4.56014034081391e-98	-0.419671605952651	0.125	0.45	1.47224130903177e-93	1	Notch2
4.99957321750723e-98	-0.292055042781951	0.085	0.391	1.61411221327221e-93	1	Hcfc1r1
5.50101534681611e-98	0.769523120724323	0.318	0.133	1.77600280471958e-93	1	Dennd2d
6.51775298966581e-98	-0.386709237353459	0.059	0.338	2.10425655271361e-93	1	Vamp5
9.67107284213384e-98	-0.308210288942692	0.053	0.33	3.12230586708291e-93	1	Mphosph6
1.03673092531604e-97	0.559870977925336	0.214	0.057	3.34708579238283e-93	1	Art2b
1.19830360338046e-97	-0.443049790362919	0.016	0.259	3.86872318351383e-93	1	Ptpn3
1.27782436866896e-97	0.810504404479408	0.369	0.182	4.12545597424775e-93	1	Rassf2
1.8327241411888e-97	-0.336192852955438	0.14	0.485	5.91694988982803e-93	1	Ube2f
2.21963573512001e-97	-0.44167374732111	0.347	0.772	7.16609397083495e-93	1	Rtraf
2.2521195240339e-97	-0.293565950179598	0.113	0.442	7.27096788334345e-93	1	Prkcsh
2.34083918350262e-97	-0.29249895400379	0.144	0.498	7.5573993039382e-93	1	Got2
3.15358521173783e-97	0.575164864679793	0.186	0.043	1.01813498560956e-92	1	Abcg3
3.22135668703713e-97	-0.429749260126641	0.262	0.654	1.04001500640994e-92	1	Slk
4.12362856069183e-97	-0.401565642445313	0.049	0.32	1.33131348081936e-92	1	Rell1
4.1341572318431e-97	-0.451069370491024	0.609	0.922	1.33471266230055e-92	1	Psmb1
4.28940077757797e-97	-0.30995926906849	0.019	0.267	1.38483304104105e-92	1	Ninj1
4.69586070620663e-97	-0.391227769576138	0.269	0.685	1.51605862899881e-92	1	Golph3
5.17838532279951e-97	-0.349684174744387	0.188	0.565	1.67184170146582e-92	1	Vdac3
5.95335784013779e-97	-0.366052069420193	0.247	0.655	1.92204157868849e-92	1	Zcrb1
6.43429605364921e-97	-0.35444830635131	0.158	0.518	2.07731248092065e-92	1	Ssna1
7.02695525933695e-97	-0.734345012413812	0.11	0.408	2.26865250547694e-92	1	Prickle1
8.49801581431444e-97	-0.464678407292183	0.19	0.547	2.74358440565142e-92	1	Cited2
9.4686618463602e-97	0.30892237977863	1	1	3.05695747709739e-92	1	Rps8
1.41077327446991e-96	0.773095591779104	0.287	0.106	4.5546815166261e-92	1	Rras2
1.58485076504692e-96	-0.807937871102777	0.583	0.876	5.11669069495399e-92	1	Itga4
1.82799687308519e-96	-0.338635621299403	0.198	0.578	5.90168790475554e-92	1	Ift20
2.4938787631751e-96	-0.370467212849996	0.06	0.337	8.05148758691079e-92	1	Gsap
2.95535753956833e-96	1.00394937677185	0.556	0.406	9.54137181649637e-92	1	Rfx3
3.29348771211127e-96	-0.359238192190627	0.109	0.424	1.06330250785512e-91	1	Wdyhv1
4.64997726483724e-96	-0.522751576328502	0.168	0.502	1.5012451599527e-91	1	Stat5a
4.79514224168025e-96	-0.43252301429483	0.164	0.509	1.54811167272647e-91	1	Carnmt1
4.83968870390947e-96	-0.313722339349273	0.097	0.407	1.56249349805717e-91	1	Sigirr
5.21387588601785e-96	0.787164446640676	0.401	0.212	1.68329982980086e-91	1	Hmgn1
6.82681380374291e-96	-0.385151028826475	0.156	0.5	2.2040368365384e-91	1	Mib1
1.01170395213785e-95	-0.355790436609729	0.049	0.317	3.26628620947704e-91	1	Klf10
1.02675394828717e-95	-0.530329566272046	0.579	0.895	3.31487512204512e-91	1	Calm2
1.04332921925305e-95	-0.362888474821453	0.081	0.375	3.36838838435849e-91	1	Synj2
1.42262135452042e-95	-0.309525486953058	0.158	0.514	4.59293304306917e-91	1	Cops6
1.59889746482546e-95	-1.15239301757387	0.122	0.416	5.16204046518898e-91	1	Top2a
1.73409928035174e-95	-0.352315525001866	0.229	0.63	5.59853952661561e-91	1	1810058I24Rik
4.66057569430016e-95	-0.301107862753747	0.176	0.545	1.50466686290481e-90	1	Rex1bd
6.90654454580484e-95	-0.266260649880381	0.112	0.434	2.22977790661309e-90	1	Mvb12a
7.24769330884584e-95	-0.515239723013888	0.025	0.269	2.33991778476088e-90	1	Hk2
8.2339779137555e-95	-0.482410383237519	0.834	0.973	2.65833976945596e-90	1	Laptm5
1.2619997713445e-94	-0.311568208309782	0.181	0.551	4.0743662617857e-90	1	Ciao2a
1.27715183693907e-94	-0.309797938561614	0.154	0.501	4.1232847055578e-90	1	Blmh
1.74998747989887e-94	-0.336579481098129	0.043	0.303	5.64983457885349e-90	1	Lst1
2.21412256787823e-94	-0.298479028960539	0.039	0.298	7.14829471039488e-90	1	Slc25a19
2.29287372018656e-94	-0.271741397488536	1	1	7.4025428056223e-90	1	Fau
2.57483764704124e-94	-0.435007638911856	0.395	0.808	8.31286334347265e-90	1	Arhgdia
2.67961536642606e-94	0.86197596800101	0.68	0.627	8.65113821050652e-90	1	Nlk
2.69125221277945e-94	-0.45224714232978	0.414	0.822	8.68870776895845e-90	1	Tomm7
2.86610717755039e-94	-0.386740073394617	0.072	0.355	9.25322702272144e-90	1	Golim4
3.02697069390859e-94	-0.373702759034574	0.03	0.281	9.7725748852839e-90	1	Zswim4
3.33066619740997e-94	-0.446812856268383	0.485	0.868	1.07530558183381e-89	1	Eif3c
4.55456187744125e-94	-0.300735371533005	0.122	0.451	1.47044030213191e-89	1	Elof1
5.05301290098285e-94	-0.473917447289371	0.46	0.863	1.63136521508231e-89	1	Srp14
6.61598000583212e-94	-0.555981035219303	0.513	0.868	2.1359691448829e-89	1	Inpp5d
7.13927429731645e-94	-0.485035522666712	0.007	0.234	2.30491470688862e-89	1	Fgl2
7.85936260066188e-94	-0.371373004022867	0.087	0.381	2.53739521562369e-89	1	Stk38l
8.99507897929157e-94	-0.374222485090608	0.217	0.592	2.90406124846428e-89	1	Arntl
9.60053429423214e-94	-0.400971839612533	0.289	0.702	3.09953249689285e-89	1	Tecr
1.10043242302637e-93	0.592918863948091	0.849	0.877	3.55274607774062e-89	1	Arhgap45
1.93382113461552e-93	0.815781833178702	0.585	0.481	6.24334153310619e-89	1	Fam102a
1.98065552848443e-93	0.750174190515699	0.685	0.566	6.39454637371198e-89	1	Sipa1l1
2.07296070653185e-93	-0.362939402646561	0.014	0.245	6.69255364103807e-89	1	Axl
2.37126703557396e-93	-0.354608275120204	0.246	0.655	7.65563562435052e-89	1	Aurkaip1
2.66096267737299e-93	-0.326353767130241	0.224	0.621	8.59091800389871e-89	1	Snf8
2.9366383864948e-93	-0.297254579555115	0.046	0.309	9.48093703079847e-89	1	Dhrs1
3.9460450081075e-93	-0.364246178509485	0.026	0.269	1.27398063086751e-88	1	Hmgb3
5.9407391311278e-93	-0.346782860147564	0.225	0.608	1.91796762848461e-88	1	Anxa5
6.27313773276065e-93	-0.456814749695052	0.426	0.834	2.02528251702178e-88	1	Fkbp1a
6.46807024800343e-93	-0.338483800952978	0.24	0.645	2.08821647956791e-88	1	Mrpl20
7.79960641169291e-93	-0.360146773045268	0.215	0.596	2.51810293001506e-88	1	Mrpl54
1.05387232826739e-92	-0.54180363120882	0.019	0.254	3.40242681181127e-88	1	Rhoq
1.55782063594003e-92	-0.506649453498291	0.472	0.865	5.0294239231324e-88	1	Wdr26
1.63477699186318e-92	-0.315942068637707	0.082	0.373	5.27787751823029e-88	1	Leo1
1.65319468657798e-92	-0.308735365022885	0.16	0.509	5.337339045617e-88	1	Polr2k
2.66989869426328e-92	-0.367736501206551	0.069	0.346	8.61976793442899e-88	1	Gtf2ird1
2.69690540204852e-92	-0.291764727080906	0.134	0.463	8.70695909051363e-88	1	Mettl26
3.35901941119528e-92	-0.280439765412345	0.104	0.415	1.0844594169044e-87	1	Cd2bp2
3.56496015559137e-92	-0.705610975330865	0.195	0.505	1.15094738623267e-87	1	Lrig1
5.31037791848602e-92	-0.345308818112248	0.087	0.379	1.71445551098321e-87	1	Siva1
5.33779386464736e-92	-0.331717006555521	0.239	0.634	1.7233067492014e-87	1	Ptbp1
5.37797267290239e-92	-0.429525484991901	0.306	0.72	1.73627847744654e-87	1	Rheb
6.15493408417712e-92	-0.488773477456607	0.272	0.645	1.98712046907658e-87	1	Neat1
6.5459542140172e-92	-0.305067380021971	0.179	0.541	2.11336131799545e-87	1	Kxd1
9.33091944836907e-92	-0.356274397845989	0.148	0.48	3.01248734390595e-87	1	Lamp2
1.23483618710934e-91	-0.433495891088976	0.417	0.826	3.9866686300825e-87	1	Arf1
1.27857189774627e-91	-0.386310357000674	0.329	0.749	4.12786937187384e-87	1	Arpc4
1.3772454295417e-91	0.707099406627062	0.77	0.781	4.44643686927537e-87	1	Aak1
1.92467146020196e-91	-0.315237177749276	0.149	0.489	6.21380180926204e-87	1	Nubp1
1.94905612841133e-91	0.868216453475884	0.605	0.518	6.29252771057597e-87	1	Rasgrp1
2.20739941729999e-91	0.797495462221765	0.689	0.669	7.12658901875302e-87	1	Setx
2.30869011330776e-91	-0.415410708873808	0.369	0.795	7.45360603081411e-87	1	Dazap2
2.40441764444646e-91	-0.323857675210578	0.1	0.4	7.76266236509541e-87	1	Amz2
3.01913986566217e-91	-0.350051981501717	0.254	0.654	9.74729305629032e-87	1	Ndufc2
3.18013639642301e-91	-0.581415148570297	0.363	0.726	1.02670703558517e-86	1	Sik2
3.77645452405023e-91	-0.323913946369607	0.083	0.371	1.21922834308962e-86	1	Josd1
4.21363434695787e-91	-0.346346503221171	0.259	0.664	1.36037184891535e-86	1	Ost4
4.62089366837344e-91	-0.264911090960154	0.139	0.477	1.49185552083436e-86	1	Idh3b
4.93531049502631e-91	-0.346983700065042	0.244	0.643	1.59336499331924e-86	1	Gtf2h5
5.20627309396498e-91	-0.738783691364682	0.044	0.288	1.68084526838659e-86	1	Foxp3
6.53425754423664e-91	-0.274120330781857	0.154	0.499	2.1095850481568e-86	1	Arl2bp
6.76848960272684e-91	-0.296534649312167	0.04	0.292	2.18520686824036e-86	1	Sdf2l1
9.11659547542914e-91	-0.41585323120649	0.335	0.745	2.9432928492423e-86	1	Fam3c
1.19923551762861e-90	-0.352531977146656	0.267	0.677	3.87173186866396e-86	1	Psma1
1.26114803148412e-90	-0.4427255795868	0.102	0.393	4.07161641964648e-86	1	Gpr65
1.60766261388565e-90	0.725339200309534	0.817	0.83	5.19033874892982e-86	1	Nedd9
1.65431499129642e-90	-0.356905745394783	0.293	0.706	5.34095594940049e-86	1	Vps28
1.81309708207548e-90	-0.376497843178385	0.159	0.49	5.85358392948068e-86	1	Nf1
2.19279731267548e-90	-0.364134212155849	0.157	0.49	7.0794461239728e-86	1	Dot1l
3.78124537682381e-90	-0.260410096123527	0.055	0.32	1.22077506990757e-85	1	Tmed3
4.15921307659698e-90	-0.488178165008691	0.743	0.948	1.34280194177934e-85	1	Ybx1
4.24087135330638e-90	-0.403509362310871	0.042	0.292	1.36916531641496e-85	1	Sec24d
6.71525322675891e-90	-0.501897612129562	0.011	0.231	2.16801950425911e-85	1	Dusp14
9.09903525921764e-90	-0.274167296875879	0.17	0.525	2.93762353343842e-85	1	Ssr1
1.14994648818678e-89	-0.699515065342894	0.012	0.234	3.71260223711103e-85	1	Ccr5
1.16825751342457e-89	-0.297510690098489	0.125	0.444	3.77171938209123e-85	1	Nfkbib
1.20959317936933e-89	-0.600395034220633	0.945	0.989	3.90517157959387e-85	1	Cd52
1.57331799736241e-89	-0.2635585497844	0.03	0.27	5.07945715448453e-85	1	Ggh
1.62004205800387e-89	-0.298205165459446	0.205	0.586	5.23030578426549e-85	1	Psmc5
1.95706980783371e-89	-0.27937924083201	0.158	0.504	6.31839987459113e-85	1	Surf4
2.07006454244315e-89	-0.372903393723136	0.127	0.439	6.68320337527771e-85	1	Igflr1
2.12753117484167e-89	-0.578125624496769	0.4	0.793	6.86873439797633e-85	1	H2afv
2.76617526126951e-89	-0.448318766287349	0.527	0.896	8.9305968310086e-85	1	Gnb1
2.94943223123228e-89	-0.350823230989743	0.199	0.557	9.52224195853343e-85	1	Tet2
3.5398259103921e-89	-0.310997429928758	0.168	0.511	1.14283279517009e-84	1	Coro1c
4.50961846123623e-89	-0.28559553565352	0.129	0.45	1.45593032021012e-84	1	Hvcn1
5.52444463229525e-89	0.352650809419656	0.992	0.994	1.78356694953652e-84	1	Rps25
5.54748630194958e-89	-0.312009569062244	0.204	0.573	1.79100595258442e-84	1	March2
8.98104130386272e-89	-0.332056534642042	0.205	0.579	2.89952918495208e-84	1	Erh
1.17565707054532e-88	-0.298073572690502	0.175	0.525	3.79560885225556e-84	1	Gpr107
1.76142323106301e-88	-0.303642591046887	0.239	0.637	5.68675490148693e-84	1	Higd2a
1.78453267166136e-88	-0.385138766430113	0.033	0.274	5.7613637304587e-84	1	Egln3
2.40753196830949e-88	0.874252081420825	0.372	0.189	7.77271695968718e-84	1	Calcrl
2.64129652810558e-88	-0.411848916391616	0.298	0.687	8.52742584098885e-84	1	Sqstm1
3.41272573117526e-88	-0.304262866910706	0.008	0.224	1.10179850230993e-83	1	Itpripl2
3.47079313599023e-88	-0.54288887045596	0.436	0.798	1.12054556395445e-83	1	Nfat5
3.61246716879055e-88	-0.310706433284119	0.048	0.3	1.16628502544403e-83	1	Plekho2
3.7314431013964e-88	-0.591691465132897	0.351	0.712	1.20469640528583e-83	1	Trerf1
3.78602707682346e-88	-0.302695902345918	0.211	0.592	1.22231884175245e-83	1	Bnip2
5.3351545118024e-88	-0.280527473337062	0.175	0.53	1.7224546341354e-83	1	Ramac
6.1912635921914e-88	0.423819463464828	0.112	0.014	1.99884945073899e-83	1	Sox4
6.65848430959008e-88	-0.397088038280165	0.149	0.47	2.14969165935116e-83	1	Nol10
7.19413579220421e-88	-0.28146915256502	0.177	0.532	2.32262674051313e-83	1	Dpm3
7.60517088825554e-88	-0.310476339489694	0.009	0.225	2.4553294212733e-83	1	Dkkl1
7.95053688416993e-88	-0.557704701119226	0.465	0.825	2.56683083305426e-83	1	Vmp1
7.96171905519737e-88	-0.85938975264247	0.072	0.321	2.57044099697047e-83	1	Neb
8.01203265630557e-88	-0.359453725090646	0.279	0.682	2.58668474308825e-83	1	Ndufa3
8.26552081790795e-88	-0.259926715667193	0.056	0.315	2.66852339606158e-83	1	Slc25a39
1.00655360800611e-87	-0.501264976438302	0.502	0.851	3.24965832344774e-83	1	Smarca5
1.0194802907022e-87	-0.450258894708928	0.62	0.916	3.29139211853206e-83	1	Iqgap1
1.03058554740521e-87	-0.264099810755474	0.151	0.487	3.32724543979772e-83	1	R3hdm4
1.08792041322452e-87	-0.373002276293065	0.278	0.681	3.51235105409538e-83	1	Spcs1
1.11754509065488e-87	-0.334061937576488	0.067	0.334	3.60799432517929e-83	1	Uap1
1.12701545159334e-87	0.665198199366983	0.895	0.918	3.63856938546909e-83	1	Tnik
1.21651541946047e-87	-0.530659203408495	0.306	0.668	3.92752003172813e-83	1	Peak1
1.36591792119227e-87	-0.401253359126963	0.319	0.706	4.40986600856923e-83	1	Srgap2
1.47517282598189e-87	-0.329257577724715	0.208	0.574	4.76259546868252e-83	1	Ndufc1
1.90374852650624e-87	-0.706873014867911	0.009	0.223	6.14625211782538e-83	1	Tcrg-C2
1.91210415477937e-87	-0.396732641876614	0.868	0.979	6.17322826370519e-83	1	Arpc2
1.91399769483966e-87	-0.286841431159823	0.077	0.352	6.17934155778985e-83	1	Htatip2
2.10484309712902e-87	-0.475281277446856	0.278	0.641	6.79548593908106e-83	1	Nabp1
3.43381809233316e-87	-0.347418219166162	0.262	0.655	1.10860817110976e-82	1	Psmc3
3.75772845194538e-87	-0.397710971925582	0.37	0.79	1.21318263071057e-82	1	Gpsm3
3.7989317113053e-87	-0.32270013751798	0.202	0.563	1.22648510299491e-82	1	Pon2
5.02386621798414e-87	0.466933743041285	0.965	0.963	1.62195520847618e-82	1	Btg1
5.44265976372893e-87	-0.355654566667622	0.024	0.253	1.75716270471989e-82	1	Trib1
5.69346372102634e-87	-0.436741912473961	0.499	0.872	1.83813476233335e-82	1	Nedd8
6.82299313353874e-87	-0.293063860506866	0.166	0.509	2.20280333316298e-82	1	Naa10
6.88682343538021e-87	-0.30172911016211	0.185	0.542	2.2234109461125e-82	1	Ptpa
6.99578623703554e-87	0.842510289746299	0.616	0.531	2.25858958662692e-82	1	Numb
7.11443183139606e-87	-0.255098979248588	0.05	0.302	2.29689431676622e-82	1	Ptpmt1
7.90042784435493e-87	-0.442813602624049	0.159	0.477	2.55065312954999e-82	1	Glipr1
8.68976600242147e-87	-0.604782312000437	0.141	0.437	2.80549095388177e-82	1	Myo10
1.12998971062422e-86	0.762937907627621	0.692	0.656	3.6481717807503e-82	1	Ccm2
1.34225538721298e-86	0.428110956351051	0.143	0.027	4.33347151761711e-82	1	Gm12592
1.68244773200543e-86	-0.272704742526908	0.033	0.27	5.43178250277954e-82	1	Lxn
1.78861398145216e-86	-0.313829096442497	0.225	0.602	5.77454023911831e-82	1	Csnk1d
1.78936661329867e-86	-0.305613454603447	0.235	0.63	5.77697011103477e-82	1	Dctn3
2.07487900171675e-86	-0.441485624158579	0.008	0.219	6.69874685704252e-82	1	Tctex1d1
3.0741093939368e-86	-0.390661398139865	0.223	0.574	9.92476217832496e-82	1	Serpinb6a
3.32660771392276e-86	-0.445053222355772	0.564	0.891	1.07399530043996e-81	1	Snrpe
3.52774349914005e-86	-0.302413971667605	0.105	0.398	1.13893198869736e-81	1	Ptpn9
3.55150501464454e-86	-0.258946931619343	0.09	0.377	1.14660339397799e-81	1	Lrrc59
3.90324387098032e-86	-0.472931730656845	0.621	0.918	1.260162283746e-81	1	Cd4
4.29308182807579e-86	-0.27255770755017	0.035	0.273	1.38602146819427e-81	1	Dok1
5.43931871629958e-86	-0.386881352341388	0.33	0.72	1.75608404755732e-81	1	Btbd9
5.63028405251491e-86	-0.299539192393465	0.15	0.478	1.81773720635444e-81	1	Csrp1
1.08421832192775e-85	-1.18471682691084	0.017	0.233	3.50039885234375e-81	1	Adam12
1.31711116413741e-85	-0.316034776248239	0.071	0.337	4.25229339341762e-81	1	Dctpp1
1.54150061621987e-85	-0.341820156879366	0.062	0.318	4.97673473946586e-81	1	Rnf19b
1.66609320182381e-85	-0.317141075213476	0.188	0.538	5.37898190208818e-81	1	Cenpx
1.70444616220852e-85	0.765855474426165	0.721	0.726	5.5028044346902e-81	1	Usp3
1.70896758922889e-85	-0.277481154892483	0.137	0.454	5.51740186182546e-81	1	Eloa
1.87312768558627e-85	-0.459886070091716	0.196	0.523	6.04739273291528e-81	1	Nfkbid
2.00811843342475e-85	-0.461705702288193	0.467	0.838	6.48321036231182e-81	1	Akt3
2.05352198565135e-85	0.588625326479102	0.881	0.916	6.62979573067538e-81	1	Nipbl
2.08409868345055e-85	-0.36891545114139	0.031	0.263	6.72851259952011e-81	1	Cx3cr1
2.79154155239939e-85	-0.328453363475381	0.005	0.212	9.01249190192144e-81	1	B4galnt4
2.86346449688864e-85	-0.260527381674356	0.077	0.349	9.24469512820496e-81	1	Stard3nl
2.8969834040153e-85	-0.253139673907228	0.141	0.464	9.35291091986339e-81	1	Slc38a10
2.9209214609181e-85	0.915932831011451	0.633	0.547	9.43019493657408e-81	1	Fchsd2
3.12187787649905e-85	-0.283541217712149	0.164	0.503	1.00789827242772e-80	1	Ndufs8
3.2300515630982e-85	0.34673116413964	0.102	0.011	1.04282214714625e-80	1	Ggt5
3.31516948349937e-85	-0.324903960378699	0.146	0.467	1.07030246774777e-80	1	Itm2c
3.66761793881653e-85	-0.399057955616582	0.461	0.857	1.18409045154692e-80	1	Capza2
3.91481822223836e-85	-0.420338897877331	0.676	0.933	1.26389906304965e-80	1	Sumo2
4.08669426408337e-85	-0.343899996334937	0.21	0.564	1.31938924315931e-80	1	Pbxip1
4.65553568338923e-85	-0.257802587774014	0.073	0.341	1.50303969538221e-80	1	Map7d1
4.66489752222701e-85	-0.312103838299008	0.031	0.264	1.50606216505099e-80	1	Sytl1
5.21713408074954e-85	-0.533714137244933	0.446	0.796	1.68435173796999e-80	1	Aldoa
5.92227717365672e-85	-0.333897899966685	0.109	0.4	1.91200718551507e-80	1	Zfpm1
6.17327133019171e-85	-0.514614789109843	0.73	0.949	1.99304064895239e-80	1	Msi2
6.27866637420385e-85	-0.25772175125692	0.158	0.496	2.02706743891171e-80	1	Zbtb8os
6.28507135802815e-85	-0.550627014580482	0.318	0.675	2.02913528793939e-80	1	Raet1e
6.87741145467571e-85	-0.262891902388137	0.037	0.276	2.22037228814205e-80	1	Mcub
6.88783160287349e-85	-0.419588092606881	0.423	0.819	2.22373643298771e-80	1	Dnajc8
7.92438660161628e-85	-0.25482997817464	0.175	0.514	2.55838821433182e-80	1	Phf11b
9.7995020520223e-85	-0.283678183828437	0.158	0.494	3.1637692374954e-80	1	Ddost
1.10390895341912e-84	-0.357902622027444	0.284	0.679	3.56397005611363e-80	1	Pdap1
1.16866591528599e-84	-0.41641414762529	0.018	0.236	3.7730379075008e-80	1	Gm26827
1.20674334440555e-84	0.846311002879704	0.406	0.227	3.89597088741331e-80	1	Bicdl1
1.56666078206425e-84	-0.326361398244192	0.257	0.649	5.05796433489443e-80	1	Akirin1
1.7639207431283e-84	-0.498544339777401	0.004	0.209	5.69481811918972e-80	1	1700012B07Rik
2.00025401207617e-84	-0.366595913316589	0.176	0.506	6.45782007798792e-80	1	Snx25
2.26540947730748e-84	-0.470539207859529	0.525	0.879	7.3138744974872e-80	1	Hspa5
4.17076796829145e-84	-0.323755474539415	0.185	0.527	1.3465324385629e-79	1	Naa20
4.52148567370682e-84	-0.358155699346546	0.082	0.351	1.45976164975625e-79	1	Fabp5
4.54086260687787e-84	-0.410678586802559	0.371	0.764	1.46601749263052e-79	1	Mrpl33
4.65666123751914e-84	-0.296379667222895	0.222	0.596	1.50340308053305e-79	1	Mrpl57
6.74704272717307e-84	-0.266067473117054	0.188	0.543	2.17828274446783e-79	1	Atf4
7.79813286904931e-84	0.691042290615685	0.77	0.805	2.51762719677257e-79	1	Kmt2a
7.99101262077677e-84	-0.252633220337311	0.134	0.447	2.57989842461778e-79	1	Borcs8
8.31014378228651e-84	-0.312118962886508	0.272	0.673	2.6829299201112e-79	1	Mkrn1
8.491790207773e-84	-0.485464806691581	0.02	0.238	2.74157446857951e-79	1	Pbx3
1.10000620140981e-83	-0.28062272256016	0.084	0.359	3.55137002125156e-79	1	Ormdl3
1.23228510229978e-83	-0.282432361980431	0.996	0.999	3.97843245277485e-79	1	Rps21
1.44419838137855e-83	-0.322682310039152	0.257	0.646	4.66259447428065e-79	1	Atp6v1e1
1.46226148298723e-83	-0.484657264648348	0.169	0.478	4.72091119782428e-79	1	Selenoh
1.71118708340711e-83	0.816589961681738	0.461	0.301	5.52456749877984e-79	1	Ppp1r13b
1.8157957131424e-83	-0.371477032204298	0.058	0.308	5.86229645988023e-79	1	Ipmk
1.8365991989209e-83	-0.427983865476811	0.066	0.318	5.92946051371612e-79	1	Gmnn
2.18371744006155e-83	-0.259832721856935	0.085	0.362	7.05013175523871e-79	1	1500011B03Rik
2.25413757765046e-83	-0.327544673987598	0.257	0.644	7.2774831694445e-79	1	Higd1a
2.29752085623762e-83	-0.39502632380713	0.644	0.93	7.41754608436316e-79	1	Gng5
4.86056750953642e-83	-0.314897152746968	0.996	0.998	1.56923422045383e-78	1	Rpl24
5.19981448137295e-83	-0.279714762072436	0.18	0.526	1.67876010531126e-78	1	Ppp1r2
5.8523566533794e-83	-0.333505324152021	0.01	0.216	1.88943334554354e-78	1	Gm15655
6.59097210629887e-83	-0.314632597911252	0.023	0.245	2.12789534451859e-78	1	Prrt1
6.80791140215793e-83	-0.286833949811082	0.195	0.551	2.19793419618669e-78	1	Polr2e
6.97906600910766e-83	-0.279862647417591	0.175	0.512	2.25319146104041e-78	1	Acot9
7.37127886593083e-83	-0.26270977783557	0.105	0.395	2.37981738186577e-78	1	Mkrn2
7.69148902943959e-83	-0.315893007665272	0.171	0.5	2.48319723315457e-78	1	Kmt5a
7.7274015777441e-83	-0.367036278087937	0.142	0.444	2.49479159937468e-78	1	Dennd4c
1.08549110732457e-82	-0.626990043920261	0.05	0.285	3.50450803999738e-78	1	Rad51b
1.16729064603377e-82	-0.299363776904349	0.038	0.271	3.76859785072003e-78	1	Btbd19
1.2911074336933e-82	-0.431807104224305	0.288	0.645	4.16834034967882e-78	1	Tmem135
1.34715617790544e-82	-0.374222474238244	0.016	0.228	4.34929372036771e-78	1	Cdkn2c
1.58364331126159e-82	0.882184656448572	0.525	0.422	5.11279243040803e-78	1	Usp24
1.68002090455848e-82	-0.263748968754104	0.022	0.241	5.42394749036706e-78	1	Tstd3
2.04003869430012e-82	-0.258653951293895	0.186	0.534	6.58626492454795e-78	1	Tmem128
3.04860054258394e-82	-0.271662708656157	0.194	0.545	9.84240685173226e-78	1	Tmf1
3.56838967286157e-82	-0.465662093099071	0.171	0.481	1.15205460588336e-77	1	2310001H17Rik
3.96404198586517e-82	-0.393655781608613	0.016	0.226	1.27979095513657e-77	1	Aqp3
4.2155013270738e-82	-0.362511126263752	0.118	0.41	1.36097460344578e-77	1	Dr1
5.36345293747694e-82	-0.266203397353985	0.046	0.285	1.73159078086443e-77	1	Dynlt3
5.47355638750637e-82	0.884352946774259	0.467	0.315	1.76713767970643e-77	1	Tmem71
5.49371401473388e-82	-0.278585106464104	0.182	0.525	1.77364556965683e-77	1	Becn1
6.46251251904289e-82	-0.397016716444527	0.78	0.969	2.086422166773e-77	1	Pfdn5
6.75515217455355e-82	-0.265719683178197	0.063	0.315	2.18090087955461e-77	1	Ei24
7.39306801256349e-82	0.316721860459011	0.107	0.014	2.38685200785612e-77	1	Gm32633
9.05265207616061e-82	-0.34718834351877	0.32	0.731	2.92264872278845e-77	1	Tmem134
1.04964279920732e-81	-0.25638854981235	0.129	0.432	3.38877177724083e-77	1	Ehmt2
1.12032373987558e-81	-0.535727182490694	0.059	0.3	3.61696519418831e-77	1	Dgkh
1.15035878745182e-81	-0.372009713080515	0.38	0.798	3.71393334528819e-77	1	Ubxn1
1.22212440686867e-81	-0.308676954743515	0.092	0.366	3.94562864757549e-77	1	Agpat4
1.23708236257887e-81	-0.353577613556923	0.041	0.273	3.99392040758588e-77	1	Zfp367
1.50888505076686e-81	-0.349760346216296	0.166	0.485	4.87143538640082e-77	1	Cplane1
1.64232326296322e-81	-0.359913263389593	0.294	0.682	5.30224065447677e-77	1	Dgkz
1.67844737889333e-81	-0.46529164466731	0.144	0.438	5.41886736275713e-77	1	Rnf157
1.768245380587e-81	0.806345056968468	0.471	0.325	5.70878021122512e-77	1	Ctse
2.19070399002862e-81	-0.397406896065926	0.011	0.216	7.07268783180741e-77	1	Fes
2.47035443963651e-81	-0.261114898143682	0.151	0.472	7.97553930836646e-77	1	Ddt
2.53738011684275e-81	-0.359369406275818	0.281	0.664	8.19193170722682e-77	1	Ube2j1
2.76849513595591e-81	-0.266857945907514	0.012	0.218	8.93808654643364e-77	1	Il3ra
3.40451545110676e-81	-0.255219745895663	0.133	0.439	1.09914781338982e-76	1	Dtnbp1
4.21065832538666e-81	-0.348791620049422	0.333	0.736	1.35941104035108e-76	1	Abcf1
4.43333909308355e-81	-0.346220572372617	0.087	0.351	1.43130352620203e-76	1	Zfp318
4.53652155187407e-81	-0.674538007271794	0.343	0.691	1.46461598302254e-76	1	Eprs
5.14508318636592e-81	-0.567044246153897	0.074	0.321	1.66109010671824e-76	1	Wdr78
6.38596819557378e-81	-0.265513843436509	0.165	0.493	2.061709831941e-76	1	Emc3
6.62838905588878e-81	-0.260331615177041	0.131	0.434	2.13997540669369e-76	1	Ppm1d
8.77974787726512e-81	-0.318356107434502	0.132	0.43	2.83454160217504e-76	1	1300002E11Rik
8.88633555916779e-81	0.481425443139424	0.947	0.957	2.86895343527732e-76	1	Prrc2c
9.86453749015471e-81	-0.271119171224136	0.216	0.578	3.18476592869645e-76	1	Zbtb7a
1.27067681532881e-80	-0.330787511769211	0.271	0.653	4.10238009828908e-76	1	Atp2a2
1.2836078533181e-80	-0.364271280198367	0.047	0.281	4.14412795443747e-76	1	Itih5
1.30831557349888e-80	-0.521873142935288	0.105	0.376	4.22389682904112e-76	1	Lta
1.42883895070188e-80	-0.387731928291248	0.013	0.216	4.61300655234101e-76	1	Pik3ap1
1.46062905705614e-80	0.815244443324577	0.586	0.458	4.71564091070575e-76	1	Asap1
1.62386423030125e-80	0.475076949185925	0.168	0.042	5.24264566752759e-76	1	Igsf23
1.77240649276013e-80	-0.342964535559052	0.071	0.325	5.72221436187609e-76	1	Slc5a3
1.78113886083362e-80	-0.356915654417853	0.119	0.404	5.75040681220136e-76	1	Wdfy2
2.5523184854188e-80	-0.289192866357393	0.238	0.615	8.24016023017458e-76	1	Fkbp8
2.85664549774948e-80	-0.408492381955865	0.352	0.736	9.22267998948419e-76	1	Rps27l
3.00484458920956e-80	-0.417457920448431	0.638	0.917	9.70114075626305e-76	1	Atp5g2
3.269058376922e-80	-0.386963416247074	0.053	0.29	1.05541549698927e-75	1	Rap2a
3.89080200635537e-80	-0.683916132817308	0.008	0.207	1.25614542775183e-75	1	Il1r2
6.64458735473864e-80	-0.26346403786389	0.163	0.49	2.14520502747737e-75	1	Hmgcr
7.50509045753962e-80	-0.336993924833733	0.323	0.736	2.42301845421667e-75	1	Prdx5
8.17278107044024e-80	-0.388877301544205	0.008	0.206	2.63858236859163e-75	1	Dhrs3
8.48865632754725e-80	0.69971977383589	0.838	0.862	2.74056269534863e-75	1	Smchd1
8.78632207463153e-80	-0.412118879215949	0.016	0.223	2.83666408179479e-75	1	Gm31718
9.08923150065565e-80	-0.420925872325628	0.105	0.375	2.93445838998668e-75	1	Tmem64
1.65114226027285e-79	-0.34258324997098	0.35	0.763	5.3307127872909e-75	1	Ccdc12
2.12621954448543e-79	0.836202305705982	0.339	0.174	6.86449979937121e-75	1	Gbp8
2.22818059140632e-79	-0.434409235223566	0.442	0.812	7.19368103935529e-75	1	Kras
2.63553904675903e-79	-0.269362519953841	0.23	0.606	8.50883781246152e-75	1	Lamtor5
3.28672496656684e-79	-0.332420739161244	0.045	0.276	1.0611191554561e-74	1	Gas2
3.81572708910739e-79	-0.319172224515267	0.005	0.2	1.23190749071832e-74	1	Ctla2b
3.84923593732559e-79	-0.293969867560246	0.144	0.448	1.24272582236557e-74	1	Trim8
6.23680328237536e-79	-0.431711734623704	0.067	0.308	2.01355193971488e-74	1	Gnaq
6.40784909595544e-79	-0.264584184851934	0.141	0.449	2.06877408062921e-74	1	Sumo3
6.79656224402642e-79	-0.300353419763816	0.069	0.318	2.19427012048393e-74	1	Rnf149
8.29441183205213e-79	-0.333833207782374	0.271	0.651	2.67785085997803e-74	1	Uqcrfs1
8.88339631901423e-79	-0.254433785286725	0.08	0.339	2.86800450159374e-74	1	Stk19
9.21523543935502e-79	-0.34479388049717	0.238	0.596	2.97513876159577e-74	1	Gtpbp1
9.47393902898301e-79	-0.37708447287162	0.316	0.7	3.05866121550717e-74	1	Snx5
9.67622164179826e-79	-0.333510180219398	0.282	0.658	3.12396815705457e-74	1	Wwp2
1.11429510591351e-78	0.826345453128616	0.626	0.525	3.59750174944178e-74	1	Iqgap2
1.27458286188941e-78	-0.274674150452666	0.185	0.52	4.11499076960995e-74	1	Tsg101
1.78419657774332e-78	-0.272831789614782	0.212	0.572	5.76027865124431e-74	1	Wdr83os
2.37857273448152e-78	-0.265359006653544	0.216	0.575	7.67922207327358e-74	1	Rhog
2.50388367910537e-78	-0.252898427248601	0.137	0.44	8.08378845799169e-74	1	Degs1
3.02236518970178e-78	-0.390168006129742	0.433	0.819	9.75770601495219e-74	1	Apobec3
4.64643445782791e-78	-0.260827362005373	0.04	0.266	1.50010136470974e-73	1	Mfsd10
5.64739155025861e-78	-0.344667444454325	0.292	0.679	1.82326036200099e-73	1	Atp1a1
6.91537357298637e-78	0.65589380438975	0.743	0.76	2.23262835803865e-73	1	Cyth1
7.05836768980484e-78	-0.312985533016251	0.284	0.673	2.27879400865349e-73	1	Eloc
7.46977628144614e-78	-0.444128772283217	0.373	0.733	2.41161727246489e-73	1	Pgk1
8.07574221674344e-78	-0.268591048905217	0.192	0.536	2.60725337467562e-73	1	Sra1
9.67255029546822e-78	-0.331831432191094	0.318	0.718	3.12278286289192e-73	1	Dynlrb1
9.85638127833119e-78	-0.405039843994998	0.336	0.716	3.18213269570922e-73	1	Sat1
1.03894125527856e-77	-0.402220688436136	0.038	0.258	3.35422184266683e-73	1	Tcf4
1.04328959860181e-77	-0.331900489492129	0.03	0.244	3.36826046908595e-73	1	Fasl
1.10199438517301e-77	-0.582747331931555	0.678	0.926	3.55778887253106e-73	1	Ankrd12
1.17978680254386e-77	-0.378452578602333	0.028	0.24	3.80894169201285e-73	1	Pqlc1
1.38443296669018e-77	-0.40369112793938	0.009	0.205	4.46964183295926e-73	1	Bcl2l15
1.40529749585092e-77	-0.269710873891746	0.097	0.368	4.53700296535469e-73	1	Trp53i11
1.47808185359327e-77	-0.315941707499209	0.082	0.338	4.77198726432587e-73	1	Plekhm3
1.56154281305923e-77	-0.429372042938931	0.532	0.872	5.04144097196174e-73	1	Hnrnpd
1.71948767996041e-77	-0.250724512743436	0.119	0.409	5.55136597475219e-73	1	Kdelr2
1.72726988601141e-77	-0.338904016943051	0.285	0.664	5.57649082698783e-73	1	Pcmt1
1.92367616519873e-77	-0.257433506430361	0.179	0.511	6.21058849934411e-73	1	Mrpl9
2.09927279915413e-77	-0.531659364465502	0.209	0.513	6.77750223206911e-73	1	Hipk2
2.32123811672143e-77	-0.54823432909209	0.47	0.831	7.49411725983513e-73	1	Med13
2.6364395697756e-77	-0.325786410748511	0.033	0.25	8.51174515102053e-73	1	Chpt1
2.95885191810944e-77	-0.68874501051546	0.04	0.255	9.55265341761634e-73	1	Plxdc2
3.06511252211532e-77	-0.571879121137727	0.016	0.217	9.8957157776493e-73	1	Dgkg
3.14056299574208e-77	-0.267736398385822	0.041	0.266	1.01393076317533e-72	1	5830408C22Rik
3.38806718143332e-77	-0.497341860594702	0.281	0.615	1.09383748952575e-72	1	Tspan5
3.56820079225558e-77	-0.361501578368484	0.34	0.737	1.15199362577971e-72	1	Wdr1
3.96979236387314e-77	-0.313633447086062	0.267	0.644	1.28164746467644e-72	1	Adipor2
4.19785344347679e-77	-0.258034720352339	0.219	0.578	1.35527698422648e-72	1	Ppp1r11
4.49841624248534e-77	-0.421273305840364	0.005	0.195	1.45231368388639e-72	1	Alpk2
4.81367898141278e-77	-0.450238321178564	0.012	0.209	1.55409625914912e-72	1	Myo3b
5.87119087295109e-77	-0.309555073117631	0.107	0.381	1.89551397333226e-72	1	Cyp51
6.84548718861796e-77	-0.331658714113757	0.065	0.308	2.21006553884531e-72	1	Irf8
8.82702386535159e-77	-0.30423322697146	0.043	0.269	2.84980465492876e-72	1	Abi2
1.0398243814288e-76	-0.30921215791703	0.25	0.615	3.35707301544289e-72	1	Zmat2
1.07685022469591e-76	-0.250161642377805	0.043	0.271	3.47661095043075e-72	1	Ulk1
1.07813116144717e-76	-0.337838277255414	0.205	0.536	3.48074645473219e-72	1	Ppp1r15a
1.26991801874385e-76	-0.27710686106	0.22	0.573	4.09993032351451e-72	1	Sdf2
1.71860104189492e-76	-0.277826320851145	0.078	0.332	5.54850346375776e-72	1	Gabbr1
2.13907791221573e-76	-0.392531116640291	0.421	0.821	6.9060130395885e-72	1	Tmed9
3.24579814441309e-76	-0.404815378627674	0.555	0.897	1.04790593092376e-71	1	Rac1
3.64132473547264e-76	0.537880123768623	0.18	0.05	1.17560169084734e-71	1	Eya2
3.65135484265249e-76	-0.397512023200427	0.259	0.595	1.17883991095036e-71	1	Kdm6b
4.14761532220456e-76	-0.43014189289355	0.45	0.833	1.33905760677374e-71	1	Dad1
4.20198895332479e-76	1.06932399326026	0.733	0.762	1.35661213358091e-71	1	Stat1
4.61488458031276e-76	-0.277695661688817	0.097	0.362	1.48991548675397e-71	1	Ggta1
4.87834135661966e-76	0.670398680009413	0.25	0.098	1.57497250698466e-71	1	Mboat1
5.34190006356235e-76	-0.290908380733377	0.148	0.45	1.7246324355211e-71	1	Lnx2
5.84064896665132e-76	0.338365074668885	0.122	0.022	1.88565351888338e-71	1	Pmel
8.99928031574886e-76	0.480873360661053	0.166	0.043	2.90541764993952e-71	1	Gm17231
1.407315144765e-75	-0.385308323811567	0.159	0.455	4.5435169448738e-71	1	Slamf1
1.44560126543941e-75	-0.505556601962568	0.354	0.701	4.66712368547112e-71	1	Clasp2
1.73154540437545e-75	-0.386439557405618	0.428	0.818	5.59029433802613e-71	1	Psmb3
1.80227858397318e-75	-0.410587629843837	0.013	0.207	5.81865640835741e-71	1	Spock2
2.45798540774754e-75	-0.447882710561922	0.453	0.837	7.93560588891294e-71	1	Dnajb6
2.55608675270549e-75	-0.366107865713049	0.034	0.247	8.25232608110968e-71	1	A330023F24Rik
4.23861523848093e-75	-0.333449856897079	0.003	0.186	1.36843692974357e-70	1	Adam8
4.59031134756103e-75	0.942412699475697	0.571	0.458	1.48198201856008e-70	1	Lpp
4.67820018654639e-75	-0.502163220746622	0.071	0.306	1.5103569302265e-70	1	Rrad
4.69236382285594e-75	-0.348611112061232	0.36	0.752	1.51492966020904e-70	1	Tmem167
5.57221891874092e-75	0.270543249114344	1	1	1.79899087791551e-70	1	Rps10
8.53803704615095e-75	-0.405458454341874	0.542	0.88	2.75650526034983e-70	1	Sri
9.13264824177931e-75	-0.501443478669714	0.583	0.888	2.94847548485845e-70	1	Stk24
9.28776034519218e-75	-0.258570952315973	0.153	0.456	2.99855342744529e-70	1	D5Ertd579e
1.0611835058326e-74	-0.33260544460078	0.343	0.737	3.42603094858056e-70	1	Ralbp1
1.30146116443913e-74	-0.416542611850043	0.522	0.859	4.20176736939172e-70	1	Cox7b
1.39460813187942e-74	-0.351453362595422	0.375	0.774	4.50249235377269e-70	1	Arpp19
1.97194364516839e-74	0.773240675069918	0.512	0.376	6.36642005842614e-70	1	Gm2245
2.45581046558455e-74	-0.289341908176884	0.222	0.572	7.92858408813971e-70	1	Eif4e
3.23492336003145e-74	0.603945697004259	0.257	0.105	1.04439500678615e-69	1	Pglyrp2
3.65948299662336e-74	-0.315569655963583	0.033	0.244	1.18146408545985e-69	1	F2r
3.6741287898726e-74	-0.341546897103503	0.346	0.737	1.18619247981037e-69	1	Ndufa7
4.08728077524745e-74	-0.286824162657917	0.247	0.614	1.31957859828864e-69	1	Mrps16
4.12974072670761e-74	-0.476675624682984	0.483	0.822	1.33328679361755e-69	1	Tnfaip8
5.33677203981624e-74	-0.286781065024914	0.172	0.478	1.72297685305467e-69	1	Cul2
5.98731436731239e-74	-0.823957711222503	0.22	0.49	1.93300444348681e-69	1	Mpp7
6.04927054618726e-74	-0.329547804393847	0.203	0.523	1.95300699583656e-69	1	Crybg1
6.42094828495872e-74	-0.307624002381066	0.018	0.213	2.07300315379892e-69	1	Crybg3
7.77599662380928e-74	-0.323827764214093	0.009	0.195	2.51048050999682e-69	1	Gm12709
9.14815945116417e-74	-0.295106114552448	0.268	0.642	2.95348327880835e-69	1	Ghitm
1.33811903530904e-73	-0.323276180725709	0.033	0.241	4.32011730549524e-69	1	Bard1
1.41805826137642e-73	-0.401264092457341	0.077	0.317	4.57820109685377e-69	1	Icam1
1.70326224048288e-73	0.316596093850136	0.997	0.996	5.49898214339898e-69	1	Rpl10a
3.71304420642406e-73	-0.267479694648148	0.158	0.458	1.19875632204401e-68	1	Btg3
4.69278293850826e-73	-0.330844198983459	0.178	0.481	1.51506497169739e-68	1	Gprin3
5.12969341783872e-73	-0.359707340313967	0.005	0.187	1.65612151994923e-68	1	Prr5l
5.20957337983401e-73	-0.30567720275595	0.005	0.187	1.68191076567941e-68	1	Fgf2
6.33567963624964e-73	-0.342540027299679	0.013	0.201	2.0454741705632e-68	1	Crmp1
9.54491768205784e-73	-0.349880489241186	0.429	0.824	3.08157667365238e-68	1	Brk1
9.88941406193098e-73	-0.317560006672784	0.305	0.693	3.19279732989442e-68	1	Bax
1.06184301262639e-72	-0.547817611289324	0.674	0.924	3.4281601662643e-68	1	Btg2
1.11201655065429e-72	-0.266116573611281	0.195	0.521	3.59014543378738e-68	1	4921524J17Rik
1.19666966130729e-72	-0.260101142914716	0.119	0.393	3.86344800153059e-68	1	Unc45a
1.23558978999435e-72	-0.314354488262594	0.021	0.216	3.98910163699677e-68	1	Serf1
1.41032597126116e-72	-0.252424410618089	0.19	0.514	4.55323739821664e-68	1	Ivns1abp
1.62325791691768e-72	-0.37899800974634	0.006	0.187	5.24068818476874e-68	1	2900026A02Rik
1.91078936228543e-72	-0.259119984186131	0.128	0.409	6.16898345613851e-68	1	Ccnc
2.49170557343493e-72	0.494410533749819	0.954	0.944	8.04447144383467e-68	1	Dock10
2.49397128984939e-72	0.661756518857984	0.734	0.777	8.05178630927875e-68	1	Smg1
2.61097981089631e-72	-0.286728505082613	0.004	0.184	8.42954831947875e-68	1	Ccr8
3.04709755763952e-72	-0.293819293828875	0.027	0.229	9.83755446483919e-68	1	Mthfr
3.07449162724612e-72	-0.263795345265674	0.248	0.614	9.92599621856409e-68	1	Denr
3.33411527131353e-72	0.835939563311973	0.549	0.467	1.07641911534357e-67	1	Map3k3
4.99641336155871e-72	-0.364784707379394	0.747	0.954	1.61309205377923e-67	1	Eif3f
5.31630860022901e-72	-0.329720024657297	0.333	0.712	1.71637023158394e-67	1	Actn4
8.37036423042555e-72	-0.491888450286324	0.878	0.979	2.70237209179289e-67	1	Prkch
8.53572969321945e-72	-0.584981429643118	0.58	0.865	2.7557603314559e-67	1	Dip2b
8.66970247869547e-72	-0.254512700031504	0.271	0.659	2.79901344524683e-67	1	Ndufa8
8.75983506327428e-72	-0.337913196513046	0.787	0.965	2.8281127501781e-67	1	Chchd2
9.20978456364293e-72	-0.431126621330259	0.419	0.778	2.97337894637212e-67	1	Csnk1g3
1.1383557620341e-71	0.786121627665143	0.569	0.506	3.67518157772709e-67	1	Senp7
1.36588629549051e-71	-0.51549222976321	0.291	0.609	4.40976390499112e-67	1	Fut8
1.50729147171203e-71	-0.287894309073054	0.153	0.439	4.8662905164223e-67	1	Mast2
1.67915832974909e-71	0.781909402395062	0.486	0.378	5.42116266759493e-67	1	Hexb
1.83962791674822e-71	-0.315657171860461	0.143	0.425	5.93923872922163e-67	1	Lax1
1.9317105117034e-71	-0.487342545640882	0.476	0.805	6.23652738703442e-67	1	Eml4
2.07786794673778e-71	-0.334225518067779	0.019	0.211	6.70839666604291e-67	1	Marcksl1
2.36313016703686e-71	-0.287308636609234	0.253	0.605	7.62936574427851e-67	1	Hmox2
3.346846837379e-71	-0.453998147750638	0.405	0.75	1.08052950144781e-66	1	Sgms1
3.83827410250265e-71	0.672745840691723	0.264	0.114	1.23918679399298e-66	1	Lrrc1
4.06418153066406e-71	-0.318415709398348	0.011	0.194	1.31212100717489e-66	1	Cntln
4.28640464256903e-71	-0.369670320599881	0.417	0.793	1.38386573885341e-66	1	Gpi1
5.49214388300007e-71	1.21010919663935	0.45	0.322	1.77313865262657e-66	1	Herc6
6.55345977053755e-71	-0.645327316620453	0.004	0.181	2.11578448691805e-66	1	Cep112
7.46311202786633e-71	0.647542098372913	0.241	0.096	2.40946571819665e-66	1	Zfp710
8.32741462144269e-71	0.523406074882697	0.196	0.063	2.68850581053277e-66	1	Acss1
1.1654116766855e-70	-0.28178424308336	0.298	0.682	3.76253159817913e-66	1	Pdcd5
1.56620117452127e-70	-0.270524764357632	0.24	0.589	5.05648049194192e-66	1	Lsm6
2.06344882624855e-70	-0.341753895641963	0.099	0.347	6.66184453554345e-66	1	Snx18
2.1403545297919e-70	-0.345629270462334	0.407	0.794	6.91013459943315e-66	1	Snrpd2
2.21786934711388e-70	-0.320320153519125	0.043	0.254	7.16039118715716e-66	1	Zdhhc2
2.87194418086574e-70	-0.508387977797672	0.106	0.349	9.27207178792505e-66	1	Pola1
3.40652670501027e-70	-0.263511929354393	0.165	0.463	1.09979714671257e-65	1	Cep83
3.81508537854581e-70	-0.264261180998468	0.176	0.481	1.23170031446351e-65	1	Camk2g
4.72941556672172e-70	-0.35687488225793	0.46	0.84	1.52689181571611e-65	1	H2afj
4.93510225416824e-70	0.703569322358877	0.638	0.582	1.59329776275822e-65	1	Insyn2b
6.73103764793731e-70	0.574163401362149	0.161	0.044	2.17311550463656e-65	1	Id3
1.09728969108594e-69	0.472280944845607	0.822	0.852	3.54259976767096e-65	1	Npc2
1.14367876617758e-69	-0.294310496505962	0.04	0.245	3.69236689660432e-65	1	Map3k8
1.2088543066253e-69	-0.362909225624069	0.446	0.827	3.90278612893978e-65	1	Tmem234
1.25948613046714e-69	-0.290700026652114	0.033	0.233	4.06625097221315e-65	1	Cenpw
1.34338906695391e-69	-0.339728070345826	0.271	0.606	4.33713160266071e-65	1	Kpna1
1.39000593025609e-69	-0.267691741976015	0.264	0.625	4.48763414583179e-65	1	1110004F10Rik
1.73031699561768e-69	-0.252075662761496	0.014	0.198	5.58632842035169e-65	1	Mir22hg
2.61631756411878e-69	0.67615530537768	0.289	0.136	8.44678125575747e-65	1	Ms4a6c
2.64441099208648e-69	-0.277924262397224	0.297	0.679	8.53748088795121e-65	1	Ndufs6
2.81038262131137e-69	-0.995460139577501	0.01	0.188	9.07332029290376e-65	1	Il10
3.27441213946613e-69	-0.371856800473971	0.09	0.328	1.05714395922664e-64	1	Rrm1
4.71937778731614e-69	-0.397495251663581	0.545	0.876	1.52365111863501e-64	1	Abracl
7.68481300827537e-69	-0.301189090053008	0.303	0.68	2.4810418797217e-64	1	Ube2n
7.75709076200953e-69	-0.415848965222344	0.035	0.232	2.50437675251478e-64	1	Kif15
7.84188637125259e-69	-0.252672379998988	0.07	0.3	2.5317530149589e-64	1	Slc26a2
8.20840311610481e-69	-0.254246286418103	0.022	0.211	2.65008294603444e-64	1	Prnp
8.70090334991857e-69	0.620630011530687	0.758	0.779	2.80908664652121e-64	1	Dock11
9.48661153796076e-69	-0.268744298196404	0.065	0.29	3.06275253503063e-64	1	E2f3
1.02500037127357e-68	-0.254328109235896	0.026	0.22	3.30921369865671e-64	1	I730030J21Rik
1.31495198664857e-68	-0.333573434689154	0.051	0.261	4.24532248889492e-64	1	E2f2
1.78017991858582e-68	-0.403225114290375	0.129	0.388	5.74731086715433e-64	1	Shld1
1.86463249480978e-68	-0.380192878447869	0.589	0.896	6.01996600949338e-64	1	Clta
2.40936999478122e-68	0.57620440772624	0.761	0.822	7.77865102815117e-64	1	Bptf
2.73167738585843e-68	-0.251720903210211	0.106	0.361	8.81922044024393e-64	1	Lactb
3.94527038467674e-68	-0.376663496966278	0.546	0.887	1.27373054369289e-63	1	Tsc22d4
4.81044805450845e-68	0.478128555885252	0.161	0.045	1.55305315439805e-63	1	Gm11944
5.21915576767179e-68	-0.339467658674308	0.375	0.753	1.68500443959284e-63	1	Psma4
5.3929357187198e-68	0.585774659335142	0.765	0.82	1.74110929678869e-63	1	Zfp292
6.1674556475564e-68	0.689002499800179	0.648	0.657	1.99116305581358e-63	1	Traf3ip3
6.99266639991976e-68	-0.251868293522572	0.064	0.287	2.2575823472141e-63	1	Plin2
7.05456102175444e-68	0.733071627318685	0.662	0.645	2.27756502587342e-63	1	Atf7ip
8.80601383161137e-68	-0.37749607986433	0.515	0.868	2.84302156553573e-63	1	Ppp2ca
8.88834326642169e-68	-0.350133206704109	0.081	0.312	2.86960162356424e-63	1	Cyth3
1.33733574153038e-67	-0.400086469807767	0.277	0.601	4.31758844153082e-63	1	Arhgap26
2.10674782110226e-67	-0.427189386170578	0.502	0.839	6.80163534042863e-63	1	Rtn3
2.16657581501545e-67	-0.805053516447082	0.04	0.236	6.99479001877739e-63	1	Ube2c
2.28628646805738e-67	-0.361774285401015	0.707	0.937	7.38127586212326e-63	1	Tle5
3.00683571107776e-67	-0.284025145581071	0.071	0.297	9.70756909321454e-63	1	Tmem65
3.03498183002153e-67	-0.387296904396312	0.227	0.531	9.79843883822452e-63	1	Tshz1
3.46479841236e-67	-0.313728367661548	0.349	0.722	1.11861016743043e-62	1	Rtn4
3.6211537237925e-67	-0.350870869724472	0.274	0.607	1.16908947972641e-62	1	Nab1
5.07645264467878e-67	-0.313208535008168	0.361	0.748	1.63893273633454e-62	1	Tcea1
6.15198130818365e-67	0.734455671081851	0.651	0.64	1.98616716534709e-62	1	Mrtfa
6.72670482981124e-67	-0.324122256432721	0.397	0.787	2.17171665430456e-62	1	Tmed2
8.07814397215649e-67	-0.319965822750458	0.365	0.749	2.60802878141072e-62	1	Eif4h
1.40049975550161e-66	-0.316000450085141	0.266	0.604	4.52151346063694e-62	1	Rexo2
1.41701593231763e-66	-0.321445760603592	0.952	0.994	4.57483593748747e-62	1	H3f3b
1.45030700050742e-66	-0.317994263516872	0.062	0.278	4.68231615113821e-62	1	Nipal1
3.24160582773269e-66	-0.287938302094135	0.019	0.2	1.0465524414835e-61	1	Arhgap21
4.15860006716307e-66	-0.251756371908716	0.009	0.179	1.3426040316836e-61	1	Stk32c
4.41005715650907e-66	0.65918186372454	0.92	0.924	1.42378695297895e-61	1	Foxn3
5.3524090346727e-66	-0.256587221474097	0.075	0.301	1.72802525684408e-61	1	Ergic1
5.70916065469014e-66	-0.307315037671814	0.32	0.68	1.84320251736671e-61	1	Zc3h7a
6.07563164816122e-66	0.821437460279474	0.626	0.6	1.96151767760885e-61	1	Tbc1d1
7.45080916192905e-66	-0.31497530184043	0.35	0.73	2.4054937379288e-61	1	Raly
7.848471134457e-66	-0.489796402116927	0.087	0.313	2.53387890575944e-61	1	H2afx
8.63954423384568e-66	-0.274414971607557	0.255	0.591	2.78927685589708e-61	1	Cd6
9.08739316077502e-66	-0.265350720687104	0.023	0.206	2.93386488195621e-61	1	Acot11
9.91687623207276e-66	-0.305524065359012	0.205	0.506	3.20166349152469e-61	1	Hacd3
1.00501913735102e-65	-0.307103617320631	0.036	0.231	3.24470428493778e-61	1	Xdh
1.03883472279112e-65	-0.690312653814048	0.517	0.771	3.35387790253112e-61	1	Stat4
1.24879161246698e-65	0.796519694942977	0.538	0.452	4.03172372084966e-61	1	Stambpl1
1.4091019597344e-65	0.576087708209249	0.677	0.548	4.54928567700251e-61	1	Gramd3
1.54428601427113e-65	-0.27415127408737	0.006	0.172	4.98572739707436e-61	1	Popdc2
2.39215122599387e-65	-0.285764681551149	0.304	0.673	7.72306023312121e-61	1	Metap2
3.59497037506023e-65	-0.363645654488302	0.505	0.846	1.1606361855882e-60	1	Ywhae
3.73725785257907e-65	-0.305639512046521	0.382	0.77	1.20657369770515e-60	1	Timm23
4.0796642325445e-65	0.538624393416166	0.836	0.889	1.31711959747699e-60	1	Dnaja1
4.48345892499453e-65	-0.520222574172243	0.783	0.95	1.44748471393448e-60	1	Zc3hav1
5.10136609359882e-65	-0.328644304013078	0.339	0.708	1.64697604331838e-60	1	Manf
5.36857330952404e-65	0.745241053331699	0.568	0.503	1.73324389297984e-60	1	Clec2d
5.77627267192718e-65	-0.251180527064044	0.166	0.453	1.86486963213169e-60	1	Mex3c
8.14603460367453e-65	-0.262288887404359	0.051	0.257	2.62994727179632e-60	1	Mthfsl
9.21869669122858e-65	-0.579395512235431	0.638	0.9	2.97625622676315e-60	1	Jarid2
9.2722964980553e-65	-0.291645204985042	0.041	0.238	2.99356092439715e-60	1	Vcl
9.29423774616615e-65	-0.440618140915041	0.431	0.761	3.00064465634974e-60	1	Nap1l1
1.17424881053686e-64	-0.38195195725855	0.22	0.516	3.79106228481824e-60	1	Ezh2
1.70212000881159e-64	-0.339635297350521	0.009	0.175	5.49529444844821e-60	1	Rnase4
1.80060583677271e-64	-0.334965992087151	0.462	0.828	5.81325594402068e-60	1	Srrm1
2.00717005863241e-64	-0.421956591904196	0.397	0.73	6.48014853429475e-60	1	B4galt1
2.44047755278145e-64	-0.250621413585608	0.257	0.61	7.8790817791549e-60	1	Phb2
2.46895522725382e-64	-0.517814232758445	0.004	0.166	7.97102195118895e-60	1	Trgv2
3.09351065752479e-64	0.680246164628832	0.265	0.122	9.98739915781879e-60	1	Gramd4
3.58331365501194e-64	0.630862841641695	0.824	0.867	1.1568728135206e-59	1	Fam172a
4.40175788465694e-64	-0.284726323379696	0.063	0.275	1.42110753306149e-59	1	Tuba1c
5.23248625188e-64	-0.34531984646305	0.486	0.836	1.68930818641946e-59	1	Pdia3
5.56924077034427e-64	0.917724380328067	0.288	0.131	1.79802938270565e-59	1	Iigp1
6.92422876539723e-64	-0.258551702484064	0.252	0.59	2.23548725690849e-59	1	Coro7
7.49730723484563e-64	1.36964976947707	0.314	0.164	2.42050564076991e-59	1	Isg15
8.40380750715963e-64	-0.281720392480827	0.004	0.165	2.71316925368649e-59	1	Vipr2
1.01799373168032e-63	-0.254155138018277	0.296	0.665	3.28659276272991e-59	1	Rab5if
1.02247760922096e-63	-0.282191644260937	0.171	0.455	3.30106896136987e-59	1	Alyref
1.12675461535549e-63	-1.22083065882245	0.011	0.176	3.6377272756752e-59	1	Ccl4
1.21675644621974e-63	-0.35612559276804	0.498	0.843	3.92829818662043e-59	1	Edf1
1.56039494852841e-63	-0.341506160061868	0.451	0.826	5.03773509132396e-59	1	Atp6v0e
1.74585809886071e-63	-0.331541108466533	0.452	0.833	5.63650287217182e-59	1	Ndufb11
1.92460603601321e-63	0.66326059463015	0.67	0.708	6.21359058726863e-59	1	Cbl
2.22481369838085e-63	-0.334427916477524	0.419	0.79	7.18281102522256e-59	1	Eif3i
2.30064981299576e-63	-0.47699641670825	0.003	0.162	7.4276479212568e-59	1	Tcrg-C1
2.3924192966075e-63	-0.274939249628793	0.303	0.663	7.72392569909731e-59	1	Mrpl18
2.44011211624078e-63	-0.326372287987798	0.392	0.762	7.87790196728335e-59	1	Vcp
2.78982129661925e-63	-1.02079328543721	0.127	0.345	9.00693805613524e-59	1	Ikzf2
2.96417858226443e-63	-0.28774396511984	0.349	0.715	9.56985055284071e-59	1	Ywhaq
3.4790945702968e-63	-0.290509072621831	0.355	0.738	1.12322568202032e-58	1	Tomm22
3.56102895141735e-63	-0.271962668021249	0.335	0.709	1.14967819696509e-58	1	Rab8a
6.54600156220116e-63	-0.288271737406223	0.09	0.318	2.11337660435664e-58	1	Man1b1
1.08070861013524e-62	-0.347434461933057	0.213	0.508	3.48906774782162e-58	1	Gabpb1
1.08990372233909e-62	-0.355250388053547	0.54	0.87	3.51875416757177e-58	1	Cnn2
1.10503797650013e-62	-0.256764017560595	0.223	0.536	3.56761510713068e-58	1	Upf3b
1.11908854489729e-62	-0.271610112874756	0.156	0.427	3.61297736720089e-58	1	Gxylt1
1.15217020666915e-62	-0.307297092198076	0.401	0.788	3.71978151223134e-58	1	Psmd4
1.89797950337061e-62	-0.429464380905298	0.642	0.903	6.127626826632e-58	1	Smg6
1.9584452382027e-62	-0.274843480647343	0.316	0.679	6.32284045153742e-58	1	Pebp1
2.30234833647551e-62	0.987849750394473	0.599	0.563	7.43313160431118e-58	1	Trim30a
2.30810843622987e-62	-0.401063311451803	0.005	0.163	7.45172808636814e-58	1	1500009L16Rik
2.58557351692356e-62	-0.293544647310949	0.136	0.391	8.34752409938772e-58	1	Ets2
2.64844960006639e-62	-0.3265323967091	0.394	0.763	8.55051953381434e-58	1	Srsf2
3.0803990914943e-62	-0.368312416904325	0.145	0.397	9.94506846688935e-58	1	Gm47015
6.68762185067542e-62	-0.376620212027249	0.722	0.935	2.15909871449056e-57	1	Gmfg
6.74651513648686e-62	-0.500185152687907	0.677	0.924	2.17811241181478e-57	1	Cd2
7.77985388732463e-62	-0.33309975582986	0.038	0.223	2.51172582752276e-57	1	Racgap1
8.07664820143955e-62	-0.3318031352055	0.429	0.795	2.60754587183476e-57	1	Zdhhc18
9.75551755668291e-62	-0.369384820157908	0.004	0.159	3.14956884317508e-57	1	Mgll
1.13224866590654e-61	0.538679317860611	0.823	0.887	3.65546481787927e-57	1	Klf13
1.22074942480913e-61	0.420003046425554	0.935	0.957	3.94118951799628e-57	1	Tnrc6b
1.28993000391755e-61	-0.327960148031359	0.422	0.788	4.16453901764781e-57	1	Zc3h15
1.75814272141692e-61	-0.25079014608678	0.043	0.234	5.67616377609453e-57	1	Plk4
2.2889558957791e-61	-0.282699578875812	0.305	0.648	7.38989410952282e-57	1	Flna
2.48739550725161e-61	-0.375487980780153	0.795	0.966	8.03055639516183e-57	1	Ftl1
2.57020155415816e-61	-0.315936399539247	0.004	0.16	8.29789571759962e-57	1	2210408F21Rik
2.80996158845585e-61	-0.253255700927706	0.299	0.667	9.07196098832972e-57	1	Sf3b5
3.72197872604632e-61	-0.274385561679927	0.249	0.574	1.20164083170406e-56	1	Ndel1
3.83807844849373e-61	-0.293121365712032	0.367	0.721	1.2391236270962e-56	1	Map4
4.03467936303891e-61	-0.376149633683667	0.474	0.823	1.30259623235711e-56	1	Jpt1
6.52313868414524e-61	-0.272307376402289	0.078	0.295	2.10599532417629e-56	1	Ypel2
6.80485427720678e-61	-0.326605324659039	0.009	0.168	2.19694720339621e-56	1	Tnfrsf8
1.11540227030139e-60	-0.266632852833739	0.33	0.696	3.60107622966803e-56	1	Frg1
1.56272204056214e-60	-0.306218515271929	0.004	0.157	5.04524810795488e-56	1	Il17re
1.63528791872426e-60	-0.411924679398713	0.288	0.608	5.27952704560127e-56	1	Gm26917
1.68379620080118e-60	0.61712131978534	0.238	0.103	5.43613603428661e-56	1	Tanc1
1.78250941033879e-60	-0.28417268979675	0.347	0.718	5.75483163127879e-56	1	Psmb5
1.89407035586856e-60	-0.253571992677856	0.331	0.714	6.11500614392166e-56	1	Selenof
2.61514953968984e-60	0.588397539181414	0.755	0.8	8.44301028888864e-56	1	Arid1b
3.40238776803328e-60	0.4367337695372	0.147	0.042	1.09846089090954e-55	1	Tmie
3.7887943586165e-60	-0.328875022018354	0.434	0.792	1.22321225867934e-55	1	Ndufb9
3.89180531978992e-60	0.651321066089714	0.306	0.155	1.25646934749417e-55	1	Pacsin1
4.27711235838588e-60	-0.299091086692498	0.314	0.654	1.38086572490488e-55	1	Fbxw11
4.40097469886744e-60	-0.58323457648409	0.039	0.216	1.42085468152935e-55	1	Cdca8
7.21892837069883e-60	-0.266336307746908	0.006	0.159	2.33063102448012e-55	1	Metrnl
7.30885398620711e-60	0.313685069899528	0.992	0.991	2.35966350944696e-55	1	Rps18
8.15197989951694e-60	0.679958921889866	0.403	0.258	2.63186671055904e-55	1	Trib2
8.97610641250479e-60	0.251715918021899	0.999	0.998	2.89793595527717e-55	1	Rpl15
1.17784553446183e-59	-0.271830549237331	0.008	0.164	3.80267430801001e-55	1	Cass4
1.31620550774738e-59	-0.280609359088336	0.289	0.62	4.24936948176242e-55	1	Itpk1
1.36393895790085e-59	0.430475161943709	0.923	0.941	4.4034769255829e-55	1	Pabpc1
1.82271947181265e-59	-0.279799010159506	0.394	0.777	5.88464981474713e-55	1	Rnasek
2.27918330371665e-59	0.299815288046602	0.102	0.02	7.3583432960492e-55	1	5830468F06Rik
2.29196411285702e-59	-0.327014769698434	0.933	0.988	7.39960613835889e-55	1	Coro1a
2.39912985093141e-59	-0.31260237284463	0.48	0.837	7.74559072373207e-55	1	Atp5g3
2.93021873992946e-59	-0.282156529032352	0.038	0.219	9.46021120186227e-55	1	Zgrf1
3.37607609362572e-59	-0.548649329108716	0.019	0.181	1.08996616682706e-54	1	Itgae
3.57344404878621e-59	0.621456160054607	0.723	0.772	1.15368641115063e-54	1	Kmt2c
3.68523431880508e-59	-0.459831363161127	0.632	0.885	1.18977789982622e-54	1	Anp32b
4.07163760919361e-59	-0.322495506726734	0.378	0.736	1.31452820212816e-54	1	B3gnt2
4.12726157029571e-59	0.716514097408996	0.584	0.554	1.33248639796997e-54	1	Cflar
5.29068173399683e-59	-0.277873356840382	0.008	0.161	1.70809659782088e-54	1	Gm2629
7.12345317140336e-59	0.492160576058438	0.822	0.851	2.29980685638757e-54	1	Dock8
8.55282105426511e-59	-0.361659977799544	0.007	0.159	2.76127827736949e-54	1	Tcrg-C4
3.33822656372138e-58	0.644848864994585	0.288	0.148	1.07774644609745e-53	1	Focad
4.5049395878342e-58	-0.268875682119331	0.084	0.297	1.45441974593227e-53	1	Tspan3
4.81976791540476e-58	-0.329582343637091	0.208	0.491	1.55606207148843e-53	1	Ints7
5.08292636783111e-58	0.574111540810321	0.765	0.807	1.64102277785427e-53	1	Ash1l
5.29757081442922e-58	-0.319676237412563	0.448	0.814	1.71032073743847e-53	1	Slc38a2
5.80976831369947e-58	0.572866797169585	0.738	0.798	1.87568370007787e-53	1	Nsd1
7.86854728231517e-58	-0.279754796194634	0.327	0.676	2.54036049009545e-53	1	Hdac7
8.76683406360845e-58	0.571405847727578	0.74	0.725	2.83037237743599e-53	1	Pecam1
1.10513690086715e-57	0.61145554984757	0.264	0.13	3.5679344844496e-53	1	A930005H10Rik
1.13939857721036e-57	0.560792044696359	0.2	0.078	3.67854830652365e-53	1	Phf11c
1.24790296716402e-57	-0.292200688156867	0.301	0.628	4.02885472948902e-53	1	Tsc22d2
1.2728927105618e-57	0.534438765468177	0.817	0.851	4.10953411604877e-53	1	Ncoa2
1.54682752944798e-57	-0.36862073658876	0.65	0.926	4.99393267882279e-53	1	Tax1bp1
2.22781436125938e-57	-0.394183481209011	0.532	0.86	7.1924986653259e-53	1	Cdk17
2.23106738561804e-57	-0.28364254037803	0.265	0.576	7.20300105446783e-53	1	Ifi27
2.43854601659346e-57	-0.307440075110831	0.443	0.806	7.87284581457199e-53	1	Micos10
3.89010716728847e-57	-0.525494093099196	0.033	0.202	1.25592109895908e-52	1	Prc1
4.21668073861949e-57	-0.301104869216856	0.281	0.6	1.3613553764633e-52	1	Abhd2
5.84569737276224e-57	-0.306435559516228	0.244	0.541	1.88728339679629e-52	1	Fam162a
7.88994012366622e-57	-0.302894202309768	0.858	0.973	2.54726716892564e-52	1	Rpl36al
9.65735397741881e-57	-0.317904735434614	0.524	0.868	3.11787673160966e-52	1	Srp9
3.46182607403737e-56	0.605966524318781	0.735	0.796	1.11765054800297e-51	1	Phf20l1
3.83602018287426e-56	-0.337373149035523	0.487	0.824	1.23845911604096e-51	1	Nol7
4.09107778318651e-56	-0.270420456080626	0.022	0.182	1.32080446230176e-51	1	Frmd4b
4.55735684859642e-56	-0.428883578373875	0.701	0.929	1.47134265856935e-51	1	Clint1
7.01326618490325e-56	0.578369085870905	0.743	0.727	2.26423298779601e-51	1	Ipcef1
7.07866426586279e-56	-0.426229851468318	0.059	0.241	2.2853467582338e-51	1	Cks1b
9.51945510397848e-56	0.804353154066765	0.475	0.398	3.07335608031945e-51	1	Prkd2
1.75993079430518e-55	-0.328613103074652	0.774	0.955	5.68193656941426e-51	1	Luc7l2
2.48708665679341e-55	-0.287295925809075	0.409	0.77	8.02955927145753e-51	1	Grk2
2.75634343849595e-55	-0.300281132128288	0.443	0.794	8.89885479118416e-51	1	Ube2l3
2.85657366504879e-55	0.562629806726121	0.719	0.797	9.22244807761002e-51	1	Pum2
3.41158623732982e-55	-0.263821582111126	0.333	0.671	1.10143061672193e-50	1	Hpcal1
4.41327171015079e-55	-0.337407620770192	0.007	0.15	1.42482477162218e-50	1	Rin2
6.27921004263422e-55	-0.52218547875706	0.698	0.907	2.02724296226446e-50	1	Lncpint
6.28851118434478e-55	-0.261634079461849	0.379	0.75	2.03024583586571e-50	1	Sdcbp
6.67219984483092e-55	0.756539626175585	0.54	0.492	2.15411971990366e-50	1	Fto
7.41291933200657e-55	-0.271115024455325	0.383	0.748	2.39326100633832e-50	1	Cdc37
7.94096228595248e-55	-0.34895753222486	0.116	0.333	2.56373967401976e-50	1	Ppp2r3a
8.82200341780832e-55	-0.42763423803478	0.405	0.716	2.84818380343942e-50	1	Aff1
8.83269454400888e-55	-0.509037311377763	0.033	0.196	2.85163543353327e-50	1	Cenpe
1.0198823800976e-54	-0.381552922825729	0.288	0.576	3.29269026414512e-50	1	Atp10a
1.05387658341538e-54	-0.298605460188309	0.514	0.862	3.40244054955655e-50	1	Chmp4b
1.20462907373544e-54	-0.489333526802275	0.03	0.189	3.88914496455487e-50	1	Kif11
1.38781447164206e-54	-0.278766530737784	0.392	0.769	4.48055902169639e-50	1	Psenen
1.86997154953055e-54	0.3142458882749	0.987	0.991	6.03720314765939e-50	1	Rpl14
3.3820168616346e-54	0.407221289393663	0.902	0.936	1.09188414377873e-49	1	Hnrnpf
4.37853197487619e-54	0.788675862262238	0.573	0.504	1.41360904808878e-49	1	Pcgf5
5.18638075452421e-54	-0.55971531965017	0.004	0.143	1.67442302659814e-49	1	Ifng
6.82638010506445e-54	-0.259744496734735	0.391	0.76	2.20389681692006e-49	1	Ndufb5
8.17217159926409e-54	-0.545777119709815	0.245	0.499	2.63838560082241e-49	1	Izumo1r
9.09273924466011e-54	-0.468180113050491	0.48	0.792	2.93559086513852e-49	1	Dek
1.2556783004938e-53	0.765144858678581	0.32	0.184	4.05395739314423e-49	1	Prkce
1.98318948356346e-53	-0.342331769343566	0.7	0.929	6.40272724768464e-49	1	Csnk1a1
2.61763772089331e-53	-0.259810005229481	0.024	0.18	8.45104338190406e-49	1	Smox
4.49154756286746e-53	0.735356253449646	0.395	0.282	1.45009613067176e-48	1	Nck2
1.4277310285828e-52	0.77585536245282	0.451	0.365	4.60942962577956e-48	1	Cd2ap
2.06593523971837e-52	-0.310509287225796	0.008	0.146	6.66987192143076e-48	1	Asb2
2.26890352691714e-52	-0.31789475420899	0.637	0.908	7.32515503665198e-48	1	Atp5a1
2.3974362553857e-52	-0.301625100875049	0.025	0.18	7.74012295051272e-48	1	2610204G07Rik
2.97836825785954e-52	-0.340227030737835	0.618	0.904	9.61566192049952e-48	1	Lrrfip1
3.60804336936485e-52	-0.285528898536702	0.046	0.216	1.16485680179944e-47	1	Tyms
4.00145809650433e-52	0.620572754074941	0.175	0.065	1.29187074645642e-47	1	A930037H05Rik
4.11042712327314e-52	-0.35584044563779	0.627	0.899	1.32705139674873e-47	1	Diaph1
4.66303555350401e-52	-0.262613787094645	0.388	0.74	1.50546102844877e-47	1	Fmnl1
5.73803196029473e-52	-0.287194439426285	0.473	0.841	1.85252361838115e-47	1	Selenok
5.8305768652383e-52	-0.268596376004794	0.387	0.735	1.88240174094218e-47	1	Psmb4
6.27063610036813e-52	-0.375266440601428	0.552	0.848	2.02447486500385e-47	1	Zswim6
6.36140523670344e-52	-0.292665744938587	0.089	0.286	2.05377968066971e-47	1	Pou2f2
1.13634955282702e-51	-0.26323948802723	0.009	0.146	3.66870453130202e-47	1	Cystm1
1.38921471453071e-51	-0.314277921739339	0.168	0.406	4.48507970586239e-47	1	Rassf3
1.46668460431281e-51	-0.325275659722194	0.414	0.752	4.73519124502392e-47	1	Nptn
1.63651070816179e-51	0.76519235837164	0.56	0.527	5.28347482130035e-47	1	Kat2b
1.8251921725483e-51	-0.291233577329856	0.065	0.246	5.8926329290722e-47	1	Hells
3.35641996920828e-51	-0.301303358586249	0.556	0.88	1.08362018705889e-46	1	Spcs2
4.32202707119804e-51	0.735919980785964	0.37	0.254	1.39536643993629e-46	1	Eefsec
6.91833584603733e-51	-0.268202247130251	0.431	0.76	2.23358472789315e-46	1	Etv6
7.47616874384451e-51	-0.310112411968717	0.64	0.922	2.4136810789502e-46	1	Ube2b
1.20498806457544e-50	-0.27708240555644	0.519	0.869	3.89030396648179e-46	1	Sec62
1.55493739092522e-50	-0.730600670248378	0.834	0.917	5.02011536660206e-46	1	Tox
1.77455034034307e-50	-0.304124847876711	0.331	0.646	5.7291357737976e-46	1	Usp38
2.0462927555529e-50	-0.269020712196238	0.446	0.806	6.60645616130253e-46	1	Sf3b6
2.68736980845796e-50	-0.301311826810585	0.368	0.701	8.67617342660653e-46	1	Hbs1l
2.81681331916631e-50	-0.371788077633214	0.244	0.506	9.09408180092843e-46	1	Runx3
4.1567207494778e-50	0.642662414304927	0.578	0.592	1.34199729396891e-45	1	Eif4a2
9.07734514420258e-50	0.60858771149717	0.706	0.733	2.9306208798058e-45	1	Mbnl2
1.73116520536479e-49	-0.357854988168406	0.484	0.8	5.58906686552021e-45	1	Ap3b1
1.7428113668483e-49	-0.267387021552916	0.392	0.733	5.62666649786975e-45	1	Pik3ca
1.75161074397616e-49	-0.278291879273765	0.454	0.801	5.65507528692705e-45	1	Snrpb
2.21947073394277e-49	0.463658370876137	0.859	0.826	7.16556126453424e-45	1	Camk4
3.28640127818423e-49	-0.295927673311489	0.54	0.868	1.06101465266178e-44	1	Ube2i
5.08831551525063e-49	-0.284492742658429	0.279	0.568	1.64276266409867e-44	1	Phf6
5.33179846126521e-49	-0.511870884644237	0.005	0.133	1.72137113321947e-44	1	Itgb8
6.49806074771171e-49	-0.292405857987983	0.965	0.992	2.09789891239872e-44	1	Trbc2
6.67121765778985e-49	-0.42662167421412	0.048	0.209	2.15380262081745e-44	1	Trmt61b
6.81165275580595e-49	-0.296664941920822	0.028	0.175	2.19914209221195e-44	1	Spc24
6.81815206671043e-49	-0.393756507902406	0.014	0.15	2.20124039473746e-44	1	Klf4
8.82944690983629e-49	0.473439659340004	0.19	0.079	2.85058693484064e-44	1	Prkd3
1.85660138173399e-48	-0.277363101038604	0.031	0.18	5.99403756092819e-44	1	Gm6225
1.88001498487314e-48	-0.685658171672579	0.053	0.209	6.06962837866293e-44	1	Birc5
3.33042653954619e-48	-1.45946618401493	0.046	0.2	1.07522820829249e-43	1	Hist1h2ap
7.02650144001671e-48	0.698491271336538	0.469	0.368	2.26850598990939e-43	1	Dusp10
7.56925641338491e-48	-0.28798473116679	0.315	0.611	2.44373443306132e-43	1	Braf
7.59845956212295e-48	-0.837628125995646	0.075	0.237	2.4531626696314e-43	1	Pclaf
8.50602193182223e-48	-0.361700469919541	0.636	0.906	2.74616918068881e-43	1	Ogt
8.74557552040598e-48	-0.296276459350731	0.016	0.151	2.82350905676307e-43	1	Cit
9.51592483893088e-48	-0.353992348326316	0.508	0.812	3.07221633424883e-43	1	Calr
1.20101432015174e-47	-0.339893851500069	0.015	0.149	3.8774747326099e-43	1	Cd160
1.22018642083251e-47	-0.334671657839643	0.028	0.171	3.93937185965775e-43	1	Cdca3
1.74132834088937e-47	0.675332628013653	0.577	0.584	5.62187854856134e-43	1	Pten
1.76946048467589e-47	0.447207287956676	0.856	0.911	5.71270317477612e-43	1	Fam49b
2.26481332623912e-47	0.750665647127317	0.458	0.398	7.311949823763e-43	1	Stt3b
2.88036770575657e-47	-0.270507932376405	0.481	0.825	9.2992671380351e-43	1	Hspa4
2.8836438852427e-47	-0.390931480773064	0.026	0.167	9.30984428350606e-43	1	Il12rb2
2.91972963496352e-47	-0.260518392167867	0.379	0.714	9.42634712647974e-43	1	Sptan1
3.08115226517134e-47	-0.297391452643417	0.509	0.845	9.94750008810568e-43	1	Cap1
3.70794953430852e-47	-0.342899657765476	0.933	0.978	1.19711150715151e-42	1	Calm1
4.15553730751066e-47	-0.335532844096086	0.021	0.158	1.34161521972982e-42	1	Crtam
4.16950511888056e-47	-0.252110291758211	0.427	0.772	1.34612472763059e-42	1	Atp5g1
5.50065810555118e-47	-0.433684116464209	0.032	0.175	1.7758874693772e-42	1	Tpx2
5.99375303906027e-47	-0.288821606746714	0.488	0.808	1.93508316866061e-42	1	Nek7
1.05427890866905e-46	-0.269620318417161	0.001	0.119	3.40373945663804e-42	1	Il21
1.15386509564754e-46	0.558227654829471	0.22	0.103	3.72525346129808e-42	1	Arhgef11
1.19129533554556e-46	-0.27887760506889	0.502	0.832	3.84609699080882e-42	1	Psma3
1.74790916067917e-46	-0.258020150533442	0.419	0.76	5.6431247252527e-42	1	Tab2
1.79273613485873e-46	0.671016147992523	0.247	0.126	5.78784861139142e-42	1	Tmlhe
2.37379284709635e-46	-0.273322145921407	0.559	0.869	7.66379020685056e-42	1	Ssb
3.41205991429472e-46	-0.274944564689068	0.682	0.932	1.10158354333005e-41	1	Morf4l1
3.43681144494992e-46	0.619312488951718	0.716	0.788	1.10957457500208e-41	1	Stim1
4.65898314730601e-46	0.694620813063749	0.497	0.387	1.50415270910775e-41	1	Cd226
4.97702494104767e-46	-0.424990571418194	0.414	0.75	1.60683250221724e-41	1	Cdk11b
5.3634060489896e-46	-0.266209276865496	0.341	0.649	1.73157564291629e-41	1	Fnip1
6.63872030565274e-46	0.730994128905804	0.32	0.201	2.14331085067999e-41	1	Zdhhc15
7.89529906471205e-46	0.614220628717454	0.289	0.172	2.54899730304229e-41	1	Dph5
1.13629827227667e-45	-0.562599766918998	0.626	0.881	3.66853897204523e-41	1	Lrba
1.31118688853059e-45	0.557178940268132	0.282	0.159	4.23316686962102e-41	1	Ifngr2
1.392873857027e-45	-0.256841211417481	0.003	0.121	4.49689324741168e-41	1	Cib2
1.89544615170019e-45	-0.434756755510923	0.023	0.158	6.11944790076407e-41	1	Mt1
2.86120414426086e-45	-0.531157663199239	0.003	0.119	9.23739757974619e-41	1	Areg
3.51563090545236e-45	0.487746172298882	0.2	0.09	1.1350214378253e-40	1	Arid3b
4.02647897332271e-45	0.632627279038762	0.216	0.103	1.29994873653724e-40	1	Map2k6
5.07206315651683e-45	-0.323628431245198	0.026	0.163	1.63751559008146e-40	1	Cdk1
5.23172000228684e-45	-0.30468905696677	0.035	0.178	1.68906080273831e-40	1	Abcb1b
5.92509626323293e-45	-0.864358468958998	0.03	0.166	1.91291732858475e-40	1	Hist1h2ae
7.12585490918007e-45	-0.386019532443564	0.026	0.161	2.30058225742879e-40	1	Knl1
8.28157434957801e-45	-0.302499485702284	0.016	0.143	2.67370627876126e-40	1	Kif4
9.06179071859702e-45	0.606983228740244	0.615	0.635	2.92559913349905e-40	1	Tlk1
9.208356038191e-45	0.755567991322257	0.455	0.389	2.97291774692997e-40	1	A930015D03Rik
1.04600697646526e-44	-0.263191391593965	0.497	0.836	3.3770335235181e-40	1	Tcf25
1.25478328147901e-44	-0.418501483224509	0.016	0.143	4.05106782425498e-40	1	Hecw2
1.77235834497618e-44	-0.368813087490832	0.031	0.168	5.72205891675561e-40	1	Ccnb2
2.20755563817442e-44	-0.328469158650479	0.457	0.761	7.12709337784612e-40	1	Hnrnpab
2.40776897779986e-44	-0.263149551343604	0.115	0.307	7.77348214482686e-40	1	Gnptab
2.65969479662914e-44	-0.276173191038542	0.621	0.902	8.58682465091719e-40	1	Nsa2
3.80468764213852e-44	0.529868691099088	0.763	0.822	1.22834340526442e-39	1	Zcchc7
4.77326344919379e-44	0.646333722732328	0.407	0.277	1.54104810457221e-39	1	Parp8
4.94085576700983e-44	-0.445997983458471	0.008	0.126	1.59515528437912e-39	1	Cd83
4.99841340844184e-44	-0.944762528152363	0.284	0.481	1.61373776891545e-39	1	Il2ra
6.49022552373097e-44	-0.272136849958525	0.662	0.927	2.09536931033654e-39	1	Tmem50a
9.48719414348802e-44	-0.298156169855907	0.495	0.81	3.06294062922511e-39	1	Usp9x
1.228248735014e-43	-0.321250594138863	0.03	0.165	3.96540104099269e-39	1	Clspn
1.31382941551181e-43	-0.321251973677313	0.397	0.669	4.24169826797988e-39	1	Gm20275
2.34659828545448e-43	0.51809508892926	0.538	0.44	7.57599256458978e-39	1	Rasa3
2.47276176935627e-43	-0.252718474671585	0.562	0.879	7.98331137236671e-39	1	Sumo1
3.00773882152313e-43	0.587881337493799	0.658	0.72	9.71048478528741e-39	1	Ranbp9
3.84588227882479e-43	0.798007906332577	0.503	0.46	1.24164309371858e-38	1	Ugcg
3.84766693016412e-43	0.594636022097415	0.313	0.195	1.24221926840348e-38	1	Mylip
5.20269400494768e-43	-0.535455094566327	0.032	0.165	1.67968975949736e-38	1	Nusap1
6.29524249728893e-43	0.595211689341061	0.251	0.139	2.03241904024973e-38	1	Fntb
6.36577792754229e-43	-0.260886719963575	0.085	0.258	2.05519140390703e-38	1	Gm10563
9.37005004566477e-43	-0.321717064049652	0.016	0.138	3.02512065724287e-38	1	Neil3
1.73047801647059e-42	0.672107154650492	0.583	0.559	5.5868482761753e-38	1	Pacs1
2.13768682703179e-42	0.597574733018281	0.697	0.677	6.90152192107213e-38	1	Smyd3
2.25170217388376e-42	-0.305563736721256	0.102	0.277	7.26962046838373e-38	1	Mcm3
2.51074574930648e-42	0.722943573281845	0.419	0.344	8.10594265163597e-38	1	Washc4
5.66570387050594e-42	0.63232508398014	0.614	0.641	1.82917249459284e-37	1	Etnk1
8.45199638204331e-42	-0.486514645397975	0.028	0.156	2.72872703194268e-37	1	Klrd1
9.42239575390289e-42	-0.398318971491348	0.089	0.251	3.04202046914755e-37	1	Kcnq5
1.08074358409132e-41	0.629802711834912	0.573	0.571	3.48918066123884e-37	1	Smarca2
1.14751986838425e-41	0.721729893848901	0.306	0.197	3.70476789507856e-37	1	E130307A14Rik
1.26938914816957e-41	-0.462909806712618	0.361	0.621	4.09822286486544e-37	1	Elovl5
2.19083530074342e-41	0.609084191862635	0.596	0.615	7.07311176845012e-37	1	Gimap8
2.39271193115915e-41	0.650143591598511	0.733	0.79	7.72487046974731e-37	1	Mndal
2.56959963277948e-41	0.67531712905209	0.613	0.635	8.29595241442856e-37	1	Rfx7
2.75379242548758e-41	-0.375701776218124	0.924	0.984	8.89061884568664e-37	1	Ltb
3.11075369393065e-41	-0.300764952769625	0.78	0.951	1.00430683008551e-36	1	Ppp1r12a
4.75736377757546e-41	0.714083333262552	0.433	0.369	1.53591489559024e-36	1	Acp5
5.16460938697732e-41	-0.298496851434424	0.003	0.11	1.66739414058563e-36	1	Myo16
6.05380647020111e-41	0.516786480791765	0.743	0.816	1.95447141890443e-36	1	Esyt2
7.66252131986197e-41	-0.342102066998005	0.56	0.829	2.47384500811744e-36	1	Emp3
9.24750829047257e-41	0.672426261525579	0.449	0.369	2.98555805157907e-36	1	Itga6
1.16248368975709e-40	0.519680143808338	0.659	0.718	3.75307859238077e-36	1	Fubp1
2.33122900464157e-40	-0.296015695999381	0.463	0.762	7.52637284148532e-36	1	Hsp90b1
2.52836902758628e-40	-0.392843041514906	0.021	0.142	8.1628394055623e-36	1	Chn2
2.53146134266218e-40	0.716726109804085	0.46	0.42	8.17282294478485e-36	1	Slc44a2
4.92973823805701e-40	0.312283626979581	0.109	0.033	1.5915659901567e-35	1	Slc25a27
5.655467880206e-40	0.441444782535995	0.148	0.057	1.82586780512451e-35	1	Sfmbt2
1.40824966747303e-39	-0.553463486204082	0.029	0.152	4.54653405143667e-35	1	Cenpf
1.86657708277358e-39	0.450943973094565	0.778	0.844	6.0262441117345e-35	1	4932438A13Rik
1.94908441066302e-39	0.708836227766017	0.543	0.528	6.29261901982557e-35	1	Slc12a6
2.61376407473438e-39	-0.253387973880836	0.014	0.127	8.43853731527995e-35	1	Pdzd2
3.06354433486166e-39	0.423099014338024	0.156	0.064	9.89065288510088e-35	1	Slc26a10
4.06903908368327e-39	0.359844041841839	0.126	0.044	1.31368926816714e-34	1	Lncppara
4.5998631350847e-39	-0.364838916764362	0.935	0.983	1.4850658131621e-34	1	Rps2
6.74706751655118e-39	0.378199359918696	0.119	0.04	2.17829074771855e-34	1	Oas3
6.8496120970143e-39	0.527836600708662	0.682	0.757	2.21139726552107e-34	1	Celf1
9.41328407145075e-39	-0.376801686546017	0.761	0.944	3.03907876246787e-34	1	Arih1
9.46967616877379e-39	0.580866942673627	0.625	0.661	3.05728495108862e-34	1	Rbms1
1.94881445189976e-38	-0.278286228059702	0.232	0.458	6.29174745795836e-34	1	Ddit4
2.1533036942639e-38	-0.27328784858273	0.767	0.95	6.95194097693101e-34	1	Ptp4a2
3.24910175455207e-38	0.64897967813255	0.569	0.574	1.04897250145714e-33	1	Rev3l
4.92837432546928e-38	0.600066453009222	0.67	0.711	1.59112565097776e-33	1	Plcl2
5.3039138491542e-38	-0.291552524072882	0.431	0.737	1.71236858619943e-33	1	Lbh
6.44172064319353e-38	-0.278086863497931	0.021	0.136	2.07970950965503e-33	1	Ccna2
9.32437159140403e-38	0.612979199724074	0.461	0.364	3.01037336828479e-33	1	Cers6
2.28422886710379e-37	-0.259458062846017	0.474	0.785	7.3746328974446e-33	1	2410006H16Rik
2.69986791532123e-37	-0.616358021524958	0.982	0.995	8.7165235646146e-33	1	Ptma
3.00493698157819e-37	-0.40910116138447	0.327	0.559	9.7014390450252e-33	1	Ly6e
5.0229085585069e-37	0.602830444239299	0.626	0.683	1.62164602811395e-32	1	Chchd3
7.52364049939867e-37	0.568980662000533	0.612	0.673	2.42900733523086e-32	1	Ppp2r5a
7.72365768384231e-37	-0.797733071271145	0.006	0.105	2.49358288322849e-32	1	Ifitm1
8.89027432021157e-37	-0.330460620177363	0.035	0.156	2.8702250642803e-32	1	Rrm2
9.51506145021836e-37	-0.336188355976061	0.988	0.996	3.071937589203e-32	1	Ppia
1.52532235453513e-36	-0.472802119645468	0.012	0.116	4.92450322161665e-32	1	Gzmb
1.77813712726373e-36	-0.60240204603656	0.004	0.1	5.74071571537095e-32	1	Ccl3
1.9718903174635e-36	-0.342786382873609	0.018	0.126	6.36624788993092e-32	1	Hmmr
2.66104480223463e-36	0.520447568384644	0.655	0.713	8.59118314401449e-32	1	Sptbn1
2.69529364227897e-36	0.454281892716776	0.78	0.843	8.70175552409766e-32	1	Slfn2
3.28790312699337e-36	-0.282598231955309	0.394	0.671	1.06149952454981e-31	1	Glcci1
3.49211731872669e-36	0.337415324612484	0.874	0.927	1.12743007635091e-31	1	Stk17b
3.78053684058526e-36	0.586764984593341	0.316	0.222	1.22054631898295e-31	1	Trim56
6.79888973694737e-36	0.785102781566318	0.393	0.313	2.19502155157346e-31	1	Ifi47
7.58453769458052e-36	0.444168924310925	0.581	0.512	2.44866799469532e-31	1	Arl4c
8.06852777548667e-36	0.506911623926738	0.367	0.253	2.60492419231587e-31	1	Btla
9.39141905599259e-36	0.262809513035383	0.97	0.984	3.03201964222721e-31	1	Rpl4
9.79830578413764e-36	-0.321477762137513	0.011	0.112	3.16338302240884e-31	1	Lyn
1.02976663175287e-35	-0.305169308387742	0.664	0.9	3.32460157061413e-31	1	Cd28
1.10859781849802e-35	0.377400247808797	0.814	0.867	3.57910805702086e-31	1	Gimap3
1.13742792717194e-35	0.677908768625118	0.517	0.504	3.67218606287459e-31	1	4930444A19Rik
1.33147812447481e-35	0.43917166860072	0.181	0.087	4.29867712486692e-31	1	Klhl3
2.47924680459524e-35	-0.258208909283795	0.591	0.86	8.00424830863574e-31	1	Slc25a5
2.7831394978333e-35	0.565324839298726	0.282	0.186	8.98536586875482e-31	1	Dyrk2
3.04440504333316e-35	0.415069475084103	0.793	0.883	9.82886168240112e-31	1	Crebbp
4.22304804002974e-35	0.638071343975261	0.56	0.58	1.3634110597236e-30	1	Herc4
5.7924683736399e-35	0.823164244784008	0.406	0.347	1.87009841442964e-30	1	Rsu1
7.32531236626455e-35	-0.278819717704065	0.663	0.906	2.36497709744851e-30	1	Cyba
1.14054797487759e-34	0.675303165694479	0.304	0.209	3.68225913689231e-30	1	Gbp4
1.18222186726617e-34	0.397365443975702	0.167	0.077	3.81680329846883e-30	1	Tbxa2r
1.18650561682243e-34	0.567322913385189	0.258	0.159	3.83063338391123e-30	1	Nrros
1.46222515103131e-34	0.576850898625304	0.551	0.557	4.72079390010457e-30	1	Mbp
1.56867759934104e-34	-0.251619921143211	0.482	0.773	5.06447562947256e-30	1	Prdx1
1.59066070293097e-34	0.571538850919689	0.301	0.208	5.13544807941265e-30	1	4930469K13Rik
2.24468384414165e-34	0.634962182006152	0.517	0.513	7.24696179081131e-30	1	Zfp280d
2.61012035809615e-34	-0.331562357676434	0.196	0.386	8.42677357611342e-30	1	Uty
2.84783699064337e-34	0.681284975487468	0.498	0.476	9.19424172429213e-30	1	Herc3
2.92651562785138e-34	0.603975273178429	0.493	0.481	9.44825570451818e-30	1	Mia2
3.21602935556143e-34	0.643275251698872	0.6	0.645	1.03829507744301e-29	1	Phip
4.41614697218316e-34	-0.331331562880534	0.204	0.396	1.42575304996933e-29	1	Hmgn2
1.24535264200537e-33	0.615877903481786	0.456	0.394	4.02062100471435e-29	1	Rab3ip
1.34422680829795e-33	-0.337359460731323	0.714	0.923	4.33983625058992e-29	1	Fryl
1.42300250773009e-33	0.541280312836609	0.261	0.165	4.59416359620659e-29	1	Rab6b
2.37705109932114e-33	-0.286794237673598	0.021	0.124	7.6743094741583e-29	1	Hist1h3c
2.44401790672314e-33	0.576271727293439	0.299	0.202	7.89051181185566e-29	1	Insr
3.61660530375318e-33	0.944177599772944	0.557	0.503	1.16762102231671e-28	1	Bcl2
1.12692321341779e-32	0.637034543109223	0.365	0.257	3.63827159451933e-28	1	4933406I18Rik
1.20697161515868e-32	-0.361438952416973	0.537	0.8	3.89670785953979e-28	1	Srpk2
1.63242204472229e-32	-0.421186937933763	0.916	0.953	5.27027457138592e-28	1	Runx1
1.87917134704517e-32	0.66991402064793	0.424	0.376	6.06690469393532e-28	1	Tmem131l
2.02541481390801e-32	-0.345856402223575	0.45	0.717	6.53905172670202e-28	1	Nucks1
4.07406827093118e-32	0.342519923385032	0.137	0.057	1.31531294127013e-27	1	Cnn3
7.3062264171693e-32	-0.254522565405429	0.031	0.138	2.35881519878311e-27	1	Mir155hg
7.80952952132827e-32	-0.2978976940303	0.242	0.439	2.52130660596083e-27	1	Sntb1
1.04064452107605e-31	0.561320472078587	0.306	0.22	3.35972083629404e-27	1	Rcbtb1
1.52728160418643e-31	0.561430133104248	0.289	0.203	4.9308286591159e-27	1	Foxk1
1.67691906081717e-31	0.45456457985341	0.18	0.091	5.41393318784822e-27	1	Map4k3
2.17110152304101e-31	0.526907420655174	0.214	0.123	7.0094012671379e-27	1	Hspbap1
4.40785395982977e-31	0.465355233425528	0.699	0.763	1.42307565093104e-26	1	Dennd1a
6.2655611603547e-31	-0.291558539994333	0.598	0.863	2.02283642062051e-26	1	Gls
8.43561848750979e-31	0.407648861547834	0.77	0.849	2.72343942869254e-26	1	Pdcd4
9.35393037785094e-31	-0.377074812117358	0.171	0.333	3.01991642248918e-26	1	Smc2
1.23385105637275e-30	0.600669867391097	0.527	0.551	3.98348813549942e-26	1	Tasor
3.29126422874707e-30	0.848434388247982	0.495	0.492	1.06258465625099e-25	1	Parp14
4.35559162775694e-30	0.581588560736469	0.347	0.263	1.40620275702133e-25	1	Zfp36
5.03517320479847e-30	-0.27734071613988	0.831	0.967	1.62560566916919e-25	1	Rap1b
6.08635663956577e-30	0.256303098402832	0.92	0.953	1.96498024108381e-25	1	Npm1
6.97669012298992e-30	0.602508645401161	0.447	0.427	2.2524244062073e-25	1	Sp110
2.60562981535272e-29	0.507741097405609	0.193	0.103	8.41227585886624e-25	1	Rundc3b
3.46890782602783e-29	0.521303242527648	0.184	0.099	1.11993689163309e-24	1	Dnah8
5.26812269813251e-29	0.497470084980925	0.593	0.656	1.70081341309208e-24	1	Herc1
5.79531430265247e-29	0.538576756037449	0.173	0.089	1.87101722261135e-24	1	Scmh1
7.00977755430037e-29	0.659510345358316	0.481	0.444	2.26310668340587e-24	1	Ahcyl2
7.73184917013553e-29	0.411803028562703	0.787	0.86	2.49622750457826e-24	1	Exoc4
8.19896551829119e-29	-0.272292721670609	0.752	0.922	2.64703601758031e-24	1	Hnrnpa3
1.32894801991837e-28	0.566263283273419	0.473	0.435	4.29050868230646e-24	1	Ralgps2
2.27290486599804e-28	0.60883742456725	0.34	0.274	7.33807335987467e-24	1	Siah1a
2.86958211024481e-28	0.332978024802295	0.137	0.062	9.26444584292538e-24	1	Plekha1
3.48025127728279e-28	0.382961664187496	0.774	0.864	1.12359912487075e-23	1	Ube2h
3.97181941660685e-28	0.599148344701761	0.308	0.23	1.28230189865152e-23	1	Dop1a
8.33036919869348e-28	0.357506363735388	0.127	0.055	2.68945969579819e-23	1	A530088E08Rik
2.18807200422839e-27	0.641848647802687	0.462	0.45	7.06419046565136e-23	1	Ano6
3.09161888560028e-27	0.583473314337999	0.34	0.277	9.9812915721605e-23	1	Mfsd4a
5.3618753001977e-27	0.818545849250716	0.446	0.425	1.73108144066883e-22	1	Bst2
6.23987847560068e-27	-0.284802264592754	0.038	0.136	2.01454476584768e-22	1	Tent5a
7.24005411299576e-27	-0.311560206756676	0.536	0.783	2.33745147038068e-22	1	Ran
7.74780091137689e-27	0.564269107648979	0.584	0.66	2.50137752423803e-22	1	Uvrag
8.14070194836973e-27	0.609522354028372	0.424	0.406	2.62822562403117e-22	1	Morc3
1.09590744673718e-26	0.682227555380577	0.39	0.352	3.53813719179099e-22	1	Trim12c
2.1121000908505e-26	0.576819646099098	0.53	0.586	6.81891514331084e-22	1	Casp8
2.13181639938963e-26	0.650001871383737	0.318	0.238	6.88256924542943e-22	1	Cdyl2
2.2143751573763e-26	0.379455557364976	0.778	0.839	7.14911019558939e-22	1	Pip4k2a
4.4783465605003e-26	0.375582832798932	0.149	0.075	1.44583418705752e-21	1	Smad1
5.5991872950665e-26	0.578274097313735	0.483	0.485	1.80769761821222e-21	1	Kcnn4
6.5457513791954e-26	0.532326661699006	0.542	0.595	2.11329583277323e-21	1	Dnajc3
7.00852728337354e-26	0.319170593976075	0.787	0.867	2.26270303343715e-21	1	Cd53
7.20679478442197e-26	0.332940449375048	0.123	0.054	2.32671369615063e-21	1	Rtn4rl1
8.56633787797023e-26	0.568977643721899	0.578	0.604	2.76564218390269e-21	1	Nlrc5
8.6423954989953e-26	0.614427655900167	0.485	0.465	2.79019738685063e-21	1	BE692007
1.17441596984427e-25	0.368855846573791	0.1	0.038	3.79160195864224e-21	1	Fhit
1.2340157285363e-25	0.400787740966002	0.7	0.765	3.98401977957945e-21	1	4930523C07Rik
1.3397652083715e-25	0.424682458041445	0.733	0.743	4.32543197522738e-21	1	Slc9a9
1.45435899682031e-25	0.568028607828059	0.205	0.124	4.69539802123437e-21	1	Gbp2
1.85341973444651e-25	0.463183795516654	0.713	0.792	5.98376561266054e-21	1	Rap1gds1
2.46385693517341e-25	0.816524649257536	0.368	0.312	7.95456211520736e-21	1	Gbp7
4.69166132216349e-25	0.576708605957791	0.244	0.163	1.51470285786048e-20	1	Irgm2
5.20313589340995e-25	-0.263786219802779	0.294	0.49	1.6798324231874e-20	1	Rgcc
5.2682297651819e-25	0.365392360488166	0.156	0.082	1.70084797968898e-20	1	Abi3
8.94489491082689e-25	0.504698326723257	0.729	0.782	2.88785932196046e-20	1	Ifi203
2.27023609372603e-24	0.660979189976649	0.361	0.308	7.32945722859449e-20	1	Gm12185
2.7678164820688e-24	0.35216714142014	0.146	0.074	8.93589551235911e-20	1	Lmo4
3.09713197286576e-24	0.300230715255144	0.836	0.908	9.99909057439712e-20	1	Rsrp1
4.36173551680277e-24	0.683088965165071	0.219	0.133	1.40818631159978e-19	1	Immp2l
5.26269148642098e-24	0.571172527367035	0.314	0.249	1.69905994639101e-19	1	Tmem245
6.04344764125709e-24	0.593589450964859	0.389	0.348	1.95112707097985e-19	1	Hmg20a
7.1476249679714e-24	0.541281809719886	0.233	0.155	2.30761072090957e-19	1	Irf7
8.06250259238496e-24	0.52585069183644	0.571	0.621	2.60297896195148e-19	1	Heca
2.00620177071966e-23	-0.310330903916589	0.159	0.301	6.47702241676843e-19	1	Ntrk3
2.15766573215022e-23	0.421993397687256	0.711	0.825	6.96602381624698e-19	1	Pan3
2.59994284499557e-23	0.492599878655808	0.57	0.651	8.39391547506819e-19	1	Kat6a
2.60777260141977e-23	-0.307747780416173	0.131	0.262	8.41919384368371e-19	1	Cd81
2.86595001146555e-23	0.515881954165226	0.583	0.654	9.25271961201652e-19	1	Cdc42se2
2.92412287830189e-23	0.569716838721274	0.321	0.264	9.44053071259767e-19	1	Ikbke
3.89207834224244e-23	0.634354172857246	0.444	0.44	1.25655749279297e-18	1	Trim44
3.93433296049584e-23	0.578124434399955	0.579	0.66	1.27019939629608e-18	1	Usp25
4.23177232259911e-23	0.460177590752816	0.212	0.136	1.36622769435112e-18	1	Gbp9
5.39927367966758e-23	0.501775317220765	0.573	0.64	1.74315550748068e-18	1	Xrn1
5.62382121678272e-23	0.420828700658929	0.182	0.108	1.8156506798383e-18	1	H2-T24
6.08725705767952e-23	0.490917757021323	0.202	0.127	1.96527094107183e-18	1	Ttc27
8.10131906697714e-23	0.478890347854311	0.561	0.609	2.61551086077357e-18	1	Stk38
9.34491696429531e-23	0.547799196959473	0.49	0.522	3.01700644192274e-18	1	Larp1
9.89547680529433e-23	0.609067220843321	0.454	0.456	3.19475468658927e-18	1	Gm48678
1.08786844706784e-22	0.457623974762524	0.615	0.696	3.51218328135852e-18	1	Rbm6
1.74021704431491e-22	0.46591664806975	0.653	0.768	5.61829072757067e-18	1	Zfp148
1.76862926836152e-22	0.504569929226853	0.69	0.786	5.71001959290518e-18	1	Ascc3
2.17330990633095e-22	0.583290946334735	0.317	0.256	7.01653103258948e-18	1	Selenop
2.65828120154931e-22	-0.452024040286498	0.218	0.378	8.58226085920194e-18	1	Hist1h1e
2.7704555378651e-22	0.607436056865371	0.386	0.353	8.94441570399747e-18	1	Bicra
3.05563582909098e-22	0.559373388809455	0.396	0.381	9.86512027422022e-18	1	Il16
4.35760638911937e-22	-0.25483455355575	0.033	0.115	1.40685322272719e-17	1	Plcb4
5.04175805252434e-22	0.331011675300773	0.115	0.053	1.62773158725748e-17	1	Arhgap5
9.72142642137037e-22	0.317662056889758	0.801	0.888	3.13856252013942e-17	1	Limd2
1.32090134965274e-21	0.299363047976752	0.824	0.912	4.26453000735387e-17	1	Birc6
1.38998651811367e-21	0.337692833577274	0.766	0.878	4.48757147372998e-17	1	Srsf5
1.73431916464281e-21	0.600737863130678	0.351	0.307	5.59924942304933e-17	1	Abcg1
1.85729630176542e-21	0.440350064838355	0.184	0.112	5.99628111024967e-17	1	Gm36279
2.00038329281552e-21	0.513398073958521	0.571	0.651	6.45823746085491e-17	1	Lonp2
2.23924825767709e-21	0.515455322481651	0.499	0.546	7.22941299991048e-17	1	Smad4
3.19061965510422e-21	0.43998014610764	0.702	0.742	1.0300915556504e-16	1	Ccnd2
3.54092151432847e-21	0.55640684237427	0.289	0.226	1.14318651090095e-16	1	Suclg2
3.78840197030234e-21	0.545308319671439	0.653	0.714	1.22308557611211e-16	1	Slco3a1
3.96176268357453e-21	0.610296930383556	0.323	0.28	1.27905508239204e-16	1	Mettl9
5.60186260469316e-21	0.669046536863489	0.382	0.356	1.80856134192519e-16	1	Parp9
6.52593475120196e-21	0.657028359599855	0.422	0.414	2.10689803442555e-16	1	Galnt7
7.88084820971953e-21	0.391149471016621	0.684	0.783	2.54433184450795e-16	1	Arid4a
9.05595914463096e-21	0.555066297846352	0.402	0.373	2.92371640984411e-16	1	Cd96
1.27142236536987e-20	0.498485587626893	0.548	0.615	4.10478710659664e-16	1	Zmynd8
2.01850567837004e-20	0.53156324274612	0.351	0.302	6.51674558261767e-16	1	Spata6
2.17876844099011e-20	0.492417902506696	0.559	0.64	7.03415391173657e-16	1	Cep350
3.50669086921793e-20	0.59325478077072	0.395	0.381	1.13213514712701e-15	1	Mga
4.06308773971859e-20	0.360857873255931	0.707	0.821	1.31176787676815e-15	1	Lnpep
5.5730805384809e-20	0.528454342876226	0.293	0.237	1.79926905184856e-15	1	Atm
5.84176695974172e-20	-0.940406128835848	0.266	0.377	1.88601446295261e-15	1	Stmn1
6.42215513398643e-20	0.503632738928314	0.289	0.221	2.07339278500752e-15	1	Smad3
6.85069758141575e-20	0.450005422924364	0.227	0.159	2.21174771416007e-15	1	Card6
6.97670833651103e-20	0.430109607235713	0.61	0.706	2.25243028644259e-15	1	Dyrk1a
7.95930643406176e-20	0.548550723342064	0.503	0.552	2.56966208223684e-15	1	5330438D12Rik
8.98383551967142e-20	0.309005083533913	0.12	0.06	2.90043129752592e-15	1	Unc5cl
8.98858602620279e-20	0.408129248634824	0.682	0.802	2.90196499855957e-15	1	Mllt10
9.19780781917338e-20	0.508528220501188	0.532	0.592	2.96951225442013e-15	1	Man1a2
9.92417196354018e-20	0.378928234625197	0.671	0.8	3.20401891842895e-15	1	Trip12
1.41031779392994e-19	0.302306809736926	0.81	0.882	4.55321099770283e-15	1	Rpl22l1
1.54968856814306e-19	-0.378014550319643	0.035	0.108	5.00316954224986e-15	1	Hist1h2ab
1.55255454022028e-19	0.488488624345693	0.25	0.187	5.01242233310118e-15	1	Zdhhc17
1.66598327312614e-19	0.431484562587681	0.658	0.772	5.37862699728774e-15	1	Cnot4
1.72028588114778e-19	0.460487772946343	0.465	0.447	5.55394296728561e-15	1	Lyst
1.96014314754854e-19	-0.499282587071491	0.792	0.893	6.32832215186047e-15	1	Prkca
2.32879437200563e-19	0.375888875913216	0.768	0.855	7.51851263002016e-15	1	Hsp90aa1
2.36008368691159e-19	0.349053947134913	0.777	0.867	7.61953018319405e-15	1	Fam169b
3.81917016665205e-19	0.501063521111867	0.207	0.14	1.23301908830362e-14	1	Irgm1
7.43702369041267e-19	0.432211905435637	0.652	0.774	2.40104309844973e-14	1	Itsn2
8.85747058450226e-19	0.652509725433154	0.423	0.406	2.85963437820656e-14	1	Xrcc4
9.64396313437589e-19	0.367823841053432	0.128	0.068	3.11355349793326e-14	1	Rph3al
9.67594652116626e-19	0.58764632886588	0.34	0.307	3.12387933435853e-14	1	Erap1
9.99237502525388e-19	0.295709304207073	0.121	0.063	3.22603827690321e-14	1	Ppargc1b
1.28700008743289e-18	0.578076117817284	0.36	0.333	4.1550797822771e-14	1	Cep97
1.40572884593273e-18	-0.282903583732168	0.797	0.915	4.53839557909381e-14	1	Hivep2
1.44315780120145e-18	0.629027008556562	0.449	0.465	4.65923496117887e-14	1	Bbx
1.63324771707272e-18	0.493338328513466	0.257	0.199	5.27294025456926e-14	1	Tbc1d22b
2.72669634868271e-18	0.348565300382318	0.7	0.83	8.80313916172212e-14	1	Cul3
3.46776006150337e-18	0.529131696330216	0.502	0.501	1.11956633585636e-13	1	Ppp3ca
3.74051305902582e-18	0.540856627412463	0.441	0.457	1.20762464110648e-13	1	Mcmbp
3.91982763959064e-18	0.265622405529629	0.102	0.048	1.26551635344184e-13	1	Amy1
4.1394235713364e-18	0.59752320652831	0.274	0.21	1.33641290000596e-13	1	Fry
4.95821353965018e-18	0.439935440958841	0.585	0.673	1.60075924127606e-13	1	Dgkd
5.07031250093458e-18	0.562475120749886	0.44	0.466	1.63695039092673e-13	1	Il27ra
5.70014003450721e-18	0.537942241755703	0.406	0.391	1.84029021014065e-13	1	Sp4
6.2927325451325e-18	0.603031006591817	0.386	0.358	2.03160870219603e-13	1	Atp11c
8.25563810641445e-18	0.479805546855792	0.566	0.657	2.6653327626559e-13	1	Rictor
1.42309674967109e-17	0.549400373436909	0.482	0.531	4.5944678563131e-13	1	Otulinl
1.47779030800281e-17	0.267426160753971	0.771	0.888	4.77104600938708e-13	1	Ddx6
1.51731196424233e-17	0.271341379859225	0.792	0.856	4.89864167655636e-13	1	Nme2
1.5762799100502e-17	0.269827761130668	0.605	0.607	5.08901968959708e-13	1	Sesn3
1.80985118028719e-17	0.487135527908571	0.567	0.653	5.8431045355572e-13	1	Zfp644
2.14912612452576e-17	0.587340807590545	0.341	0.3	6.93845369303143e-13	1	L3mbtl3
3.98679354290989e-17	0.399329083246916	0.188	0.128	1.28713629532846e-12	1	Hdhd5
5.24595919254237e-17	0.397316963396134	0.186	0.125	1.6936579253123e-12	1	Tmem229b
6.22456060445271e-17	0.426251555713014	0.59	0.682	2.00959939114756e-12	1	Hspe1
7.04260391745738e-17	0.373207727052113	0.658	0.777	2.27370467475112e-12	1	Huwe1
1.17055928528674e-16	0.285984855707963	0.729	0.804	3.77915065254825e-12	1	Foxo1
1.18016492756144e-16	0.488258480651807	0.337	0.306	3.81016246863211e-12	1	Fam189b
1.49325329759363e-16	-0.297566467768994	0.276	0.423	4.82096827128102e-12	1	Adk
1.86102914084899e-16	0.539430127936269	0.404	0.395	6.00833258123098e-12	1	Abcb7
2.33515266274456e-16	0.403492929312045	0.215	0.155	7.53904037167082e-12	1	Clec2i
2.84228777607474e-16	0.320404522807812	0.736	0.852	9.17632608505729e-12	1	Ankrd17
2.9382744223853e-16	-0.251668481880662	0.667	0.845	9.48621897267094e-12	1	Stat5b
3.51752111953408e-16	0.367749378965388	0.616	0.739	1.13563169344158e-11	1	Papola
3.72670004950702e-16	0.558725086087927	0.52	0.58	1.20316511098334e-11	1	Smurf2
5.55018944335998e-16	0.565130927637417	0.389	0.367	1.79187866178877e-11	1	Kansl1l
6.02741691791856e-16	0.530466875446862	0.452	0.475	1.94595155195001e-11	1	Atf7
7.14191419166213e-16	0.422255943242346	0.216	0.159	2.30576699677812e-11	1	Gm36756
9.05554877483569e-16	0.526194910092835	0.36	0.331	2.9235839219557e-11	1	Zhx2
9.86014900604054e-16	0.451257674484171	0.554	0.65	3.18334910660019e-11	1	Scaf8
1.15556069575412e-15	0.37918120182709	0.599	0.735	3.73072770624219e-11	1	Sec11a
1.20095846792006e-15	0.297943526534158	0.762	0.893	3.87729441367991e-11	1	Mcl1
1.42181284845966e-15	0.432995791832788	0.184	0.126	4.59032278125202e-11	1	Txndc16
1.42944387297926e-15	0.320664923230009	0.677	0.766	4.61495954391355e-11	1	Wipf1
1.63743374635338e-15	0.502476380337282	0.475	0.523	5.28645485010189e-11	1	Gigyf2
1.91827318113813e-15	0.417422316398619	0.584	0.701	6.19314496530445e-11	1	Tnrc6a
2.25470817270602e-15	0.491001118347597	0.288	0.248	7.2793253355814e-11	1	Lipa
2.46840989170915e-15	0.300623598897684	0.102	0.052	7.96926133538300e-11	1	Dapk1
3.18407698565786e-15	0.446366143899347	0.561	0.649	1.02797925481964e-10	1	Zfp638
3.32744140072112e-15	0.528729072491575	0.425	0.455	1.07426445622281e-10	1	Elk4
3.39186999782951e-15	0.281657119915971	0.105	0.055	1.09506522879926e-10	1	Tnfrsf26
3.40050294303265e-15	0.367625573104335	0.578	0.639	1.09785237515809e-10	1	Tle4
4.07680609779781e-15	0.386391452940009	0.661	0.797	1.31619684867402e-10	1	Gsk3b
4.77841275933278e-15	0.386396899987212	0.631	0.733	1.54271055935059e-10	1	Dennd1b
5.57882400208908e-15	0.431120967322619	0.527	0.584	1.80112332907446e-10	1	Tspan32
5.62129053233436e-15	0.321059150770372	0.123	0.07	1.81483364836415e-10	1	Plekha7
5.94615510658106e-15	-0.333285703826198	0.299	0.445	1.91971617615969e-10	1	Cpm
6.63340737774059e-15	0.372773074278758	0.177	0.119	2.14159557190355e-10	1	Rev1
7.66907293151426e-15	0.286351184560809	0.119	0.067	2.47596019593938e-10	1	Gm50218
8.00935102890214e-15	0.402908711696873	0.207	0.152	2.58581897968106e-10	1	Stard5
8.3814750155204e-15	0.522916357710325	0.406	0.403	2.70595920876076e-10	1	Klf7
1.05511604430114e-14	0.508366245298127	0.47	0.481	3.40644214902624e-10	1	Ttc3
1.15987241042316e-14	0.513796171933014	0.251	0.202	3.74464807705118e-10	1	Xaf1
1.23850071759053e-14	0.400105290658976	0.583	0.718	3.99849956674102e-10	1	Mark2
1.296883418804e-14	0.558691915784091	0.377	0.373	4.18698811760871e-10	1	Lrrc4
1.52101505385951e-14	0.464698409880461	0.495	0.538	4.91059710138542e-10	1	Vps13a
1.67774127883624e-14	0.440670555056521	0.301	0.259	5.41658771872279e-10	1	Tesc
1.8666716100785e-14	0.364560545871555	0.195	0.141	6.02654929313845e-10	1	Gm15564
1.88407577465016e-14	0.483036214796694	0.277	0.235	6.08273863845805e-10	1	Fbxw4
3.34732934251366e-14	0.335216384225271	0.124	0.072	1.08068527823053e-09	1	Rnf130
3.56649593665674e-14	0.476020561355275	0.517	0.575	1.15144321314963e-09	1	Cd84
3.73284701078783e-14	0.449842246207201	0.548	0.639	1.20514965743285e-09	1	R3hdm1
3.84167334530079e-14	0.584782660485787	0.43	0.451	1.24028423953036e-09	1	9930111J21Rik2
7.26379162256623e-14	0.486373640191673	0.501	0.573	2.34511512534551e-09	1	Sec63
1.08418911303835e-13	0.490036884625522	0.429	0.464	3.50030455144432e-09	1	Prkacb
1.1845413961623e-13	0.353248120239944	0.63	0.728	3.82429189751e-09	1	Med13l
1.38619891608229e-13	0.562357637342943	0.384	0.392	4.47534320057166e-09	1	Desi2
1.40116619590032e-13	0.474232200993187	0.482	0.537	4.52366506346418e-09	1	Gimap9
1.44136338685734e-13	0.546064198064863	0.276	0.23	4.65344169446894e-09	1	Bbs9
1.6863041283142e-13	0.487878572256557	0.517	0.582	5.4442328782624e-09	1	Cdkal1
2.23117167591887e-13	0.489390463497312	0.444	0.493	7.20333775570408e-09	1	Nup210
2.5124795649049e-13	0.271993559292837	0.114	0.066	8.11154027529545e-09	1	Gm10130
2.51691761290398e-13	0.428723768121779	0.196	0.145	8.12586851326049e-09	1	Klhdc1
3.25470774577815e-13	0.412285893846337	0.532	0.603	1.05078239572448e-08	1	Ccny
3.64570321684473e-13	0.53176076963523	0.366	0.367	1.17701528355832e-08	1	Dnmt3a
6.45324377057257e-13	0.297804335067156	0.124	0.076	2.08342975132935e-08	1	Mettl8
6.57310439078068e-13	0.363718907447837	0.168	0.118	2.12212675256354e-08	1	Patz1
7.81433451881634e-13	0.507566454726902	0.404	0.421	2.52285789939986e-08	1	Setd7
9.92626240407907e-13	0.571000006634426	0.335	0.323	3.20469381715693e-08	1	Dtx3l
1.0151168936098e-12	0.502677702214626	0.577	0.668	3.27730489101923e-08	1	Mbd5
1.56869911458548e-12	0.339759412410073	0.486	0.46	5.06454509143923e-08	1	Slamf6
1.68165431511815e-12	0.514919188830175	0.266	0.232	5.42922095635894e-08	1	Hsph1
2.56988342402224e-12	0.395398422803932	0.528	0.603	8.29686863445581e-08	1	Tecpr1
2.63175541073151e-12	0.468865116578944	0.555	0.617	8.49662234354667e-08	1	Diaph2
2.74141363992472e-12	0.273889958330009	0.105	0.061	8.85065393649695e-08	1	Brdt
2.84313461497537e-12	0.439040554284678	0.515	0.596	9.17906010444799e-08	1	Ankib1
3.50952044966101e-12	0.268164773200574	0.731	0.845	1.13304867717306e-07	1	mt-Nd3
3.96435201520506e-12	0.588981369114064	0.36	0.358	1.27989104810895e-07	1	Zbp1
4.121730032467e-12	-1.48720260258105	0.121	0.193	1.33070054098197e-07	1	Hist1h1b
4.16372177609655e-12	0.284695284456094	0.714	0.826	1.34425757541277e-07	1	Susd6
4.55440866173883e-12	0.427072287017223	0.234	0.194	1.47039083644238e-07	1	Ttc13
4.75286483691666e-12	0.395206455366685	0.575	0.685	1.53446241259854e-07	1	Tet3
5.36354079672817e-12	0.490907189484052	0.488	0.569	1.73161914622369e-07	1	Arid2
7.67430979797564e-12	0.338059099966479	0.662	0.803	2.47765091827643e-07	1	Irf2
9.80587371330117e-12	0.526756366849028	0.342	0.337	3.16582632833928e-07	1	Trim14
9.96136776770067e-12	0.440144118496855	0.537	0.651	3.21602758380216e-07	1	Ppm1b
1.04173121849179e-11	0.446531118834024	0.245	0.205	3.36322923890075e-07	1	Gm15563
1.15079391817063e-11	0.394742011956288	0.173	0.126	3.71533816481387e-07	1	Ggact
1.28106247891011e-11	0.471857570767206	0.475	0.55	4.13591021316131e-07	1	Trim33
1.28247611906574e-11	0.282407309852106	0.131	0.084	4.14047415040375e-07	1	Map7
1.83032805809226e-11	0.501562422762823	0.374	0.367	5.90921413555085e-07	1	Sesn1
1.97823430215552e-11	0.492735402404054	0.317	0.302	6.38672944450911e-07	1	Smurf1
3.20298887680779e-11	0.523248625069846	0.461	0.505	1.0340849588774e-06	1	Nxpe3
3.75250474615446e-11	0.483443237659609	0.491	0.553	1.21149615729597e-06	1	Klhl6
4.41175268592225e-11	0.307092204691509	0.656	0.768	1.42433435465e-06	1	Smad7
5.33082639769611e-11	0.570763418767271	0.599	0.685	1.72105730249619e-06	1	Epsti1
5.60030663381459e-11	0.378710308022078	0.165	0.119	1.80805899672704e-06	1	Gm27008
9.40109507964757e-11	0.508315175809735	0.35	0.345	3.03514354646422e-06	1	Mfhas1
1.49792407562571e-10	0.591963397719417	0.421	0.464	4.83604787815762e-06	1	Zup1
1.53805690642688e-10	0.340254941249832	0.169	0.126	4.96561672239917e-06	1	Gngt2
1.71531037405536e-10	0.361313162109332	0.163	0.12	5.53787954263773e-06	1	Mov10
2.02618163871894e-10	0.30876938374512	0.48	0.478	6.5415274206041e-06	1	St8sia4
2.12412759071246e-10	0.476678849056287	0.313	0.307	6.85774592661519e-06	1	Adar
2.14301359054141e-10	0.448714698698797	0.233	0.199	6.91871937706294e-06	1	Trim34a
2.38488612690059e-10	0.473560743588512	0.222	0.184	7.69960486069855e-06	1	Agk
2.39878770685162e-10	0.461529500840931	0.299	0.285	7.74448611157046e-06	1	AI467606
2.77863575843249e-10	0.290838489897603	0.659	0.791	8.9708255460993e-06	1	Cdk13
2.99062961633412e-10	0.266810657335114	0.118	0.076	9.65524771633472e-06	1	Gm26771
3.0326775479286e-10	0.252445081844147	0.101	0.062	9.79099946348748e-06	1	Fanci
3.33822401419512e-10	-0.459083309965539	0.225	0.334	1.0777456229829e-05	1	Hist1h4d
3.40527465472572e-10	0.473141964648207	0.317	0.301	1.0993929222782e-05	1	Foxo3
3.57679114297872e-10	0.355650258722249	0.601	0.723	1.15476702051068e-05	1	Lims1
3.83910558965038e-10	0.447499939637272	0.482	0.565	1.23945523961862e-05	1	Atp13a3
4.73536115337474e-10	0.481770425433857	0.417	0.469	1.52881134836703e-05	1	Msl2
5.21743367376731e-10	0.446392071980882	0.481	0.534	1.68444846157578e-05	1	Rapgef2
5.56131569869702e-10	0.26208661498447	0.116	0.075	1.79547077332433e-05	1	Mical3
5.61102217586465e-10	0.481267869005722	0.445	0.508	1.8115185094779e-05	1	Clip1
5.97085976494354e-10	0.30053094537458	0.677	0.812	1.92769207511202e-05	1	Stk10
6.21415004945389e-10	0.41609823319045	0.229	0.195	2.00623834346619e-05	1	Zfp1
6.72083280723287e-10	0.427522239217346	0.493	0.57	2.16982087181513e-05	1	Rasa2
7.01536681196821e-10	0.255609709126734	0.111	0.071	2.26491117524394e-05	1	Ldhb
8.06777007268171e-10	0.284676668285063	0.128	0.087	2.60467956796529e-05	1	3300002I08Rik
1.10014840367652e-09	0.367719476567822	0.192	0.149	3.55182912126965e-05	1	1700025G04Rik
1.17885527326329e-09	0.388683083271717	0.608	0.692	3.80593424973054e-05	1	Camk2d
1.22322814974966e-09	0.29241231710234	0.655	0.807	3.94919208146677e-05	1	Wapl
1.53602665941728e-09	0.488152499781649	0.279	0.254	4.95906206992868e-05	1	Hs2st1
2.06704413183719e-09	0.436535390018325	0.446	0.519	6.67345197963636e-05	1	Mdm4
2.39134110885588e-09	0.340356434483001	0.581	0.713	7.72044476994121e-05	1	Cnot2
2.60286582650861e-09	0.351670119171123	0.593	0.716	8.40335232088306e-05	1	Zdhhc20
2.79910325241365e-09	0.418939202863984	0.274	0.255	9.03690485041746e-05	1	Klk8
2.93020810116828e-09	0.358848220330783	0.181	0.142	9.46017685462178e-05	1	Pvr
3.29236763468291e-09	0.3852793213771	0.17	0.13	0.000106294089085738	1	Ccdc171
3.34870547867956e-09	0.421264804469869	0.484	0.584	0.00010811295637917	1	Numa1
3.38876233713045e-09	0.352273241631645	0.181	0.139	0.000109406192054257	1	Acss2
3.46788251329494e-09	0.406977013520365	0.579	0.696	0.000111960586941727	1	Creb1
3.60781339921843e-09	0.419239434751766	0.434	0.515	0.000116478255593767	1	Gm11361
3.85024451063567e-09	0.340246271101044	0.59	0.736	0.000124305144025873	1	Znrf2
3.88994946237223e-09	0.336696692578096	0.596	0.748	0.000125587018392687	1	Phf3
4.44783581503018e-09	0.379809911541583	0.188	0.152	0.000143598379288249	1	2010016I18Rik
5.1631214911687e-09	0.404293069927256	0.309	0.297	0.000166691377342381	1	Traf5
5.8624665828004e-09	0.452687427843258	0.299	0.292	0.000189269733625711	1	Banp
6.05314824008155e-09	0.526988588917335	0.328	0.335	0.000195425890931033	1	Hibadh
6.10414530323695e-09	0.474550350691108	0.269	0.253	0.000197072331115005	1	N4bp2
6.14931219243996e-09	0.377861629710345	0.203	0.17	0.000198530544132924	1	Ly9
6.39177092818289e-09	0.39774385519297	0.572	0.712	0.000206358324416385	1	Gatad2b
9.95072731148342e-09	0.318811248513445	0.149	0.111	0.000321259231251242	1	Lman2l
1.05817624014865e-08	0.431424463018381	0.478	0.544	0.000341632199131992	1	Zfp831
1.48500486675772e-08	0.256788237674774	0.203	0.324	0.000479433821232731	1	Isg20
1.49451169868893e-08	0.257042551513315	0.111	0.075	0.000482503101921721	1	D1Ertd622e
1.65970884650013e-08	0.473641775178172	0.443	0.509	0.000535837001092568	1	Tasor2
1.82950821463018e-08	0.323376206055607	0.137	0.1	0.000590656727093354	1	Gucd1
2.12192064783013e-08	0.384088249550912	0.468	0.571	0.000685062081151956	1	Ddx39b
2.31667983583653e-08	0.324680613331065	0.173	0.137	0.000747940084999825	1	Polr1a
2.3921401208351e-08	0.489959950030613	0.39	0.447	0.000772302438011612	1	Vav1
2.46964387004949e-08	0.269585135667059	0.112	0.076	0.000797324523445478	1	Adcy3
2.54698306956914e-08	0.407007262177299	0.423	0.418	0.000822293484010398	1	Kcnq1ot1
2.95232421468677e-08	0.35785648038976	0.18	0.146	0.000953157872711625	1	Hsdl1
3.29434500975585e-08	0.399229308093386	0.233	0.207	0.00106357928639968	1	Prmt3
3.43362758602674e-08	0.380007675700418	0.159	0.124	0.00110854666614873	1	Tmem260
3.93982097484921e-08	0.481643449345144	0.361	0.387	0.00127197120173007	1	Xpo1
5.69805259104803e-08	0.444893233996487	0.456	0.546	0.00183961627901986	1	Efr3a
6.39016690332145e-08	0.284825423306258	0.144	0.108	0.00206306538473733	1	Ppm1k
6.57601971673589e-08	0.435685631077301	0.488	0.581	0.00212306796554818	1	Chd6
7.14151826733907e-08	0.398744847048584	0.476	0.586	0.00230563917261042	1	Nop10
7.3720195286026e-08	0.463879049413577	0.383	0.412	0.00238005650480935	1	Akap10
7.39923702826286e-08	0.423251255655664	0.233	0.213	0.00238884367457466	1	Zfp281
7.63077904153239e-08	0.38445753212709	0.216	0.185	0.00246359701355873	1	Eml5
8.35557175685168e-08	0.347344260195153	0.158	0.121	0.00269759634169956	1	Gm42722
1.3562734877691e-07	0.452323310645028	0.33	0.345	0.00437872895526254	1	Il17ra
1.41426555472473e-07	0.441674749681003	0.257	0.244	0.0045659563434288	1	Armc7
1.55661228647229e-07	0.303665832497854	0.586	0.725	0.00502552276687578	1	Cyld
2.32017458297719e-07	0.296276340204912	0.611	0.739	0.00749068364114187	1	Ptk2b
2.40200046478278e-07	0.443918106806695	0.303	0.307	0.00775485850055122	1	Lrp6
2.5814939131133e-07	0.406375972018226	0.546	0.679	0.00833435309848628	1	Phf14
2.65752377990019e-07	0.399801644589961	0.537	0.64	0.00857981552340777	1	Ralgapa2
2.70333663457881e-07	0.379428124007098	0.502	0.621	0.00872772232473769	1	Rbm33
2.8215541378117e-07	0.290396711945284	0.643	0.764	0.00910938753392508	1	Lrch1
3.02358470437849e-07	0.268686188106619	0.636	0.798	0.00976164321808597	1	Eif5
3.2602855206115e-07	0.405918992788553	0.492	0.612	0.0105258318032942	1	Nup153
3.27676365658583e-07	0.32231638449146	0.151	0.118	0.0105790314652874	1	Gpatch4
3.52153043425037e-07	0.31516572330111	0.633	0.79	0.0113692610069773	1	Erbin
3.65696433873127e-07	0.276105726335609	0.127	0.093	0.0118065093675939	1	Pgap1
3.68948409223481e-07	0.467083375660915	0.364	0.403	0.0119114993917801	1	Rai1
3.97338420961108e-07	0.344651457416165	0.173	0.141	0.0128280709207294	1	Tango6
4.43584527675966e-07	0.274047993686097	0.126	0.094	0.0143211264760186	1	Gm48719
5.24316227358122e-07	0.33822838283605	0.193	0.164	0.016927549400257	1	Gm12216
5.27884907522843e-07	0.3576384197334	0.55	0.686	0.017042764239375	1	Snd1
9.74345310818881e-07	0.507384622038422	0.32	0.33	0.0314567383597876	1	Gpr174
1.05548143235515e-06	0.265238908166294	0.636	0.795	0.0340762180435859	1	Wdr33
1.06171418858936e-06	0.275379385222605	0.131	0.1	0.0342774425786075	1	Zfp395
1.06516285030646e-06	0.438344289363695	0.352	0.387	0.034388782622144	1	Zfp592
1.28652685879951e-06	0.374163253284525	0.515	0.641	0.0415355196363421	1	Nr2c2
1.61450963701886e-06	0.353084411745114	0.536	0.657	0.0521244436311539	1	Asxl2
1.74826438609873e-06	0.383634401139629	0.25	0.237	0.0564427157051974	1	Sh3bp5
1.99264329286266e-06	0.369325680080466	0.51	0.636	0.064332488710071	1	Pkn2
2.03602005033491e-06	0.288291642990979	0.627	0.781	0.0657329073250627	1	Stag2
2.09487352695103e-06	0.411968381273869	0.245	0.236	0.067632991817614	1	Tbcel
2.15754483740668e-06	0.303966895385348	0.593	0.741	0.0696563350756748	1	Cdk12
2.27406446758565e-06	0.467625287781968	0.302	0.314	0.0734181713360028	1	Shprh
2.31466321781979e-06	0.406191464176168	0.296	0.305	0.0747289019873119	1	Slc30a7
2.6492164104725e-06	0.460760985448995	0.303	0.303	0.0855299518121048	1	Pdss2
3.61443053908884e-06	0.507942859927359	0.252	0.248	0.116691889954483	1	Daxx
4.01142561797168e-06	0.337967450569143	0.176	0.151	0.129508876076216	1	4632427E13Rik
4.684351021819e-06	0.397946799224368	0.278	0.279	0.151234272739426	1	Nfe2l2
4.77226417356045e-06	0.405557818921796	0.33	0.347	0.154072548843399	1	Slc28a2
4.96442079864195e-06	0.25129365103085	0.636	0.783	0.160276325484155	1	Sept6
5.21613471333812e-06	0.379847080375808	0.441	0.514	0.168402909220121	1	Zmynd11
5.54054955881063e-06	0.42445015452536	0.315	0.333	0.178876642506201	1	Mitd1
5.8987806473892e-06	0.420119852861047	0.392	0.432	0.19044213320096	1	Gm37240
5.98144011975114e-06	0.445578900298545	0.349	0.393	0.193110794266166	1	Cyb5b
6.25779906332417e-06	0.476687016198208	0.328	0.342	0.202033042759421	1	Ankrd28
6.4830649537942e-06	0.286900637897095	0.163	0.138	0.209305752033246	1	Rgs14
7.4647474961159e-06	0.444382307648728	0.466	0.56	0.240999372912102	1	Resf1
9.41030326525723e-06	0.273274105835414	0.57	0.708	0.30381164091883	1	Psip1
1.00895592609897e-05	0.285586467728434	0.122	0.094	0.325741420741053	1	Slc2a3
1.13736250085113e-05	0.314717290811677	0.161	0.137	0.367197483399788	1	Gm46367
1.27412352173891e-05	0.38133303736826	0.575	0.698	0.411350778993407	1	Vti1a
1.49234143500562e-05	0.319601723843257	0.141	0.113	0.481802432291565	1	Sfmbt1
1.79473920123995e-05	0.359369125460245	0.5	0.629	0.579431551120319	1	Prdm2
2.03472397945686e-05	0.399599500045657	0.438	0.525	0.656910636767648	1	Dmxl1
2.11746121930938e-05	0.403857482798207	0.513	0.614	0.683622354654034	1	Zfp407
2.1857899991632e-05	0.417287485176018	0.267	0.275	0.705682301229838	1	H2-T22
3.37144187345139e-05	0.406734421440284	0.277	0.286	1	1	Scarb2
3.39529318654539e-05	0.411184992783664	0.407	0.473	1	1	Bmt2
4.12950210930972e-05	0.425645844086804	0.308	0.329	1	1	Hmbox1
4.325794819171e-05	0.31570125915256	0.184	0.167	1	1	Cbr1
4.52191632235456e-05	0.473837264830904	0.374	0.418	1	1	Gm16158
4.86214433136918e-05	0.257073876314063	0.61	0.722	1	1	Gphn
4.9043069904395e-05	0.459095204307762	0.355	0.405	1	1	Slc25a12
6.38272329486651e-05	0.425260295828906	0.345	0.386	1	1	Rnf38
6.83228130680138e-05	0.451837255243096	0.355	0.399	1	1	Rabgap1
7.09694076625516e-05	0.38469158847578	0.366	0.415	1	1	Fgfr2
7.16888127059247e-05	0.294672319057005	0.117	0.093	1	1	Gm38604
7.72895633565664e-05	0.256012793882294	0.598	0.761	1	1	Pum1
8.26178882320649e-05	0.427025485801486	0.351	0.391	1	1	St3gal1
8.8825280612452e-05	0.338203728210834	0.184	0.167	1	1	Gimap1os
9.19588764612582e-05	0.355008170656546	0.236	0.234	1	1	Dkc1
9.76258928424988e-05	0.360445412942401	0.451	0.566	1	1	Snrpd3
9.9175186397096e-05	0.405516727861984	0.438	0.543	1	1	Kif21b
0.000100724455124815	0.25004156850931	0.66	0.803	1	1	Retreg1
0.00010363925384032	0.416789020755619	0.415	0.496	1	1	Synj2bp
0.00011297696462524	0.413625355155419	0.245	0.249	1	1	Nt5c3
0.000117312256945799	0.319793864375115	0.171	0.153	1	1	Usp40
0.000135278469861162	0.354402909887289	0.529	0.66	1	1	Lcor
0.000141560797702153	0.433554304932992	0.421	0.519	1	1	Ikbkb
0.000146660194431221	0.406613541053244	0.272	0.276	1	1	Pcca
0.000148357025296564	0.402009778625815	0.332	0.36	1	1	Atrn
0.000159593323341863	0.324155212309165	0.448	0.535	1	1	Galnt6
0.000179431979603006	0.294788198157668	0.127	0.106	1	1	Xpnpep3
0.000180798153708737	0.301914221288236	0.535	0.673	1	1	Agfg1
0.000191069641853222	0.418392096151871	0.243	0.241	1	1	2610037D02Rik
0.000193614540542148	0.437869049246936	0.312	0.348	1	1	Mad1l1
0.000195135062579851	0.279135271432554	0.116	0.094	1	1	Gm14858
0.000216159586559566	0.284319515394739	0.559	0.698	1	1	Pds5a
0.000229836132715143	0.351409690765373	0.266	0.272	1	1	Fam117a
0.000235225212884186	0.281420228410854	0.171	0.153	1	1	Asb13
0.00028718777234601	0.367485829002124	0.485	0.6	1	1	Faf1
0.000300600926542683	0.359293472205003	0.34	0.38	1	1	Tspan13
0.000386753684190331	0.387250029823636	0.414	0.514	1	1	Psmb10
0.000420699461281425	0.371747760978872	0.314	0.339	1	1	Tsc22d3
0.000520142792161323	0.262212962504033	0.566	0.738	1	1	Rbm5
0.000593199517472446	0.375233992198659	0.385	0.457	1	1	Brwd1
0.000709433198769805	0.331695278458781	0.476	0.582	1	1	Arhgap25
0.0007294158361522	0.366412239668638	0.407	0.48	1	1	Rif1
0.000732716838222666	0.402519103296207	0.328	0.368	1	1	Dym
0.000741212184963285	0.369466035301485	0.212	0.208	1	1	Usp33
0.000789260734324353	0.422669124107883	0.497	0.64	1	1	Cox16
0.000934975399863859	0.361005406092525	0.257	0.264	1	1	Gm4876
0.00109938656082561	0.413796398207024	0.392	0.466	1	1	Usp32
0.00114522480130449	0.351902888019314	0.218	0.214	1	1	Pnpla7
0.00118466212774835	0.266869607153663	0.136	0.12	1	1	Gm13708
0.00121178885300234	0.396443342563071	0.281	0.307	1	1	Gse1
0.00134446742265094	0.397750476201327	0.424	0.502	1	1	Cdk19
0.00138387734528428	0.260520261558375	0.11	0.092	1	1	Tmtc2
0.00139209626627366	0.449502246534994	0.365	0.409	1	1	AW554918
0.0014468174801325	0.256907229696656	0.588	0.762	1	1	Taok3
0.00147192452858949	0.340226499129304	0.201	0.19	1	1	Gbp6
0.00170623318677336	0.268977272628832	0.272	0.401	1	1	Immp1l
0.00176176459555678	0.35774997954494	0.389	0.474	1	1	Kidins220
0.001791665561657	0.36772708854772	0.261	0.276	1	1	Atp6v1h
0.00182714855558183	0.380049036616459	0.264	0.285	1	1	Nsmce1
0.00191313903016345	0.386667303277771	0.407	0.497	1	1	Rnf145
0.00196697625811731	0.422936230173245	0.299	0.324	1	1	Msra
0.0020331502067516	0.371733299206219	0.284	0.313	1	1	Ube4a
0.00207492442065475	0.374084169395177	0.201	0.2	1	1	Znfx1
0.0021774232806136	0.297670397560345	0.125	0.108	1	1	Wars2
0.00231652514388954	0.334173461227254	0.444	0.539	1	1	Spata13
0.00242880752535313	0.448613528545257	0.329	0.377	1	1	Cab39l
0.00254178687013121	0.386416510292818	0.436	0.535	1	1	Strbp
0.0026570255169714	0.392246229168465	0.324	0.365	1	1	Ttc17
0.00267374911927688	0.259483805928	0.195	0.272	1	1	Ptpn12
0.00312850184201684	0.26807734151254	0.132	0.118	1	1	Gm43713
0.00315489206639485	0.254492566728352	0.139	0.126	1	1	Mdc1
0.0032602380665438	0.296513498696269	0.546	0.709	1	1	Ube3a
0.00338292130924914	0.298575539545718	0.521	0.655	1	1	Itch
0.00346308682392251	0.276924328672144	0.211	0.293	1	1	Stat2
0.00349877115597444	0.268766056028976	0.148	0.136	1	1	Dcp1b
0.00350103984484101	0.415388079109282	0.275	0.295	1	1	Ppp1r12b
0.00373545461483715	0.296104768833496	0.134	0.119	1	1	Zfp438
0.00396442009895749	0.256449653467707	0.15	0.139	1	1	Itpr3
0.00396966056659054	0.408737712043666	0.348	0.42	1	1	Aqr
0.00432755763081875	0.300501667727315	0.529	0.661	1	1	Baz2b
0.00453242746412956	0.28307928558276	0.158	0.149	1	1	Slc37a1
0.00457365565437295	0.304680652716911	0.191	0.183	1	1	Gab3
0.00480590611118767	0.34352998309073	0.216	0.221	1	1	Gprasp1
0.00483677420118052	0.470611316502489	0.257	0.278	1	1	Pml
0.00518285808944588	0.251991079173425	0.379	0.538	1	1	Mcu
0.00534030834627904	0.30667157525876	0.541	0.727	1	1	Ndufs4
0.00538927492600215	0.252952027850726	0.459	0.546	1	1	Ubash3a
0.00563372615067311	0.28324624050432	0.561	0.695	1	1	Tbl1x
0.00564748961418354	0.361916011044314	0.232	0.245	1	1	Trappc12
0.0060819670727286	0.407991777155312	0.316	0.364	1	1	Limk2
0.00663648070421452	0.345720016800456	0.232	0.244	1	1	Sh2d3c
0.00668983330440118	0.397062193330776	0.285	0.32	1	1	Armc8
0.00691938564663135	0.251818885970242	0.26	0.372	1	1	Marf1
0.00695748736802793	0.34970454158469	0.2	0.201	1	1	Arhgap35
0.00696752881840979	0.317899794345774	0.203	0.204	1	1	Zhx3
0.00730271779507875	0.363466292951998	0.311	0.366	1	1	Ldb1
0.00739996370368968	0.339526297622388	0.258	0.28	1	1	Zfp236
0.00763707422508682	0.379127852523583	0.337	0.403	1	1	Bbip1
0.00863716298051668	0.302623036072412	0.158	0.149	1	1	Trim30d
0.00879205802619484	0.369783189201951	0.301	0.341	1	1	Tapt1
0.00895195809729645	0.270091831041255	0.527	0.705	1	1	Ppp4r2
0.008975199013575	0.274845974451271	0.149	0.141	1	1	Idh2
0.00926556677710963	0.388403146898506	0.39	0.475	1	1	Asb3
0.00945784992367213	0.33200983880399	0.203	0.208	1	1	Dcaf17
0.00946885000878434	0.354984834876281	0.302	0.349	1	1	Ngly1
0	1.8498138976898	0.89	0.494	0	2	Furin
0	1.65892208032885	0.958	0.595	0	2	St6galnac3
0	1.60848838496115	0.832	0.336	0	2	Gpr183
0	1.5492358273581	0.796	0.284	0	2	Cxcr6
0	1.53606499795489	0.955	0.573	0	2	Il18r1
0	1.3028991723853	0.55	0.091	0	2	Tcrg-C2
0	1.09555354290846	0.533	0.122	0	2	Krt83
0	1.0558312614215	0.452	0.053	0	2	Tcrg-C1
9.33660980798282e-305	1.33720013451614	0.574	0.158	3.01432447650725e-300	2	Serpinb1a
1.08389194410674e-303	1.04522213733393	0.64	0.205	3.49934514154862e-299	2	Il18rap
1.05479918283243e-287	1.11642015476256	0.902	0.467	3.40541916177451e-283	2	Igfbp7
1.51145234012882e-277	1.43666346598459	0.899	0.57	4.8797238801059e-273	2	Rgs1
2.73396470706614e-277	0.726969738209302	0.394	0.065	8.82660505676305e-273	2	Tcrg-C4
1.28206542037154e-270	0.960175194541806	0.399	0.07	4.1391482096695e-266	2	Trgv2
7.18322568570821e-265	0.905243225567046	0.992	0.735	2.3191044126309e-260	2	Rbpj
3.54186160689431e-261	0.944982931921069	0.965	0.595	1.14349001978583e-256	2	Bhlhe40
2.24264783232479e-259	2.14824212744019	0.618	0.223	7.2403885266606e-255	2	Il17a
1.0727517261266e-253	0.968341656082962	0.841	0.431	3.46337894779971e-249	2	Bcl2a1d
3.84352631936455e-250	1.1364385650722	0.988	0.857	1.24088247220684e-245	2	Emb
1.57124302116197e-232	1.00125022214729	0.811	0.456	5.07275809382141e-228	2	Lpxn
2.00755221210413e-232	1.06108654993671	0.912	0.686	6.48138231677817e-228	2	Ramp1
1.40674432754517e-226	1.15958447387926	0.911	0.587	4.54167406147958e-222	2	Il7r
1.70400480681682e-224	0.990266756166576	0.83	0.455	5.5013795188081e-220	2	Bcl2a1b
2.80374910747608e-219	0.798447511490869	0.947	0.664	9.05190399348653e-215	2	Gng2
3.53170033475142e-213	0.570369301289609	0.354	0.071	1.1402094530745e-208	2	Il17re
1.62100087325497e-211	0.783799883315534	0.958	0.731	5.23340131930367e-207	2	Ostf1
1.04237362591987e-205	0.84757395839722	1	0.911	3.3653032512823e-201	2	Rabgap1l
2.82481085413545e-199	1.01264049987114	0.912	0.658	9.11990184257631e-195	2	Rora
1.40107143597336e-196	0.742680247980439	0.659	0.299	4.52335913104001e-192	2	Lax1
4.69596363712212e-196	0.856849137511091	0.876	0.561	1.51609186024488e-191	2	Dusp5
4.59242880099454e-194	-2.93372228053992	0.087	0.487	1.48266563840109e-189	2	Gm2682
9.50870035982435e-193	0.967323529915103	0.722	0.384	3.06988391116929e-188	2	Pdcd1
1.22527657693241e-188	-1.17388119667331	0.144	0.543	3.9558054286263e-184	2	Slamf6
1.44085070657134e-187	0.858244373930722	0.977	0.741	4.65178650616556e-183	2	Atxn1
3.50074860367915e-183	0.765762606153224	0.798	0.44	1.13021668669781e-178	2	Ctsw
5.88408406180259e-180	0.792109253157605	0.994	0.89	1.89967653935296e-175	2	Nfkb1
1.25354375192635e-175	0.666330116207844	0.983	0.833	4.04706600309423e-171	2	Gdi2
3.32605540754285e-175	0.804747639983612	0.893	0.608	1.07381698832521e-170	2	Mapkapk3
4.36367043491637e-174	0.677861822562269	0.989	0.877	1.40881099991275e-169	2	Rgs10
9.76047099910149e-172	0.71323932479735	0.948	0.748	3.15116806205991e-167	2	Hcst
2.5383012865924e-169	0.838670923890201	0.784	0.455	8.19490570376356e-165	2	Neurl3
8.62537413584219e-169	0.756100818846029	0.859	0.54	2.78470203975665e-164	2	Litaf
1.16704473531838e-166	0.774825071789586	0.934	0.668	3.76780392797538e-162	2	D16Ertd472e
5.07276538294593e-166	-1.09414749916802	0.148	0.513	1.63774230388409e-161	2	Cd27
2.08589302780342e-165	0.623056850759641	0.538	0.217	6.73430564026334e-161	2	Smim3
5.84275048756595e-165	0.823390848442504	0.836	0.529	1.88633199491067e-160	2	Slc22a15
2.50066141346612e-162	0.677446460931509	0.557	0.243	8.07338537337538e-158	2	Vax2
1.41771070360719e-154	0.685728216900566	0.996	0.906	4.57707900659582e-150	2	Junb
3.25105315515807e-154	-1.25893497349336	0.663	0.842	1.04960251114278e-149	2	Gimap6
2.34246858191875e-150	0.931291463869386	0.452	0.164	7.56265981672467e-146	2	Ablim3
4.33654393852821e-148	0.635934702591717	0.96	0.792	1.40005321055383e-143	2	Thy1
2.21155539132547e-145	-0.728344979833211	0.979	0.988	7.14000658089427e-141	2	Ptprc
1.65732796965922e-144	0.662618086670129	0.743	0.427	5.35068335004479e-140	2	Cpd
4.44874571413303e-142	0.76285964815428	0.908	0.63	1.43627755380785e-137	2	Rgs2
4.9471560291202e-142	-1.07785236872889	0.546	0.776	1.59718932400146e-137	2	Dgka
1.67440268821488e-141	0.449747093237861	0.418	0.149	5.40580907890173e-137	2	Prrt1
8.02767985316946e-141	0.644302824573258	0.898	0.585	2.59173644059576e-136	2	Atp2b4
3.71901997927696e-138	0.785035185982054	0.758	0.413	1.20068560030957e-133	2	Tnfsf11
1.30922371724721e-136	0.503290043235964	0.988	0.847	4.22682877113262e-132	2	Lsp1
1.43309448693693e-136	0.623753487056727	0.562	0.265	4.62674555107587e-132	2	P2rx7
1.40722174315722e-135	-0.989367171918095	0.804	0.903	4.54321539778308e-131	2	Ablim1
3.88477834920416e-133	-1.15149993437725	0.045	0.356	1.25420069004056e-128	2	Klf2
6.42981242447047e-132	0.594025063467027	0.986	0.862	2.07586494124029e-127	2	Ptpn22
4.13364830052817e-130	0.806747519125701	0.596	0.303	1.33454835382552e-125	2	March3
4.65786126926077e-130	0.511917560333592	0.307	0.085	1.50379051078084e-125	2	Mgll
7.38104809144812e-130	0.567855851997073	0.903	0.631	2.38297137632403e-125	2	Cd82
1.54717262165601e-129	0.61070318697885	0.37	0.129	4.99504680901642e-125	2	Fes
2.49716448233428e-129	-1.04471038860297	0.105	0.414	8.06209553121624e-125	2	S1pr1
2.55285247591515e-129	0.805494392985543	0.483	0.216	8.24188421849207e-125	2	Plod2
2.61508152830692e-129	0.715087965256277	0.865	0.544	8.44279071413891e-125	2	Nr4a3
1.53628673229817e-128	0.580363138685044	0.628	0.307	4.95990171522463e-124	2	Cd40lg
1.2206723029353e-127	0.514956357240284	0.466	0.185	3.94094053002662e-123	2	Olfr60
5.70948017035188e-127	0.626924054875801	0.957	0.792	1.84330567299811e-122	2	Ppp1r16b
8.5065105185467e-127	0.640848333017564	0.962	0.79	2.7463269209128e-122	2	Sla
1.57929773766451e-126	0.707078151405369	0.685	0.384	5.09876274604989e-122	2	Ckb
1.44076532419567e-125	0.432748852984026	0.31	0.091	4.65151084916573e-121	2	Vipr2
1.83124409027556e-124	0.623017531375156	0.948	0.715	5.91217154545465e-120	2	AU020206
1.38679786443388e-123	0.655974518509409	0.632	0.331	4.4772769053248e-119	2	St3gal3
3.50565232488639e-123	0.781199783713671	0.769	0.488	1.13179985308957e-118	2	Ell2
9.05859107844821e-122	0.620689635440182	0.779	0.495	2.924566129677e-117	2	Fosl2
1.34052442498486e-121	0.561277073270742	0.996	0.966	4.32788310606364e-117	2	Ltb
4.17450600272345e-121	0.678551505593485	0.811	0.54	1.34773926297927e-116	2	Dgat1
6.79787455169667e-121	0.80396349959049	0.532	0.247	2.19469379901527e-116	2	Il1r1
7.83277494947635e-121	0.600024163125742	0.908	0.72	2.52881139243844e-116	2	Top2b
4.69145033381832e-120	0.684221713561521	0.941	0.742	1.51463474027325e-115	2	Tnfaip3
2.31004164934026e-118	0.468483942725149	0.212	0.043	7.45796946489502e-114	2	Pkib
6.88925335511537e-118	0.790623472046031	0.934	0.758	2.224195445699e-113	2	Ikzf3
2.20375243000449e-117	0.791741928817731	0.926	0.748	7.11481472026951e-113	2	Malt1
2.53649301983799e-117	0.773528920361434	0.891	0.728	8.18906771454697e-113	2	Med13
2.26501398341425e-116	0.460292824779186	0.327	0.107	7.3125976454529e-112	2	Smox
1.12910274810766e-115	0.48942157566643	0.486	0.226	3.64530822226557e-111	2	Golm1
4.53657940603872e-114	0.513110213952837	0.482	0.212	1.4646346612396e-109	2	Sorl1
4.08373423606944e-113	0.541489658490729	0.83	0.547	1.31843359811502e-108	2	Irf2bp2
6.50119604993088e-113	0.510042334051475	0.919	0.667	2.09891114472018e-108	2	Prr13
5.94062917138429e-112	0.618740632334938	0.944	0.755	1.91793212798142e-107	2	Rab8b
2.18492682264136e-111	-1.1120918666012	0.024	0.291	7.05403624689762e-107	2	St6gal1
3.54757194037562e-111	0.756047059555385	0.731	0.474	1.14533360095027e-106	2	Slc35d1
4.74720502901547e-111	0.486133212096499	0.743	0.467	1.53263514361765e-106	2	Rnf166
2.59620961354493e-110	0.647221758361257	0.681	0.422	8.38186273732981e-106	2	Cerk
5.58374178048169e-110	0.44463905411612	0.372	0.14	1.80271103382851e-105	2	Aqp3
9.0374863236598e-109	0.705802798066854	0.618	0.337	2.91775245959357e-104	2	Ifitm3
1.02720845042436e-108	-1.40403769926702	0.085	0.361	3.31634248219504e-104	2	Scml4
3.50280838529507e-108	0.488064228369982	0.963	0.716	1.13088168719251e-103	2	Il2rb
5.36497498235239e-108	0.589085992664808	0.97	0.852	1.73208217305247e-103	2	Btg2
2.08031469040328e-107	-0.781134575301118	0.698	0.832	6.71629597796699e-103	2	Atp1b3
3.37318132986005e-107	0.742181654493378	0.857	0.666	1.08903159234532e-102	2	Arl15
6.71545624144028e-107	0.556663724145132	0.657	0.373	2.168085047549e-102	2	Cish
3.27969601771401e-106	0.583740151304957	0.536	0.268	1.05884985931897e-101	2	Nmrk1
7.95451052550828e-106	0.748655156159321	0.878	0.651	2.56811372316035e-101	2	Crem
1.05998469732519e-105	-0.837941975553981	0.031	0.291	3.42216059531439e-101	2	Foxp3
3.49512635844382e-105	0.630598255506928	0.897	0.664	1.12840154482359e-100	2	Gm36975
8.63123509744939e-105	0.472987960976835	0.257	0.073	2.78659425121153e-100	2	Jaml
2.75878577107468e-104	0.551581942838682	0.959	0.843	8.90673986191461e-100	2	Mier1
9.65030845982624e-104	0.516859058998273	0.504	0.249	3.1156020862549e-99	2	Golim4
1.45114931440966e-103	0.577411607293675	0.697	0.43	4.68503556157157e-99	2	Slc16a6
1.77449405986834e-102	0.516618606428763	0.905	0.71	5.72895407228494e-98	2	Prdx6
1.97675719238094e-102	-0.808199742520358	0.465	0.686	6.38196059560187e-98	2	Add3
3.4737280999975e-102	-0.839981164953813	0.05	0.309	1.12149311708419e-97	2	Ccr7
4.09451972541226e-102	-0.952518094323218	0.247	0.51	1.32191569334935e-97	2	Rasa3
6.72170698672597e-102	0.533999409734325	0.953	0.79	2.17010310066448e-97	2	Aebp2
1.05336734103193e-100	0.512171935176022	0.989	0.896	3.40079646052157e-96	2	Fnbp1
2.03770170907005e-100	0.553570205542584	0.634	0.377	6.57871996773267e-96	2	Chsy1
5.93555317951043e-100	0.788199632445404	0.486	0.236	1.91629334400494e-95	2	Ctla2a
7.55274558315995e-100	0.558618807580264	0.864	0.648	2.43840391152319e-95	2	Chd7
3.76039870443446e-99	0.602694077250028	0.43	0.195	1.21404472172667e-94	2	Vdr
8.14821827889365e-99	0.361735876070412	0.343	0.13	2.63065227134082e-94	2	B4galnt4
2.30324111827705e-98	-0.923841100809739	0.216	0.484	7.43601395035747e-94	2	Ighm
3.51047464340812e-98	-1.66507423830476	0.134	0.395	1.13335673862431e-93	2	Ms4a4b
1.29454001314884e-96	0.264376487187402	0.163	0.03	4.17942243245104e-92	2	Ly6g5b
2.38264212280614e-96	0.368650583382865	0.806	0.483	7.69236009347961e-92	2	Lgals3
7.19701827535772e-96	0.590415215731676	0.839	0.614	2.32355735019924e-91	2	Tex2
1.08889318173866e-95	0.451670854302261	0.987	0.935	3.51549163724327e-91	2	Ncor1
8.18853051251218e-95	0.503669826397569	0.959	0.744	2.64366707596456e-90	2	Ifngr1
1.45651823971008e-94	-0.942341306652198	0.004	0.23	4.70236913690399e-90	2	Sell
4.59170545347169e-94	-0.78663940207701	0.015	0.245	1.48243210565334e-89	2	Il6st
5.89660146481701e-94	0.451252749419642	0.979	0.862	1.90371778291617e-89	2	Clint1
5.92925869162332e-94	0.544325325754623	0.526	0.273	1.91426116859059e-89	2	Lta
2.16899784907129e-93	0.42509912617769	0.519	0.272	7.00260955572665e-89	2	Lgals3bp
2.10236958902017e-91	0.659772596080099	0.87	0.679	6.78750021815163e-87	2	Ifrd1
5.83278408426442e-91	0.522647011162279	0.632	0.354	1.88311434160477e-86	2	Cd226
3.56921328897771e-90	0.532464068668413	0.863	0.68	1.15232051034645e-85	2	Tor1aip1
6.30050641649118e-89	0.421679352351782	0.979	0.742	2.03411849656418e-84	2	S100a11
8.86106010499552e-89	0.426981912281678	0.606	0.366	2.86079325489781e-84	2	Unc119
1.41614327783527e-87	0.649265597345734	0.703	0.462	4.57201857249115e-83	2	Ece1
2.55643687501489e-86	0.56309047089998	0.878	0.68	8.25345645098558e-82	2	Tgfb1
3.15898691690912e-86	0.428710932577687	0.771	0.534	1.01987892612411e-81	2	Rnh1
9.04003702785745e-86	0.700461863945034	0.633	0.404	2.91857595444378e-81	2	Gem
2.09635439620692e-85	0.66445092278281	0.898	0.752	6.76808016815405e-81	2	Uhrf2
3.266470326826e-85	0.514854511692398	0.829	0.607	1.05457994501578e-80	2	Coq10b
3.51880607550643e-85	0.442185505753887	0.173	0.039	1.13604654147725e-80	2	Klrb1b
1.25800922319122e-84	0.732204947497066	0.921	0.761	4.06148277707285e-80	2	Arhgap31
5.46032449207324e-84	0.567542346782784	0.91	0.681	1.76286576226584e-79	2	Nt5e
8.43978112371512e-84	0.503317627677942	0.856	0.647	2.72478333579143e-79	2	Galnt2
1.44718243270109e-83	0.444167480156397	0.862	0.641	4.67222848397547e-79	2	Sh2d2a
1.61579118133952e-83	-1.0256560317287	0.194	0.443	5.21658182895464e-79	2	Adk
2.19706247974159e-83	0.490267422275426	0.401	0.175	7.09321621584573e-79	2	Ust
9.73054535907552e-83	0.470849608411028	0.777	0.481	3.14150656917753e-78	2	Tmem163
1.30452224514e-82	0.39765009356952	0.98	0.849	4.2116500684345e-78	2	Tspo
2.09153142242364e-82	0.431798480716418	0.98	0.892	6.75250919729474e-78	2	Cox7c
1.04703639540065e-81	0.263910454941196	0.154	0.032	3.38035700255101e-77	2	Dtx4
1.41883139910284e-81	0.484657162446641	0.797	0.582	4.58069717200352e-77	2	Rftn1
1.74992408446887e-81	0.261360576799079	1	1	5.64962990670775e-77	2	Rps15a
4.41641496079815e-81	-0.603196652827466	0.806	0.869	1.42583957009368e-76	2	Gimap3
1.07915992872424e-80	0.860390684542352	0.427	0.204	3.48406782988621e-76	2	Plac8
3.05549731535749e-80	0.473248771419968	0.869	0.649	9.86467308263167e-76	2	Rab43
4.02241965172176e-80	0.49046595092631	0.808	0.578	1.29863818455837e-75	2	Rnf125
1.23466904849378e-79	0.447403452444532	0.53	0.306	3.98612902306217e-75	2	Ap1s2
1.54733157227468e-79	-0.944895771925198	0.664	0.758	4.99555998108879e-75	2	Smc4
8.83437392974427e-79	0.593874264103739	0.367	0.17	2.85217762321794e-74	2	Rhoq
1.95074813074972e-78	0.445745158823855	0.992	0.943	6.29799034012548e-74	2	Elmo1
2.73269762059788e-78	0.264109883534002	0.137	0.026	8.82251426810024e-74	2	Slc27a6
1.01194269841067e-77	0.539111243793558	0.495	0.275	3.26705700181884e-73	2	Tnf
2.67540777327714e-77	-0.96321090576587	0.724	0.828	8.63755399602523e-73	2	Ripor2
6.06164167437311e-77	0.393848383292824	0.463	0.246	1.95700101457136e-72	2	Cd38
7.97681449221361e-77	0.426932148415785	0.736	0.489	2.57531455881116e-72	2	Arhgap26
1.12398509142647e-76	0.386486881684111	0.474	0.245	3.62878586767037e-72	2	Nebl
1.14851494798515e-76	-0.65378677897032	0.009	0.202	3.70798050957005e-72	2	Klf3
1.86411579544306e-76	0.457393603724639	0.836	0.658	6.01829784558792e-72	2	Tab2
3.73336744600157e-76	-1.08154127152368	0.367	0.546	1.20531767994161e-71	2	Tcf7
4.97903559632556e-76	0.592210484070924	0.619	0.41	1.60748164227371e-71	2	Cwc25
2.37713012454807e-75	0.315455212433937	0.997	0.964	7.67456460710346e-71	2	Oaz1
3.32317863427977e-75	0.535344204286232	0.881	0.707	1.07288822207722e-70	2	Slc9a9
1.89027181501367e-74	0.478022779232822	0.959	0.767	6.10274255477163e-70	2	Kdm2b
3.16981395511731e-74	-0.545771553158258	0.381	0.619	1.02337443540962e-69	2	Tspan32
3.78381256709344e-74	0.71500119577804	0.405	0.2	1.22160388728612e-69	2	Tff1
4.12671672755221e-74	0.452302420838859	0.529	0.293	1.33231049549023e-69	2	Ifitm2
5.17032321411358e-74	-0.757367054636244	0.774	0.865	1.66923884967657e-69	2	Mllt3
1.41412343473731e-73	-0.847995239504816	0.209	0.428	4.5654975090494e-69	2	Actn1
1.4753643965628e-73	0.364553298845452	0.964	0.83	4.76321395430299e-69	2	H2afy
1.12955811243146e-72	-0.743720877589235	0.628	0.76	3.64677836598496e-68	2	Ccnd2
2.21299755006717e-72	0.446423362077032	0.71	0.506	7.14466259039186e-68	2	Cd164
3.63153041222265e-72	0.451490830562097	0.821	0.616	1.17243959358608e-67	2	Ctsd
4.15847864012378e-72	0.384847087676241	0.45	0.238	1.34256482896396e-67	2	Rorc
6.00037013810125e-72	0.450519025850938	0.7	0.477	1.93721949908599e-67	2	Ric1
1.13030076904209e-71	0.589592087054966	0.714	0.506	3.64917603285237e-67	2	Fut8
2.54446850149093e-71	0.450623429763502	0.909	0.741	8.21481655706348e-67	2	Gpr132
2.72402929227557e-71	0.489267866130571	0.912	0.675	8.79452857011169e-67	2	Trps1
3.96089162311061e-71	0.70551258162575	0.728	0.507	1.27877386052126e-66	2	Gadd45b
1.02781033087547e-70	-0.392051703342321	0.999	0.999	3.31828565323145e-66	2	Rps20
1.18513487559312e-70	0.496913064064901	0.921	0.759	3.82620794585238e-66	2	Ldlrad4
2.39854221118887e-70	0.470217897701127	0.519	0.291	7.74369352882328e-66	2	Tox2
3.57440291828736e-70	0.435866903435481	0.808	0.614	1.15399598216907e-65	2	Slc3a2
5.94777395780439e-70	0.35751861507512	0.353	0.165	1.92023882227715e-65	2	Fasl
1.8681668639485e-69	0.320749836662904	0.997	0.975	6.03137672025774e-65	2	Cd3g
2.61163259085537e-69	0.456466940419034	0.312	0.134	8.43165581957656e-65	2	1700012B07Rik
1.1778199506724e-68	0.526169216145844	0.947	0.846	3.80259171074586e-64	2	Lncpint
1.22151095273032e-68	0.383588694286265	0.992	0.957	3.94364811088982e-64	2	Btg1
1.53044483716251e-68	-0.594428666425978	0.115	0.328	4.94104115677918e-64	2	Trib2
9.15000697486723e-68	-0.93148618063658	0.413	0.587	2.95407975183589e-63	2	Arhgef18
1.1335231760381e-67	0.412615532472026	0.903	0.746	3.659579573839e-63	2	Senp6
1.55681016355701e-66	0.457122174218528	0.942	0.82	5.02616161304382e-62	2	Znrf1
1.55961817369431e-66	-0.664065826626065	0.994	0.992	5.03522727377209e-62	2	Ptma
2.02290587301343e-66	0.435674756604709	0.927	0.804	6.53095161102386e-62	2	Stk24
2.10044196095476e-66	0.449266878679281	0.908	0.722	6.78127687094243e-62	2	Ubl3
2.11837003146932e-66	0.449661783917976	0.633	0.415	6.83915764659869e-62	2	Prelid2
2.88824304173598e-66	-0.61657420646025	0.851	0.903	9.32469266024462e-62	2	Peli1
2.92458781799848e-66	-0.394372946163695	0.998	0.998	9.4420317704081e-62	2	Rps19
3.07558970034635e-66	0.333980835878269	0.698	0.44	9.92954134756818e-62	2	Myo1f
4.43500890741352e-66	-0.675234856826257	0.037	0.22	1.43184262575845e-61	2	Patj
4.96062307951863e-66	-0.630886344935593	0.003	0.168	1.60153716122259e-61	2	Nsg2
5.23483755117286e-66	0.429893406310568	0.456	0.261	1.69006730339616e-61	2	Zfp318
6.03814134315151e-66	0.66941622283824	0.878	0.72	1.94941393263647e-61	2	Dennd4a
9.33226650095843e-66	0.354679308522115	0.572	0.35	3.01292223983443e-61	2	Arid5a
1.29992183700125e-65	0.377990632886271	0.375	0.186	4.19679765075853e-61	2	Camk2n1
1.39332026689032e-65	-0.85293590149521	0.133	0.338	4.49833448165539e-61	2	Pag1
1.51730896716332e-65	0.382170225529103	0.881	0.64	4.89863200048679e-61	2	Tnfrsf1b
3.52613411628247e-65	0.425645662302747	0.917	0.765	1.1384123994418e-60	2	Pde4d
4.85079757630525e-65	0.397596945564775	0.993	0.97	1.56607999751015e-60	2	Akap13
1.03644735208024e-64	0.352401671224187	0.457	0.254	3.34617027619105e-60	2	Fyco1
1.41984916821895e-64	0.419836522965018	0.967	0.863	4.58398303959487e-60	2	Cmip
2.68374062692817e-64	-0.830720858256274	0.568	0.715	8.66445661403758e-60	2	Ms4a6b
4.05973930166808e-64	0.439078493617156	0.549	0.347	1.31068683354354e-59	2	Notch2
6.09522171656325e-64	0.37451770209836	0.947	0.838	1.96784233119244e-59	2	Cd4
6.85502584698642e-64	0.472824080147908	0.579	0.365	2.21314509469957e-59	2	AA467197
9.49292094431097e-64	-0.991099632514498	0.599	0.696	3.0647895268708e-59	2	Tubb5
2.11850562620259e-63	-0.604505824682324	0.028	0.201	6.83959541419505e-59	2	A630014C17Rik
2.60358460205578e-63	-0.811101548106492	0.268	0.472	8.40567288773708e-59	2	Cmah
2.74848465316071e-63	0.358145735879594	0.642	0.413	8.87348270272935e-59	2	Ccdc50
2.78795225773314e-63	-0.940452673930047	0.738	0.82	9.00090386409146e-59	2	Prkcq
3.01860298235187e-63	-0.902235288510722	0.117	0.31	9.74555972852302e-59	2	Neb
8.49949930427772e-63	0.312367502670198	0.984	0.919	2.74406335038606e-58	2	Pfdn5
1.2558197077822e-62	0.4650374700004	0.61	0.403	4.05441392657484e-58	2	Id2
2.85511915369134e-62	0.46473086871751	0.854	0.674	9.21775218769251e-58	2	Med14
8.5843742044175e-62	-0.875537652754364	0.296	0.486	2.77146521189619e-57	2	Izumo1r
1.64318097580686e-61	0.317032390911065	0.885	0.698	5.30500978039246e-57	2	Tgfbr2
1.77658946240309e-61	-1.6320513281973	0.674	0.754	5.73571907936837e-57	2	Foxp1
2.06964025012304e-61	0.460341804718771	0.572	0.361	6.68183354752223e-57	2	Hilpda
2.47292291986692e-61	-0.554852409175541	0.078	0.266	7.98383164679036e-57	2	Il6ra
4.89362541605442e-61	-1.16757061226054	0.558	0.64	1.57990696557317e-56	2	Aff3
4.97122757862391e-61	0.34466871596122	0.507	0.315	1.60496082375873e-56	2	Chst12
6.15774324019827e-61	0.336741272591364	0.437	0.245	1.98802740509801e-56	2	Gabbr1
1.07514811008539e-60	0.367405497504246	0.864	0.678	3.47111567341067e-56	2	Zap70
1.29661135152462e-60	0.44225671506519	0.97	0.872	4.18610974839725e-56	2	Hivep2
1.90638447617818e-60	0.440324752471902	0.775	0.577	6.15476228134126e-56	2	Pmepa1
2.17585926675671e-60	0.339906544718167	0.971	0.874	7.02476164272403e-56	2	Gmfg
3.3892969428699e-60	0.342704094668514	0.612	0.408	1.09423451800555e-55	2	Card19
3.61855247918604e-60	0.417595078380965	0.962	0.826	1.16824966790521e-55	2	Ucp2
3.63145793912333e-60	-0.597038885121983	0.13	0.326	1.17241619564597e-55	2	Kbtbd11
4.05293657653572e-60	0.340215378211451	0.121	0.027	1.30849057373456e-55	2	Gcnt2
5.20367801000704e-60	0.535030399535702	0.721	0.544	1.68000744553077e-55	2	Spty2d1
5.48181978723989e-60	0.434109410041182	0.666	0.468	1.7698055183104e-55	2	Plekha5
5.90273024330559e-60	0.404147393286573	0.524	0.312	1.90569645905121e-55	2	Kcnmb4
7.1065338667959e-60	0.350654300877256	0.853	0.674	2.29434445889506e-55	2	Itgal
2.11998328021343e-59	-0.66759080135003	0.144	0.341	6.84436602016905e-55	2	Ifi209
3.31640018276484e-58	0.415106744310856	0.716	0.489	1.07069979900563e-53	2	Farp1
7.29865235105846e-58	0.403297890950036	0.888	0.731	2.35636991153922e-53	2	Dnajb6
1.01511284885714e-57	0.537851266701399	0.544	0.321	3.27729183253528e-53	2	Nrgn
3.83601620454062e-57	-0.694642446424306	0.253	0.444	1.23845783163594e-52	2	Gm12840
4.27182008081563e-57	0.501332353251269	0.425	0.236	1.37915711309133e-52	2	Wdr78
4.87015870758081e-57	0.332271257892129	0.982	0.887	1.57233073874247e-52	2	Sub1
1.71860399282864e-56	-0.558698620149313	0.366	0.552	5.54851299084726e-52	2	Clec2d
2.89550340645521e-56	0.351193466404699	0.856	0.659	9.34813274774064e-52	2	Smpdl3a
3.48856061731417e-56	0.444414406197055	0.724	0.532	1.12628179529988e-51	2	Nabp1
4.24577935537131e-56	0.346147379756166	0.486	0.298	1.37074986488163e-51	2	Plk3
8.82034066304029e-56	-0.610587824057141	0.818	0.853	2.84764698306256e-51	2	Npc2
1.01257744508978e-55	0.498341978669217	0.62	0.435	3.26910628147236e-51	2	Tshz1
1.2625886224469e-55	-0.795167593508739	0.576	0.697	4.07626736756982e-51	2	Samhd1
2.46970489228665e-55	0.342678152653503	0.998	0.915	7.97344224474743e-51	2	Ndfip1
4.53520009864879e-55	0.40145886805421	0.331	0.167	1.46418935184876e-50	2	Gldc
4.83213367249618e-55	0.311993687798525	0.994	0.949	1.56005435616539e-50	2	Itm2b
6.18535003734314e-55	0.380868325504711	0.695	0.5	1.99694025955623e-50	2	Rexo2
8.20379593675292e-55	0.342223498453715	0.873	0.704	2.64859551818068e-50	2	Tmem59
2.96608177797169e-54	0.400464451887566	0.963	0.857	9.57599502018161e-50	2	Ankrd12
3.1308785985714e-54	0.726063949016534	0.578	0.403	1.01080415554878e-49	2	Mpp7
4.95061489851483e-54	0.375272544549313	0.583	0.396	1.59830601998551e-49	2	Mib1
5.35926294152717e-54	-0.514958870289843	0.334	0.521	1.73023804067205e-49	2	Kcnn4
7.44016579124591e-54	-0.609024945820347	0.131	0.31	2.40205752570374e-49	2	Btla
9.38363702447002e-54	-0.467615367881152	0.1	0.283	3.02950721335015e-49	2	Pou2f2
1.18499877025665e-53	0.432629518815484	0.889	0.736	3.8257685297736e-49	2	Baz1a
1.9313632556233e-53	-0.45641228199137	0.104	0.284	6.23540627077982e-49	2	Hmgn1
3.79412538089365e-53	0.330512109041095	0.452	0.273	1.22493337922151e-48	2	Gm37529
4.88052790279571e-53	-0.607599987865157	0.912	0.927	1.5756784334176e-48	2	Ikzf1
6.5249856589406e-53	0.388601130517166	0.533	0.343	2.10659161998897e-48	2	Map3k14
6.93067336395536e-53	0.387455965614436	0.403	0.231	2.23756789555299e-48	2	Man2a2
1.00420589727724e-52	-0.720775957901076	0.11	0.283	3.24207873935957e-48	2	Galnt10
1.7853165707668e-52	0.298518929894369	0.98	0.881	5.7638945487206e-48	2	Arpc3
2.62142115432259e-52	-0.455389446997338	0.083	0.258	8.46325819673047e-48	2	4930417O13Rik
3.02512421807416e-52	-0.675788510371451	0.344	0.517	9.76661353805241e-48	2	Asap1
4.85437668145022e-52	0.319368596901932	0.527	0.345	1.5672355116062e-47	2	Plekho1
6.81965467708409e-52	0.646147775222375	0.271	0.126	2.2017255124966e-47	2	Slc16a10
9.96692752108924e-52	-0.45800736499473	0.924	0.943	3.21782255018366e-47	2	Fyb
1.52397042472855e-51	0.414522286146136	0.586	0.393	4.92013851623613e-47	2	Phlda1
1.52831716601527e-51	-0.501624506276055	0.609	0.723	4.93417197048031e-47	2	Sptbn1
2.83079774432837e-51	-0.548821526000695	0.009	0.145	9.13923051756414e-47	2	Nedd4l
5.57847953017672e-51	0.331974879284394	0.577	0.395	1.80101211631756e-46	2	Comt
7.5174842133981e-51	-0.651475626076236	0.565	0.676	2.42701977829558e-46	2	Itgb7
7.98440009054929e-51	0.356785348870619	0.161	0.053	2.57776356923384e-46	2	Tmem176b
1.00784308816604e-50	0.347026266482012	0.636	0.447	3.25382141014407e-46	2	Rbl2
1.14649315388524e-50	0.467358906208746	0.225	0.092	3.70145314731849e-46	2	Chn2
2.45238408354199e-50	0.3816611497349	0.502	0.317	7.91752201371532e-46	2	Ttc39c
3.29469766703068e-50	0.374267970152435	0.941	0.79	1.06369314180086e-45	2	Arf4
1.68349182720009e-49	-0.498504557189547	0.05	0.203	5.43515336411549e-45	2	Rasgrp2
3.90387015857305e-49	-0.603148752590202	0.081	0.241	1.26036448069531e-44	2	Pdk1
6.53691766094611e-49	0.313274191085352	0.838	0.646	2.11044386683645e-44	2	Cyth4
8.87586333386097e-49	-0.518925167586694	0.237	0.421	2.86557247733701e-44	2	Itga6
9.21769733763645e-49	0.367393733859959	0.604	0.402	2.97593358545593e-44	2	Bcl2l1
1.20570331351566e-48	0.339826253968883	0.713	0.538	3.89261314768531e-44	2	Akirin1
1.61502801474629e-48	0.35851128470582	0.722	0.556	5.21411794560839e-44	2	Ube2j1
1.81418062456604e-48	0.418697877831466	0.579	0.4	5.85708214641146e-44	2	Pcnx
3.10381606001791e-48	0.398694164711432	0.707	0.53	1.00206701497678e-43	2	Ppp3cc
6.01327176839239e-48	0.394543564297901	0.16	0.054	1.94138479042548e-43	2	Dlg2
6.93625289760747e-48	0.329092958022286	0.984	0.932	2.23936924799257e-43	2	Celf2
7.942214414237e-48	0.258076677055422	0.182	0.066	2.56414392363641e-43	2	Actn2
1.21024457498197e-47	-0.628185208792123	0.486	0.647	3.9072746103293e-43	2	Man1a
1.34616422655781e-47	-0.585267965020875	0.561	0.684	4.34609120544189e-43	2	Cux1
1.5905547676311e-47	0.344050080797803	0.845	0.658	5.13510606729702e-43	2	Stk39
2.12046019209392e-47	-0.654732615712711	0.277	0.455	6.84590573017522e-43	2	Znrf3
2.20558924991276e-47	0.349896740417771	0.157	0.053	7.12074489334335e-43	2	Tmem176a
2.37287391024936e-47	0.804974663284904	0.174	0.064	7.66082341924005e-43	2	Ifitm1
3.61906330756496e-47	-0.67771809480774	0.416	0.552	1.16841458884735e-42	2	Arl4c
5.19901554509581e-47	0.31240089390254	0.61	0.425	1.67850216873418e-42	2	Ehd1
6.09326924575591e-47	0.288987882392241	0.848	0.667	1.9672119759923e-42	2	Slco3a1
8.56993947305517e-47	-0.568428767937043	0.391	0.555	2.76680495887586e-42	2	Txnip
8.76181604351366e-47	0.295380239897504	0.503	0.324	2.82875230964838e-42	2	Aim2
9.26755411978586e-47	0.321433632552814	0.921	0.702	2.99202984757287e-42	2	Capg
9.98268400507888e-47	0.276124241827177	0.728	0.5	3.22290953103972e-42	2	Lamc1
1.46631562457635e-46	0.301745759708101	0.629	0.444	4.73399999394473e-42	2	Chd9
1.60645548451584e-46	0.274787530617986	0.971	0.872	5.18644153175939e-42	2	Atp5l
2.04290596439378e-46	0.374160714581011	0.725	0.55	6.59552190604533e-42	2	Usp38
2.10091491195194e-46	0.490803654146636	0.294	0.149	6.78280379323683e-42	2	Dgkg
2.78799288160089e-46	0.298165977905811	0.843	0.676	9.00103501824848e-42	2	Med13l
4.42035782831471e-46	0.358305472378995	0.461	0.292	1.4271125248714e-41	2	Plscr1
7.84250280591125e-46	0.258697519953333	0.384	0.221	2.53195203088845e-41	2	Evi2a
7.89737599759569e-46	-0.532857456914873	0.58	0.699	2.54966784082377e-41	2	Camk2d
9.7280093043949e-46	-0.787986386416672	0.415	0.57	3.14068780392389e-41	2	Thada
1.69672385513099e-45	0.345561287302316	0.878	0.684	5.4778729662904e-41	2	Skil
1.76535480662441e-45	0.454170788667621	0.628	0.462	5.69944799318691e-41	2	Bclaf3
2.1623280038663e-45	0.297297594035858	0.917	0.732	6.98107596048234e-41	2	Icos
2.42024857882263e-45	-0.511198295373681	0.938	0.952	7.81377253672886e-41	2	Rapgef6
5.62940962486288e-45	0.346035020802514	0.631	0.448	1.81745489738698e-40	2	Podnl1
6.74643165162026e-45	0.331564088857592	0.895	0.731	2.1780854587256e-40	2	Orai1
7.0274720861414e-45	-0.334205345590846	0.028	0.164	2.26881936301075e-40	2	Ncmap
7.61090127430316e-45	-0.797542540330868	0.346	0.491	2.45717947640878e-40	2	Tnfrsf9
8.17126673699894e-45	-0.33494667860274	0.939	0.927	2.63809346604011e-40	2	Hnrnpf
9.69120280371671e-45	0.298688767539993	0.912	0.697	3.12880482517994e-40	2	Maf
9.82852863587141e-45	0.300842926067094	0.574	0.402	3.17314047009108e-40	2	Zyx
1.27657862004641e-44	0.323816384481557	0.504	0.339	4.12143407481984e-40	2	1300002E11Rik
1.7884753952225e-44	0.475556671880027	0.355	0.197	5.77409281347586e-40	2	Zeb2
2.08558376244297e-44	0.3701939732437	0.815	0.638	6.73330717704714e-40	2	Slc38a1
2.76558671947407e-44	-0.659462461062957	0.333	0.491	8.92869672382203e-40	2	Oprm1
3.00548399350123e-44	-0.507244540323434	0.682	0.768	9.70320507301872e-40	2	Atp11b
3.44469507836552e-44	0.4348670557939	0.709	0.549	1.11211980605031e-39	2	Tob2
3.63522945402998e-44	-0.585724476531547	0.399	0.542	1.17363382923358e-39	2	Gm2a
3.81616547849329e-44	0.301547197447542	0.307	0.161	1.23204902473156e-39	2	Pde11a
4.52323391868931e-44	-0.289778248404367	0.068	0.218	1.46032607064884e-39	2	Gpr146
5.43496923067814e-44	-0.918396613743674	0.101	0.255	1.75467981612444e-39	2	Ly6a
5.69714386083286e-44	0.343201092321085	0.397	0.235	1.83932289546989e-39	2	Cyth3
6.02295619461278e-44	0.360258606319717	0.367	0.215	1.94451140743074e-39	2	Itga3
7.73631507356901e-44	0.329244869799237	0.623	0.448	2.49766932150175e-39	2	Nfatc2
8.76223863455413e-44	-0.601293890170609	0.131	0.291	2.8288887431658e-39	2	Ift80
9.60983331452887e-44	0.336626230460106	0.779	0.626	3.10253468559565e-39	2	Ddx3x
9.80441335963462e-44	0.254492057033865	0.201	0.084	3.16535485315804e-39	2	Spef2
1.86701520843552e-43	0.27632834554904	0.96	0.816	6.02765860043409e-39	2	Ubl5
2.73528848269088e-43	0.325020183186459	0.772	0.613	8.8308788663675e-39	2	Tor1aip2
3.14356680102995e-43	0.428013984320758	0.593	0.426	1.01490054171252e-38	2	Nfkbid
3.86279351360759e-43	-0.873962759558478	0.514	0.61	1.24710288586821e-38	2	Tnfrsf4
4.28436169763458e-43	0.399482153082161	0.461	0.298	1.38320617408132e-38	2	Irf4
4.61030104897484e-43	0.326303364165067	0.904	0.773	1.48843569366153e-38	2	Inpp5d
4.76509430310777e-43	0.377785840038566	0.127	0.039	1.53841069575834e-38	2	B3galt1
5.74248861883085e-43	0.311226058349266	0.777	0.578	1.85396245058954e-38	2	Cd44
7.62048042932178e-43	0.287701537807682	0.447	0.285	2.46027210660654e-38	2	Synj2
8.53365355097983e-43	0.34222588126543	0.739	0.555	2.75509004893384e-38	2	Chp1
1.36130411463745e-42	-0.408421480643478	0.007	0.122	4.39497033410702e-38	2	B630019A10Rik
1.53160286243788e-42	-0.422791855855762	0.03	0.158	4.94477984138068e-38	2	Cenpp
1.75776507707657e-42	0.266257842507728	0.958	0.855	5.67494455134169e-38	2	Tmem50a
3.87785841781661e-42	0.296750088209716	0.677	0.499	1.25196659019209e-37	2	Gstp3
5.88265586799411e-42	0.263656616771168	0.256	0.126	1.8992154469819e-37	2	Bpnt1
6.99322649075293e-42	-0.604046333035047	0.67	0.756	2.25776317253958e-37	2	Itpr2
1.13119110838564e-41	0.381181612601994	0.568	0.41	3.65205049342303e-37	2	Carnmt1
1.40618388482878e-41	0.351102344758553	0.497	0.339	4.53986467216972e-37	2	Txnrd1
1.51479483600896e-41	0.341648525116587	0.948	0.866	4.89051512805491e-37	2	Fryl
2.02973340202946e-41	0.265878743960565	0.228	0.107	6.55299428845212e-37	2	Gm2629
3.81079115678517e-41	-0.496824055805156	0.271	0.439	1.23031392496809e-36	2	Rab3ip
4.19245188846076e-41	0.380809540646761	0.984	0.954	1.35353309218956e-36	2	Itk
4.64616570540972e-41	0.355582490887772	0.781	0.616	1.50001459799153e-36	2	Pde7a
6.39904171464716e-41	-0.518955922086874	0.568	0.681	2.06593061757384e-36	2	Gm8369
9.32878981538319e-41	0.38327232682895	0.483	0.319	3.01179979189646e-36	2	Homer1
1.00603289962012e-40	0.360560135826406	0.779	0.625	3.24797721642356e-36	2	Zbtb1
1.26420833864535e-40	0.25480057887898	0.696	0.516	4.0814966213165e-36	2	Abhd17a
1.44405643082745e-40	0.283696212683875	0.553	0.386	4.66213618692641e-36	2	Rgs3
1.67582404892211e-40	0.475734999381161	0.208	0.093	5.41039794194505e-36	2	Ifng
1.7056949844407e-40	-0.345348106030508	0.101	0.248	5.5068362572668e-36	2	E2f2
1.75648346467643e-40	-0.381318078123111	1	0.998	5.67080686570785e-36	2	Rpl12
2.05773268249522e-40	0.281607187169489	0.762	0.585	6.64338996543581e-36	2	Cstb
2.64876842469276e-40	0.321487284458063	0.709	0.53	8.55154885912059e-36	2	Pkp3
2.65414760892082e-40	-0.989578158093045	0.049	0.178	8.56891555540086e-36	2	Il10
2.90086518341732e-40	-0.880059482699309	0.223	0.382	9.36544324466282e-36	2	Alcam
2.92328652420109e-40	0.284354101388798	0.492	0.331	9.43783054338321e-36	2	Wdyhv1
4.10808966184815e-40	0.255112776357852	0.743	0.564	1.32629674732768e-35	2	Nlrc5
7.32978919749388e-40	-0.505592611379294	0.113	0.266	2.3664224424109e-35	2	Cd81
1.25975723859715e-39	0.464980285540018	0.859	0.732	4.06712624481089e-35	2	Nr3c1
1.66542172110153e-39	-0.368818331731796	0.001	0.103	5.37681402657629e-35	2	Atp1b1
1.94845286390632e-39	0.287839903424985	0.272	0.142	6.29058007112154e-35	2	Dhrs3
1.97916816664971e-39	0.306127220290818	0.679	0.518	6.38974442602859e-35	2	Birc2
2.52073909558598e-39	0.270017387402247	0.786	0.611	8.13820617009933e-35	2	Aprt
3.03860458185139e-39	0.362526668194788	0.449	0.289	9.81013489250721e-35	2	Sgip1
3.26718048493001e-39	-0.471686068012586	0.884	0.89	1.05480921955965e-34	2	Gimap4
3.61389457097712e-39	0.307340989803165	0.541	0.368	1.16674586223996e-34	2	Abl1
4.79946362902855e-39	0.331970893477653	0.767	0.614	1.54950683263187e-34	2	Isy1
4.81928329063632e-39	-0.500468651908004	0.038	0.162	1.55590561038194e-34	2	Rflnb
4.98926945397891e-39	0.269413569760914	0.903	0.771	1.61078564321709e-34	2	Myl12a
4.99596422060595e-39	0.280021340829928	0.721	0.514	1.61294704862263e-34	2	Nr4a2
6.11524795585877e-39	0.28629158313648	0.521	0.367	1.974307802549e-34	2	Nfkbil1
7.23020635704743e-39	0.341060329081303	0.532	0.364	2.33427212237276e-34	2	Slamf1
7.87223346516244e-39	0.307477294414878	0.765	0.607	2.54155057422769e-34	2	Tmem123
9.25961041260723e-39	0.303045243753794	0.922	0.78	2.98946522171024e-34	2	Aopep
1.04002407316677e-38	0.283492172506137	0.783	0.582	3.3577177202189e-34	2	Osbpl3
1.15132052173517e-38	-0.501121449532328	0.926	0.923	3.717038304422e-34	2	Utrn
1.49157139554957e-38	0.278645386478836	0.943	0.793	4.8155382505318e-34	2	AW112010
1.55498662637086e-38	0.269471299425161	0.962	0.801	5.02027432323833e-34	2	Uba52
1.68454228814833e-38	0.795975204870942	0.297	0.165	5.43854477728689e-34	2	Adam12
1.85294050450113e-38	-0.470222569913074	0.274	0.434	5.9822184187819e-34	2	Gm2245
2.49151804496108e-38	0.261504751148462	0.218	0.103	8.04386600815685e-34	2	Xkr6
3.27297326439795e-38	0.268960672980012	0.415	0.262	1.05667941841088e-33	2	Gtf2ird1
3.28240056884699e-38	0.284622170041405	0.882	0.735	1.05972302365225e-33	2	Atp5md
3.72084493813279e-38	-0.450779382467835	0.21	0.374	1.20127478827617e-33	2	Supt3
3.8917602654264e-38	-0.292642705909211	0.995	0.993	1.25645480169291e-33	2	Rps6
4.70014610482144e-38	0.38099554820503	0.959	0.942	1.5174421699416e-33	2	Runx1
6.61974289793693e-38	-0.397218030562018	0.157	0.315	2.13718399459894e-33	2	Arl5c
9.53878422288934e-38	-0.407692806180106	0.204	0.359	3.07959648635982e-33	2	Zc3h12d
9.89044524788862e-38	0.273412455994599	0.821	0.663	3.19313024828084e-33	2	Capns1
1.00148970159419e-37	0.356788769639456	0.729	0.563	3.23330950159686e-33	2	Lrrc8d
1.07786244345861e-37	0.279289986654276	0.797	0.637	3.47987889870611e-33	2	Zmiz1
1.11289595559452e-37	0.277416755364966	0.856	0.705	3.59298459263689e-33	2	Smap1
1.12167351954207e-37	-0.482011530135277	0.018	0.129	3.62132295784157e-33	2	Itgb8
1.80243370388748e-37	0.254875778276762	0.462	0.308	5.81915721300072e-33	2	Sh2b1
1.83712482929948e-37	0.265304717402068	0.791	0.621	5.93115751139337e-33	2	Csnk2b
2.27548803554415e-37	-1.71530861790604	0.074	0.204	7.34641312275429e-33	2	Hist1h1b
2.58398805374757e-37	0.301630884373056	0.488	0.328	8.34240543152403e-33	2	Slc39a14
3.02245282347849e-37	-0.824398349083699	0.989	0.989	9.75798894060029e-33	2	Cmss1
3.52259742138752e-37	-0.290361134878145	0.031	0.147	1.13727057749496e-32	2	Cit
3.63574247301473e-37	-0.481735336361534	0.144	0.29	1.1737994574128e-32	2	Bicdl1
4.51733982607441e-37	0.394444122319322	0.797	0.666	1.45842316284812e-32	2	Rcor1
4.61183828943181e-37	0.287071472816185	0.927	0.794	1.48893199174306e-32	2	Tsc22d4
4.68933966466206e-37	0.278278204175418	0.926	0.775	1.51395331073615e-32	2	Ppp1cc
6.15658514450949e-37	-0.487356510161762	0.985	0.976	1.98765351390489e-32	2	Inpp4b
7.97827200047824e-37	0.294464186543673	0.951	0.849	2.5757851153544e-32	2	Cotl1
8.29028314898628e-37	-0.559872261950608	0.076	0.207	2.67651791465022e-32	2	Cdca8
8.48305759808747e-37	0.364628266223705	0.695	0.542	2.73875514554254e-32	2	Hnrnpll
8.78605493801675e-37	-0.620343482484417	0.422	0.543	2.83657783673871e-32	2	Gimap7
8.97580989004955e-37	0.285978851302066	0.166	0.068	2.8978402230025e-32	2	Slc41a2
1.1999760524199e-36	-0.259716422963205	0.008	0.108	3.87412268523766e-32	2	Art2b
1.2069641434434e-36	0.291220712223159	0.657	0.493	3.896683737107e-32	2	Gtpbp1
1.57206975585872e-36	-0.299306097715635	0.024	0.136	5.07542720678988e-32	2	Ccna2
1.69804218134928e-36	-0.77885677575324	0.016	0.122	5.48212918248616e-32	2	Fgf13
1.81758898901376e-36	-1.09442986891056	0.537	0.619	5.86808605103093e-32	2	Satb1
1.84081286191888e-36	0.286400672047374	0.458	0.312	5.94306432470511e-32	2	Rnf11
2.71979247072472e-36	0.295264365771687	0.679	0.52	8.78084999173477e-32	2	Arhgef6
2.72475020631042e-36	0.390644812864025	0.535	0.368	8.79685604107318e-32	2	Ccn4
3.22718283007516e-36	0.284454858805609	0.518	0.366	1.04189597668977e-31	2	Pygb
4.04330226183048e-36	-0.585740809266384	0.668	0.753	1.30538013523197e-31	2	Crlf3
6.34386018349911e-36	0.362624960101612	0.408	0.247	2.04811526024269e-31	2	4933406I18Rik
8.04853886111707e-36	0.281580703696577	0.355	0.214	2.59847077131165e-31	2	Gpr160
8.18789584208119e-36	-0.319061636382854	0.049	0.17	2.64346217261591e-31	2	Spc24
8.50344251987841e-36	-0.398712723768578	0.005	0.101	2.74533641754275e-31	2	St8sia6
1.15253002135878e-35	0.275421553291733	0.903	0.813	3.72094317395681e-31	2	4932438A13Rik
1.17882046515332e-35	-0.542234994042126	0.067	0.195	3.80582187174748e-31	2	Sidt1
1.1803944529713e-35	0.298722376485841	0.509	0.355	3.81090349141783e-31	2	Dennd4c
2.37517358951409e-35	-0.696025876319774	0.076	0.203	7.66824793374625e-31	2	Birc5
2.41540576183452e-35	0.270995096211097	0.695	0.534	7.79813750208276e-31	2	Dctn4
3.34214893199922e-35	0.308752385935825	0.664	0.516	1.07901278269595e-30	2	Smap2
1.00800619828541e-34	0.279548467000643	0.736	0.593	3.25434801116443e-30	2	Tecr
1.01766165495823e-34	-0.412994748371003	0.113	0.251	3.28552065303264e-30	2	Zdhhc15
1.13954914324519e-34	0.349974368971079	0.75	0.605	3.67903440896708e-30	2	Clasp2
1.39505400437848e-34	0.347303632291908	0.396	0.262	4.50393185313591e-30	2	Pim3
2.44479940670358e-34	0.286586617165093	0.635	0.477	7.89303488454252e-30	2	Ube2q2
2.65348840646209e-34	0.278007831035745	0.645	0.485	8.56678732026287e-30	2	Tgif1
3.41153224542183e-34	0.362108297339018	0.769	0.639	1.10141318543444e-29	2	B4galt1
3.56595320347471e-34	-0.541682553105054	0.015	0.115	1.15126799174181e-29	2	Gzmb
4.38577523921598e-34	0.266085706451806	0.476	0.323	1.41594753598088e-29	2	Gch1
4.52445333005159e-34	-0.34638792252484	0.021	0.125	1.46071975760716e-29	2	Hmmr
4.72089570900242e-34	-1.14595994865089	0.253	0.38	1.52414117965143e-29	2	Stmn1
5.25339028468832e-34	0.333293683979474	0.383	0.242	1.69605705341162e-29	2	Gnptab
6.2114545538947e-34	0.359147159817974	0.844	0.715	2.0053681027249e-29	2	Nup98
7.04173332650706e-34	0.314985959275977	0.507	0.37	2.27342360446281e-29	2	Mex3c
7.34058838138128e-34	-0.344310552781186	0.102	0.238	2.36990895892895e-29	2	Cep128
9.23875710501775e-34	0.305317141544422	0.903	0.793	2.98273273135498e-29	2	Tut4
1.00788360946667e-33	-0.890142362186902	0.105	0.229	3.25395223316314e-29	2	Pclaf
1.36408058257011e-33	-0.536915052353122	0.324	0.465	4.40393416082761e-29	2	Rere
1.36818247297191e-33	0.385988994993314	0.581	0.424	4.4171771139898e-29	2	Runx3
2.86709941077296e-33	-0.455031465017159	0.114	0.249	9.2564304476805e-29	2	Fry
3.71279117009075e-33	0.3597832382393	0.449	0.32	1.1986746292638e-28	2	Rnft1
4.64103217981774e-33	-0.727120687178012	0.065	0.185	1.49835723925416e-28	2	Iigp1
4.72997223469649e-33	-0.257140825524173	0.038	0.149	1.52707153597176e-28	2	Brip1
4.82854192942922e-33	0.262217237587196	0.539	0.384	1.55889476191622e-28	2	Syne1
5.02410677805483e-33	-0.283707046211372	0.997	0.997	1.622032873295e-28	2	Rpl5
5.61403627577129e-33	-0.334613150276747	0.045	0.158	1.81249161163276e-28	2	Cdk1
5.69230010150837e-33	0.363034325195414	0.58	0.425	1.83775908777198e-28	2	Mast4
9.9734067973607e-33	-0.252327574423103	0.129	0.269	3.2199143845279e-28	2	Prdx4
1.30482882462968e-32	-0.428107163962802	0.085	0.209	4.21263986031692e-28	2	Pacsin1
1.3385639941071e-32	-0.334942169260764	0.013	0.107	4.32155385497478e-28	2	Sh3pxd2a
1.82047420944823e-32	0.263032189931928	0.485	0.337	5.87740098520362e-28	2	Acat1
2.27738647110655e-32	0.331384851743506	0.259	0.144	7.35254222196749e-28	2	Bcl2l15
2.31957353455861e-32	-1.06821967821143	0.979	0.982	7.48874315632249e-28	2	AY036118
2.33576610739136e-32	-0.345772089771626	0.136	0.273	7.54102087771301e-28	2	Cd9
2.53395485211894e-32	0.262580550130373	0.397	0.262	8.18087324006598e-28	2	Fam110a
2.81263103287667e-32	0.256581798669257	0.923	0.827	9.08057928964234e-28	2	Diaph1
4.02766420259698e-32	-0.435127643325532	0.056	0.169	1.30033138780844e-27	2	Tpx2
4.2749506383609e-32	0.272935881895186	0.643	0.488	1.38016781359482e-27	2	Arntl
4.83061653836545e-32	0.269141028823828	0.736	0.551	1.55956454941129e-27	2	Stx11
5.79955927691012e-32	-0.459618527661033	0.017	0.112	1.87238771255043e-27	2	Hist1h2ab
6.43122580125723e-32	0.287699942642466	0.639	0.479	2.0763212499359e-27	2	Rab11fip1
6.73357902732458e-32	-0.487977452365208	0.703	0.759	2.17393598897174e-27	2	Srpk2
6.88276112015578e-32	-0.260133774172055	0.035	0.141	2.22209942764229e-27	2	Cd55
1.06772440312845e-31	0.274217287318673	0.555	0.4	3.4471482355002e-27	2	Tec
1.80931379747327e-31	-0.383944271189157	0.047	0.156	5.84136959514244e-27	2	Knl1
1.84966179283898e-31	0.298057037125193	0.365	0.239	5.97163309818063e-27	2	Slc15a3
1.87355937698011e-31	-0.93288427291743	0.818	0.82	6.04878644858027e-27	2	Ccnd3
1.91018451465222e-31	-0.385446439963162	0.045	0.153	6.16703070555468e-27	2	Rrm2
2.26385607463672e-31	-0.544366804231501	0.051	0.16	7.30885933696466e-27	2	Nusap1
2.75234146010226e-31	-0.33275542660077	0.054	0.165	8.88593440394014e-27	2	Cdca3
2.98699499271479e-31	0.466799614676085	0.537	0.386	9.64351333397972e-27	2	Lgals7
3.77364019832127e-31	0.416430110637801	0.175	0.081	1.21831973802802e-26	2	Plcb4
3.95248871551844e-31	0.291982461561329	0.922	0.811	1.27606098180513e-26	2	Camk4
4.70326309411324e-31	-0.307045238557192	0.138	0.273	1.51844848993446e-26	2	Sun1
5.1766261737147e-31	-0.66135871546161	0.283	0.401	1.67127376018379e-26	2	Tuba1b
5.1787800419989e-31	-0.585611744299131	0.162	0.292	1.67196913655935e-26	2	2610035D17Rik
7.43170769807682e-31	-0.86184585659231	0.052	0.16	2.3993268303241e-26	2	Hist1h2ae
7.77017889229254e-31	-0.384663052972156	0.845	0.836	2.50860225537665e-26	2	Hsp90aa1
7.95065905971479e-31	-0.491273244256458	0.367	0.493	2.56687027742892e-26	2	BE692007
9.54710356669201e-31	-0.555293137198851	0.048	0.154	3.08228238650651e-26	2	Rapgef4
9.64960755283867e-31	0.358267890973392	0.4	0.263	3.11537579843396e-26	2	Gclc
9.95280158463928e-31	-0.318937242402189	0.99	0.984	3.21326199160079e-26	2	Rps17
1.23531509302351e-30	0.307091647047966	0.681	0.535	3.98821477782641e-26	2	Tsc22d2
1.39435668159527e-30	-0.716215287766727	0.68	0.728	4.50168054653032e-26	2	Bach2
1.53101231144492e-30	0.361333893348411	0.637	0.491	4.94287324749994e-26	2	Atp10a
1.79123952095932e-30	-0.582480621857077	0.651	0.732	5.78301679341717e-26	2	Apbb1ip
1.98739349706347e-30	-0.344847184006044	0.966	0.964	6.41629990526941e-26	2	Cd247
2.28365952608509e-30	-0.261597802978836	0.061	0.174	7.37279477996572e-26	2	Asf1b
2.56539545596586e-30	0.265396399650711	0.262	0.146	8.28237922958578e-26	2	Spock2
2.64512534926459e-30	-0.534527138272359	0.309	0.439	8.53978719010072e-26	2	Hsd11b1
3.90870993508767e-30	-0.305730659222423	0.172	0.308	1.26192700254306e-25	2	Nsmce1
4.57950685755969e-30	0.292324948347156	0.288	0.17	1.47849378896315e-25	2	Gm26827
5.06004853503077e-30	0.347887897569013	0.961	0.895	1.63363666953468e-25	2	Arih1
6.87411043163933e-30	0.252051374072352	0.998	0.976	2.21930655285476e-25	2	Cd52
8.16499873040505e-30	-0.64847218051761	0.087	0.202	2.63606984011127e-25	2	Ifi213
1.51432972718666e-29	-0.450255508025892	0.078	0.191	4.88901352422214e-25	2	Pik3r5
1.61212166490317e-29	-0.317178750230552	0.035	0.133	5.20473479513988e-25	2	Neil3
2.09775449320731e-29	0.338886788739746	0.932	0.828	6.77260038131981e-25	2	Jarid2
2.16117457690987e-29	0.40234346602801	0.315	0.199	6.97735212155351e-25	2	Hk2
2.55928096029478e-29	0.278032093698358	0.932	0.833	8.26263858031169e-25	2	Sik3
2.80162547228861e-29	0.29341111851933	0.514	0.37	9.04504783728377e-25	2	Coro2a
3.27256632022242e-29	0.250088630570329	0.845	0.721	1.05654803648381e-24	2	Nek7
3.28502567606011e-29	-0.331790571581726	0.054	0.159	1.06057053951601e-24	2	Clspn
3.35715808472084e-29	-0.315811061108539	0.017	0.105	1.08385848765212e-24	2	Pik3ip1
3.51695344306109e-29	0.373873221172388	0.131	0.053	1.13544841909227e-24	2	Synpo2
3.61303487014682e-29	-0.818908636629828	1	1	1.1664683078269e-24	2	Gm42418
6.32236677465692e-29	-0.410847084599624	0.485	0.597	2.04117611319799e-24	2	Trp53inp1
7.37050701605244e-29	-0.263491226848189	0.081	0.198	2.37956819013253e-24	2	Kif20b
8.93917713444495e-29	0.251650353491669	0.846	0.685	2.88601333785555e-24	2	Prdx2
9.5985856976061e-29	0.266402313487265	0.848	0.725	3.09890339247213e-24	2	Purb
9.82818382394152e-29	-0.370065704145621	0.739	0.784	3.17302914755952e-24	2	Irf2
1.11127298242307e-28	0.386547725457648	0.747	0.633	3.58774482375288e-24	2	Aff1
1.13696559931811e-28	-0.444876792936101	0.302	0.436	3.67069343739853e-24	2	Dleu2
1.4778899575856e-28	-0.406491458314255	0.307	0.433	4.77136772806511e-24	2	Cdkn2d
2.51916441855548e-28	-0.400182254901082	0.4	0.532	8.13312232530638e-24	2	Mcu
2.71027964530018e-28	-0.352700042062129	0.1	0.216	8.75013783485162e-24	2	Kif15
3.13010101599994e-28	0.39900503912991	0.897	0.833	1.01055311301558e-23	2	Zeb1
3.80545472554962e-28	-0.676276454004324	0.996	0.989	1.22859105814369e-23	2	Arhgap15
3.86125049418075e-28	-0.307866144855126	0.029	0.122	1.24660472204626e-23	2	Hist1h3c
4.08385462464842e-28	0.25328479200396	0.664	0.528	1.31847246556774e-23	2	Wsb1
4.98169577515881e-28	-0.417471987200934	0.43	0.542	1.60834048101002e-23	2	Spata13
5.446909319223e-28	0.350995122632615	0.45	0.319	1.75853467371114e-23	2	Cdkn1a
5.81926830607217e-28	0.423717481009916	0.765	0.658	1.8787507726154e-23	2	Pik3r1
8.85159526744606e-28	-0.401149659666363	0.02	0.107	2.85773753209496e-23	2	Usp18
1.38188465124684e-27	0.274595391568085	0.465	0.328	4.46141459655041e-23	2	Tbx21
1.39365721763767e-27	0.329704426970733	0.392	0.263	4.49942232714322e-23	2	Dennd5a
1.65383216529564e-27	-0.351258296704603	0.044	0.14	5.33939714565698e-23	2	Fam49a
1.70092477624766e-27	-0.550144404076101	0.049	0.149	5.49143564011556e-23	2	Ccr9
1.87711967120915e-27	-0.335102272594436	0.146	0.268	6.06028085849874e-23	2	Lats2
1.95078644217177e-27	-0.276132988832471	0.037	0.13	6.29811402855155e-23	2	Fbxo5
2.06417248380912e-27	-0.556758091413694	0.206	0.325	6.66418086397773e-23	2	Smc2
2.40580968672992e-27	-0.49185553948177	0.679	0.742	7.76715657360756e-23	2	Ipcef1
2.57228020095827e-27	-0.466896559285626	0.229	0.353	8.30460662879377e-23	2	Ifi47
2.78295064167604e-27	-0.545293912442653	0.049	0.147	8.98475614665109e-23	2	Cenpf
6.15330804349418e-27	-0.40633354962853	0.122	0.239	1.9865955018421e-22	2	Elovl6
6.64262147134911e-27	-1.07208475928847	0.656	0.692	2.14457034202506e-22	2	Lef1
7.07064979145707e-27	0.276480613105849	0.479	0.342	2.28275928517191e-22	2	Sytl3
1.02882155373077e-26	-0.355347368127726	0.423	0.551	3.32155038621978e-22	2	Gimap9
1.09806644455373e-26	-0.258538913407545	0.03	0.119	3.54510751624171e-22	2	Hist1h1d
1.56250627487679e-26	-0.382362723716769	0.114	0.228	5.0445515084397e-22	2	Cks1b
1.59343739014393e-26	-0.439761236278808	0.072	0.18	5.14441261407969e-22	2	Tnfsf8
2.12178470592059e-26	-0.42220621596046	0.473	0.581	6.85018192306463e-22	2	Cflar
2.49172902049343e-26	-0.633920783735347	0.29	0.403	8.04454714266303e-22	2	Slfn1
2.62948938707267e-26	-0.395872677356326	0.194	0.328	8.48930648616411e-22	2	Ikzf2
2.81441622417288e-26	0.270697468242633	0.642	0.515	9.08634277974215e-22	2	Kpna1
2.85759890561295e-26	-0.451683792607949	0.079	0.184	9.22575806677139e-22	2	Cenpe
2.89659031684118e-26	-0.309891159028802	0.126	0.245	9.35164183792175e-22	2	Prim2
3.29642625656208e-26	-0.265346840949559	0.96	0.926	1.06425121693107e-21	2	Ftl1
4.96700329685264e-26	0.352453384376194	0.238	0.138	1.60359701438887e-21	2	Alpk2
5.39996253154281e-26	-0.385137678215761	0.241	0.374	1.7433779033086e-21	2	Pglyrp1
5.55693341018422e-26	0.443086360278119	0.461	0.336	1.79405595147797e-21	2	Myo1e
5.81701672221943e-26	0.295589748797216	0.426	0.307	1.87802384876854e-21	2	Irs2
7.91555542515894e-26	-0.507118725495611	0.814	0.819	2.55553706901256e-21	2	Itga4
8.06728716044047e-26	0.250535651914725	0.884	0.773	2.60452365974821e-21	2	Fbxl17
8.95008255196953e-26	-0.420315047785168	0.323	0.444	2.88953415190336e-21	2	2310001H17Rik
1.6922915962716e-25	0.263790313257196	0.437	0.311	5.46356341856285e-21	2	Gpr65
1.84355479652858e-25	0.360680522705697	0.731	0.597	5.95191666059251e-21	2	Eprs
2.35904228727227e-25	-0.381501908698332	0.83	0.854	7.61616802445851e-21	2	Fam169b
2.6614960883311e-25	0.457568852655104	0.261	0.157	8.59264012117697e-21	2	Trmt61b
2.79219825620356e-25	-0.335841746995176	0.283	0.402	9.01461207015319e-21	2	Ncapd3
4.33236998797372e-25	0.264914343043465	0.649	0.508	1.39870565061732e-20	2	Dpp4
5.56377765644915e-25	-0.334225177742845	0.062	0.16	1.79626561638461e-20	2	Ccnb2
9.27490461809342e-25	-0.471732967677143	0.272	0.379	2.99440295595146e-20	2	Hmgn2
1.40919126780956e-24	-0.254998490351789	0.12	0.235	4.54957400812316e-20	2	Igf2bp3
1.42049755703809e-24	-0.385309358179148	0.774	0.808	4.58607636289747e-20	2	Esyt2
1.50718897901952e-24	-0.284550288901141	0.07	0.17	4.86595961876453e-20	2	Gramd4
2.3664002630627e-24	-0.530685449626385	0.293	0.411	7.63992324929792e-20	2	Sh3rf1
2.4435825386885e-24	-0.349806299526689	0.288	0.405	7.88910622615582e-20	2	Xpo1
2.57869747224226e-24	-0.261840211102235	0.052	0.146	8.32532478913414e-20	2	Mboat1
3.49627333584798e-24	0.414466552136597	0.495	0.367	1.12877184647852e-19	2	Lig1
3.90641707980988e-24	-0.383432047036666	0.271	0.4	1.26118675421662e-19	2	Magi3
4.23812487294667e-24	0.278879465830985	0.67	0.552	1.36827861523083e-19	2	Tmem135
5.56301663102602e-24	-0.389207899332533	0.314	0.442	1.79601991932675e-19	2	Cpm
8.30110261968346e-24	-0.318042674090474	0.086	0.186	2.6800109807648e-19	2	Ms4a6c
1.09721835409622e-23	-0.294989916090351	0.889	0.896	3.54236945619965e-19	2	Eef1g
1.14960045999115e-23	-0.422386161004754	0.365	0.478	3.71148508508143e-19	2	Zfp53
1.18352891572787e-23	-0.390146826207607	0.148	0.256	3.82102310442743e-19	2	Morrbid
1.33833634299314e-23	-0.253079689631578	0.049	0.139	4.32081888335335e-19	2	Hist1h3e
1.4155478736841e-23	-0.346963582103007	0.283	0.4	4.57009631018912e-19	2	Ass1
1.50786985291522e-23	0.26340870818123	0.891	0.79	4.86815782013679e-19	2	Dnajc1
2.49452472760184e-23	-0.590424565973358	0.808	0.774	8.05357308306254e-19	2	Sdf4
3.0138685815365e-23	-0.355181070712732	0.211	0.327	9.7302747154906e-19	2	Nck2
7.77995570865281e-23	-0.257174740493149	0.054	0.144	2.51175870053856e-18	2	Arhgef11
8.41916311335315e-23	-0.36226830701041	0.043	0.126	2.71812681114607e-18	2	Ifi214
9.2593036662807e-23	-0.336273593848896	0.36	0.476	2.98936618865873e-18	2	Mcmbp
1.08218239749259e-22	-0.347758421289271	0.043	0.127	3.49382587030482e-18	2	Mob3b
1.56598735878984e-22	0.362534921673548	0.394	0.272	5.055790187853e-18	2	Ccr6
1.66674908893244e-22	-0.794238824548181	0.229	0.333	5.38109943361838e-18	2	Hist1h4d
1.93533704841907e-22	0.250414775785943	0.832	0.73	6.24823566082098e-18	2	Oga
1.98115243727686e-22	-0.274828514375149	0.106	0.206	6.39615064374834e-18	2	Racgap1
2.13130747437342e-22	-0.353295809834638	0.308	0.422	6.8809261810146e-18	2	Hexb
2.28049630768632e-22	0.259173113550627	0.69	0.556	7.36258232936529e-18	2	Impa2
3.20525355344089e-22	-0.36487676536553	0.629	0.68	1.03481610972839e-17	2	Asxl1
4.16124402539321e-22	0.274085710890401	0.468	0.36	1.3434576335982e-17	2	Rabgef1
4.49608708292823e-22	-0.510089788718097	0.924	0.928	1.45156171472338e-17	2	Ifi27l2a
4.85736826781686e-22	-0.597538239280087	0.353	0.442	1.56820134526467e-17	2	Arl5a
6.1389510568579e-22	-0.416299347785719	0.102	0.2	1.98196034870657e-17	2	Parp11
6.49128199503233e-22	-1.00318482495249	0.286	0.376	2.09571039209619e-17	2	Top2a
6.54159757835383e-22	-0.347576311116941	0.707	0.718	2.11195477817153e-17	2	Prdx1
7.9017104570196e-22	-0.291787517998504	0.082	0.175	2.55106722104878e-17	2	Als2cl
7.92701137813803e-22	0.401463876205968	0.486	0.372	2.55923562343186e-17	2	Plek
1.16738489716058e-21	-0.318200823252119	0.11	0.21	3.76890214048292e-17	2	Pdlim1
1.54673516269926e-21	-0.375920655581977	0.397	0.504	4.99363447277456e-17	2	Map3k3
2.47379167421373e-21	-0.268668123155996	0.221	0.337	7.98663642019903e-17	2	Tfrc
3.88098702558613e-21	-0.269145663629146	0.935	0.907	1.25297666121048e-16	2	Ncl
4.1221468419042e-21	-0.264292060776161	0.153	0.261	1.33083510790877e-16	2	Sh3bp5
5.81305217005936e-21	-0.412719975046264	0.271	0.381	1.87674389310366e-16	2	Bzw2
6.01430561243447e-21	-0.317996436167886	0.078	0.169	1.94171856697447e-16	2	Gm20559
6.20737912224898e-21	-0.296267549911456	0.186	0.295	2.00405234961808e-16	2	Socs3
7.09406767564165e-21	-0.46395722778822	0.806	0.843	2.29031974908091e-16	2	Sp100
7.11838599122898e-21	-0.382906762024318	0.58	0.665	2.29817091726828e-16	2	Atf7ip
7.28934124780825e-21	-0.350359018428042	0.355	0.475	2.35336382185489e-16	2	Ahcyl2
7.65445761499644e-21	-0.390256984395234	0.203	0.302	2.4712416410016e-16	2	Hist1h1c
1.23466333300148e-20	0.343227143413144	0.768	0.664	3.98611057059529e-16	2	Cdk11b
1.31228596534957e-20	-0.40506859983301	0.485	0.583	4.23671523913108e-16	2	Pacs1
1.45951703947266e-20	-0.454298348160273	0.095	0.186	4.71205076193747e-16	2	Prc1
1.52930830125322e-20	-0.358177205934277	0.746	0.756	4.93737185059601e-16	2	Vmp1
1.59224871077074e-20	0.269637289075713	0.871	0.756	5.14057496272333e-16	2	Spag9
1.61526277873043e-20	-1.39593919622482	0.097	0.187	5.2148758811312e-16	2	Hist1h2ap
1.63105018199988e-20	-0.26062496633435	0.167	0.278	5.26584551258661e-16	2	N4bp2
2.30170558606563e-20	-0.384928069489584	0.585	0.656	7.43105648461288e-16	2	Mrtfa
2.52264607002396e-20	-0.333675385666701	0.595	0.679	8.14436283707236e-16	2	Ccm2
2.77517800072383e-20	-0.408146727735723	0.262	0.364	8.9596621753369e-16	2	Tmem71
3.05816316398961e-20	0.290084871262514	0.474	0.356	9.87327977494045e-16	2	Jmy
3.06377611840704e-20	-0.269386261780504	0.189	0.301	9.89140119827714e-16	2	Gm16599
3.28028900125463e-20	-0.463452062142023	0.203	0.302	1.05904130405506e-15	2	Ndrg3
4.0515195520147e-20	-0.486469725905334	0.432	0.514	1.30803308736795e-15	2	Pced1b
4.98494708444136e-20	-0.348654289436277	0.841	0.847	1.60939016621189e-15	2	Ube2h
5.07937324567872e-20	-0.277330812908404	0.07	0.157	1.63987565236738e-15	2	Gbp2
5.67732824938813e-20	-0.351668343990768	0.241	0.349	1.83292542531496e-15	2	Gpr174
5.82192161977185e-20	-0.301373068957375	0.293	0.405	1.87960739494334e-15	2	Twsg1
8.33369717925299e-20	-0.311334577164677	0.073	0.156	2.69053413432183e-15	2	Slc12a7
1.13957749565101e-19	-0.299003539301497	0.715	0.757	3.67912594470929e-15	2	Wipf1
1.18217654070995e-19	-0.423162122715797	0.089	0.175	3.81665696168208e-15	2	Kif11
1.20069924772494e-19	-0.278909696243212	0.841	0.854	3.87645752127997e-15	2	Cd53
2.09838746378729e-19	0.464386118923142	0.195	0.115	6.77464392683728e-15	2	Klrd1
2.59399133595183e-19	-0.438120151572787	0.662	0.666	8.37470102812048e-15	2	Nucks1
2.6020102505636e-19	0.263805055818481	0.915	0.826	8.40059009394457e-15	2	Stat3
2.8156465552557e-19	-0.285930409976277	0.054	0.132	9.09031490364303e-15	2	Ifit2
3.28104199574292e-19	-0.331481799055563	0.413	0.5	1.0592844083256e-14	2	Nup210
3.43607708874675e-19	-0.393326726020776	0.455	0.542	1.10933748810189e-14	2	Irf1
3.7478485735503e-19	-0.347948812179471	0.447	0.535	1.20999291197071e-14	2	Galnt6
3.82526910036946e-19	-0.6005329254559	0.804	0.833	1.23498812905428e-14	2	Cdk8
4.1322804036853e-19	-0.31337438495033	0.518	0.61	1.3341067283298e-14	2	Osbpl9
4.94660684075468e-19	0.251063209350598	0.844	0.757	1.59701201853765e-14	2	Rps6ka3
7.27293154816181e-19	-0.335202361470125	0.55	0.626	2.34806595032404e-14	2	Gimap8
1.10115867577106e-18	-0.354594592645654	0.91	0.867	3.55509078472685e-14	2	Cd2
1.18246726352275e-18	-0.341556266024949	0.657	0.711	3.8175955602832e-14	2	Cbl
1.74740843229084e-18	0.252453037903975	0.597	0.49	5.64150812365097e-14	2	Ndel1
1.90617811385859e-18	-0.716803466700243	0.088	0.174	6.15409604059246e-14	2	Xist
1.9942188825777e-18	-0.475804748091667	0.441	0.5	6.43833566240212e-14	2	Tmpo
2.79171647479948e-18	-0.325617999215656	0.251	0.352	9.01305663889012e-14	2	Ppp1r13b
3.00964900734148e-18	-0.340241339411584	0.658	0.697	9.71665182020198e-14	2	Mtmr3
4.85091207821265e-18	-0.640455985428146	0.153	0.243	1.56611696445096e-13	2	Slfn5
5.79028202090541e-18	0.265607017598685	0.482	0.382	1.86939255044931e-13	2	Ncoa7
6.01284122414754e-18	-0.494079304529038	0.372	0.454	1.94124578921603e-13	2	Tubb4b
6.03488489788569e-18	-0.302713827486928	0.052	0.126	1.94836258928239e-13	2	Mctp2
6.6751191631797e-18	-0.377816316675848	0.13	0.218	2.15506222183257e-13	2	Rreb1
9.19899396228032e-18	0.283406486227703	0.527	0.432	2.9698952007222e-13	2	Gabpb1
1.26016301376601e-17	-0.735541090857964	0.384	0.456	4.06843628994356e-13	2	Il2ra
1.52533989770067e-17	-0.288752873515357	0.191	0.286	4.92455985972662e-13	2	Tesc
1.79373924514955e-17	0.287576326532779	0.879	0.773	5.79108715296533e-13	2	Nfkbia
2.0439125374123e-17	-0.259336774696658	0.708	0.735	6.59877162703562e-13	2	Srpk1
2.25437797621357e-17	-0.273424187311991	0.108	0.196	7.2782592962055e-13	2	Irgm2
2.58310548383262e-17	-0.312493087101987	0.732	0.772	8.3395560545536e-13	2	Arid4a
2.78976556294584e-17	-0.404969681678685	0.281	0.375	9.00675811997064e-13	2	Cd80
3.65447609822566e-17	-0.841105703650365	0.18	0.26	1.17984760831216e-12	2	Ccr2
4.04577072020303e-17	-0.294695748574741	0.729	0.804	1.30617707701755e-12	2	Foxo1
4.82331907410198e-17	-0.293491395618451	0.83	0.826	1.55720856307382e-12	2	Pip4k2a
5.21303832489434e-17	-0.419850178877254	0.556	0.61	1.68302942319214e-12	2	Stk38
5.55466519579716e-17	-0.361870036404369	0.755	0.73	1.79332365846311e-12	2	Ran
6.21759006206519e-17	-0.657245813633557	0.129	0.214	2.00734895153775e-12	2	Ube2c
7.55112866555031e-17	-0.496647242407386	0.244	0.331	2.43788188967292e-12	2	Tespa1
7.59772032667158e-17	-0.283553676014106	0.079	0.157	2.45292400746592e-12	2	Rras2
7.91890417595048e-17	-0.408260182390351	0.618	0.662	2.55661821320561e-12	2	Chd3
9.63178093595304e-17	-0.308979643524316	0.601	0.657	3.10962047517244e-12	2	Agfg1
1.57674479566626e-16	-0.333290727881437	0.038	0.102	5.09052057280851e-12	2	Trat1
1.60328773275067e-16	-0.521326271614281	0.439	0.513	5.17621444518554e-12	2	Prkcb
1.73922164581323e-16	-0.353243894832205	0.121	0.207	5.615077083508e-12	2	Ccr5
2.15368377142187e-16	-0.254763051413851	0.629	0.681	6.95316805603551e-12	2	Pds5a
2.32053555240038e-16	-0.332441275419186	0.373	0.47	7.49184903092463e-12	2	Lyst
2.73111045543106e-16	-0.988779840926281	0.238	0.311	8.81739010535917e-12	2	Mki67
2.73815886201465e-16	-0.342973436234076	0.139	0.231	8.8401458860143e-12	2	Pkp4
2.76170942295211e-16	-0.309786334893374	0.239	0.332	8.91617887200089e-12	2	Lockd
3.45892306354455e-16	-0.376665258553501	0.358	0.454	1.11671331106536e-11	2	Rfx3
3.98013440233237e-16	-0.316698440798769	0.544	0.578	1.28498639179301e-11	2	Lbr
4.33633538644009e-16	-0.279475059550751	0.105	0.185	1.39998587951218e-11	2	Dennd2d
4.37792454007335e-16	-0.672442953423594	0.281	0.362	1.41341293776268e-11	2	Hist1h1e
4.56064535733604e-16	-0.452242673385787	0.082	0.157	1.47240435361594e-11	2	A330040F15Rik
5.32311975113e-16	-0.288805066678479	0.741	0.755	1.71856921165232e-11	2	4930523C07Rik
5.90383757119944e-16	-0.395385658018376	0.471	0.538	1.90605395986174e-11	2	Rcsd1
6.97056428583318e-16	-0.279852843009498	0.044	0.11	2.25044667968124e-11	2	Prrg1
7.00418738508981e-16	-0.279024712313648	0.98	0.969	2.26130189727625e-11	2	mt-Nd2
8.0885281211224e-16	-0.322666598444128	0.8	0.82	2.61138130390437e-11	2	Rhoh
8.35774647053342e-16	-0.297436349288358	0.647	0.681	2.69829844801172e-11	2	Mif
1.14586880382617e-15	-0.485767377260215	0.452	0.528	3.6994374331528e-11	2	Arhgef3
1.21080363852778e-15	-0.29054782366195	0.563	0.616	3.90907954698693e-11	2	Add1
2.16773760049669e-15	-0.322658911020705	0.626	0.684	6.99854084320357e-11	2	Setx
2.3365119888085e-15	-0.251286573070236	0.879	0.879	7.54342895586826e-11	2	Dnaja1
2.44959327442508e-15	-0.340325934567416	0.178	0.264	7.90851188648139e-11	2	Samd9l
2.71741820520142e-15	-0.295929533472773	0.279	0.379	8.77318467549278e-11	2	E130308A19Rik
3.09878333762889e-15	-0.36954553239013	0.645	0.674	1.00044220055349e-10	2	Smc6
3.3821572066757e-15	-0.254673086074006	0.267	0.359	1.09192945417525e-10	2	Mad1l1
3.43342199363815e-15	-0.45562444123202	0.309	0.395	1.10848029064608e-10	2	Hivep3
5.24411111410508e-15	0.286781846356229	0.925	0.894	1.69306127318883e-10	2	Tox
6.20610130923152e-15	-0.256941293845314	0.204	0.297	2.0036398076854e-10	2	Zfp36
6.37690026193104e-15	-0.326138246691829	0.681	0.735	2.05878224956444e-10	2	Tcf20
8.79507517249228e-15	-0.347678362040696	0.869	0.877	2.83949001943913e-10	2	Trbc1
9.32230313283266e-15	-0.340436371512936	0.397	0.486	3.00970556643502e-10	2	Ugcg
1.16561228507984e-14	-0.410562427734372	0.324	0.404	3.76317926238027e-10	2	Dusp10
1.41094352566632e-14	-0.296210455624734	0.521	0.588	4.55523117261371e-10	2	Casp8
1.88991663262166e-14	-0.306396516252187	0.344	0.43	6.10159584841901e-10	2	Ddit4
1.90755581226724e-14	-1.51150917068162	0.415	0.455	6.15854393990477e-10	2	S100a6
2.17423221181107e-14	-0.292063056043737	0.774	0.767	7.01950869583203e-10	2	Atp2b1
2.26508937835045e-14	-0.342021352191069	0.139	0.217	7.31284105800444e-10	2	Crim1
2.52542269890763e-14	-0.254021720231122	0.387	0.458	8.15332718342329e-10	2	Anapc5
2.59427423760177e-14	-0.294346384468332	0.19	0.276	8.37561437609733e-10	2	Itm2a
5.35856443620643e-14	-0.290112882884827	0.653	0.656	1.73001252822925e-09	2	Smc1a
5.39961896361543e-14	-0.26316394782954	0.939	0.907	1.74326698240324e-09	2	Tpr
8.76941488876039e-14	-0.429889255812661	0.079	0.145	2.83120559683629e-09	2	Ddx60
9.428521249446e-14	-0.301769605030739	0.885	0.824	3.04399808538364e-09	2	Anp32b
1.22654345132139e-13	-0.290143389756966	0.208	0.284	3.9598955325911e-09	2	Gmnn
1.38458015567969e-13	-0.345355214181322	0.091	0.164	4.47011703261189e-09	2	Immp2l
2.2939829398671e-13	-0.294922206592168	0.355	0.441	7.40612392136092e-09	2	Gm37240
2.4566543310882e-13	-0.321790887281562	0.243	0.324	7.93130850791824e-09	2	L3mbtl3
2.93046210325724e-13	-0.370345664871199	0.466	0.525	9.46099690036601e-09	2	Ly6e
2.99272393888012e-13	-0.30620892942724	0.46	0.531	9.66200923667445e-09	2	Pcgf5
3.26483577395557e-13	-0.282192424958793	0.269	0.355	1.05405222962156e-08	2	Cep97
3.53833063085096e-13	-0.30385697835186	0.318	0.398	1.14235004417023e-08	2	Cd2ap
3.98640204873944e-13	-0.404382806326093	0.264	0.337	1.28700990143553e-08	2	Gbp7
4.71291883218273e-13	-0.259819100051682	0.054	0.114	1.5215658449702e-08	2	Cd83
5.1864367444375e-13	-0.310032151689315	0.565	0.622	1.67444110294165e-08	2	Heca
5.39661017768503e-13	-0.352779937710808	0.326	0.408	1.74229559586561e-08	2	Atp8a1
7.86796292216098e-13	-0.320200372210142	0.172	0.246	2.54017182941967e-08	2	Gpr18
1.04545280541402e-12	-0.26167496727913	0.422	0.503	3.37524438227916e-08	2	Cdk19
1.1017646033931e-12	-0.369508133507433	0.762	0.723	3.55704702205464e-08	2	Dek
1.21672666053479e-12	-0.295116726858822	0.208	0.287	3.92820202353657e-08	2	Bcl6
2.0832293011554e-12	-0.294628210364675	0.11	0.178	6.72570579878022e-08	2	Hist2h2ac
2.2486173383368e-12	-0.292771216506814	0.476	0.548	7.25966107682036e-08	2	Kat2b
2.62539291241404e-12	-0.258470595681119	0.29	0.364	8.47608101772873e-08	2	Cbx5
2.74746323734089e-12	-0.309991406099516	0.764	0.776	8.87018506175506e-08	2	Stim1
2.96917846473035e-12	-0.378592248182587	0.592	0.604	9.58599267338195e-08	2	Tnfrsf18
3.22360312231706e-12	-0.29701307912985	0.989	0.981	1.04074026804006e-07	2	Skap1
3.24808590517429e-12	-0.335094372305758	0.459	0.503	1.04864453448552e-07	2	Pcna
3.73215961927826e-12	-0.50737869493848	0.198	0.265	1.20492773308398e-07	2	Ifi206
4.06180915484805e-12	-0.261680448185452	0.319	0.399	1.31135508564269e-07	2	St3gal1
4.49200339876371e-12	-0.298699040823533	0.295	0.373	1.45024329729087e-07	2	Zbp1
6.03564605932378e-12	-0.345939341297986	0.421	0.467	1.94860833025268e-07	2	Ezh2
7.69751191156962e-12	-0.264789909700833	0.69	0.713	2.48514172065025e-07	2	Ranbp9
9.13180405538739e-12	-0.294665637520479	0.349	0.424	2.94820293928182e-07	2	Gm16158
1.05587015370308e-11	-0.252774965776103	0.212	0.293	3.40887679123039e-07	2	Eefsec
1.08568277322865e-11	-0.289349833750741	0.177	0.253	3.50512683336869e-07	2	Rad51b
1.13555262152114e-11	-0.561839563229056	0.672	0.657	3.66613163858101e-07	2	Pim1
1.37326591234986e-11	-0.332978567624679	0.206	0.277	4.43358899802153e-07	2	Lztfl1
1.46871472684801e-11	-0.278449106802535	0.301	0.366	4.7417454956288e-07	2	Dnmt1
1.58146128114809e-11	-0.308419954103872	0.674	0.677	5.1057477461866e-07	2	Lbh
2.16505064841261e-11	-0.255340598517385	0.389	0.464	6.9898660184001e-07	2	Elk4
2.20946917804542e-11	-0.393989531294503	0.589	0.61	7.13327124131964e-07	2	Sesn3
2.37966953247976e-11	-0.302983061828528	0.782	0.773	7.6827630856109e-07	2	Retreg1
2.44827260649873e-11	-0.271399801047149	0.322	0.4	7.90424811008114e-07	2	Tmem131l
3.42705418039852e-11	-0.264423966485053	0.854	0.859	1.10642444214166e-06	2	Stk4
4.79697872637774e-11	-0.436882072200786	0.56	0.601	1.54870458181105e-06	2	Insyn2b
4.96186921172713e-11	-0.371767194585564	0.11	0.169	1.6019394750061e-06	2	Ifi208
6.08583718563039e-11	-0.295355760581941	0.351	0.426	1.96481253538077e-06	2	Igtp
6.67471142855025e-11	-0.28984299939066	0.361	0.426	2.15493058470745e-06	2	Prkd2
6.73261598116194e-11	-0.335305423598181	0.85	0.813	2.17362506951813e-06	2	Arid5b
9.51302171855867e-11	-0.381317821859286	0.775	0.732	3.07127906183667e-06	2	Ube2s
1.10189628751154e-10	-0.279641680195195	0.725	0.745	3.557472164231e-06	2	Arid1a
2.12435314685619e-10	-0.305228941061958	0.362	0.43	6.85847413462521e-06	2	Fam168a
2.72146727586868e-10	-0.256532500581901	0.392	0.46	8.78625710014202e-06	2	Arhgap10
2.7236050851434e-10	-0.252219192619748	0.418	0.477	8.79315901738547e-06	2	Rif1
4.04321205772555e-10	-0.279160246040361	0.374	0.431	1.30535101283669e-05	2	S1pr4
6.33324705866503e-10	-0.308664728512794	0.183	0.246	2.04468881289001e-05	2	Slfn8
7.07045520163893e-10	0.287181274426199	0.49	0.422	2.28269646184913e-05	2	Ints7
8.61954720644598e-10	-0.307294501619194	0.341	0.41	2.78282081560108e-05	2	Filip1l
1.13845841084841e-09	-0.316392742992275	0.821	0.765	3.67551297942408e-05	2	Emp3
1.15140474537191e-09	-0.362130604604008	0.878	0.871	3.7173102204332e-05	2	Prkca
1.21761784449705e-09	-0.255140079513406	0.466	0.526	3.93107921095873e-05	2	Zfp280d
1.39754492764919e-09	-0.306159221731394	0.391	0.457	4.51197379891541e-05	2	Tasp1
1.6432772260822e-09	-0.335621928511454	0.509	0.549	5.30532052440637e-05	2	Klhl6
1.68080284182363e-09	-0.478721167586196	0.266	0.317	5.4264719748276e-05	2	Diaph3
1.7239185363581e-09	-0.280608511802308	0.361	0.421	5.56567099463212e-05	2	Stt3b
2.75967968931523e-09	-0.266797714443219	0.715	0.731	8.90962587695422e-05	2	Mbnl2
3.71969016374573e-09	-0.272322864801794	0.134	0.196	0.000120090196936531	2	Plcl1
3.78989607982759e-09	-0.536273173587551	0.244	0.305	0.000122356794937234	2	Rnf213
3.94412120034103e-09	-0.535099398258715	0.322	0.355	0.00012733595295301	2	Snx9
6.60008019341654e-09	-0.26315790991161	0.404	0.453	0.000213083589044453	2	Casp3
7.22373277850584e-09	-0.373162876301895	0.768	0.703	0.000233218212754061	2	H2afv
1.30493095487518e-08	-0.438519199219424	0.451	0.483	0.000421296958781453	2	Cenpa
1.72477015588214e-08	0.28061464660355	0.852	0.79	0.00055684204482655	2	Zfp36l1
2.73061020849813e-08	-0.258892536189835	0.624	0.634	0.000881577505813622	2	Snx2
3.87555898993356e-08	-0.339213686056454	0.226	0.285	0.00125122421990005	2	Ntrk3
4.06088374602928e-08	-0.276869794331489	0.397	0.453	0.00131105631740555	2	Usp24
4.48408787523363e-08	-0.278922693121267	0.703	0.73	0.00144768777051918	2	Usp3
5.22290561824515e-08	-0.250241180112815	0.199	0.253	0.00168621507885045	2	Mcm3
1.13262136144915e-07	-0.461833344291876	0.151	0.204	0.00365666806543857	2	Isg15
1.42870207677742e-07	-0.388598854257097	0.994	0.987	0.00461256465487591	2	Dock2
1.52635327545373e-07	-0.253422604878697	0.519	0.534	0.00492783154980238	2	Tpi1
1.53164356077421e-07	-0.285443545666843	0.447	0.504	0.00494491123595954	2	Parp14
1.72503313997966e-07	-0.31822436229858	0.261	0.313	0.00556926949242432	2	Parp8
1.96850791567843e-07	-0.405120060519871	0.23	0.278	0.00635532780576782	2	H2afx
2.01336123019151e-07	-0.457527559233331	0.769	0.707	0.00650013673167329	2	Eea1
3.77060909906176e-07	-0.3154929575472	0.56	0.601	0.0121734114763209	2	Pik3cd
3.8265172010877e-07	-0.257451419355775	0.188	0.237	0.0123539107837116	2	Gbp4
4.31936747064726e-07	-0.252671890938365	0.486	0.526	0.0139450778789847	2	Senp7
9.82089045788987e-07	-0.376170833581466	0.305	0.357	0.0317067448432974	2	Herc6
1.60699743880461e-06	-0.307997122751773	0.536	0.58	0.051881912311807	2	Abtb2
5.01447023312245e-06	-0.300620706348075	0.1	0.14	0.161892171476358	2	Mt1
1.0342377419285e-05	-0.260504986893838	0.405	0.42	0.333903654981616	2	Selenoh
1.18596213487699e-05	-0.305053730997331	0.546	0.575	0.382887875245037	2	Trim30a
1.38791938704096e-05	-0.302734480951784	0.748	0.758	0.448089774106174	2	Stat1
3.38559571054778e-05	0.264301065105299	0.122	0.09	1	2	Areg
4.37638238369349e-05	-0.403776798395401	0.874	0.821	1	2	Lrba
0.000117369644061613	-0.289016773444353	0.534	0.547	1	2	Iqgap2
0.000155413422038423	0.267481026222055	0.599	0.563	1	2	Elovl5
0.00016299113319728	-0.368799830594555	0.443	0.46	1	2	Phlpp1
0.000205081846128874	-0.334410785110035	0.871	0.864	1	2	Bcl11b
0.000275878305782143	-0.273265952579342	0.255	0.286	1	2	Fam78a
0.000280082165771927	-0.319141455805945	0.586	0.552	1	2	Anp32e
0.000280189477464228	-0.288317462841401	0.312	0.341	1	2	Dipk1a
0.000824075400116259	-0.319889203434881	0.416	0.431	1	2	Trim12a
0.00206932376035188	-0.295158688201463	0.744	0.729	1	2	Ppm1h
0	2.93227787659347	0.913	0.342	0	3	S100a6
0	2.26650894540109	0.769	0.126	0	3	Ccr2
0	2.05581794741061	0.539	0.065	0	3	Il10
0	1.91476266356359	0.988	0.632	0	3	S100a4
0	1.83692172117543	0.81	0.15	0	3	Neb
0	1.80551766112613	0.863	0.232	0	3	Snx9
0	1.67995264931546	0.825	0.107	0	3	Foxp3
0	1.6037209560403	0.867	0.315	0	3	Glrx
0	1.55271758695974	0.932	0.597	0	3	Lag3
0	1.53896545395056	0.962	0.591	0	3	Pim1
0	1.50586619107054	0.835	0.362	0	3	Izumo1r
0	1.49087260166607	0.815	0.336	0	3	Arl5a
0	1.47297627141522	0.997	0.819	0	3	Ctla4
0	1.43509114760564	0.995	0.783	0	3	AW112010
0	1.38319182891845	0.845	0.422	0	3	Hip1
0	1.3414220816935	0.599	0.097	0	3	Ccr5
0	1.2940947288577	0.854	0.443	0	3	Gimap7
0	1.24458993298488	0.855	0.436	0	3	Gm2a
0	1.19831779733618	0.722	0.267	0	3	Ltb4r1
0	1.16224900099037	0.997	0.879	0	3	S100a10
0	1.04635612959396	0.977	0.853	0	3	Cd2
0	1.02302739266457	0.995	0.888	0	3	Srgn
0	0.935009790797731	0.994	0.941	0	3	Fxyd5
0	-2.5530903716725	0.144	0.733	0	3	Aff3
1.14022213584319e-306	1.32639996886493	0.347	0.038	3.68120716556975e-302	3	Gzmb
3.38536638898528e-306	-1.92786412319683	0.052	0.615	1.0929655386839e-301	3	Tcf7
4.07144276919315e-306	1.30629405872021	0.971	0.722	1.31446529803401e-301	3	Icos
5.3251493034528e-303	1.44730485254075	0.882	0.525	1.71922445261974e-298	3	Tnfrsf4
7.26336500051243e-303	1.27132115415278	0.892	0.54	2.34497739041544e-298	3	Fam129a
2.00701079172696e-302	1.17037156877848	0.697	0.269	6.47963434109049e-298	3	Pglyrp1
8.66470620731477e-300	0.96609150408358	0.981	0.868	2.79740039903157e-295	3	Gimap4
6.80444242495984e-299	1.08204192592804	0.978	0.745	2.19681423689828e-294	3	S100a11
1.92707864242072e-294	1.0183742672281	0.973	0.693	6.22157339705528e-290	3	Capg
1.04755425128252e-288	-1.97374840100175	0.541	0.883	3.38202890026561e-284	3	Ccnd3
2.90311319862715e-285	1.16890897900729	0.976	0.685	9.37270096176774e-281	3	Maf
4.32345313046471e-284	0.718611170495747	0.427	0.078	1.39582684317053e-279	3	Rnase4
6.62014723092965e-274	2.99829535884505	0.599	0.204	2.13731453350564e-269	3	Ccl5
7.16578000668525e-274	1.12543860916946	0.839	0.455	2.31347207515833e-269	3	Arl4c
3.74672438777845e-270	0.946099435036274	0.605	0.203	1.20962996859427e-265	3	Cxcr3
3.8502321495752e-269	1.03766180661559	0.553	0.163	1.24304744949035e-264	3	Morrbid
1.9752366684471e-261	-0.575561268174086	0.997	1	6.37705158408147e-257	3	Rps29
1.80949214746651e-259	1.08980316006717	0.425	0.087	5.84194539809562e-255	3	Itgae
4.14873773913919e-254	0.989651632892347	0.931	0.605	1.33941997908109e-249	3	Cmtm7
3.75908916476383e-253	-0.833474749038954	0.966	0.989	1.213621936844e-248	3	Rps17
4.31708970648527e-252	-1.23753972203482	0.054	0.556	1.39377241173877e-247	3	Evl
9.24571171168068e-246	1.48485159171515	0.679	0.277	2.98497802611611e-241	3	Alcam
2.7185667072027e-245	0.954366581645252	0.962	0.82	8.77689261420392e-241	3	Npc2
1.93777741617715e-243	1.27782651643523	0.785	0.364	6.25611438812794e-239	3	Il2ra
1.30138320256856e-240	1.25774600151069	0.945	0.805	4.20151566949259e-236	3	Lrba
1.34413141919223e-239	0.961219906970836	0.89	0.628	4.3395282868621e-235	3	Lbh
1.85786328073544e-239	1.57265966571902	0.765	0.376	5.99811160185438e-235	3	Nkg7
1.97197689513942e-237	-0.573622483444017	0.999	0.999	6.36652740595761e-233	3	Rps27a
1.79519968772888e-233	-0.585697909003422	0.999	1	5.79580219183269e-229	3	Rps8
6.72949732039848e-232	1.08667296306103	0.838	0.478	2.17261820989065e-227	3	Lamc1
1.82107798398247e-231	0.987224862222873	0.853	0.545	5.8793502712874e-227	3	Tnfrsf18
9.97841056451841e-230	1.06058818528466	0.965	0.752	3.22152985075477e-225	3	Vim
5.68656714940039e-229	-1.19688172100358	0.433	0.802	1.83590820418392e-224	3	Tgfbr2
3.18805947830486e-228	1.0302458276944	0.895	0.583	1.02926500257072e-223	3	Irak2
4.25029137053639e-225	0.885870740402645	0.921	0.634	1.37220656897767e-220	3	Tnfrsf1b
2.18772809969303e-224	1.13631013621978	0.781	0.39	7.06308016985893e-220	3	Tnfrsf9
3.74368510284141e-223	1.08006148077397	0.908	0.62	1.20864873545235e-218	3	Samhd1
1.35102606114284e-221	0.795173972414409	0.412	0.095	4.36178763839967e-217	3	Sytl2
1.5067263428264e-221	0.939397392709001	0.966	0.772	4.86446599781504e-217	3	Aopep
1.18681749646585e-220	1.01220854480528	0.915	0.602	3.83164028733998e-216	3	Mxi1
2.11274546843111e-220	0.777800814337563	0.561	0.189	6.82099874482983e-216	3	Prdm1
4.04192869934723e-220	-0.695218027545915	0.997	1	1.30493668058425e-215	3	Rps20
5.46712440717555e-220	0.945669591541538	0.897	0.599	1.76506111485663e-215	3	Itgb7
6.89356460040574e-220	0.905634787229292	0.495	0.151	2.22558733124099e-215	3	Entpd1
9.37968218711376e-220	0.865945833132839	0.868	0.579	3.02823039410968e-215	3	Snx2
1.39936416923773e-218	-1.6085140250307	0.149	0.597	4.51784722038401e-214	3	Bcl2
5.83131481253983e-218	0.546787091057628	0.358	0.071	1.88263998722848e-213	3	Il10ra
1.66245609074951e-217	0.940422752806491	0.729	0.348	5.3672394889848e-213	3	Socs2
5.14404527690951e-215	0.860013845124456	0.676	0.322	1.66075501765023e-210	3	Smco4
1.30647761613459e-214	0.819830589475901	0.575	0.221	4.21796298369052e-210	3	Matk
9.34232631598424e-214	0.886152998133285	0.927	0.715	3.01617005111551e-209	3	Vmp1
5.95641308824715e-212	0.857945549553446	0.712	0.347	1.92302796554059e-207	3	Glipr1
1.38250121546954e-211	-0.718688940131311	0.997	0.999	4.46340517414342e-207	3	Rpl12
1.00086763905957e-210	0.482013846171628	0.289	0.042	3.23130117270383e-206	3	Gpr55
6.2573132978624e-210	-0.542204894228911	0.996	0.998	2.02017359821488e-205	3	Rpl21
8.82281475492589e-210	-0.625265276090898	0.994	0.998	2.84844574362782e-205	3	Rpl28
1.12188364279081e-209	0.83464559111885	0.972	0.743	3.62200134075012e-205	3	Ifngr1
6.98333657325648e-208	0.837051081468546	0.988	0.925	2.25457021267585e-203	3	Wnk1
1.44501223661558e-207	0.548874065698703	0.319	0.058	4.66522200591339e-203	3	Rapsn
3.79311128319751e-207	0.785927788234774	0.937	0.731	1.22460597778032e-202	3	S100a13
5.89415390847654e-205	0.828986858661233	0.683	0.347	1.90292758935165e-200	3	Ctsa
1.95555281412724e-204	0.664072893286321	0.983	0.93	6.31350226040979e-200	3	Rap1b
3.10793975313123e-204	-0.669492765232249	0.996	0.998	1.00339834929842e-199	3	Rps19
1.43964500888542e-203	-1.81538312955745	0.379	0.754	4.64789391118657e-199	3	Lef1
1.47048844008579e-202	0.830187536326635	0.965	0.838	4.74747192881696e-198	3	Picalm
6.34087805648984e-202	0.672065927055106	0.376	0.083	2.04715248053774e-197	3	Ncmap
3.76254139606489e-199	0.962756339841196	0.989	0.785	1.21473648971955e-194	3	Lgals1
5.47108589298136e-199	0.880881118293461	0.737	0.413	1.76634008054903e-194	3	N4bp1
2.57289533957937e-198	0.521829036099427	0.295	0.048	8.30659260383201e-194	3	Lrrc32
2.72788666726186e-197	-0.677600471121472	0.941	0.977	8.80698210525491e-193	3	Rpl31
2.88674240409752e-197	0.68171751996127	0.427	0.12	9.31984785162885e-193	3	Pik3ap1
2.31354899233629e-195	1.06425702793397	0.923	0.748	7.4692929217577e-191	3	Sdf4
7.69170041158547e-195	0.719267355841144	0.999	0.987	2.48326547788037e-190	3	Fth1
3.88743489893731e-194	0.624903109243623	0.995	0.976	1.25505835712191e-189	3	Shisa5
1.27305969225689e-192	1.02736658773137	0.827	0.503	4.11007321645138e-188	3	Ptprj
1.82939107791325e-192	0.728269715612462	0.444	0.131	5.90618909504294e-188	3	Fgl2
1.71162202883783e-191	0.82743557455411	0.981	0.791	5.52597172010292e-187	3	Ubash3b
2.83882921822709e-191	0.903762424608562	0.643	0.318	9.16516013104617e-187	3	Cst7
3.38547813254008e-191	-0.549396977154237	0.997	0.999	1.09300161509056e-186	3	Rps4x
1.45989224271691e-190	1.84196371334461	0.373	0.091	4.71326210561154e-186	3	Ccl4
5.28832001753947e-188	0.753075802596611	0.285	0.048	1.70733411766262e-183	3	Lyn
2.83457585842367e-186	-1.1747862656033	0.595	0.862	9.15142815892082e-182	3	Zbtb20
2.25850687148367e-185	-0.531565573188284	0.997	0.998	7.29158943458501e-181	3	Rpl8
8.82469260825263e-185	-0.501477804603666	0.998	0.998	2.84905200857436e-180	3	Rpl15
5.37583049628819e-182	0.987571159978384	0.758	0.465	1.73558687572664e-177	3	Mxd1
1.19186842703678e-181	1.19381103569569	0.719	0.397	3.84794721668826e-177	3	Phlpp1
4.6854444278504e-181	1.08029068969541	0.915	0.68	1.5126957335315e-176	3	Itgav
1.18185185696761e-180	-0.512729811934705	0.994	0.993	3.81560872021993e-176	3	Rps25
5.63810977723243e-179	0.619260880804589	0.985	0.913	1.82026374157949e-174	3	Ptprcap
1.13234023388625e-176	-0.467337897650739	0.999	0.999	3.65576044510176e-172	3	Rack1
1.48349089455977e-176	1.00986528063127	0.969	0.804	4.78945035308623e-172	3	Crip1
3.29236594873437e-176	-0.573746472653365	0.999	0.999	1.06294034654889e-171	3	Rpl13a
2.43879731957883e-173	0.853327815465593	0.897	0.675	7.87365714626026e-169	3	Ctsb
2.6645638368322e-173	0.69168460123162	0.996	0.977	8.60254434721275e-169	3	Cd52
1.12979835785673e-171	0.607884329404007	0.323	0.073	3.64755399834047e-167	3	Asb2
5.4807597338623e-171	0.537459917962392	0.987	0.95	1.76946328007744e-166	3	Arpc2
9.97998630644527e-171	-0.888048444390807	0.368	0.722	3.22203857903586e-166	3	Gtf2i
1.29088444589183e-170	-1.2006954733477	0.529	0.839	4.16762043356176e-166	3	Maml2
1.40340981352643e-170	-0.591865910238118	0.987	0.995	4.53090858297007e-166	3	Rps6
1.58840460398873e-169	0.707801248788208	0.953	0.721	5.12816426397763e-165	3	Il2rb
4.34602501366377e-169	-1.43057365351509	0.449	0.78	1.40311417566135e-164	3	Bach2
2.38012929320463e-168	-1.26467875360795	0.03	0.408	7.68424742311116e-164	3	St8sia1
3.7206792089227e-167	0.639348587341133	0.993	0.95	1.20122128260069e-162	3	Itm2b
2.57710446525672e-166	0.752838291471662	0.935	0.679	8.32018176608131e-162	3	Ahnak
1.49162835725114e-165	0.868600748133176	0.743	0.45	4.81572215138532e-161	3	Lclat1
2.10360807345565e-164	0.536385521559503	0.992	0.977	6.79149866515157e-160	3	Arhgdib
8.60108651295258e-164	1.01179515043452	0.45	0.159	2.77686078070674e-159	3	Serpina3g
2.39433611646552e-163	0.86209689013639	0.67	0.355	7.73011415200892e-159	3	Ddit4
2.4280956995189e-162	0.861360631422808	0.713	0.38	7.83910696589678e-158	3	Cd27
3.54874375538123e-162	0.733705573948531	0.619	0.306	1.14571192142483e-157	3	Nfil3
4.88348679744604e-162	0.645812810992665	0.941	0.788	1.57663371255546e-157	3	Map1lc3b
1.04756162656773e-161	-0.525223890908721	0.995	0.995	3.38205271137392e-157	3	Rpl23a
1.71379467559789e-161	0.661949938351564	0.998	0.963	5.53298611016779e-157	3	Actg1
2.29171898981967e-161	0.672920737813584	0.948	0.836	7.39881475863282e-157	3	Gimap3
7.0120131638142e-161	-0.546717215797016	0.997	0.997	2.26382844993742e-156	3	Rpl5
5.00417467191636e-160	-1.23075307378743	0.217	0.599	1.6155977928282e-155	3	Pde3b
9.73671234640559e-160	0.841886799773273	0.928	0.72	3.14349758103705e-155	3	Ptms
5.11742595684672e-159	0.784931499804655	0.934	0.721	1.65216097016796e-154	3	AU020206
5.79770604558301e-158	0.965185032509052	0.903	0.677	1.87178939681647e-153	3	Eea1
1.6588914134716e-156	-0.416247144245387	1	1	5.35573092839306e-152	3	Rps24
7.07494060308614e-155	-0.40336128053335	1	0.999	2.28414457370636e-150	3	Rpl35a
7.20420180577637e-155	-0.751933804989865	0.884	0.955	2.3258765529949e-150	3	Celf2
1.44844339314975e-154	0.719056050134008	0.909	0.651	4.67629949478396e-150	3	Timp2
3.44515709709496e-154	-0.895667580010302	0.025	0.381	1.11226896879711e-149	3	Tgfbr3
4.9208784616893e-154	0.874558356157247	0.943	0.676	1.58870561135639e-149	3	Nt5e
8.78674754190029e-154	0.507623644463522	0.36	0.102	2.83680144390251e-149	3	Adam8
1.77456168946904e-153	-0.432660510099074	1	1	5.72917241445078e-149	3	Rpl13
5.14954518020034e-152	1.08472409929584	0.245	0.044	1.66253066142768e-147	3	Ccl3
4.8122786003449e-151	1.06907694775628	0.683	0.375	1.55364414612135e-146	3	Ighm
8.52593819746226e-151	0.585047916405865	0.991	0.899	2.75259914705069e-146	3	Sh3bgrl3
3.49339141955931e-150	-2.01929859135511	0.057	0.409	1.12784141980472e-145	3	Ms4a4b
8.9968659726802e-150	0.587818948408142	0.987	0.936	2.9046381792798e-145	3	Laptm5
1.11500014479792e-149	1.15265377906909	0.967	0.919	3.59977796748007e-145	3	Ifi27l2a
2.73192937078362e-149	-0.816474380701745	0.547	0.804	8.8200339735749e-145	3	Top2b
1.04051047914214e-147	1.05870856812708	0.781	0.484	3.35928808191039e-143	3	Tmem163
1.85323163665116e-147	0.904645630091171	0.498	0.21	5.98315833892826e-143	3	Lztfl1
1.73669257235858e-146	-1.03218082971653	0.024	0.366	5.60691196985966e-142	3	Parp8
2.28336573732557e-145	0.49995667228519	0.129	0.006	7.37184628295561e-141	3	Mmp9
2.32116366892353e-144	1.00980290287763	0.463	0.171	7.49387690511962e-140	3	Ly6a
3.39327324096709e-144	1.19485408022562	0.321	0.086	1.09551826584622e-139	3	Ccr9
3.68424712534629e-144	0.741666496210403	0.796	0.515	1.18945918441805e-139	3	Sept11
7.78419592424176e-144	0.82169830073614	0.876	0.648	2.51312765414145e-139	3	Samsn1
6.55413874802674e-143	-0.91485827969526	0.082	0.435	2.11600369480043e-138	3	Cd40lg
9.90334212519966e-143	0.497479038835487	0.317	0.086	3.19729400512071e-138	3	Metrnl
5.96782673204651e-142	0.65360374089261	0.534	0.244	1.92671286044122e-137	3	Gna15
3.89041778644253e-140	0.605281106960962	0.485	0.19	1.25602138235297e-135	3	Lats2
2.05041915818851e-139	-0.414765578236695	0.997	1	6.6197782522116e-135	3	Rps16
3.24014038463553e-139	-0.406376526812937	0.999	0.999	1.04607932317958e-134	3	Rps7
8.51155240938764e-139	-0.497799535591952	0.993	0.997	2.7479546953708e-134	3	Rps26
2.56477116569103e-138	-0.492641473456676	0.984	0.991	8.28036370843349e-134	3	Rpl14
2.94746186355588e-138	0.704403263483617	0.907	0.73	9.51588062649015e-134	3	Serinc3
3.24929959603388e-138	-0.519700570810619	0.973	0.988	1.04903637457954e-133	3	Eef1b2
3.58987169076083e-138	-0.551828606512325	0.954	0.974	1.15899007536214e-133	3	Rpl36a
9.58145185440065e-137	-1.36574549649424	0.162	0.494	3.09337173119325e-132	3	Gpr183
2.45360767301063e-136	-0.411798633441041	1	0.999	7.92147237231481e-132	3	Rps3a1
3.92816826756762e-135	0.568817236901617	0.496	0.224	1.26820912518421e-130	3	Adap1
5.58344450865393e-135	0.838604413455855	0.804	0.551	1.80261505961892e-130	3	Runx2
5.2563548167477e-134	0.628088362019854	0.53	0.253	1.697014152587e-129	3	F730043M19Rik
1.48606480724634e-132	0.645009699131751	0.877	0.594	4.7977602301948e-128	3	Atp2b4
3.1709771359557e-132	-1.32355713185035	0.205	0.543	1.0237499683433e-127	3	Tnfsf11
6.52120040361357e-132	-0.445965583646126	0.993	0.997	2.10536955030664e-127	3	Rps15
7.40690050609011e-132	0.604212073468292	0.621	0.341	2.39131782839119e-127	3	Sdcbp2
2.9289204913948e-130	0.754776384359819	0.909	0.736	9.45601980646811e-126	3	Vps54
5.8822786422946e-130	-0.943357685330081	0.052	0.374	1.89909365966481e-125	3	Tespa1
1.82489060686892e-129	-0.599097052560774	0.909	0.965	5.8916593242763e-125	3	Prrc2c
2.59717771383193e-128	0.883336054645663	0.575	0.311	8.38498824910637e-124	3	Cebpb
5.41829843467273e-128	-0.620675264777794	0.91	0.955	1.74929764963409e-123	3	Npm1
5.41843301285491e-128	0.620542473842693	0.893	0.735	1.74934109820021e-123	3	Cyb5a
2.2082150087412e-127	-0.88979660691024	0.111	0.445	7.12922215572097e-123	3	Cers6
2.54136660656334e-127	0.624860075666472	0.446	0.187	8.20480208928973e-123	3	Itih5
7.26544129884092e-127	0.568381912929749	0.472	0.21	2.34564772333079e-122	3	Tigit
1.20926938684773e-126	0.652022317399135	0.707	0.446	3.90412621543789e-122	3	Vsir
1.38864548824249e-126	0.618939185129136	0.99	0.952	4.48324195879088e-122	3	Prkch
4.8571873182553e-126	-0.386741329424952	1	1	1.56814292569872e-121	3	Rplp1
1.14560888220824e-125	-0.793280687804329	0.362	0.656	3.6985982762093e-121	3	Irf2bp2
1.27965741709849e-125	0.607434508759974	0.521	0.244	4.13137397110247e-121	3	Tmem154
1.95094659428152e-125	0.650316222791559	0.717	0.471	6.29863107963788e-121	3	Anxa11
8.34321977120321e-125	0.600780625107777	0.936	0.821	2.69360850313296e-120	3	Leprotl1
1.16820834615468e-124	0.672372500543861	0.821	0.595	3.77156064556037e-120	3	Gimap5
3.42014196240745e-124	-0.725140256264252	0.962	0.988	1.10419283256324e-119	3	Skap1
4.73229108714869e-124	0.695414859538347	0.783	0.564	1.52782017748595e-119	3	Mapkapk2
1.96013853690635e-122	0.646933783629058	0.714	0.479	6.32830726640214e-118	3	Rab11a
7.61653921043323e-121	0.608149794508951	0.519	0.231	2.45899968408837e-116	3	Arl5c
4.06642339015696e-120	-0.373159600892507	0.997	0.999	1.31284479151217e-115	3	Rps9
7.44245203350388e-119	0.503698673147944	0.961	0.86	2.40279563901673e-114	3	Selenow
8.30568333955623e-119	0.699786935981679	0.589	0.337	2.68148986617573e-114	3	Twsg1
1.29288560204678e-118	0.771959841063127	0.577	0.307	4.17408116620804e-114	3	Cd80
3.36703238554205e-117	0.574448000677269	0.914	0.779	1.08704640567225e-112	3	Selplg
1.71124674410653e-116	0.598632130357773	0.451	0.196	5.52476011334792e-112	3	Rap2a
2.10316393198554e-116	-0.687668600950394	0.12	0.437	6.79006475441533e-112	3	Cd96
6.21625814004612e-116	-0.786322262044729	0.216	0.539	2.00691894051389e-111	3	Ttc3
2.22869206577494e-115	-0.952554859168274	0.228	0.562	7.19533233435439e-111	3	Ssbp2
7.43187901294195e-115	0.624953046665497	0.738	0.512	2.39938213932831e-110	3	Crlf2
8.61877557410806e-114	-0.372199623830296	0.998	0.998	2.78257169410079e-109	3	Rpl7
1.17680457965414e-113	0.761316360435986	0.461	0.205	3.79931358541338e-109	3	Dgkh
2.63140247459726e-113	0.544721212611268	0.948	0.838	8.49548288923726e-109	3	Cyba
2.80623404247973e-113	0.424910332437447	0.993	0.99	9.05992660614582e-109	3	Pfn1
3.42690443612027e-113	0.571321872199073	0.863	0.661	1.10637609720143e-108	3	Anxa6
7.00335080321299e-113	0.568619841525593	0.641	0.369	2.26103180681731e-108	3	S1pr4
1.11723484778035e-112	0.568016131646033	0.774	0.566	3.60699270605886e-108	3	Lamtor4
1.52716601060677e-112	0.777002572348221	0.851	0.688	4.93045546524395e-108	3	Atxn7l1
1.58088856381249e-112	-0.329829395222458	0.999	1	5.10389872826862e-108	3	Rps10
9.19008283543115e-111	-0.975024626182315	0.755	0.911	2.96701824341895e-106	3	Emb
1.90787063875944e-110	-0.911227331084387	0.646	0.865	6.15956035723485e-106	3	Themis
3.71789775484658e-110	0.730784590279037	0.551	0.29	1.20032329015222e-105	3	Fam20a
6.66308395788459e-110	-0.950569630995316	0.384	0.657	2.15117665580304e-105	3	Sesn3
7.97282118222679e-109	0.575470856239807	0.881	0.707	2.57402531868192e-104	3	Itpr2
1.54788659286971e-108	0.487378380039726	0.161	0.025	4.99735186507987e-104	3	Slc17a8
2.51152033578862e-108	0.88183630838066	0.297	0.094	8.10844340409357e-104	3	Mt1
2.95554423972517e-108	0.60005759171917	0.647	0.397	9.5419745779527e-104	3	Casp3
6.75845499927047e-108	-0.413828483887648	0.994	0.997	2.18196719651447e-103	3	Rpl3
3.86804033322815e-107	-0.340347016220426	1	1	1.24879682158271e-102	3	Rps15a
6.3863997800824e-107	0.468995088760239	0.983	0.925	2.0618491689996e-102	3	Cd3e
7.83192139843749e-107	0.391289757651636	0.282	0.084	2.52853582348554e-102	3	Gbp3
8.78898596073594e-107	0.459486560984317	0.451	0.206	2.8375241174236e-102	3	1700017B05Rik
1.26624937197739e-106	0.409816732543854	0.295	0.095	4.08808609742902e-102	3	Slc36a3os
3.84678568221892e-106	-1.11641127162734	0.219	0.512	1.24193475750438e-101	3	Tbc1d4
4.44040641792839e-106	0.713508419305647	0.657	0.415	1.43358521202818e-101	3	Got1
9.06366879926411e-106	0.830728676785117	0.679	0.423	2.92620547184242e-101	3	Cysltr2
2.95932872239711e-105	-0.752023655102368	0.797	0.913	9.55419278025907e-101	3	Hivep2
1.97476249355108e-104	-0.433833693138669	0.971	0.984	6.37552071042966e-100	3	Rpl4
2.39180967784599e-103	0.655928290535502	0.761	0.533	7.72195754492577e-99	3	Trp53inp1
3.3043475652435e-102	-0.343132840445624	0.999	0.998	1.06680861143886e-97	3	Rpl26
1.3969389677374e-101	-0.532439455531919	0.975	0.987	4.5100174573402e-97	3	Hsp90ab1
2.90259003830004e-101	0.662433930133831	0.874	0.698	9.37101193865167e-97	3	Ipcef1
2.91650417143336e-101	-0.423753866305013	0.987	0.992	9.41593371747262e-97	3	Rps18
4.07623753308324e-101	0.335193619681201	0.199	0.043	1.31601328755592e-96	3	Kctd12
7.07807421954802e-101	0.543733590545278	0.945	0.818	2.28515626178108e-96	3	Pkm
1.80945778701961e-100	0.495361415827194	1	0.998	5.84183446539282e-96	3	Rpl39
3.39471260874066e-100	-0.836130808751096	0.286	0.57	1.09598296573192e-95	3	Pcgf5
8.9264283806333e-100	0.54793399435362	0.421	0.179	2.88189740268746e-95	3	4930417O13Rik
2.78794068960395e-99	0.504167516174002	0.969	0.906	9.00086651638634e-95	3	Ptpn18
3.55504313635487e-99	0.341099429271045	0.28	0.091	1.14774567657217e-94	3	Bspry
6.95463901490302e-99	0.571774067286709	0.679	0.457	2.24530520596144e-94	3	Rhof
1.04004650191515e-98	-2.01190958456848	0.145	0.414	3.35779013143305e-94	3	Nrgn
1.26606080334144e-98	-0.60574198366013	0.132	0.429	4.08747730358784e-94	3	Mtss1
3.94980093668637e-98	0.408449878305387	0.997	0.987	1.27519323240919e-93	3	Ubb
1.61350706541153e-97	0.708951689699575	0.61	0.365	5.20920756068113e-93	3	Gm13684
2.50527069761826e-97	-0.648814436402068	0.517	0.752	8.08826644726055e-93	3	Med13l
6.13110297843641e-97	0.465753411251018	0.983	0.932	1.9794265965882e-92	3	Cytip
1.23923366163802e-96	0.763497351719842	0.759	0.56	4.00086587659835e-92	3	Peak1
5.41960201994682e-96	-0.275409815947137	0.999	0.999	1.74971851213983e-91	3	Rplp2
1.03896016420202e-95	-0.40790310379134	0.991	0.997	3.35428289012623e-91	3	Rpl10a
1.222311580617e-95	0.526543711016274	0.871	0.736	3.94623293802199e-91	3	Scand1
3.31725911175414e-95	-0.75052725397816	0.249	0.529	1.07097710422982e-90	3	Mgat5
6.3448443766054e-95	0.323952247005291	0.167	0.031	2.04843300698705e-90	3	Pde2a
2.16026394612843e-94	-0.993311303373671	0.605	0.771	6.97441215007563e-90	3	Smc4
2.78913535132112e-94	0.547630956612292	0.723	0.451	9.00472348174022e-90	3	Ppp3ca
5.46639721732819e-94	0.518183135399704	0.898	0.752	1.76482634161441e-89	3	Sema4d
8.75885562460679e-94	0.569914706794047	0.647	0.419	2.8277965384043e-89	3	Ehd1
1.06918255643813e-93	-0.278873456845831	1	1	3.4518558834605e-89	3	Rpl23
2.5259513896113e-93	-0.666860331747615	0.369	0.651	8.15503406136008e-89	3	Nlrc5
2.60131529229071e-93	-0.309157163637575	1	1	8.39834642116057e-89	3	Eef1a1
2.79421767527137e-93	-0.46711848756834	0.893	0.948	9.02113176461362e-89	3	Pabpc1
2.90814947330189e-93	0.561756581730468	0.891	0.761	9.38896057455516e-89	3	Psme2
9.2695332915372e-92	0.510770543337156	0.771	0.582	2.99266882317279e-87	3	Txndc17
1.41859522121641e-91	-0.716006036686998	0.505	0.732	4.57993467169719e-87	3	Chd7
2.31762236198937e-91	-0.329326211592002	0.999	0.999	7.48244379568269e-87	3	mt-Co3
3.2467837531008e-91	0.49042935546187	0.893	0.753	1.04822413468859e-86	3	Cap1
6.07533472036076e-91	-0.591708923054159	0.494	0.717	1.96142181446847e-86	3	Chd1
1.72521688964465e-90	-0.303966569346485	0.999	0.999	5.56986272821774e-86	3	Rpl17
1.72591548414131e-90	0.578952336814612	0.626	0.402	5.57211814055021e-86	3	Atf6
2.3105670905429e-90	0.408676346320183	0.993	0.964	7.45966585181776e-86	3	Myl6
2.71970005215457e-90	-0.787590445733361	0.119	0.385	8.78055161838103e-86	3	Tox2
4.51755741137003e-90	0.760107980172447	0.793	0.629	1.45849341026081e-85	3	Cux1
8.91515330918543e-90	-0.857389754534632	0.069	0.325	2.87825724587052e-85	3	4933406I18Rik
3.2499661481987e-89	-0.80591977341379	0.569	0.78	1.04925157094595e-84	3	Slc9a9
3.41057922131574e-89	0.478706800889033	1	0.999	1.10110550160179e-84	3	Malat1
4.10499881055307e-89	-0.337423936848194	0.996	0.997	1.32529886598706e-84	3	Rpl6
4.87900618719433e-89	-0.403237780941226	0.979	0.985	1.57518714753569e-84	3	Rpl35
5.78089665857503e-89	-0.782353073796369	0.057	0.305	1.86636248622095e-84	3	Ccr7
8.94165429734414e-89	0.548178378785893	0.913	0.773	2.88681308989755e-84	3	Inpp5d
1.02722405328061e-88	0.575743984040584	0.767	0.532	3.31639285601644e-84	3	Anxa2
1.08602904285641e-88	0.420291622669337	0.307	0.115	3.50624476486191e-84	3	Frmd4b
1.17255695718522e-88	0.464827067718371	0.965	0.907	3.78560013627248e-84	3	Ppp1r12a
1.198215101619e-88	0.456112558255523	0.897	0.68	3.86843745557695e-84	3	D16Ertd472e
1.54481419139133e-88	0.673999357881665	0.515	0.295	4.98743261690691e-84	3	Angptl2
2.4603425193495e-88	0.694913356302931	0.713	0.531	7.94321582371987e-84	3	Pkp3
2.62751446649761e-88	0.487304081887778	0.512	0.281	8.48293045508752e-84	3	Bcl3
3.44122953318381e-88	-0.290616377448171	0.998	1	1.11100095478839e-83	3	Rpl27a
4.01418904659298e-88	-0.880981943676684	0.984	0.992	1.29598093369254e-83	3	Arhgap15
7.14809757242997e-88	0.323564698846514	0.254	0.081	2.30776330125902e-83	3	Il12rb1
2.96865028794403e-87	0.766235111199957	0.755	0.554	9.58428745462731e-83	3	Cdk6
4.91953091038687e-87	0.367077443976457	0.991	0.974	1.5882705544184e-82	3	Coro1a
1.21224958346891e-86	0.741620617101732	0.745	0.519	3.91374778022936e-82	3	Airn
2.1944200268785e-86	-0.710661515630734	0.072	0.321	7.08468505677724e-82	3	Btla
4.42193849567992e-86	0.628246692450603	0.401	0.186	1.42762284333026e-81	3	Hopx
1.7365722329931e-85	-0.755880705056945	0.351	0.612	5.60652345421822e-81	3	Fchsd2
3.76009007740129e-85	-0.605961795689387	0.843	0.894	1.21394508148901e-80	3	Clint1
4.41884727777678e-85	0.4975603965327	0.85	0.694	1.42662484363023e-80	3	Zdhhc18
5.86707449963949e-85	0.580126059555072	0.533	0.32	1.89418500220861e-80	3	Zfp52
8.53181305685904e-85	0.472879381782356	0.997	0.976	2.75449584540694e-80	3	Cd3g
8.62032168566136e-85	0.470616248240535	0.845	0.669	2.78307085621577e-80	3	Tmem160
8.70025814197762e-85	0.504074952301037	0.659	0.453	2.80887834113747e-80	3	Snx20
1.00873782041246e-84	0.484885973441799	0.674	0.44	3.25671005320162e-80	3	Podnl1
2.51981377594838e-84	0.62400946258945	0.677	0.469	8.13521877564935e-80	3	Raph1
3.51546047406679e-84	-0.70147915479011	0.075	0.319	1.13496641405246e-79	3	Gm49180
8.35237373311756e-84	-0.321498411903289	1	0.999	2.696563859737e-79	3	Rps23
1.31249269358788e-83	0.487461548402511	0.569	0.349	4.23738266124846e-79	3	Glipr2
1.44522023777702e-83	0.466948102067497	0.941	0.785	4.66589353766312e-79	3	Tpm4
1.58111035597091e-83	0.351008336895691	1	1	5.1046147842521e-79	3	Actb
4.56937015512087e-83	-0.833183111240388	0.574	0.754	1.47522115458077e-78	3	Stat4
4.62052789084378e-83	-0.60776804864406	0.218	0.493	1.49173742955891e-78	3	Ralgps2
5.06047864323984e-83	-0.779641225880042	0.195	0.457	1.63377552996998e-78	3	Cd226
5.24488209015172e-83	-0.512070910978282	0.843	0.907	1.69331018280548e-78	3	Eef1g
8.16451490422131e-83	-0.915157091508985	0.093	0.342	2.63591363682785e-78	3	Ccr6
2.91748392560644e-82	0.560781481579286	0.641	0.438	9.41909685382039e-78	3	Tnfrsf13b
4.50310045940634e-82	0.374078207301728	0.212	0.06	1.45382598331934e-77	3	Gpr155
2.48950736876376e-81	-1.14869753706047	0.383	0.59	8.0373745400538e-77	3	Igfbp7
2.79482039580435e-81	0.547025118173989	0.915	0.782	9.02307764785433e-77	3	Fli1
5.39215359172294e-81	0.457479559666505	0.906	0.79	1.74085678708775e-76	3	Abracl
1.40602204174911e-80	0.382750892329227	0.512	0.255	4.539342161787e-76	3	Ifi209
2.17494687906852e-80	0.375312579491855	0.975	0.922	7.0218159990727e-76	3	Cdc42
2.94234016045438e-80	0.558922566123422	0.325	0.135	9.49934520802696e-76	3	Myo3b
4.54638360128388e-80	-0.536640121503513	0.247	0.513	1.4677999456745e-75	3	Ino80
8.37750067503129e-80	-0.695474835055321	0.528	0.742	2.70467609293385e-75	3	Slco3a1
4.52466595231082e-79	-0.852326892789774	0.33	0.562	1.46078840270355e-74	3	Atp10a
5.48692059232228e-79	0.55488976017904	0.564	0.336	1.77145231323125e-74	3	Hivep3
7.67497962617707e-79	0.418449457550189	0.271	0.097	2.47786717231127e-74	3	2210408F21Rik
1.81971852661173e-78	-0.690195572237509	0.039	0.26	5.87496126316596e-74	3	Ust
2.270544461658e-78	0.594132752258532	0.585	0.356	7.33045279446285e-74	3	Coro2a
3.96806360632501e-78	-0.611280113120631	0.619	0.767	1.28108933530203e-73	3	Eml4
9.64164034426034e-78	0.471372296182618	0.793	0.602	3.11280358514445e-73	3	Cst3
1.57717613710424e-77	-0.52510059307722	0.02	0.229	5.09191315864104e-73	3	Pdlim1
1.90060266052963e-77	0.447791174670833	0.961	0.876	6.1360956895199e-73	3	Sept7
2.11916138354401e-77	-0.815642612751632	0.555	0.693	6.84171252677184e-73	3	Bhlhe40
4.65651016172912e-77	0.425027762684684	0.935	0.847	1.50335430571425e-72	3	Tln1
1.35710867985475e-76	-0.600084762035508	0.548	0.769	4.38142537291105e-72	3	Pecam1
1.48652539603973e-76	0.652690581359763	0.68	0.474	4.79924724111426e-72	3	Gm45716
3.00445470690852e-76	-0.347939995141858	0.989	0.992	9.69988202125415e-72	3	Rpl10
4.9530703325088e-76	0.539367384074737	0.667	0.45	1.59909875685047e-71	3	Myo1f
8.27252144206921e-76	-0.296540041651276	0.999	0.998	2.67078354757204e-71	3	mt-Atp6
1.84864471461101e-75	-0.79061486736543	0.373	0.619	5.96834946112163e-71	3	Gramd3
1.90808699821885e-75	0.559116734672975	0.713	0.538	6.16025887374954e-71	3	Plaat3
2.53725745440458e-75	-0.798483302201035	0.116	0.35	8.19153569154519e-71	3	Diaph3
3.24643025945495e-75	0.404811172998894	0.975	0.9	1.04811000926503e-70	3	Fnbp1
4.02388880165051e-75	0.345341459361473	0.286	0.113	1.29911249961287e-70	3	Klc3
5.98114694716989e-75	0.399836139216511	0.925	0.808	1.9310132918938e-70	3	Rac1
6.06575428381443e-75	-1.34486232395811	0.558	0.691	1.95832877052949e-70	3	St6galnac3
6.92546864391437e-75	0.441224549980747	0.925	0.818	2.23588755168775e-70	3	Mbd2
1.33251517680397e-74	0.482875541678131	0.782	0.567	4.30202524831163e-70	3	Rilpl2
5.58440296944337e-74	-0.470150437052306	0.078	0.307	1.80292449868479e-69	3	Sorl1
1.12507833629239e-73	-0.540055505528129	0.151	0.399	3.63231540871998e-69	3	Kcnmb4
1.15747620681153e-73	0.81142801608228	0.478	0.262	3.73691193369104e-69	3	Ikzf2
1.21436743949659e-73	0.652455767499357	0.143	0.03	3.92058527841475e-69	3	Fmnl2
1.2251931143544e-73	-0.629907501220062	0.009	0.203	3.95553596969319e-69	3	A630014C17Rik
1.2592006450325e-73	-0.418223554388147	0.019	0.219	4.06532928248742e-69	3	Gm31718
1.62862444313948e-73	-0.581431540224852	0.125	0.365	5.25801401467583e-69	3	Nmrk1
1.68993802547768e-73	-0.527701339295172	0.326	0.566	5.4559649152547e-69	3	B4galnt1
1.84613655203575e-73	-0.749185946491277	0.089	0.315	5.96025185824743e-69	3	Ntrk3
1.89851624217304e-73	0.756161230336768	0.813	0.637	6.12935968785567e-69	3	Odc1
2.60560912081927e-73	0.501434483900416	0.685	0.483	8.41220904656502e-69	3	Spata13
2.62418638892943e-73	0.316940363768149	1	1	8.47218575665866e-69	3	Tmsb4x
2.69675085622929e-73	-0.512505638822216	0.177	0.426	8.70646013933625e-69	3	Map3k14
8.30966224093706e-73	0.435712334381463	0.696	0.506	2.68277445448653e-68	3	1110008P14Rik
9.38523136125941e-73	0.406791443967777	0.358	0.167	3.0300219449826e-68	3	F2r
9.50832281401113e-73	0.383495904413974	0.964	0.894	3.06976202050349e-68	3	Atp5e
3.66339065308522e-72	-0.664853481935456	0.164	0.403	1.18272567234856e-67	3	Bzw2
4.53840532862377e-72	0.460976391981619	0.927	0.831	1.46522416034618e-67	3	Saraf
5.79517501093241e-72	0.360314851020096	0.99	0.971	1.87097225227953e-67	3	Cd3d
5.84518317259716e-72	0.399185508507333	0.926	0.793	1.88711738727299e-67	3	Prkar1a
9.36901038621924e-72	-0.291254877504675	0.997	0.998	3.02478500319088e-67	3	Rps28
2.33185829836793e-71	0.379702586937662	0.952	0.847	7.52840451628087e-67	3	Ppp1ca
3.66999788659478e-71	-0.791842016235009	0.307	0.542	1.18485881768713e-66	3	Prkcb
4.05959213386774e-71	0.330080371352783	0.51	0.281	1.3106393204192e-66	3	Gbp7
6.04298215341348e-71	-0.552868647967267	0.33	0.575	1.95097678822954e-66	3	Vps13a
8.25472273826345e-71	0.567746176853677	0.691	0.514	2.66503723604835e-66	3	Aplp2
1.26748690010095e-70	0.440152067597432	0.603	0.41	4.09208145697593e-66	3	Acot9
2.90903174314605e-70	0.42644160100355	0.936	0.832	9.39180898274703e-66	3	Gimap1
4.10574286492684e-70	0.816612689047925	0.541	0.354	1.32553908394163e-65	3	Sh3rf1
4.85113390500339e-70	0.38349833858128	0.253	0.096	1.56618858123034e-65	3	Slc37a2
5.13124254496231e-70	-0.800123495420573	0.239	0.476	1.65662165564108e-65	3	Cmah
5.45938918518716e-70	-0.670010334890207	0.023	0.217	1.76256379843767e-65	3	Tcrg-C2
6.01975314169e-70	-0.65933091935252	0.245	0.489	1.94347730179462e-65	3	Tasp1
6.70837717180804e-70	-0.596363542760058	0.149	0.38	2.16579956991822e-65	3	Shld1
9.97454174452299e-70	-0.812767247045834	0.008	0.193	3.22028080221925e-65	3	Tnfsf8
1.85805690863899e-69	0.341049726585791	0.984	0.933	5.99873672954098e-65	3	Rac2
2.324210071118e-69	0.453396589001635	0.677	0.482	7.50371221460448e-65	3	Galnt6
3.69518926397932e-69	0.445938450787004	0.882	0.752	1.19299185387572e-64	3	Emp3
5.50806614533389e-69	-0.531476035511921	0.766	0.854	1.77827915502105e-64	3	Hsp90aa1
9.7839428099705e-69	0.415138560001309	0.252	0.093	3.15874593619898e-64	3	Rin2
2.34726600797594e-68	0.377585778379025	0.471	0.261	7.57814830675033e-64	3	Isg20
3.2102987497418e-68	-0.484419230590849	0.261	0.503	1.03644495135414e-63	3	Ccdc50
3.5882385048404e-68	0.59553521065422	0.884	0.768	1.15846280128772e-63	3	Foxo1
4.90289008667111e-68	0.481928799549588	0.701	0.495	1.58289806448177e-63	3	A430093F15Rik
1.16613362253522e-67	0.548555016258851	0.761	0.584	3.76486240035496e-63	3	Glcci1
1.25406673063861e-67	-0.285559849741325	0.999	0.998	4.04875443986675e-63	3	Rpl9
1.51863565329639e-67	0.415218366031946	0.811	0.621	4.90291520666739e-63	3	Ctsd
1.59530788732505e-67	0.559505909533987	0.749	0.567	5.15045151422892e-63	3	Mmd
1.59536066813283e-67	0.549886568520716	0.568	0.365	5.15062191706683e-63	3	Hilpda
1.81090578829254e-67	0.505578679323311	0.626	0.431	5.84650933750246e-63	3	Rab27a
3.1011288055209e-67	0.540195936784669	0.681	0.49	1.00119943486242e-62	3	Irf1
4.26591877014115e-67	0.363399411205453	0.973	0.89	1.37725187494007e-62	3	Arpc1b
6.99083672647057e-67	0.425947138484126	0.899	0.784	2.25699163714102e-62	3	Cnn2
7.3625197889689e-67	0.405522419291006	0.879	0.721	2.37698951386861e-62	3	Ndufb7
7.76059051892801e-67	-1.28816471850346	0.141	0.345	2.50550664903591e-62	3	Scml4
7.81491796984337e-67	0.336089150268336	0.981	0.921	2.52304626656393e-62	3	Gnai2
1.49275529888514e-66	0.493371647674123	0.675	0.487	4.81936048245068e-62	3	Igf2r
2.32013908814144e-66	0.547998005745316	0.919	0.797	7.49056904606465e-62	3	Arid5b
4.93375102749628e-66	-0.423907955175557	0.081	0.294	1.59286151922718e-61	3	Tspan3
6.79016591220614e-66	0.398244801508354	0.861	0.7	2.19220506475575e-61	3	Vamp8
7.36101240790275e-66	0.635305952832839	0.838	0.728	2.3765028558914e-61	3	Srpk2
9.04374528086542e-66	-0.70311562898366	0.051	0.249	2.9197731639274e-61	3	Plxdc2
9.67552110903964e-66	-0.678834257857727	0.897	0.947	3.12374199005345e-61	3	Camk1d
1.52946684505286e-65	-0.556456740590619	0.671	0.802	4.93788370925316e-61	3	Map4k4
1.83841595315428e-65	0.377156561208192	0.959	0.842	5.93532590475858e-61	3	Elob
2.27086021379944e-65	0.487896336045779	0.739	0.561	7.3314722002515e-61	3	Ubald2
2.82443129489498e-65	0.419844171922732	0.754	0.609	9.11867643556843e-61	3	Tbc1d10c
3.93201003138518e-65	0.622105278492851	0.714	0.534	1.2694494386327e-60	3	Dusp16
6.44168760459104e-65	0.30056207907308	0.226	0.081	2.07969884314222e-60	3	Dnajb13
7.93346052572116e-65	-0.480648461114798	0.655	0.805	2.56131773072908e-60	3	Senp6
1.58219138507317e-64	-0.669741555318617	0.386	0.585	5.10810488670872e-60	3	Atad2
1.79565716111129e-64	0.449007964051819	0.511	0.32	5.79727914464779e-60	3	Skap2
2.11150899447265e-64	-0.51097330925032	0.686	0.823	6.81700678865496e-60	3	Kmt2a
3.41615563361909e-64	-0.567126281168389	0.377	0.596	1.10290584631392e-59	3	Mbp
3.49646099005991e-64	-0.56673414619624	0.141	0.364	1.12883243064084e-59	3	Lta
4.2153928631344e-64	0.472638114555125	0.574	0.388	1.36093958586294e-59	3	Mapre2
8.48207568352688e-64	-0.458071073575056	0.957	0.975	2.73843813442665e-59	3	mt-Nd2
9.92986935899121e-64	0.339055021274626	0.223	0.078	3.20585832255031e-59	3	Prf1
1.10840212100258e-63	0.381735456943379	0.937	0.759	3.57847624765684e-59	3	Ikzf3
4.84630821061986e-63	0.434948097268983	0.956	0.909	1.56463060579862e-58	3	Zc3hav1
5.0023469588927e-63	0.426649630761771	0.803	0.658	1.61500771567851e-58	3	Chmp2a
5.67636127450795e-63	-0.689230318607613	0.3	0.524	1.83261323747489e-58	3	Asap1
6.92340985428341e-63	0.422413994085622	0.717	0.537	2.2352228714554e-58	3	Ech1
8.30438136858252e-63	-0.716441325851412	0.38	0.615	2.68106952484687e-58	3	Abtb2
1.94662721548122e-62	0.50411230931064	0.898	0.766	6.28468596518111e-58	3	Zswim6
2.26394698398154e-62	-0.513998790101997	0.156	0.377	7.3091528377844e-58	3	Zhx2
3.04386042546638e-62	0.380519236304874	0.895	0.771	9.82710338361821e-58	3	Gabarap
3.40901686195785e-62	0.414878987638655	0.466	0.281	1.10060109388309e-57	3	Trp53i11
3.47709599704876e-62	-0.624572073315996	0.003	0.166	1.12258044264719e-57	3	Nsg2
4.45252601557288e-62	-0.673802055432486	0.753	0.868	1.4374980241277e-57	3	Mllt3
6.80682010374885e-62	0.400389435153244	0.707	0.526	2.19758187049532e-57	3	Cflar
7.21727594030938e-62	-0.625493048455607	0.116	0.329	2.33009753732888e-57	3	Nebl
7.57208288159038e-62	0.416933758611662	0.937	0.825	2.44464695832146e-57	3	Diaph1
8.6330556886997e-62	0.73463019313622	0.703	0.511	2.7871820290967e-57	3	Lgals3
9.82823004396791e-62	0.508819659894558	0.901	0.767	3.17304406969504e-57	3	Rab8b
1.43906914194368e-61	-0.491514102487433	0.221	0.445	4.64603472476517e-57	3	Fgfr1op
1.72998825102095e-61	0.399682951049388	0.925	0.817	5.58526706842114e-57	3	Sept1
2.0891790768435e-61	0.495363272006958	0.828	0.67	6.74491464958926e-57	3	Lrrc8c
2.95096019104459e-61	0.394273580740438	0.939	0.829	9.52717497678746e-57	3	Ptpn1
3.13067796644659e-61	0.423780906050563	0.795	0.635	1.01073938146728e-56	3	Fam3c
3.15045504107246e-61	-0.439900085773938	0.24	0.474	1.01712441001024e-56	3	Sp110
3.24664586710189e-61	0.413872167362977	0.422	0.244	1.04817961819384e-56	3	Nmb
4.32030505302457e-61	0.417065332732556	0.546	0.356	1.39481048636898e-56	3	Sla2
5.68584435346789e-61	0.458579467773899	0.739	0.578	1.83567484951711e-56	3	Hdac7
6.23780967641405e-61	-0.903854712002781	0.697	0.828	2.01387685403028e-56	3	Prkcq
6.80035217131374e-61	0.458158694559266	0.871	0.753	2.19549369850864e-56	3	Retreg1
7.19694119892712e-61	0.401525246244215	0.651	0.444	2.32353246607362e-56	3	Slc16a6
1.11734553274582e-60	-0.967127994040361	0.144	0.351	3.60735005246989e-56	3	Hist1h4d
1.34664110860834e-60	0.413227564929512	0.527	0.354	4.34763081914202e-56	3	Ctsz
2.53311704610464e-60	0.408523732082548	0.712	0.548	8.17816838334883e-56	3	Sys1
2.82799049737205e-60	-0.788016741548753	0.455	0.629	9.13016732076567e-56	3	Gramd1b
3.09471856363162e-60	-0.520628148588613	0.747	0.85	9.9912988826847e-56	3	4932438A13Rik
3.1793297897762e-60	0.389235504738482	0.868	0.708	1.02644662262925e-55	3	Prelid1
3.27599680965857e-60	0.416691126276302	0.876	0.767	1.05765556999827e-55	3	Wdr26
4.24105819345033e-60	0.341164741141067	0.228	0.086	1.36922563775544e-55	3	Ston2
6.51646534946202e-60	0.393282810631932	0.673	0.51	2.10384083807381e-55	3	Nucb1
7.71730949441637e-60	0.332975984440815	0.949	0.858	2.49153337027233e-55	3	Arf5
1.0382257427446e-59	0.308360968041443	0.989	0.954	3.35191181045095e-55	3	Cfl1
1.14211261363989e-59	-0.867220996484097	0.082	0.275	3.68731057313638e-55	3	St6gal1
1.78318899800743e-59	-0.607765160141065	0.373	0.584	5.75702568006699e-55	3	Card11
1.81903527836572e-59	-0.639136653644609	0.262	0.486	5.87275539620371e-55	3	Lrig1
2.51221288094855e-59	-0.658934135586923	0.333	0.524	8.11067928614239e-55	3	Tmpo
2.54602978821947e-59	0.314191383217934	0.292	0.134	8.21985717126656e-55	3	Pmm1
4.182857743867e-59	-0.569375318650689	0.509	0.684	1.35043562260746e-54	3	Rnf19a
4.27528668585872e-59	-0.273329795104632	0.996	0.999	1.38027630652949e-54	3	Rps5
5.13608185856912e-59	0.350272882792414	0.937	0.827	1.65818402803904e-54	3	Cox6b1
5.75247587518344e-59	-0.275240815226853	1	1	1.85718683630297e-54	3	Rplp0
6.31253659088717e-59	0.353465393009415	0.981	0.898	2.03800243836792e-54	3	Gapdh
1.15418793447159e-58	0.31745595682935	0.31	0.146	3.72629574644153e-54	3	Gm15655
1.16039426522015e-58	-0.360655614344572	0.927	0.951	3.74633288526325e-54	3	Gm10260
2.06914709778273e-58	0.39560077111297	0.659	0.49	6.68024140519155e-54	3	Mrpl54
3.88507230789189e-58	-0.684586694185781	0.357	0.546	1.2542955946029e-53	3	Bcl2a1d
5.622426601021e-58	0.4717346357488	0.783	0.644	1.81520042813963e-53	3	Asxl1
7.69782734890597e-58	0.428769346100505	0.681	0.522	2.48524355959429e-53	3	Ppdpf
1.86972848170636e-57	0.643677915488275	0.501	0.323	6.03641840318898e-53	3	Ern1
2.54734937504707e-57	0.376583501454228	0.863	0.753	8.22411745733948e-53	3	H2-T23
2.65621928040173e-57	0.312753768962434	0.492	0.291	8.57560394677698e-53	3	Ifi47
2.99614613529499e-57	0.339673851767237	0.926	0.832	9.67305779779988e-53	3	Atp5d
4.30074804064156e-57	0.4592621661136	0.603	0.417	1.38849650492113e-52	3	Pik3c2a
5.84814025624524e-57	0.465626074985195	0.533	0.353	1.88807208172878e-52	3	Slc43a2
8.51921066260727e-57	0.371944441514295	0.94	0.822	2.75042716242276e-52	3	Ubl5
8.58877466611788e-57	-0.79442238707237	0.223	0.413	2.77288590095616e-52	3	Tuba1b
9.95772438452504e-57	0.348618863683254	0.183	0.062	3.21485131754391e-52	3	Havcr2
1.88134588988176e-56	-0.327230619737881	0.019	0.181	6.07392520548327e-52	3	Prr5l
2.94191873358643e-56	-0.49000395996784	0.541	0.692	9.49798463138378e-52	3	Hspe1
3.04812507344557e-56	-0.875361678170693	0.5	0.631	9.84087179961902e-52	3	Nr4a3
3.17754173904635e-56	-0.536378974747197	0.491	0.684	1.02586935045111e-51	3	Pde7a
5.71937708158786e-56	-0.61572955439245	0.275	0.492	1.84650089079064e-51	3	Rgcc
7.76031890085939e-56	-0.532756123725937	0.522	0.702	2.50541895714245e-51	3	Smc6
8.38772662889329e-56	0.340333826864487	0.964	0.886	2.7079775421382e-51	3	Arpc3
9.07740009397446e-56	0.385257581940592	0.799	0.581	2.93063862033965e-51	3	Osbpl3
9.49810454808738e-56	0.403338716345549	0.669	0.508	3.06646305335001e-51	3	AI662270
1.38866845899648e-55	0.426320746303926	0.869	0.734	4.48331611987013e-51	3	Ubl3
1.65788379972269e-55	0.438493592601515	0.884	0.742	5.3524778474047e-51	3	Atp2b1
2.25632052205378e-55	0.364567236625437	0.579	0.408	7.28453080545062e-51	3	Rps6ka1
3.24572901019193e-55	-0.78898721337628	0.369	0.578	1.04788361094047e-50	3	Thada
4.50334448417773e-55	0.466599846556125	0.613	0.434	1.45390476671678e-50	3	Batf
1.00875548661881e-54	0.407345202648411	0.855	0.725	3.25676708854884e-50	3	Krtcap2
1.18916930869124e-54	-0.550266312192133	0.879	0.933	3.83923311310968e-50	3	Utrn
1.30846839274417e-54	0.380693707518354	0.702	0.546	4.22439020597457e-50	3	Mien1
1.60585693195088e-54	-0.426386928488364	0.071	0.254	5.18450910480341e-50	3	Gypc
2.33663987904476e-54	0.425622066557485	0.761	0.609	7.54384184949602e-50	3	Ypel3
3.02425615943854e-54	0.471040440042019	0.523	0.344	9.76381101074734e-50	3	Ass1
3.37804875534193e-54	-0.41638143365208	0.222	0.432	1.09060304066214e-49	3	Arid5a
6.05821832419461e-54	0.428267143759741	0.497	0.323	1.95589578596623e-49	3	Tent5c
1.15125789760241e-53	0.433842236785512	0.709	0.577	3.71683612240939e-49	3	Spcs1
1.23699618598491e-53	0.362447249621265	0.767	0.635	3.99364218645228e-49	3	Tapbp
1.7920219999265e-53	-0.267752566082719	0.011	0.162	5.7855430267627e-49	3	Vipr2
2.38896713027135e-53	0.35810210504951	0.938	0.759	7.71278038008107e-49	3	Arhgap31
5.27606700892599e-53	0.452091778657209	0.439	0.266	1.70337823383176e-48	3	Snx18
9.25808357587853e-53	-0.45009476456457	0.653	0.759	2.98897228247238e-48	3	Kras
1.11070752525322e-52	-0.62921109790292	0.049	0.215	3.58591924528003e-48	3	Patj
1.115995965136e-52	0.347097686561074	0.491	0.311	3.60299297344157e-48	3	Eid1
1.2769313226965e-52	0.342259174705644	0.925	0.835	4.12257277532566e-48	3	Cd53
2.26402734855027e-52	0.3062089732883	0.991	0.918	7.30941229479454e-48	3	Ndfip1
2.41263423103687e-52	-0.45991754691698	0.011	0.158	7.78918961490253e-48	3	Tcrg-C1
3.13528016379146e-52	-0.279139815546897	1	0.999	1.01222520088007e-47	3	Rps12
3.42239494934466e-52	-0.967693981702845	0.457	0.636	1.10492020939592e-47	3	Satb1
5.54970793752188e-52	0.352975591642951	0.509	0.343	1.79172320762894e-47	3	Plp2
6.01239073734244e-52	0.390538878709376	0.546	0.346	1.94110034955101e-47	3	Tcp11l2
6.3562962071379e-52	-0.419085564326071	0.048	0.214	2.05213023047447e-47	3	Ifngr2
6.61712211580593e-52	0.351494224345011	0.885	0.759	2.13633787508795e-47	3	D8Ertd738e
6.91437894974544e-52	0.489654385205334	0.665	0.502	2.23230724392532e-47	3	Mdfic
1.0655960032246e-51	0.445368417920872	0.569	0.398	3.44027669641063e-47	3	Tec
1.71776531764006e-51	-0.603048788137328	0.017	0.166	5.54580532800095e-47	3	Nusap1
1.90448036234849e-51	-0.538142967470192	0.451	0.64	6.1486148498421e-47	3	Tbc1d1
3.24716303811548e-51	0.375552943246294	0.766	0.611	1.04834658685558e-46	3	Ptpn7
3.60495947068967e-51	0.367351279967665	0.877	0.775	1.16386116511216e-46	3	Chmp4b
4.11462978372378e-51	0.377386225764521	0.443	0.281	1.32840822567522e-46	3	Mafg
4.31844427637949e-51	-0.617101499836299	0.433	0.587	1.39420973462912e-46	3	Anp32e
5.14352031524161e-51	0.436764405230831	0.739	0.599	1.66058553377575e-46	3	Snx5
6.1272301180752e-51	-0.497147439255402	0.115	0.303	1.97817624362058e-46	3	Plod2
6.25556289559459e-51	-0.314274933075428	0.059	0.232	2.01960848084271e-46	3	Bard1
7.45640157862937e-51	0.357714649413498	0.805	0.669	2.40729924966049e-46	3	Hcls1
8.30489113796294e-51	0.361799655027425	0.754	0.595	2.68123410389134e-46	3	Uqcr11
8.62322418704435e-51	0.355412673004003	0.518	0.347	2.78400792878727e-46	3	Dok2
8.71664483779206e-51	0.294972165654056	0.957	0.749	2.81416878588117e-46	3	Atxn1
1.14006593671382e-50	0.298718626003781	0.997	0.992	3.68070287668056e-46	3	H2-D1
1.55698867568025e-50	0.368408003211818	0.419	0.251	5.02673793943368e-46	3	Psen2
1.67406921169538e-50	0.433854315304792	0.761	0.606	5.40473244995853e-46	3	Traf1
1.87650259007029e-50	0.56920158210027	0.477	0.304	6.05828861204193e-46	3	Srgap3
2.01373089068548e-50	0.295288918756939	0.349	0.188	6.50133018057808e-46	3	Sytl1
2.21494255851003e-50	0.326477643890101	0.312	0.158	7.15094205014964e-46	3	Arhgef10
2.47870599492052e-50	-0.642290695981941	0.89	0.932	8.0025023046009e-46	3	Ikzf1
2.99196006171794e-50	-0.603065491291971	0.363	0.544	9.65954305925637e-46	3	Ctsw
3.42745060628989e-50	0.451672344021308	0.508	0.348	1.10655242824069e-45	3	Igflr1
3.56088090234081e-50	0.455863354374795	0.695	0.544	1.14963039932073e-45	3	Neat1
4.07570874636757e-50	-0.506943946318839	0.121	0.306	1.31584256876477e-45	3	Bcl6
5.06220518860329e-50	-0.347113843753594	0.861	0.89	1.63433294514057e-45	3	Hnrnpa0
5.30418879354747e-50	-0.577569330558743	0.525	0.691	1.7124573519968e-45	3	Epb41
7.35970769739672e-50	0.35545031217751	0.92	0.843	2.37608163010453e-45	3	Iqgap1
9.18525762058383e-50	-0.48898612023613	0.143	0.332	2.96546042280549e-45	3	Cd200
1.0129294235473e-49	0.387721204511472	0.771	0.645	3.27024264392245e-45	3	Arl6ip5
1.19127325039744e-49	-0.498114786033957	0.529	0.701	3.84602568890812e-45	3	Tbl1x
1.48490792257901e-49	-0.530599076914297	0.749	0.852	4.79402522804632e-45	3	Camk4
1.66691251298455e-49	-0.617001114929057	0.017	0.159	5.38162704817061e-45	3	Rapgef4
2.24746691233315e-49	0.301108557446178	0.141	0.042	7.25594692646758e-45	3	Serpina3f
2.83060119206556e-49	0.353407126721155	0.826	0.656	9.13859594858365e-45	3	Galnt2
3.94391163186477e-49	-0.492921293411648	0.097	0.273	1.27329187034754e-44	3	Vdr
4.30405762316312e-49	0.348107288295145	0.815	0.682	1.38956500363821e-44	3	Atox1
4.42130878860244e-49	0.332026298369187	0.793	0.655	1.4274195424003e-44	3	Ppp1r18
5.82250418560551e-49	-0.320630404106686	0.039	0.196	1.87979547632274e-44	3	Clec2i
6.01156876507885e-49	0.319263529682991	0.931	0.827	1.94083497580571e-44	3	Capzb
8.67872388360435e-49	-0.517306963314103	0.375	0.574	2.80192600582166e-44	3	Arhgap26
1.12703317399849e-48	0.396141638192856	0.906	0.768	3.63862660225411e-44	3	Nfkbia
1.17226213890582e-48	0.317184790281209	0.383	0.229	3.78464831545745e-44	3	Dhrs1
1.41558308352006e-48	-0.593042138238568	0.231	0.424	4.57020998514453e-44	3	Dusp10
1.91000125767026e-48	-0.338083369843209	0.015	0.155	6.16643906038842e-44	3	Tcrg-C4
2.03844194491147e-48	0.382103841349259	0.706	0.552	6.58110981914667e-44	3	Flna
2.17484386617989e-48	-0.417416308185992	0.061	0.223	7.02148342196176e-44	3	Kif15
2.37433470819962e-48	0.38185326391353	0.712	0.539	7.66553960542248e-44	3	Dusp4
2.76167608997649e-48	0.332622940024077	0.547	0.38	8.91607125648909e-44	3	Tpst2
4.51979324042405e-48	0.433689161597191	0.92	0.837	1.4592152476709e-43	3	Smg6
7.49674195213867e-48	-0.454803411219853	0.189	0.381	2.42032313924797e-43	3	Mfhas1
8.38687322519312e-48	0.478089090072068	0.486	0.312	2.7077020207536e-43	3	Cdkn1a
9.38629763078672e-48	0.336194586830841	0.943	0.848	3.03036619009949e-43	3	Mier1
1.13174538603487e-47	-0.501712452553265	0.117	0.295	3.65383997881359e-43	3	Bicdl1
1.27079696218118e-47	0.567306848668866	0.685	0.554	4.10276799240193e-43	3	Kat6b
1.43500804095585e-47	-0.257410039287769	0.03	0.179	4.63292346022595e-43	3	Fgf2
1.48111321860408e-47	-0.398188735753719	0.785	0.841	4.78177402626328e-43	3	Set
2.09782070038605e-47	0.438189393055596	0.478	0.319	6.77281413119637e-43	3	Wdfy2
2.38579265956483e-47	-0.265278531483925	0.999	0.998	7.70253160140506e-43	3	Rps27
2.49807944335617e-47	0.386792984909379	0.586	0.415	8.0650494828754e-43	3	Arhgap10
2.72128772231361e-47	-0.251414075308754	0.991	0.99	8.78567741148948e-43	3	Rpl29
3.40637087949096e-47	0.371013271168332	0.32	0.171	1.09974683844366e-42	3	Pqlc1
3.49496913256795e-47	0.40910427918256	0.383	0.229	1.12835078444956e-42	3	Bcr
5.41259017300398e-47	0.398782147553365	0.75	0.612	1.74745473735434e-42	3	Tmem123
8.14676634641207e-47	0.317294406772244	0.275	0.136	2.63018351493914e-42	3	Ctla2b
8.74357819215407e-47	-0.485382237368987	0.324	0.516	2.82286421933694e-42	3	Elmsan1
1.05358908240726e-46	0.429866307608729	0.567	0.4	3.40151235255184e-42	3	Phlda1
1.10295859141685e-46	0.348103380307833	0.464	0.3	3.56090181238929e-42	3	Acsbg1
1.22926459597825e-46	-0.461606178287249	0.021	0.16	3.96868074811578e-42	3	Trgv2
1.3445811373962e-46	0.427710711589024	0.165	0.059	4.34098020208364e-42	3	Gm48236
1.60489416567584e-46	0.30870598767968	0.947	0.796	5.18140081388444e-42	3	Sla
1.73225722522367e-46	0.337971856718289	0.714	0.541	5.59259245163462e-42	3	Tspan32
2.01677330188948e-46	-0.485047166131235	0.075	0.235	6.51115260515018e-42	3	Cks1b
2.08696622969803e-46	-0.659296310096987	0.474	0.648	6.7377704725801e-42	3	Gm20275
2.0960667013416e-46	0.378814836559936	0.813	0.672	6.76715134528135e-42	3	Smpdl3a
2.39197954444938e-46	0.397626209919159	0.61	0.452	7.72250595925482e-42	3	Zbtb38
2.65774807480973e-46	-0.486690827121453	0.031	0.173	8.58053965952321e-42	3	Tpx2
2.88931118374637e-46	-0.531379765752809	0.433	0.605	9.32814115672516e-42	3	Sh2d1a
3.67327452489836e-46	0.309248132248741	0.949	0.858	1.18591668036344e-41	3	Tspo
4.84926258671049e-46	0.417749362422476	0.363	0.208	1.56558442611948e-41	3	Cobll1
5.11722256539141e-46	-0.314089628363174	0.095	0.269	1.65209530523662e-41	3	Sestd1
9.34358613218829e-46	0.401769714953075	0.551	0.379	3.01657678277699e-41	3	Igtp
1.00164367772093e-45	0.365991367785521	0.847	0.709	3.23380661352204e-41	3	Ccnd2
1.10519331702685e-45	0.360882093472921	0.554	0.407	3.5681166240212e-41	3	Cdipt
1.36704928094822e-45	0.314740853165597	0.892	0.776	4.41351860354133e-41	3	Uqcrq
1.62634750341733e-45	0.32482720444717	0.405	0.246	5.25066291478285e-41	3	Panx1
2.04275052882815e-45	0.331771742494405	0.392	0.241	6.5950200823217e-41	3	Dstn
2.53399983466954e-45	0.304623444074904	0.209	0.088	8.1810184662306e-41	3	Sccpdh
3.01928354368663e-45	0.356932746712829	0.328	0.177	9.74775692079227e-41	3	A330023F24Rik
3.23115835104964e-45	0.321956772095925	0.972	0.948	1.04317947363638e-40	3	Sh3kbp1
3.53085709284287e-45	0.697594334222604	0.435	0.273	1.13993721242432e-40	3	Il1r1
3.88723437190808e-45	-0.404923936843781	0.13	0.305	1.25499361697052e-40	3	Dtl
4.18957019712946e-45	0.401012956485328	0.772	0.639	1.35260273814324e-40	3	Rrbp1
4.28251400941929e-45	0.308990081044316	0.977	0.896	1.38260964794102e-40	3	Lcp1
5.37184467729092e-45	0.407001327526675	0.761	0.612	1.73430005406337e-40	3	Map3k5
5.45954278923408e-45	-1.96455022271127	0.167	0.33	1.76261338950422e-40	3	Il17a
6.09547985377104e-45	0.369296289032495	0.765	0.628	1.96792567078998e-40	3	Gpx1
6.11282179407584e-45	-0.945880469580162	0.08	0.233	1.97352451621739e-40	3	Pclaf
6.25518231733582e-45	-0.713301585989186	0.235	0.414	2.01948561115187e-40	3	Slfn1
6.74704072967076e-45	0.341443840901487	0.88	0.769	2.1782820995742e-40	3	Hnrnpl
7.41123864355659e-45	-0.431206405465008	0.024	0.16	2.39271839607224e-40	3	Knl1
7.43948297063303e-45	-0.667217637405939	0.167	0.332	2.40183707706888e-40	3	Smc2
7.66231309034299e-45	-0.439711229648513	0.687	0.815	2.47377778121723e-40	3	Arid1b
8.89839545531194e-45	-0.377082612613702	0.31	0.511	2.87284697274746e-40	3	Rcc2
9.81215844853655e-45	-0.524919231222027	0.793	0.872	3.16785535511003e-40	3	Smchd1
1.01583436681453e-44	0.367006066784613	0.567	0.42	3.27962125326071e-40	3	Phf11b
1.10197637457123e-44	0.318144553578952	0.919	0.817	3.55773072530321e-40	3	Atp5j2
2.36591181093832e-44	-0.441745903822	0.557	0.699	7.63834628161436e-40	3	Slc38a1
2.37079471113598e-44	0.265735851903251	0.215	0.094	7.65411072490251e-40	3	2210011C24Rik
2.70584689640187e-44	0.449847708391894	0.397	0.241	8.73582670503344e-40	3	Icam1
2.87331699028916e-44	0.295837952492467	0.335	0.183	9.27650390314855e-40	3	Tapbpl
3.31032085466035e-44	-0.551217054692283	0.276	0.463	1.06873708792709e-39	3	Trim12a
3.34573354228603e-44	-0.75452144128624	0.87	0.878	1.08017007412704e-39	3	H2afz
4.30861879738343e-44	0.356306456012493	0.416	0.263	1.39103757873524e-39	3	Gm5547
4.67285944636104e-44	-0.471031979037028	0.312	0.5	1.50863267225766e-39	3	Slc7a1
5.62231720752216e-44	0.423367768633605	0.786	0.667	1.81516511044853e-39	3	Mtmr3
6.05557926038365e-44	-0.404885049725462	0.434	0.619	1.95504376421486e-39	3	Dnajc3
6.35371150773517e-44	0.322969888348808	0.666	0.51	2.0512957602723e-39	3	Sirt2
6.82326360797855e-44	0.349580588971706	0.684	0.544	2.20289065583588e-39	3	Atp6v1e1
7.78214938495199e-44	0.504561221888711	0.338	0.189	2.51246692893175e-39	3	Elovl6
8.99054068158457e-44	0.344549591697902	0.353	0.204	2.90259605904958e-39	3	Sema4b
1.22850477119912e-43	-0.698416618430926	0.246	0.417	3.96622765381635e-39	3	Actn1
1.30441940560731e-43	-0.511925854966822	0.263	0.454	4.2113180510032e-39	3	Kcnq1ot1
1.60034582534558e-43	0.470090471226856	0.69	0.564	5.16671649712821e-39	3	Fbxw11
1.6035793599076e-43	-0.520364988227893	0.211	0.39	5.1771559634617e-39	3	Zfp652
1.63962562185798e-43	0.349695992795829	0.825	0.704	5.29353132016849e-39	3	Vasp
1.64023287177982e-43	-0.406591750557696	0.251	0.446	5.29549182654116e-39	3	Stt3b
1.98805579744911e-43	-0.383931490097717	0.201	0.383	6.41843814206444e-39	3	Cbx5
1.99622193462405e-43	0.307353094487289	0.933	0.819	6.44480251593373e-39	3	Ndufa13
2.01726323072015e-43	-0.485854919489875	0.099	0.259	6.51273434038002e-39	3	Il6ra
2.86486256658637e-43	0.509725017616806	0.577	0.428	9.24920879622408e-39	3	Mast4
3.07822399329919e-43	-0.382211004870292	0.414	0.599	9.93804616236644e-39	3	Nop10
3.51896637922709e-43	-0.285154290919461	0.025	0.159	1.13609829553347e-38	3	Hdgfl3
3.75786758800265e-43	-0.442817601226293	0.819	0.896	1.21322755078666e-38	3	Mycbp2
3.8006584222169e-43	0.282402284695786	0.974	0.901	1.22704257161273e-38	3	Cox8a
4.32916543097316e-43	0.427336646928029	0.467	0.313	1.39767105938969e-38	3	Ets2
8.08896310030325e-43	-0.362051718082903	0.163	0.347	2.6115217369329e-38	3	Fkbp5
8.17774272057778e-43	-0.426371779692356	0.011	0.133	2.64018423733853e-38	3	Mob3b
8.70857137380234e-43	-0.651958855661188	0.368	0.546	2.81156226803209e-38	3	Arhgef3
9.09541704498139e-43	-0.40310231173683	0.723	0.822	2.93645539297224e-38	3	Susd6
9.49772148616985e-43	0.314278891785689	0.336	0.198	3.06633938180993e-38	3	Grn
1.04097952788089e-42	0.285632470122664	0.987	0.972	3.36080240576344e-38	3	Ets1
1.05752634495533e-42	-0.400233362049959	0.512	0.65	3.41422380468828e-38	3	Suz12
1.17569203370915e-42	0.350111140792088	0.756	0.568	3.79572173082999e-38	3	Litaf
1.50952781903845e-42	-0.455721334995216	0.838	0.889	4.87351056376564e-38	3	Mir142hg
1.57514029202869e-42	0.368349856972189	0.867	0.744	5.08534043281464e-38	3	Cox17
2.50148144493101e-42	0.337273069376576	0.906	0.805	8.07603284495975e-38	3	Gnb1
4.60017281166269e-42	0.348700178064303	0.751	0.619	1.4851657922453e-37	3	Add3
5.8634508386192e-42	-0.508308176759091	0.509	0.661	1.89301510324821e-37	3	Clasp2
1.16406861737864e-41	-0.286879774716768	0.083	0.241	3.75819553120695e-37	3	Tnfrsf25
1.19772248564748e-41	-0.392191995264574	0.618	0.73	3.86684704491289e-37	3	Itgal
1.55846750492191e-41	0.395580308085056	0.463	0.307	5.03151233964038e-37	3	Gpr65
1.74039815430814e-41	0.252670292587528	0.208	0.092	5.61887544118383e-37	3	Atxn7l1os1
1.80345166171452e-41	0.318992580208372	0.436	0.291	5.82244368984534e-37	3	Capn2
1.86779375112552e-41	-0.458067965795653	0.884	0.857	6.03017212550874e-37	3	Gdi2
2.17257305531371e-41	-0.476109298805506	0.153	0.323	7.01415210908032e-37	3	Nt5dc3
2.21215307102204e-41	-0.44622998222282	0.771	0.861	7.14193618979467e-37	3	Znrf1
2.2241584590652e-41	-0.660774841245987	0.122	0.279	7.18069558509201e-37	3	Galnt10
2.23978834159144e-41	-0.484755570630278	0.573	0.723	7.23115666082798e-37	3	Ubac2
2.78414278966153e-41	-0.40068919499232	0.747	0.836	8.98860499642224e-37	3	Osbpl8
3.0803519819355e-41	-0.48715769311637	0.085	0.242	9.94491637367877e-37	3	Pkp4
3.68469692035448e-41	-0.541259352590167	0.038	0.175	1.18960440073644e-36	3	Immp2l
3.82452968681777e-41	0.401649427772706	0.683	0.537	1.23474940938912e-36	3	Pacs1
4.08173478242047e-41	0.338493630117401	0.426	0.255	1.31778807450445e-36	3	Trib2
5.15269003872115e-41	0.422980879361865	0.63	0.494	1.66354597900112e-36	3	Mrps6
5.59373834234386e-41	0.354830366135072	0.916	0.834	1.80593842382571e-36	3	Fam169b
5.7243667994149e-41	0.304406404175674	0.832	0.704	1.8481118211911e-36	3	Fis1
7.14930382674013e-41	-0.298141699618174	0.022	0.148	2.30815274046305e-36	3	Cit
1.11992196509949e-40	-0.280510907002223	0.979	0.981	3.61566806432372e-36	3	mt-Nd1
1.18452712831311e-40	-0.359080352645904	0.161	0.337	3.82424583375887e-36	3	Vax2
1.41806989709964e-40	0.274578568717308	0.365	0.219	4.57823866278619e-36	3	Rara
1.42953394278839e-40	-0.406805600228131	0.639	0.763	4.61525033429232e-36	3	Lrch1
1.76820497263418e-40	0.410103278207563	0.894	0.782	5.70864975414947e-36	3	Fbxo11
1.89371992562267e-40	0.313280596850099	0.979	0.943	6.11387477987278e-36	3	Pitpnc1
2.31353606015831e-40	-0.541340657622729	0.675	0.755	7.46925117022111e-36	3	Ube2s
2.86194974281915e-40	0.391156756960282	0.861	0.744	9.23980474469162e-36	3	Baz1a
2.97336475528688e-40	0.294085470946178	0.429	0.273	9.59950811244368e-36	3	Il4ra
3.47933611416938e-40	-0.338919619825579	0.016	0.136	1.12330366445958e-35	3	Neil3
3.92422077748267e-40	-0.438306973538279	0.036	0.169	1.26693467801028e-35	3	Ar
4.01835894878419e-40	-0.379315161854887	0.021	0.144	1.29732718661498e-35	3	Fam49a
4.46608171705099e-40	0.363751664781649	0.731	0.607	1.44187448234991e-35	3	Paxbp1
4.70887086821759e-40	-0.334126029057517	0.201	0.384	1.52025895980405e-35	3	Ap1s2
4.7811053938752e-40	-0.515563708894612	0.02	0.141	1.54357987641261e-35	3	Nedd4l
5.50176060083556e-40	-0.335916097761686	0.023	0.146	1.77624340997976e-35	3	Treml2
6.09888215061066e-40	0.318765212643744	0.787	0.671	1.96902410232465e-35	3	Cd37
6.24617417645618e-40	0.328279876683194	0.791	0.659	2.01657733286888e-35	3	Cyth4
7.66917120445229e-40	-0.357705504266892	0.059	0.202	2.47599192335742e-35	3	Focad
1.04342039521833e-39	-0.338768788523292	0.022	0.145	3.36868274596237e-35	3	Cd160
1.0638714329464e-39	-0.447845326256297	0.619	0.714	3.43470892126744e-35	3	Nap1l1
1.40712404981317e-39	-0.537569124328747	0.644	0.724	4.54289999482182e-35	3	Med14
1.55197751389009e-39	-0.363510697340677	0.817	0.836	5.01055940359417e-35	3	Calm2
1.90853327807105e-39	-0.274317561872401	0.014	0.13	6.1616996882524e-35	3	Jaml
1.98587690201222e-39	0.322999419989405	0.616	0.492	6.41140357814646e-35	3	Aup1
1.99646770668448e-39	0.329021770013546	0.796	0.692	6.44559599103084e-35	3	Dazap2
2.21414367725171e-39	-0.296532636901382	0.019	0.14	7.14836286200716e-35	3	Kif4
2.37797271444407e-39	0.33193218142774	0.569	0.396	7.6772849085827e-35	3	Cish
2.44116761971988e-39	0.303718853973067	0.643	0.507	7.88130966026562e-35	3	Lamtor5
2.71774833765604e-39	-1.07679778189759	0.229	0.388	8.77425050812252e-35	3	Top2a
3.18753700245058e-39	-0.771499202719175	0.009	0.122	1.02909632124117e-34	3	Fgf13
4.13066965976479e-39	0.360675472857499	0.774	0.632	1.33358669965506e-34	3	Tex2
4.42533362799601e-39	-0.384365575795274	0.069	0.216	1.42871896179851e-34	3	Dip2c
5.19515739090228e-39	0.292718770794032	0.244	0.121	1.6772565636528e-34	3	Galc
5.30832609761161e-39	-0.360100730162616	0.035	0.162	1.71379308061391e-34	3	Clspn
5.44100498696723e-39	0.366309705665029	0.813	0.694	1.75662846004237e-34	3	Prdx1
5.45034292417814e-39	-0.394421539495832	0.03	0.156	1.75964321307091e-34	3	Cenpp
5.5163963199364e-39	0.357765076530811	0.509	0.373	1.78096855189147e-34	3	Ctnna1
5.58817260324654e-39	0.324844059831219	0.739	0.624	1.80414152495815e-34	3	Lrp10
7.14155268939765e-39	0.342469349121218	0.157	0.059	2.30565028577203e-34	3	Rap1gap2
7.36213342281063e-39	-0.521918772099075	0.269	0.434	2.37686477555441e-34	3	Cks2
7.89624329345267e-39	0.369670676396025	0.915	0.833	2.54930214729119e-34	3	Ubc
8.16901754741758e-39	0.320267039075024	0.559	0.424	2.63736731518376e-34	3	Snapc5
8.57116489407063e-39	0.397943226401032	0.378	0.234	2.7672005860507e-34	3	Gnaq
1.05646708671587e-38	-0.469899845650996	0.157	0.32	3.41080398946218e-34	3	Il18rap
1.09787308476682e-38	0.305376275217804	0.762	0.629	3.54448325416967e-34	3	Rbms1
1.17341481905213e-38	-0.359026851178458	0.197	0.367	3.78836974330981e-34	3	Hjurp
1.38724106252354e-38	0.272842114755774	0.131	0.044	4.47870777035725e-34	3	Rapgef5
2.11817917832035e-38	-0.313153048349472	0.157	0.331	6.83854147720725e-34	3	Golim4
2.2947504203325e-38	0.348417247006321	0.611	0.47	7.40860173204347e-34	3	Gpr68
2.70307921098146e-38	-0.336393032625029	0.133	0.297	8.72689123265364e-34	3	Cyth3
3.18462198617408e-38	-0.295956328760007	0.045	0.176	1.0281552082363e-33	3	Asf1b
4.23670112489151e-38	0.312196243691687	0.933	0.855	1.36781895817123e-33	3	Ldha
4.31355650515845e-38	-0.410512619204697	0.088	0.238	1.39263171769041e-33	3	Prkce
5.66755216747094e-38	0.3120137938481	0.429	0.283	1.82976921726799e-33	3	Ggta1
6.28868378333505e-38	0.312703393626211	0.489	0.34	2.03030155944972e-33	3	Setd1b
7.97458320651737e-38	-0.598283443791818	0.439	0.576	2.57459418822413e-33	3	Dut
9.06526916095427e-38	-0.709096063521549	0.25	0.427	2.92672214861409e-33	3	Adk
9.77051368646718e-38	-0.351840011889272	0.035	0.159	3.15441034367593e-33	3	Cdk1
1.14159092102174e-37	-0.45134267624647	0.761	0.778	3.68562628851868e-33	3	Ostf1
1.22550396797277e-37	0.357437934314426	0.605	0.473	3.95653956060008e-33	3	Efhd2
1.453278659731e-37	-0.480904246131397	0.051	0.182	4.69191015294154e-33	3	Kif11
2.13439528050686e-37	0.275535839057582	0.233	0.117	6.89089516311639e-33	3	Zfp948
2.50608003294942e-37	-0.673697445913141	0.755	0.844	8.09087938637721e-33	3	Cdk8
3.12607634248599e-37	-0.376841610079945	0.387	0.556	1.0092537471716e-32	3	Pds5b
3.126350440482e-37	0.400534231654322	0.679	0.551	1.00934223970961e-32	3	Tmem135
3.37734619196882e-37	-0.37446934516841	0.501	0.668	1.09037621807713e-32	3	Atad2b
3.87822724118865e-37	-0.32299277181389	0.225	0.407	1.25208566481776e-32	3	Stk26
4.61429914910706e-37	0.278089537465356	0.915	0.815	1.48972648028921e-32	3	Sem1
4.89496372064649e-37	-0.410433524464259	0.347	0.513	1.58033903721072e-32	3	Fam162a
6.59370475860803e-37	-0.316335378882455	0.021	0.135	2.1287775813166e-32	3	Ccna2
7.15090927706542e-37	-0.446076045077353	0.153	0.308	2.30867106010057e-32	3	Fam78a
7.29051579128105e-37	0.296061278513676	0.871	0.764	2.35374302321509e-32	3	Srp14
7.3276930512408e-37	-0.46464099731101	0.047	0.178	2.36574570159309e-32	3	Slc16a10
7.95754587295807e-37	-0.580696195565568	0.073	0.206	2.56909368508451e-32	3	Cdca8
8.53910442592996e-37	0.367727073240536	0.661	0.539	2.75684986391149e-32	3	Arhgap25
8.75834670736813e-37	0.327302035635297	0.759	0.651	2.8276322344738e-32	3	Psmd8
9.10508902428262e-37	0.308015654460919	0.841	0.721	2.93957799148964e-32	3	Apobec3
9.49291915581253e-37	-0.39188751184228	0.327	0.497	3.06478894945408e-32	3	Rif1
9.54359557655026e-37	0.340793139367058	0.91	0.832	3.08114983188925e-32	3	Ube2h
1.06450142464616e-36	0.310104717975281	0.87	0.775	3.43674284947013e-32	3	Grb2
1.07815519420621e-36	0.255011599346332	0.963	0.888	3.48082404449473e-32	3	Arl6ip1
1.23135777904959e-36	-0.48767249448424	0.057	0.188	3.97543858966159e-32	3	Cenpe
1.3037112874984e-36	-0.413384862213288	0.209	0.379	4.20903189168857e-32	3	Kif1b
1.40987062313248e-36	0.275392120842898	0.936	0.844	4.55176730678321e-32	3	Ppib
1.43938937458926e-36	0.322083423379135	0.759	0.642	4.64706859586144e-32	3	Cltc
1.60194162794828e-36	0.324618480249958	0.869	0.783	5.17186854583102e-32	3	Ppp2ca
1.87809083420998e-36	0.324511340151694	0.889	0.767	6.06341625824693e-32	3	Sec61g
1.96664376172918e-36	-0.378193845718614	0.783	0.859	6.34930938474264e-32	3	Dock8
2.09344314370479e-36	-1.18635374800335	0.246	0.38	6.75868118945093e-32	3	Stmn1
2.20737783825279e-36	-0.312704053024051	0.848	0.905	7.12651935079914e-32	3	Birc6
2.76053960390585e-36	0.309940947721441	0.659	0.544	8.91240211121003e-32	3	Rtf2
3.13072952145657e-36	-0.405301093660961	0.273	0.448	1.01075602600225e-31	3	Galnt7
3.30412795362809e-36	-0.400784425816548	0.012	0.119	1.06673770982883e-31	3	B630019A10Rik
3.64008452685754e-36	0.364855840974794	0.595	0.462	1.17520128949596e-31	3	Ube4b
4.19425243304703e-36	-1.16111303758642	0.633	0.762	1.35411439800923e-31	3	Foxp1
5.49978369799788e-36	0.361399861696317	0.825	0.708	1.77560516689862e-31	3	Col4a3bp
5.84434972898664e-36	-0.335092742517622	0.431	0.597	1.88684831000334e-31	3	Thoc7
6.69306419459944e-36	-0.265669547435161	0.089	0.239	2.16085577522643e-31	3	Ptpn3
7.786862964955e-36	0.354754682991748	0.593	0.45	2.51398870823572e-31	3	Cited2
8.34436584538794e-36	0.350666365870084	0.813	0.664	2.6939785131835e-31	3	Rab43
9.11174857213225e-36	-0.316518543254383	0.171	0.336	2.9417280265129e-31	3	Cxcr4
1.0401771011071e-35	0.275394115400065	0.227	0.112	3.35821177092426e-31	3	Cass4
1.13945003860771e-35	0.400717562065892	0.574	0.452	3.678714449645e-31	3	Upf3b
1.2341573002785e-35	-0.354786822999287	0.409	0.567	3.98447684394914e-31	3	Rexo2
1.27629740274344e-35	0.351506468016159	0.627	0.474	4.1205261647572e-31	3	Chst11
1.43321351902612e-35	-0.365669019301634	0.011	0.116	4.62712984617581e-31	3	Prrg1
1.66473334351329e-35	-0.333175786087107	0.496	0.633	5.37459159953266e-31	3	Pebp1
1.71286684986986e-35	-0.269392229273672	0.039	0.161	5.52999062480486e-31	3	Ncapg2
1.80422386259818e-35	-1.82043043114363	0.073	0.203	5.82493674039823e-31	3	Hist1h1b
2.01901955796662e-35	0.315171751446619	0.763	0.655	6.51840464289524e-31	3	Fgfr1op2
2.83890813703002e-35	-0.41724617447295	0.303	0.474	9.16541492040143e-31	3	Usp24
3.1751228528888e-35	0.350350451667151	0.875	0.767	1.02508841305515e-30	3	Hcst
3.59740732851679e-35	0.407347579346187	0.807	0.684	1.16142295601165e-30	3	Fam117b
4.09701600156819e-35	-0.554811137801474	0.14	0.287	1.32272161610629e-30	3	Ift80
4.26443446549458e-35	0.314323769724558	0.563	0.436	1.37677266718492e-30	3	Eva1b
4.85056779836139e-35	-0.358921075463169	0.017	0.125	1.56600581370097e-30	3	Hmmr
5.61407695108019e-35	0.27567521390495	0.893	0.793	1.81250474365624e-30	3	Supt4a
7.00097654605707e-35	0.34456050701498	0.531	0.379	2.26026527789452e-30	3	AA467197
7.25408307315315e-35	-0.373257430977633	0.486	0.645	2.34198072016749e-30	3	Mat2a
8.30252923224125e-35	-0.345764368311045	0.129	0.281	2.68047156262909e-30	3	Aig1
9.18933995794886e-35	0.307948812820032	0.267	0.148	2.96677840542379e-30	3	Acot11
1.01522754451224e-34	-0.338495585665338	0.125	0.274	3.27766212745777e-30	3	Cd9
1.09787481692826e-34	-0.531739214078958	0.592	0.681	3.54448884645289e-30	3	Nucks1
1.11738013228152e-34	0.288125376797074	0.609	0.476	3.60746175707089e-30	3	March2
1.40249771463494e-34	0.280243428864039	0.327	0.197	4.5279638716989e-30	3	Cpped1
1.61711505399374e-34	-0.346931298443797	0.191	0.356	5.22085595181878e-30	3	Plscr1
1.87618134073267e-34	-0.417203124856261	0.773	0.859	6.05725145855542e-30	3	Tcf12
2.0254908044542e-34	-0.255428177761354	0.018	0.125	6.53929706218037e-30	3	Klhl3
2.03390246814072e-34	0.317228275746131	0.521	0.388	6.56645411839231e-30	3	Unc119
2.16186867345333e-34	-0.304349095124186	0.118	0.267	6.97959301224408e-30	3	Sh3bp5
2.47353666566219e-34	-0.531115997423503	0.149	0.296	7.9858131250904e-30	3	H2afx
2.50077219142544e-34	-0.416463261498958	0.515	0.657	8.07374302001705e-30	3	Tlk1
3.12150798103173e-34	-0.37939472900645	0.667	0.792	1.00777885167609e-29	3	Smg1
3.13805794197275e-34	-0.575687313823596	0.106	0.246	1.0131220065659e-29	3	Ablim3
3.76414447637628e-34	-0.480146615477701	0.301	0.466	1.21525404419808e-29	3	Rfx3
7.25726722225786e-34	-0.328860110341831	0.665	0.774	2.34300872270595e-29	3	Sept6
9.238662962241e-34	-0.340676095298859	0.303	0.472	2.98270233735951e-29	3	Carnmt1
9.409107216966e-34	-0.431605227463869	0.513	0.666	3.03773026499747e-29	3	Nlk
9.60321344785603e-34	-0.353241177269361	0.005	0.101	3.10039746164032e-29	3	Atp1b1
1.1092234919184e-33	-0.341508931682083	0.129	0.276	3.58112804365856e-29	3	Hmgn1
1.2581999311103e-33	0.473637665415158	0.419	0.291	4.06209847758959e-29	3	Oxr1
1.27161276301518e-33	-0.692513835438516	0.075	0.201	4.1054018053945e-29	3	Birc5
1.32371843796422e-33	-0.39207341149046	0.77	0.847	4.27362497696749e-29	3	Pdcd4
1.41249872131218e-33	0.267537683584294	0.705	0.59	4.56025212175636e-29	3	Gimap8
1.57913828271035e-33	-0.269219362363026	0.149	0.307	5.09824794573037e-29	3	Fam111a
1.67448456317392e-33	-0.370281055533872	0.38	0.543	5.40607341220699e-29	3	Smim14
2.75547899683733e-33	-0.409044681939456	0.689	0.795	8.89606394128933e-29	3	Dock11
3.44376477302475e-33	0.340191023396025	0.559	0.437	1.11181945697104e-28	3	Naa20
3.51516869974957e-33	-0.508513723485098	0.046	0.164	1.13487221471415e-28	3	A330040F15Rik
3.70872193330574e-33	0.333754103846011	0.371	0.238	1.19736087616776e-28	3	Ccr4
3.80492751155648e-33	0.31351694223037	0.673	0.56	1.22842084710601e-28	3	Plec
4.17240397530342e-33	0.252389552418181	0.968	0.891	1.34706062342671e-28	3	Rap1a
4.62604470755027e-33	-0.346306278578841	0.358	0.522	1.49351853383261e-28	3	Gramd1a
4.72590074215567e-33	0.320183417769794	0.982	0.96	1.52575705460496e-28	3	Cd247
5.69555485744841e-33	-0.403196256715495	0.799	0.857	1.83880988572722e-28	3	Exoc4
5.7441743722069e-33	-0.282387842613851	0.049	0.168	1.854506696067e-28	3	Spc24
5.96967909803407e-33	0.269569526178313	0.379	0.24	1.9273108968003e-28	3	Vamp1
6.01475354576279e-33	0.343781489244354	0.721	0.616	1.94186318224952e-28	3	Hbs1l
6.03362347464951e-33	-0.371681341100859	0.345	0.511	1.94795533879059e-28	3	Chd9
6.0462220246983e-33	-0.347256352319292	0.218	0.379	1.95202278067385e-28	3	Mfsd6
6.2836057982176e-33	-0.314108636494674	0.034	0.146	2.02866213195455e-28	3	Map2k6
7.05984250535962e-33	0.447917635428905	0.695	0.576	2.27927015285535e-28	3	Adam19
9.66747281814815e-33	0.377636378044807	0.565	0.449	3.12114359933913e-28	3	Ppp1r15a
9.76495866372634e-33	-0.398438477281375	0.011	0.107	3.15261690458405e-28	3	Trat1
1.02995053872846e-32	0.273414442042021	0.483	0.35	3.32519531428484e-28	3	Pld3
1.09048089711723e-32	-0.340235976503335	0.322	0.487	3.52061757634299e-28	3	Prkacb
1.29774998945364e-32	0.254620753804808	0.957	0.916	4.18978584095109e-28	3	Pak2
1.38992933705597e-32	0.29822805254675	0.37	0.239	4.48738686468519e-28	3	Arhgef12
1.62398172098203e-32	0.425230999741025	0.467	0.33	5.24302498619048e-28	3	Tbx21
2.22387078292289e-32	0.301445894673842	0.227	0.117	7.17976682266656e-28	3	Tnfrsf8
2.26624482947691e-32	-0.286366103489573	0.191	0.35	7.3165714319662e-28	3	Lgals3bp
2.29583488187634e-32	-0.341485794566906	0.512	0.644	7.41210291613775e-28	3	Rdx
2.57977909318846e-32	-1.5345867660005	0.312	0.431	8.32881680235893e-28	3	Gm2682
3.18933739893853e-32	0.286437114013185	0.761	0.646	1.0296775792473e-27	3	Arpc4
3.63779942722609e-32	0.371708030804027	0.676	0.573	1.17446354507994e-27	3	Osbpl9
4.03172400427097e-32	-0.343143680880832	0.591	0.71	1.30164209477888e-27	3	Hp1bp3
4.20696985294772e-32	0.272027353755333	0.727	0.563	1.35822021702417e-27	3	Dgat1
5.35155321056976e-32	0.264721669184905	0.424	0.298	1.72774895403245e-27	3	BC004004
5.37306078577067e-32	-0.524269880849479	0.069	0.193	1.73469267468606e-27	3	Sidt1
5.64346362028189e-32	-0.826469530448459	0.589	0.661	1.82199222980801e-27	3	Il18r1
6.12000977212092e-32	0.26042037580207	0.384	0.252	1.97584515492924e-27	3	Eif4e3
6.69940917645552e-32	-0.253308864618422	0.083	0.215	2.16290425261866e-27	3	Ehd3
6.78353788686578e-32	-0.332286777816492	0.199	0.357	2.19006520677462e-27	3	Mdn1
7.5662872361975e-32	0.285613539917183	0.725	0.615	2.44277583420636e-27	3	Rab8a
7.84159731338885e-32	0.257562946838227	0.637	0.501	2.53165969262759e-27	3	Gimap9
7.93298984343644e-32	-0.310367900916155	0.308	0.464	2.56116577095345e-27	3	Kmt5a
9.31678817353721e-32	-0.409508890945359	0.825	0.838	3.00792506182649e-27	3	Anp32b
9.33672021359167e-32	0.269029816208307	0.845	0.734	3.01436012095807e-27	3	Fkbp1a
9.56436046305718e-32	-0.480815986067573	0.975	0.979	3.08785377549801e-27	3	Inpp4b
1.00440422442154e-31	0.302945514678806	0.931	0.776	3.24271903854494e-27	3	Kdm2b
1.10937019122329e-31	-0.446919489773637	0.341	0.485	3.58160166236439e-27	3	Ezh2
1.23586411512552e-31	0.325524299887533	0.507	0.382	3.98998729568273e-27	3	Fem1c
1.27442034052101e-31	-0.484292349027216	0.067	0.186	4.11446606937208e-27	3	Klf3
1.5436851871532e-31	0.270353927069383	0.85	0.758	4.9837876267241e-27	3	Irf2
1.69789081281142e-31	-0.252217406533894	0.037	0.148	5.48164048916166e-27	3	Brip1
1.90850643443161e-31	0.273825506029868	0.729	0.611	6.16161302356246e-27	3	Ap2s1
2.17243337312554e-31	0.252073246485851	0.929	0.862	7.0137011451358e-27	3	Gng5
2.42998750505351e-31	-0.343695211397856	0.923	0.948	7.84521466006526e-27	3	Ankrd44
2.46397919746976e-31	-0.30176420753362	0.121	0.263	7.95495683903113e-27	3	Wdr12
2.5535344538617e-31	0.256843286547399	0.905	0.82	8.2440859842925e-27	3	Clta
2.61167338819245e-31	-0.346872752019988	0.705	0.803	8.43178753377933e-27	3	Jmjd1c
3.05014999387538e-31	0.269860976898068	0.828	0.727	9.84740925522666e-27	3	Arf1
3.25157208846164e-31	0.290339066347301	0.817	0.737	1.04977004875984e-26	3	Tmem234
4.51449622492912e-31	-0.38167782355265	0.403	0.557	1.45750510621837e-26	3	Ubash3a
5.42376300978505e-31	0.311642369188665	0.341	0.221	1.7510618877091e-26	3	Plin2
6.47347183675698e-31	0.261082477440729	0.827	0.691	2.08996038249699e-26	3	Prr13
6.86403495035929e-31	0.289935001922778	0.365	0.236	2.2160536837235e-26	3	Irf8
7.20685261909187e-31	-0.282840014002121	0.145	0.293	2.32673236807381e-26	3	Pign
7.80513470290771e-31	-0.533330874617772	0.807	0.878	2.51988773883375e-26	3	Bcl11b
8.33724912226313e-31	1.13794843077563	0.118	0.044	2.69168087912265e-26	3	Frmd5
8.85884937419926e-31	-0.279022232036695	0.084	0.213	2.86007952046023e-26	3	Pde11a
8.9581292541656e-31	0.284337742167989	0.699	0.517	2.89213202970737e-26	3	Gadd45b
9.60430721939969e-31	-0.371838155327876	0.043	0.152	3.10075058578319e-26	3	Rrm2
1.37213676866966e-30	0.280403924153537	0.591	0.473	4.42994355764998e-26	3	Pigx
1.50922855828301e-30	0.27501447742871	0.536	0.416	4.87254440041671e-26	3	Commd4
1.53527233743956e-30	0.327484642409871	0.489	0.365	4.95662674142363e-26	3	Cyfip1
1.59230837689672e-30	0.295154343874007	0.932	0.859	5.14076759481107e-26	3	Tax1bp1
1.6268336880226e-30	0.257386690787537	0.524	0.391	5.25223256178098e-26	3	Tnfaip8l2
1.83018205035872e-30	-0.367411029797507	0.444	0.603	5.90874274958312e-26	3	Rev3l
2.01455868817183e-30	0.263587057211991	0.495	0.361	6.50400272476275e-26	3	Mapk6
2.14168345859523e-30	0.267465743427453	0.921	0.886	6.91442504607471e-26	3	Peli1
2.23770836314543e-30	-0.308584234288877	0.065	0.188	7.22444145041503e-26	3	Btbd11
2.79573101410602e-30	0.261302283910202	0.461	0.338	9.02601757904127e-26	3	Ncf4
2.81591821602713e-30	-0.430723383784585	0.285	0.434	9.0911919604436e-26	3	Rab3ip
2.82471232717901e-30	0.260311633540109	0.839	0.753	9.11958374829743e-26	3	Selenok
2.90394690493419e-30	0.256033021390639	0.202	0.102	9.37539258258002e-26	3	Dip2a
3.03241163245571e-30	0.280510605333039	0.573	0.458	9.79014095538327e-26	3	Serinc1
3.10736693188258e-30	-0.285085457928971	0.04	0.149	1.00321341395829e-25	3	Mgll
3.24799268138814e-30	0.268200462686004	0.932	0.834	1.04861443718616e-25	3	Fam107b
3.56205164956407e-30	0.323771662175693	0.725	0.628	1.15000837506176e-25	3	Agfg1
3.79803312871918e-30	-0.315441000392681	0.579	0.704	1.22619499560699e-25	3	Psip1
4.02015637724548e-30	0.257250230070895	0.909	0.833	1.2979074863937e-25	3	Psme1
5.78800934931889e-30	-0.346755109023002	0.155	0.296	1.8686588184276e-25	3	Gnptab
5.95348403858795e-30	0.276961179160135	0.564	0.449	1.92208232185812e-25	3	Ebp
6.22060578541362e-30	-0.284590880806449	0.915	0.906	2.00832257782079e-25	3	Ybx1
6.31412596722172e-30	-0.365783766088969	0.029	0.13	2.03851556851753e-25	3	Mctp2
6.85114696473075e-30	-0.295669385451136	0.944	0.945	2.21189279756332e-25	3	Ncor1
6.94415236450648e-30	0.262960610455204	0.313	0.201	2.24191959088092e-25	3	Mfsd10
8.23877381758247e-30	0.262253676350425	0.413	0.296	2.6598881270065e-25	3	Dhrs7
8.34240652356624e-30	0.308092984033816	0.613	0.482	2.69334594613336e-25	3	Mcu
8.50563682716942e-30	-0.255298857227616	0.193	0.352	2.74604484965165e-25	3	P2rx7
8.69220563062865e-30	0.266722406802406	0.829	0.721	2.80627858784846e-25	3	Pomp
9.67546539981271e-30	-0.302004047345545	0.703	0.795	3.12372400432953e-25	3	Tra2a
1.19584316913974e-29	0.262101135266365	0.767	0.662	3.86077967156765e-25	3	Ccdc12
1.26414890226409e-29	0.341482117478143	0.506	0.384	4.08130473095961e-25	3	Nol10
1.30787831188041e-29	-0.389426186292398	0.407	0.562	4.22248512990591e-25	3	Tbc1d5
1.70578544568421e-29	-0.269464896276009	0.03	0.131	5.50712831139147e-25	3	Fbxo5
1.70752879909342e-29	0.347330954941189	0.454	0.337	5.5127567278731e-25	3	Slc39a14
2.02696837200828e-29	0.277540038703081	0.588	0.47	6.54406738902875e-25	3	Srebf2
2.03926787465407e-29	0.306473958763884	0.537	0.415	6.58377633332067e-25	3	Csrnp1
2.068628493976e-29	-0.507324204057025	0.109	0.233	6.67856709280151e-25	3	Pdk1
2.18691528604378e-29	-0.371123305582331	0.518	0.648	7.06045600099235e-25	3	Rftn1
2.45850241333864e-29	-0.302484283653683	0.245	0.401	7.93727504146379e-25	3	Tspan13
2.62826496476688e-29	0.277403617422365	0.801	0.686	8.48535343874986e-25	3	Tomm6
3.34717048219868e-29	0.307396310941872	0.817	0.704	1.08063399017784e-24	3	Elk3
3.53893819514799e-29	0.267357851998034	0.604	0.496	1.14254619630353e-24	3	Arf6
3.61592873838486e-29	-0.52466188008222	0.23	0.373	1.16740259318755e-24	3	Stab2
3.67933697214036e-29	0.312110655688729	0.59	0.48	1.18787394145552e-24	3	Mif4gd
5.46260436027128e-29	-0.305280041899621	0.349	0.499	1.76360181771358e-24	3	Tcerg1
5.55456472874763e-29	0.262328404498545	0.891	0.797	1.79329122267617e-24	3	Sri
5.588806945573e-29	0.332380361637592	0.542	0.424	1.80434632237824e-24	3	Reps1
6.35749132758831e-29	-0.556393405377838	0.043	0.147	2.05251607511188e-24	3	Cenpf
8.33232747446601e-29	-0.294949760607339	0.824	0.871	2.69009192513135e-24	3	Usp34
9.44404572368355e-29	-0.381958531693446	0.087	0.207	3.04901016189123e-24	3	Pacsin1
1.50762741236939e-28	-0.263059019319222	0.065	0.178	4.86737510083458e-24	3	Kif23
2.1149271023903e-28	-0.380116195450704	0.523	0.646	6.82804215006707e-24	3	Eprs
2.12211339981041e-28	-0.254347837951787	0.941	0.956	6.8512431112879e-24	3	Hnrnpa2b1
2.16446538917927e-28	0.265517505938199	0.43	0.31	6.98797650896527e-24	3	Trav16
2.18745463813801e-28	-0.259777235980441	0.229	0.386	7.06219729922855e-24	3	Npm3
2.35646087695367e-28	-0.268541919744209	0.105	0.236	7.60783394124491e-24	3	Cep128
2.42220013731862e-28	-0.341398975970595	0.742	0.831	7.82007314333315e-24	3	Tut4
3.0878002044499e-28	-0.250515171806863	0.05	0.158	9.96896296006649e-24	3	Ccdc171
3.38223714936495e-28	-0.470100748878481	0.02	0.111	1.09195526367247e-23	3	Hist1h2ab
3.69553057331561e-28	-0.325790444368728	0.311	0.472	1.19310204559494e-23	3	Chka
3.7163121601617e-28	-0.250523630950432	0.09	0.213	1.1998113809082e-23	3	Ercc6l2
3.91898311248752e-28	-0.2725130075676	0.129	0.263	1.2652436978666e-23	3	Suclg2
3.99926857203256e-28	-0.270394953177494	0.257	0.409	1.29116385848071e-23	3	Plekho1
4.26373357425258e-28	0.38549568003174	0.495	0.371	1.37654638444744e-23	3	Plek
4.38306694594094e-28	-0.280432409157121	0.221	0.368	1.41507316349703e-23	3	Nop56
5.0446525173287e-28	-0.31328181777833	0.243	0.393	1.62866606521957e-23	3	Exoc6
7.16290871058517e-28	0.284939874290025	0.831	0.758	2.31254507721242e-23	3	Ifi203
7.40362676090661e-28	0.262034081284243	0.601	0.483	2.3902608997587e-23	3	Rhog
7.78442546708876e-28	0.270035465544781	0.828	0.72	2.51320176204961e-23	3	Ndufb1-ps
8.42992980176387e-28	0.277349910894115	0.412	0.289	2.72160283649947e-23	3	Agpat4
8.93295338859031e-28	-0.415285457440633	0.484	0.618	2.88400400150638e-23	3	Pik3cd
9.16103223804619e-28	-0.356066605802676	0.321	0.468	2.95763925805321e-23	3	Trim44
1.08116322488334e-27	0.281376256391376	0.231	0.128	3.49053547153587e-23	3	Dock9
1.28442347141894e-27	0.266639944546981	0.499	0.385	4.14676117747604e-23	3	Grina
1.35712560389169e-27	-0.439303044832515	0.046	0.15	4.38148001216434e-23	3	Klrd1
1.37458782409995e-27	-0.304372292147275	0.308	0.446	4.4378567901067e-23	3	Rangap1
1.38513581236431e-27	-0.40034217539589	0.399	0.525	4.47191097021818e-23	3	Nsd2
1.95023937398712e-27	0.307139232294913	0.688	0.559	6.29634781891742e-23	3	Impa2
2.11735050888595e-27	0.290285400626433	0.5	0.379	6.83586611793829e-23	3	Uhrf1bp1l
2.26430944547879e-27	-0.344012392246271	0.274	0.429	7.31032304472827e-23	3	AW554918
2.68924786059978e-27	0.264836700117174	0.68	0.573	8.6822367179464e-23	3	Rab5if
3.01701850169616e-27	-0.626067354601687	0.558	0.672	9.74044423272607e-23	3	Il7r
3.28120873247406e-27	0.334539483809424	0.375	0.249	1.05933823927925e-22	3	Wdr78
3.49497021938715e-27	0.376101663127748	0.757	0.667	1.12835113532914e-22	3	Txk
3.50051875720238e-27	0.251846991190243	0.787	0.669	1.13014248076279e-22	3	Bag1
3.51344783971103e-27	-0.450798438979163	0.079	0.19	1.1343166350507e-22	3	Pik3r5
3.61090599920863e-27	0.268381202713687	0.772	0.659	1.16578100184451e-22	3	Ttc39b
3.66200559438041e-27	0.285815799906024	0.39	0.273	1.18227850614572e-22	3	Arel1
3.71558972728117e-27	-0.628429156412707	0.196	0.321	1.19957814345273e-22	3	Pag1
4.36677818971598e-27	-1.52049708625914	0.08	0.19	1.4098143385498e-22	3	Hist1h2ap
4.63110898087242e-27	0.271140810699442	0.687	0.583	1.49515353447466e-22	3	Nt5c
4.99758819277771e-27	-0.339150881388943	0.367	0.505	1.61347134803828e-22	3	Senp1
5.41862258443553e-27	-0.370724868221692	0.075	0.185	1.74940230138501e-22	3	Hist2h2ac
5.45568992159608e-27	-0.322566574652087	0.167	0.302	1.76136949118729e-22	3	Eefsec
5.47577346450452e-27	-0.2826441820978	0.272	0.418	1.76785346301529e-22	3	Hspa9
5.56889456645877e-27	-0.314962502428091	0.276	0.422	1.79791761078122e-22	3	Rai1
5.79548263421077e-27	-0.297026052617427	0.679	0.757	1.87107156845495e-22	3	Srsf7
6.77563939608548e-27	-0.348274708743854	0.377	0.53	2.1875151790262e-22	3	Fto
7.60404140344759e-27	0.264555825796304	0.455	0.345	2.45496476710305e-22	3	Glmp
8.13153863292511e-27	0.279721222103126	0.467	0.35	2.62526724763987e-22	3	1300002E11Rik
1.12835777611364e-26	0.280295581828247	0.649	0.536	3.6429030801829e-22	3	Otulin
1.48131843946167e-26	-0.483157250736095	0.599	0.665	4.78243658180201e-22	3	Gm15283
1.68838209998531e-26	-0.306473456155377	0.38	0.526	5.45094160980256e-22	3	Gm11361
2.06099742122996e-26	-0.365601846994901	0.131	0.255	6.65393017444093e-22	3	Gpr18
2.49914686260567e-26	-0.25759363222641	0.202	0.348	8.06849564592239e-22	3	Fkbp4
2.61739167501212e-26	-0.274226648196645	0.843	0.882	8.45024902277663e-22	3	Stag1
3.01729383792889e-26	-0.27677218744465	0.347	0.497	9.74133315575341e-22	3	Cacybp
4.07470897611625e-26	-0.266087409335194	0.089	0.204	1.31551979293913e-21	3	Tyms
4.18534278354245e-26	0.382325234018704	0.53	0.395	1.35123791766668e-21	3	Znrf3
4.47628155540976e-26	0.260502984444451	0.766	0.679	1.44516750016404e-21	3	Psenen
4.80670225110341e-26	-0.270539520721904	0.978	0.973	1.55184382176874e-21	3	Rps2
4.81789274944574e-26	-0.285814093526223	0.111	0.233	1.55545667415856e-21	3	Hells
4.89606133797486e-26	0.316672902643112	0.517	0.398	1.58069340296518e-21	3	H1f0
5.46910970617829e-26	-0.348240464141683	0.265	0.409	1.76570206863966e-21	3	Cd2ap
5.5784901779168e-26	-0.347971034338501	0.573	0.694	1.80101555394044e-21	3	Chchd3
5.91384088198089e-26	-0.291119567333577	0.079	0.19	1.90928352874753e-21	3	Dennd2d
6.2105584465393e-26	-0.31994219861357	0.456	0.582	2.00507879446521e-21	3	Baz1b
6.24658030882233e-26	0.299815808961459	0.475	0.364	2.01670845270329e-21	3	Auh
6.63958672673808e-26	-0.303387610207144	0.297	0.432	2.14359057472739e-21	3	Rfc1
6.77960752534881e-26	0.273006148113707	0.592	0.473	2.18879628955886e-21	3	Rassf1
6.87983860075386e-26	0.338338369309557	0.627	0.522	2.22115589225338e-21	3	Nab1
7.82400427459484e-26	-0.395706947424947	0.785	0.815	2.52597978005294e-21	3	Dip2b
8.63254585343847e-26	-0.253247675587451	0.126	0.254	2.78701742878261e-21	3	Rbl1
8.77338765928318e-26	-0.303388504181983	0.059	0.162	2.83248820579958e-21	3	Cdca3
9.64507294914104e-26	-0.384715097485205	0.029	0.119	3.11391180163019e-21	3	Cd83
1.01873013861299e-25	0.283919877890413	0.374	0.258	3.28897025251203e-21	3	Gm16599
1.10241762128053e-25	0.282704050452169	0.429	0.313	3.5591552903042e-21	3	Plk3
1.15090682184668e-25	-0.25799141563397	0.047	0.146	3.71570267433202e-21	3	Mboat1
1.18061279341315e-25	-0.359757015515254	0.221	0.361	3.81160840353434e-21	3	Dipk1a
1.34776472339552e-25	0.331682076135956	0.317	0.211	4.35125840948242e-21	3	Gas2
1.45153822593368e-25	0.274873599226509	0.381	0.268	4.68629116242689e-21	3	Fam110a
1.48560196613666e-25	-0.301711558166451	0.598	0.696	4.79626594767221e-21	3	St13
1.69217005008576e-25	-0.256466994656736	0.248	0.393	5.46317100670188e-21	3	Acat1
1.91238307204949e-25	0.299359016462566	0.573	0.462	6.17412874811179e-21	3	Lrrfip2
1.99106770731937e-25	0.256957077609498	0.885	0.803	6.4281620930806e-21	3	Itga4
2.03524000082783e-25	-0.310544111176083	0.057	0.16	6.57077234267264e-21	3	Ccnb2
2.1937050361725e-25	0.259209675889265	0.587	0.481	7.08237670928291e-21	3	Tbcb
2.37407048841182e-25	-0.31171266353752	0.177	0.305	7.66468657183755e-21	3	Rrm1
2.8596997183631e-25	-0.272870358876816	0.144	0.272	9.23254054073527e-21	3	Atm
2.86288267747744e-25	-0.308595368997107	0.748	0.79	9.24281672423592e-21	3	Smarca5
2.91040694175198e-25	0.281958003560011	0.806	0.671	9.39624881144627e-21	3	Crem
3.09119148156803e-25	-0.321778354320285	0.399	0.542	9.9799116982424e-21	3	Strbp
3.16695612010633e-25	0.289126365919963	0.532	0.407	1.02245178337633e-20	3	Rcbtb2
3.67509133582886e-25	-0.262919825809173	0.204	0.343	1.18650323777235e-20	3	Mphosph10
3.7457002680798e-25	0.358869989947688	0.505	0.394	1.20929933154956e-20	3	Larp1b
4.67118544898474e-25	-0.336761315086025	0.027	0.115	1.50809222220472e-20	3	Plcb4
4.74147465512525e-25	0.255139150746838	0.723	0.624	1.53078509240719e-20	3	Fermt3
4.90455529609155e-25	0.284871030555206	0.465	0.336	1.58343567734316e-20	3	E130308A19Rik
7.76076075390493e-25	-0.326578699144387	0.246	0.39	2.50556160939821e-20	3	Atp11c
9.43990824213916e-25	-0.400489118270297	0.62	0.726	3.04767437597463e-20	3	Phf21a
1.10769453785296e-24	-0.330504397672467	0.686	0.794	3.57619181545828e-20	3	Rps6ka3
1.17647182142996e-24	0.25468400083894	0.502	0.397	3.79823927548664e-20	3	Trpv2
1.19129282178527e-24	-0.309701646881118	0.123	0.241	3.84608887513376e-20	3	Rassf2
1.85167933248819e-24	-0.261695808167628	0.125	0.248	5.97814672493812e-20	3	Dph6
2.3985966334444e-24	-0.284996355839018	0.144	0.268	7.74386923107524e-20	3	Dop1a
2.39902046086007e-24	-0.280220907176318	0.575	0.679	7.74523755788673e-20	3	G3bp1
2.63304544097222e-24	0.263144002951163	0.864	0.755	8.5007872061788e-20	3	Ssr4
3.38096847039809e-24	-0.253600434207805	0.045	0.139	1.09154567066802e-19	3	Hist1h3e
3.5881357602721e-24	-0.290812009355708	0.889	0.888	1.15842963020385e-19	3	Hnrnpa3
3.70857355650012e-24	-0.298538760789736	0.409	0.534	1.19731297271606e-19	3	Hdgf
3.716823676882e-24	0.254489002428113	0.459	0.358	1.19997652408135e-19	3	Fam89b
6.4241794889471e-24	0.259252699300591	0.358	0.25	2.07404634800657e-19	3	Chst2
8.93681803792815e-24	-0.375825222686427	0.484	0.576	2.8852517035451e-19	3	Ranbp1
9.11736611268737e-24	-0.257785222525732	0.111	0.226	2.94354164948112e-19	3	Dyrk2
1.12193290050575e-23	0.275381746406092	0.349	0.246	3.62216036928283e-19	3	Ccdc117
1.27938575828299e-23	0.26203771599871	0.103	0.041	4.13049692061662e-19	3	Tnip3
1.42879765199371e-23	-0.406421577877751	0.953	0.916	4.61287321946168e-19	3	Hmgb1
1.44552549591324e-23	-0.301963604643397	0.452	0.573	4.66687906355588e-19	3	Ddx39b
1.448274235471e-23	0.25094537078532	0.567	0.469	4.67575336921811e-19	3	Mtch1
1.70460912563028e-23	-0.703572739586386	0.426	0.528	5.50333056209737e-19	3	Ece1
2.08781874391377e-23	-0.275359080768988	0.021	0.101	6.74052281472561e-19	3	Gm44148
2.12289862289866e-23	-0.265057847436383	0.781	0.832	6.85377820402833e-19	3	mt-Nd3
2.66589201076659e-23	-0.289935145105204	0.871	0.864	8.60683235675993e-19	3	Anp32a
2.81629455868825e-23	-0.29629104834603	0.023	0.102	9.09240698272501e-19	3	Pik3ip1
2.91995450355469e-23	-0.27830723325084	0.313	0.458	9.42707311472631e-19	3	Pou2f1
3.03816125557516e-23	-0.33299531005103	0.339	0.482	9.80870361362441e-19	3	Zup1
3.07928847913074e-23	0.260533323621423	0.787	0.711	9.94148285487358e-19	3	Cdkn1b
3.21119977806025e-23	0.255726776918755	0.836	0.752	1.03673584834675e-18	3	Psma3
3.30818039602504e-23	-0.274907146037458	0.644	0.74	1.06804604085668e-18	3	Bclaf1
3.5800440743007e-23	0.330461660576898	0.612	0.501	1.15581722938798e-18	3	Dnajc15
4.68805265846068e-23	0.276159060901605	0.662	0.56	1.51353780078403e-18	3	Spty2d1
4.71400153090286e-23	-0.258073564957425	0.175	0.302	1.52191539425199e-18	3	Cdon
4.83286513753291e-23	-0.258453553968598	0.28	0.42	1.5602905096525e-18	3	Stip1
6.18960671592902e-23	-0.280092560507855	0.371	0.501	1.99831452823768e-18	3	Rbbp7
6.97306846898805e-23	-0.255180331391107	0.035	0.122	2.25125515521279e-18	3	Scmh1
8.3563083614545e-23	-0.327405512529865	0.535	0.659	2.69783415449559e-18	3	Phip
8.63529160888569e-23	-0.863573234110116	0.063	0.156	2.78790389592874e-18	3	Hist1h2ae
8.67877689573097e-23	-0.309524520809364	0.713	0.8	2.80194312078674e-18	3	Phf20l1
9.15568113721333e-23	-0.503934214918193	0.335	0.46	2.95591165514932e-18	3	Mpp7
1.23295567110435e-22	0.302461769521649	0.749	0.659	3.98059738416038e-18	3	Camk2d
1.79316276664053e-22	-0.560792289133722	0.683	0.719	5.78922599209896e-18	3	Raf1
1.85919373575455e-22	-0.279669070601964	0.45	0.576	6.00240697588358e-18	3	Epb41l2
1.92617324984067e-22	0.269797770289225	0.664	0.589	6.2186503371106e-18	3	Golph3
2.0035332013739e-22	-0.36205592728834	0.252	0.383	6.46840694063564e-18	3	Rsu1
2.09932051427108e-22	-0.356816001382517	0.546	0.646	6.77765628032417e-18	3	Tle4
2.17785954541294e-22	0.294384166257685	0.417	0.309	7.03121954236567e-18	3	Zc3h12d
2.2014496176438e-22	-0.267470650591329	0.214	0.346	7.10738009056301e-18	3	Slc29a1
2.26035872315799e-22	0.258412254929027	0.725	0.639	7.29756813771557e-18	3	Cd48
2.31915711506794e-22	0.286221432399919	0.462	0.337	7.48739874599686e-18	3	March3
2.48727409343892e-22	-0.272573656287241	0.307	0.44	8.03016441066755e-18	3	Fbl
2.93692312068696e-22	-0.295946758702271	0.598	0.698	9.48185629513784e-18	3	Rbm6
2.98567710094423e-22	-0.385844091556138	0.115	0.222	9.63925852039845e-18	3	Krt83
3.15059096764735e-22	-0.468319320799265	0.058	0.149	1.01716829390495e-17	3	Ddx60
3.25893836599644e-22	0.310414879951345	0.707	0.597	1.05214825146195e-17	3	Cd44
3.30901662109173e-22	-0.304083333512515	0.439	0.571	1.06831601611946e-17	3	Tasor
3.3669558120976e-22	0.260715197984136	0.577	0.476	1.08702168393571e-17	3	Pbxip1
4.6059966656712e-22	-0.299758031895228	0.411	0.536	1.48704602351195e-17	3	Hspd1
5.10427592373786e-22	0.251094622753052	0.839	0.775	1.64791548197877e-17	3	Il2rg
5.26309528064011e-22	-0.299585507023696	0.037	0.119	1.69919031135466e-17	3	Hist1h3c
6.57826628034759e-22	-0.300124892734607	0.327	0.459	2.12379326861022e-17	3	Pcnx
7.58467061234314e-22	-0.251737961712491	0.303	0.441	2.44871090719498e-17	3	Wdr43
8.97780096181851e-22	-0.254365480227743	0.291	0.432	2.89848304052311e-17	3	Zmym4
9.0760762499755e-22	0.264086471687679	0.635	0.534	2.93021121730459e-17	3	Myo1g
9.44464498771149e-22	-0.313396809998338	0.379	0.513	3.04920363428265e-17	3	Myo9a
1.07700496298137e-21	-0.270269850632179	0.236	0.365	3.47711052298536e-17	3	Mad1l1
1.21143101770733e-21	-0.31192052139789	0.59	0.67	3.91110504066811e-17	3	Smc1a
1.23704579201483e-21	0.255852371379362	0.76	0.669	3.99380233951989e-17	3	Exoc2
1.258104956251e-21	-0.277468569205448	0.233	0.362	4.06179185125635e-17	3	Cep97
1.44756949213037e-21	-0.314454767576623	0.325	0.46	4.67347810534289e-17	3	Ints7
1.45970375412002e-21	-0.383642272812849	0.507	0.621	4.71265357017648e-17	3	Stk38
1.65198564853661e-21	-0.27906857097302	0.439	0.579	5.33343566630044e-17	3	Arid2
2.06740363525072e-21	-0.259113885029312	0.321	0.454	6.67461263640696e-17	3	Pptc7
2.1247293503387e-21	0.344394602911901	0.751	0.672	6.85968870756849e-17	3	Traf3
2.31326151860882e-21	0.305236259230468	0.459	0.363	7.46836481282858e-17	3	Lpgat1
2.97510273061383e-21	-0.387597542098903	0.028	0.104	9.60511916578675e-17	3	Usp18
3.29387727168625e-21	-0.32680906332637	0.375	0.504	1.0634282771639e-16	3	Herc3
4.20288567610774e-21	-0.292990481854484	0.362	0.496	1.35690164053139e-16	3	Tshz1
5.6998886859406e-21	-0.277239304825201	0.349	0.466	1.84020906225592e-16	3	Anapc5
6.08147517288593e-21	-0.265770194518263	0.727	0.799	1.96340425956622e-16	3	Eif4g3
6.91794723345151e-21	-0.313774139659732	0.529	0.654	2.23345926431982e-16	3	Rfx7
7.03128435954192e-21	-0.30617160163807	0.39	0.52	2.27005015547811e-16	3	Tasor2
7.9444850231408e-21	0.267644105780741	0.524	0.42	2.56487698972101e-16	3	Jakmip1
9.80841556731705e-21	-0.276810107513146	0.379	0.512	3.16664696590831e-16	3	Cdk19
1.02801963048104e-20	-0.256633255982446	0.23	0.356	3.31896137700803e-16	3	Tapt1
1.15439780405958e-20	-0.330537950909506	0.875	0.875	3.72697331040634e-16	3	Btg2
1.2452143989011e-20	-0.368923197978029	0.145	0.261	4.02017468685221e-16	3	Tff1
1.34777267084972e-20	0.275714726103487	0.54	0.437	4.35128406783832e-16	3	Zfp53
1.56456319208546e-20	-0.302819838192403	0.699	0.784	5.05119226564791e-16	3	Tnrc6c
1.57154973207336e-20	-0.322801901665916	0.499	0.628	5.07374830999883e-16	3	Diaph2
1.81319959324156e-20	0.40388223300537	0.462	0.36	5.85391488678038e-16	3	Myo10
1.81637121143073e-20	-0.274962693201227	0.31	0.442	5.86415445610411e-16	3	Setd7
1.89803710020455e-20	-0.273563694095742	0.695	0.78	6.12781277801038e-16	3	Cdk13
2.33189226170595e-20	0.2922852401017	0.809	0.74	7.52851416691766e-16	3	Calr
2.85668726991918e-20	0.250364304937688	0.811	0.753	9.22281485093407e-16	3	Arid4a
2.8641031082142e-20	-0.345869396862431	0.545	0.655	9.24675688486954e-16	3	Baz2b
3.15440243222483e-20	-0.267825448244566	0.251	0.381	1.01839882524379e-15	3	Pvt1
3.56238670276478e-20	0.292554743507535	0.626	0.53	1.15011654698761e-15	3	Cdc14a
3.7204277756364e-20	-0.74118728376912	0.637	0.686	1.20114010736421e-15	3	Tubb5
4.52896338176155e-20	-0.422034537573358	0.193	0.302	1.46217582780172e-15	3	Ndrg3
4.56474045523052e-20	-0.254205165578059	0.443	0.576	1.47372645597117e-15	3	Rapgef1
5.01616779239233e-20	0.452873741670415	0.452	0.351	1.61946977177386e-15	3	Ndrg1
5.35082332386375e-20	-0.322896724373219	0.541	0.657	1.72751331010941e-15	3	Etnk1
1.08531453000939e-19	0.255031634686159	0.715	0.633	3.50393796013533e-15	3	Mta3
1.16662932159611e-19	-0.515496437333937	0.537	0.601	3.76646276477303e-15	3	Slc22a15
1.27218625372199e-19	-0.253471564433659	0.288	0.418	4.10725332014143e-15	3	Scai
1.37581247572079e-19	-0.277288043930806	0.298	0.425	4.44181057786456e-15	3	Abl1
1.43450999120008e-19	-0.262564432534476	0.727	0.767	4.63131550658947e-15	3	Hnrnpa1
1.53946204861024e-19	-0.36538188357061	0.597	0.701	4.97015322393817e-15	3	Smyd3
2.59010954890764e-19	0.345483563177677	0.507	0.396	8.36216867864831e-15	3	Cpm
2.68707919895793e-19	-0.699848935083787	0.148	0.243	8.67523519383567e-15	3	Slfn5
2.98422716417239e-19	-0.291415803107778	0.169	0.279	9.63457739953057e-15	3	Itm2a
3.08270201685884e-19	-0.325282706247184	0.307	0.433	9.95250346142877e-15	3	Xrcc4
3.43714723581606e-19	0.264773212729908	0.495	0.404	1.10968298508321e-14	3	Sh3bgrl
3.68038224151086e-19	-0.258382479798236	0.235	0.353	1.18821140667178e-14	3	Lpcat3
4.67508926313263e-19	-0.267428320960762	0.345	0.478	1.50935256860237e-14	3	Hipk2
5.31664761045049e-19	0.289435979359399	0.249	0.162	1.71647968103394e-14	3	Tctex1d1
6.62352924182116e-19	-0.359117769535904	0.211	0.321	2.13840641572196e-14	3	Pola1
7.14404570412527e-19	0.725523797392188	0.324	0.23	2.30645515557684e-14	3	Plac8
7.83322984133444e-19	-0.264572170894934	0.513	0.629	2.52895825427482e-14	3	Galnt1
8.53695970305061e-19	-0.257917518084499	0.882	0.915	2.75615744012989e-14	3	Nipbl
1.106803711897e-18	-0.325076806510124	0.453	0.569	3.57331578385947e-14	3	Numb
2.22028619013054e-18	0.278638059765095	0.26	0.171	7.16819396483646e-14	3	Gng12
2.29383801292958e-18	-0.42894247122169	0.097	0.185	7.40565602474314e-14	3	Prc1
2.30088158969647e-18	-0.352874159300499	0.415	0.512	7.42839621233505e-14	3	Pcna
2.65762802052011e-18	-0.441646912902198	0.317	0.427	8.58015206424917e-14	3	Gm12840
2.71759555137368e-18	-0.361528206440617	0.307	0.417	8.77375723760994e-14	3	Filip1l
3.3584846575067e-18	-0.286369181064205	0.17	0.279	1.08428677167604e-13	3	Hs2st1
3.83853062687158e-18	-0.261519619898256	0.676	0.758	1.23926961288549e-13	3	Celf1
3.94291571699347e-18	-0.303679504334482	0.633	0.717	1.27297033923134e-13	3	Sptbn1
4.0162197061654e-18	-0.434604977389265	0.089	0.173	1.2966365321355e-13	3	Ifi208
4.74737888372582e-18	-0.321523205015185	0.67	0.737	1.53269127261088e-13	3	Arap2
5.22582586113376e-18	0.264483271734359	0.725	0.639	1.68715787926703e-13	3	Zbtb1
1.2175065316396e-17	-0.260297685205694	0.729	0.789	3.93071983739843e-13	3	Mllt10
1.44282281764878e-17	0.330753003639138	0.649	0.571	4.6581534667791e-13	3	Tank
1.57143785942325e-17	-0.25466731432292	0.845	0.873	5.07338712914796e-13	3	Rpl22l1
1.66724881594784e-17	0.274084368803881	0.361	0.274	5.3827128022876e-13	3	P2rx4
2.20145686513301e-17	-0.293284579864668	0.075	0.155	7.10740348908192e-13	3	Slc12a7
2.64542970387443e-17	0.259048807974268	0.694	0.607	8.54076979895859e-13	3	Rnf125
3.49290302070321e-17	-0.264935626139816	0.322	0.436	1.12768374023403e-12	3	Syne1
4.15669750394697e-17	-0.288318822255826	0.14	0.237	1.34198978914928e-12	3	E130307A14Rik
5.44672954071544e-17	-0.313793998575864	0.487	0.591	1.75847663221998e-12	3	Smarca2
6.62915012212705e-17	-0.270195711883002	0.289	0.405	2.14022111692872e-12	3	Mga
7.63427836738056e-17	-0.260545425727007	0.417	0.536	2.46472677090881e-12	3	Zfp280d
8.43859238583314e-17	-0.352110648024069	0.109	0.197	2.72439955176623e-12	3	Parp11
1.02003638072577e-16	0.271693380948552	0.498	0.416	3.29318745517315e-12	3	Gfod1
1.11850612385856e-16	-0.383320637197235	0.712	0.735	3.61109702087737e-12	3	Dek
1.16033823281882e-16	0.360267649210461	0.797	0.748	3.74615198465555e-12	3	Nr3c1
1.21039445011625e-16	-0.485502182088373	0.191	0.283	3.90775848220031e-12	3	2610035D17Rik
1.49324054797687e-16	-0.2723432469722	0.499	0.609	4.82092710914331e-12	3	Eif4a2
1.50783156046378e-16	-0.267329554416276	0.829	0.847	4.86803419295732e-12	3	Nme2
1.60645738312644e-16	-0.337180175475575	0.461	0.564	5.18644766142371e-12	3	Iqgap2
1.94387803499354e-16	-0.271693254884976	0.083	0.165	6.27581023597664e-12	3	Tmlhe
2.35563860563945e-16	-0.390822453084946	0.377	0.473	7.60517923830695e-12	3	Myb
2.92974826746068e-16	0.297792103438874	0.599	0.52	9.45869228149679e-12	3	Slc4a7
3.47400203918643e-16	-0.257119508361555	0.743	0.811	1.12158155835134e-11	3	Ash1l
3.55353663747867e-16	-0.255683100629265	0.773	0.818	1.14725930340999e-11	3	Bptf
3.79655050450231e-16	0.261076262015415	0.625	0.532	1.22571633037857e-11	3	Klf6
4.50481870368145e-16	-0.272757203604624	0.895	0.922	1.45438071848355e-11	3	Macf1
5.09135468183221e-16	-0.295697223624169	0.643	0.743	1.64374385902953e-11	3	Tcf20
6.53481093757223e-16	-0.270799796155156	0.297	0.401	2.10976371119519e-11	3	Xpo1
7.1893220552078e-16	-0.251859148942043	0.227	0.331	2.32107262552384e-11	3	Shprh
9.42932162008011e-16	-0.258560667923255	0.251	0.359	3.04425648504286e-11	3	Ankrd28
9.56156928562462e-16	0.303222247180889	0.474	0.405	3.08695264386391e-11	3	Xpo4
1.3324787895342e-15	-0.271869446023959	0.307	0.414	4.30190777201117e-11	3	Sp4
1.72979861233713e-15	-0.608357531753329	0.761	0.696	5.58465481993044e-11	3	Rora
1.76996395803847e-15	-0.285695279192189	0.677	0.756	5.71432863852719e-11	3	Arid1a
1.94571883765666e-15	-0.464430935164077	0.715	0.723	6.28175326737451e-11	3	Trps1
2.42339455140227e-15	-0.296364002737041	0.417	0.527	7.82392930920222e-11	3	4930444A19Rik
2.66663377761374e-15	0.348283464278743	0.483	0.393	8.60922715102596e-11	3	Dleu2
2.85937274028545e-15	-0.355012027058563	0.732	0.735	9.23148489201157e-11	3	Ran
2.86897233628806e-15	-0.293565544939331	0.068	0.141	9.262477187706e-11	3	Atp8b4
2.96684111688144e-15	-0.277793935197549	0.168	0.26	9.57844654585171e-11	3	Mcm3
2.97601094674884e-15	-0.392959720971073	0.079	0.151	9.60805134157861e-11	3	Rflnb
3.61784946301189e-15	-0.26909972969973	0.326	0.438	1.16802269913339e-10	3	Fam168a
4.15956771380442e-15	-0.319571381630268	0.305	0.411	1.34291643640176e-10	3	Atp8a1
4.49307217506092e-15	0.257203059662259	0.168	0.102	1.45058835171842e-10	3	Pip5k1b
4.97683587205917e-15	-0.308262965493449	0.531	0.619	1.6067714612943e-10	3	Kdm7a
1.1463360182393e-14	-0.27999436560522	0.603	0.689	3.70094583488559e-10	3	Setx
1.33825548870655e-14	-0.262087048890003	0.689	0.779	4.32055784528909e-10	3	Kmt2c
1.37079583905911e-14	0.371153424678314	0.205	0.133	4.42561436640234e-10	3	Cep112
1.78429216463872e-14	-0.328321830876738	0.043	0.108	5.76058725353611e-10	3	Areg
2.13046771780762e-14	-0.279669241744632	0.214	0.307	6.87821502694189e-10	3	Ppp2r3a
2.18078024226625e-14	-0.308651862398746	0.487	0.556	7.0406490121566e-10	3	Ybx3
2.39150366117509e-14	-0.955844922181387	0.237	0.31	7.72096957010378e-10	3	Mki67
3.2929197079154e-14	-0.374216439101607	0.645	0.692	1.06311912770049e-09	3	Jak2
5.20094880734954e-14	-0.32206525349346	0.948	0.902	1.6791263224528e-09	3	Nfkb1
6.25103364586699e-14	-0.2502850266053	0.451	0.542	2.01814621256816e-09	3	Gtpbp1
8.20119562996148e-14	-0.254582524811903	0.815	0.869	2.64775600913306e-09	3	Fam172a
1.68567823117212e-13	-0.259966556446397	0.652	0.704	5.44221216933918e-09	3	Stk39
2.7091795635773e-13	-0.251007099555113	0.305	0.401	8.74658622100931e-09	3	St3gal1
2.9481840509873e-13	-0.349602003639452	0.596	0.666	9.51821220861249e-09	3	Chd3
3.09153407705598e-13	-0.389242920822285	0.497	0.574	9.98101776777524e-09	3	Wwox
3.36953045589585e-13	-0.267180197118952	0.526	0.602	1.08785290768598e-08	3	Reep3
4.69464943818472e-13	-0.257915646338864	0.403	0.503	1.51566757111794e-08	3	Kcnn4
8.22043427183967e-13	-0.66763528974748	0.984	0.99	2.65396720466344e-08	3	Cmss1
1.52974464575538e-12	-0.265712426390314	0.589	0.67	4.93878058882125e-08	3	Sik2
1.56872880399909e-12	-0.25247048867254	0.729	0.79	5.06464094371106e-08	3	Aak1
1.6888978776886e-12	-0.268184617889629	0.705	0.737	5.45260679811766e-08	3	Itpr1
1.99989693193441e-12	-0.269893084756636	0.718	0.772	6.45666724475023e-08	3	Ext1
2.16226414054304e-12	-0.358924785106961	0.694	0.721	6.9808697777432e-08	3	H2afv
2.81836760031628e-12	-0.264731619376183	0.288	0.368	9.09909979762111e-08	3	Dnmt1
3.1257948092266e-12	-0.269344787215351	0.34	0.423	1.00916285415881e-07	3	Ckap5
7.91546633597275e-12	-0.508963447290881	0.226	0.308	2.5555083065688e-07	3	Rnf213
1.03454764544746e-11	-0.43001469273445	0.235	0.309	3.34003707332711e-07	3	Klf2
1.07966206438105e-11	-0.297065412907557	0.119	0.185	3.48568897485421e-07	3	Rasgrp2
1.47963425819402e-11	-0.272804638135296	0.544	0.607	4.7769992025794e-07	3	Lrrc8d
1.48417364869576e-11	-0.386493391325662	0.395	0.463	4.79165462481426e-07	3	Pdcd1
1.57980025301281e-11	-0.3714959830413	0.278	0.361	5.10038511685186e-07	3	Igf1r
2.42732882159279e-11	-0.435749426202874	0.802	0.819	7.83663110051231e-07	3	Grap2
2.91459147608503e-11	-0.350939482823511	0.37	0.453	9.4097585805405e-07	3	Rere
5.58380503259887e-11	0.275371332865766	0.927	0.91	1.80273145477454e-06	3	Tpr
6.13236516918916e-11	-0.26567793894448	0.653	0.705	1.97983409487272e-06	3	Etv6
8.71190076202465e-11	-0.276383177548862	0.487	0.563	2.81263716101966e-06	3	Tspan5
1.16237777547459e-10	-0.825944159301734	0.987	0.98	3.75273664811972e-06	3	AY036118
1.40204672225752e-10	-0.262808941081648	0.635	0.689	4.52650784280839e-06	3	Pik3r1
1.9687411878101e-10	-1.01611469250293	0.837	0.806	6.3560809248449e-06	3	Hmgb2
2.84044825815573e-10	-0.252366661459945	0.266	0.34	9.17038720145579e-06	3	Incenp
3.25898240882046e-10	-0.285023355653024	0.18	0.252	1.05216247068769e-05	3	Rad51b
4.84633544712302e-10	-0.38104854917296	0.931	0.888	1.56463939910367e-05	3	Cblb
4.87035059028853e-10	-0.255871761592189	0.39	0.478	1.57239268807465e-05	3	Bbx
8.01873659888331e-10	0.294825901014194	0.528	0.478	2.58884911094948e-05	3	Ankrd13c
1.11916495754221e-09	-0.366041984055255	0.709	0.767	3.61322406542504e-05	3	Stat1
1.2336848322222e-09	-0.642983257156829	0.111	0.168	3.98295148082938e-05	3	Xist
1.35561863143532e-09	-0.250691013757561	0.468	0.549	4.37661475158893e-05	3	Kat2b
1.75068918045365e-09	-0.568701791703074	0.292	0.359	5.6521000190946e-05	3	Hist1h1e
7.88848019859303e-09	-0.456219033935337	0.659	0.692	0.000254679583211576	3	Ms4a6b
9.26202341468268e-09	-0.261136673642016	0.135	0.195	0.00029902442594303	3	Plcl1
9.9054726202449e-09	0.252556653102572	0.54	0.497	0.000319798183544606	3	Serpinb6a
1.04589783005878e-08	-0.267230447686979	0.483	0.547	0.000337668114434476	3	Rasgrp1
1.31908540886064e-08	-0.275488153992157	0.153	0.211	0.000425866724250659	3	Rreb1
1.59300451688426e-08	-0.343833507711976	0.493	0.536	0.000514301508276085	3	Bcl2a1b
2.2193551315557e-08	-0.334019462875252	0.655	0.694	0.000716518804222757	3	Rel
3.18239564427043e-08	-0.277533279595273	0.439	0.51	0.00102743643375271	3	Nxpe3
5.51447106071576e-08	-0.331702619047567	0.143	0.196	0.00178034698195208	3	Sell
7.16277886303236e-08	-0.282705699791353	0.486	0.534	0.00231250315593	3	Lpxn
7.29589830364244e-08	-0.380381663063188	0.291	0.36	0.00235548076733096	3	Herc6
8.45197624505009e-08	0.281434607988025	0.428	0.367	0.00272872053071442	3	Maml3
1.69401883329989e-07	-0.305925494808856	0.32	0.367	0.00546913980330869	3	Hmgn2
1.77674729164563e-07	-0.343709064959965	0.458	0.513	0.00573622863107791	3	Phactr2
3.73694670075976e-07	-0.279654867830945	0.881	0.905	0.0120647324234029	3	Tox
8.16341650616608e-07	-0.269654540565031	0.379	0.43	0.0263555901901572	3	2310001H17Rik
9.22868886620547e-07	-0.254849627703995	0.641	0.687	0.0297948220045443	3	Fndc3a
9.81571018177211e-07	-0.357712193063896	0.511	0.562	0.0316900203218513	3	Arhgef18
1.36786515567625e-06	0.250524715485063	0.442	0.391	0.0441615265510078	3	Sntb1
2.35262651033363e-06	-0.582763954598369	0.16	0.205	0.0759545468861213	3	Ube2c
2.52105777495087e-06	-0.284318329549398	0.427	0.478	0.0813923502642889	3	Ugcg
4.98128493901859e-06	-0.372959519259115	0.537	0.559	0.160820784256215	3	Nr4a2
7.30892664458243e-06	-0.298413840189005	0.693	0.682	0.235968696720344	3	Rgs2
3.79546192564263e-05	0.260406746153219	0.382	0.342	1	3	Prickle1
8.54809895514553e-05	0.301965840384153	0.195	0.154	1	3	Iigp1
0.000158888667060294	-0.652766523521817	1	1	1	3	Gm42418
0.00063914948425241	-0.302254853659531	0.787	0.813	1	3	Ripor2
0.000823708700152598	-0.26133724271184	0.279	0.316	1	3	Jazf1
0.000964850856838502	-0.399283511337363	0.158	0.184	1	3	Ifi213
0.00235912881258945	-0.344071917501406	0.431	0.44	1	3	Tubb4b
0.00493836401033808	-0.278292343322833	0.691	0.721	1	3	Apbb1ip
0	3.83756721848491	0.736	0.09	0	4	Hist1h1b
0	3.5218755180014	0.725	0.082	0	4	Hist1h2ap
0	2.94486718686488	0.981	0.257	0	4	Stmn1
0	2.85169653693034	0.996	0.782	0	4	Hmgb2
0	2.84599097229968	0.935	0.196	0	4	Mki67
0	2.75419637329407	0.909	0.272	0	4	Top2a
0	2.58270838976397	0.921	0.092	0	4	Pclaf
0	2.54949624233252	0.675	0.054	0	4	Hist1h2ae
0	2.26952472229382	0.78	0.239	0	4	Hist1h4d
0	2.22431152619862	0.739	0.111	0	4	Ube2c
0	2.20309337711549	0.833	0.075	0	4	Birc5
0	2.18620232073956	0.977	0.63	0	4	Tubb5
0	2.01269675127522	0.776	0.279	0	4	Hist1h1e
0	1.91474826945251	0.844	0.077	0	4	Cdca8
0	1.90377507733287	0.743	0.043	0	4	Nusap1
0	1.89658821010397	0.661	0.043	0	4	Cenpf
0	1.88077336557553	0.883	0.216	0	4	Diaph3
0	1.87552444728418	0.913	0.205	0	4	Smc2
0	1.87548325081512	0.898	0.296	0	4	Tuba1b
0	1.82852243666481	0.998	0.857	0	4	H2afz
0	1.7879950706549	1	0.991	0	4	Ptma
0	1.72925200738127	0.744	0.078	0	4	Prc1
0	1.67973749626015	0.739	0.066	0	4	Kif11
0	1.65993158406324	0.552	0.021	0	4	Hist1h2ab
0	1.6593301807064	0.757	0.07	0	4	Cenpe
0	1.65228240367153	0.76	0.191	0	4	H2afx
0	1.64830022089173	0.768	0.049	0	4	Tpx2
0	1.53665917521343	0.911	0.271	0	4	Hmgn2
0	1.52417812170892	0.844	0.105	0	4	Cks1b
0	1.52120922959799	0.855	0.372	0	4	Tubb4b
0	1.51489675521019	0.755	0.037	0	4	Knl1
0	1.50404585246598	0.938	0.49	0	4	Dut
0	1.49858743613579	0.941	0.498	0	4	Anp32e
0	1.49784428099573	0.892	0.326	0	4	Cks2
0	1.4882808619473	0.924	0.419	0	4	Tmpo
0	1.43406108648504	0.689	0.044	0	4	Rrm2
0	1.42801444661117	0.961	0.618	0	4	Nucks1
0	1.40272374327685	0.965	0.694	0	4	Dek
0	1.40070784324233	0.696	0.044	0	4	Cenpp
0	1.39835224250715	0.644	0.02	0	4	Hmmr
0	1.3925041631437	0.96	0.677	0	4	H2afv
0	1.39087341528015	0.975	0.703	0	4	Ube2s
0	1.36759531082439	0.995	0.912	0	4	Hmgb1
0	1.36591281654548	0.967	0.643	0	4	Lmnb1
0	1.33804275531884	0.746	0.04	0	4	Cdk1
0	1.33485579124055	0.7	0.05	0	4	Clspn
0	1.29974860579796	0.708	0.054	0	4	Cdca3
0	1.28867157557449	0.673	0.057	0	4	Ccnb2
0	1.28750089547541	0.97	0.698	0	4	Ran
0	1.28587202698464	0.926	0.337	0	4	Selenoh
0	1.27550129745029	0.657	0.028	0	4	Neil3
0	1.25964642543703	0.587	0.027	0	4	Hist1h3c
0	1.25030516057235	0.781	0.046	0	4	Spc24
0	1.24520794497061	0.692	0.022	0	4	Ccna2
0	1.23490265723299	0.98	0.813	0	4	Anp32b
0	1.23113181627248	0.82	0.182	0	4	Gmnn
0	1.19625450139321	0.741	0.164	0	4	Mcm3
0	1.19554033335167	0.572	0.101	0	4	Hist2h2ac
0	1.19407871120464	0.82	0.248	0	4	Incenp
0	1.18496314877556	0.84	0.231	0	4	Lockd
0	1.17574839818872	0.716	0.031	0	4	Cit
0	1.16517644472175	0.685	0.029	0	4	Kif4
0	1.16467625910905	0.714	0.111	0	4	Kif15
0	1.15044316175664	0.676	0.169	0	4	Rad51b
0	1.12954942863242	0.748	0.098	0	4	Racgap1
0	1.11279364792088	0.757	0.057	0	4	Asf1b
0	1.09004737569328	0.827	0.195	0	4	Rrm1
0	1.07515811839344	0.688	0.052	0	4	Ncapg2
0	1.06883909635589	0.699	0.101	0	4	Tyms
0	1.03902069025132	0.59	0.037	0	4	Fbxo5
0	1.02430536745498	0.722	0.058	0	4	Tacc3
0	1.02150501696684	0.662	0.139	0	4	Hells
0	1.01500975979864	0.608	0.025	0	4	Aspm
0	0.999163595198864	0.685	0.095	0	4	Kif20b
0	0.999037087821931	0.547	0.055	0	4	Hist1h3e
0	0.985819158887331	0.999	0.993	0	4	Ppia
0	0.984034827723664	0.605	0.045	0	4	Cdc20
0	0.952036022440915	0.683	0.056	0	4	Dlgap5
0	0.946573996389556	0.864	0.326	0	4	Alyref
0	0.944813426826596	0.635	0.047	0	4	Brip1
0	0.942928251473179	0.74	0.172	0	4	Tipin
0	0.940487467150111	0.519	0.036	0	4	Hist1h1d
0	0.936246792072912	0.66	0.077	0	4	Kif23
0	0.930887594058573	0.822	0.275	0	4	Cbx5
0	0.92856337111218	0.711	0.072	0	4	Tk1
0	0.920100789888826	0.702	0.126	0	4	Mcm7
0	0.918270339542493	0.522	0.011	0	4	Esco2
0	0.912612754106184	0.644	0.058	0	4	Uhrf1
0	0.912340092416915	0.523	0.049	0	4	Hist1h4h
0	0.9045174637889	0.641	0.037	0	4	Bub1b
0	0.903350459043288	0.649	0.026	0	4	Cep55
0	0.900728854954672	0.72	0.093	0	4	Ncapd2
0	0.900656355775038	0.706	0.093	0	4	Ccdc34
0	0.899378635817915	0.753	0.105	0	4	Cenpw
0	0.894033580530682	0.554	0.03	0	4	Ccnb1
0	0.886493693914822	0.646	0.113	0	4	Cdkn2c
0	0.885108787812217	0.694	0.145	0	4	E2f2
0	0.877221645213821	0.61	0.072	0	4	Atad5
0	0.876351467116176	0.596	0.025	0	4	Spc25
0	0.870862706386575	0.688	0.104	0	4	Mcm5
0	0.852085200246123	0.64	0.039	0	4	Ncapg
0	0.844123414000602	0.67	0.102	0	4	Ndc80
0	0.844099184443608	0.604	0.025	0	4	Aurkb
0	0.842627637316414	0.671	0.139	0	4	Cep128
0	0.841943998736691	0.735	0.14	0	4	Hmgb3
0	0.834543684860771	0.687	0.155	0	4	Zfp367
0	0.814427655237233	0.641	0.08	0	4	Knstrn
0	0.806779448157985	0.623	0.036	0	4	Rad51
0	0.80128939051006	0.807	0.23	0	4	Fkbp2
0	0.800305254917802	0.543	0.025	0	4	Mis18bp1
0	0.789959270894308	0.585	0.018	0	4	Ckap2l
0	0.787960549583868	0.565	0.031	0	4	Brca1
0	0.787894580535083	0.644	0.083	0	4	Prim1
0	0.780442331166026	0.592	0.052	0	4	Ckap2
0	0.770061778569901	0.616	0.043	0	4	Ncaph
0	0.761139560202515	0.762	0.195	0	4	Phgdh
0	0.756704286372988	0.687	0.12	0	4	Plk4
0	0.751165798713033	0.631	0.063	0	4	Arhgap11a
0	0.746247179834638	0.58	0.05	0	4	Ect2
0	0.730749504125247	0.44	0.026	0	4	Hist1h3f
0	0.724320359138572	0.542	0.037	0	4	Cdkn3
0	0.714800551693502	0.53	0.02	0	4	Shcbp1
0	0.714377038505499	0.559	0.046	0	4	Kif22
0	0.693040166120162	0.516	0.017	0	4	Sgo2a
0	0.690399636939201	0.493	0.023	0	4	Hist1h2bj
0	0.687475020631733	0.556	0.013	0	4	Rad51ap1
0	0.681809959813957	0.706	0.128	0	4	Pmf1
0	0.674698432419901	0.571	0.047	0	4	Chaf1a
0	0.674449558145454	0.524	0.021	0	4	Cdca2
0	0.673506172778893	0.515	0.017	0	4	Depdc1a
0	0.669578136636989	0.565	0.028	0	4	Cenph
0	0.663672507188619	0.633	0.093	0	4	Rfc4
0	0.662413498059227	0.419	0.013	0	4	Hist1h2bb
0	0.6584580890137	0.582	0.038	0	4	Cenpk
0	0.646590920662782	0.575	0.038	0	4	Cenpm
0	0.64600569979392	0.532	0.016	0	4	Bub1
0	0.64573976163706	0.499	0.07	0	4	Hist1h2be
0	0.637662127584233	0.446	0.014	0	4	Hist1h2bm
0	0.632094191763467	0.46	0.009	0	4	Pbk
0	0.625271642167061	0.631	0.066	0	4	Mad2l1
0	0.624643504325131	0.53	0.021	0	4	Sgo1
0	0.606655489596443	0.535	0.041	0	4	Pole
0	0.602682895139732	0.543	0.034	0	4	Spdl1
0	0.601023082133714	0.462	0.014	0	4	Plk1
0	0.595474450696814	0.51	0.011	0	4	Nuf2
0	0.587147140601011	0.362	0.016	0	4	Hist1h1a
0	0.583402205646282	0.499	0.039	0	4	Anln
0	0.581023549667579	0.453	0.01	0	4	E2f8
0	0.576756138077377	0.446	0.037	0	4	Hist2h2bb
0	0.568913858763748	0.513	0.059	0	4	Dhfr
0	0.567193925394588	0.509	0.036	0	4	Stil
0	0.559954166747852	0.531	0.074	0	4	Kif18a
0	0.547077043239064	0.646	0.137	0	4	Rnaseh2b
0	0.543362267198054	0.593	0.11	0	4	Fen1
0	0.542359746260308	0.411	0.01	0	4	E2f7
0	0.535932530669214	0.575	0.093	0	4	Blm
0	0.528800593361776	0.435	0.014	0	4	Parpbp
0	0.52584976146583	0.453	0.013	0	4	Ska1
0	0.512775167637918	0.438	0.013	0	4	Kntc1
0	0.512388116546108	0.413	0.018	0	4	Hist1h2ai
0	0.507207212307603	0.434	0.034	0	4	Aurka
0	0.50644824110781	0.413	0.009	0	4	Kif14
0	0.505819173515803	0.425	0.016	0	4	Polq
0	0.502026072214599	0.497	0.025	0	4	Cdc45
0	0.501631754402102	0.459	0.023	0	4	Spag5
0	0.499815388711855	0.469	0.054	0	4	Mastl
0	0.498780735499119	0.379	0.013	0	4	Cdc6
0	0.497070153802245	0.43	0.011	0	4	Mxd3
0	0.493755978806069	0.512	0.076	0	4	Hirip3
0	0.491368857131531	0.385	0.04	0	4	Hist2h2aa1
0	0.490706425440344	0.431	0.01	0	4	Kif2c
0	0.482793568053538	0.416	0.039	0	4	E2f1
0	0.482697980145257	0.453	0.03	0	4	Melk
0	0.476765191204665	0.451	0.036	0	4	Ccnf
0	0.471666103819999	0.491	0.074	0	4	Gins2
0	0.4701951813296	0.475	0.03	0	4	Cip2a
0	0.468263865581448	0.385	0.015	0	4	Hist1h2ak
0	0.466208168659614	0.41	0.008	0	4	Nek2
0	0.462220460380457	0.454	0.021	0	4	Foxm1
0	0.461785439569828	0.401	0.041	0	4	Ulbp1
0	0.45954023007941	0.542	0.091	0	4	Sass6
0	0.457265494278083	0.548	0.079	0	4	Rfc5
0	0.44845063644721	0.538	0.073	0	4	Ska2
0	0.44350383734648	0.402	0.01	0	4	Sapcd2
0	0.420421066174219	0.414	0.022	0	4	Ticrr
0	0.418252149821579	0.406	0.011	0	4	Cdca5
0	0.415908216472087	0.41	0.013	0	4	Cenpi
0	0.414780432101029	0.444	0.027	0	4	Fignl1
0	0.411890753669946	0.367	0.01	0	4	Pimreg
0	0.409811985766645	0.408	0.03	0	4	Tcf19
0	0.404983654066473	0.422	0.033	0	4	Zwilch
0	0.399950684444497	0.376	0.035	0	4	Hist1h2ac
0	0.39943851460881	0.328	0.007	0	4	Hist1h2af
0	0.397199404248454	0.419	0.023	0	4	Trip13
0	0.389914722220605	0.386	0.02	0	4	Mybl2
0	0.383544259489613	0.346	0.007	0	4	Prr11
0	0.376618509781237	0.36	0.008	0	4	Kif18b
0	0.37528946157645	0.347	0.013	0	4	Arhgap19
0	0.367939455208618	0.335	0.014	0	4	Hist1h3i
0	0.364912862711473	0.379	0.015	0	4	Kif20a
0	0.363098965122166	0.356	0.008	0	4	Ttk
0	0.359826798673547	0.388	0.024	0	4	Cenps
0	0.356177360846808	0.388	0.029	0	4	Nrm
0	0.348029574427808	0.321	0.008	0	4	Hist1h2an
0	0.346310011602421	0.353	0.02	0	4	Kifc1
0	0.344095230234739	0.31	0.02	0	4	Ccdc18
0	0.337547693446709	0.282	0.014	0	4	Gas2l3
0	0.337040337494261	0.331	0.013	0	4	Rad54b
0	0.336662117664949	0.424	0.044	0	4	Dsn1
0	0.334821010441448	0.346	0.012	0	4	Mcm10
0	0.334209674402349	0.291	0.006	0	4	Depdc1b
0	0.329562069889938	0.309	0.003	0	4	Hist1h3b
0	0.320676849619602	0.389	0.027	0	4	Poc1a
0	0.316118199076947	0.368	0.021	0	4	Ska3
0	0.313507133720956	0.327	0.017	0	4	Hist1h2bg
0	0.302066180345888	0.256	0.006	0	4	Hist1h2bn
0	0.288768699532235	0.32	0.015	0	4	Chek1
0	0.277032122234234	0.304	0.009	0	4	Exo1
0	0.275560192110049	0.288	0.008	0	4	Espl1
0	0.267316543197025	0.274	0.007	0	4	Cdc25c
0	0.264351589928003	0.278	0.01	0	4	Hist1h2ag
0	0.259143427285583	0.257	0.006	0	4	Troap
0	0.255735286222534	0.29	0.013	0	4	Dscc1
6.32359879106231e-306	1.22806828434517	0.864	0.394	2.04157386969447e-301	4	Ezh2
6.94982189417105e-305	0.427109742209333	0.489	0.072	2.24374999853312e-300	4	Orc1
3.6975536672299e-303	0.364138684245713	0.365	0.035	1.19375520146517e-298	4	Gpsm2
1.39496844877287e-301	0.67742680008482	0.692	0.171	4.50365563686322e-297	4	Prdx4
2.77559962845175e-300	0.933175091803165	0.984	0.805	8.96102340045648e-296	4	Hint1
7.27548593855238e-300	0.388416334664341	0.458	0.064	2.34889063526164e-295	4	Ube2t
9.56200896860571e-300	0.263380031365133	0.296	0.019	3.08709459551435e-295	4	Rad54l
4.79064980032886e-297	0.965531254937616	0.988	0.885	1.54666128803617e-292	4	Rbm3
6.04765417504247e-297	0.478509649873085	0.443	0.061	1.95248515041246e-292	4	Hist1h4c
1.53992141400348e-294	1.00033992404023	0.789	0.284	4.97163628511024e-290	4	Dnmt1
1.91517847362172e-293	1.28517790818401	0.724	0.234	6.18315370208771e-289	4	Pola1
6.90855067087759e-291	0.37890809109134	0.467	0.068	2.23042558409283e-286	4	Timeless
1.12126471533542e-287	0.285033322313505	0.316	0.026	3.62000313346041e-283	4	2610318N02Rik
3.61706235340662e-287	0.528280815374499	0.529	0.098	1.16776858079733e-282	4	Rfc3
6.14289549365299e-287	0.265659378567715	0.322	0.027	1.98323381012587e-282	4	Hist1h3a
7.33822198730042e-287	0.261259935788673	0.318	0.026	2.36914496859994e-282	4	Pkmyt1
1.21065414451422e-286	0.980581600971538	0.984	0.773	3.90859690556416e-282	4	Txn1
8.37603564117348e-286	0.380408554767391	0.437	0.061	2.70420310675286e-281	4	Rmi2
1.45429680324301e-284	0.699948098422317	0.689	0.186	4.69519722927005e-280	4	Orc6
1.74229238871778e-282	0.555838227940255	0.617	0.134	5.62499097697535e-278	4	Bard1
2.03748761394033e-282	0.882714362451729	0.902	0.402	6.57802876160636e-278	4	Lsm5
2.41867935517045e-282	0.840794160861149	0.471	0.078	7.8087062981678e-278	4	1500009L16Rik
9.88398811125006e-282	0.693036829221966	0.654	0.162	3.19104556171708e-277	4	Mms22l
8.86402045148308e-281	1.01908057331645	0.846	0.32	2.86174900276131e-276	4	Lig1
7.05198866094132e-280	1.05318103917747	0.952	0.662	2.27673453918491e-275	4	Hnrnpab
3.11746621053719e-279	1.57092983307666	0.855	0.417	1.00647396607193e-274	4	Cenpa
4.79651871843113e-279	0.971450545601989	0.919	0.525	1.54855606824549e-274	4	Snrpd1
2.21139135858189e-277	0.918239318392871	0.98	0.874	7.13947700118162e-273	4	Hnrnpa3
1.40627533215971e-274	0.663296305239904	0.609	0.145	4.54015990987762e-270	4	Wdr76
2.76196323970417e-274	0.299250535150762	0.388	0.048	8.9169983193849e-270	4	Cdc7
2.90193527404442e-273	0.294356992541474	0.346	0.036	9.36889803225241e-269	4	Cenpn
1.77546925822439e-271	0.868247200009646	0.911	0.444	5.73210250017745e-267	4	Banf1
2.72784355765685e-265	0.325181003405308	0.383	0.048	8.80684292589513e-261	4	Gins1
1.54776356054008e-264	0.377456262931569	0.442	0.068	4.99695465520365e-260	4	Brca2
3.33179153997088e-264	0.2505654452188	0.309	0.028	1.0756688986796e-259	4	Fanca
7.45607118726899e-264	0.313499952431896	0.299	0.025	2.40719258280979e-259	4	Zranb3
1.71050862464398e-262	0.380897278297732	0.428	0.065	5.52237709466308e-258	4	Pole2
9.44320292655569e-262	0.4217122506451	0.414	0.061	3.0487380648385e-257	4	Ccne1
5.14713419874577e-261	0.649343943563127	0.734	0.211	1.66175227606507e-256	4	Hmgn5
2.24103853321234e-260	0.482571919060177	0.518	0.102	7.23519290447604e-256	4	Reep4
2.51237840436381e-259	0.347354814205122	0.266	0.018	8.11121367848858e-255	4	Efcab11
4.18066023235326e-257	0.288928194261564	0.402	0.056	1.34972615601525e-252	4	Pold1
1.09722875893166e-255	0.776609937161638	0.77	0.267	3.54240304821087e-251	4	Hjurp
3.16034899649793e-255	0.286016531011511	0.429	0.065	1.02031867351936e-250	4	Suv39h1
1.26794443382686e-252	0.27133311413487	0.295	0.026	4.09355860461e-248	4	Hist1h4n
2.42462378115177e-252	0.314480622604001	0.397	0.056	7.8278978774485e-248	4	Haspin
8.53255781701649e-252	0.758909663781937	0.71	0.22	2.75473629122377e-247	4	Mcm4
1.52868682981966e-251	1.23710817602735	0.997	0.795	4.93536543007277e-247	4	Lgals1
3.85571252118996e-251	0.552057989135865	0.542	0.118	1.24481678746618e-246	4	Mcm2
2.97636984161855e-249	0.292928745026609	0.313	0.032	9.60921003366549e-245	4	Syce2
2.47783970883375e-247	0.317633891022888	0.407	0.062	7.99970549996977e-243	4	Slc43a3
2.49553938743898e-247	0.442581725528047	0.628	0.152	8.05684891234674e-243	4	Anapc15
4.26440407058489e-246	-0.963094823740979	0.997	1	1.37676285418833e-241	4	Malat1
2.20348766385756e-245	0.632612747948951	0.715	0.217	7.11395992276414e-241	4	Dctpp1
2.92434815288403e-244	0.746854193853239	0.621	0.173	9.44125801158609e-240	4	Tuba1c
3.7765415747083e-244	0.98160417686646	0.808	0.344	1.21925644739458e-239	4	Ckap5
9.73387784720063e-244	0.495664498906331	0.662	0.176	3.14258246296872e-239	4	Sdf2l1
2.45972026963998e-243	0.412651432591818	0.416	0.066	7.94120689053269e-239	4	Fam83d
4.24878378484475e-243	0.711827754154618	0.688	0.207	1.37171984493713e-238	4	Dtl
5.14461818850742e-242	0.717211140140967	0.777	0.277	1.66093998215962e-237	4	Topbp1
7.4206726248559e-242	0.610360711403879	0.62	0.159	2.39576415693473e-237	4	Prim2
1.27451927567002e-241	0.995260727770386	0.956	0.652	4.11478548150065e-237	4	Tagln2
1.24106540725352e-240	0.365779247945842	0.434	0.074	4.00677966731799e-236	4	Mns1
4.64632971011955e-240	0.48313267520824	0.454	0.083	1.5000675469121e-235	4	Hist1h2bc
2.16169130470418e-238	0.272634671224121	0.344	0.043	6.97902037723744e-234	4	Tmem97
2.54093529390535e-238	0.318557657079261	0.404	0.063	8.20340959637342e-234	4	Rcc1
9.05626538779868e-236	0.562273030627449	0.717	0.216	2.9238152804508e-231	4	Cmc2
1.75925882567464e-234	0.519623684113929	0.637	0.166	5.67976711869058e-230	4	Rbl1
3.26849796837413e-234	0.414531048929071	0.552	0.124	1.05523456908959e-229	4	Tubg1
8.16197696732357e-231	0.975082644414821	0.943	0.658	2.63509426390041e-226	4	Nap1l1
2.67938583366376e-230	0.568505132053713	0.755	0.245	8.65039716398346e-226	4	Lsm2
6.06641136080263e-229	0.413716829484808	0.58	0.137	1.95854090783513e-224	4	Haus4
1.99227019939812e-228	0.975460298825081	0.893	0.507	6.43204433875684e-224	4	Ranbp1
9.03042244401989e-228	1.20135580893756	0.993	0.809	2.91547188605182e-223	4	Crip1
7.06713677001483e-227	0.645418080831708	0.706	0.226	2.28162510619929e-222	4	Rfwd3
5.3903923426694e-226	0.343802417313947	0.348	0.049	1.74028816783081e-221	4	Cdca7
3.90073781270689e-224	0.882204472578749	0.924	0.613	1.25935320283242e-219	4	Smc1a
7.4068256924236e-224	0.385565982533769	0.423	0.075	2.39129367479896e-219	4	Alms1
9.02634605966527e-223	0.737391924630129	0.833	0.356	2.91415582536293e-218	4	Rangap1
4.27768651073183e-222	0.30231385864845	0.409	0.069	1.38105108998977e-217	4	Wee1
1.98907279185338e-221	0.827901377010972	0.84	0.394	6.42172150849864e-217	4	Dnajc9
6.65140646783616e-221	0.751942164516629	0.829	0.355	2.1474065781409e-216	4	Hpf1
1.91325018461712e-220	0.735352468370786	0.972	0.804	6.17692822103638e-216	4	Snrpe
4.52025656591105e-220	1.14761259569827	0.939	0.622	1.45936483230438e-215	4	Cmtm7
2.93085370154115e-218	0.392779662845161	0.406	0.072	9.46226117542561e-214	4	Kpna2
9.49438171726251e-218	0.632315714714848	0.807	0.307	3.0652611374182e-213	4	Ddx39
1.38210286675824e-217	0.799756112525604	0.959	0.677	4.46211910532898e-213	4	Cbx3
1.70908838583795e-217	0.955016364996456	0.858	0.445	5.51779185367782e-213	4	Nsd2
5.70066130109051e-217	0.528266793094579	0.674	0.2	1.84045850105707e-212	4	Rpa2
1.99622352257363e-216	0.812761717250267	0.908	0.51	6.44480764262896e-212	4	Dbi
2.61219706240333e-214	0.536041572344316	0.766	0.261	8.43347821596915e-210	4	Lsm3
6.34363562508495e-213	-1.19276738849864	1	1	2.04804276155868e-208	4	Gm42418
1.08869970942356e-211	0.332035386339325	0.404	0.072	3.51486701187397e-207	4	Wdhd1
6.98368006003428e-211	0.282843559394859	0.276	0.03	2.25468110738207e-206	4	Mlf1
5.33946029878574e-210	0.436713240892273	0.526	0.123	1.72384475746298e-205	4	BC052040
1.13629024027162e-209	0.982208740312701	0.647	0.225	3.66851304071692e-205	4	Hist1h1c
2.06246494802923e-209	0.350733369540128	0.341	0.05	6.65866808471238e-205	4	Ccne2
3.55104598312962e-209	0.457293687604605	0.492	0.112	1.1464551956534e-204	4	Mtbp
1.59533177206678e-207	0.319229994060982	0.441	0.087	5.1505286261176e-203	4	Ttf2
1.70463453086047e-207	0.504731590350954	0.629	0.187	5.50341258288301e-203	4	Tfdp1
3.48378062638941e-207	0.697587315823179	0.838	0.382	1.12473857522982e-202	4	Anapc5
1.86275494802649e-206	1.03927198512358	0.839	0.44	6.01390434970353e-202	4	Pcna
2.28343249705625e-206	0.669678044398351	0.714	0.26	7.37206181674609e-202	4	Siva1
2.34354943606386e-206	0.681312746051698	0.696	0.235	7.56614935433217e-202	4	Fabp5
3.95148446012451e-206	0.772960466220079	0.958	0.695	1.2757367579512e-201	4	Calm3
3.65506876092183e-205	0.454957386348576	0.656	0.194	1.18003894946361e-200	4	Ppil1
9.80232645081011e-204	0.346312964713419	0.537	0.129	3.16468109464404e-199	4	Ppih
1.8941212977328e-202	0.475064609817476	0.526	0.129	6.11517060973035e-198	4	Zgrf1
1.01539738465154e-199	0.288995911526321	0.359	0.059	3.27821045634751e-195	4	Chaf1b
3.63381530169799e-199	1.08479595087208	0.985	0.761	1.1731772701532e-194	4	Vim
1.34820379613027e-197	0.789670869159343	0.902	0.519	4.35267595580659e-193	4	Lbr
8.01170532711119e-196	0.38281693052171	0.463	0.103	2.58657906485785e-191	4	Samd1
9.7237469860302e-196	0.913754792636747	0.845	0.44	3.13931171443985e-191	4	Mcm6
3.7744773965734e-195	1.36674840757558	0.989	0.888	1.21859002748372e-190	4	Arl6ip1
4.67437583661532e-194	0.696565746112415	0.775	0.316	1.50912223885126e-189	4	Ncapd3
5.41500153841023e-194	-0.600824220256555	0.997	0.998	1.74823324667574e-189	4	Rps27
7.64077222472252e-192	0.867592158222314	0.898	0.58	2.46682331275167e-187	4	Rad21
1.30732723818917e-191	0.814086684328296	0.933	0.64	4.22070598849374e-187	4	1810037I17Rik
4.81926409281983e-190	0.307447488500648	0.447	0.099	1.55589941236688e-185	4	Psat1
1.21937352010466e-189	0.561377213969716	0.78	0.303	3.9367474096579e-185	4	Ncaph2
5.20449415080333e-189	0.570410236868863	0.707	0.25	1.68027093658686e-184	4	Dbf4
5.24929069732552e-188	0.609347380503676	0.6	0.19	1.69473350163155e-183	4	E2f3
8.08533008724843e-187	0.683698998378953	0.964	0.779	2.61034881866815e-182	4	Cox7a2
3.16776016336426e-186	0.421416540365296	0.599	0.175	1.02271136874215e-181	4	AI506816
1.86260261364031e-184	0.497714992121961	0.661	0.217	6.01341253813773e-180	4	Fam111a
3.30189165811474e-184	0.796556229922231	0.952	0.664	1.06601572182234e-179	4	Hsp90b1
1.4643353070448e-183	-0.998736971715871	0.946	0.966	4.72760653879414e-179	4	Btg1
1.50482967469498e-182	0.913479624834161	0.884	0.495	4.85834260475274e-178	4	Atad2
4.73410599604034e-182	0.725683459607851	0.87	0.454	1.52840612082162e-177	4	Hdgf
1.84066419204063e-181	0.315671149740116	0.422	0.091	5.94258434400317e-177	4	Tbc1d31
2.38951955144542e-181	0.448690393808643	0.626	0.193	7.71456387184153e-177	4	Rad18
9.48039131741604e-181	0.607055488036558	0.769	0.316	3.06074433682777e-176	4	Usp1
1.64159404522669e-180	0.9071041087286	0.839	0.482	5.29988637501437e-176	4	Slbp
1.72880593828509e-179	0.652158592665254	0.987	0.875	5.58144997175341e-175	4	Tpm3
8.44475572129228e-179	0.337283131498655	0.468	0.113	2.72638938461921e-174	4	Rdm1
3.50552495826837e-178	0.588160230563007	0.812	0.35	1.13175873277694e-173	4	Csrp1
4.44909075000443e-178	0.683969570707977	0.985	0.896	1.43638894863893e-173	4	Ybx1
5.51141343552195e-178	0.633211747123771	0.864	0.422	1.77935982765826e-173	4	Rnaseh2c
3.18718813915951e-177	1.12139495526649	0.819	0.465	1.02898369072765e-172	4	Ly6e
7.58664904981311e-177	0.322605449050331	0.477	0.115	2.44934964573216e-172	4	Lin9
9.76300913697438e-177	0.61245725512222	0.85	0.405	3.15198749987218e-172	4	Exosc8
1.16893015228336e-176	0.691608282476283	0.908	0.543	3.77389099664683e-172	4	Mrpl18
5.02532951008111e-176	0.632488902737253	0.986	0.887	1.62242763232969e-171	4	Clic1
2.81116971599922e-175	0.291217319899499	0.501	0.127	9.07586142810348e-171	4	Pole3
1.94015424017472e-174	0.645722907786388	0.981	0.867	6.26378796440409e-170	4	Sumo2
2.20942194587801e-174	0.455944127452872	0.713	0.257	7.13311875226717e-170	4	Ubl4a
1.03854422292532e-173	0.626619677626543	0.878	0.464	3.3529400237144e-169	4	Lsm6
2.75180696992014e-171	0.773436807607872	0.668	0.252	8.88420880238716e-167	4	Cdc25b
2.8054999969843e-169	0.591326260291274	0.981	0.87	9.0575567402638e-165	4	Snrpg
1.17319990057562e-168	0.536282497846256	0.718	0.282	3.78767587900838e-164	4	Dtymk
1.61043918614521e-167	0.645054582286899	0.974	0.837	5.19930291246982e-163	4	Srsf3
1.56177422534828e-166	0.669466090859195	0.993	0.9	5.04218808653694e-162	4	Gapdh
9.1318812495294e-166	0.631919179882463	0.85	0.418	2.94822786141057e-161	4	Rbbp7
1.45507377690517e-163	0.381951962061739	0.55	0.162	4.69770568873833e-159	4	Ifi30
6.07235462869273e-163	0.290650993217116	0.497	0.132	1.96045969187345e-158	4	Nup62
1.02055378966383e-162	0.567470755120059	0.987	0.903	3.29485790992967e-158	4	Cox8a
1.03907089760742e-162	0.764637452832345	0.929	0.605	3.35464039292556e-158	4	Sec11c
2.16285861490817e-162	0.680751825708219	0.947	0.707	6.98278903823101e-158	4	Smc4
1.76132956578785e-161	0.321822559956664	0.573	0.171	5.68645250314607e-157	4	Haus6
1.60594868298107e-160	0.535525346627951	0.703	0.27	5.18480532300437e-156	4	Hat1
6.16790759798726e-160	0.43386947049621	0.576	0.186	1.99130896801019e-155	4	Pold3
6.80837263177909e-158	0.317947687650834	0.45	0.115	2.19808310416988e-153	4	Bora
4.41027152749691e-157	0.49672761321978	0.758	0.309	1.42385616265238e-152	4	Eri1
1.21343334864882e-156	0.567541266941311	0.807	0.376	3.9175695661127e-152	4	Kmt5a
6.75058055402472e-156	0.646309018279164	0.939	0.649	2.17942493186688e-151	4	Ywhah
3.71678615119995e-155	0.298828902209269	0.578	0.177	1.1999644089149e-150	4	Rpa3
1.56544314972387e-153	0.389023773531194	0.65	0.227	5.05403320888353e-149	4	Nxt1
4.16165914609098e-153	0.41622264413529	0.674	0.249	1.34359165531547e-148	4	Prelid3b
6.1895160012241e-152	0.465952153011669	0.692	0.262	1.9982852409952e-147	4	Cenpc1
1.21881919425145e-151	0.63368347751723	0.961	0.742	3.93495776864079e-147	4	Cox5b
2.69478358997488e-151	0.677611276107155	0.999	0.965	8.7001088202339e-147	4	Actg1
7.85470193970537e-151	-1.18897203509206	0.982	0.992	2.53589052123388e-146	4	Arhgap15
4.51545319289754e-150	0.462149164811225	0.768	0.321	1.45781406332697e-145	4	Xpo1
7.59641466503381e-149	0.645851616566313	0.959	0.764	2.45250247460617e-144	4	Cox5a
5.45734275050316e-148	0.550266093029185	1	1	1.76190310699994e-143	4	Actb
1.59624971995781e-147	0.382604045039128	0.659	0.236	5.1534922208838e-143	4	Impdh2
1.16777474511795e-146	0.480671201890257	0.751	0.314	3.77016076461332e-142	4	Plp2
7.49492476756261e-146	0.45355566280327	0.678	0.265	2.41973646120759e-141	4	Rfc2
4.22235032896139e-145	0.618302905410199	0.963	0.78	1.36318580370519e-140	4	Hnrnpd
3.08087206892046e-144	0.286690295967568	0.552	0.17	9.94659547450972e-140	4	Cenpq
3.86248052708642e-144	0.284693585765444	0.47	0.132	1.24700183816985e-139	4	Pola2
2.56724111637771e-143	0.641726703322537	0.929	0.653	8.28833794422544e-139	4	Srsf2
1.5628610365921e-142	0.320779754660685	0.5	0.15	5.0456968566376e-138	4	Nelfe
5.62355833236281e-142	-0.894190679860685	0.138	0.529	1.81556580760333e-137	4	Kdm5b
5.630229120657e-142	0.299795821717883	0.51	0.152	1.81771947160411e-137	4	Mis18a
8.06138147123814e-142	0.609453231018182	0.867	0.466	2.60261700798923e-137	4	Cycs
9.57777070744257e-142	0.712476156544725	0.952	0.723	3.09218327289783e-137	4	Jpt1
1.03194060123032e-141	-0.994084971532167	0.874	0.931	3.3316202310721e-137	4	Utrn
1.39460395860957e-141	0.609288695064589	0.924	0.631	4.50247888037098e-137	4	Lsm4
9.59144722484478e-141	0.284670455665071	0.463	0.129	3.09659873654114e-136	4	Cenpl
1.24208346492869e-140	0.585965134216845	0.898	0.563	4.01006646652228e-136	4	Snrpf
2.28047919080633e-140	0.269004818223719	0.495	0.145	7.36252706751823e-136	4	Paxip1
2.64726532279963e-140	0.280998103245018	0.563	0.178	8.5466960946586e-136	4	Fxn
7.0463563023436e-140	0.260300866340797	0.435	0.117	2.27491613221163e-135	4	Metrn
3.11170927726497e-139	0.268592911272053	0.482	0.139	1.004615340165e-134	4	Pih1d1
4.8452115576188e-139	0.470522185905774	0.757	0.328	1.56427655137723e-134	4	Snrpa1
5.54171607101844e-139	0.340374985021634	0.511	0.16	1.7891430335283e-134	4	Fzr1
2.38376592844575e-138	0.498788561561561	0.708	0.302	7.69598829998711e-134	4	Cisd1
4.58504999199006e-138	0.505651395968285	0.76	0.34	1.48028338991399e-133	4	Pa2g4
2.93577671581823e-137	0.655054900056892	0.883	0.526	9.47815512701915e-133	4	Nasp
7.32596718778874e-137	0.448234557706189	1	1	2.36518850657759e-132	4	Rpsa
1.08854904011377e-136	0.489772880745346	0.999	0.998	3.51438057600731e-132	4	Rpl41
2.80421029104799e-136	0.775220855298453	0.958	0.747	9.05339292464842e-132	4	Emp3
6.67743046154594e-136	0.5699385446459	0.827	0.438	2.15580842451011e-131	4	Ssrp1
2.65497684387182e-135	0.476427987621421	0.803	0.373	8.57159274044016e-131	4	Mrpl51
1.06306372480393e-134	0.543376837894118	0.992	0.965	3.43210123552948e-130	4	Calm1
1.13520058927586e-134	0.569723468880145	0.963	0.793	3.6649951024771e-130	4	Atp5j
2.01380892802581e-134	0.373922694898488	0.662	0.25	6.50158212413132e-130	4	Vars
1.28508231425392e-132	0.266475609177485	0.507	0.158	4.14888825156879e-128	4	Timm50
2.119813708485e-131	0.431213928593697	0.713	0.301	6.84381855784383e-127	4	Cnih4
2.78410561876877e-131	0.599926041367573	0.951	0.729	8.98848499019496e-127	4	Hnrnpa1
9.23657769385062e-131	0.427162038266686	0.752	0.328	2.98202910845967e-126	4	Elof1
1.4322286763778e-130	0.600365453139112	0.863	0.511	4.62395028168573e-126	4	Baz1b
1.63994593658395e-130	0.294968780339872	0.53	0.172	5.2945654562613e-126	4	Gins4
4.7304083968287e-130	0.634435777485815	0.962	0.81	1.52721235091615e-125	4	Set
3.3360056303209e-129	0.372169928353157	0.55	0.192	1.0770294177491e-124	4	G2e3
4.75115791695577e-129	0.620462707349311	0.949	0.679	1.53391133348917e-124	4	Prdx1
8.36605462293499e-129	0.630155523981192	0.972	0.794	2.70098073501456e-124	4	Eif5a
2.25910177022052e-128	0.640655297022358	0.998	0.97	7.29351006515694e-124	4	Rps2
2.58305896588456e-128	0.250500737450302	0.459	0.134	8.33940587135829e-124	4	Dgcr8
1.33135480652037e-127	0.556861757457056	0.915	0.557	4.29827899285103e-123	4	Atpif1
2.0760916733993e-127	0.30951476290598	0.525	0.172	6.70266196756964e-123	4	Cdt1
6.40932789821509e-127	0.338782707096392	0.367	0.098	2.06925151193874e-122	4	Gm49980
2.17720265202735e-126	0.496335025655239	0.325	0.081	7.02909876207031e-122	4	Gm42047
2.55599795869971e-126	0.29145519020228	0.493	0.157	8.252039409662e-122	4	Tubgcp2
4.83458294636932e-126	0.566991225899618	0.918	0.591	1.56084510423533e-121	4	Manf
6.3059245455978e-126	0.305413991285754	0.529	0.175	2.03586773954625e-121	4	Carhsp1
8.44304295695655e-126	-1.66261569266596	0.786	0.825	2.72583641865342e-121	4	Ccnd3
1.30341305554019e-125	0.510357741708294	0.994	0.947	4.20806904981151e-121	4	Hnrnpa2b1
2.08897805724264e-125	0.394417853625449	0.714	0.295	6.74426565780786e-121	4	Pcnt
2.52621229426948e-125	0.291090429410462	0.562	0.19	8.15587639204902e-121	4	Lnpk
1.25199188309635e-124	-1.201152084523	0.987	0.989	4.04205579457655e-120	4	Cmss1
5.91219205735588e-123	0.509102200140517	0.87	0.459	1.90875120571735e-118	4	Tmem256
7.35843648531252e-123	0.513950417081442	0.871	0.499	2.37567121928315e-118	4	Cbx1
9.52964468494694e-123	0.668765061174197	0.719	0.359	3.07664578653512e-118	4	Cdkn2d
1.1010366838133e-122	0.363870506177867	0.406	0.119	3.55469693369124e-118	4	Cntln
2.02341612971205e-122	0.431960884943415	0.696	0.301	6.53259897477536e-118	4	Tceal9
1.21267682692201e-121	0.634532483331702	0.847	0.481	3.91512713571771e-117	4	Tpi1
1.88938064348748e-121	0.47272484805906	1	0.998	6.09986540749932e-117	4	Tmsb10
2.43256799575914e-121	0.584007484438982	0.885	0.583	7.85354577430839e-117	4	Suz12
7.93134596805951e-121	0.328232540031338	0.667	0.263	2.56063504578801e-116	4	Ilf2
1.0981968043035e-120	0.393990173266253	0.696	0.296	3.54552838269384e-116	4	Mthfd2
1.2707093756898e-120	0.472821745180788	0.793	0.392	4.10248521941451e-116	4	Nudc
1.39444708102549e-120	0.540971986497094	0.993	0.898	4.50197240109079e-116	4	Lcp1
4.15567010999017e-119	0.562193536028406	0.902	0.613	1.34165809501033e-114	4	Supt16
1.18735194400104e-118	0.388554888876764	0.679	0.286	3.83336575120735e-114	4	Nde1
2.89334702641337e-118	-0.780156586093354	0.908	0.919	9.34117087477557e-114	4	Macf1
3.66357178454124e-118	0.482740898376058	0.849	0.452	1.18278415063914e-113	4	Erh
9.61241115502866e-118	0.279452024044127	0.549	0.195	3.103366941401e-113	4	Nudt5
2.743494105473e-117	0.51804523067384	0.968	0.815	8.85737071951958e-113	4	Atp5j2
3.10236604061063e-117	0.399434081269783	0.698	0.303	1.00159887621114e-112	4	Pgp
9.63406406660386e-117	0.517970090028516	0.837	0.44	3.11035758390306e-112	4	Rbbp8
2.95121500247234e-116	0.549958042624587	0.946	0.719	9.52799763548195e-112	4	Ndufb7
4.26836755223249e-116	0.56985416457402	0.776	0.391	1.37804246423826e-111	4	Casp3
2.98976917950546e-115	0.321297165369925	0.648	0.257	9.65246979603337e-111	4	Mrpl28
6.55444939486948e-115	0.333804769462433	0.579	0.215	2.11610398713361e-110	4	Dck
8.57592884586113e-115	0.563505471469291	0.883	0.564	2.76873862788627e-110	4	Rbbp4
2.42946680346451e-114	0.275173959634985	0.55	0.195	7.84353357498517e-110	4	Agfg2
3.90178968388405e-114	0.396014518337848	0.668	0.277	1.25969279944196e-109	4	Clic4
1.83766154146813e-113	0.40749195791804	0.347	0.096	5.93289028662984e-109	4	1700097N02Rik
2.16886901345366e-113	0.520582711967324	0.868	0.519	7.00219360993513e-109	4	Tcp1
1.78669471856052e-112	0.315846626735984	0.623	0.242	5.76834389887264e-108	4	Lyar
3.4723096004711e-112	0.556524439460192	0.982	0.901	1.12103515451209e-107	4	Ncl
1.02158234161178e-111	0.483515726016946	0.972	0.846	3.29817858989365e-107	4	Elob
1.33697438197485e-111	0.423875275393755	0.799	0.391	4.3164217922058e-107	4	Ssna1
3.40347497976385e-111	-0.683998403518479	0.945	0.954	1.09881189721676e-106	4	Tnrc6b
6.84237327685683e-111	0.404260200233028	0.517	0.19	2.20906021243323e-106	4	Morrbid
2.3409536463495e-110	0.298833541169458	0.606	0.237	7.55776884723937e-106	4	Aarsd1
2.94460913997699e-110	0.376125088009033	0.603	0.25	9.50667060841573e-106	4	Cdk4
2.97554758989942e-109	0.564042855292586	0.921	0.621	9.60655539399027e-105	4	Pgk1
9.74348657479085e-109	0.349573681864848	0.594	0.236	3.14568464067123e-104	4	Odf2
6.50727909829201e-108	0.291183494348509	0.581	0.221	2.10087505688358e-103	4	Snrnp25
7.69184670319279e-108	0.527710822371683	0.819	0.463	2.48331270812579e-103	4	Casp8ap2
1.23981427478047e-107	-0.792816405624264	0.981	0.983	4.00274038612876e-103	4	Skap1
1.26470898728775e-107	0.324264291289275	0.722	0.318	4.08311296545849e-103	4	Actl6a
2.39650538795354e-107	0.562353915833057	0.918	0.619	7.737117645008e-103	4	Rps27l
2.87979816623212e-107	0.436034009965226	0.711	0.331	9.29742837968041e-103	4	Mast2
3.00923846639659e-107	0.295901513124506	0.424	0.135	9.71532638876138e-103	4	Crybg3
7.33703418085716e-107	0.449153299163938	0.864	0.504	2.36876148528973e-102	4	Nudt21
1.7552714994256e-106	0.361937229571783	0.768	0.368	5.66689403589555e-102	4	Nubp1
2.55378487476336e-106	0.493648255774837	0.929	0.702	8.2448944681735e-102	4	Snrpb
2.85220368679459e-106	1.11369148679716	0.727	0.397	9.20833960281635e-102	4	Il2ra
9.47298254081838e-106	0.435203167889241	0.804	0.417	3.05835241330321e-101	4	Cenpx
2.47325211706921e-105	-0.781591135066446	0.099	0.428	7.98489445995795e-101	4	Tcp11l2
5.68771772518912e-105	0.483494147774872	0.845	0.495	1.83627966757731e-100	4	Sae1
7.98339251254796e-105	0.335689852025057	0.698	0.309	2.57743827267611e-100	4	Med30
8.76701964935814e-105	0.27786166852201	0.439	0.145	2.83043229379528e-100	4	Mbnl3
2.0397644191956e-104	0.557308887715688	0.797	0.467	6.58537942737301e-100	4	Bub3
4.1508282010469e-104	0.387809738476985	0.768	0.379	1.34009488470799e-99	4	Lsm8
4.8448406852372e-104	0.279349745087954	0.519	0.19	1.56415681522883e-99	4	Cdk5rap2
7.70556314326008e-104	0.293895446085429	0.588	0.232	2.48774106080152e-99	4	Ube2e3
6.89923667515442e-103	0.2833327604318	0.653	0.269	2.22741856057361e-98	4	Lrrc59
1.18296516838128e-102	0.26355462585311	0.48	0.17	3.81920304611895e-98	4	Naa40
2.11708339485148e-102	0.50926501878993	0.887	0.517	6.835003740278e-98	4	Sept11
7.38670814525538e-102	0.273975027673315	0.583	0.227	2.3847987246957e-97	4	Eif1ad
5.08396213765264e-101	0.364151830187558	0.756	0.36	1.64135717614115e-96	4	Commd1
8.87212882851898e-101	-0.706766601600057	0.986	0.986	2.86436679228735e-96	4	Ptprc
1.2479810642551e-100	-0.327611570158306	1	1	4.02910686594759e-96	4	Tpt1
3.88188515841273e-100	0.512104027704681	0.902	0.622	1.25326662339355e-95	4	Smc3
1.01422441886519e-99	0.452391950067359	0.985	0.859	3.27442353630628e-95	4	Cox6c
1.0695595202997e-99	0.457623266351121	0.908	0.616	3.45307291128758e-95	4	Raly
1.6683634974325e-99	0.452310553636024	0.758	0.384	5.38631155146082e-95	4	Tuba1a
3.00274101038756e-99	0.482787880121691	0.893	0.555	9.69434935203623e-95	4	Pdap1
3.11567467341402e-99	0.323061839248332	0.673	0.296	1.00589556831172e-94	4	Bex3
4.44619358020525e-99	0.415678418487377	0.57	0.24	1.43545359736926e-94	4	Pttg1
1.30128400503956e-98	0.486776145171278	0.957	0.784	4.20119541027021e-94	4	Slc25a5
1.63255056604609e-98	0.354668200457258	0.725	0.334	5.27068950247981e-94	4	Nfyb
1.85833151603347e-98	-1.27151906749485	0.981	0.981	5.99962329951406e-94	4	AY036118
2.67196870915812e-98	0.411486512279546	0.76	0.379	8.62645097751699e-94	4	Vrk1
3.18137484566294e-98	-0.694037876472485	0.911	0.918	1.02710686892228e-93	4	Stk17b
8.83019598197494e-98	0.359038688145178	0.778	0.379	2.85082877278061e-93	4	Utp3
1.62630792643745e-97	0.443365092505392	0.982	0.848	5.25053514050331e-93	4	Ppp1ca
1.90196947043593e-97	0.636530453631219	0.88	0.546	6.14050843530241e-93	4	Cdk6
2.03813027120862e-97	-0.566974333633678	0.957	0.944	6.58010358059702e-93	4	Laptm5
3.65145524842901e-97	-0.609457985348759	0.951	0.956	1.17887232695531e-92	4	Jak1
5.44418119884938e-97	0.460791335014261	0.959	0.771	1.75765390004852e-92	4	Uqcrq
5.5573710986001e-97	0.386038433422697	0.997	0.967	1.79419725918304e-92	4	Oaz1
1.33507609930496e-96	-0.780546120267361	0.962	0.947	4.31029318660606e-92	4	Rapgef6
1.71917562443047e-96	0.251920336881404	0.541	0.207	5.55035850347377e-92	4	Snrpa
3.75292870346179e-96	0.261973413397267	0.668	0.29	1.21163303191264e-91	4	Mad1l1
4.88955406418727e-96	0.408664735324317	0.824	0.468	1.57859252962286e-91	4	Rnps1
5.76587430304072e-96	0.423492692656297	0.991	0.923	1.8615125187367e-91	4	Gnai2
9.0603350371319e-96	0.368460574631001	0.649	0.29	2.92512916673803e-91	4	Nhp2
6.26462339065917e-95	0.433828126572679	0.821	0.452	2.02253366167431e-90	4	Ndufc1
1.04473380769777e-94	0.501256349907488	0.969	0.821	3.37292309815224e-90	4	Pkm
2.21532946141131e-94	0.451398954930328	0.767	0.418	7.15219116616642e-90	4	Rif1
2.39584298174869e-94	0.348698168107796	0.768	0.377	7.73497906657565e-90	4	Nsmce4a
4.31016751636215e-94	-0.859493377206573	0.93	0.939	1.39153758265752e-89	4	Camk1d
4.50345063740186e-94	0.49636698773798	0.934	0.712	1.45393903828519e-89	4	Srsf7
5.41807535405864e-94	-0.537928952096901	0.978	0.979	1.74922562805783e-89	4	Shisa5
6.26242743718105e-94	0.47333704957452	0.948	0.704	2.0218246980939e-89	4	Prelid1
9.63449860063306e-94	0.681336312063628	0.997	0.885	3.11049787321438e-89	4	S100a10
1.13076570080173e-93	0.552983871152792	0.954	0.826	3.65067706503838e-89	4	Nme2
1.15008688653434e-93	0.449425736900555	0.917	0.644	3.71305551317611e-89	4	Atp5o
1.37378067028667e-93	0.299904341427143	0.688	0.31	4.43525089402053e-89	4	Pin1
1.71532335723794e-93	0.302697515455793	0.412	0.141	5.5379214588427e-89	4	Serf1
2.46636130915206e-93	-1.8083968796509	0.628	0.756	7.96264748659744e-89	4	Foxp1
2.93123842662451e-93	-0.749213773898204	0.899	0.916	9.46350326035725e-89	4	Tnik
4.01325632350836e-93	0.280623192988814	0.668	0.295	1.29567980404468e-88	4	Anapc11
4.84650032528837e-93	-1.225634814946	0.257	0.551	1.56469263001935e-88	4	Tcf7
5.74473265725459e-93	0.252099598599064	0.536	0.207	1.85468693839464e-88	4	Yif1b
6.77535387754438e-93	0.484977747467969	0.849	0.501	2.1874229993652e-88	4	Pgam1
2.00746674982286e-92	0.46702084021908	0.941	0.722	6.48110640180312e-88	4	Gnb2
2.49277822464251e-92	0.288981294907897	0.657	0.286	8.04793449825835e-88	4	Trappc1
3.24640411345944e-92	0.339856413729232	0.731	0.347	1.04810156803038e-87	4	Nudt4
3.84915922999128e-92	0.436127156220618	0.913	0.6	1.24270105740268e-87	4	Ywhaq
4.65823554484967e-92	0.309398897606359	0.671	0.302	1.50391134565472e-87	4	Kdelr2
5.56209133732773e-92	-0.757313367997521	0.828	0.849	1.79572118825626e-87	4	Ube2h
6.85895452984897e-92	0.290981802049826	0.652	0.289	2.21441346996174e-87	4	Idh3a
1.09932080074778e-91	0.536717256051719	0.957	0.737	3.54915720521422e-87	4	Cox17
3.53146608667539e-91	0.513355120373271	0.943	0.821	1.14013382608315e-86	4	Hsp90aa1
4.94639681767231e-91	0.404071974517059	0.754	0.397	1.59694421258551e-86	4	Ak2
5.23995780109891e-91	0.377635729765488	0.995	0.979	1.69172037608478e-86	4	H3f3a
1.17142636480093e-90	0.288600734686877	0.559	0.233	3.7819500187598e-86	4	Parp1
2.71726692368958e-90	0.433604307584852	0.973	0.844	8.77269626313182e-86	4	Atp5g2
2.82596908498224e-90	0.456819832786182	0.922	0.633	9.12364119086518e-86	4	Atp5k
2.84458481486733e-89	-0.721948347871911	0.807	0.837	9.18374207479916e-85	4	Pdcd4
3.37652615980096e-89	0.528795692297989	0.98	0.852	1.09011147069174e-84	4	Ldha
4.09552688110053e-89	0.350484286472857	0.732	0.357	1.32224085356331e-84	4	Hsd17b12
8.16707876656058e-89	0.391808663139169	1	1	2.63674137978408e-84	4	Tmsb4x
1.66811102673753e-88	0.364864215525733	0.82	0.443	5.3854964498221e-84	4	Pfdn6
1.91596042904108e-88	0.461633999553115	0.967	0.839	6.18567824515914e-84	4	H2afy
2.0078732737711e-88	0.352239284452557	0.824	0.433	6.48241886436998e-84	4	Phf5a
3.48215591896956e-88	0.565473573514274	0.859	0.53	1.12421403843932e-83	4	Anxa2
3.61090783047145e-88	0.428104716967638	0.772	0.406	1.16578159306771e-83	4	Myb
4.28222370663549e-88	-1.66812491811387	0.43	0.63	1.38251592368727e-83	4	Satb1
5.21762571681359e-88	0.29413791558683	0.556	0.229	1.68451046267327e-83	4	Adap1
6.95945473160745e-88	0.680685337224424	0.924	0.618	2.24685996009947e-83	4	Pim1
7.21478028995384e-88	-0.322524825474247	1	1	2.3292918166116e-83	4	Rps14
1.50036397942898e-87	0.396203749707481	0.87	0.529	4.84392510758647e-83	4	Ndufc2
1.51125369859236e-87	0.266957988447953	0.658	0.287	4.87908256590542e-83	4	Cse1l
2.08688928005047e-87	0.524184070536309	0.885	0.603	6.73752204064294e-83	4	Nme1
2.49910901760233e-87	0.271812964530857	0.566	0.236	8.06837346332913e-83	4	Uap1
4.29512213037453e-86	0.344098455012806	0.771	0.395	1.38668017979142e-81	4	Dynll2
8.583130149166e-86	0.530810744461333	0.955	0.813	2.77106356865824e-81	4	Calm2
9.24376221759369e-86	0.450128191402659	0.947	0.742	2.98434863195012e-81	4	Uqcr10
1.02234972377878e-85	0.430156024889186	0.965	0.858	3.30065608321979e-81	4	Hnrnpu
1.07047655884959e-85	0.511055486645176	0.945	0.734	3.45603357024589e-81	4	Serinc3
1.35639348525791e-85	0.268777065503938	0.65	0.286	4.37911636715516e-81	4	Myef2
2.99730706281997e-85	0.395202488753376	0.821	0.476	9.67680585231428e-81	4	Mrpl57
3.87248917774403e-85	-0.573830860235833	0.98	0.988	1.25023313103466e-80	4	Mbnl1
4.5487341914805e-85	0.320164547994935	0.749	0.376	1.46855883371948e-80	4	Dpy30
1.39953909437314e-84	0.411448088153665	0.883	0.588	4.51841196618368e-80	4	U2af1
2.28223416958178e-84	0.357379298245599	0.768	0.404	7.36819301649479e-80	4	Vdac1
2.9852134101534e-84	0.427213071143846	0.876	0.546	9.63776149468026e-80	4	Swi5
3.45750443828942e-84	-1.08283240932001	0.686	0.797	1.11625530790174e-79	4	Maml2
6.63118218597289e-84	0.409529911900389	0.99	0.972	2.14087716874135e-79	4	Hspa8
9.61434405310817e-84	0.278039082233997	0.669	0.311	3.10399097754597e-79	4	Nt5c3b
1.36735497803191e-83	-1.3578385681764	0.599	0.737	4.41450554657603e-79	4	Bach2
1.62872745071752e-83	0.32339739576533	0.723	0.352	5.25834657464151e-79	4	Nop58
4.68409252860884e-83	0.375110867036487	0.776	0.421	1.51225927286136e-78	4	Hprt
5.65390220179521e-83	0.430469521604476	0.95	0.752	1.82536232584958e-78	4	Ywhae
8.71836367923941e-83	0.275140960970143	0.656	0.301	2.81472371384244e-78	4	Mrpl13
9.49416520901448e-83	0.423626002683065	0.687	0.363	3.06519123773032e-78	4	Rfc1
1.00378565627317e-82	0.279306208869588	0.652	0.297	3.24072199127794e-78	4	Acot7
1.36671000729218e-82	0.439330884284437	0.898	0.575	4.41242325854281e-78	4	Tmem14c
1.76832202232599e-82	0.417902427648847	0.953	0.761	5.70902764907947e-78	4	Ndufa2
1.87744152518609e-82	0.385958766369034	0.989	0.956	6.06131996406331e-78	4	Cfl1
2.15100125910578e-82	0.254581509071168	0.615	0.271	6.94450756502302e-78	4	Cdc34
6.91523271784552e-82	0.430245410268338	0.937	0.684	2.23258288295643e-77	4	Snrpd2
8.48799579569128e-82	0.303098766307175	0.588	0.257	2.74034944263893e-77	4	Rps6ka5
8.6416148578533e-82	0.43571176601831	0.912	0.661	2.78994535685794e-77	4	Arpp19
1.52015379500047e-81	0.344074165138742	0.742	0.384	4.90781652715902e-77	4	Cyc1
1.50123565993638e-80	0.358779898032614	0.97	0.923	4.84673932810461e-76	4	Hnrnpf
2.33760337869149e-80	0.430316275195795	0.984	0.877	7.54695250810548e-76	4	Sept7
2.82143687020526e-80	-0.666619268181409	0.882	0.882	9.10900893545767e-76	4	Mycbp2
3.56671530269644e-80	0.382964216426572	0.872	0.551	1.15151403547555e-75	4	Sf3b5
4.77130996060749e-80	0.313681708354523	0.784	0.412	1.54041742078213e-75	4	Snrnp40
6.15244600084548e-80	0.322719846781229	0.74	0.38	1.98631719137296e-75	4	Prmt1
1.12477821018726e-79	0.392005595846996	0.879	0.552	3.63134645158956e-75	4	Eloc
1.26533027441923e-79	0.393453481845724	0.987	0.895	4.08511879096247e-75	4	Atp5e
6.25846373688693e-79	0.36263734727552	0.634	0.307	2.02054501745394e-74	4	Alcam
6.74837737467256e-79	-0.614491627668043	0.935	0.924	2.17871363541304e-74	4	Fyn
1.51886505999056e-78	0.426399964806779	0.908	0.633	4.90365584617953e-74	4	Ndufb8
1.96719079740961e-78	-1.16980928216644	0.423	0.656	6.35107548943693e-74	4	Aff3
3.20560993108944e-78	0.384716992123835	0.883	0.584	1.03493116625223e-73	4	Ube2m
5.1815518157391e-78	0.365360271522076	0.823	0.479	1.67286400371137e-73	4	Psmd13
7.92602718445295e-78	0.374582713937207	0.87	0.532	2.55891787650064e-73	4	Psmc3
2.25295790049424e-77	0.389329909014635	0.786	0.442	7.27367458174565e-73	4	Etfb
4.2073187316556e-77	0.301029786026534	0.755	0.393	1.35833285251501e-72	4	Ndufa5
4.66369580541755e-77	0.264258443749072	0.612	0.276	1.50567419077906e-72	4	Slc29a1
5.74942830098145e-77	0.4334554739517	0.981	0.847	1.85620292697186e-72	4	Gm10076
8.13057947719463e-77	0.401811371565185	0.931	0.717	2.62495758421229e-72	4	Psmb9
1.28822401896738e-76	0.270529577889577	0.687	0.327	4.1590312452362e-72	4	Nans
1.75586213197938e-76	0.300760074385842	0.666	0.317	5.66880089309543e-72	4	Uqcc2
2.14997936142016e-76	0.402311037405309	0.959	0.763	6.94120836834497e-72	4	Sec61g
4.39529615927443e-76	0.299967556159868	0.589	0.271	1.41902136502175e-71	4	Tfrc
6.41540804227885e-76	0.26064843540281	0.667	0.318	2.07121448644973e-71	4	Brd9
6.61281125528553e-76	0.392330064778496	0.934	0.694	2.13494611376893e-71	4	Arhgdia
7.15543802045998e-76	0.257269023965688	0.706	0.337	2.3101331649055e-71	4	Gtf2f1
8.02765560932911e-76	0.413282253162304	0.952	0.806	2.5917286134719e-71	4	Atp5b
1.25954623317692e-75	0.288059789649668	0.731	0.371	4.06644501381168e-71	4	Rpn2
1.33961162795694e-75	0.355935569447076	0.789	0.444	4.32493614085899e-71	4	Vdac3
1.61269865282864e-75	0.423026589180269	0.941	0.705	5.20659760065726e-71	4	Cox6a1
3.82110579104437e-75	0.321653521266319	0.709	0.356	1.23364400463867e-70	4	Cep83
5.73010357829318e-75	0.268201628380837	0.681	0.329	1.84996394025195e-70	4	0610010K14Rik
1.11670105402489e-74	-0.930459835018001	0.827	0.827	3.60526935291937e-70	4	Cdk8
1.12194825876871e-74	0.385367555364088	0.844	0.529	3.62220995343479e-70	4	Psmb6
1.8929992443776e-74	0.297019586318811	0.709	0.359	6.11154806047308e-70	4	Khsrp
2.17933020507078e-74	0.278499744855483	0.676	0.329	7.03596756707102e-70	4	Tmco1
2.69318958805297e-74	0.435331630426748	0.978	0.914	8.69496258502902e-70	4	Cd47
3.54631983288859e-74	0.3779802664572	0.968	0.85	1.14492935804808e-69	4	Tma7
5.93169539563569e-74	0.288204783234528	0.743	0.381	1.91504785848098e-69	4	Psmc4
8.09371605685255e-74	0.258499920701283	0.638	0.302	2.61305622895485e-69	4	Cpsf2
1.25753342942962e-73	0.342914494822691	0.727	0.384	4.05994667691352e-69	4	Lin54
1.66114243652863e-73	0.380987097078327	0.521	0.233	5.36299835633268e-69	4	Wdr78
1.9098217968264e-73	-0.597694866404661	0.866	0.851	6.16585967105403e-69	4	Ogt
1.94957581915779e-73	0.366228704853664	0.891	0.602	6.29420553215091e-69	4	Mapre1
2.36478320225623e-73	-0.785398807904119	0.827	0.867	7.63470256848425e-69	4	Gm26740
2.43365187860115e-73	0.257407721044034	0.603	0.276	7.85704509006382e-69	4	Meaf6
2.78517306774677e-73	0.363755573189857	0.854	0.52	8.99193124922044e-69	4	Mrpl20
3.36960568018823e-73	0.344530120504309	0.833	0.484	1.08787719384877e-68	4	Fundc2
4.16679417163698e-73	0.286181222344717	0.735	0.381	1.345249498313e-68	4	Pole4
5.84514467188524e-73	-0.862407902701535	0.756	0.809	1.88710495731815e-68	4	Zfp36l1
5.91934769630029e-73	0.277041528931359	0.687	0.34	1.91106140375055e-68	4	Akt1
6.82194428918439e-73	0.323790180446465	0.505	0.219	2.20246471376318e-68	4	Prdm1
7.09932031026107e-73	0.35746703697478	0.999	0.989	2.29201556216779e-68	4	Pfn1
8.5997590866989e-73	0.256023668485952	0.65	0.307	2.77643222114074e-68	4	Naa38
1.71205469519412e-72	0.363829401068928	0.985	0.897	5.52736858343421e-68	4	Cox7c
2.49058233510319e-72	-0.735717266836124	0.482	0.622	8.04084506888063e-68	4	Mxd4
3.32723498391531e-72	0.299748885986323	0.702	0.359	1.07419781455706e-67	4	Brip1os
6.15193336903097e-72	0.275846162795615	0.62	0.297	1.98615168819165e-67	4	Nop56
7.75729862890035e-72	0.414170294061782	0.941	0.718	2.50444386234048e-67	4	Krtcap2
1.57753068997421e-71	0.404705601701915	0.934	0.709	5.09305783258174e-67	4	Ndufb1-ps
2.44820467085897e-71	0.403736364657407	0.913	0.651	7.9040287798682e-67	4	Mrpl33
3.52076112885109e-71	0.286940939439641	0.765	0.401	1.13667773044957e-66	4	Eny2
7.93282686631377e-71	0.343226705680126	0.625	0.305	2.5611131537894e-66	4	Klhdc2
8.53601085869036e-71	-0.85606537154691	0.64	0.716	2.75585110572818e-66	4	Phf21a
1.5941547468305e-70	0.300317222175051	0.793	0.442	5.14672860014226e-66	4	Dnajb11
1.73833382225584e-70	0.274719088460853	0.594	0.284	5.61221074515297e-66	4	Paics
1.8549869545327e-70	0.252499793412218	0.629	0.299	5.98882538270883e-66	4	Rpn1
2.13135180365239e-70	0.290805603492251	0.703	0.362	6.88106929809174e-66	4	Brd8
3.76917327421261e-70	0.273030490025202	0.703	0.36	1.21687759157954e-65	4	Hras
3.80890938542204e-70	0.425776749152666	0.905	0.635	1.22970639508351e-65	4	Eno1
4.16894992589615e-70	0.370202462571713	0.871	0.592	1.34594548357557e-65	4	Nono
4.91385612266022e-70	0.420669785039228	0.952	0.768	1.58643844920085e-65	4	Reep5
8.52775979395897e-70	0.367638863943133	0.952	0.794	2.75318724947965e-65	4	Atp5f1
1.02219824760639e-69	-0.676169192509264	0.972	0.979	3.30016704239723e-65	4	Inpp4b
1.10990549788872e-69	0.282352888341528	0.709	0.362	3.58332989993374e-65	4	Dleu2
1.12701945736678e-69	0.262761090230415	0.626	0.3	3.63858231810864e-65	4	Acsl5
2.62692757113549e-69	0.339516294611318	0.87	0.537	8.48103566341094e-65	4	Txnl1
2.63787201152389e-69	0.408813983979791	0.79	0.463	8.51636978920488e-65	4	Raph1
8.8324489722811e-69	0.303407783795991	0.376	0.147	2.85155615070095e-64	4	Tctex1d1
3.16833277552043e-68	0.386144855036721	0.895	0.611	1.02289623657677e-63	4	Uqcrb
1.18458739649949e-67	0.400135631852599	0.94	0.738	3.82444040959861e-63	4	Eif4a1
2.04801354928712e-67	0.275947316049839	0.746	0.395	6.61201174387348e-63	4	Uba2
3.18260855839784e-67	0.267158200114	0.758	0.405	1.02750517307874e-62	4	Mrps18c
4.76050700536143e-67	0.282840755600875	0.696	0.362	1.53692968668094e-62	4	Rad50
5.03415640076591e-67	0.352897658885701	0.851	0.52	1.62527739398727e-62	4	Gtf2h5
5.79563931687118e-67	-0.933654503301704	0.025	0.257	1.87112215345186e-62	4	Slfn5
1.05067351059298e-66	0.394325586197454	0.675	0.365	3.39209942894942e-62	4	AA467197
1.49786407112469e-66	0.303182647222511	0.732	0.398	4.83585415362606e-62	4	Cep57
1.92925631456747e-66	0.320473555284529	0.998	0.997	6.22860401158107e-62	4	Rpl28
2.3248445201825e-66	0.257082276404411	0.707	0.36	7.5057605334092e-62	4	Ccdc124
2.3613686542123e-66	0.360913926528919	0.889	0.581	7.62367870012443e-62	4	Snu13
2.87843488379398e-66	0.284741311857524	0.717	0.382	9.29302702232887e-62	4	Ddost
3.1962820232673e-66	-0.746418769837357	0.739	0.848	1.03191965121185e-61	4	Camk4
3.30530525368617e-66	0.370612438056509	0.91	0.643	1.06711780115258e-61	4	Psma4
5.2527420931601e-66	0.364764340993944	0.925	0.694	1.69584778477674e-61	4	Ube2l3
1.15414201735874e-65	-1.79311218594896	0.145	0.376	3.72614750304268e-61	4	Ms4a4b
1.3333400296541e-65	0.298281992545507	0.801	0.453	4.30468828573825e-61	4	Ppm1g
1.75905338568299e-65	0.340057629263221	0.77	0.441	5.67910385567754e-61	4	Tkt
3.72982387808543e-65	-0.576767452966288	0.872	0.872	1.20417363903988e-60	4	Arhgap45
4.3768309749492e-65	0.351533490469092	0.931	0.704	1.41305988026235e-60	4	Micos10
4.54019058934632e-65	0.333887663351522	0.782	0.461	1.46580053177046e-60	4	Ndufab1
4.84926647272343e-65	0.47463723043109	0.865	0.556	1.56558568071876e-60	4	Runx2
5.18536929459721e-65	0.438212753535477	0.94	0.744	1.67409647676071e-60	4	Ndufa4
7.231708362517e-65	0.286977209649823	0.803	0.455	2.33475704483861e-60	4	Dazap1
7.42650818033953e-65	-0.540649598019695	0.961	0.951	2.39764816602262e-60	4	Sh3kbp1
1.02405037711736e-64	0.252709641505455	0.696	0.357	3.30614664252339e-60	4	Larp7
1.38289449794236e-64	0.346689893575366	0.875	0.584	4.46467488660691e-60	4	Ndufa11
1.45184159028586e-64	0.30658031990065	0.756	0.427	4.68727057423788e-60	4	Tcerg1
1.55859310949792e-64	0.359242621891665	0.972	0.828	5.03191785401403e-60	4	Cox6b1
1.6492891101946e-64	0.407403934479594	0.634	0.34	5.32472989226327e-60	4	Rnf157
2.12488051581567e-64	0.298621819972326	0.759	0.427	6.8601767453109e-60	4	Rex1bd
5.12449679415974e-64	-1.05570466966471	0.793	0.805	1.65444378999447e-59	4	Prkcq
5.33047654882595e-64	0.256680956465962	0.487	0.219	1.72094435378846e-59	4	Emp1
6.00802589242111e-64	0.272570191510082	0.73	0.39	1.93969115936816e-59	4	Ndufs8
1.94227224915232e-63	0.282185830035497	0.735	0.401	6.27062595638827e-59	4	Ndufb6
2.23893963158605e-63	0.364147555588712	0.893	0.653	7.22841660057555e-59	4	Syncrip
2.93052040277575e-63	-1.001547088507	0.193	0.411	9.46118512036152e-59	4	Slfn1
4.81738576401621e-63	0.282126700792394	0.734	0.394	1.55529299391263e-58	4	Polr2k
4.87219609952196e-63	0.306087361450196	0.8	0.456	1.57298851073066e-58	4	Snrpc
5.28677346260432e-63	0.361580984085398	0.866	0.602	1.7068348124018e-58	4	Actn4
5.41906199547256e-63	0.357133848756454	0.965	0.821	1.74954416523832e-58	4	Sec61b
5.55006923837758e-63	0.344556007726075	0.922	0.685	1.7918398536102e-58	4	Ywhab
1.13317564319263e-62	0.370487682387395	0.809	0.513	3.65845756404739e-58	4	Smarcc1
2.95949867230601e-62	-0.581073620477396	0.94	0.944	9.55474146353995e-58	4	Ankrd44
3.2151184028564e-62	0.353972953292211	0.891	0.606	1.03800097636219e-57	4	Psmb5
3.48071638282123e-62	0.267564421978525	0.775	0.432	1.12374928419383e-57	4	Ube2a
3.85399598902351e-62	0.280527597965804	0.767	0.421	1.24426260505624e-57	4	Ssr2
6.16889082469545e-62	0.357795405936822	0.978	0.915	1.99162640275293e-57	4	Serbp1
6.25494705467111e-62	0.293325564346992	0.763	0.43	2.01940965660057e-57	4	Eif4a3
1.51052637804832e-61	-1.03636698480084	0.145	0.369	4.87673441152901e-57	4	St8sia1
2.31063377035583e-61	0.351506334499752	0.921	0.69	7.45988112759379e-57	4	Ndufb9
2.56623471982814e-61	0.250551270290896	0.745	0.394	8.28508879296514e-57	4	Acp1
3.24803199847161e-61	-0.656096494284959	0.883	0.854	1.04862713070656e-56	4	Stk4
3.80012336816499e-61	0.316825057773617	0.829	0.514	1.22686982941207e-56	4	Sdhb
4.42025843869326e-61	0.264943214693193	0.725	0.391	1.42708043693212e-56	4	Srrt
8.19106297802856e-61	0.25148999805054	0.74	0.392	2.64448468245652e-56	4	Polr2c
9.41675164225452e-61	0.277661898841776	0.779	0.429	3.04019826770187e-56	4	P4hb
1.05056609984527e-60	0.304887291267356	0.466	0.212	3.39175265335044e-56	4	Sun1
1.42351311398149e-60	0.352959812791825	0.873	0.585	4.59581208848924e-56	4	Uqcr11
1.5017552852736e-60	0.28999576716399	0.828	0.506	4.84841693850583e-56	4	Magoh
1.90450819334185e-60	0.278387469732457	0.762	0.422	6.14870470220415e-56	4	Fam133b
2.10676062944456e-60	0.382974730951014	0.928	0.732	6.80167669216177e-56	4	Ctcf
2.37288625032015e-60	0.394645875815835	0.823	0.494	7.6608632591586e-56	4	Tmem163
3.22319739393882e-60	0.275895319863774	0.724	0.399	1.04060927863315e-55	4	Coro1c
3.78349126986604e-60	-1.00682149044495	0.793	0.81	1.22150015647625e-55	4	Gimap6
4.13799318943487e-60	-0.466827755644048	0.963	0.942	1.33595110120905e-55	4	Ncor1
6.17424359156652e-60	0.301457175764995	0.788	0.459	1.99335454353725e-55	4	Eif1ax
1.053353207756e-59	0.260093202241684	0.686	0.359	3.40075083124023e-55	4	Map2k3
1.15215686183958e-59	0.456972476392958	0.893	0.656	3.71973842844909e-55	4	Hp1bp3
2.46040669338872e-59	-0.744962015481015	0.67	0.75	7.94342300960548e-55	4	Itpr2
2.67753880312149e-59	0.279121157071594	0.775	0.445	8.64443402587772e-55	4	Gltp
2.90249537756627e-59	0.339807040955129	0.907	0.629	9.3707063264727e-55	4	Psmb4
3.35874142001005e-59	0.314889447289049	0.873	0.584	1.08436966745025e-54	4	Ptges3
3.37904313726539e-59	0.267208209898026	0.724	0.407	1.09092407686613e-54	4	Rpa1
4.37761257748335e-59	0.361524775351363	0.938	0.74	1.4133122206405e-54	4	Atp5g3
5.39953773192897e-59	0.294905854017041	0.793	0.473	1.74324075675327e-54	4	Dnajc2
6.65877461556793e-59	0.325028947063267	0.881	0.609	2.14978538463611e-54	4	Ndufs5
1.27575439302926e-58	-0.608269899345479	0.904	0.873	4.11877305789496e-54	4	Ankrd12
1.58719625343407e-58	-0.414438690889738	0.945	0.938	5.1242631042119e-54	4	Lck
2.00306450050528e-58	0.352533885492452	0.942	0.759	6.46689373988129e-54	4	Sf3b2
2.60472898978606e-58	0.251847396078019	0.799	0.456	8.40936754352431e-54	4	Azin1
2.69203367260299e-58	0.277921926134362	0.785	0.451	8.69123071199874e-54	4	Eif6
4.07733584692565e-58	-0.850199025710002	0.673	0.742	1.31636787817995e-53	4	Ppm1h
6.08332944047569e-58	0.420311552419479	0.964	0.726	1.96400290985758e-53	4	Ptms
7.63118856024523e-58	-0.532927988845314	0.906	0.892	2.46372922667517e-53	4	Rsrp1
9.64552355317589e-58	0.415137402034458	0.896	0.639	3.11405727914284e-53	4	Mif
1.02256784405293e-57	0.278512392844543	0.781	0.463	3.30136028452487e-53	4	Acadl
1.03496982596743e-57	0.354036463674157	0.74	0.425	3.34140008313586e-53	4	Dap
1.54471929344492e-57	0.340930181119856	0.962	0.813	4.98712623888694e-53	4	Sem1
2.68616567519552e-57	0.26420257526356	0.754	0.427	8.67228588236873e-53	4	Wbp11
5.82079860760265e-57	0.335983661759194	0.897	0.641	1.87924483046451e-52	4	Vdac2
6.50901365289933e-57	-0.746457706397298	0.835	0.836	2.10143505783855e-52	4	Sp100
1.13213971272563e-56	0.273270938721721	0.727	0.4	3.6551130625347e-52	4	Pdia6
1.23084534489916e-56	0.332543886624935	0.81	0.501	3.97378419600694e-52	4	Ybx3
1.34301768180309e-56	0.265252818656291	0.521	0.252	4.33593258570127e-52	4	Dennd5a
1.74889646272892e-56	-0.593143349151713	0.845	0.829	5.64631222992031e-52	4	4932438A13Rik
3.09587319707068e-56	0.27408888052548	0.767	0.443	9.99502661674268e-52	4	Mtch1
5.36113584701753e-56	0.399673319382601	0.497	0.251	1.73084270820961e-51	4	Ctla2a
5.5759128543823e-56	0.322283144636929	0.903	0.639	1.80018346503733e-51	4	Tmem167
6.99428738406179e-56	0.39733524757695	0.934	0.713	2.25810568194435e-51	4	Apobec3
1.23630441715338e-55	0.266506182791434	0.687	0.384	3.99140881077969e-51	4	Kpna3
1.35170573947232e-55	0.307817292746616	0.668	0.381	4.36398197988639e-51	4	H1f0
2.29559497839122e-55	-1.01747160773724	0.061	0.267	7.41132838773604e-51	4	St6gal1
3.71689294150367e-55	0.289779862344087	0.823	0.507	1.19999888616446e-50	4	Mrps14
5.05516353581133e-55	-0.724016532132105	0.482	0.622	1.63205954753669e-50	4	Kdm7a
6.34708604431446e-55	0.426043251132989	0.702	0.425	2.04915672940692e-50	4	Tnfrsf9
7.26935640567943e-55	0.323824565126535	0.854	0.582	2.34691171557361e-50	4	Rdx
8.36865971141746e-55	0.47128549471216	0.997	0.988	2.70182178783113e-50	4	Ubb
9.64523137315274e-55	-0.631482395290269	0.592	0.644	3.11396294882236e-50	4	Ypel3
1.03119346906384e-54	-0.806191601142527	0.799	0.814	3.3292081148726e-50	4	Zbtb20
1.53082583301256e-54	0.292411836534947	0.86	0.563	4.94227120188105e-50	4	Ndufs6
1.65033486732097e-54	0.334732835726851	0.844	0.554	5.32810611914576e-50	4	Ubald2
2.30324864405525e-54	0.284675235107974	0.864	0.565	7.43603824733236e-50	4	Ube2n
3.92025303255502e-54	0.326847413719056	0.889	0.64	1.26565369156039e-49	4	Eif4h
3.93014372019963e-54	-0.817405278571805	0.308	0.487	1.26884690006645e-49	4	Evl
3.93144312213914e-54	0.332423362799228	0.985	0.905	1.26926641198262e-49	4	Sh3bgrl3
9.14173468258761e-54	0.298324674244	0.881	0.594	2.95140904227341e-49	4	Ap2s1
9.478842446227e-54	-0.896149363097415	0.765	0.815	3.06024428376439e-49	4	Ripor2
9.63659897683668e-54	-0.722541485683847	0.93	0.923	3.11117597967172e-49	4	Ikzf1
1.17953682710287e-53	0.346251394197887	0.883	0.626	3.80813464630161e-49	4	Cntrl
1.64061718962245e-53	0.329570755783291	0.935	0.73	5.29673259669609e-49	4	Ndufb11
1.75067069712405e-53	0.433708260818465	0.958	0.758	5.65204034566499e-49	4	Ifngr1
1.88037585491639e-53	0.302691944506189	0.862	0.554	6.07079344759756e-49	4	Psma1
1.98412024513275e-53	0.305725204882075	0.827	0.517	6.40573221141108e-49	4	Ubap2
2.90933614566707e-53	0.32663096691074	0.905	0.634	9.39279174628613e-49	4	Psmd8
3.11779885991824e-53	0.312418587224902	0.837	0.557	1.0065813619246e-48	4	Srsf10
4.50743258777345e-53	0.281383224038602	0.767	0.442	1.45522461096266e-48	4	Ndufa12
4.69594631771373e-53	-0.651912225953786	0.883	0.843	1.51608626867388e-48	4	Jarid2
4.95858925252486e-53	-0.857058230186321	0.697	0.736	1.60088054017765e-48	4	Dgka
4.96204427545937e-53	0.292472987098243	0.982	0.922	1.60199599433206e-48	4	Chchd2
1.09644252187504e-52	-0.646309087087232	0.803	0.794	3.53986468187356e-48	4	Fbxl17
1.24207842913373e-52	0.340934181082392	0.904	0.666	4.01005020845826e-48	4	Grk2
1.43310110852596e-52	-0.681500647094904	0.871	0.865	4.62676692887606e-48	4	Lncpint
1.86821817137333e-52	-0.663204907937025	0.723	0.728	6.0315423662788e-48	4	Mbnl2
1.88691457049329e-52	-2.24203819795124	0.248	0.434	6.0919036908376e-48	4	Gm2682
2.64356015443834e-52	0.258848589874347	0.551	0.284	8.53473395860417e-48	4	Sgip1
4.03803964939856e-52	0.320510574235953	0.996	0.984	1.30368110080832e-47	4	H3f3b
1.08735786632724e-51	-0.767494046583583	0.868	0.873	3.51053487143749e-47	4	Prkca
2.12394501122005e-51	-0.856233124524975	0.846	0.888	6.85715646872393e-47	4	Emb
3.69162415778416e-51	0.299033443553799	0.942	0.782	1.19184085934062e-46	4	Ube2i
3.98700163636385e-51	0.258780280555934	0.748	0.437	1.28720347830007e-46	4	Psmd1
4.36398515937318e-51	-0.901644184204507	0.64	0.694	1.40891260870363e-46	4	Ms4a6b
4.95746168202743e-51	-0.732639146972713	0.697	0.74	1.60051650404256e-46	4	Tgfbr2
5.00445074408932e-51	0.292245841086702	0.662	0.375	1.61568692272924e-46	4	Glipr1
5.85131988235495e-51	-0.266059485706892	1	1	1.8890986240183e-46	4	Rpl18a
6.24356087412422e-51	-0.553111818491214	0.943	0.891	2.01573362821101e-46	4	Rgs10
7.32490098768151e-51	-0.466575006578691	0.894	0.854	2.36484428387298e-46	4	Cd4
8.01403764161674e-51	-0.605542638630067	0.853	0.841	2.58733205259597e-46	4	Tcf12
1.97593623299508e-50	0.405469588919742	0.597	0.334	6.37931012822463e-46	4	Ndrg1
2.61261251964291e-50	0.286651108467604	0.75	0.452	8.43481951966714e-46	4	Srsf4
3.30297239042594e-50	0.280218102819491	0.861	0.569	1.06636463624901e-45	4	Hnrnpul1
4.6980510294271e-50	0.323989325728927	0.959	0.795	1.51676577485054e-45	4	Prkar1a
7.13750754709511e-50	0.279031982699084	0.781	0.486	2.30434431157966e-45	4	Ctdspl2
1.12382825394201e-49	0.295523523013309	0.973	0.883	3.62827951785176e-45	4	Gnas
1.1904914625396e-49	0.3883440833197	0.892	0.629	3.84350168680911e-45	4	Hivep1
1.5547228568459e-49	0.323123199441252	0.93	0.719	5.019422743327e-45	4	Smdt1
2.06418658821751e-49	0.262279860138693	0.594	0.315	6.66422640006022e-45	4	Ttc39c
2.90754226350766e-49	0.273266977356086	0.83	0.519	9.38700019773449e-45	4	Ndufa1
3.27892301341115e-49	0.279252407128916	0.986	0.924	1.05860029487979e-44	4	Cdc42
1.23059584879808e-48	0.294198921763176	0.872	0.626	3.97297869784459e-44	4	G3bp1
1.70389263720295e-48	0.291095099024271	0.887	0.633	5.50101737920972e-44	4	Pcbp1
1.84357315430032e-48	0.305215529974571	0.934	0.717	5.95197592865858e-44	4	Taf10
2.52743320269612e-48	0.261103788193093	0.795	0.478	8.15981809490444e-44	4	Mrpl54
8.64595209812756e-48	0.287261298903827	0.689	0.41	2.79134563488048e-43	4	Nkg7
1.08953141055399e-47	0.315749312894523	0.922	0.713	3.51755215897357e-43	4	Pomp
1.13048730377726e-47	0.307245699086668	0.887	0.579	3.6497782602449e-43	4	Osbpl3
1.37952947798939e-47	0.260027682755166	0.847	0.557	4.45381091968874e-43	4	Cbfb
1.46516673142868e-47	0.314042634956964	0.937	0.701	4.73029079241751e-43	4	Atp5mpl
1.62720402654795e-47	0.340392806983436	0.924	0.722	5.25342819971006e-43	4	Eif2s2
2.12853016606575e-47	-0.606456101937336	0.841	0.825	6.87195964114327e-43	4	Nedd9
2.55071491460409e-47	-0.443946505262725	0.911	0.86	8.2349831017993e-43	4	Clk1
2.91258572094598e-47	0.298833314508919	0.822	0.542	9.40328300007411e-43	4	Sms
3.74646147276594e-47	0.305280840653483	0.927	0.744	1.20954508648248e-42	4	Ezr
3.96539049739926e-47	0.291935811937438	0.864	0.591	1.28022632208535e-42	4	Bsg
4.41147391414575e-47	-0.632625946375923	0.589	0.637	1.42424435318196e-42	4	Crebrf
5.93585585355961e-47	0.294931194554638	0.93	0.729	1.91639106232172e-42	4	Srrm1
1.48800866728281e-46	0.33641405012103	0.969	0.849	4.80403598232256e-42	4	Anp32a
2.62611427432596e-46	-0.465395050220494	0.932	0.902	8.47840993466136e-42	4	Msi2
2.89532908361145e-46	0.321983867429551	0.959	0.791	9.34756994643956e-42	4	Tpm4
4.05696500868057e-46	-0.592331365131678	0.921	0.887	1.30979115305252e-41	4	Hivep2
5.79067598035168e-46	0.267088018325431	0.83	0.534	1.86951974025654e-41	4	Aurkaip1
5.86544932433982e-46	0.537655428244813	0.499	0.271	1.89366031436311e-41	4	Ikzf2
6.78692389536225e-46	0.382744202676832	0.544	0.307	2.1911583796177e-41	4	Ifitm2
1.04447366793023e-45	-0.339315449887942	0.967	0.926	3.37208323691276e-41	4	Pfdn5
1.18641448584401e-45	0.257644225153046	0.863	0.594	3.8303391675474e-41	4	Hnrnpr
2.16742545378117e-45	0.31245323479265	0.93	0.712	6.99753307753252e-41	4	Psmb3
2.42570564580767e-45	0.28165103188683	0.836	0.553	7.83139067749005e-41	4	Cct7
3.42252912538737e-45	0.254066241874272	0.839	0.535	1.10496352813131e-40	4	Uqcrfs1
5.68551423121386e-45	-0.480976168593142	0.982	0.956	1.83556826954739e-40	4	Itk
7.37009422857683e-45	0.284908324687781	0.937	0.767	2.37943492169603e-40	4	Rbx1
7.60631039910117e-45	-0.605135592595841	0.921	0.897	2.45569731234981e-40	4	Ssh2
1.11562986381779e-44	0.257043446979918	0.668	0.393	3.60181101533573e-40	4	Phlda1
1.2266715000271e-44	-0.534313936468581	0.808	0.788	3.96030893783749e-40	4	Arid1b
1.53716832657278e-44	0.280540990526208	0.939	0.788	4.96274794234022e-40	4	Ssb
2.63107700764795e-44	-0.484911582783107	0.894	0.842	8.49443211919139e-40	4	Saraf
2.81447871181168e-44	-0.47635746784913	0.897	0.85	9.08654452108402e-40	4	Arid4b
4.09754676653389e-44	0.282399604448576	0.93	0.758	1.32289297357547e-39	4	Psma2
4.10748506247433e-44	-0.744826443508132	0.891	0.902	1.32610155241984e-39	4	Tox
5.64791275576944e-44	0.320588976342496	0.954	0.711	1.82342863320016e-39	4	Capg
8.47909570336161e-44	0.287952300221218	0.868	0.599	2.7374760478303e-39	4	Cwc15
8.57906560157917e-44	-0.71339151985446	0.624	0.67	2.76975132946983e-39	4	Bcas3
1.06993982463546e-43	0.30941972188703	0.838	0.557	3.4543007238356e-39	4	Slc25a4
1.57709088647214e-43	-0.777954964382636	0.817	0.826	5.0916379269753e-39	4	Themis
3.12848652909578e-43	-0.710255968880102	0.86	0.845	1.01003187591857e-38	4	Mllt3
1.10163170452524e-42	0.273607691741214	0.855	0.591	3.55661795805973e-38	4	Gspt1
1.56025760144252e-42	0.262787696400141	0.855	0.565	5.03729166625716e-38	4	Lamtor4
2.62826637894516e-42	0.289825809177533	0.973	0.83	8.48535800442446e-38	4	Atp5d
2.86777915478481e-42	0.280177396107927	0.874	0.638	9.25862500122275e-38	4	Pds5a
3.01853767968843e-42	-0.578308944206042	0.797	0.757	9.74534889887409e-38	4	Kmt2c
3.5768702059879e-42	-0.536512592531426	0.853	0.843	1.15479254600319e-37	4	Ncoa2
3.60955654861643e-42	0.291250902603861	0.888	0.62	1.16534533172082e-37	4	Mdh2
4.14690451424545e-42	-1.2723201977897	0.161	0.33	1.33882812242414e-37	4	Scml4
5.57463996888829e-42	0.254425668427624	1	0.999	1.79977251395559e-37	4	Rps12
7.36649049012347e-42	-0.673233026214537	0.869	0.864	2.37827145473636e-37	4	Bcl11b
1.13913468924864e-41	-0.643272554978687	0.791	0.777	3.67769634423923e-37	4	Mndal
1.19297494647519e-41	-0.581288496918096	0.528	0.598	3.85151961469514e-37	4	Tecpr1
1.55325209719127e-41	0.282577646970265	0.995	0.977	5.01467439578203e-37	4	Arhgdib
1.88920695806953e-41	0.265726602763883	0.864	0.589	6.09930466412747e-37	4	Taf15
2.85337474540472e-41	0.274756590547803	0.928	0.751	9.21212036553914e-37	4	Edf1
3.10378739230794e-41	0.277681858332827	0.903	0.657	1.00205775960662e-36	4	Bag1
4.23550838459423e-41	0.251183137851935	0.78	0.5	1.36743388196625e-36	4	Rexo2
5.32186037330982e-41	0.277550606222631	0.956	0.746	1.71816262152308e-36	4	Ssr4
9.31551208127251e-41	-0.496902755750149	0.938	0.897	3.00751307543883e-36	4	Elf1
9.75696717589536e-41	0.279818077737893	0.9	0.669	3.15003685273782e-36	4	Park7
1.055430277968e-40	0.266841478340382	0.827	0.554	3.40745665241968e-36	4	Chp1
1.50481953481873e-40	0.258252363201255	0.765	0.473	4.85830986816226e-36	4	Hspd1
2.58698002829782e-40	-0.509772803494475	0.898	0.871	8.35206502135952e-36	4	Btg2
2.70292951423786e-40	-0.251935799681019	1	1	8.72640793671693e-36	4	Rps24
3.02119841083917e-40	0.255364732669802	0.81	0.528	9.75393906939425e-36	4	Thoc7
5.81908860159383e-40	-0.271290436271306	0.988	0.985	1.87869275502457e-35	4	Rbm39
2.51819731517423e-39	0.277724628615099	0.908	0.676	8.13000003204002e-35	4	Tomm6
4.29400327639948e-39	0.258305089454181	0.818	0.543	1.38631895778557e-34	4	Flna
6.75069919983376e-39	-0.545509939055158	0.839	0.806	2.17946323666633e-34	4	Zcchc7
1.04566819007813e-38	-0.551363075193924	0.831	0.78	3.37593975166725e-34	4	Hcst
1.94982638668417e-38	0.256391548671663	0.88	0.625	6.29501448940983e-34	4	Tmed10
8.13783295992702e-38	-0.648948414496328	0.789	0.769	2.62729937111244e-33	4	Ifi203
1.50865908611668e-37	0.266793007565076	0.918	0.714	4.87070585952771e-33	4	Tomm7
1.69511223689607e-37	-0.392214098096467	0.945	0.892	5.47266985681896e-33	4	Pnrc1
3.99099240715302e-37	-0.486625053780244	0.74	0.711	1.28849189864935e-32	4	Rb1cc1
4.7615714564477e-37	-0.439489299889899	0.967	0.964	1.53727334471414e-32	4	Cd247
6.05347813450214e-37	0.268200734872129	0.887	0.667	1.95436541572401e-32	4	Cct2
6.07740103000901e-37	0.251649957930578	0.687	0.414	1.96208892253841e-32	4	Itgb1
1.10322002890047e-36	-0.640357654935727	0.053	0.205	3.56174586330515e-32	4	Patj
1.24583007576143e-36	-0.596314137295989	0.886	0.856	4.02216239959579e-32	4	Itpkb
1.27964114216561e-36	-0.729253461911126	0.714	0.709	4.13132142748168e-32	4	Gm36975
1.38967318735638e-36	-0.64034687866769	0.9	0.882	4.48655988538008e-32	4	Ablim1
1.86244719311957e-36	-0.700399056431721	0.159	0.325	6.01291076298654e-32	4	Parp8
1.96228371183749e-36	-0.729091095531826	0.513	0.579	6.33523296366734e-32	4	Trim30a
3.3833838453153e-36	-0.761697574761966	0.384	0.496	1.09232547446005e-31	4	Lpp
1.14533493386717e-35	-0.577273349315884	0.748	0.722	3.69771383399016e-31	4	Usp3
1.99077078045165e-35	0.259600649486036	0.582	0.347	6.42720346468816e-31	4	Myo10
2.41833768877309e-35	-0.518587738258161	0.539	0.581	7.80760322820392e-31	4	Kmt5b
2.83888173070234e-35	0.254009146577501	0.939	0.776	9.16532966757252e-31	4	Nedd8
2.88458319779857e-35	-0.479025559646366	0.928	0.878	9.3128768540927e-31	4	Clint1
3.31604025977882e-35	0.291658869804249	0.996	0.894	1.07058359786959e-30	4	Srgn
3.71974933093535e-35	-0.537230173165103	0.866	0.846	1.20092107149248e-30	4	Fam169b
3.96058806027681e-35	-0.447311484589053	0.935	0.94	1.27867585526037e-30	4	Fyb
4.34962048850099e-35	0.250486135660187	0.89	0.682	1.40427497471255e-30	4	Tmed2
4.7730781403889e-35	-0.707587248751027	0.988	0.919	1.54098827762455e-30	4	Rabgap1l
5.54681232322855e-35	-0.824508143097216	0.434	0.526	1.79078835855434e-30	4	Arhgef3
8.38315295205123e-35	-0.411566822319644	0.902	0.86	2.70650093056974e-30	4	Crebbp
9.57027867264597e-35	-0.545347089463216	0.916	0.889	3.08976446946375e-30	4	Peli1
1.02821534051269e-34	-0.58694836300166	0.72	0.725	3.31959322684521e-30	4	Arap2
2.0997241504511e-34	-0.606408371657511	0.921	0.86	6.77895941973138e-30	4	Nrip1
2.14170184353636e-34	-0.366674515433524	0.97	0.952	6.91448440185714e-30	4	Prrc2c
2.47332973461687e-34	-0.336203385045008	0.939	0.907	7.98514504821057e-30	4	Cox7a2l
3.62020923305151e-34	0.257387354321195	0.977	0.919	1.16878455089068e-29	4	Psmb8
3.86734469158122e-34	-0.472664287942	0.875	0.853	1.248572233677e-29	4	Gimap3
4.9195967593798e-34	0.343484556230683	0.933	0.772	1.58829181376577e-29	4	Nfkbia
5.69462940826817e-34	0.250372830612782	0.774	0.513	1.83851110445938e-29	4	Klf6
6.1319875738879e-34	0.27015789646745	0.369	0.195	1.97971218822971e-29	4	Kcnq5
1.18606468165907e-33	0.273044599510355	0.926	0.731	3.82920982473632e-29	4	Nol7
1.24619647219583e-33	-1.2916039849121	0.679	0.686	4.02334531048425e-29	4	Lef1
1.40099307413053e-33	-0.338801016315586	0.986	0.979	4.52310613983042e-29	4	Cd3g
1.40737434328918e-33	-0.469496032186302	0.853	0.796	4.54370806730911e-29	4	Susd6
1.54080090805801e-33	-1.13345679785683	0.631	0.672	4.97447573166527e-29	4	St6galnac3
2.27707109507541e-33	-0.742040966051987	0.057	0.198	7.35152403045095e-29	4	Ifi213
2.45372628441266e-33	-0.552701798948536	0.734	0.711	7.92185530922628e-29	4	Ptk2b
2.86664589064012e-33	-0.385204644404332	0.896	0.867	9.25496625793163e-29	4	Limd2
3.49914338588587e-33	0.472241421284686	0.576	0.362	1.12969844213325e-28	4	Ifitm3
3.79065426534265e-33	-0.384790470975638	0.987	0.988	1.22381272956587e-28	4	Dock2
4.09098891036316e-33	0.292579590382159	0.882	0.636	1.32077576971075e-28	4	Odc1
4.46362650786542e-33	-0.765663316033583	0.196	0.333	1.44108181806435e-28	4	Tespa1
6.46957653421439e-33	-0.446656478785359	0.85	0.802	2.08870278407112e-28	4	Zfp292
8.24796654588718e-33	-0.438723446579771	0.904	0.87	2.66285599933968e-28	4	Klf13
1.07818757144842e-32	-0.577560723092031	0.626	0.664	3.48092857442123e-28	4	Gm8369
1.19491672279355e-32	-0.415632539284195	0.934	0.905	3.85778863953898e-28	4	Nipbl
2.02517564757726e-32	0.30456129189804	0.966	0.85	6.53827957820318e-28	4	Mier1
6.72633042965882e-32	-0.627832493157913	0.633	0.638	2.17159577921535e-27	4	Nlk
6.95193449015967e-32	-0.702339512356209	0.745	0.711	2.24443205014805e-27	4	Apbb1ip
8.90057086190203e-32	0.287403233445479	0.922	0.725	2.87354930276507e-27	4	Calr
1.21224440472161e-31	-0.631744048109724	0.276	0.395	3.91373106064372e-27	4	Jmy
1.61097311568867e-31	0.390792882588933	0.952	0.753	5.20102670400088e-27	4	Sdf4
1.86709803462436e-31	-0.876304991965999	0.43	0.511	6.02792600478476e-27	4	Ssbp2
1.11565322510058e-30	-0.502606601043958	0.892	0.854	3.60188643723721e-26	4	Fam172a
1.52584859068979e-30	-0.353287856159133	0.893	0.861	4.92620217504199e-26	4	Ddx6
3.99181383547999e-30	-0.497625939881812	0.447	0.502	1.28875709678472e-25	4	Pbxip1
4.98139508741318e-30	-0.721861292277142	0.586	0.62	1.60824340397135e-25	4	Man1a
5.76898801609208e-30	-0.65247973690371	0.501	0.552	1.86251778099533e-25	4	Card11
1.65126408611065e-29	-0.543930936865339	0.704	0.747	5.33110610200822e-25	4	Slc9a9
1.68947753932942e-29	-0.499400818927407	0.795	0.772	5.45447823572503e-25	4	Retreg1
2.51702911034032e-29	0.251465058222077	0.927	0.758	8.12622848273371e-25	4	Psma7
2.95602212047761e-29	-0.685579534405563	0.354	0.455	9.54351741596196e-25	4	Cd27
3.07369019620088e-29	-0.428875294429181	0.918	0.877	9.92340879843453e-25	4	Fryl
3.44260335632882e-29	-0.784363092211215	0.436	0.509	1.11144449359076e-24	4	Prkcb
5.17340604489419e-29	-0.560359120766306	0.537	0.568	1.67023414159409e-24	4	Cd84
6.22347118869654e-29	-0.582983731792862	0.782	0.759	2.00924767327068e-24	4	Ext1
6.53892675395358e-29	-0.533056405014265	0.329	0.433	2.11109250251391e-24	4	Fbxl20
8.64304480783918e-29	-0.425897361519677	0.755	0.701	2.79040701621088e-24	4	Rabac1
2.84077024585427e-28	0.283536718647569	0.792	0.568	9.1714267387405e-24	4	Adam19
3.59164675156282e-28	-0.616579125166142	0.343	0.442	1.15956315374206e-23	4	Trim12a
4.09886484213171e-28	-0.480304209731625	0.712	0.688	1.32331851428222e-23	4	Zdhhc20
4.1936932304391e-28	-0.364568964200998	0.955	0.923	1.35393385944726e-23	4	Kansl1
4.52021502397446e-28	-0.439427394277976	0.846	0.777	1.45935142049015e-23	4	Nsd1
5.72479300505482e-28	-0.3970000480503	0.951	0.901	1.84824942168195e-23	4	Arih1
9.06405887638919e-28	0.291866899510449	0.856	0.623	2.92633140824225e-23	4	Cd48
1.41194703868135e-27	-0.432910471823883	0.851	0.795	4.55847101438274e-23	4	Pan3
1.61657541298321e-27	-0.392612212955	0.839	0.765	5.21911372081628e-23	4	Trip12
1.75128628065989e-27	-0.402438663023247	0.837	0.782	5.65402775711047e-23	4	Ambra1
3.76666729814218e-27	-0.553911263201908	0.036	0.152	1.2160685372052e-22	4	Nsg2
5.27421145943913e-27	-0.659094315702025	0.306	0.425	1.70277916967992e-22	4	Cd226
5.89012230980741e-27	-0.673154510512405	0.6	0.607	1.90162598772132e-22	4	Sesn3
1.49863263815649e-26	-0.702118074143327	0.368	0.449	4.83833547228822e-22	4	Rere
1.59679247051853e-26	-0.550104576513812	0.055	0.174	5.15524449106906e-22	4	Ifi208
1.6927316376707e-26	-0.543422370662894	0.034	0.147	5.46498409221987e-22	4	Ddx60
2.30153957761656e-26	-0.791012622440879	0.307	0.398	7.43052052633506e-22	4	Actn1
3.189191190868e-26	-0.477241576686764	0.809	0.77	1.02963037597173e-21	4	Dock11
3.19243012212422e-26	-0.711467982637653	0.144	0.269	1.0306760649278e-21	4	Ifi206
4.88061496045301e-26	-0.680447382560541	0.678	0.667	1.57570653998226e-21	4	Epsti1
5.84120264117703e-26	-0.52507161972898	0.064	0.184	1.885832272704e-21	4	A630014C17Rik
8.55862816479421e-26	-0.527888036656968	0.696	0.644	2.76315310300381e-21	4	Rnf19a
9.45571168174107e-26	0.489023192127094	0.45	0.276	3.05277651645011e-21	4	Il17a
1.09581832673043e-25	-0.756877371134919	0.848	0.811	3.53784946784921e-21	4	Grap2
1.29713172112599e-25	-0.385676264275377	0.823	0.743	4.18778976165526e-21	4	Pnisr
1.78483859574009e-25	-0.707075142648616	0.388	0.453	5.76235140634687e-21	4	Tasp1
2.89971823592253e-25	-0.361864506177786	0.875	0.809	9.36174032467588e-21	4	1810026B05Rik
3.0065934054375e-25	-0.413459125473706	0.86	0.826	9.70678680945496e-21	4	Slfn2
4.14758966425203e-25	-0.899420712258389	0.531	0.541	1.33904932310377e-20	4	Thada
8.72937106088128e-25	-0.384259328044157	0.743	0.684	2.81827744700552e-20	4	Cd37
9.41814134748397e-25	-0.513767782478449	0.465	0.507	3.0406469340352e-20	4	Fam102a
1.06685168000278e-24	-0.359426531788607	0.887	0.817	3.44433064888899e-20	4	Abi1
2.62054548843145e-24	-0.449375363762688	0.746	0.703	8.46043110940094e-20	4	Med13l
2.94487415385584e-24	-0.622613431245507	0.099	0.216	9.50752620572357e-20	4	Il6st
3.31137868744137e-24	-0.466597896361241	0.69	0.659	1.06907860924045e-19	4	Tet3
3.75407680504245e-24	0.502135808561949	0.165	0.073	1.21200369650796e-19	4	Ifitm1
4.5174155977249e-24	-0.467594394666649	0.732	0.735	1.45844762572549e-19	4	Ccnd2
6.02125318774865e-24	-0.58311682726827	0.042	0.148	1.94396159166465e-19	4	Rapgef4
8.04072836300778e-24	-0.55156743507537	0.574	0.571	2.59594915199706e-19	4	Smarca2
1.14765471108441e-23	-0.466809691416898	0.688	0.65	3.705203234736e-19	4	Traf3ip3
1.78572748666398e-23	-0.375920143385444	0.77	0.698	5.76522119069467e-19	4	Use1
2.14392309449526e-23	-0.597602766122128	0.248	0.362	6.92165571057796e-19	4	Stab2
3.6939192999419e-23	-0.576780708362397	0.061	0.174	1.19258184598624e-18	4	Tnfsf8
4.62212164526496e-23	-0.441296849122345	0.17	0.283	1.49225197317379e-18	4	Selenop
5.38485361276434e-23	-0.409406015243862	0.325	0.402	1.73849998888097e-18	4	Hbp1
5.46306249660764e-23	-0.427408449102937	0.783	0.752	1.76374972702978e-18	4	Top2b
5.53108610111493e-23	-0.808237201008815	0.391	0.469	1.78571114774495e-18	4	Tbc1d4
6.89518394088369e-23	0.255820470713935	0.725	0.518	2.2261101353143e-18	4	Lgals3
6.94145172074364e-23	0.320940007049701	0.981	0.941	2.24104768804208e-18	4	Npm1
1.01316334779385e-22	-0.266900454325968	0.982	0.973	3.27099786835246e-18	4	Ets1
2.02435240465955e-22	-0.375920708657206	0.019	0.112	6.53562173844334e-18	4	B630019A10Rik
3.79924604006063e-22	-0.26805848805524	0.935	0.856	1.22658658403357e-17	4	Ube2b
4.82220286273913e-22	-0.408449339951336	0.839	0.792	1.55684819423533e-17	4	Ash1l
5.04783558667202e-22	-0.667455436175945	0.177	0.28	1.62969371915706e-17	4	2610035D17Rik
5.5535470645813e-22	-0.450078425769925	0.828	0.757	1.79296266980007e-17	4	Ascc3
6.55147616686241e-22	-0.379018049603703	0.808	0.75	2.11514408047153e-17	4	Lcp2
7.7163007028299e-22	-0.467836008600349	0.105	0.217	2.49120768190863e-17	4	Crim1
7.92987754575242e-22	-0.399784054100357	0.817	0.75	2.56016096564617e-17	4	Erbin
9.05969237982958e-22	-0.549662545438446	0.762	0.725	2.92492168482798e-17	4	Ipcef1
1.27612489244047e-21	-0.423545843307274	0.782	0.72	4.11996921524407e-17	4	Cog5
1.74007465389633e-21	-0.464199177021125	0.733	0.655	5.61783102010431e-17	4	Lars2
2.53099814172181e-21	-0.455584239556644	0.706	0.66	8.17132750054887e-17	4	Crtc3
2.87454686178824e-21	-0.473428343475509	0.752	0.679	9.28047454328332e-17	4	Rasa1
2.98328895340234e-21	-0.291668779676901	0.948	0.913	9.63154838605945e-17	4	Ptpn18
5.02730629732993e-21	-0.584081315937546	0.443	0.483	1.62306583809297e-16	4	Mgat5
5.09458184861107e-21	-0.332268482374066	0.88	0.839	1.64478574982408e-16	4	Dock8
7.009120550869e-21	-0.567452953905179	0.521	0.54	2.26289456984806e-16	4	Arhgap26
7.37276749913548e-21	-0.294605111247297	0.971	0.971	2.38029798709589e-16	4	Ankrd11
7.87793895645395e-21	-0.44128053284587	0.846	0.795	2.54339259209116e-16	4	Esyt2
8.09286369464092e-21	-0.28353382912769	0.919	0.859	2.61278104381482e-16	4	Mcl1
8.1161166799192e-21	-0.412191586175762	0.864	0.784	2.62028827011191e-16	4	Cdk17
1.03546536634716e-20	-0.292933913448882	0.986	0.97	3.34299993525179e-16	4	Ltb
1.70550470419718e-20	-0.339795006709137	0.797	0.703	5.50622193750059e-16	4	Bnip3l
1.71086246897762e-20	-0.414670012206896	0.839	0.768	5.52351948109424e-16	4	Map4k4
1.71296993533056e-20	-0.412788975867192	0.13	0.235	5.53032343621471e-16	4	Insr
2.10381333891549e-20	-0.614335282970517	0.407	0.468	6.79216136468867e-16	4	Oprm1
2.42172679998625e-20	-0.487080435713903	0.696	0.664	7.8185449737556e-16	4	Tbl1x
4.61255336412405e-20	-0.491042899362746	0.055	0.151	1.48916285360745e-15	4	Rflnb
6.51763052052702e-20	-0.551823310961432	0.208	0.301	2.10421701355215e-15	4	Kbtbd11
9.5438743162408e-20	-0.497960177581263	0.749	0.687	3.08123982299834e-15	4	Ubac2
1.07777291217255e-19	-0.492460682907005	0.041	0.131	3.47958984694908e-15	4	Nedd4l
2.46443939330167e-19	-0.341464320611218	0.818	0.758	7.95644258127445e-15	4	Eif5
3.08670479158105e-19	-0.436829104882055	0.098	0.199	9.96542641961941e-15	4	Pacsin1
3.14213123623268e-19	-0.334290333276703	0.098	0.197	1.01443706961772e-14	4	Rab6b
3.22107588799923e-19	-0.561922636939082	0.441	0.485	1.03992435044055e-14	4	Ttc3
3.25023971720502e-19	-0.531406434256476	0.529	0.536	1.04933989269964e-14	4	Rasgrp1
1.14150510790863e-18	-0.454198269084052	0.71	0.687	3.685349240883e-14	4	Chd7
1.20939320636053e-18	-0.602243894057812	0.548	0.555	3.90452596673497e-14	4	Hdac8
1.25830913540391e-18	-0.487074281948573	0.692	0.673	4.06245104365151e-14	4	Camk2d
1.67125088387376e-18	-0.582729979864453	0.572	0.604	5.39563347858643e-14	4	Vps37b
2.26629322255964e-18	-0.354704010153795	0.021	0.1	7.31672766903379e-14	4	Trat1
2.30235914948272e-18	-0.400348009676473	0.968	0.874	7.43316651410497e-14	4	Ptpn22
2.52470457210691e-18	-0.291345035135518	0.9	0.824	8.15100871104717e-14	4	Hectd1
3.19334455036188e-18	-0.393968230557615	0.718	0.675	1.03097128808433e-13	4	Ubn2
3.31902609470726e-18	-0.679025834587219	0.362	0.414	1.07154757467624e-13	4	Gm12840
3.35072821756889e-18	-0.61575276024053	0.568	0.563	1.08178260504212e-13	4	Fchsd2
3.48381521908193e-18	-0.529300923169391	0.468	0.482	1.1247497434806e-13	4	Elmsan1
3.74060896719143e-18	-0.365110047855948	0.761	0.694	1.20765560505775e-13	4	Kdm5a
3.86813518353832e-18	-0.360634658448539	0.046	0.133	1.24882744400535e-13	4	Fam49a
3.90724623919478e-18	-0.470831618524984	0.636	0.607	1.26145444832403e-13	4	Heca
4.10372179302893e-18	-0.396572891575492	0.69	0.633	1.32488658087939e-13	4	Sat1
4.24968356383116e-18	-0.37024910583273	0.836	0.754	1.37201033858289e-13	4	Cdk13
4.74656561816662e-18	-0.340592216244281	0.864	0.801	1.53242870982509e-13	4	Bptf
6.03587175580199e-18	-0.373690828006708	0.863	0.788	1.94868119636067e-13	4	Kmt2a
6.87934105757728e-18	-0.399868136773624	0.862	0.809	2.22099526043882e-13	4	Rhoh
1.16077352872226e-17	-0.348858753742546	0.902	0.836	3.74755733747982e-13	4	Cnot6l
1.44621618673833e-17	-0.342389355147472	0.952	0.944	4.66910895888469e-13	4	Runx1
1.46850815267513e-17	-0.283028181991353	0.972	0.938	4.74107857091165e-13	4	Nsd3
1.75757615144482e-17	-0.424858559805088	0.513	0.514	5.67433460493961e-13	4	Lmbrd1
2.08042313114828e-17	-0.529365388689913	0.943	0.889	6.71664607891222e-13	4	Cblb
2.53569297401679e-17	-0.383149072574343	0.21	0.292	8.18648476661321e-13	4	N4bp2l1
2.67593427529571e-17	-0.731850476256984	0.033	0.112	8.63925380779221e-13	4	Fgf13
3.02410879838546e-17	-0.394137251117364	0.826	0.768	9.76333525558745e-13	4	Rap1gds1
3.76264334718849e-17	-0.268903090327745	0.853	0.757	1.2147694046398e-12	4	Tcf25
4.01186339558309e-17	-0.600310188865812	0.862	0.771	1.295230097264e-12	4	Malt1
4.19893555247631e-17	-0.391473664741905	0.881	0.799	1.35562634311698e-12	4	Stat5b
4.46903093178265e-17	-0.487392278577906	0.531	0.531	1.44282663632603e-12	4	Zfp831
4.77653765319085e-17	-0.422285322408637	0.902	0.837	1.54210518133266e-12	4	Npc2
5.5650583784504e-17	-0.497055987930887	0.663	0.625	1.79667909748271e-12	4	Rfx7
6.17176254944684e-17	-0.500632159396339	0.704	0.641	1.99255353908891e-12	4	Mbd5
6.6499613957789e-17	-0.259477333454607	1	0.999	2.14694003662722e-12	4	Rpl13a
7.76627524856275e-17	-0.378496115326214	0.752	0.682	2.50734196399848e-12	4	Rinl
9.37755920513e-17	-0.311514239951082	0.851	0.775	3.02754498937622e-12	4	Eif4g3
1.06996315816925e-16	-0.527137083059791	0.479	0.5	3.45437605614942e-12	4	Nxpe3
1.11456043177217e-16	-0.262385824333523	0.885	0.783	3.59835835397645e-12	4	Paip2
1.55935232359201e-16	-0.465772544388396	0.299	0.362	5.0343689767168e-12	4	Ctse
1.98230002512435e-16	-0.55016012922015	0.092	0.182	6.39985563111397e-12	4	Sidt1
2.23215247237954e-16	-0.408795076288454	0.883	0.84	7.20650425707733e-12	4	Zeb1
2.41741366744442e-16	-0.373100495582644	0.841	0.776	7.80462002534431e-12	4	Jmjd1c
2.43608691653931e-16	-0.486419555588409	0.416	0.452	7.86490661004717e-12	4	9930111J21Rik2
2.52268775156731e-16	-0.457385535699473	0.64	0.616	8.14449740593507e-12	4	Ralgapa2
3.42879730073361e-16	-0.346946368051964	0.79	0.707	1.10698720854185e-11	4	Phf3
3.78615096528135e-16	-0.903871650103977	0.691	0.644	1.22235883914108e-11	4	Il7r
4.51962457265283e-16	-0.327528918067401	0.858	0.789	1.45916079328097e-11	4	Lnpep
4.71858858973081e-16	-0.633106412502506	0.279	0.356	1.52339632619459e-11	4	Igf1r
5.24048277636186e-16	-0.267385528169587	0.957	0.911	1.69188986434843e-11	4	Ppp1r12a
5.33918635288525e-16	-0.456278630830935	0.675	0.629	1.723756314029e-11	4	Baz2b
5.417578062714e-16	-0.774689434125547	0.49	0.518	1.74906507754721e-11	4	Bcl2
6.70552312087021e-16	-0.268506673213249	0.963	0.951	2.16487813957295e-11	4	Elmo1
7.24511213240025e-16	-0.395409808883358	0.836	0.758	2.33908445194542e-11	4	Tnrc6c
8.85855696313928e-16	-0.516171402126746	0.646	0.599	2.85998511554952e-11	4	Tbc1d1
1.21674767903129e-15	-0.383828666786547	0.929	0.84	3.92826988175251e-11	4	Sik3
1.27760285595242e-15	-0.36100803319716	0.043	0.121	4.1247408204424e-11	4	Ifi214
1.63087854312041e-15	-0.281695869528596	0.913	0.854	5.26529137646424e-11	4	Usp34
1.68204279781304e-15	-0.682796437521301	0.635	0.613	5.43047517273941e-11	4	Gm20275
2.92162301252266e-15	-0.470368294981766	0.09	0.176	9.43245989592942e-11	4	Klf3
2.9608469562408e-15	-0.507013747358605	0.603	0.591	9.55909439822341e-11	4	Insyn2b
3.13010196644753e-15	-0.4194407762782	0.684	0.612	1.01055341986758e-10	4	Atxn7
3.69973081957074e-15	-0.482909534496234	0.748	0.695	1.19445809509841e-10	4	Slco3a1
5.88646812972104e-15	-0.443203842722205	0.28	0.345	1.90044623568044e-10	4	Zhx2
7.50092740491694e-15	-0.544948117925398	0.532	0.522	2.42167441267743e-10	4	Txnip
7.50340936831502e-15	-0.409868316257227	0.428	0.445	2.4224757145605e-10	4	Klhl24
8.20402759971877e-15	-0.544116179095548	0.141	0.221	2.64867031056921e-10	4	Pdk1
9.32716592103761e-15	-0.385953901549666	0.135	0.217	3.01127551760699e-10	4	Gbp8
1.18739775667061e-14	-0.444221553389181	0.683	0.628	3.83351365741106e-10	4	Etnk1
1.57340728238751e-14	-0.352239850846898	0.872	0.806	5.07974541118807e-10	4	Tut4
1.58621642156685e-14	-0.374251157277745	0.771	0.693	5.12109971702859e-10	4	Aff4
1.75743342196227e-14	-0.418343219722813	0.844	0.753	5.6738738028052e-10	4	Akt3
1.78463868482455e-14	-0.434663536516003	0.699	0.635	5.76170599395604e-10	4	Usp25
1.92661932830556e-14	-0.3912330554955	0.645	0.602	6.22009050143451e-10	4	Akap9
2.25678155298915e-14	-0.467575930207724	0.701	0.646	7.28601924382546e-10	4	Chd3
2.47058569907838e-14	-0.551507042636806	0.238	0.312	7.97628592947454e-10	4	Ifi209
3.07005362504367e-14	-0.339647681974282	0.831	0.753	9.9116681284535e-10	4	Arid4a
3.89616958215327e-14	-0.32678905867846	0.799	0.712	1.25787834959818e-09	4	2410006H16Rik
4.01288780456672e-14	-0.352837804969354	0.804	0.739	1.29556082770437e-09	4	Vps13b
4.27544551905139e-14	-0.317343078259589	0.968	0.943	1.38032758582574e-09	4	Dock10
4.37086964885952e-14	-0.464188302028202	0.435	0.474	1.4111352661343e-09	4	BE692007
4.77443867583206e-14	-0.330924560562446	0.841	0.765	1.54142752649238e-09	4	Irf2
4.93932618362981e-14	-0.440383331275444	0.133	0.211	1.59466145838489e-09	4	Rreb1
5.12905839688529e-14	-0.43955424666417	0.612	0.555	1.65591650343442e-09	4	Chd6
5.54752219518732e-14	-0.37062615876823	0.372	0.408	1.79101754071623e-09	4	Akap8l
5.56796972441735e-14	-0.470421179780854	0.559	0.546	1.79761902552814e-09	4	Numb
5.97027876051064e-14	-0.66742685022538	0.19	0.259	1.92750449783086e-09	4	Galnt10
6.1035693782099e-14	-0.547380241272263	0.326	0.377	1.97053737375507e-09	4	Cd40lg
6.99204762369693e-14	-0.304646455595307	0.067	0.142	2.25738257531055e-09	4	Slc49a4
8.01499131671444e-14	-0.341845631309623	0.762	0.699	2.58763994660126e-09	4	Znrf2
1.02594544175609e-13	-0.415735336573956	0.841	0.763	3.31226485870955e-09	4	Stim1
1.06606100303977e-13	-0.415127779981744	0.265	0.324	3.44177794831391e-09	4	Abcg1
1.08384739239688e-13	-0.419573080794026	0.843	0.763	3.49920130635333e-09	4	Rps6ka3
1.15841657489492e-13	-0.303141341315498	0.883	0.773	3.73994791204825e-09	4	Wdr26
1.35763591400066e-13	-0.253268864537616	0.907	0.848	4.38312754835114e-09	4	Srsf5
1.41933538920293e-13	-0.351777455390046	0.051	0.121	4.58232430404167e-09	4	Mctp2
1.6690628674901e-13	-0.345609344536524	0.881	0.792	5.38856946769178e-09	4	Rab10
1.72328383058004e-13	-0.29561542431107	0.787	0.697	5.56362184702767e-09	4	Itgal
2.20008955452558e-13	-0.400988464056243	0.664	0.603	7.10298912678583e-09	4	Gimap8
2.53810310328067e-13	-0.341799646027554	0.828	0.738	8.19426586894163e-09	4	Itsn2
2.95207802019349e-13	-0.435536312303783	0.339	0.385	9.53078388819470e-09	4	Cd96
3.46076226418916e-13	-0.420069213732722	0.553	0.546	1.11730709699347e-08	4	Exoc6b
3.51750832764393e-13	-0.607001283798482	0.487	0.482	1.13562756357984e-08	4	Asap1
4.17912472449967e-13	-0.508574836285789	0.563	0.526	1.34923041730472e-08	4	Slc12a6
4.56851788989444e-13	-0.30138204881512	0.044	0.112	1.47494600075242e-08	4	Rtp4
4.78890767316582e-13	-0.488422507374596	0.426	0.444	1.54609884228159e-08	4	Ralgps2
5.05071616837168e-13	-0.439923535586402	0.696	0.641	1.6306237149588e-08	4	Atf7ip
5.05177886932639e-13	-0.531828932139316	0.559	0.548	1.63096680796202e-08	4	Tspan5
5.70090935705648e-13	-0.364296345678242	0.154	0.228	1.84053858592569e-08	4	Mylip
5.833711996232e-13	-0.421991313393899	0.802	0.726	1.8834139179835e-08	4	Zfp36l2
5.86071487374255e-13	-0.542626856600176	0.503	0.497	1.89213179698778e-08	4	Pced1b
5.9154377876869e-13	-0.424838578662022	0.631	0.583	1.90979908975472e-08	4	Ccny
7.5049023765442e-13	-0.380059070705175	0.836	0.77	2.4229577322673e-08	4	Aak1
9.19883929304681e-13	-0.355769083897834	0.598	0.562	2.96984526576016e-08	4	Kdm4c
9.63287691127379e-13	-0.30895763942635	0.83	0.72	3.10997431080474e-08	4	Smap1
1.02220284481514e-12	-0.270432655210765	0.846	0.76	3.30018188448569e-08	4	Arhgap30
1.03801375797416e-12	-0.264657571379073	0.862	0.756	3.35122741761956e-08	4	Nop53
1.06023206309217e-12	-0.449696801301737	0.538	0.515	3.42295921569308e-08	4	Senp7
1.46685257487475e-12	-0.383016143009184	0.298	0.362	4.73573353798311e-08	4	Kcnmb4
1.57679420778436e-12	-0.347316264291001	0.887	0.839	5.09068009983182e-08	4	Exoc4
1.65319027249878e-12	-0.345957494261315	0.706	0.625	5.33732479476232e-08	4	Esco1
1.68923538946125e-12	-0.625062759994887	0.234	0.306	5.45369645487566e-08	4	Ccr6
1.70979231957193e-12	-0.358192979277276	0.702	0.649	5.52006450373797e-08	4	Gtf2i
1.77361626306442e-12	-0.300500506604841	0.797	0.717	5.72612010530349e-08	4	Taok3
1.78117376716825e-12	-0.454080281120521	0.65	0.591	5.7505195073027e-08	4	Nlrc5
1.88062884373173e-12	-0.374607721188704	0.726	0.645	6.07161022198789e-08	4	Dgkd
2.1688481249323e-12	-0.363597657421265	0.672	0.601	7.00212617134392e-08	4	Sqstm1
2.19838345375497e-12	-0.315308598326104	0.747	0.663	7.09748098044794e-08	4	Arfgef1
2.58853887305545e-12	-0.717981050294329	0.241	0.301	8.35709775165952e-08	4	Rnf213
3.33000713713663e-12	-0.330306169843119	0.08	0.149	1.07509280422456e-07	4	Slc12a7
3.6195335299072e-12	-0.462254467148115	0.556	0.522	1.16856640013054e-07	4	Nt5dc1
4.25343464693599e-12	-0.268827698990082	0.927	0.878	1.37322137576328e-07	4	Chd2
5.11748549179628e-12	-0.343062706814135	0.388	0.407	1.65218019102643e-07	4	Itm2c
5.86875374171368e-12	-0.326479455577005	0.75	0.686	1.89472714551226e-07	4	Tnks2
6.3445041739979e-12	-0.486859719699271	0.335	0.391	2.04832317257522e-07	4	Cers6
7.12137595198644e-12	-0.347330331171335	0.703	0.626	2.29913622609882e-07	4	Csnk1g1
8.14513090138019e-12	-0.603921722405148	0.589	0.571	2.62965551151059e-07	4	Gramd3
9.47581831829353e-12	-0.324416465306223	0.155	0.224	3.05926794406107e-07	4	Pnpla7
1.12747029468928e-11	-0.35471275819793	0.802	0.692	3.64003784640436e-07	4	Csnk1g3
1.31250418678032e-11	-0.312210384088553	0.792	0.71	4.23741976702025e-07	4	Rbbp6
1.35785603820334e-11	-0.416923177276931	0.702	0.633	4.38383821933948e-07	4	Mrtfa
1.37109049437465e-11	-0.354578473269689	0.705	0.624	4.42656566108857e-07	4	Lonp2
1.56801855073973e-11	-0.421636164958318	0.19	0.256	5.06234789106323e-07	4	Samd9l
1.63259193189606e-11	-0.355452747611762	0.091	0.159	5.27082305212642e-07	4	Tmlhe
1.66625296187957e-11	-0.293539685139587	0.799	0.689	5.37949768742819e-07	4	Rbm5
1.77666105913463e-11	-0.48309338047497	0.545	0.523	5.73595022941616e-07	4	Scaper
1.86660547997114e-11	-0.386440461234774	0.668	0.621	6.02633579208682e-07	4	Tle4
1.90523894048595e-11	-0.426801165297044	0.874	0.778	6.1510639193589e-07	4	Ldlrad4
2.05245024161126e-11	-0.378443901373918	0.758	0.691	6.62633560504195e-07	4	Gphn
2.06844046631883e-11	-0.293303520537987	0.806	0.703	6.67796004551033e-07	4	Tut7
2.33321282465971e-11	-0.319671212511087	0.874	0.82	7.53277760441388e-07	4	Pip4k2a
2.41262874081058e-11	-0.404326333607177	0.18	0.244	7.78917188970695e-07	4	Ddx58
3.0693021419497e-11	-0.335076203174234	0.093	0.16	9.90924196528462e-07	4	Gm20559
3.13764607410879e-11	-0.344288476421409	0.673	0.61	1.01298903502602e-06	4	Hdac4
3.26830010862354e-11	-0.493418914464505	0.372	0.395	1.05517069006911e-06	4	Atp8a1
3.54676934990946e-11	-0.510396007700028	0.517	0.519	1.14507448461827e-06	4	Neurl3
4.72626241985594e-11	-0.378444717346923	0.709	0.677	1.52587382225049e-06	4	Smyd3
4.76292198943535e-11	-0.305831214531846	0.739	0.652	1.5377093642892e-06	4	Helz
5.46852548195813e-11	-0.352651709077154	0.638	0.6	1.76551345185018e-06	4	Raet1e
5.88141236468128e-11	-0.400725723317318	0.6	0.569	1.89881398193735e-06	4	Sh2d1a
5.97098064556267e-11	-0.315522595224576	0.845	0.755	1.92773110141991e-06	4	Nfatc3
6.16080303405682e-11	-0.277638954219434	0.898	0.818	1.98901525954524e-06	4	Ankrd17
9.08774720400994e-11	-0.362775090720167	0.591	0.546	2.93397918481461e-06	4	Pcmtd1
9.51549312896757e-11	-0.416835407678223	0.805	0.711	3.07207695668718e-06	4	Tcf20
1.09769376632318e-10	-0.395156129001375	0.589	0.55	3.5439043245744e-06	4	Mbp
1.16541486367683e-10	-0.448626163168863	0.22	0.284	3.76254188738065e-06	4	Btla
1.23588090193043e-10	-0.373256165311013	0.677	0.614	3.99004149188238e-06	4	Zyg11b
1.24788095678975e-10	-0.444672843944839	0.724	0.644	4.0287836689957e-06	4	Aff1
1.50252577069382e-10	-0.319723347663414	0.571	0.524	4.85090445068499e-06	4	Tprgl
1.5178074631199e-10	-0.30002146719327	0.746	0.656	4.90024139468259e-06	4	Ythdf3
1.75113684151271e-10	-0.429121917176782	0.177	0.237	5.65354529282378e-06	4	Il6ra
1.94085783424853e-10	-0.351396800459567	0.65	0.597	6.26605951787138e-06	4	Hpcal1
2.15799868889319e-10	-0.338345633831955	0.593	0.538	6.96709876709168e-06	4	Baz2a
2.1620674559245e-10	-0.520620461434642	0.507	0.49	6.98023478145224e-06	4	Parp14
2.284613577399e-10	-0.323592308643685	0.829	0.74	7.37587493463266e-06	4	Arhgef1
2.65282268058055e-10	-0.443959931391779	0.205	0.261	8.56463802425432e-06	4	Cdyl2
2.77918974039666e-10	-0.253085505004419	0.836	0.763	8.9726140768706e-06	4	H2-T23
2.88016657269332e-10	-0.297779952722398	0.849	0.756	9.29861777994037e-06	4	Smg1
3.10038043214593e-10	-0.359598000130208	0.61	0.567	1.00095782251831e-05	4	Tspan32
3.43697036568266e-10	-0.404973046822806	0.504	0.476	1.10962588256065e-05	4	Rnf145
3.63936549160879e-10	-0.516692730117761	0.094	0.168	1.1749691489659e-05	4	Xist
3.8421487139687e-10	-0.37104058197808	0.703	0.622	1.2404377123048e-05	4	Asxl2
4.28477508717438e-10	-0.338451797804538	0.866	0.778	1.38333963689425e-05	4	Zswim6
4.78671741864853e-10	-0.391725667468467	0.684	0.589	1.54539171861068e-05	4	Zmynd8
5.23394610172128e-10	-0.286784904297638	0.751	0.67	1.68977949894071e-05	4	Fam193a
5.59091468348226e-10	-0.477165218026851	0.49	0.465	1.80502680556225e-05	4	Stambpl1
6.18262229621818e-10	-0.374500175719013	0.432	0.431	1.99605960833404e-05	4	Sp110
7.46020297428955e-10	-0.356003263497234	0.519	0.49	2.40852653024938e-05	4	Vsir
1.02902111839424e-09	-0.363398764261119	0.349	0.373	3.32219468073579e-05	4	Lax1
1.15572773472453e-09	-0.354438474369201	0.878	0.795	3.73126699155816e-05	4	Fli1
1.36367051392216e-09	-0.423202660510084	0.636	0.571	4.4026102541977e-05	4	Tob2
1.49010726037239e-09	-0.34356518527595	0.173	0.232	4.81081129011227e-05	4	4930417O13Rik
1.49519307420086e-09	-0.30068174691665	0.818	0.747	4.82723084005747e-05	4	Cyth1
1.98387121406099e-09	-0.347554302867834	0.823	0.74	6.40492821459592e-05	4	Atp11b
2.04573597382967e-09	-0.726116912731515	0.268	0.303	6.60465859150909e-05	4	Pag1
2.16595543279529e-09	-0.349770173798328	0.603	0.539	6.9927871147796e-05	4	Parp4
2.20047075867787e-09	-0.313385813523992	0.28	0.316	7.10421984439151e-05	4	Pcmtd2
2.42948232009905e-09	-0.287749792151033	0.872	0.762	7.84358367043977e-05	4	Senp6
2.49068594503927e-09	-0.346447128582618	0.669	0.595	8.04117957355927e-05	4	Kdm6a
2.72693447701177e-09	-0.420310857936885	0.405	0.41	8.8039079590325e-05	4	Gm16158
2.84954786176052e-09	-0.27700117516484	0.871	0.784	9.19976527169383e-05	4	Zfand3
2.93262115468976e-09	-0.268563393361793	0.891	0.787	9.46796739791587e-05	4	Ythdc1
3.03527216560905e-09	-0.475126138942066	0.837	0.721	9.79937618666883e-05	4	Crlf3
3.14296104950863e-09	-0.420918931436197	0.625	0.57	0.000101470497483386	4	Kat6b
3.222095800616e-09	-0.506056385463482	0.618	0.555	0.000104025362922888	4	Pacs1
3.98286789369655e-09	-0.261329992729244	0.811	0.711	0.000128586889947993	4	Cdkn1b
4.12033765246713e-09	-0.308690145496443	0.423	0.411	0.000133025101109901	4	Sidt2
4.35180331293004e-09	-0.321020123352353	0.638	0.578	0.000140497969957946	4	Rsbn1
4.37817160461007e-09	-0.342967182470803	0.064	0.118	0.000141349270254836	4	Mob3b
4.82790238646989e-09	-0.276325726810251	0.813	0.701	0.00015586882854718	4	Nufip2
5.33607525343577e-09	-0.398955936108804	0.188	0.241	0.000172275189557174	4	Slfn8
5.48822294631446e-09	-0.330238298320526	0.682	0.619	0.000177187277821762	4	Ralgapa1
5.74539037442459e-09	-0.254767883175993	0.999	0.999	0.000185489928238298	4	Rpl12
6.52302070006494e-09	-0.252204272246874	0.208	0.133	0.000210595723301597	4	Ccl4
6.63305123962092e-09	-0.287635120703893	0.831	0.732	0.000214148059271161	4	Rsf1
7.33455228612089e-09	-0.319649400440386	0.901	0.835	0.000236796020557413	4	Znrf1
7.85015347418979e-09	-0.32135299564004	0.313	0.338	0.000253442204914218	4	Ccpg1
9.03222995073757e-09	-0.342479530185691	0.542	0.508	0.000291605543959562	4	Smim14
9.26383617567501e-09	-0.391309436742435	0.293	0.336	0.000299082950931668	4	Bcl2l11
9.68079382477268e-09	-0.306816670365445	0.713	0.65	0.000312544428632786	4	Prex1
9.85152315617789e-09	-0.324445921197415	0.222	0.28	0.000318056425097203	4	Bcl6
9.89041234163011e-09	-0.362744075476048	0.883	0.81	0.000319311962449528	4	Arid5b
1.06591606358355e-08	-0.35256643014378	0.664	0.577	0.00034413100112795	4	Eif4a2
1.11162437829608e-08	-0.364720936227506	0.864	0.777	0.000358887930532889	4	Foxo1
1.11485811940281e-08	-0.409541816992129	0.613	0.551	0.000359931943849198	4	Cflar
1.19752048596817e-08	-0.384955668943169	0.389	0.406	0.000386619488894825	4	Klf7
1.23557022564004e-08	-0.317539523449213	0.734	0.637	0.000398903847347887	4	Trip11
1.48812951307945e-08	-0.394849767290421	0.298	0.341	0.000480442613297701	4	Vav3
1.59183604217297e-08	-0.356947516130892	0.787	0.684	0.000513924266215542	4	Nfatc1
1.77726400788089e-08	-0.292584065887581	0.746	0.717	0.000573789684944344	4	Stat4
1.86824705810464e-08	-0.304891145001224	0.882	0.798	0.000603163562709083	4	Dip2b
1.97949642060703e-08	-0.418449467970166	0.751	0.649	0.000639080419392979	4	Ccm2
2.00121536537169e-08	-0.266051412613231	0.837	0.722	0.00064609238071025	4	March7
2.04430245126272e-08	-0.29318133631514	0.792	0.744	0.00066000304639017	4	Dennd1a
2.17311732701389e-08	-0.271617665236985	0.855	0.735	0.000701590929026434	4	Zfand6
2.30208576914629e-08	-0.54403295997746	0.236	0.285	0.00074322839056888	4	4933406I18Rik
2.32285268846803e-08	-0.252775600191399	0.059	0.109	0.000749932990471905	4	Bcl9
2.8377440341326e-08	-0.365982997286389	0.565	0.523	0.000916165661419711	4	Ubash3a
3.33026095433841e-08	-0.347952682514779	0.718	0.633	0.00107517474910815	4	Uvrag
3.63514963564822e-08	-0.26853836679976	0.162	0.212	0.00117360805986903	4	Trim34a
4.04034075377661e-08	-0.483629507540077	0.584	0.557	0.00130442401235678	4	Airn
4.07469697394272e-08	-0.331022794382113	0.373	0.38	0.00131551591803741	4	Orai2
4.27521235824538e-08	-0.43708975454871	0.27	0.314	0.00138025230985952	4	Vmn2r96
4.32466585031994e-08	-0.654609252574919	0.149	0.201	0.00139621836977579	4	Isg15
4.49087109710041e-08	-0.376519198008348	0.473	0.448	0.00144987773369887	4	Usp32
4.85169236106065e-08	-0.340199906822938	0.752	0.634	0.00156636887876843	4	Coq10b
5.28726426639069e-08	-0.379029427917119	0.642	0.565	0.00170699326840423	4	Herc4
6.34466546264879e-08	-0.405811430964516	0.315	0.341	0.00204837524461616	4	Shld1
7.06166688850888e-08	-0.280273158992995	0.187	0.233	0.00227985915495509	4	Fbxo32
7.32353940043148e-08	-0.298419122533764	0.808	0.699	0.0023644046954293	4	Strn3
8.08046431681014e-08	-0.261680064779216	0.873	0.772	0.00260877790468216	4	Stk10
8.24325593521182e-08	-0.39088127662532	0.295	0.322	0.00266133517868314	4	Gm12185
8.57421483732823e-08	-0.256505208295826	0.845	0.733	0.00276818526023142	4	Usp9x
8.82265084603431e-08	-0.348978544673527	0.6	0.527	0.00284839282564218	4	Smad4
9.21216222278933e-08	-0.253931226712573	0.894	0.79	0.00297414657362754	4	Cul3
9.22904330476922e-08	-0.369360061164585	0.576	0.523	0.00297959663094474	4	Vps13a
9.46759776502914e-08	-0.377038368287507	0.136	0.194	0.00305661393843966	4	Sell
9.64249008783917e-08	-0.370046710827938	0.48	0.457	0.00311307792485888	4	Bmt2
9.78189447246878e-08	-0.270968771829399	0.786	0.672	0.00315808463043655	4	Ppp4r3b
1.32017532192876e-07	-0.557045829022493	0.521	0.5	0.00426218602684699	4	Phactr2
1.53721577234208e-07	-0.363800618766473	0.816	0.748	0.00496290112100641	4	Nr3c1
1.83838045139397e-07	-0.385555741978034	0.283	0.32	0.00593521128732543	4	Tgfbr3
2.10795330561889e-07	-0.360723635629334	0.621	0.561	0.00680552724719058	4	Cdkal1
2.30070974814557e-07	-0.25122928399556	0.141	0.189	0.00742784142188797	4	A630023P12Rik
2.33467508262223e-07	-0.472572036111363	0.529	0.496	0.00753749850424586	4	Ppp3ca
3.0006302652277e-07	-0.324979744545711	0.707	0.617	0.00968753481128764	4	Itch
3.16099089271473e-07	-0.272951184735576	0.227	0.271	0.0102052590971295	4	Sorl1
3.41768074357941e-07	-0.28670154002512	0.814	0.696	0.0110339822806461	4	Cdk12
3.69648021124872e-07	-0.442729698979226	0.358	0.359	0.0119340863620165	4	Rsu1
3.89290837435964e-07	-0.327626341034165	0.552	0.505	0.0125682546866201	4	Fcho2
3.92973132253901e-07	-0.252613020779862	0.773	0.655	0.0126871375748172	4	Scp2
3.96636029421946e-07	-0.328704072214636	0.603	0.53	0.0128053942098875	4	Atf2
4.0915516577974e-07	-0.296220986764646	0.666	0.593	0.0132095745271989	4	Sik1
4.27410587516993e-07	-0.381144040872855	0.358	0.36	0.0137989508179861	4	Trim12c
4.52311295427357e-07	-0.38867888707411	0.481	0.458	0.0146028701728722	4	Bbx
4.98993432790721e-07	-0.279274618849039	0.125	0.173	0.0161100029776484	4	Ms4a6c
6.49494080738953e-07	-0.296422179006517	0.237	0.271	0.0209689163966571	4	Vamp1
7.99341047739557e-07	-0.27208691646078	0.164	0.205	0.0258067257262716	4	Zdhhc17
8.98518199335704e-07	-0.309011073687157	0.72	0.624	0.0290086600655532	4	Atad2b
9.32756711519551e-07	-0.259664183773818	0.868	0.768	0.0301140504314087	4	Pum2
9.5349545338334e-07	-0.600421500914795	0.605	0.545	0.0307836007124811	4	Arhgef18
1.02632329941464e-06	-0.287642806432251	0.575	0.513	0.0331348477216015	4	Rnf166
1.1936378691289e-06	-0.282679020229476	0.78	0.665	0.0385365986048264	4	Bod1l
1.19885366092528e-06	-0.308298308262699	0.731	0.622	0.0387049904429727	4	Apc
1.20014319508262e-06	-0.311575371121125	0.729	0.625	0.0387466230532423	4	Rictor
1.34822582809611e-06	-0.457323713169496	0.836	0.743	0.043527470860083	4	Stat1
1.42742989931823e-06	-0.403033134265556	0.392	0.381	0.0460845742994889	4	Cd2ap
1.48514756622032e-06	-0.271030989561963	0.769	0.662	0.0479479891754229	4	Ube3a
1.53499858095128e-06	-0.262356459125424	0.772	0.67	0.0495574291860121	4	Ncoa3
1.64229193446606e-06	-0.340548619942273	0.448	0.423	0.0530213951042368	4	Zmym2
1.7007039464392e-06	-0.279319522859041	0.775	0.673	0.0549072269107894	4	Dlg1
1.7084437484156e-06	-0.355840968848592	0.729	0.63	0.0551571064175976	4	Btbd9
1.71632578837344e-06	-0.379048909208095	0.492	0.449	0.0554115780776365	4	Gm48678
2.01426925128909e-06	-0.491733594693406	0.65	0.6	0.0650306827778683	4	Nr4a3
2.01727089898833e-06	-0.386289695017997	0.29	0.311	0.0651275909738381	4	L3mbtl3
2.02984107502479e-06	-0.314290050589816	0.301	0.314	0.0655334191071753	4	Fam189b
2.12196763355102e-06	-0.328077808226161	0.788	0.677	0.0685077250491947	4	Rcor1
2.26378449112905e-06	-0.402256624398843	0.646	0.58	0.0730862822961014	4	Sipa1l1
2.38662842990809e-06	-0.434680152222307	0.715	0.629	0.0770522988595827	4	Trerf1
2.49273245899554e-06	-0.264395130981272	0.714	0.614	0.0804778674386711	4	Ttc14
2.52231291618127e-06	-0.298161836459206	0.862	0.744	0.0814328724989122	4	Med13
2.61336802693705e-06	-0.316322690712296	0.582	0.507	0.0843725867496625	4	Tmem131
2.79598183959056e-06	-0.283875749017033	0.75	0.633	0.0902682736911814	4	Mta3
2.87421922498512e-06	-0.395962896613882	0.348	0.348	0.0927941676786447	4	Dcaf6
3.88521146450715e-06	-0.273009727243262	0.207	0.239	0.125434052131613	4	Gm30054
3.92585926039642e-06	-0.265253958024748	0.849	0.733	0.126746366221899	4	Wipf1
4.17970051957779e-06	-0.250428767585469	0.858	0.748	0.134941631274569	4	Orai1
4.24872967454569e-06	-0.268154377500826	0.784	0.661	0.137170237542708	4	Tnrc6a
4.40284394122516e-06	-0.379575571209128	0.492	0.449	0.142145816642454	4	Zup1
4.63597983358593e-06	-0.321082032907074	0.432	0.412	0.149672608927322	4	Syne1
5.23102450018919e-06	-0.277135761761457	0.858	0.772	0.168883625988608	4	Phf20l1
5.72418229518118e-06	-0.351305541038478	0.519	0.474	0.184805225399924	4	Chd9
5.83307879386182e-06	-0.342137768691897	0.637	0.552	0.188320948859829	4	Fars2
6.56088389676907e-06	-0.405906454575161	0.229	0.264	0.21181813660719	4	Ccr7
7.11699290072275e-06	-0.308324054973077	0.574	0.497	0.229772115799834	4	Avl9
7.46385434807129e-06	-0.276995778084222	0.689	0.59	0.240970537627482	4	Prdm2
7.97677689021076e-06	-0.294505464297674	0.257	0.278	0.257530241900454	4	Ikbke
8.55380057775992e-06	-0.274437347671102	0.633	0.547	0.276159451652979	4	Ctss
8.56855917337567e-06	-0.341052233949356	0.747	0.662	0.276635932912433	4	Samhd1
8.60843352461946e-06	-0.330743512667375	0.473	0.438	0.277923276342339	4	Brwd1
8.81620979761297e-06	-0.420426391774679	0.779	0.669	0.284631333315935	4	Rgs2
9.25814656089818e-06	-0.261074503257181	0.091	0.131	0.298899261718598	4	Map2k6
1.07754215941535e-05	-0.254656633676296	0.763	0.662	0.347884486167245	4	Chd1
1.10058369768705e-05	-0.32859449227252	0.669	0.571	0.355323446798263	4	Usp38
1.20958790012319e-05	-0.263908668195065	0.11	0.148	0.390515453554772	4	Lrrc1
1.24346327013753e-05	-0.32620963134421	0.626	0.551	0.401452116763901	4	Arhgap25
1.27276001180035e-05	-0.517162089160397	0.407	0.385	0.410910569809744	4	Dusp10
1.31624406452615e-05	-0.295817222654478	0.598	0.52	0.424949396232266	4	Map3k2
1.40981198220754e-05	-0.266359998978532	0.735	0.633	0.455157798455705	4	Atp9b
1.42553314019547e-05	-0.299305293214883	0.617	0.569	0.460233374312107	4	Trp53inp1
1.82244400023943e-05	-0.29894066252376	0.685	0.584	0.5883760454773	4	Rbm33
2.02802843119723e-05	-0.322769311273131	0.546	0.501	0.654748979012027	4	4930444A19Rik
2.60935327816627e-05	-0.322750506428799	0.197	0.222	0.842429705855982	4	Rassf2
2.86576338853561e-05	-0.287510602964604	0.711	0.611	0.925211709988723	4	Rftn1
2.88757464015872e-05	-0.27637426434763	0.663	0.569	0.932253472575242	4	Grap
2.96378074044481e-05	-0.301132313171502	0.827	0.7	0.956856612052606	4	Atxn7l1
2.98009195531764e-05	-0.298737522567343	0.155	0.188	0.9621226877743	4	Ifngr2
3.32893595474016e-05	-0.374775751190819	0.553	0.493	1	4	Fto
3.38767817685113e-05	-0.479240283433612	0.443	0.436	1	4	Mpp7
3.43786071464929e-05	-0.358293451125556	0.658	0.596	1	4	Diaph2
3.66639671457672e-05	-0.36975404426709	0.415	0.401	1	4	Gm2245
3.70830316584669e-05	-0.38816405633948	0.346	0.344	1	4	Tmem71
3.85384278898774e-05	-0.264053473884274	0.607	0.528	1	4	Zfas1
4.13308695321132e-05	-0.328356123427098	0.572	0.498	1	4	Dmxl1
4.17833601999853e-05	-0.300919873746115	0.837	0.617	1	4	Il18r1
4.28172797293318e-05	-0.292281015478431	0.227	0.246	1	4	Fbxw4
4.45656064035358e-05	-0.322396073473345	0.514	0.452	1	4	Il27ra
5.05531599954213e-05	-0.437624323826054	0.53	0.373	1	4	Adk
5.57937898349235e-05	-0.324989199711605	0.637	0.552	1	4	Xpr1
6.51035139551663e-05	-0.311611686817928	0.141	0.177	1	4	Acvr2a
7.06882372064454e-05	-0.285596833106001	0.718	0.613	1	4	Xrn1
7.45022029059945e-05	-0.274261690529627	0.668	0.591	1	4	Irf2bp2
7.58791213927218e-05	-0.366681714385846	0.46	0.442	1	4	Lrig1
7.98497766689581e-05	-0.318525447610436	0.725	0.65	1	4	Epb41
9.31179738563658e-05	-1.26808124775682	0.363	0.264	1	4	Ccl5
9.52424801549767e-05	-0.287955206297926	0.244	0.257	1	4	Lipa
9.57459317646988e-05	-0.329608176074132	0.521	0.463	1	4	Ppp1r15a
9.61051261821549e-05	-0.293723362631331	0.113	0.15	1	4	Ar
9.9684612478203e-05	-0.267912061956746	0.585	0.511	1	4	B4galnt1
0.00010480697179267	-0.39619345229042	0.677	0.58	1	4	Pik3cd
0.000106543081274095	-0.363121037287063	0.452	0.441	1	4	Ckb
0.000111195617655592	-0.447085036070314	0.371	0.357	1	4	Bzw2
0.000121391803560028	-0.281962533454153	0.145	0.173	1	4	Dennd2d
0.000127969920430288	-0.355134993489013	0.207	0.239	1	4	Nav2
0.000131576087967206	-0.291369402282195	0.766	0.66	1	4	Vti1a
0.000132756448848196	-0.376632320274042	0.587	0.514	1	4	Rapgef2
0.000135412357911122	-0.369080807186509	0.485	0.445	1	4	Lyst
0.000141797708655636	-0.454172333559227	0.378	0.354	1	4	Zfp652
0.000188795439272292	-0.267043941478649	0.493	0.367	1	4	Cxcr6
0.000195650862288438	-0.253554307485028	0.51	0.444	1	4	Plcg1
0.00020794979010922	-0.284968399670729	0.354	0.341	1	4	Thap3
0.000224054447984341	-0.311193081558409	0.632	0.538	1	4	Arhgef6
0.000233877425827247	-0.288253692305762	0.348	0.343	1	4	Slc28a2
0.000251758649202923	-0.480567291991764	0.634	0.562	1	4	Abtb2
0.000254440239875041	-0.259564225017843	0.388	0.368	1	4	Tle3
0.00027379280666028	-0.260424955052932	0.734	0.613	1	4	Pura
0.000289084967806781	-0.425008835550429	0.805	0.694	1	4	Adamts6
0.000296891904731392	-0.398555923589953	0.21	0.227	1	4	Calcrl
0.000304594616983609	-0.279985545942275	0.825	0.728	1	4	Arid1a
0.000340819567133276	-0.256136054513126	0.16	0.189	1	4	Gab3
0.000396734545654559	-0.3203670441124	0.566	0.489	1	4	Zmynd11
0.00047639618788931	-0.300880328044898	0.592	0.506	1	4	Galnt6
0.0004802010875422	-0.254783496046276	0.799	0.683	1	4	Lims1
0.000490984681471715	-0.57928925561442	0.581	0.521	1	4	Pde3b
0.000538744820058281	-0.290811538962382	0.593	0.543	1	4	Fosl2
0.000594942014128545	-0.253748061785911	0.714	0.603	1	4	Mef2a
0.00060283729236965	-0.378078478440857	0.255	0.263	1	4	Bicdl1
0.000636787829771314	-0.32798781473923	0.355	0.335	1	4	Trim14
0.00065183892317405	-0.323206726040625	0.388	0.363	1	4	Dnmt3a
0.000653909080780104	-0.460008140416431	0.48	0.429	1	4	Rfx3
0.000695686407214924	-0.26616880294873	0.458	0.404	1	4	Fam53b
0.00072250893401319	-0.251281711409742	0.642	0.529	1	4	Tgoln1
0.000722525206975354	-0.281751659527732	0.2	0.215	1	4	Gm15563
0.00076370504892599	-0.322846584487443	0.305	0.304	1	4	Foxo3
0.000820749375244487	-0.261837975623439	0.497	0.433	1	4	Ttc19
0.000821067349069118	-0.368518174327381	0.539	0.471	1	4	Herc3
0.000936591387375088	-0.345272216649414	0.905	0.774	1	4	Ikzf3
0.00101254362431828	-0.255750162788305	0.289	0.292	1	4	Manba
0.00109792900575227	-0.325931379045014	0.478	0.42	1	4	Slc44a2
0.00117010569438656	-0.27380740001566	0.454	0.405	1	4	Stx16
0.00129139317769867	-0.274770178427853	0.802	0.716	1	4	Pecam1
0.00154085876658171	-0.299495306607118	0.518	0.438	1	4	Elk4
0.00156334243794977	-0.305601532449664	0.438	0.389	1	4	Slc25a12
0.00172429791127119	-0.261187223848595	0.739	0.604	1	4	Stx8
0.00178396708792781	-0.258424587061675	0.825	0.712	1	4	Nfat5
0.00187702932046814	-0.3636658144417	0.367	0.345	1	4	Kif1b
0.00196671024510855	-0.28437328003605	0.645	0.53	1	4	Cd164
0.00199610488641631	-0.282207978352239	0.432	0.39	1	4	Pnpla8
0.0020925402809785	-0.31536403046879	0.584	0.487	1	4	Ikbkb
0.0021575135630085	-0.293652908733804	0.389	0.362	1	4	Exoc6
0.0024992850780408	-0.37497337050211	0.19	0.135	1	4	A330040F15Rik
0.00254960525914297	-0.263068412567869	0.141	0.159	1	4	Als2cl
0.00269197563099348	-0.267419920709106	0.779	0.633	1	4	Phf14
0.00273693705483196	-0.261356080288502	0.238	0.245	1	4	Lats2
0.00294894820350579	-0.312746666461809	0.361	0.343	1	4	Mfhas1
0.00326073733514042	-0.250386531024023	0.775	0.643	1	4	Ppp2r5a
0.00363691718185704	-0.26392981300158	0.237	0.241	1	4	Trim56
0.00379467832376376	-0.265534312955363	0.481	0.414	1	4	Max
0.00410470762378345	-0.252617531762802	0.772	0.65	1	4	Man2a1
0.00412127672579516	-0.267681541794348	0.097	0.121	1	4	Chn2
0.00435409175354997	-0.269560822980939	0.745	0.619	1	4	Zfp644
0.00457986991022064	-0.391591364353787	0.447	0.403	1	4	Xrcc4
0.00460833193870041	-0.3271182827372	0.353	0.348	1	4	Uty
0.00470605755957091	-0.27790129398247	0.087	0.111	1	4	Itgb8
0.00551075280332728	-0.290170958668732	0.641	0.547	1	4	Mbtd1
0.00558152313497345	-0.258222427152014	0.341	0.316	1	4	Rnf167
0.00562516956206083	-0.314600962039659	0.282	0.274	1	4	Pcca
0.00592745344441664	-0.253293841528899	0.549	0.471	1	4	Slc6a6
0.00613673338053886	-0.265933206043143	0.202	0.213	1	4	Xaf1
0.00680783804682832	-0.275817246638207	0.702	0.571	1	4	Nup153
0.00680939821872416	-0.256996662123736	0.348	0.321	1	4	Snrk
0.00691645149452661	-0.270758463751423	0.68	0.547	1	4	Upf2
0.0072098844164337	-0.341005289809946	0.593	0.524	1	4	Tbc1d5
0.00751379345311648	-0.306315411378768	0.623	0.537	1	4	Ncoa1
0.00762836677652525	-0.365267846417601	0.294	0.277	1	4	Fam78a
0.00803047765813719	-0.273188520785596	0.333	0.32	1	4	Tmem64
0.00827512741656678	-0.274128761208483	0.557	0.473	1	4	Map2k4
0.00858314577330169	-0.281450765908626	0.571	0.476	1	4	Cir1
0.0086950603389248	-0.296070495541508	0.414	0.375	1	4	Map3k14
0.00871587788522514	-0.267633136930259	0.738	0.614	1	4	Tlk1
0.00878846177255139	-0.286443783412127	0.701	0.604	1	4	Glcci1
0.00896645611328927	-0.262181738097047	0.41	0.373	1	4	Igflr1
0.00932713331973781	-0.297580303483463	0.664	0.541	1	4	Mapk14
0.00986953132576775	-0.276318128197072	0.463	0.4	1	4	AC149090.1
0.00988563318099418	-0.288438369550375	0.547	0.465	1	4	Cept1
0.00995078609644914	-0.295784897839324	0.618	0.506	1	4	Otulinl
